5610 5932 5851
6027 5719 2975
5719 3077 2975
6029 2975 3077
6564 5718 6483
6254 6483 6171
6564 6483 6254
5932 6171 5851
6254 6171 5932
5610 5612 5932
5717 5719 6027
5716 5610 5851
5610 5286 5612
5612 5286 6028
5286 5195 6028
5195 5286 6026
6027 2970 5717
6027 2974 2970
6025 2970 2974
6030 5718 6564
5723 2323 2321
6033 2323 5723
6030 6032 5720
5720 6032 5722
3077 5719 2971
5721 6031 6029
5721 6029 3077
2971 5721 3077
6030 5720 5718
5715 2970 6025
6487 6030 6564
6254 6487 6564
6254 6173 6487
5932 6173 6254
5932 5855 6173
5612 5855 5932
5612 5525 5855
5525 5612 6028
6021 5709 5711
5710 5918 5850
5520 5918 5598
5850 5918 5520
5712 5520 5278
5520 5598 5278
5598 5194 5278
5598 6020 5194
5194 6022 5278
6021 6019 5709
6023 2973 3061
5708 6234 6170
6234 5914 5918
6234 5918 5710
6170 6234 5710
5918 5914 5598
5598 5914 5524
5914 6018 5524
5524 6020 5598
5715 6023 3061
5610 5716 5521
5282 5286 5610
5282 5610 5521
5714 5282 5521
6026 5282 6024
6026 5286 5282
3061 5713 2969
5715 6025 6023
2323 2617 2321
2969 5715 3061
5714 5278 5282
5712 5278 5714
6024 5278 6022
6024 5282 5278
5711 5713 6021
6021 5713 2973
5713 3061 2973
6584 6489 5730
7421 7419 7111
7111 7419 7109
7111 7109 6797
6797 7109 6896
7109 5732 6896
6797 6896 6042
6043 6041 5731
6043 5731 5733
6896 5732 6795
7774 7705 6044
6489 6042 5730
6042 6795 5730
6042 6896 6795
6489 6584 6040
6039 1124 1105
5729 5731 6041
5729 6041 1105
1124 5729 1105
8227 6046 5734
8647 8449 6048
8694 8647 6048
8447 6046 8449
8447 5734 6046
6045 7774 7707
7707 7774 6044
6047 6043 5733
6047 5733 5735
6584 5730 6485
8229 6046 8227
8229 8227 7977
7977 8227 7975
7977 7975 7705
7977 7705 7774
6045 7977 7774
7705 7419 7421
7705 7421 6044
5723 2035 2108
6035 2108 2114
5725 2114 2108
5727 2114 5725
5724 6572 6484
6036 5726 6034
6034 5726 6572
5726 6484 6572
6033 5723 6035
6035 5723 2108
6035 2114 6037
2108 2035 5725
5724 5722 6032
5724 6032 6488
6572 5724 6488
6488 6034 6572
5721 2619 6031
5721 2617 2619
2619 2617 2323
1525 1763 1521
6038 6040 5728
5728 6040 6485
6040 6584 6485
6037 2114 2037
1765 2037 1763
1763 2037 5727
2037 2114 5727
1765 1763 1525
6019 6017 5707
1525 1521 1303
1303 1521 1299
1303 1299 1101
1303 1101 1124
6039 1303 1124
1124 1101 5729
6036 6038 5726
5726 6038 5728
3754 3466 3468
6168 6172 5852
6168 5852 5848
5848 5852 5518
5518 5852 5695
5852 5786 5695
5518 5695 5458
5783 3754 5785
5783 3750 3754
3750 3466 3754
6482 6172 6168
5455 3468 3466
5457 3468 5455
7110 5454 5782
7108 5454 7110
7110 5456 7108
7110 5784 5456
5781 3750 5783
5781 3746 3750
3908 5785 4056
4228 4544 4230
4230 4544 5787
4544 4703 5787
4230 3908 4228
4228 3908 5460
3908 4056 5460
3754 3606 5459
5785 3754 5459
4056 5785 5459
3466 3750 3746
3316 3754 3468
3606 3754 3316
3316 3468 5457
6796 5456 5784
6794 5456 6796
6794 6796 6486
6794 6486 6482
6482 6486 6172
5773 5771 5445
5447 3314 5775
5774 5776 5446
5446 5776 5448
5775 2968 5447
5775 2972 2968
5773 2968 2972
5445 2968 5773
5772 5774 5444
5444 5774 5446
5775 3314 3318
5445 5771 2616
5771 2812 2616
2616 2812 5443
5770 5772 5442
5442 5772 5444
5771 2618 2812
2470 2320 5443
5769 2470 5443
3608 5779 3746
3466 3746 5453
3315 3466 5453
3466 3315 5455
5780 5782 5452
5452 5782 5454
5781 3608 3746
5779 5451 5453
5779 5453 3746
4860 5029 4703
5778 5780 5450
5450 5780 5452
5779 5777 5449
5779 5449 5451
5776 5778 5448
5448 5778 5450
5777 3314 5449
5777 3318 3314
6011 3366 3319
5270 5523 5592
5270 5193 5523
4930 4932 5270
5270 4932 5193
4932 6015 5193
4930 4610 4932
4932 4610 6014
4610 4547 6014
4547 4610 6012
5592 5523 5853
5703 5705 6013
5703 6013 3319
3366 5703 3319
5910 5704 5849
5592 5849 5519
5910 5849 5592
5270 5519 5191
5592 5519 5270
4863 4932 6014
6019 5707 5709
5708 6230 6234
5706 6230 5708
6234 6230 5914
5914 6230 5854
6230 6016 5854
5854 6018 5914
6015 4932 4863
4930 5191 4861
6017 6013 5705
6017 5705 5707
6230 5706 6169
5910 5853 5704
5853 6016 5704
6016 6169 5704
6016 6230 6169
5592 5853 5910
3906 4056 5459
5697 5788 5522
5522 5369 5697
5192 5369 5522
5192 5029 5369
4862 5029 5192
4862 4703 5029
4546 4703 4862
4703 4546 5787
5460 4056 3906
4608 4545 5701
5697 5786 5788
5695 5786 5697
5697 5369 5695
5695 5369 5458
5369 5190 5458
5190 5029 4860
5190 5369 5029
4860 4703 4544
4231 4229 3909
5270 5191 4930
4608 4610 4930
4608 4930 4861
5702 4608 4861
5701 4229 4608
4610 4608 6012
4608 4229 6012
4229 4231 6012
8647 8447 8449
3909 4229 3907
3909 3907 3609
3609 3907 3607
3609 3607 3317
3609 3317 3366
6011 3609 3366
3366 3317 5703
4608 5702 4545
5780 6090 7114
5782 7266 7268
5780 7266 5782
6094 7266 6092
6094 7268 7266
6093 6091 5781
5781 6091 3608
6091 3742 3608
3608 3742 5779
5780 5778 6090
6095 5781 5783
7266 5780 7114
7114 6092 7266
6091 3610 3742
6089 5777 5779
6089 5779 3742
3610 6089 3742
6088 6090 5776
5776 6090 5778
6097 6095 5783
6490 6486 6796
6490 6796 6968
6096 6490 6968
6486 6490 6174
6486 6174 6172
6172 6174 5852
5852 6174 6009
6174 6098 6009
5852 6009 5786
6089 3318 5777
6097 5783 5785
5782 7268 7110
5784 7110 6968
7110 7268 6968
7268 6798 6968
7268 6094 6798
6798 6096 6968
6095 6093 5781
6079 2468 5769
5771 6081 2618
6081 2808 2618
2618 2808 5769
7557 6080 6082
7553 6080 7557
7557 5768 7553
7557 5770 5768
6081 2620 2808
2468 2322 5769
6083 6081 5771
2808 6079 5769
2620 6079 2808
2322 2468 5767
7423 6080 7553
5766 6078 5768
5768 6078 7553
6078 7423 7553
6079 2324 2468
5773 2972 6085
6089 3320 3318
6087 3318 3320
5775 3318 6087
6086 6088 5774
5774 6088 5776
6087 2972 5775
6087 2976 2972
6085 2972 2976
5784 6968 6796
6084 6086 5772
5772 6086 5774
6085 6083 5771
6085 5771 5773
7557 6082 7424
5772 5770 6084
6084 5770 7424
5770 7557 7424
4288 3962 4290
5594 5853 5523
5912 5853 5594
5272 5523 5193
5594 5523 5272
5272 5193 6015
4612 6014 4547
4288 4290 4612
4288 4612 4547
6012 4288 4547
5912 6016 5853
4290 3962 6332
3962 3911 6332
3656 3911 3962
3656 3611 3911
3368 6331 3319
6331 3611 3319
3611 6011 3319
3611 3656 6011
6014 4612 4863
5854 5912 6018
5594 5272 5596
5596 5272 5274
4934 5274 5272
4934 5272 6015
4863 4934 6015
4612 4614 4934
4612 4934 4863
3368 3319 6013
4612 4290 4614
4614 4290 6334
4290 4233 6334
4233 4290 6332
6331 3368 3321
6013 6017 6333
6013 6333 3321
3368 6013 3321
5788 5786 6100
5192 5371 5031
4546 4862 4548
4548 4862 6101
4862 5031 6101
4546 4548 4232
4546 4232 4385
5787 4546 4385
4385 4232 6099
6009 6098 5856
5192 5031 4862
6100 5786 5856
5786 6009 5856
5787 4385 4230
3908 4230 3910
3910 4230 6099
4230 4385 6099
6097 3908 3910
5785 3908 6097
5196 5371 5526
4288 6012 4231
3962 4231 3909
4288 4231 3962
3656 3909 3609
3962 3909 3656
3656 3609 6011
5699 6102 5526
5526 5371 5699
6077 5765 5767
5196 5031 5371
4864 5031 5196
5031 4864 6101
5788 6100 6102
5788 6102 5699
5522 5788 5699
5522 5371 5192
5522 5699 5371
1523 5747 1597
6061 1305 1154
1154 1103 5749
9237 6058 6060
9233 6058 9237
9237 5746 9233
9237 5748 5746
1597 5745 1523
5747 6059 6057
5747 6057 1597
1305 1103 1154
9233 6056 6058
9229 6056 9233
9233 5744 9229
9233 5746 5744
1591 5745 1597
1591 5743 5745
1591 6057 6055
1597 6057 1591
5749 6063 1107
6065 6063 5751
6065 5751 5753
5752 5750 6062
5752 6062 9206
9250 5752 9206
9206 6064 9250
6061 1154 1107
5749 5751 6063
9205 6056 9229
1154 5749 1107
6060 6062 5750
6060 5750 9203
9237 6060 9203
9237 9203 5748
5747 1305 6059
5747 1301 1305
1305 1301 1103
6049 1102 1106
1357 1304 6051
8845 6052 5740
8847 6052 8845
8845 6050 8847
8845 5738 6050
5739 1357 1300
1102 1300 1106
1106 1300 6051
1300 1357 6051
1587 6053 1522
5737 1102 6049
6050 5738 5736
6050 5736 8694
8649 6050 8694
8649 8694 6048
6049 6047 5735
6049 5735 5737
8694 5736 8647
1591 6055 1587
9031 9083 5744
9083 6054 5744
6054 9229 5744
6054 9205 9229
9083 9031 5742
1587 5743 1591
1587 5741 5743
1587 6055 6053
5754 9204 9250
9033 6054 9083
5740 6052 5742
5742 6052 9083
6052 9033 9083
5741 1587 1522
1304 1357 5739
6053 1304 5739
1522 6053 5739
7112 6074 7234
5760 8080 7976
7706 8080 7810
7976 8080 7706
7810 7536 7540
7810 7540 5762
7706 7810 5762
7540 7536 7234
7234 7536 7112
7536 6072 7112
5761 2036 6073
6073 6071 5759
6073 5759 5761
5760 5758 6070
5760 6070 7978
8080 5760 7978
7708 8080 7978
7708 7810 8080
7422 7810 7708
5762 7540 7420
6077 5767 2468
2324 6077 2468
6078 5766 5764
6078 5764 7240
7113 6078 7240
7113 7240 6076
6077 6075 5763
6077 5763 5765
7422 7536 7810
7540 7234 7240
7540 7240 5764
7420 7540 5764
6076 7234 6074
6076 7240 7234
6075 2036 5763
6075 2038 2036
6073 2036 2038
8230 8322 5756
9032 5754 9034
9032 9034 8848
9032 8848 8846
8846 8848 8650
8846 8650 8648
8648 8650 8450
8648 8450 8448
8450 8230 8448
8448 8230 5756
9034 5754 6066
8230 6068 8322
6067 1108 1162
6065 5753 5755
6065 5755 1162
1108 6065 1162
5752 9250 9204
6066 5754 6064
6064 5754 9250
5758 8228 8322
7422 6072 7536
6071 1764 5759
6071 1766 1764
6069 1764 1766
5757 1764 6069
5756 8322 8228
6070 5758 6068
6068 5758 8322
2812 5769 5443
6069 1524 5757
6069 1526 1524
1524 1526 1306
1524 1306 1302
1104 1302 1306
1104 1306 6067
1162 1104 6067
1104 1162 5755
5516 5518 5458
6790 6794 6482
6790 6482 6478
6478 6482 6168
6478 6168 6164
6164 6168 5848
6164 5848 5846
5846 5848 5518
5846 5518 5516
5516 5365 5123
6790 5124 6794
5365 5516 5458
5367 5365 5458
5367 5027 5365
5365 5027 5122
5027 4858 5122
4858 5027 5126
5455 3170 5457
5455 3168 3170
5459 3606 3758
5190 5027 5367
4860 5027 5190
4860 4544 4542
4860 4542 5126
5027 4860 5126
4542 4544 4228
4542 4228 4226
4228 5128 4226
4228 5460 5128
5121 3170 3168
3316 3758 3606
3316 3470 3758
3172 3470 3170
3170 3470 5457
3470 3316 5457
5125 3172 3170
5127 3172 5125
6794 5124 5456
5447 3310 3314
3464 3311 5119
5450 5452 5116
5116 5452 5118
5451 5449 5115
5451 5115 5117
5448 5450 5114
5114 5450 5116
5449 3310 5115
5449 3314 3310
5117 3311 3464
5113 3310 5447
5446 5448 5112
5112 5448 5114
5447 2962 5113
5447 2968 2962
5445 2962 2968
5111 2962 5445
5444 5446 5110
3168 5455 2963
5125 3170 5121
7108 5120 5454
7104 5120 7108
7108 5124 7104
7108 5456 5124
5123 5365 5188
5188 5365 5122
5453 3464 3315
5367 5458 5190
5455 3315 2963
3315 5119 2963
3315 3464 5119
3168 2963 5121
5452 5454 5118
5118 5454 5120
5451 5117 5453
5453 5117 3464
6165 5704 6169
2966 3044 5379
5706 5708 5378
5378 5708 5380
5705 5377 5707
5707 5377 3044
5377 2965 3044
3044 2965 5379
6165 5706 5378
6169 5706 6165
5707 3044 2966
6165 5376 5704
5705 5703 5375
5705 5375 5377
5847 5704 5376
5849 5704 5847
5849 5847 5519
5519 5847 5590
5847 5374 5590
5520 5712 5602
5714 5606 5602
5713 5711 5383
5713 5383 5385
5384 5382 5710
5384 5710 5850
5922 5384 5850
5520 5922 5850
5520 5602 5922
5268 5519 5590
5711 5709 5381
5711 5381 5383
6170 5380 5708
6166 5380 6170
6170 5382 6166
6170 5710 5382
5709 5707 5381
5381 5707 2966
3904 5128 3906
5268 5189 4926
4859 4543 4545
4859 4545 5702
4926 4859 5702
4545 4543 4227
4545 4227 4286
5701 4545 4286
4286 4227 5373
3906 5128 5460
4926 5189 4859
3604 3904 3906
3604 3906 5459
3758 3604 5459
3312 3758 3470
3604 3758 3312
2964 3470 3172
3312 3470 2964
2964 3172 5127
3907 3905 3607
5268 5191 5519
4926 5191 5268
4926 4861 5191
4861 4926 5702
5701 4286 4229
3907 4229 3905
3905 4229 5373
4229 4286 5373
5110 5446 5112
3607 3905 3605
3607 3605 3317
3317 3605 3313
5375 3317 3313
5703 3317 5375
5590 5374 5517
5268 5517 5189
5590 5517 5268
5423 5091 961
985 5093 987
985 5091 5093
985 5427 5425
987 5427 985
9113 5424 9030
5092 5090 5426
5426 5090 9030
5090 9113 9030
5089 5091 5423
8446 5428 8522
5091 985 961
5425 961 985
9113 5422 5424
9107 5422 9113
9113 5088 9107
9113 5090 5088
1153 5087 1095
5089 5423 5421
1163 5429 1096
5095 1621 1516
1516 1391 1294
1516 1621 1391
1294 1163 1096
1294 1391 1163
962 987 5093
5429 962 5093
1096 5429 5093
5089 5421 1153
987 962 5427
5094 5092 5426
5094 5426 8844
8920 5094 8844
8646 8920 8844
8646 8724 8920
8446 8724 8646
8446 8522 8724
2141 5083 2145
2027 5085 1863
2145 2027 1863
1761 2145 1863
5417 2145 1761
5419 1761 1863
9027 5418 5084
9029 5418 9027
9027 5416 9029
9027 5082 5416
2145 5083 2027
2141 5081 5083
2141 5417 5415
2145 5417 2141
5414 5416 5080
5080 5416 5082
5081 2141 2026
1760 1849 5079
5415 1760 5079
1519 5419 1863
1095 5089 1153
5086 5420 5422
5086 5422 9107
9028 5086 9107
9028 9107 5088
1863 5085 1757
1515 1519 1757
1757 1519 1863
5430 8526 8522
1519 1515 1297
1297 1515 1293
1099 1297 1293
1099 1293 5087
1153 1099 5087
5421 1099 1153
5418 5420 5084
5084 5420 5086
7416 5100 7418
5439 5437 5103
5439 5103 5105
5436 5438 5102
5102 5438 5104
5101 2033 5435
5101 2029 2033
5103 2033 2029
5437 2033 5103
7418 5100 5434
5104 5440 5106
7418 5102 7416
7418 5436 5102
5435 2028 5101
5435 2032 2028
5433 2028 2032
5099 2028 5433
5098 8734 8644
8444 8734 8532
5441 2318 2320
5445 2614 5111
5445 2616 2614
5443 2614 2616
5109 2614 5443
5442 5444 5108
5108 5444 5110
5443 2318 5109
5443 2320 2318
8644 8734 8444
5107 2318 5441
5440 5442 5106
5106 5442 5108
5441 2030 5107
5441 2034 2030
5439 2030 2034
5105 2030 5439
5438 5440 5104
1100 1163 1298
8226 5432 8330
5431 1758 5097
5431 1762 1758
1758 1762 1520
1758 1520 1621
5095 1758 1621
1520 1391 1621
1298 1391 1520
1298 1163 1391
8526 5430 8226
1163 1100 5429
5094 8920 8842
8920 8724 8730
8920 8730 5096
8842 8920 5096
8724 8522 8730
8730 8522 8526
5430 8522 5428
7704 5434 5100
8224 8532 8330
8444 8532 8224
7974 7972 8224
7974 8224 8330
5432 7974 8330
7972 7974 7704
7972 7704 7702
7704 5100 7702
5714 5602 5712
5433 5431 5097
5433 5097 5099
5098 8730 8734
5096 8730 5098
8730 8526 8734
8734 8526 8532
8532 8526 8330
8330 8526 8226
1519 1301 1603
9249 5424 5422
5751 5749 5421
5751 5421 5423
9203 5750 9243
5420 5748 5422
5422 5748 9243
5748 9203 9243
1603 5419 1519
1297 1301 1519
9249 5422 9243
1301 5747 1603
1301 1297 1103
1103 1297 1099
5421 1103 1099
5749 1103 5421
5746 5748 5418
5418 5748 5420
1857 5417 1761
5424 9204 9030
8448 5428 8446
8448 5756 5428
5753 988 5755
5753 986 988
5425 988 986
5427 988 5425
9249 5752 9204
5754 9117 9030
9204 5754 9030
1761 5419 1603
9249 9204 5424
9030 9117 5426
5751 5423 5753
5753 5423 986
5423 961 986
986 961 5425
9249 5750 5752
9243 5750 9249
8845 5740 8843
5743 5413 1760
1853 5743 1760
5740 5742 5412
5412 5742 5414
5741 1518 5413
5741 1522 1518
5739 1518 1522
5411 1518 5739
8843 5740 5412
5743 5741 5413
8843 5738 8845
8843 5410 5738
5739 1296 5411
5739 1300 1296
1296 1300 1102
1296 1102 1137
5409 1296 1137
1137 1102 5737
1853 5417 1857
1857 1761 1603
1523 1857 1603
5745 1857 1523
5747 1523 1603
5744 5746 5418
5744 5418 9029
9089 5744 9029
9089 9029 5416
8646 8448 8446
1853 5415 5417
1853 5745 5743
1857 5745 1853
9031 5744 9089
5414 5742 5416
5416 5742 9089
5742 9031 9089
5415 1853 1760
5763 2036 2032
5763 5435 5765
5765 5435 2176
5435 2033 2176
2176 2033 5437
7420 5434 5762
7418 5434 7420
7420 5436 7418
7420 5764 5436
5763 2032 5435
5436 5766 5438
5761 2032 2036
5433 2032 5761
7976 5432 5760
7974 5432 7976
7974 7976 7706
7974 7706 7704
7706 5434 7704
7706 5762 5434
2322 5767 2470
2618 5769 2812
2320 2470 5441
5768 5770 5440
5440 5770 5442
5769 2322 2470
2178 2034 5441
5767 2178 5441
2470 5767 5441
5761 5759 5431
2034 2178 5439
5766 5768 5438
5438 5768 5440
5765 2178 5767
5765 2176 2178
5437 2178 2176
5439 2178 5437
5764 5766 5436
1104 5755 1164
8228 5758 8326
5757 1524 1622
1302 1622 1524
1302 1392 1622
1104 1392 1302
1104 1164 1392
988 962 5429
5755 988 5429
1164 5755 5429
8326 5430 8228
962 988 5427
9117 5754 9032
9032 8846 8844
9032 8844 5426
9117 9032 5426
8844 8846 8648
8844 8648 8646
8646 8648 8448
1520 1764 5757
5761 5431 5433
5430 8326 8226
5760 5432 5758
5758 5432 8326
5432 8226 8326
5759 1762 5431
5759 1764 1762
1520 1762 1764
5736 5738 5408
1622 1520 5757
1298 1622 1392
1520 1622 1298
1100 1392 1164
1298 1392 1100
1100 1164 5429
5430 5428 5756
5430 5756 8228
7182 6872 7184
2724 5721 2615
5721 2971 2615
2971 5391 2615
2971 3076 5391
2394 2615 2319
2724 2615 2394
2394 2319 5393
5392 7182 7184
5390 7182 5392
5719 3076 2971
7184 6872 6874
5720 6872 5718
5720 6874 6872
5717 5389 5719
5719 5389 3076
5389 2967 3076
3076 2967 5391
5390 7180 7182
2321 5393 2031
5724 5396 5722
5722 5396 6876
5396 6792 6876
5721 2724 2617
2394 2617 2724
2394 2321 2617
2102 5723 2031
5723 2321 2031
5388 7180 5390
2321 2394 5393
2102 2031 5395
5392 7184 7106
7184 6874 6876
7184 6876 5394
7106 7184 5394
5722 6874 5720
5722 6876 6874
5521 5606 5714
6870 6791 6562
6252 6479 6167
6562 6479 6252
5926 5930 6252
5926 6252 6167
5386 5926 6167
5926 5606 5930
5930 5606 5716
5606 5521 5716
6562 6791 6479
5385 5387 5713
5713 5387 2969
5387 3067 2969
5715 2969 3067
5386 5922 5926
5384 5922 5386
5922 5602 5926
5926 5602 5606
5930 5851 6171
7180 6870 7182
7182 6870 6872
6870 6562 6872
6872 6562 5718
6562 6483 5718
6252 6483 6562
6252 6171 6483
5930 6171 6252
5394 6876 6792
5851 5930 5716
5389 5717 5387
5387 5717 3067
5717 2970 3067
3067 2970 5715
7180 5388 7105
6870 7105 6791
7180 7105 6870
7107 6793 7109
8492 8445 5734
8227 8225 7975
7975 8225 7973
7975 7973 7705
7705 7973 7703
7705 7703 7419
7419 7703 7417
7419 7417 7109
7109 7417 7107
8445 8227 5734
7109 6793 5732
6793 6895 5732
6895 6793 5404
5733 5731 5403
5733 5403 5405
6795 5732 6895
5402 5730 5404
5404 5730 6895
8492 8647 8690
5408 5738 5410
5409 1137 1098
5737 5735 5407
5737 5407 1098
1137 5737 1098
5736 5408 5406
5736 5406 8690
8647 5736 8690
5730 6795 6895
8492 8447 8647
8447 8492 5734
5735 5733 5405
5735 5405 5407
8690 5406 8645
8492 8645 8445
8690 8645 8492
8445 8225 8227
1564 1517 5399
5398 6576 6480
5728 5400 5726
5726 5400 6576
5400 6480 6576
5725 5397 5727
5727 5397 1816
5397 1759 1816
1564 1759 1517
1816 1759 1564
5729 1101 1123
5398 5396 5724
5398 5724 6484
6576 5398 6484
6484 5726 6576
5723 2102 2035
5395 5397 5725
5395 5725 2035
2102 5395 2035
5727 1816 1763
1123 5401 1097
5403 5731 5729
5403 5729 1123
1097 5403 1123
6481 5730 5402
6485 5730 6481
6481 5728 6485
6481 5400 5728
5912 5596 6018
1564 1763 1816
1564 1521 1763
1299 1521 1295
1295 1521 5399
1521 1564 5399
1101 1299 1295
1101 1295 5401
1123 1101 5401
6494 6730 6418
5860 6420 5858
5860 6732 6420
6731 3914 4058
6729 6417 6419
6729 6419 4058
3914 6729 4058
6494 6416 6728
6492 6416 6494
6494 6418 6492
6176 5860 5858
6729 6727 6415
6729 6415 6417
6802 6414 6726
6800 6414 6802
6802 6416 6800
6802 6728 6416
6727 6725 6413
6727 6413 6415
4550 4552 4236
6422 6732 5530
5700 6422 5530
5200 5700 5530
5200 5372 5700
4868 5372 5200
4868 5032 5372
4552 4550 4868
4868 4550 5032
4550 6421 5032
6724 6726 6412
4550 4236 4234
3912 4234 4236
3912 4236 6731
4058 3912 6731
3912 4058 6419
6178 6418 6730
6176 6418 6178
6176 6178 5860
6717 2978 2982
3612 3739 6721
6719 3322 3324
6407 3322 6719
6408 7260 7262
6406 7260 6408
6720 7260 6718
6720 7262 7260
6719 2978 6407
6719 2982 2978
3324 3612 6721
6405 2978 6717
6406 7256 7260
6404 7256 6406
6718 7256 6716
6718 7260 7256
6717 6715 6403
6717 6403 6405
6404 6402 6714
6409 6723 3739
6412 6726 6414
6725 6723 6411
6725 6411 6413
6410 7264 7118
6724 6412 6722
6722 6412 7264
6412 7118 7264
6411 6723 6409
6422 6420 6732
6723 3614 3739
3739 3614 6721
6410 7262 7264
6408 7262 6410
6722 7262 6720
6722 7264 7262
6409 3739 3612
3322 3612 3324
4553 6976 6652
6654 4938 6656
6978 4938 6976
6978 4944 4938
6975 6653 6977
6977 6653 2700
6653 2627 2700
2700 2627 6655
4938 6654 4867
4616 4553 6652
6656 4938 4944
6976 4867 6652
6976 4938 4867
4553 4616 6974
6653 6975 6651
6651 6975 2693
6975 2634 2693
2693 2634 6973
4616 6652 4551
6981 6657 6659
6983 6981 6659
6983 6659 2980
3079 6983 2980
5199 6982 6660
5201 6982 5199
5199 6980 5201
5199 6658 6980
6981 6979 6657
4551 4235 4237
6980 6658 6656
6980 6656 4944
4869 6980 4944
4869 4944 6978
6979 6977 6657
6657 6977 2628
6977 2700 2628
2628 2700 6655
3369 2983 3325
6969 3041 2633
6971 2633 2689
3915 6970 3965
3613 3615 3915
3613 3915 3965
6648 3613 3965
3325 3615 3613
3325 3613 6647
3369 3325 6647
2633 3041 2689
3041 2983 3369
6969 2983 3041
6422 5700 5528
5198 5700 5372
5528 5700 5198
4866 5372 5032
5198 5372 4866
4866 5032 6421
6970 6972 6650
4551 4237 6974
4616 4551 6974
4235 6972 4237
4235 6650 6972
2689 6651 2693
2689 6649 6651
2689 6973 6971
2693 6973 2689
6404 6714 7122
6970 6650 3913
3965 6970 3913
3965 3913 6648
3369 6647 3323
3369 2979 3041
3369 3323 2979
2979 6649 2689
3041 2979 2689
6694 6696 6376
2624 2772 6379
6382 1872 1874
6378 1872 6382
1872 1612 1874
1874 1612 1616
1612 1382 1616
1616 1382 1386
6377 1386 1382
6381 1386 6377
6695 2772 2624
6376 6696 6380
6695 2630 2772
2446 2326 6379
6693 2446 6379
2772 6693 6379
2630 6693 2772
2040 2446 2152
2326 2446 2040
1618 1386 1310
8452 8523 8323
8232 8323 6388
6699 6697 6383
6699 6383 6387
6382 1874 1768
1874 1616 1618
1874 1618 6386
1768 1874 6386
1618 1616 1386
6378 2040 1872
6385 1618 1310
1310 1386 6381
9038 6380 6696
9036 6380 9038
9038 6384 9036
9038 6698 6384
6697 6695 6383
6383 6695 2624
6370 6688 6372
6691 6689 6373
6691 6373 6375
6688 6690 6372
6372 6690 6374
6373 6689 6371
6371 6689 1371
6689 1312 1371
1371 1312 6687
6686 6688 6370
2044 6692 2152
1367 6371 1371
1367 6369 6371
1367 6687 6685
1371 6687 1367
6684 6686 6368
6368 6686 6370
6369 1367 1308
6685 6683 6367
6691 6375 1309
2040 2152 1872
2152 1770 1872
2152 6692 1770
1530 1872 1770
1530 1612 1872
6691 1612 1530
1382 1612 1309
1612 6691 1309
8452 8323 8232
1382 1309 6377
9210 6374 6690
9208 6374 9210
9210 6376 9208
9210 6694 6376
6693 2330 2446
2044 2446 2330
2044 2152 2446
6394 6708 6396
7117 6710 6398
7121 6710 7117
7117 6708 7121
7117 6396 6708
6709 2042 6397
6709 2046 2042
6707 2042 2046
6395 2042 6707
6706 6708 6394
6397 2328 6709
6707 6705 6393
6707 6393 6395
6704 6706 6392
6392 6706 6394
6703 2164 2045
6391 6393 6705
6391 6705 2045
2164 6391 2045
6713 2632 2805
7256 6404 7122
7122 6716 7256
6715 6713 6401
6715 6401 6403
6712 6714 6400
6400 6714 6402
6401 6713 6399
6399 6713 2805
7428 6390 6702
2805 2632 6711
6710 6712 6398
6398 6712 6400
6399 2805 2626
2328 2626 2332
2332 2626 6711
2626 2805 6711
6709 2328 2332
6386 1618 1528
7980 7712 7710
7712 6390 7710
7712 6702 6390
6387 2631 6699
6387 2625 2631
2631 2625 2327
2631 2327 2458
6701 2631 2458
2458 2327 6389
7980 7982 7712
1528 1618 6385
8852 6384 6698
8850 6384 8852
8850 8852 8654
8850 8654 8652
8652 8654 8452
8452 8654 8523
8654 6700 8523
2331 6389 2041
7426 6390 7428
7426 7428 7120
7426 7120 7116
7120 6392 7116
7120 6704 6392
6701 2458 2331
2164 6703 2041
6703 2331 2041
6661 3079 2980
2331 2458 6389
2164 2041 6391
8523 6700 8454
8454 8323 8523
8234 8323 8454
8234 7982 7980
8234 7980 6388
8323 8234 6388
9123 7018 7020
7712 7984 7807
7984 7022 7807
7712 7807 6702
7019 3140 2987
2637 2987 2631
2631 2987 6699
2987 3140 6699
6701 2637 2631
7021 2637 6701
7982 7984 7712
9119 7018 9123
9123 8921 9119
9119 8921 6698
8921 8852 6698
8852 8725 8654
8852 8921 8725
8654 8725 6700
7017 3140 7019
8725 8925 7023
6701 2335 7021
6701 2331 2335
6703 2335 2331
7025 2335 6703
9123 7020 9040
8925 8921 9123
8925 9123 9040
7024 8925 9040
8725 8921 8925
7017 3134 3140
8656 8725 7023
8656 8456 8454
8656 8454 6700
8725 8656 6700
8454 8456 8236
8454 8236 8234
8234 8236 7984
8234 7984 7982
2334 2330 2636
6692 1868 1770
1530 1868 1608
1770 1868 1530
1530 1608 6691
6690 9238 9210
7014 6694 7012
7012 6694 9238
6694 9210 9238
7013 2636 2768
2630 2768 6693
2636 2330 2768
2330 6693 2768
2330 2334 2048
2330 2048 2044
2048 1772 2044
2044 1772 6692
1772 1868 6692
1532 1868 1772
6695 3134 3130
6697 3140 3134
6699 3140 6697
6696 7016 7018
6696 7018 9119
9038 6696 9119
9038 9119 6698
7015 3134 7017
7015 3130 3134
7120 7231 6704
6697 3134 6695
7014 7016 6694
6694 7016 6696
7015 2986 3130
2768 2630 6695
7013 2768 6695
3130 7013 6695
2986 7013 3130
6714 7034 7126
6714 7252 7122
7038 6716 7036
7036 6716 7252
6716 7122 7252
2809 6715 2813
2809 6713 6715
2809 7037 7035
2813 7037 2809
6714 6712 7034
2813 2638 7037
7252 6714 7126
7126 7036 7252
6713 2809 2632
7035 7033 6711
7035 6711 2632
2809 7035 2632
7032 7034 6710
6710 7034 6712
7041 6717 2982
3163 7043 7041
3165 7043 3163
6720 6956 6960
6718 6956 6720
7042 6956 7040
7042 6960 6956
6719 3163 2982
7041 7039 6717
7033 2332 6711
3163 7041 2982
6718 6716 7038
6718 7038 6804
6956 6718 6804
6804 7040 6956
6717 7039 6715
6715 7039 2813
7039 2638 2813
8925 7024 8854
2166 6705 2049
7231 7026 7124
6706 6704 7028
7028 6704 7124
6704 7231 7124
7025 6703 7027
7027 6703 2166
6703 2045 2166
2166 2045 6705
6705 7029 2049
8925 8854 7023
7807 7022 7714
7714 7430 7428
7714 7428 6702
7807 7714 6702
7428 7430 7120
7120 7430 7231
7430 7026 7231
7031 2050 2046
7033 2336 2332
7031 2332 2336
6709 2332 7031
7030 7032 6710
7030 6710 7121
7241 7030 7121
7241 7121 6708
7031 2046 6709
1532 1608 1868
7029 2046 2050
6707 2046 7029
7125 7030 7241
6706 7028 6708
6708 7028 7241
7028 7125 7241
7027 2166 2049
6705 6707 7029
6672 6992 6891
6994 7199 6674
6994 7123 7199
6891 6801 6672
6993 6671 6995
6995 6671 2122
6671 2043 2122
2122 2043 6673
6803 6994 6891
6670 6992 6672
6891 6994 6674
6992 6803 6891
6669 2333 6991
6669 2329 2333
6671 2333 2329
6993 2333 6671
6990 6992 6668
6668 6992 6670
6991 6989 6667
1830 2122 6673
7713 7427 6996
7427 7507 6996
7507 7119 7199
7507 7427 7119
7199 7119 6674
6995 2126 6997
6995 2122 2126
1830 2126 2122
6991 6667 6669
1769 1830 6673
1576 1769 1529
1830 1769 1576
1576 1529 6675
7429 6996 7507
7507 7123 7429
7199 7123 7507
6801 6891 6674
2981 6663 3088
6257 6984 6664
6984 6569 6664
6984 6495 6569
6257 6177 6662
6985 6661 2981
6985 2981 3088
6661 6985 3079
6985 2984 3079
6983 3079 2984
6177 6257 6664
6179 6984 6257
5859 5861 6179
5859 6179 6257
6662 5859 6257
5861 5859 5531
5531 5859 5529
5529 6982 5531
5529 6660 6982
6986 6988 6666
6988 6990 6666
6666 6990 6668
6987 3096 2985
2635 2985 2629
2629 2985 6665
2985 3096 6665
6667 2635 2629
6989 2635 6667
7711 7427 7713
6986 6666 6493
6569 6986 6493
6569 6493 6664
6985 3096 6987
6985 3088 3096
6663 3096 3088
6665 3096 6663
6495 6986 6569
9039 9037 8853
6684 9228 6686
7008 9228 7006
7008 9230 9228
7007 7005 6683
7007 6683 6685
9228 6684 9209
9209 9037 9039
9209 9039 7006
9228 9209 7006
6686 9228 9230
8853 9037 8890
9037 6682 8890
8853 8890 7004
7005 7003 6681
7005 6681 6683
8890 6682 8851
8700 8655 6680
8655 7004 6680
7011 1314 1312
7011 6689 6691
7011 6691 1608
1532 7011 1608
6690 6688 7010
6690 7010 9212
9238 6690 9212
9212 7012 9238
7011 1312 6689
7004 8851 6680
7009 1312 1314
6687 1312 7009
7010 6688 6686
7010 6686 9230
9211 7010 9230
9211 9230 7008
7009 7007 6685
7009 6685 6687
1348 1311 6677
6997 2126 2047
1830 2047 2126
1830 1771 2047
1576 1771 1830
1576 1531 1771
1348 6999 1311
6999 1531 1311
1531 6675 1311
1531 1576 6675
8455 8494 6998
8494 6676 8453
8453 8233 8235
8453 8235 6998
8494 8453 6998
8235 8233 7983
7983 8233 7981
7983 7981 7713
7713 7981 7711
6999 1348 1313
7004 8890 8851
8655 8700 7002
7003 7001 6679
7003 6679 6681
6680 8696 8700
6678 8696 6680
7002 8696 7000
7002 8700 8696
6685 6367 1308
6677 6679 7001
6677 7001 1313
1348 6677 1313
8696 6678 8653
8494 8455 6676
8455 7000 6676
7000 8653 6676
7000 8696 8653
9244 6062 9208
2040 6378 2156
6375 1378 1309
1158 6377 1107
6377 1309 1107
1309 6061 1107
1309 1378 6061
1158 1107 6063
6062 6060 6374
6062 6374 9208
2040 2156 2450
9208 6376 9244
6373 6059 6375
6375 6059 1378
6059 1305 1378
1378 1305 6061
6372 6374 6058
6058 6374 6060
6373 6371 6057
6377 1158 1160
6383 2624 2778
2454 2778 2450
2450 2778 6379
2778 2624 6379
2450 2156 2454
2454 2156 2158
6382 2156 6378
6382 2158 2156
6377 1160 6381
6373 6057 6059
6063 1160 1158
6065 1160 6063
6062 9244 9206
6380 6064 6376
6376 6064 9244
6064 9206 9244
6379 2326 2450
2040 2450 2326
8847 6050 6364
6053 1363 1304
6367 6365 6051
6367 6051 1304
1363 6367 1304
9035 6366 9077
8847 8849 9035
8847 9035 9077
6052 8847 9077
8847 6364 8849
9077 9033 6052
6365 1106 6051
6365 1110 1106
6363 1106 1110
6049 1106 6363
6362 6364 6050
6362 6050 8649
8695 6362 8649
8695 8649 6048
6055 6369 6053
6370 6372 6056
6056 6372 6058
6371 6369 6055
6371 6055 6057
6368 6370 6056
6368 6056 9205
9227 6368 9205
9227 9205 6054
9036 6384 9118
6053 6369 1363
6369 1308 1363
1363 1308 6367
9207 6368 9227
9033 9077 6054
9077 6366 6054
6366 9227 6054
6366 9207 9227
2456 2625 2782
2162 1880 1766
1766 1880 6069
6070 6068 6388
6070 6388 7980
8076 6070 7980
7710 8076 7980
7710 7806 8076
7710 6390 7806
6387 2782 2625
6391 2162 1766
2456 2327 2625
2160 2162 2456
2456 2162 2327
2162 6389 2327
2160 1876 2162
2162 1876 1880
1528 1876 6386
1528 1526 6069
7426 7708 7806
6392 6074 7230
6074 7112 7230
6393 6391 6071
6393 6071 6073
6070 8076 7978
7708 8076 7806
7978 8076 7708
7426 7422 7708
1876 1528 6069
6390 7426 7806
7426 7116 7422
7422 7116 6072
7116 7230 6072
7116 6392 7230
6389 2162 2041
2041 2162 6391
6071 6391 1766
6385 1310 1390
6383 2778 2782
2778 2454 2782
2782 2454 2456
2454 2158 2456
2456 2158 2160
2160 2158 1876
1876 2158 1768
2158 6382 1768
1768 6386 1876
6383 2782 6387
1160 1108 6067
6381 1160 6067
1390 6381 6067
1310 6381 1390
1108 1160 6065
6066 6064 6380
6066 6380 9036
9118 6066 9036
6384 8850 9118
1880 1876 6069
1306 1526 1528
1306 1528 6385
1390 1306 6385
1306 1390 6067
6066 9118 9034
8850 8848 9034
8850 9034 9118
6363 6361 6047
8848 8850 8652
8848 8652 8650
8650 8652 8452
8650 8452 8450
8450 8452 8232
8450 8232 8230
8232 6068 8230
8232 6388 6068
6029 6343 3073
6173 5855 5857
6173 5857 6346
6256 6173 6346
5857 5855 5527
5527 5855 5525
5525 6344 5527
5525 6028 6344
3073 6027 2975
6029 6345 6343
6566 6487 6256
2975 6029 3073
5195 6344 6028
5197 6344 5195
5195 6342 5197
5195 6026 6342
6027 3073 2974
6343 6341 6025
6343 6025 2974
6030 6566 6032
6034 6488 6568
6031 2623 6347
6031 2619 2623
2623 2619 2323
2623 2323 2404
6349 2623 2404
2404 2323 6033
6032 6566 6568
3073 6343 2974
6566 6256 6568
6568 6256 6348
6256 6175 6348
6175 6256 6346
6347 6345 6029
6347 6029 6031
6566 6030 6487
6256 6487 6173
5276 4934 6336
6019 6021 6335
6335 6021 2977
6021 3053 2977
6337 2977 3053
6018 5596 5524
5596 5274 5276
5596 5276 6020
5524 5596 6020
5274 4934 5276
6022 5194 5276
4934 4865 6336
4614 4865 4934
4614 4549 4865
4549 4614 6334
6335 6333 6017
6335 6017 6019
6016 5912 5854
5912 5594 5596
3053 6021 2973
6340 6342 6024
6024 6342 6026
6025 6341 6023
6023 6341 2699
6341 2622 2699
2699 2622 6339
6338 6340 6022
6022 6340 6024
6348 6034 6568
2973 6023 2699
3053 2973 2699
2621 3053 2699
6337 3053 2621
6339 2621 2699
6020 5276 5194
6338 6022 6336
6336 6022 5276
6797 6358 6799
7709 7977 6045
7775 7709 6045
7421 7425 7709
7421 7709 7775
6044 7421 7775
7425 7421 7115
7115 7421 7111
7115 7111 6799
6799 7111 6797
7709 7979 7977
6797 6042 6358
6357 1126 1109
6041 6043 6359
6041 6359 1109
1126 6041 1109
6489 6358 6042
6491 6358 6489
6489 6356 6491
7775 7707 6044
6363 6047 6049
8651 6362 8695
8449 8493 6048
8493 6360 6048
6360 8695 6048
6360 8651 8695
8493 8449 6046
7775 6045 7707
6489 6040 6356
6361 6359 6043
6361 6043 6047
8451 6360 8493
8229 8231 8451
8229 8451 8493
6046 8229 8493
8231 8229 7979
7979 8229 7977
6353 6035 6037
2118 2037 1820
1568 1765 1525
1820 1765 1568
1336 1525 1303
1568 1525 1336
1336 1303 6039
6352 6354 6036
6036 6354 6038
6353 6351 6035
1820 2037 1765
6350 6352 6034
6034 6352 6036
6349 2404 2325
6033 6035 6351
6033 6351 2325
2404 6033 2325
6032 6568 6488
6350 6034 6348
6357 1307 1105
6355 2118 2039
1820 2039 2118
1820 1767 2039
1568 1767 1820
1568 1527 1767
1336 1527 1568
1336 1307 1527
1126 6357 1105
6394 6074 6392
1307 6039 1105
1307 1336 6039
1126 1105 6041
6354 6356 6038
6038 6356 6040
6353 6037 6355
6355 6037 2118
6037 2037 2118
2412 2325 6351
6577 6666 6668
6573 6666 6577
6577 6350 6573
6577 6352 6350
6665 2732 2629
2412 6667 2325
6667 2629 2325
2629 6349 2325
2629 2732 6349
6353 2418 6351
6493 6666 6573
6348 6664 6350
6350 6664 6573
6664 6493 6573
6663 6347 6665
6665 6347 2732
6347 2623 2732
2732 2623 6349
6353 6671 2329
1340 1527 1307
1572 1527 1340
1340 1307 6357
6585 6670 6672
6581 6670 6585
6585 6354 6581
6585 6356 6354
6669 2418 2329
6353 6355 6671
6175 6664 6348
2418 6353 2329
6581 6668 6670
6577 6668 6581
6581 6352 6577
6581 6354 6352
6667 2418 6669
6667 2412 2418
6351 2418 2412
6655 2622 2628
5199 6660 5197
5197 6658 5199
5197 6342 6658
6659 6657 6341
6659 6341 6343
6656 6658 6340
6340 6658 6342
6657 2622 6341
6657 2628 2622
5197 6660 6344
6339 2622 6655
6654 6656 6338
6338 6656 6340
6337 2627 6653
6337 2621 2627
6339 2627 2621
6655 2627 6339
6654 6338 6336
5859 6662 5857
6177 6664 6175
6175 6662 6177
6175 6346 6662
6661 3078 2981
6345 6347 6663
6345 6663 2981
3078 6345 2981
5857 6662 6346
1824 1767 1572
5859 5857 5529
5529 5857 5527
5527 6660 5529
5527 6344 6660
6661 2980 3078
6659 6343 6345
6659 6345 3078
2980 6659 3078
8651 6676 8653
1110 1138 6363
6678 6680 6362
6362 6680 6364
6677 1138 6679
6677 1134 1138
6361 1138 1134
6363 1138 6361
8651 6678 6362
8653 6678 8651
6679 1138 1110
8651 6360 6676
6675 1344 1311
1130 1134 1344
1344 1134 1311
1134 6677 1311
6359 1134 1130
6361 1134 6359
8451 6676 6360
6683 6365 6367
1367 6685 1308
9207 6684 6368
9209 6684 9207
9209 9207 9037
9037 9207 9078
9207 6366 9078
9037 9078 6682
6683 6681 6365
8453 6676 8451
9078 6366 9035
9035 8849 8851
9035 8851 6682
9078 9035 6682
8849 6680 8851
8849 6364 6680
6681 6679 6365
6365 6679 1110
6672 6897 6358
1572 1344 1529
1344 6675 1529
1130 1344 1340
1130 1340 6357
1109 1130 6357
1130 1109 6359
6801 6674 6897
6491 6585 6358
6585 6672 6358
1340 1344 1572
6672 6801 6897
6585 6491 6356
6355 2043 6671
6355 2039 2043
2043 2039 1767
2043 1767 1824
6673 2043 1824
1572 1767 1527
7427 7425 7119
8453 8451 8233
8233 8451 8231
8233 8231 7981
7981 8231 7979
7981 7979 7711
7711 7979 7709
7711 7709 7427
7427 7709 7425
6654 6336 4936
7119 7425 7115
7115 6799 7119
7119 6799 6674
6799 6897 6674
6897 6799 6358
6673 1824 1769
1572 1769 1824
1572 1529 1769
6407 2978 2976
6409 3612 3738
3322 3320 3612
3612 3320 3738
3320 6089 3738
6407 3320 3322
6087 3320 6407
6406 6408 6086
6086 6408 6088
6407 2976 6087
6088 6410 6090
6405 2976 2978
6085 2976 6405
6404 6406 6084
6084 6406 6086
6405 6403 6083
6405 6083 6085
6082 7558 7424
6404 6084 6402
7118 6090 6410
6800 6096 6798
6800 6416 6096
6415 6413 6093
6415 6093 6095
6412 6414 6092
6092 6414 6094
6413 6411 6091
6413 6091 6093
6402 6084 7558
7114 6090 7118
7118 6092 7114
7118 6412 6092
6411 6409 6091
6091 6409 3610
6409 3738 3610
3610 3738 6089
6408 6410 6088
6397 2042 2169
2324 6079 2804
6397 2324 2328
6077 2324 6397
7113 6398 6078
7117 6398 7113
7113 6396 7117
7113 6076 6396
6077 6397 6075
6075 6397 2169
2626 2324 2804
2169 2042 6395
6394 6396 6074
6074 6396 6076
6075 2169 2038
6395 6393 6073
6395 6073 2038
2169 6395 2038
6072 7230 7112
6081 6399 2620
6084 7424 7558
6403 6401 6081
6403 6081 6083
6082 7554 7558
6080 7554 6082
6402 7554 6400
6402 7558 7554
6401 6399 6081
6798 6094 6800
6399 2804 2620
2620 2804 6079
7554 6080 7423
6398 6400 6078
6078 6400 7423
6400 7554 7423
6399 2626 2804
2328 2324 2626
2979 3321 6333
4292 6334 4233
3964 3913 6332
3913 6650 6332
6650 4233 6332
6650 4292 4233
3913 3964 6648
6331 3323 6647
6331 3321 3323
2979 3323 3321
3049 6651 3045
3045 2979 6333
6649 2979 3045
3964 6332 3911
3911 3611 3613
3911 3613 6648
3964 3911 6648
6331 3613 3611
6647 3613 6331
4865 4551 6652
4867 6654 4936
4867 4936 6652
3049 6335 2977
6337 6653 6651
6337 6651 3049
2977 6337 3049
4936 6336 4865
4865 4549 4551
5528 6102 6422
4936 4865 6652
4551 4549 4235
4235 4549 4292
4549 6334 4292
4235 4292 6650
3045 6335 3049
3045 6333 6335
3045 6651 6649
6492 6096 6416
6176 5858 5856
6176 5856 6098
6329 6176 6098
5858 6100 5856
5858 6420 6100
6099 4057 3910
6419 6417 6097
6419 6097 3910
4057 6419 3910
6329 6418 6176
6490 6096 6492
6490 6492 6174
6174 6492 6329
6492 6418 6329
6174 6329 6098
6417 6415 6095
6417 6095 6097
6800 6094 6414
6100 6422 6102
5526 6102 5528
5526 5528 5198
5526 5198 5196
5196 5198 4866
5196 4866 4864
6421 4864 4866
6101 4864 6421
6420 6422 6100
2026 5415 5079
6421 4548 6101
6421 4550 4548
4548 4550 4234
4548 4234 4232
4232 4234 3912
4232 3912 4057
6099 4232 4057
4057 3912 6419
1347 1575 4097
1347 4097 4099
1347 4429 4427
1351 4429 1347
9069 4426 9022
4098 4096 4428
4428 4096 9022
4096 9069 9022
1575 4095 1503
1343 1575 1347
1347 4099 1351
1575 1503 4097
1343 4427 4425
1347 4427 1343
9069 4424 4426
9067 4424 9069
9069 4094 9067
9069 4096 4094
1823 4093 1747
4100 4432 4102
4432 4434 4102
4102 4434 4104
4433 1506 1586
1356 1282 4103
4431 1356 4103
1586 4431 4103
1506 4431 1586
1282 1356 4101
4430 4432 4100
1747 4095 1575
4431 4099 1281
4431 1281 1356
4099 4431 1351
4431 1286 1351
4429 1351 1286
1281 4101 1356
4428 4430 4098
4098 4430 4100
2311 2017 4418
8637 8833 8877
4092 8637 8877
8637 4420 8639
8637 4090 4420
4089 2605 4419
4089 2601 2605
2605 2601 2311
2311 2601 2307
2307 2017 2311
8637 8639 8833
2017 2113 4418
1815 2113 1819
1819 2113 4091
2113 2017 4091
1815 4421 4417
1819 4421 1815
8437 4420 4090
8439 4420 8437
8877 4422 4094
1823 1747 1575
1505 1823 1575
4423 1823 1505
1575 1285 1505
1343 1285 1575
4425 1285 1343
9021 4424 9067
8829 8877 4094
1366 1283 4105
4422 9067 4094
4422 9021 9067
8877 8829 4092
1819 4093 1823
1819 4091 4093
1819 4423 4421
1823 4423 1819
8833 4422 8877
9024 4448 9122
4450 9122 4448
4450 9126 9122
4449 1504 4119
4449 1508 1504
4447 1504 1508
4117 1504 4447
4118 4116 4446
4118 4446 9024
9122 4118 9024
4118 9122 4120
4447 4445 4115
4447 4115 4117
4446 4116 4114
4446 4114 9112
9023 4446 9112
9023 9112 4444
4445 4443 4113
4445 4113 4115
4120 9126 9020
4122 4452 4454
4122 4454 8933
8832 4122 8933
8832 8933 4124
4453 4451 4123
4123 4451 1748
4451 1882 1748
1748 1882 4121
9112 4114 9019
4452 4122 4450
4450 4122 9126
4122 9020 9126
4451 1750 1882
4449 4119 4121
4449 4121 1882
1750 4449 1882
4120 9122 9126
8834 4104 4434
1284 1370 4107
4436 4438 4106
4106 4438 4108
4435 1596 4437
4435 1590 1596
1590 1366 1596
1596 1366 1370
4105 1370 1366
4107 1370 4105
1596 1370 1284
8830 4104 8834
8834 4106 8830
8834 4436 4106
4433 1590 4435
4433 1586 1590
1366 1590 1586
1366 1586 4103
1283 1366 4103
8831 4110 4440
4442 4444 4112
4112 4444 9019
4444 9112 9019
4443 4441 4111
4443 4111 4113
8831 4442 4112
8835 4442 8831
8831 4440 8835
8437 4416 8439
4441 4439 4109
4441 4109 4111
4438 4440 4108
4108 4440 4110
4437 1596 1507
1507 1596 4439
4109 4439 1284
4439 1596 1284
6157 6226 4390
4393 3654 3599
3599 3654 4392
4395 4391 4065
4395 4065 4067
6542 4066 6467
6226 6157 4064
6157 4394 4064
4394 6467 4064
4394 6542 6467
4396 6544 6542
4063 3899 4389
4063 3897 3899
3899 3897 3595
3899 3595 3654
4393 3899 3654
3595 3299 3301
3595 3301 4392
3654 3595 4392
4068 6544 6468
4399 4071 4073
4399 4073 2088
2020 4399 2088
6550 4072 6469
4398 4400 4070
4070 4400 6469
4400 6550 6469
4399 4397 4069
4399 4069 4071
3301 3299 2949
4398 4070 4396
4396 4070 6544
4070 6468 6544
4397 4395 4067
4397 4067 4069
4068 6542 6544
4066 6542 4068
4396 6542 4394
2682 4062 2599
5183 5509 5179
5183 5179 4853
4853 5179 4849
4853 4849 4537
4537 4849 4535
4537 4535 4221
4221 4535 4219
4063 4221 4219
4389 4221 4063
5511 5509 5183
2368 2599 2305
2682 2599 2368
2368 2305 4061
3753 4160 3598
3753 3598 4159
3753 4158 4160
3749 4158 3753
3749 4159 4157
2309 2368 4061
2949 3299 2945
2949 2945 2603
2603 2945 2682
2945 4062 2682
2368 2603 2682
2368 2309 2603
2019 2309 2015
2015 2309 4061
4401 2020 2088
4065 2019 2015
4391 2019 4065
6226 4064 6153
6153 5837 5841
6153 5841 4390
6226 6153 4390
5841 5837 5511
5511 5837 5509
4409 2600 2604
4083 4413 3087
4413 2950 3087
3087 2950 4411
4410 4412 4082
4082 4412 4084
4083 3087 2946
2600 2946 2604
2604 2946 4411
2946 3087 4411
4085 4413 4083
4081 2600 4409
4408 4410 4080
4080 4410 4082
4409 4407 4081
4081 4407 2306
4407 2388 2306
2306 2388 4079
4406 4408 4078
4417 1749 1815
8437 4088 4416
4087 2951 4415
4087 2947 2951
4089 2951 2947
4419 2951 4089
2021 4418 2113
2113 1749 2021
1815 1749 2113
4078 4408 4080
8217 4416 4088
8219 4416 8217
8217 4414 8219
8217 4086 4414
4415 4413 4085
4415 4085 4087
4412 4414 4084
4084 4414 4086
2016 2088 4073
4404 7474 7405
6862 7097 7172
6862 6781 7097
6554 6781 6862
6554 6473 6781
6473 6554 4402
4403 4401 4075
4075 4401 2016
4401 2088 2016
4404 7405 4074
7172 4074 7095
6862 7095 6777
7172 7095 6862
6550 6554 6862
6550 6862 6777
4072 6550 6777
4402 6550 4400
4402 6554 6550
7695 7693 7407
4407 2310 2388
4405 4077 4079
4405 4079 2388
2310 4405 2388
7965 4406 4078
7967 4406 7965
7967 7965 7695
7695 7965 7693
4455 4123 4125
7407 7693 7474
7693 4076 7474
7407 7474 4404
4405 4403 4075
4405 4075 4077
7474 4076 7405
7172 7097 4074
7097 4404 4074
4220 4538 4379
6472 6474 6158
6472 6158 6325
4155 6472 6325
6325 6158 4475
5023 4474 4854
4854 4538 4536
4854 4536 4154
5023 4854 4154
4536 4538 4220
6965 6784 4156
4538 4478 4379
4220 4051 3898
4220 4379 4051
3898 4051 4158
3463 4157 3465
3463 4153 4157
3463 4477 4473
3465 4477 3463
3465 4159 3467
3169 3469 4481
2954 3169 4481
3169 2954 4479
4381 4478 4480
4379 4478 4381
4051 4379 4381
4051 4381 4053
4053 4158 4051
4053 4160 4158
4152 4472 4476
3465 4157 4159
3465 3467 3169
3465 3169 2953
4477 3465 2953
4479 2953 3169
6965 4476 6784
6784 6474 6472
6784 6472 4156
5997 4151 6001
3457 3741 3463
3463 3741 4153
3741 3597 4153
3457 4473 4471
3463 4473 3457
4470 4472 4152
4470 4152 6779
6961 4470 6779
6961 6779 4148
3741 4149 3597
5997 4147 4151
5683 5997 6001
5683 6001 5687
5687 5359 5683
5683 5359 4146
5359 5182 4146
5182 5359 4150
3737 4149 3741
5842 5687 6001
4152 4476 6965
6780 4152 6965
6780 6965 4156
4155 6325 6156
5842 6001 4151
4475 5842 4151
6156 4475 4151
6325 4475 6156
3169 3467 3469
5512 5687 5842
5512 5359 5687
5184 5359 5512
4474 5023 4852
5184 4474 4852
4150 5184 4852
5359 5184 4150
4852 5023 4154
3301 2955 4710
5843 5908 4708
4389 3901 4707
4389 3899 3901
3601 3901 3899
3601 3899 4393
3655 3601 4393
3601 3655 4711
4392 3301 3364
3301 2949 2955
4712 6228 6157
3364 3301 4710
2955 2949 2607
2607 2949 2603
2607 2603 2313
2313 2603 2309
2313 2309 2019
2313 2019 2080
4709 2313 2080
3305 3364 4710
4714 4394 6228
6159 4714 6228
6159 6228 4712
3655 4393 3599
3305 3599 4392
3305 4392 3364
3599 3305 3655
3305 4711 3655
2080 2019 4391
4709 2082 4713
4709 2080 2082
4391 2082 2080
4395 2082 4391
6228 4394 6157
5908 5843 4390
5843 4712 4390
4712 6157 4390
4055 4053 4381
4605 4539 4921
4705 4539 4605
4055 4482 3900
3900 3757 4055
3600 3757 3900
3600 3469 3757
3304 3469 3600
3469 3304 4481
4381 4480 4222
4921 4539 4855
4055 4381 4222
4482 4055 4222
4055 3757 4053
4053 3757 4160
3757 3598 4160
3469 3467 3757
3757 3467 3598
3467 4159 3598
4853 4921 4706
5908 4390 5841
5841 5511 5513
5841 5513 4708
5908 5841 4708
5513 5511 5185
5185 5511 5183
5183 4853 5185
5185 4853 4706
3737 4145 4149
4921 4537 4605
4921 4853 4537
4221 4223 4537
4537 4223 4605
4223 4705 4605
4389 4223 4221
4707 4223 4389
4855 4706 4921
2952 2803 3155
5510 5673 5347
5180 5009 4850
5180 5347 5009
4850 5009 4132
4131 3447 3300
2952 3155 4129
4461 2952 4129
3300 4461 4129
3447 4461 3300
5510 5347 5180
2606 2803 2952
2803 2606 4459
7247 4458 4460
7243 4458 7247
7247 4128 7243
7247 4130 4128
4129 3155 2948
2948 2803 2602
7247 7098 4130
3447 4133 3449
3447 4131 4133
3447 4463 4461
3449 4463 3447
7247 4460 7098
4462 6945 6778
7098 4462 6778
4130 7098 6778
2948 3155 2803
6778 6627 6470
6778 6945 6627
6470 6307 6154
6470 6627 6307
6154 5985 5838
6154 6307 5985
5838 5673 5510
5838 5985 5673
8218 8220 7966
4125 2018 4455
8933 4454 8836
8836 8640 8638
8836 8638 4124
8933 8836 4124
8638 8640 8440
8638 8440 8438
8438 8440 8220
8438 8220 8218
4455 2018 2022
7966 8220 8089
8220 4456 8089
7966 7817 7694
7966 8089 7817
7694 7545 7406
7694 7817 7545
7406 7545 4126
4455 4453 4123
7696 7545 7817
2308 2602 2312
2312 2602 4459
2602 2803 4459
4457 2308 2312
4127 2308 4457
8089 4456 7968
7968 7817 8089
7696 7817 7968
5011 4134 4132
7408 7545 7696
4458 7243 7096
7408 4458 7096
4126 7408 7096
7545 7408 4126
7096 7243 4128
4457 2018 4127
4457 2022 2018
5681 5679 5993
3735 4469 4467
3737 4469 3735
6783 4468 6959
6959 6635 6633
6959 6633 4466
6783 6959 4466
6635 4140 6633
6635 4144 4140
4143 5993 5840
3735 4141 4145
5993 5679 5840
5679 4139 5840
5679 5681 5353
5353 5681 5181
5681 4142 5181
5353 4851 5013
5353 5181 4851
5013 4851 4138
6961 4148 6471
3737 3741 3457
3737 3457 3303
4469 3737 3303
4471 3303 3457
6961 4468 4470
6959 4468 6961
6959 6961 6635
6635 6961 6471
4141 3735 3596
6635 6471 4144
5993 4147 5997
5993 4143 4147
5681 5993 5997
5681 5997 5683
5683 4142 5681
5683 4146 4142
3735 4145 3737
6307 6155 5839
3449 3302 4463
6945 4462 6782
6629 6627 6945
6629 6945 6782
4464 6629 6782
6627 6629 6307
6307 6629 6155
6629 4136 6155
6307 5839 5985
4465 3302 3449
5673 5985 5677
5677 5985 4135
5985 5839 4135
5347 5673 5677
5347 5677 5349
5009 5347 5349
5009 5349 5011
5011 4132 5009
5677 4135 4139
4467 4465 4137
4467 4137 3596
3735 4467 3596
6633 4464 4466
6629 4464 6633
6633 4136 6629
6633 4140 4136
5677 4139 5679
3753 4159 3749
5349 5677 5679
5349 5679 5353
5011 5349 5353
5011 5353 5013
5013 4134 5011
5013 4138 4134
4137 4465 4133
4133 4465 3449
7691 3776 4076
3779 2387 2302
4079 4077 3777
4079 3777 2302
2387 4079 2302
7963 4078 3778
7965 4078 7963
7965 7963 7693
7693 7963 7691
7691 4076 7693
3778 4080 3780
4077 4075 3777
3777 4075 2012
4075 2090 2012
2012 2090 3775
7403 4076 3776
7405 4076 7403
7403 4074 7405
7403 3774 4074
4081 2596 2600
4086 8268 8215
4085 4083 3783
4085 3783 3785
4082 4084 3782
3782 4084 3784
4083 2942 3783
4083 2946 2942
2942 2946 2600
2942 2600 2596
4075 2016 2090
3781 2596 4081
4080 4082 3780
3780 4082 3782
3781 4081 3779
3779 4081 2387
4081 2306 2387
2387 2306 4079
4078 4080 3778
3770 7164 7166
7168 6854 6858
6854 6546 6858
6858 6546 4072
6546 6469 4072
6469 6546 4070
4069 3769 4071
4071 3769 1796
3769 1743 1796
1796 1743 3771
7166 6854 7168
3768 7164 3770
7164 6852 7166
7166 6852 6854
6854 6852 6546
6546 6852 6468
6852 4068 6468
6468 4070 6546
4069 4067 3767
6858 7095 7168
1798 1744 3775
4073 1798 3775
2090 4073 3775
2016 4073 2090
1744 1798 3773
4074 3774 3772
4074 3772 7168
7095 4074 7168
3784 4086 8215
6858 6777 7095
6777 6858 4072
4071 1798 4073
4071 1796 1798
3771 1798 1796
3773 1798 3771
3772 7166 7168
3770 7166 3772
3795 1503 4095
1281 1093 1140
4101 1281 1140
1140 1093 3801
4098 4100 3798
3798 4100 3800
4099 4097 3797
4099 3797 3799
4096 4098 3796
3796 4098 3798
1281 1277 1093
3795 1501 1503
3797 1503 1501
4097 1503 3797
4094 4096 3794
3794 4096 3796
3793 1747 4093
3793 1745 1747
3795 1747 1745
976 1140 3801
4104 3804 4102
4102 3804 9076
3804 9016 9076
4103 1282 1362
1142 1362 1140
1140 1362 4101
1362 1282 4101
976 1142 1140
4095 1747 3795
959 976 3801
976 959 3803
9076 3802 9015
4100 4102 3800
3800 4102 9015
4102 9076 9015
3799 1281 4099
3799 1277 1281
4089 2947 3789
3791 2017 2013
4091 2017 3791
8437 4090 8481
3788 4088 3790
3790 4088 8481
4088 8437 8481
3787 2947 4087
3787 2943 2947
3789 2947 2943
2017 2303 2013
4088 3788 3786
4088 3786 8268
8217 4088 8268
8217 8268 4086
4087 4085 3785
4087 3785 3787
8268 3786 8215
4084 4086 3784
8635 8435 8637
8825 4094 3794
8829 4094 8825
8825 4092 8829
8825 3792 4092
4093 4091 3791
4093 3791 3793
8635 4092 3792
8637 4092 8635
4069 3767 3769
8637 8435 4090
8435 8481 4090
8481 8435 3790
3789 2601 4089
3789 2597 2601
2601 2597 2307
2307 2597 2303
2307 2303 2017
4373 3841 4371
4373 3843 3841
4375 3843 4373
4847 3842 5019
5019 4693 4691
5019 4691 3840
4847 5019 3840
4371 4691 4693
4371 4693 4373
4371 3841 3839
4373 4695 4375
4533 3840 4691
4691 4217 4533
4371 4217 4691
3839 4217 4371
4039 3838 3896
4039 3896 3837
4365 3836 4216
4039 4037 4365
4695 3844 4534
2367 2305 2681
4061 2305 2367
7458 3760 7401
7158 7401 7093
7458 7401 7158
6846 7093 6775
7158 7093 6846
6846 6775 3759
4039 4365 4216
4534 4375 4695
4218 4375 4534
4375 4218 3843
5019 3842 4848
4695 4693 5019
4695 5019 4848
3844 4695 4848
4373 4693 4695
5178 4844 3542
6464 3544 6466
6464 6466 6152
6464 6152 6150
6150 6152 5836
6150 5836 5981
3543 6150 5981
5981 5836 3831
5343 3830 5178
5178 4846 4844
6466 3544 3832
5343 5178 3542
4846 3546 4844
4846 3834 3546
3833 3296 3545
3833 3298 3296
3296 3298 2944
3296 2944 2940
2940 2944 2598
4214 4532 4365
3838 4039 4216
3729 4037 4039
3729 4039 3837
3594 3729 3837
3729 3594 3835
4532 3546 3834
4530 3546 4532
4530 4532 4214
2681 2305 2599
4532 3836 4365
4214 4037 3894
4214 4365 4037
3894 3729 3592
3894 4037 3729
3835 3833 3545
3835 3545 3592
3729 3835 3592
3761 3895 3897
7460 7160 7462
7462 7160 7162
7160 6848 7162
7162 6848 6850
6848 6540 6850
6850 6540 4066
6540 6467 4066
6467 6540 4064
3761 3897 4063
3762 7460 3766
3595 3897 3895
3595 3895 3765
3653 3595 3765
3653 3299 3595
3363 3299 3653
2941 2945 3299
2941 3299 3363
3764 2941 3363
3653 3765 3593
3766 7462 7402
7462 7162 7164
7462 7164 3768
7402 7462 3768
7162 6850 7164
7164 6850 6852
4068 6850 4066
4068 6852 6850
2941 2595 2945
3653 3297 3363
3653 3593 3297
3363 3297 3764
2079 3763 2011
3767 4067 4065
3767 4065 2079
2011 3767 2079
3766 7460 7462
5179 5177 4849
6465 6151 6153
6465 6153 4064
6540 6465 4064
6153 6151 5837
5837 6151 5835
5837 5835 5509
5509 5835 5507
5509 5507 5179
5179 5507 5177
6465 6540 3759
4849 5177 4845
4849 4845 4535
4535 4845 4531
4535 4531 4219
4219 4531 4215
3761 4219 4215
4063 4219 3761
2599 4062 2681
4065 2015 2079
2945 2595 4062
2595 2681 4062
2681 2301 2367
2681 2595 2301
2301 3763 2079
2367 2301 2079
2015 2367 2079
4061 2367 2015
3802 9076 9016
3762 7458 7460
3760 7458 3762
7458 7158 7460
7460 7158 7160
7158 6846 7160
7160 6846 6848
6540 6848 6846
6540 6846 3759
4041 3896 3838
5987 6311 5989
5987 4139 4135
5989 4139 5987
4687 4134 4138
4685 4134 4687
4367 4685 4687
4367 4687 4369
4369 4041 4367
4367 4041 3838
5987 6309 6311
3733 3731 4041
4041 3731 3896
3731 3837 3896
3731 4137 4133
3733 4137 3731
6155 4136 6309
6309 5839 6155
5987 5839 6309
4041 4369 4043
5181 4142 5355
5355 4851 5181
5017 4851 5355
4533 4687 3840
4687 4138 3840
4138 5017 3840
4138 4851 5017
4687 4217 4369
4687 4533 4217
4135 5839 5987
4043 4369 3839
4369 4217 3839
3733 4041 4043
3733 4043 4141
3596 3733 4141
3733 3596 4137
6311 4136 4140
6309 4136 6311
4532 4683 3836
5510 5669 5838
5510 5345 5669
5180 5345 5510
5180 5007 5345
4850 5007 5180
4132 4683 4532
4850 4132 4532
3834 4850 4532
5007 4850 3834
5838 5669 5983
3835 4131 3833
3833 4131 3445
4131 3300 3445
3445 3300 4129
6943 4128 4130
6941 4128 6943
6943 6625 6941
6941 6625 3832
4133 3835 3594
4685 4132 4134
4683 4132 4685
4685 4367 4683
4683 4367 3836
4367 4216 3836
4216 4367 3838
3837 3731 3594
4133 4131 3835
5989 5840 4139
3731 4133 3594
6943 4130 6778
6778 6625 6943
6470 6625 6778
6470 6305 6625
6154 6305 6470
6154 5983 6305
5838 5983 6154
4049 4047 4377
6156 6321 4155
6321 6156 4151
5021 4150 4852
4154 4697 4534
4852 4154 4534
3844 4852 4534
5021 4852 3844
4534 4377 4218
4534 4697 4377
6321 6643 4155
4377 4047 4218
4047 3843 4218
4047 4049 3745
4047 3745 3597
4149 4047 3597
4153 3597 3745
6779 4152 6963
6963 6641 6639
3749 4049 3898
6643 4156 6472
6643 6472 4155
4697 4154 4536
4536 4377 4697
4220 4377 4536
4220 4049 4377
3898 4049 4220
3749 3745 4049
6963 6639 4148
4158 3749 3898
3745 4157 4153
3749 4157 3745
6963 4152 6780
6643 6641 6963
6643 6963 6780
4156 6643 6780
6321 6641 6643
4043 3841 4045
6471 6639 4144
6315 4147 4143
6317 4147 6315
5357 4142 4146
5355 4142 5357
5355 5357 5017
5017 5357 4847
5357 3842 4847
5017 4847 3840
6639 6315 4144
4043 3839 3841
4043 4145 4141
4045 4145 4043
6315 4140 4144
6311 4140 6315
5989 6311 6315
5989 6315 4143
5840 5989 4143
3842 5182 4848
6779 6963 4148
6317 6639 6641
6317 6641 6321
6317 4151 4147
6321 4151 6317
5357 4146 5182
4150 5021 4848
5182 4150 4848
6625 6466 3832
5357 5182 3842
4848 5021 3844
4045 3843 4047
4045 3841 3843
4045 4149 4145
4047 4149 4045
6471 4148 6639
6639 6317 6315
9017 4112 9019
4114 4116 3814
3814 4116 9201
4116 9252 9201
4113 1384 4115
4113 1380 1384
3813 1384 1380
3815 1384 3813
9017 4114 3814
9019 4114 9017
9252 3816 9201
9017 3812 4112
4111 3811 4113
4113 3811 1380
3811 1279 1380
1380 1279 3813
4112 3812 3810
4112 3810 8908
8831 4112 8908
1504 4117 1620
1502 1620 3819
3818 9256 9202
4120 3820 4118
4118 3820 9256
3820 9202 9256
4119 1504 1620
4117 3817 3819
4117 3819 1620
8831 8908 4110
3818 9252 9256
3816 9252 3818
4118 9252 4116
4118 9256 9252
4117 4115 3817
3817 4115 1280
4115 1384 1280
1280 1384 3815
8830 4106 8898
4105 1146 4107
4105 1144 1146
1146 1144 978
1146 978 960
3807 1146 960
960 978 3805
3806 3804 4104
3806 4104 8830
8898 3806 8830
3808 8826 8898
4103 1362 1283
1142 1144 1362
1362 1144 1283
1144 4105 1283
1142 976 1144
1144 976 978
3803 978 976
3805 978 3803
4109 1284 1374
4111 4109 3811
3811 4109 1278
4109 1374 1278
1278 1374 3809
8908 3810 8827
4108 4110 3808
3808 4110 8827
4110 8908 8827
4119 1620 1502
1146 1094 3809
4107 1146 3809
1374 4107 3809
1284 4107 1374
1094 1146 3807
3806 8898 8826
4108 3808 4106
4106 3808 8898
7096 4128 6776
2944 2602 2598
2598 2602 2308
2598 2308 2304
4127 2304 2308
3829 2304 4127
3828 8540 8436
8436 8540 3827
7239 4126 7096
4128 6941 6776
2944 2948 2602
3826 7096 6776
7239 7096 3826
6776 6941 3832
3831 5665 5508
5508 5665 3830
4127 2014 3829
4127 2018 2014
4125 2014 2018
5665 5345 3830
6466 6305 6152
6466 6625 6305
6152 5983 5836
6152 6305 5983
5669 5665 5983
5983 5665 5836
5665 3831 5836
5669 5345 5665
3825 2014 4125
5345 5178 3830
5178 5007 4846
5178 5345 5007
4846 5007 3834
3833 3445 3298
2944 3298 2948
2948 3298 4129
3298 3445 4129
4123 1748 1746
7406 4126 7239
7094 7239 3826
4125 4123 3823
4125 3823 3825
3824 3822 4122
3824 4122 8832
8932 3824 8832
8832 4124 8932
4123 1746 3823
7094 7406 7239
4121 1746 1748
3821 1746 4121
9020 3820 4120
9018 3820 9020
9020 3822 9018
9020 4122 3822
4121 4119 3821
3821 4119 1502
8438 8216 8540
3824 8932 8828
8638 8636 8828
8638 8828 8932
4124 8638 8932
8638 8438 8636
8636 8438 3828
8438 8540 3828
8218 8216 8438
4714 4396 4394
8216 3827 8540
8216 8218 7966
8216 7966 7964
7964 7966 7694
7964 7694 7692
7692 7694 7406
7692 7406 7404
7404 7406 7094
4774 7700 7546
4772 8738 8642
8442 8738 8536
8642 8738 8442
8222 8536 8334
8442 8536 8222
7970 8334 8084
8222 8334 7970
7700 8084 7814
7970 8084 7700
2168 4773 2029
7700 7814 7546
7814 7416 7546
7814 5100 7416
7416 5102 7546
5101 2028 2168
5099 4771 4773
5099 4773 2168
2028 5099 2168
5105 4775 2024
4778 5108 4780
4779 5107 4777
4777 5107 2177
5107 2030 2177
2177 2030 5105
5104 5106 4776
4776 5106 4778
4777 2177 2024
5105 5103 4775
4770 8928 8838
2177 5105 2024
4774 7546 7412
5104 4776 5102
5102 4776 7546
4776 7412 7546
5101 2168 2029
4773 4775 5103
4773 5103 2029
5095 1512 4767
5098 8928 8924
5097 1754 4769
5097 1758 1754
5095 1754 1758
4767 1754 5095
4768 4766 5094
4768 5094 8842
8924 4768 8842
8842 5096 8924
5098 8924 5096
5095 1516 1512
1512 1516 1294
1512 1294 1389
4765 1512 1389
1294 1161 1389
1096 1161 1294
1161 1096 5093
5092 5094 4764
7972 8334 8224
4772 8838 8738
8838 8928 8738
8928 8644 8738
8928 5098 8644
8444 8738 8644
8444 8536 8738
8224 8536 8444
8224 8334 8536
5106 5108 4778
7972 8084 8334
7702 8084 7972
7702 7814 8084
7702 5100 7814
5099 5097 4769
5099 4769 4771
4770 8924 8928
4768 8924 4770
5117 3458 3311
4856 5025 4794
4791 2963 5119
4791 2957 2963
4793 2963 2957
5121 2963 4793
7267 5118 5120
7265 5118 7267
7267 4790 7265
7267 4792 4790
5188 5122 5025
4789 4791 5119
4789 5119 3311
3458 4789 3311
7265 5116 5118
7263 5116 7265
7265 4788 7263
7265 4790 4788
5115 4787 5117
6162 6007 5844
5124 6967 6786
7104 5124 6786
4792 7104 6786
7267 7104 4792
6786 6645 6476
6786 6967 6645
6476 6327 6162
6476 6645 6327
5117 4787 3458
6162 6327 6007
5844 5693 5514
5844 6007 5693
5186 5514 5188
5188 5514 5123
5514 5693 5123
5186 5188 4856
4856 5188 5025
4780 5110 4782
5110 5112 4782
4782 5112 4784
3159 4783 3161
3159 4781 4783
2811 3159 3161
2811 3161 5111
2614 2811 5111
2811 2614 5109
5108 5110 4780
3161 2962 5111
4781 3159 2956
2956 2811 2610
2956 3159 2811
2316 2610 2318
2318 2610 5109
2610 2811 5109
5107 2316 2318
4779 2316 5107
5115 3310 3453
4787 3307 3458
3458 3307 4789
4786 5114 5116
4786 5116 7263
7100 4786 7263
7100 7263 4788
4787 5115 4785
4785 5115 3453
4764 5094 4766
3453 3310 5113
5112 5114 4784
4784 5114 4786
4785 3453 3306
2962 3161 4783
5113 2962 4783
3306 5113 4783
3453 5113 3306
5065 8038 7971
1287 4743 1339
9068 4742 9025
8878 8839 4740
8839 5070 4740
5070 9025 4740
5070 9068 9025
8682 8839 8878
8682 8643 8839
8643 8682 5066
4743 5067 1339
7768 7971 8038
7768 7701 7971
7502 7506 7768
7768 7506 7701
7506 5069 7701
7502 7194 7506
7506 7194 7198
7194 6890 7198
4742 9068 4744
5075 5073 4745
5075 4745 4747
4744 9070 9026
5074 4746 5072
5072 4746 9070
4746 9026 9070
5073 5071 4743
5073 4743 4745
4744 9068 9070
7198 6890 5068
5072 9068 5070
5072 9070 9068
5069 7506 7415
7198 7415 7506
7198 7103 7415
7103 7198 5068
1339 4741 1287
4743 5071 5067
7194 6886 6890
7768 8038 8032
7768 8032 4737
7699 7768 4737
7502 7699 7411
7768 7699 7502
7192 7194 7502
7192 7502 7411
4736 7192 7411
7192 6886 7194
8038 5065 8223
5064 6886 5062
5064 6890 6886
5063 5061 4735
5063 4735 4739
8482 4738 8441
8280 8441 8221
8482 8441 8280
8032 8221 7969
8878 8837 8682
6890 6789 5068
6789 6890 5064
4739 4741 5063
5063 4741 1291
4741 1339 1291
5067 1291 1339
8878 4740 8837
8682 8837 8641
8840 5076 8886
8482 8443 4738
8443 5066 4738
5066 8641 4738
5066 8682 8641
8280 8443 8482
8280 8223 8443
8032 8038 8280
8280 8038 8223
1515 1753 1511
5087 1377 1095
5089 1095 1157
9101 5086 9028
4760 4758 5088
5088 4758 9028
4758 9101 9028
4757 1757 5085
4757 1753 1757
1757 1753 1515
1095 1377 1157
1293 1515 1511
1293 1511 4759
1377 1293 4759
5087 1293 1377
9101 5084 5086
9095 5084 9101
9101 4756 9095
9101 4758 4756
1157 4763 1159
4765 1389 1290
1161 1159 1389
1389 1159 1290
1159 4763 1290
1159 5093 5091
1161 5093 1159
5090 5092 4762
4762 5092 4764
5083 2144 2027
1157 4761 4763
1157 5091 5089
1159 5091 1157
5088 5090 4760
4760 5090 4762
1377 4759 1289
1289 4761 1157
1377 1289 1157
8841 5078 8886
4750 5080 4752
5079 1752 4751
5079 1756 1752
1752 1756 1514
1752 1514 1510
5077 1510 1514
4749 1510 5077
5078 4750 4748
5078 4748 8886
5078 5080 4750
8841 8886 5076
5077 1288 4749
5077 1292 1288
5075 1288 1292
4747 1288 5075
4748 4746 5074
4748 5074 8840
8886 4748 8840
5081 2140 2144
4755 4757 5085
4755 5085 2027
2144 4755 2027
9027 5084 9095
4754 5082 4756
4756 5082 9095
5082 9027 9095
5081 2144 5083
7267 5120 7104
4753 2144 2140
4755 2144 4753
5080 5082 4752
4752 5082 4754
5081 2026 2140
5079 4751 4753
5079 4753 2140
2026 5079 2140
5397 1812 1759
5399 5063 1295
5063 1335 1295
5401 1295 1335
5060 6882 6788
5062 6788 6580
6788 6882 6580
6882 6480 6580
6882 5398 6480
6480 5400 6580
5061 5063 5399
1517 1759 1513
1513 1759 5059
1759 1812 5059
5061 1517 1513
5399 1517 5061
5058 7188 7102
7188 6878 6882
7188 6882 5060
5403 1097 1125
6894 5068 6789
5402 5404 5064
5064 5404 6789
5404 6894 6789
1335 5063 1291
1291 5067 1125
1335 1291 1125
1097 1335 1125
5401 1335 1097
7102 7188 5060
8484 5066 8443
8284 8443 8223
8484 8443 8284
8284 8223 5065
5402 5064 5062
5402 5062 6580
6481 5402 6580
6481 6580 5400
5053 2613 2615
5057 2031 2025
5395 2031 5057
5056 7492 7494
5054 7492 5056
7494 7492 7186
7186 7492 7106
7492 5392 7106
7106 5394 7186
5053 2615 5391
2031 5393 2393
2319 2615 2613
2319 2613 5055
2393 2319 5055
5393 2319 2393
5054 7488 7492
5052 7488 5054
5392 7488 5390
5392 7492 7488
7494 7188 5058
5398 6878 5396
5398 6882 6878
5395 5057 5397
5397 5057 1812
5057 1755 1812
1812 1755 5059
5056 7494 7414
7494 7186 7188
7770 7701 5069
7414 7494 5058
7188 7186 6878
6878 7186 6792
7186 5394 6792
6792 5396 6878
2393 5055 2317
2025 2031 2317
2317 2031 2393
5072 8882 5074
5074 8884 8840
5410 5076 5408
5408 5076 8884
5076 8840 8884
5075 5409 5073
5073 5409 1133
5409 1098 1133
1133 1098 5407
5074 8882 8884
5075 1292 5409
5408 8882 5406
5408 8884 8882
1129 5073 1133
1129 5071 5073
1129 5407 5405
1133 5407 1129
5072 8880 8882
5070 8880 5072
5411 1514 1518
2141 5415 2026
1849 1760 5413
5412 5414 5078
5078 5414 5080
5079 1849 1756
1514 1756 1518
1518 1756 5413
1756 1849 5413
8880 8686 8882
5077 1514 5411
8841 5412 5078
8843 5412 8841
8841 5410 8843
8841 5076 5410
5411 1292 5077
5411 1296 1292
5409 1292 1296
8484 8686 8643
6793 6894 5404
1125 5071 1129
1125 5067 5071
1125 5405 5403
1129 5405 1125
8880 5070 8839
8686 8839 8643
8880 8839 8686
8484 8488 8686
7103 5068 6894
5066 8484 8643
8484 8284 8488
8488 8284 8288
8042 8288 8284
8042 8284 5065
7971 8042 5065
7770 7971 7701
8042 7971 7770
7770 7973 8042
8882 8686 5406
8686 8645 5406
8488 8645 8686
8488 8445 8645
8288 8445 8488
8288 8225 8445
8042 8225 8288
8042 7973 8225
5051 2967 5389
7770 7703 7973
7417 7703 7415
7415 7703 5069
7703 7770 5069
7417 7415 7107
7107 7415 7103
7107 7103 6793
6793 7103 6894
4225 4543 5033
5517 5374 5515
5517 5515 5189
5189 5515 5187
5189 5187 4859
4859 5187 4922
5187 5034 4922
4606 4859 4922
4606 4543 4859
4227 4543 4225
5515 5374 5036
4543 4606 5033
5035 4227 4225
5373 4227 5035
4922 5034 4857
4606 4857 4541
4922 4857 4606
4606 4541 5033
4798 4384 4224
5845 5036 5374
5375 3309 3040
5377 5375 3040
2686 2959 2611
3040 2959 2686
2686 2611 5039
5845 5376 5038
5847 5376 5845
5845 5374 5847
3904 3902 4224
5035 3905 5373
5035 3903 3905
3905 3903 3605
3605 3903 3603
3313 3605 3603
3313 3603 5037
3365 3313 5037
5375 3313 3365
5693 5516 5123
6967 5124 6790
6790 6645 6967
6478 6645 6790
6478 6327 6645
6164 6327 6478
6164 6007 6327
5846 6007 6164
5846 5693 6007
5516 5693 5846
5127 4795 4797
5025 5122 4858
5126 4701 4540
4858 5126 4540
4794 4858 4540
5025 4858 4794
4540 4701 4796
5125 5121 4793
5125 4793 4795
5127 2958 2964
3904 4224 4384
5128 3904 4384
3902 3904 3604
3902 3604 3602
3602 3604 3312
3602 3312 3308
3308 3312 2964
3308 2964 2958
3309 2959 3040
4797 2958 5127
4701 5126 4542
4542 4796 4701
4798 4796 4384
4796 4542 4384
4542 4226 4384
4226 5128 4384
5127 5125 4795
7176 5048 7101
6558 6791 6866
6558 6479 6791
6248 6479 6558
6248 6167 6479
6167 6248 5386
5385 3066 5387
5385 3060 3066
5047 3066 3060
5049 3066 5047
6866 6791 7105
6866 7101 6787
7176 7101 6866
6558 6787 6477
6866 6787 6558
6244 6248 6558
6244 6558 6477
5046 6244 6477
5386 6244 5384
5051 5387 2960
5051 2961 2967
5053 2967 2961
5391 2967 5053
5052 7482 7488
5050 7482 5052
5390 7482 5388
5390 7488 7482
5389 5387 5051
5386 6248 6244
5387 3066 2960
2960 3066 5049
7482 5050 7413
7176 7105 5048
7105 5388 5048
5388 7413 5048
5388 7482 7413
6866 7105 7176
2688 5379 2965
5379 2688 5043
3048 5379 5043
2966 5379 3048
2612 2688 5041
5378 5380 5040
5040 5380 5042
5377 3040 2965
2686 2688 3040
3040 2688 2965
2688 2612 5043
5039 2688 2686
5041 2688 5039
6163 5378 5040
6165 5378 6163
6163 5376 6165
6163 5038 5376
3365 5037 3309
5375 3365 3309
5381 3052 5383
5383 3060 5385
5383 3052 3060
5045 3060 3052
5047 3060 5045
5046 6240 6244
5044 6240 5046
5384 6240 5382
5384 6244 6240
8280 8221 8032
5381 3048 3052
5043 3052 3048
5045 3052 5043
5044 5042 5380
5044 5380 6166
6240 5044 6166
6166 5382 6240
5381 2966 3048
4749 1506 1510
4751 1848 1852
4433 1852 1848
4435 1852 4433
4750 4752 4432
4432 4752 4434
4751 1752 1848
1510 1506 1752
1752 1506 1848
1506 4433 1848
4751 1852 4753
4431 1506 4749
4748 4750 4430
4430 4750 4432
4749 1286 4431
4749 1288 1286
4747 1286 1288
4429 1286 4747
4746 4748 4428
8905 4438 4436
4755 1862 4757
4755 1856 1862
1602 1862 1856
1602 1856 4437
1507 1602 4437
1602 1507 4439
8905 4754 4756
8899 4754 8905
8905 4436 8899
4428 4748 4430
4753 1856 4755
4753 1852 1856
4435 1856 1852
4437 1856 4435
4434 4752 4754
4434 4754 8899
8834 4434 8899
8834 8899 4436
8641 8833 8639
9021 4740 9025
9021 4422 4740
1567 4423 1571
1567 4421 4423
1567 4741 4739
1571 4741 1567
8833 4740 4422
8837 4740 8833
8837 8833 8641
9025 4742 9021
8639 4738 8641
8639 4420 4738
4737 7766 7699
7500 7699 7766
7500 7411 7699
7411 7500 4736
2743 4419 2605
2743 2311 2417
4742 4744 4424
4747 4745 4427
4747 4427 4429
9026 4426 4744
9022 4426 9026
9026 4428 9022
9026 4746 4428
4745 4743 4425
4745 4425 4427
8909 4440 4438
4424 4744 4426
1571 4423 1505
1285 1287 1505
1505 1287 1571
1287 4741 1571
4425 1287 1285
4743 1287 4425
9021 4742 4424
4450 4770 4452
4773 4771 4453
4773 4453 4455
4454 4452 4770
4454 4770 8838
8934 4454 8838
8838 4772 8934
4771 4769 4451
4771 4451 4453
4768 4770 4450
7700 4774 7818
4769 1750 4451
4769 1754 1750
4767 1750 1754
4449 1750 4767
4766 4768 4448
4448 4768 4450
4767 1508 4449
4767 1512 1508
8640 8642 8442
4457 2175 2022
4775 4773 4455
4775 4455 2022
2175 4775 2022
4454 8934 8836
8642 8640 8836
8642 8836 8934
4772 8642 8934
4765 1508 1512
8640 8442 8440
8440 8442 8222
8440 8222 8220
8222 7970 8220
8220 7970 4456
7970 8090 4456
7700 8090 7970
7700 7818 8090
4757 1862 1753
4442 4762 4444
4441 4443 4759
4759 4443 1289
4443 1381 1289
4761 1289 1381
4758 4760 4442
4758 4442 8835
8909 4758 8835
8909 8835 4440
4760 4762 4442
1602 1753 1862
1602 1511 1753
4439 4441 4759
4439 4759 1511
1602 4439 1511
8909 4756 4758
8905 4756 8909
8909 4438 8905
1385 1290 4763
4447 1508 4765
4446 9116 9024
4766 4448 4764
4764 4448 9116
4448 9024 9116
4447 4765 4445
4445 4765 1385
4765 1290 1385
2743 2605 2311
9116 4446 9023
4762 4764 4444
4444 4764 9023
4764 9116 9023
1381 4445 1385
1381 4443 4445
1381 4763 4761
1385 4763 1381
7407 4722 7409
2712 2384 2310
4407 2712 2310
2310 2384 4405
8010 4406 7967
7748 7967 7695
8010 7967 7748
7695 7407 7409
7695 7409 4724
7748 7695 4724
2712 2706 2384
7407 4404 4722
4723 2608 2706
2384 2706 2380
2380 2706 4721
2706 2608 4721
4403 2384 2380
4405 2384 4403
7097 4722 4404
2712 4407 2609
2723 4729 2604
4410 8012 8014
4408 8012 4410
4728 8012 4726
4728 8014 8012
4725 2712 2609
4407 4409 4727
4407 4727 2609
7099 4722 7097
4408 8010 8012
4406 8010 4408
8010 7748 8012
8012 7748 4726
7748 7697 4726
7697 7748 4724
4723 2712 4725
4723 2706 2712
4399 2086 4397
2314 4717 2378
2020 2086 4399
4400 6232 6238
4398 6232 4400
4718 6232 4716
4718 6238 6232
4715 2086 4717
4715 2084 2086
4397 2086 2084
2378 4717 4401
4398 4396 4714
4398 4714 6160
6232 4398 6160
6160 4716 6232
4713 2084 4715
4713 2082 2084
4395 2084 2082
4397 2084 4395
4401 2380 2378
7099 7097 6785
6785 7097 6781
6785 6781 6475
6475 6781 6473
6473 4720 6475
6473 4402 4720
4719 2380 4721
4719 2378 2380
4729 4409 2604
4403 2380 4401
4720 4402 4400
4720 4400 6238
6161 4720 6238
6161 6238 4718
4719 2314 2378
2086 2020 4401
4717 2086 4401
2417 4418 2021
4736 7500 7498
3101 4415 2951
2739 3101 2743
2743 3101 4419
3101 2951 4419
2411 2739 2743
2411 2743 2417
2411 2417 2107
2107 2417 2021
4736 7498 4734
1749 1751 2021
2021 1751 2107
1751 4733 2107
1509 1751 1749
1509 1749 4417
1563 1509 4417
4735 1509 1563
8274 4416 8219
8221 8439 8274
2417 2311 4418
1563 4421 1567
1563 4417 4421
1563 4739 4735
1567 4739 1563
8439 4738 4420
8441 4738 8439
8441 8439 8221
8022 8026 8274
8439 4416 8274
8026 8221 8274
8026 7969 8221
7764 7766 8026
8026 7766 7969
7766 4737 7969
7764 7498 7766
7766 7498 7500
2723 4411 2950
4414 8018 8022
4412 8018 4414
8022 8018 7762
7762 8018 7698
8018 4730 7698
7698 4732 7762
4413 3095 2950
2731 2723 3095
3095 2723 2950
4733 2023 2107
2723 4731 4729
2731 4731 2723
4412 8014 8018
4410 8014 4412
4730 8014 4728
4730 8018 8014
4411 2723 2604
4729 4727 4409
3095 4415 3101
8022 8274 8219
4414 8022 8219
8022 7762 8026
8026 7762 7764
7764 7762 7498
7498 7762 7410
7762 4732 7410
7410 4734 7498
7412 4776 4458
3095 4413 4415
2731 3095 3101
2731 3101 2739
2731 2739 2411
2731 2411 2315
4731 2731 2315
2411 2023 2315
2107 2023 2411
2692 2612 5041
4719 2696 2314
2314 2376 4717
6239 5042 5044
6233 5042 6239
6239 4716 6233
6239 4718 4716
5043 2612 2692
2376 2692 2374
2374 2692 5041
2696 2376 2314
4715 2376 2374
4717 2376 4715
4714 5040 5042
4714 5042 6233
6160 4714 6233
6160 6233 4716
5039 2374 5041
5039 2372 2374
4719 2698 2696
7101 5048 7099
7101 7099 6787
6787 7099 6785
6787 6785 6477
6477 6785 6475
6475 5046 6477
6475 4720 5046
5045 2698 5047
5045 2696 2698
4713 2374 2372
4721 2698 4719
5044 5046 4720
5044 4720 6161
6239 5044 6161
6239 6161 4718
5043 2696 5045
5043 2692 2696
2696 2692 2376
3038 4710 2955
5845 5038 5843
5843 5036 5845
5843 4708 5036
4707 3903 5035
4707 3901 3903
3903 3901 3603
3603 3901 3601
4711 3603 3601
5037 3603 4711
5843 5038 4712
2684 2955 2607
3038 2955 2684
2370 2607 2313
2684 2607 2370
2370 2313 4709
5513 5036 4708
5515 5036 5513
5515 5513 5187
2959 3305 3038
4715 2374 4713
6159 5040 4714
6163 5040 6159
6159 5038 6163
6159 4712 5038
4711 3309 5037
4711 3305 3309
3309 3305 2959
7099 5048 4722
3305 4710 3038
2684 2959 3038
2684 2611 2959
2370 2372 2684
2684 2372 2611
2372 5039 2611
4709 2372 2370
4713 2372 4709
4730 7760 7698
7102 5060 7190
2403 4731 2315
2403 2023 2101
2403 2315 2023
2023 4733 1811
2101 2023 1811
1755 2101 1811
5057 2101 1755
5059 1755 1811
7496 5058 7102
4732 7698 7496
7698 7760 7496
7760 7414 7496
7760 5056 7414
7414 5058 7496
4729 4731 5055
5055 4731 2317
4731 2403 2317
1509 1513 1751
8032 7969 4737
4736 7190 7192
4734 7190 4736
7192 7190 6886
6886 7190 6788
7190 5060 6788
6788 5062 6886
1811 4733 1751
2403 2025 2317
1751 1513 1811
1513 5059 1811
4735 1513 1509
5061 1513 4735
4732 7496 7410
4734 7410 7190
7410 7496 7190
7496 7102 7190
2960 5049 3072
2961 3072 4725
2718 2609 4727
7752 4726 7697
5050 5052 4724
4724 5052 7697
5052 7752 7697
5051 2960 3072
5049 4723 4725
5049 4725 3072
2961 4725 2609
7409 5050 4724
7413 5050 7409
7409 5048 7413
7409 4722 5048
5049 5047 4723
4723 5047 2608
5047 2698 2608
2608 2698 4721
4727 5055 2613
2101 2025 2403
5057 2025 2101
4730 7758 7760
4728 7758 4730
5056 7758 5054
5056 7760 7758
5053 2718 2613
4727 4729 5055
5187 5513 5185
2718 4727 2613
4728 7752 7758
4726 7752 4728
5054 7752 5052
5054 7758 7752
5051 3072 2961
2718 5053 2609
5053 2961 2609
6955 4466 4464
4467 4785 4465
4465 4785 3451
4785 3306 3451
3451 3306 4783
7259 4782 4784
7255 4782 7259
6947 7255 7259
6947 7259 6955
6955 4464 6947
6955 6783 4466
4465 3451 3302
4783 4781 4463
4783 4463 3302
3451 4783 3302
7255 4780 4782
7251 4780 7255
7255 6947 7251
7251 6947 4462
4788 4468 7100
4788 4790 4470
4470 4790 4472
4469 3307 4787
4469 3303 3307
4471 3307 3303
4789 3307 4471
7261 4786 7100
4470 4468 4788
6947 6782 4462
4468 7261 7100
4787 4785 4467
4787 4467 4469
7261 4784 4786
7259 4784 7261
7259 7261 6955
6955 7261 6783
7261 4468 6783
2467 4777 2312
2467 4459 2606
2467 4779 4777
2469 4779 2467
4776 4778 4458
4458 4778 4460
4459 2467 2312
2024 2175 4457
4777 2024 4457
2312 4777 4457
2807 2467 2606
2175 2024 4775
4456 8090 7968
7696 8090 7818
7968 8090 7696
7412 7408 7696
7412 7696 7818
4774 7412 7818
7412 4458 7408
2469 2316 4779
6782 6947 4464
4463 4781 4461
4461 4781 3157
4781 2956 3157
2956 2807 3157
2610 2807 2956
2610 2469 2807
2316 2469 2610
4791 4471 4473
4460 4778 4780
4460 4780 7251
7098 4460 7251
7098 7251 4462
4461 3157 2952
2952 2807 2606
2952 3157 2807
2469 2467 2807
4222 4383 4482
3600 3602 3308
3600 3308 3304
3304 3308 2958
3304 2958 3171
4481 3304 3171
3171 2958 4797
4480 4796 4798
4480 4798 4383
4222 4480 4383
3900 3602 3600
4481 3171 2954
4797 4795 4479
4797 4479 2954
3171 4797 2954
4699 4794 4540
4480 4478 4796
4796 4478 4540
4478 4699 4540
4857 4855 4541
5185 5034 5187
5185 4706 5034
4705 4225 5033
4705 4223 4225
4707 4225 4223
5035 4225 4707
4855 5034 4706
4857 5034 4855
3167 4477 2953
4541 4855 4539
4705 4541 4539
5033 4541 4705
4383 4798 4224
4224 3902 3900
4224 3900 4482
4383 4224 4482
3900 3902 3602
4790 4792 4472
5361 5186 4474
4854 4856 4538
4538 4856 4699
4856 4794 4699
4538 4699 4478
4473 4477 4791
4791 4477 2957
4477 3167 2957
4793 2957 3167
5186 4854 4474
4472 4792 4476
4475 6005 5842
5842 5691 5512
5842 6005 5691
5512 5361 5184
5512 5691 5361
5184 5361 4474
4791 4789 4471
6474 6162 6158
4479 4795 4793
4479 4793 3167
2953 4479 3167
6786 4476 4792
6784 4476 6786
6784 6786 6476
6784 6476 6474
6474 6476 6162
3163 6719 3324
6158 6162 5844
6158 5844 6005
4475 6158 6005
5844 5691 6005
5514 5691 5844
5514 5361 5691
5186 5361 5514
5186 4856 4854
8338 8788 8252
8000 8984 8790
8983 5220 5342
4890 4886 5220
5220 4886 5342
4886 8789 5342
8981 4886 4890
8787 4886 8981
8788 8786 8980
8788 8980 8252
8000 8790 7998
8252 8982 8338
8981 4572 8787
8981 4576 4572
8979 4572 4576
8785 4572 8979
8784 3432 3348
3348 3432 8783
8782 8528 8470
5342 5216 8791
8985 5666 5549
8791 8793 8987
8791 8987 5549
5666 8791 5549
8790 8984 8986
8790 8986 7821
7728 8790 7821
7728 7821 8792
8985 5548 5666
8980 8786 8978
8983 5342 8791
5666 8983 8791
5548 8983 5666
5216 5342 8789
8788 8338 8250
8000 7998 8250
8000 8250 8338
8982 8000 8338
8781 3144 8779
8868 8922 8670
8782 8670 8528
8670 8726 8528
8726 8472 8528
8726 8976 8472
8472 8978 8528
8975 3144 8977
8975 3142 3144
8779 3144 3142
8670 8922 8726
8780 8916 8922
8778 8916 8780
8922 8916 8726
8726 8916 8672
8916 8974 8672
8672 8976 8726
8973 3142 8975
8973 3136 3142
3636 3350 3634
8978 8786 8528
8786 8470 8528
8979 4258 8785
8979 4262 4258
4258 4262 3940
4258 3940 3936
3936 3940 3636
3936 3636 3634
7823 8794 8792
3634 3350 8784
3350 3432 8784
3144 3018 8783
8977 3144 8783
3432 8977 8783
3350 8977 3432
3018 3144 8781
8780 8922 8868
6196 6194 6512
8997 4263 3937
4263 8799 3937
4263 4370 8799
4044 3937 8801
7257 8994 7142
7142 6951 7257
6820 6951 7142
6820 8993 6951
6630 6512 8798
4044 8997 3937
6196 6512 6630
8992 6196 6630
6196 5878 6194
6194 5878 8800
5878 5990 8800
5878 8996 5990
8991 5350 5221
5014 8995 4887
8802 5990 5994
5876 5994 5684
5994 5550 5684
5994 8998 5550
5550 9000 5684
8997 4044 3941
8801 8803 8999
8801 8999 3941
4044 8801 3941
8995 5221 4887
8800 5990 8802
8998 5990 8996
8998 5994 5990
8995 5014 4891
4688 4891 5014
4688 4577 4891
4370 4577 4688
4370 4263 4577
7823 7730 8794
6516 8992 6630
8989 5350 8991
8989 5348 5350
8795 5350 5348
8797 5350 8795
7823 8988 7730
8990 7559 7444
7730 8990 7444
8794 7730 7444
6818 6951 8993
7444 7559 8796
8987 8793 8989
8989 8793 5348
8793 5217 5348
5348 5217 8795
7823 8986 8988
7821 8986 7823
7823 8792 7821
8994 7257 7140
5221 8797 4887
5221 5350 8797
4688 4887 4573
5014 4887 4688
4370 4573 4259
4688 4573 4370
4370 4259 8799
7559 8990 7446
8777 3142 3136
7446 8994 7140
8796 7446 7140
7559 7446 8796
7140 6951 6818
7140 7257 6951
6818 6516 6630
6818 6630 8798
6516 6818 8993
8955 1790 1786
7999 7997 7729
7729 7997 7727
7727 8954 7729
7727 8756 8954
8953 6272 6195
5948 6195 6272
5948 5877 6195
5877 5948 8952
8955 1786 8757
7999 8249 7997
8951 1786 1790
8755 1786 8951
7443 8954 8756
7445 8954 7443
7445 7443 7141
7141 7443 7200
7443 8754 7200
7141 7200 8950
8757 1787 1844
8671 8867 8698
8867 8760 8698
8469 8671 8698
8469 8698 8759
8671 8469 8956
8469 8501 8956
8501 8469 8758
8955 8757 8957
8957 8757 1844
8949 6588 6515
1844 1787 8761
8698 8760 8669
8471 8956 8501
8698 8669 8759
8249 8251 8471
8249 8471 8501
8758 8249 8501
8251 8249 7999
5300 5219 5547
6270 6588 6268
6268 6588 8945
6588 6514 8945
6268 5944 6270
6270 5944 5946
5944 5624 5946
5946 5624 8948
5624 5547 8948
5300 5547 5624
6588 8949 6819
5219 5300 8944
8751 1789 8943
8751 1785 1789
8753 1789 1785
8947 1789 8753
7196 8752 7139
6888 6892 7196
6888 7196 7139
8951 8753 8755
6270 6272 6588
6588 6272 6515
6272 8953 6515
6270 5946 6272
6272 5946 5948
8952 5946 8948
8952 5948 5946
8951 8947 8753
8869 8867 8671
8754 7196 7200
8752 7196 8754
7196 6892 7200
7200 6892 8950
6892 6819 8950
6588 6892 8946
6588 8946 6514
6892 6588 6819
1610 1546 8969
2352 2774 2664
2352 2452 2774
2068 2066 2352
2352 2066 2452
2066 8775 2452
2066 2068 1792
2066 1792 1788
1546 1788 1792
1546 1792 8969
8971 2664 2774
1546 1610 8773
8772 9240 9224
8970 8774 8968
8968 8774 9240
8774 9224 9240
8969 1548 1610
8967 8771 8773
8967 8773 1610
3136 8971 8777
8779 3142 8777
8778 8776 8972
8778 8972 8870
8916 8778 8870
8870 8974 8916
8973 3020 3136
2774 2662 8777
8971 2774 8777
1548 8967 1610
3020 8971 3136
2350 2774 2452
2662 2774 2350
2350 2452 8775
9060 8774 8970
9058 8774 9060
9060 8776 9058
9060 8972 8776
1584 8959 1545
8959 1584 1547
8763 8765 8961
8763 8961 1547
1584 8763 1547
8958 8960 8764
8958 8764 9057
9073 8958 9057
9073 9057 8762
8957 1844 1791
8764 8962 8766
8959 1791 1545
1791 8761 1545
1791 1844 8761
1584 1545 8763
9059 8958 9073
8867 8869 9059
8867 9059 9073
8762 8867 9073
8965 8963 8767
8772 8770 8966
8772 8966 9226
9240 8772 9226
9226 8968 9240
8967 8965 8769
8967 8769 8771
8964 8966 8768
8768 8966 8770
8804 5876 5684
8965 8767 8769
9223 8964 8768
9225 8964 9223
9223 8962 9225
9223 8766 8962
8963 8961 8765
8963 8765 8767
8960 8962 8764
8964 9232 8966
8966 9236 9226
9156 8968 9154
9154 8968 9236
8968 9226 9236
9153 1606 9155
9153 1600 1606
8965 1606 1600
8967 1606 8965
8966 9232 9236
1548 1606 8967
9154 9232 9152
9154 9236 9232
9151 1600 9153
9151 1594 1600
8963 1600 1594
8965 1600 8963
9232 8964 9225
9150 9152 8962
2068 2074 1794
9060 8970 9062
9062 8972 9060
9062 9160 8972
9159 2664 8971
9159 2666 2664
2664 2666 2354
2664 2354 2352
2352 2354 2074
2352 2074 2068
8962 9152 9225
2068 1794 1792
9157 1792 1794
8969 1792 9157
9156 9158 8968
8968 9158 8970
9157 9155 8969
8969 9155 1548
9155 1606 1548
8671 9144 8673
2073 8957 1791
2073 2132 8957
1846 1791 8959
9059 9146 8958
9061 9146 9059
9061 9059 8871
8871 9059 8869
8871 8869 8673
8673 8869 8671
9147 2073 1791
8671 8956 9144
9143 6274 6197
5950 6197 6274
5950 5879 6197
5879 5950 9142
9141 2132 9145
9141 2130 2132
8955 2132 2130
1588 9149 1547
9152 9232 9225
9149 1594 9151
9149 1588 1594
8961 1594 1588
8963 1594 8961
9148 9150 8960
8960 9150 8962
9147 1846 1793
9062 8970 9158
9149 1793 1547
1793 8959 1547
1793 1846 8959
1588 1547 8961
9146 9148 8958
8958 9148 8960
9145 2132 2073
1846 9147 1791
8254 8980 9168
8000 8982 8002
8002 8984 8000
8002 9172 8984
9171 5220 8983
9171 5224 5220
4890 5220 5224
4890 5224 9169
5002 4890 9169
4890 5002 8981
8002 8982 9170
8252 8980 8254
8254 8982 8252
8254 9170 8982
9169 4894 5002
4674 4576 8981
9167 4674 8981
5002 9167 8981
4894 9167 5002
9175 5552 5667
9175 5670 5674
8987 5674 5670
8989 5674 8987
9174 9176 8986
8986 9176 8988
9175 8985 5549
9175 5549 5670
8985 9175 5667
4576 4674 8979
9173 5667 5552
5549 8987 5670
9172 9174 8984
8984 9174 8986
8985 5667 5548
9173 9171 8983
9173 8983 5548
5667 9173 5548
9163 8973 8975
9165 3352 3428
9163 8975 8977
9163 8977 3428
3352 9163 3428
8674 8974 9162
8672 8974 8674
8674 8976 8672
8674 9164 8976
9163 9161 8973
8474 9166 8978
8872 8972 9160
8870 8972 8872
8872 8974 8870
8872 9162 8974
9161 3020 8973
9161 3022 3020
9159 3020 3022
8971 3020 9159
3940 3944 3638
9166 9168 8978
8978 9168 8980
9167 4580 4674
4266 4262 4580
4580 4262 4674
4262 8979 4674
4262 4266 3944
4262 3944 3940
8957 2132 8955
3940 3638 3636
3350 3636 3638
3350 3638 9165
3428 3350 9165
3350 3428 8977
8474 8976 9164
8472 8976 8474
8474 8978 8472
3678 3635 9130
3637 9132 3678
3637 3678 9130
9129 2104 2069
8937 8939 9131
8937 9131 2069
2104 8937 2069
3678 8938 3635
3635 3349 3351
3635 3351 9130
9132 8938 3678
3351 3349 3021
3021 3349 3019
3021 3019 2665
2665 3019 2726
3019 8936 2726
2398 2665 2726
2398 2353 2665
2104 9129 2067
3939 9134 8942
4579 4575 4265
4265 4575 4261
4261 9134 4265
4261 8942 9134
9133 2116 2071
8941 8943 9135
8941 9135 2071
2116 8941 2071
9129 2353 2067
3943 9134 3939
3939 9132 3943
3939 8940 9132
9133 2070 2116
9131 8939 8941
9131 8941 2116
2070 9131 2116
9132 8940 8938
9003 9001 8805
3942 3938 4264
4264 3938 4380
3938 8809 4380
9003 3938 3942
8807 3938 9003
5222 8806 9002
5218 8806 5222
5222 8808 5218
5222 9004 8808
4264 4380 4700
9003 8805 8807
8804 5684 5546
9002 8806 9000
9000 8806 5684
8806 5546 5684
9001 8999 8803
9001 8803 8805
8802 5994 5876
4260 4700 4380
2353 8935 2067
2353 2398 8935
2104 2067 8937
2726 8936 2663
2398 2663 2351
2726 2663 2398
2398 2351 8935
8810 4700 4574
4964 4889 9136
4574 4700 4260
4260 4380 8809
4892 8808 9004
4888 8808 4892
4892 4578 4888
4888 4578 8810
4578 4700 8810
4264 4700 4578
5551 5628 9140
9143 6517 6195
6517 8953 6195
6517 6590 8953
5950 6195 5877
6274 6195 5950
5628 5551 8952
5551 9142 8952
9142 5877 8952
9142 5950 5877
6274 9143 6195
9141 2072 2130
1834 1790 8955
9139 1834 8955
2130 9139 8955
2072 9139 2130
1790 1834 8951
7510 8954 7445
7202 7445 7141
7731 7729 7447
8471 9144 8956
8473 9144 8471
8473 8471 8253
8253 8471 8251
8253 8251 8001
8001 8251 7999
8001 7999 7731
7731 7999 7729
7510 7445 7202
7447 7729 7510
7729 8954 7510
7202 7447 7510
7202 7143 7447
6900 7143 7202
6900 6821 7143
6590 6821 6900
6590 6517 6821
9135 8943 9137
6514 6586 8945
5626 8948 5547
5547 5219 5223
5547 5223 9138
5626 5547 9138
5223 5219 4893
4893 5219 4964
5219 8944 4964
4893 4964 9136
8946 6586 6514
9137 8943 1826
8943 1789 1826
1826 1789 8947
6586 8946 6513
6586 6513 8945
4964 8944 4889
4889 4575 4579
4889 4579 9136
8948 5626 8952
6898 6900 7202
6898 7202 7141
8950 6898 7141
6590 6900 6898
6590 6898 8949
6515 6590 8949
6590 6515 8953
8952 5626 5628
8750 6888 7139
9140 5626 9138
9140 5628 5626
9137 1834 9139
9137 1826 1834
8947 1834 1826
8951 1834 8947
6898 8950 6819
6898 6819 8949
7137 8552 8750
8752 8754 8554
8554 8754 8556
8553 8555 8751
8751 8555 1785
8555 1825 1785
8753 1785 1825
7137 8752 8554
7139 8752 7137
7137 8750 7139
1783 8557 1825
8749 5942 5875
5622 5875 5942
5622 5545 5875
5298 5545 5622
5298 5215 5545
5215 5298 8748
8751 8747 8551
8751 8551 8553
8755 8559 1840
8500 8467 8758
8249 8247 7997
7997 8247 7995
7997 7995 7727
7727 7995 7725
7725 8756 7727
7725 8558 8756
8757 1786 1840
8755 8557 8559
6815 8750 8552
1786 8755 1840
7441 8756 8558
7443 8756 7441
7441 8754 7443
7441 8556 8754
1825 8555 1783
8557 8755 8753
8557 8753 1825
6262 5938 6264
4316 4571 4638
4316 4257 4571
4257 4316 8746
8747 8745 8549
8747 8549 8551
6578 8550 6509
6262 6264 6578
6262 6578 6509
8548 6262 6509
4638 4571 4885
6264 5938 5940
5938 5618 5940
5940 5618 5620
5618 5294 5620
5620 5294 5296
5294 4958 5296
5296 4958 4960
4638 4960 4958
5942 8749 6193
6817 8750 6815
6817 6815 6511
6511 6815 6578
6815 8550 6578
6264 6511 6578
6264 6193 6511
5940 5942 6264
6264 5942 6193
8467 8249 8758
5940 5620 5942
5942 5620 5622
5620 5296 5622
5622 5296 5298
5296 4960 5298
5298 4960 8748
4960 4885 8748
4638 4885 4960
1599 8571 1605
8574 8772 9224
9246 8574 9224
9224 8774 9246
1605 8573 1609
1605 8571 8573
1605 8773 8771
1609 8773 1605
8770 8772 8570
8570 8772 8572
8574 8572 8772
1599 8569 8571
1599 8771 8769
1605 8771 1599
8768 8770 8568
8568 8770 8570
1593 8569 1599
1593 8567 8569
1593 8769 8767
2064 2348 2066
2451 2350 8775
8574 9246 9222
8576 9222 9114
9222 9246 9114
9246 9058 9114
9246 8774 9058
9058 8776 9114
8575 2451 2348
1599 8769 1593
2066 2348 8775
2348 2451 8775
2064 2066 1788
2064 1788 1784
1784 1788 1546
1784 1546 1609
8573 1784 1609
1609 1546 8773
8559 8561 8761
8563 1545 1543
8763 1545 8563
8865 8762 8562
8867 8762 8865
8865 8760 8867
8865 8560 8760
8759 8500 8469
8469 8500 8758
8757 1840 1787
8561 1543 1545
8559 8761 1787
1840 8559 1787
8667 8760 8560
8669 8760 8667
8669 8667 8467
8669 8467 8500
8759 8669 8500
8467 8247 8249
8764 8766 8564
9221 8768 8568
9223 8768 9221
9221 8766 9223
9221 8566 8766
8567 1593 1544
8767 8765 8565
8767 8565 1544
1593 8767 1544
4638 4958 8547
8564 8766 8566
8765 8763 8563
8765 8563 8565
9055 8764 8564
9057 8764 9055
9055 8762 9057
9055 8562 8762
8561 1545 8761
8402 6508 6638
8605 3342 8403
8605 3346 3342
3012 3342 3346
3012 3346 8603
3166 3012 8603
3012 3166 8401
8400 6638 6508
8604 8402 8602
8602 8402 6638
5874 8606 6004
8603 3016 3166
8601 8399 8401
8601 8401 3166
3016 8601 3166
8400 6634 6638
8398 6634 8400
8602 6634 8600
8602 6638 6634
8607 3628 8405
6190 6324 5872
5544 5542 5872
5544 5872 6004
8606 5544 6004
5542 5544 5214
5542 5214 5212
5214 8406 5212
5214 8608 8406
8601 8599 8397
8607 3632 3628
8605 3628 3632
8403 3628 8605
8404 8402 8604
8404 8604 6192
6324 8404 6192
5874 6324 6192
5874 6004 6324
4682 4569 4883
3631 3730 8393
8395 3345 3341
8597 3345 8395
7249 8594 7138
8394 8392 8596
8596 8392 7138
8392 7249 7138
8593 5008 4883
4682 4883 5008
3341 3631 8393
4364 4569 4682
4364 4255 4569
4036 4255 4364
4036 3933 4255
3728 3730 4036
4036 3730 3933
3730 8595 3933
8391 3730 3728
8395 3011 3015
8601 8397 8399
8396 6950 6814
8398 6814 6634
6814 6950 6634
6950 6510 6634
6950 8598 6510
6510 8600 6634
8395 3015 8597
5872 6324 6004
8397 3015 3011
8599 3015 8397
8396 8394 8596
8396 8596 6816
6950 8396 6816
6816 8598 6950
8595 3730 3631
3345 3631 3341
3347 3629 3343
5292 5618 5543
8544 5292 5543
4958 5294 5292
4958 5292 8543
4881 4958 8543
4958 4881 8547
3629 8744 8546
3633 8744 3629
3633 3629 3347
5292 5294 5618
3347 3343 3017
3017 3343 3090
3343 8542 3090
3017 3090 8742
2397 8541 2347
2347 8545 2103
2397 2347 2103
2065 2397 2103
2103 8545 2063
4567 4638 8547
4316 4567 4253
4638 4567 4316
4253 3931 3935
4253 3935 8746
4316 4253 8746
3931 8744 3935
3931 8546 8744
8741 2397 2065
8549 8745 8743
8549 8743 2103
2063 8549 2103
6262 8548 6191
5938 6191 5873
6262 6191 5938
5618 5873 5543
5938 5873 5618
8408 8406 8608
5026 4570 4702
5026 8610 4570
4256 4702 4570
4256 4382 4702
4052 3930 8409
8609 4052 8409
4382 8609 8409
4256 8609 4382
3930 4052 8407
4880 5026 4702
8408 8608 4884
5026 8408 4884
4884 8610 5026
8609 3934 4052
8607 8405 8407
8607 8407 4052
3934 8607 4052
8404 6324 6190
2349 2659 8541
8743 2065 2103
5292 8544 5213
5292 5213 8543
3090 8542 3013
3013 2659 2661
3013 2661 8742
3090 3013 8742
2349 2661 2659
8575 8577 2451
2397 2349 8541
8741 2349 2397
8410 4702 4566
4252 4702 4382
4566 4702 4252
4252 4382 8409
8408 5026 4880
8410 4880 4702
8605 3744 3346
8606 5874 5688
5874 5998 5688
5998 5546 5688
5998 8804 5546
5546 8806 5688
8803 3744 8805
8803 3740 3744
3744 3740 3456
3744 3456 3346
6192 6320 5874
3346 3456 8603
8604 6316 6320
8602 6316 8604
6320 6316 5998
5998 6316 5876
6316 8802 5876
5876 8804 5998
8801 3740 8803
8806 5218 5688
4888 8610 4884
4888 8810 8610
8809 3934 8609
8809 3938 3934
8807 3934 3938
8607 3934 8807
8606 5688 5544
5218 5214 5544
5218 5544 5688
8801 3736 3740
5218 8608 5214
5218 8808 8608
8807 8805 8607
8607 8805 3632
8805 3744 3632
3632 3744 8605
8604 6320 6192
5874 6320 5998
4686 4887 5012
8599 3164 3162
8601 3164 8599
6512 8598 8798
6510 8598 6512
6512 6194 6510
6510 6194 8600
6194 6312 8600
6194 8800 6312
8797 5012 4887
3454 3162 3164
4686 4573 4887
4368 4573 4686
4368 4259 4573
4040 4042 4368
4368 4042 4259
4042 8799 4259
4040 3732 4042
4042 3732 3734
8802 6312 8800
3736 3454 3740
3740 3454 3456
3456 3454 3164
3456 3164 3016
8603 3456 3016
3016 3164 8601
8602 6312 6316
8600 6312 8602
4884 8608 4888
8802 6316 6312
8799 4042 3937
3734 3736 4042
4042 3736 3937
3736 8801 3937
3734 3452 3736
3736 3452 3454
3452 3162 3454
6266 6511 6193
4640 4575 4889
4318 4575 4640
4318 4261 4575
4261 4318 8942
8943 8941 8747
8943 8747 8751
6888 8750 6817
6582 6817 6511
6888 6817 6582
4640 4889 4962
6582 6511 6266
6266 6193 8749
4962 8748 4885
4640 4885 4571
4962 4885 4640
4318 4571 4257
4640 4571 4318
3988 3939 8746
5875 5944 8749
6888 6582 6892
6892 6582 8946
6582 6513 8946
6266 6268 6582
6582 6268 6513
6268 8945 6513
5944 6268 6266
5944 6266 8749
3939 8942 8746
5624 5875 5545
5944 5875 5624
5300 5545 5215
5624 5545 5300
4962 4889 8748
4889 8944 8748
8944 5215 8748
8944 5300 5215
8741 2351 2349
3017 8742 8936
8741 2067 8935
8741 2065 2067
8743 2067 2065
8937 2067 8743
2661 8936 8742
2663 8936 2661
2663 2661 2351
2351 2661 2349
3017 8936 3019
8935 2351 8741
4574 8610 8810
4570 8610 4574
4570 4574 4260
4570 4260 4256
8809 4256 4260
8609 4256 8809
4888 8608 8808
8940 3988 3935
8942 4257 8746
8942 4318 4257
3939 3988 8940
8941 8939 8745
8941 8745 8747
3988 8746 3935
8938 8940 8744
8744 8940 3935
3732 3450 3734
8939 8937 8743
8939 8743 8745
3633 8938 8744
3635 8938 3633
3635 3633 3349
3349 3633 3347
3349 3347 3019
3019 3347 3017
8866 8926 8668
3348 3344 3630
3348 3630 3714
8784 3348 3714
3014 3344 3348
3014 3348 8783
3146 3014 8783
3014 3146 8583
8582 8926 8866
8668 8926 8732
8585 4028 3630
8584 8668 8534
8668 8732 8534
8732 8470 8534
8732 8782 8470
8470 8786 8534
8785 4258 4352
3936 4352 4258
3936 4024 4352
4352 4254 8587
4568 4676 8587
8586 4028 3932
3932 4028 8585
8584 8534 8468
8788 8588 8786
8786 8588 8534
8588 8468 8534
8787 4572 4676
3634 4024 3936
8785 4352 8587
4676 8785 8587
4572 8785 4676
4352 4024 4028
4352 4028 8586
4254 4352 8586
4028 4024 3714
4028 3714 3630
8579 2784 8577
8579 2788 2784
8581 2788 8579
8580 9120 9124
8578 9120 8580
8780 9120 8778
8780 9124 9120
8777 2784 8779
8777 2780 2784
8577 2784 2780
8779 2784 2788
8578 9114 9120
8576 9114 8578
8778 9114 8776
8778 9120 9114
8777 2662 2780
8577 2780 2662
2662 2350 2451
8577 2662 2451
8580 9124 9056
3634 3714 4024
3634 8784 3714
8783 3018 3146
2788 2660 8583
8781 2788 8583
3146 8781 8583
3018 8781 3146
2660 2788 8581
4886 8787 5004
8582 9056 8926
9056 9124 8926
9124 8868 8926
9124 8780 8868
8670 8926 8868
8670 8732 8926
8670 8782 8732
8779 2788 8781
7444 8796 7138
4368 4038 4040
3732 4040 4038
3732 4038 8595
3631 3732 8595
3450 3631 3345
3732 3631 3450
3450 3345 8597
7555 8794 7444
8796 7253 7138
4366 4038 4368
8594 7444 7138
7555 7444 8594
7138 7253 8596
8793 5346 5217
5010 8795 4883
8795 5217 4883
5217 8593 4883
5217 5346 8593
7253 7140 8596
3734 3450 3452
3162 3452 3450
3162 3450 8597
3015 3162 8597
3162 3015 8599
7253 8796 7140
7140 6818 6816
7140 6816 8596
4684 4883 4569
6818 8598 6816
6818 8798 8598
8795 5012 8797
8795 5010 5012
5010 4684 5012
5012 4684 4686
4684 4366 4686
4686 4366 4368
8248 8588 8250
7728 8792 7551
7442 7551 8592
8791 5216 5344
5004 4882 8591
8789 5004 8591
5344 8789 8591
5216 8789 5344
4882 5004 8589
8250 8588 8788
7442 7728 7551
8248 8250 7998
8248 7998 7996
7998 8590 7996
7998 8790 8590
8789 4886 5004
4676 4568 8589
8787 4676 8589
5004 8787 8589
7555 8592 7551
5010 4883 4684
4366 4569 4255
4684 4569 4366
4038 4255 3933
4366 4255 4038
4038 3933 8595
7555 8792 8794
7551 8792 7555
9175 5674 9177
7555 8594 8592
8791 5346 8793
8791 5344 5346
8591 5346 5344
8593 5346 8591
7728 8590 8790
7726 8590 7728
7726 7728 7442
9315 9381 9379
9382 9384 9316
9316 9384 9318
9383 9381 9315
9383 9315 9317
6313 9380 6202
9316 9314 9382
9382 9314 6202
9314 6313 6202
4689 9313 4585
9385 9317 9319
9315 9379 4689
4585 9315 4689
6953 9378 6826
6826 6522 6520
6826 6520 9312
6953 6826 9312
6520 6522 6200
6200 6522 6313
9387 4586 9321
5230 9322 5234
5230 5234 4904
5230 4904 4900
9387 4900 4904
9321 4900 9387
5562 9320 9386
5558 9320 5562
5562 9322 5558
5562 9388 9322
6522 9380 6313
9387 4590 4586
9385 4586 4590
9319 4586 9385
5884 9318 9384
5882 9318 5884
5884 9320 5882
5884 9386 9320
9385 9383 9317
9309 9373 5672
5557 9311 5351
5675 5557 5351
5233 5675 5351
9375 5675 5233
9377 5233 5351
9310 7556 7560
9308 7556 9310
9376 7556 9374
9376 7560 7556
5675 9309 5557
9309 5672 5556
9373 9309 5561
9309 5675 5561
9375 5561 5675
5672 9307 5556
9308 7552 7556
9306 7552 9308
9374 7552 9372
9379 4589 4689
6200 6313 9314
5351 9311 5229
4899 4903 5229
5229 4903 5351
4903 9377 5351
4589 4903 4899
4589 4899 9313
4689 4589 9313
5234 9322 9388
9310 7560 7450
7148 7146 7450
7148 7450 7560
9376 7148 7560
7146 7148 6824
6824 7148 6953
7148 9378 6953
6824 6953 9312
5302 9332 5231
3996 9 4273
3994 3686 3996
3996 3686 3688
8 3686 4
8 3688 3686
7 2362 2426
3 9331 9333
3 9333 2426
2362 3 2426
4322 3996 4273
5231 4901 4905
5231 4905 6
5302 5231 6
4905 4901 4591
4591 4901 4642
4901 9330 4642
4320 4322 4642
4642 4322 4591
2752 2674 7
3688 3949 3996
3688 3643 3949
3643 3688 8
11 3030 3112
2674 3112 3030
2674 2752 3112
2428 2752 2426
2426 2752 7
4322 5 4591
9333 2428 2426
9335 2428 9333
10 9334 9332
10 9332 5302
5235 10 5302
5235 5302 6
5 4322 4273
3994 3996 4322
9327 9329 1
3684 3641 3400
3104 3029 9328
3029 2 9328
2 3355 9328
2 3400 3355
2744 3029 3104
2744 2673 3029
2420 2673 2744
2420 2361 2673
3400 3641 3355
9327 1 2361
2420 9327 2361
3104 9328 3025
2744 3025 2669
3104 3025 2744
2420 2669 2357
2744 2669 2420
2420 2357 9327
3 1 9329
4320 3992 4322
4322 3992 3994
3992 3684 3994
3994 3684 3686
3684 3400 3686
3686 3400 4
3400 3357 4
3357 3400 2
9374 7556 7552
3 9329 9331
4642 9330 4587
4320 4587 4271
4642 4587 4320
3992 4271 3947
4320 4271 3992
3684 3947 3641
3992 3947 3684
8906 8714 8910
9110 8910 9356
8910 8875 9356
8875 8910 9354
9355 9353 9287
9355 9287 9289
9104 9288 9065
8906 8910 9104
8906 9104 9065
9286 8906 9065
9104 8910 9110
8910 8714 9354
8714 8677 9354
8677 8714 9352
9351 7788 7735
7522 7735 7788
7522 7451 7735
7451 7522 9350
9353 9349 9287
9292 9066 9110
9293 3137 3024
2672 2775 9291
9359 2672 9291
3024 9359 9291
3137 9359 3024
2775 2672 9357
9290 9110 9066
9358 9292 9356
9356 9292 9110
9287 9349 2078
9291 2775 2668
2356 2668 2360
2360 2668 9357
2668 2775 9357
9355 2356 2360
9289 2356 9355
9290 9104 9110
9288 9104 9290
9343 7784 7786
9282 9086 9064
9086 8896 8902
9086 8902 9284
9064 9086 9284
8896 8710 8902
8902 8710 8712
9348 8710 9344
9348 8712 8710
9343 7786 9347
9285 2146 9283
7784 7518 7786
7786 7518 7520
7518 7210 7520
7520 7210 9346
7210 7147 9346
7147 7210 9342
9341 3118 3027
2758 3027 3118
9347 7788 9351
9349 2146 2078
2078 2146 9285
9286 8902 8906
9284 8902 9286
8902 8712 8906
8906 8712 8714
9352 8712 9348
9352 8714 8712
9292 9360 9294
9347 7786 7788
7786 7520 7788
7788 7520 7522
9350 7520 9346
9350 7522 7520
9345 2146 9349
9345 2142 2146
9283 2146 2142
9301 9365 5228
9369 9367 9301
9369 9301 9303
9300 8332 8256
9302 8256 8088
8256 8332 8088
8332 8006 8088
8332 9366 8006
8006 9368 8088
9367 9365 9301
7736 9370 7820
9365 5334 5228
5228 5334 9299
9298 8530 8476
9300 8476 8332
8476 8530 8332
8530 8258 8332
8530 9364 8258
8258 9366 8332
7820 9370 7452
9373 5560 5672
9371 9305 9307
9371 9307 5672
5560 9371 5672
9304 7820 7734
9306 7734 7552
7734 7820 7552
7820 7452 7552
9365 5232 5334
7452 9372 7552
9371 9369 9303
9371 9303 9305
9302 8088 8004
9304 8004 7820
8004 8088 7820
8088 7736 7820
8088 9368 7736
8876 8678 8874
8728 8478 8530
8728 9362 8478
8478 9364 8530
9297 3429 3354
9363 9361 9295
9363 9295 3354
3429 9363 3354
8876 9294 9360
8874 9294 8876
8676 8728 8530
8874 8678 9296
8678 8728 9296
8678 9362 8728
9295 9361 9293
9293 9361 3137
9361 3028 3137
3137 3028 9359
9358 9360 9292
4270 3948 3946
4902 4898 5232
5232 4898 5334
4898 9299 5334
4898 4902 4588
4898 4588 4584
4584 4588 4272
4584 4272 4270
4270 4272 3948
9 3996 3949
3946 3948 3642
3946 3642 3640
3640 3642 3356
3640 3356 3429
9297 3640 3429
3429 3356 9363
9296 8728 8676
9298 8676 8530
8328 36 8008
40 7816 7812
39 5564 5658
37 9365 9367
37 9367 5658
5564 37 5658
9364 8328 8258
9366 8258 8082
8258 8328 8082
8328 8008 8082
40 7812 38
7738 8082 8008
7738 7812 8082
7738 38 7812
37 5232 9365
37 5236 5232
5232 5236 4906
5232 4906 4902
4588 4902 4906
7454 42 7550
41 5668 43
41 5662 5668
9369 5668 5662
9371 5668 9369
9368 7816 7736
9370 7736 7550
7736 7816 7550
7816 7454 7550
7816 40 7454
4588 4906 35
39 5662 41
39 5658 5662
9367 5662 5658
9369 5662 9367
9366 8082 8006
8082 7812 7816
8082 7816 9368
8006 8082 9368
8680 8678 8876
35 4592 4672
4274 4672 4592
4274 4348 4672
4274 34 4348
33 3358 3430
31 9361 9363
31 9363 3430
3358 31 3430
9360 8918 8876
8260 36 8328
8680 8876 8918
30 8680 8918
8680 8480 8678
8678 8480 9362
8480 8524 9362
8480 32 8524
31 3028 9361
31 3032 3028
3356 3642 3644
4672 4588 35
4272 4672 4348
4588 4672 4272
3950 3948 4272
3950 4272 4348
34 3950 4348
3948 3950 3644
3948 3644 3642
9372 7452 7550
3356 3644 33
3430 3356 33
3356 3430 9363
9362 8524 8478
9364 8478 8328
8478 8524 8328
8524 8260 8328
8524 32 8260
6204 54 9382
57 55 9383
57 9383 9385
54 56 9382
9382 56 9384
55 53 9381
55 9381 9383
6204 9380 52
6202 9380 6204
6204 9382 6202
5886 58 9386
53 51 9379
53 9379 9381
6828 9378 50
6826 9378 6828
6826 6828 6524
6826 6524 6522
6524 9380 6522
6524 52 9380
2750 2748 2424
4273 4324 5
4324 4273 9
8 3402 3404
4 3402 8
3402 3108 3404
3404 3108 3110
3108 2748 3110
3110 2748 2750
49 5678 5565
2750 2424 2362
7 2750 2362
2362 2424 3
4968 6 4905
4644 4905 4591
4968 4905 4644
4644 4591 5
5886 9386 5884
44 46 9372
5352 5233 9377
9376 9374 46
9376 46 7150
7254 9376 7150
7150 48 7254
45 9373 47
47 9373 5676
9373 5561 5676
5676 5561 9375
5233 5352 9375
9372 46 9374
45 43 9373
9373 43 5560
43 5668 5560
5560 5668 9371
9370 7550 7452
44 9372 42
42 9372 7550
51 4593 9379
5352 5565 5678
5352 5237 5565
4907 5237 4903
4903 5237 9377
5237 5352 9377
4907 4903 4593
4593 4903 4589
9379 4593 4589
29 3028 3032
9376 7254 7148
50 9378 48
48 9378 7254
9378 7148 7254
47 5678 49
47 5676 5678
5352 5678 5676
5352 5676 9375
8508 9344 8477
6827 6908 18
17 9341 19
19 9341 3120
9341 3027 3120
2760 3027 2671
3120 3027 2760
2438 2671 2359
2760 2671 2438
2438 2359 9345
20 7212 7147
8304 8477 8257
8508 8477 8304
8054 8257 8005
8304 8257 8054
8054 8005 9343
9342 6906 6908
9340 6906 9342
18 6906 16
8510 8304 8306
2438 2440 2760
2760 2440 2675
2440 21 2675
9345 2440 2438
9349 2440 9345
9348 8508 8510
9344 8508 9348
8508 8304 8510
18 6908 6906
8304 8054 8306
8306 8054 8056
9343 8056 8054
9347 8056 9343
7212 9346 7147
6908 6827 9342
6827 20 9342
20 7147 9342
3114 2752 2754
6521 6203 14
6594 6521 14
6203 6201 5885
5885 6201 5883
5883 12 5885
5883 9336 12
11 3114 13
11 3112 3114
3112 2752 3114
6521 6201 6203
2754 2752 2428
2754 2428 2358
9337 2754 2358
2358 2428 9335
5559 12 9336
5563 12 5559
5559 10 5563
5559 9334 10
15 13 9339
17 15 9339
17 9339 9341
9340 6904 6906
9338 6904 9340
6904 6594 6906
6906 6594 16
6594 6523 16
6523 6594 14
2760 2675 3031
9339 13 3026
13 3114 3026
2670 3114 2754
3026 3114 2670
2670 2754 9337
6904 9338 6825
6594 6825 6521
6904 6825 6594
8062 8007 8259
8716 8679 9354
8679 26 9354
26 8875 9354
26 8912 8875
8514 8679 8716
8514 8479 8679
8312 8479 8514
8312 8259 8479
8062 8259 8312
8912 9356 8875
7790 8007 8062
7790 7737 8007
7524 7737 7790
7524 7453 7737
7216 7453 7524
7216 7149 7453
7149 7216 24
25 23 9353
9357 2672 27
9359 3028 29
9360 8914 8918
9358 8914 9360
30 8914 28
30 8918 8914
29 2672 9359
29 2676 2672
27 2672 2676
25 9353 9355
9358 8912 8914
9356 8912 9358
28 8912 26
28 8914 8912
27 2360 9357
27 2364 2360
25 2360 2364
9355 2360 25
8308 8056 8058
21 2440 2363
9349 9353 23
9349 23 2363
2440 9349 2363
9352 8510 8512
9348 8510 9352
8510 8306 8512
8512 8306 8308
8306 8056 8308
24 7216 7214
9347 8058 8056
9351 8058 9347
9350 7212 7214
9346 7212 9350
22 7212 20
22 7214 7212
19 3120 3031
2760 3031 3120
7790 8062 8058
8716 9354 8677
8512 8514 8716
8512 8716 8677
9352 8512 8677
8512 8308 8514
8514 8308 8312
8308 8058 8312
8312 8058 8062
2758 2671 3027
7790 8058 9351
7735 7790 9351
7524 7735 7451
7790 7735 7524
7214 7216 7524
7214 7524 7451
9350 7214 7451
24 7214 22
7778 7514 7733
9074 9061 9278
8873 8871 8675
8675 8871 8673
8675 8673 8475
8475 8673 8502
8673 9144 8502
8475 8502 9274
9273 7778 7733
7512 7514 7778
9061 8873 9278
7514 9277 7733
7512 7204 7514
7514 7204 9276
7204 7145 9276
6902 7145 7204
6902 6823 7145
6592 6823 6902
6592 6519 6823
9063 9074 9278
9279 2136 2077
1850 9281 1793
9281 2077 1793
2077 9147 1793
2077 2136 9147
1850 1793 9149
9280 9148 9146
9280 9146 9074
9063 9280 9074
6199 6519 6197
9277 7514 7449
7449 7514 9276
9275 9145 9279
9279 9145 2136
9145 2073 2136
2136 2073 9147
9074 9146 9061
9061 8871 8873
5555 9272 5551
7778 7731 7512
7204 7447 7143
7512 7447 7204
6902 7143 6821
7204 7143 6902
6592 6821 6517
6902 6821 6592
6592 6517 9143
5551 9272 9142
7512 7731 7447
5551 9270 5555
5551 9140 9270
9271 9269 9141
9141 9269 2072
9269 2128 2072
2072 2128 9139
9268 9270 9138
9138 9270 9140
8502 9144 8473
6197 6519 9143
6519 6592 9143
6199 6197 5881
5881 6197 5879
5879 9272 5881
5879 9142 9272
9275 9271 9141
9275 9141 9145
9148 9282 9150
8473 8253 8255
8473 8255 9274
8502 8473 9274
8255 8253 8003
8003 8253 8001
8003 8001 7731
8003 7731 7778
9273 8003 7778
9066 9292 9160
8872 9160 8917
8872 8917 9162
9293 3022 9161
9293 3024 3022
9291 3022 3024
9159 3022 9291
9066 9158 9290
9062 9158 9066
9066 9160 9062
9160 9294 8917
9291 2666 9159
9291 2668 2666
2666 2668 2356
2666 2356 2354
2074 2354 2356
2074 2356 9289
2154 2074 9289
1794 2154 1870
8917 9294 8874
8676 9298 8474
9164 8676 8474
8727 8676 9164
8474 8529 9166
9297 3352 9165
9297 3354 3352
9295 3352 3354
9163 3352 9295
2074 2154 1794
9296 8727 8674
8874 9296 8674
9162 8874 8674
8917 8874 9162
8674 8727 9164
9295 9293 9161
9295 9161 9163
9160 9292 9294
9152 9150 9282
9155 1866 9153
9154 9092 9098
9152 9092 9154
9286 9092 9284
9286 9098 9092
9283 1860 9285
9283 1854 1860
9151 1860 1854
9153 1860 9151
9153 1866 1860
9152 9282 9064
9092 9152 9064
9064 9284 9092
9281 1854 9283
9281 1850 1854
9149 1854 1850
9151 1854 9149
9280 9282 9148
9157 1870 9155
1794 1870 9157
9288 9290 9156
9156 9290 9158
9287 2154 9289
9287 2150 2154
2150 1866 2154
2154 1866 1870
9155 1870 1866
9269 2076 2128
9288 9156 9154
9288 9154 9098
9065 9288 9098
9065 9098 9286
9287 2078 2150
1866 2150 1860
1860 2150 9285
2150 2078 9285
9187 4267 3941
9187 4046 4048
8999 4048 4046
9001 4048 8999
8998 9186 9188
8998 9188 5685
5550 8998 5685
5550 5685 9000
9185 4372 4267
4046 9187 3941
9187 4048 9189
4267 8997 3941
4267 4372 8997
4046 3941 8999
9184 9186 8996
8996 9186 8998
8995 4895 9183
8995 4891 4895
4895 4891 4581
4050 4378 4048
3942 4378 4050
4264 4378 3942
3942 4050 9003
5226 9002 9190
5222 9002 5226
5226 9004 5222
5226 9192 9004
9191 4268 4378
4581 4891 4577
4048 4378 9189
4378 4268 9189
9001 4050 4048
9003 4050 9001
5685 9188 5554
9002 9000 9190
9190 9000 5554
9000 5685 5554
6518 9180 8992
8995 5225 5221
9183 5225 8995
7448 8990 9178
7446 8990 7448
7448 8994 7446
7448 9182 8994
9181 6516 8993
9181 6518 6516
6518 8992 6516
8991 5221 5225
9177 5674 5553
8989 8991 9179
8989 9179 5553
5674 8989 5553
7732 8988 9176
7730 8988 7732
7732 8990 7730
7732 9178 8990
9181 6820 6822
4581 4577 4263
4581 4263 4372
9185 4581 4372
4372 4263 8997
7144 8994 9182
7142 8994 7144
7142 7144 6822
7142 6822 6820
4378 4264 9191
8993 6820 9181
6198 8992 9180
6196 8992 6198
6196 6198 5880
6196 5880 5878
5880 8996 5878
5880 9184 8996
8991 5225 9179
9133 2071 2120
4269 4579 4265
4269 4265 3945
3945 4265 3990
4265 9134 3990
3682 3945 3990
3682 3639 3945
3639 3682 9264
9263 9133 9265
9265 9133 2120
4583 4579 4269
2120 2071 9135
3990 9134 3943
3680 3682 3990
3680 3990 3943
9132 3680 3943
3680 3396 3682
3682 3396 9264
3396 3353 9264
4965 4893 9136
9267 9137 9139
9267 9139 2128
2076 9267 2128
5223 9268 9138
5227 9268 5223
5223 4893 5227
5227 4893 9266
4893 4965 9266
3102 3353 3396
9265 2120 2075
9135 9137 9267
9135 9267 2075
2120 9135 2075
4897 9266 4965
4579 4583 4897
4579 4897 4965
9136 4579 4965
2406 2665 2353
9261 2355 2069
2355 9129 2069
2355 2406 9129
2110 2069 9131
3394 9130 3351
3098 3351 3021
3394 3351 3098
2734 3021 2665
3098 3021 2734
2110 9261 2069
2734 2665 2406
2406 2353 9129
4896 9004 9192
4892 9004 4896
4892 4896 4582
4892 4582 4578
4264 4578 4582
4264 4582 9191
3394 3680 3637
3102 3023 3353
3023 3102 9262
9263 9261 9133
9133 9261 2070
9261 2110 2070
2070 2110 9131
3680 9132 3637
3394 3396 3680
9298 8529 8474
9130 3394 3637
3394 3098 3396
3396 3098 3102
3098 2734 3102
3102 2734 9262
2734 2667 9262
2406 2667 2734
2406 2355 2667
8048 8003 9273
5881 9336 5883
5881 9272 9336
9337 2358 2430
9335 9271 9275
9335 9275 2430
2358 9335 2430
8298 9274 8255
8048 8255 8003
8298 8255 8048
5883 6199 5881
5555 9336 9272
5559 9336 5555
5555 9334 5559
5555 9270 9334
9335 9333 9269
9335 9269 9271
9332 9334 9268
9268 9334 9270
7206 9276 7145
8298 8300 8504
8298 8504 8475
9274 8298 8475
8298 8048 8300
8300 8048 8050
7780 8050 8048
7780 8048 9273
7733 7780 9273
7780 7733 9277
9333 9331 9269
7145 6823 6825
7145 6825 9338
7206 7145 9338
6825 6823 6521
6521 6823 6519
6521 6519 6201
6201 6519 6199
6201 6199 5883
9329 9327 9263
4271 4583 4269
4271 4269 3947
3947 4269 3945
3947 3945 3641
3641 3945 3639
3641 3639 3355
3355 3639 3398
3639 9264 3398
3355 3398 9328
4587 4583 4271
9329 9263 9265
3398 9264 3353
3353 3023 3025
3353 3025 9328
3398 3353 9328
3025 3023 2669
2669 3023 2740
3023 9262 2740
4901 4966 9330
9269 9331 2076
9331 2124 2076
2076 2124 9267
5227 9332 9268
5231 9332 5227
5231 5227 4901
4901 5227 4966
5227 9266 4966
8702 8675 8504
9329 9265 9331
9331 9265 2124
9265 2075 2124
2124 2075 9267
4966 9266 4897
4897 4583 4587
4897 4587 9330
4966 4897 9330
9342 7208 9340
8052 8257 8302
8052 8005 8257
7782 7784 8052
8052 7784 8005
7784 9343 8005
7782 7516 7784
7784 7516 7518
7516 7208 7518
7518 7208 7210
8302 8257 8477
9342 7210 7208
9339 3118 9341
9339 3116 3118
3116 2756 3118
3118 2756 2758
2756 2432 2758
2758 2432 2436
2138 2436 2432
9280 9080 9282
2436 2671 2758
2436 2359 2671
2138 2142 2436
2436 2142 2359
2142 9345 2359
9281 2142 2138
9283 2142 9281
9282 9080 9086
2138 2432 9279
9080 8892 9086
9086 8892 8896
8892 8706 8896
8896 8706 8710
8706 8506 8710
8710 8506 9344
8506 8477 9344
8302 8477 8506
2432 2756 2430
7449 7516 9277
7206 7208 7516
7206 7516 7449
9276 7206 7449
9340 7206 9338
9340 7208 7206
9339 3026 3116
2670 3116 3026
2670 2756 3116
7516 7780 9277
2430 2756 9337
2756 2670 9337
9275 2432 2430
9279 2432 9275
8888 9278 8873
8702 8873 8675
8888 8873 8702
8504 8675 8475
8702 8504 8706
2077 2138 9279
2138 2077 9281
9080 9280 9063
8888 8892 9080
8888 9080 9063
9278 8888 9063
8888 8702 8892
8892 8702 8706
2414 2669 2740
8706 8504 8506
8504 8300 8506
8506 8300 8302
8300 8050 8302
8302 8050 8052
8050 7780 8052
8052 7780 7782
7516 7782 7780
9308 7824 7822
9308 9178 7824
9178 7732 7824
9177 9309 9175
9175 9309 5671
9309 5556 5671
5671 5556 9307
9176 7822 7824
9174 7822 9176
9308 7822 9306
9310 9178 9308
9175 5671 5552
9307 9305 9173
9307 9173 5552
5671 9307 5552
9174 9172 9304
9174 9304 7734
7822 9174 7734
7734 9306 7822
6518 9312 6631
7450 9178 9310
7448 9178 7450
7450 7146 7448
7448 7146 9182
7146 7258 9182
6824 7258 7146
6824 6952 7258
6518 6824 9312
9305 9303 9171
6824 6518 6952
6518 9181 6952
6518 6631 9180
9177 5557 9309
9177 5553 5557
9179 5557 5553
9311 5557 9179
9176 7824 7732
4580 4584 4270
4894 5000 9167
8529 9298 8476
9168 9166 9300
9300 9166 8476
9166 8529 8476
9299 4898 5000
4584 4580 4898
4898 4580 5000
4580 9167 5000
5228 9299 5338
4580 4270 4266
4266 4270 3946
4266 3946 3944
3944 3946 3640
3944 3640 3638
9297 3638 3640
9165 3638 9297
8727 9296 8676
5224 5338 9169
9305 9171 9173
8004 9170 9302
8002 9170 8004
8004 9172 8002
8004 9304 9172
9303 9301 9171
9171 9301 5224
9301 5338 5224
9313 4899 5015
8256 9168 9300
8254 9168 8256
8256 9170 8254
8256 9302 9170
9301 5228 5338
5000 4894 9169
9299 5000 9169
5338 9299 9169
4268 4376 9189
5558 9322 5226
9190 5558 5226
5689 5558 9190
5226 5363 9192
9321 4586 4698
4376 4268 9191
9319 4376 9191
4698 9319 9191
4586 9319 4698
9322 5363 5226
5999 9318 5882
9320 5689 5554
5882 9320 5554
9188 5882 5554
5999 5882 9188
5554 5689 9190
9317 4376 9319
9317 4374 4376
5363 9322 5230
2414 2357 2669
9261 9263 9327
9261 9327 2357
2414 9261 2357
2740 9262 2667
2414 2667 2355
2740 2667 2414
2414 2355 9261
9187 4376 4374
5230 4900 4896
5230 4896 9192
5363 5230 9192
4582 4896 4900
4582 4900 9321
4698 4582 9321
4582 4698 9191
5689 9320 5558
6198 6200 5880
9315 4585 9185
9182 7258 7144
6822 7258 6952
7144 7258 6822
6822 6952 9181
9312 6520 6631
6520 6200 6198
6520 6198 9180
6631 6520 9180
9185 4585 4581
5880 6200 5991
6200 9314 5991
5880 5991 9184
9179 5229 9311
9179 5225 5229
4899 5229 5225
4899 5225 9183
5015 4899 9183
4374 4267 9187
9189 4376 9187
5999 9316 9318
5995 9316 5999
5999 9186 5995
5999 9188 9186
9315 9185 9317
9317 9185 4374
9185 4267 4374
8393 3730 8391
5995 9314 9316
5991 9314 5995
5995 9184 5991
5995 9186 9184
5015 9183 4895
4581 4585 4895
4895 4585 5015
4585 9313 5015
7332 7248 7128
7335 2644 7627
7334 7626 7628
7334 7628 6949
6806 7334 6949
6806 6949 7336
7625 2810 2649
7333 7335 7627
7333 7627 2649
2810 7333 2649
7627 2644 2650
7626 7334 7624
7624 7334 7248
7334 7128 7248
7623 2810 7625
7623 2806 2810
7331 2810 2806
7333 2810 7331
7332 7330 7622
6502 7632 7340
7342 7340 7632
7342 7632 6184
6318 7342 6184
6184 7634 6318
7633 7631 7339
7633 7339 7341
6502 7338 7630
6500 7338 6502
6502 7340 6500
7332 7622 7130
7631 7629 7337
7631 7337 7339
6949 7628 6808
7338 7336 7630
7630 7336 6808
7336 6949 6808
7629 2644 7337
7629 2650 2644
2794 7325 2647
7988 7716 7326
8085 7988 7326
7716 7718 7432
7432 7718 7547
7718 7620 7547
7432 7547 7328
7617 2794 2647
7325 7327 7619
7325 7619 2647
7988 7718 7716
8735 7616 8660
8537 8533 8735
8537 8735 8660
7618 8537 8660
8331 8533 8537
8331 8537 8335
8335 8085 8331
8331 8085 7324
7622 7328 7434
7248 7332 7130
7130 7624 7248
7623 2648 2806
7621 7329 7331
7621 7331 2806
2648 7621 2806
7547 7620 7434
7330 7328 7622
7341 2994 7633
7328 7547 7434
7621 7619 7327
7621 7327 7329
8537 7618 8460
8460 8335 8537
8240 8335 8460
8240 8085 8335
7988 8085 8240
4558 7644 7352
7351 4240 4059
4059 3920 7643
7350 5368 5204
4874 4872 5204
4874 5204 5368
7642 4874 5368
4872 4874 4558
4872 4558 4556
4558 7352 4556
4240 3920 4059
7351 4059 3918
3620 3755 7349
7643 3620 7349
3918 7643 7349
4059 7643 3918
3755 3620 7641
7348 5694 5534
7350 5534 5368
3919 3621 7826
3921 7828 3966
3921 3966 7826
7825 7561 7827
7827 7561 3046
7561 2995 3046
3046 2995 7563
3966 7562 3919
3919 3619 3621
5534 5694 5368
3966 3919 7826
3621 3619 3331
3331 3619 3329
7561 3331 3329
7825 3331 7561
4242 7352 7644
4240 7352 4242
4240 4242 3920
7344 6318 6322
7638 7346 7636
7636 7346 6002
7346 5864 6002
7345 3747 3618
3328 3618 3330
3330 3618 7637
3618 3747 7637
7635 3328 3330
7343 3328 7635
6182 6322 5864
7342 6318 7344
6322 6318 6002
6002 6318 5866
6318 7634 5866
5866 7636 6002
7635 2994 7343
7635 3000 2994
7633 2994 3000
7348 7638 5536
5694 5206 5368
5694 7640 5206
5206 7642 5368
3751 7349 3755
3751 7347 7349
3751 7641 7639
3755 7641 3751
7348 7346 7638
8085 7986 7324
5694 7348 5536
5536 7640 5694
3747 7347 3751
3747 7345 7347
3747 7639 7637
3751 7639 3747
7344 6322 6182
5864 6322 6002
7597 7303 7305
7597 7305 7599
7599 7305 1368
7305 1315 1368
1368 1315 7307
8708 7306 8657
7596 7598 7304
7304 7598 8657
7598 8708 8657
7597 7595 7303
8659 8708 7598
7594 7596 7302
7302 7596 7304
7595 7593 7301
7595 7301 7303
7592 7594 7300
7300 7594 7302
1839 7299 1773
1533 1535 1773
7599 1372 7601
1604 7601 7311
1536 7601 1604
1316 1372 7309
9096 7310 9041
8900 8857 7308
8857 7602 7308
7602 9041 7308
7602 9096 9041
8857 8900 7600
1773 1535 1839
7599 1368 1372
7307 1372 1368
7309 1372 7307
8900 7308 8855
8708 8659 7306
8659 7600 7306
7600 8855 7306
7600 8900 8855
7431 7717 7771
7298 7985 8293
7985 7715 7987
7987 7715 7588
7715 7771 7588
7771 7715 7296
7589 7587 7295
7589 7295 7297
7717 7588 7771
7431 7433 7717
7985 8239 8293
7296 7431 7771
7431 7127 7433
7433 7127 7586
7127 7195 7586
7195 7127 7294
7587 7585 7293
7587 7293 7295
7129 7586 7195
8293 8237 7298
1535 7591 1839
7301 1535 1533
7593 1535 7301
8457 7592 7300
8459 7592 8457
8457 8237 8459
8459 8237 7590
8237 8293 7590
7601 1372 7311
7297 2053 7589
7297 2051 2053
1775 2053 2051
1775 2051 7299
1839 1775 7299
7591 1775 1839
8239 7590 8293
7985 7987 8239
7610 7612 7318
2790 2643 7323
9046 7320 7612
9044 7320 9046
9046 7322 9044
9046 7614 7322
3141 7319 2993
7321 7613 7611
7321 7611 3141
2993 7321 3141
7321 2643 2790
7318 7612 7320
7317 7319 7609
7609 7319 2999
7319 3141 2999
7611 2999 3141
7608 7610 7316
7316 7610 7318
7609 7607 7315
8658 8858 8735
7986 8085 7326
7615 2794 7617
7615 2790 2794
7323 2794 2790
7325 2794 7323
8858 7322 7614
8856 7322 8858
8856 8858 8658
7609 7315 7317
8858 7616 8735
8658 8533 8458
8658 8735 8533
8458 8331 8238
8458 8533 8331
8238 8331 7324
7613 7321 7615
7615 7321 2790
2340 2764 2646
2052 2148 1774
1534 1864 1604
1774 1864 1534
1534 1604 7311
7310 9096 9042
7604 7312 7602
7602 7312 9096
7312 9042 9096
7603 2646 2764
1774 2148 1864
2340 2442 2764
2054 2442 2340
2054 2148 2442
1776 2148 2054
1776 1864 2148
1536 1864 1776
1536 1604 1864
1372 1316 7311
7605 2992 7313
9043 7608 7316
9045 7608 9043
9043 7606 9045
9043 7314 7606
7607 7605 7313
7607 7313 7315
7604 7606 7312
7312 7606 7314
7828 7562 3966
7605 2998 2992
2642 2992 2998
2642 2998 7603
2764 2642 7603
2338 2764 2442
2642 2764 2338
2052 2442 2148
2338 2442 2052
7602 9097 9048
7605 3127 2998
2652 2765 7603
7871 2652 7603
2998 7871 7603
3127 7871 2998
2765 2652 7869
9097 7868 9048
7604 7602 7870
7870 7602 9048
7604 7872 7606
7603 2765 2646
2340 2646 2342
2342 2646 7869
2646 2765 7869
2340 2342 2058
2340 2058 2054
1776 2054 2058
1776 2058 7867
9045 7874 7608
7611 7877 7875
7611 7875 3135
2999 7611 3135
7874 7876 7608
7608 7876 7610
3131 7609 3135
3131 7607 7609
3131 7875 7873
3135 7875 3131
1858 1776 7867
9049 7874 9045
9045 7872 9049
9045 7606 7872
3127 7607 3131
3127 7605 7607
3127 7873 7871
3131 7873 3127
7870 7872 7604
7860 7862 7594
7600 8659 8901
8659 7864 8661
8659 7598 7864
7865 7863 7597
7865 7597 7599
7862 7864 7596
7596 7864 7598
7863 7861 7595
7863 7595 7597
8659 8859 8901
7594 7862 7596
7861 7859 7593
7861 7593 7595
7858 7860 7592
7592 7860 7594
1579 7591 1535
7593 7859 7857
7593 7857 1579
8901 8857 7600
1536 1858 1598
1776 1858 1536
1536 1598 7601
9047 7868 9097
8857 8901 7602
8901 7866 7602
7866 9097 7602
7866 9047 9097
3135 7609 2999
7867 1778 1858
1538 1858 1778
1538 1598 1858
7865 7599 7601
7865 7601 1598
1538 7865 1598
8859 7866 8901
8659 8661 8859
7548 7886 7132
7624 7130 7244
7889 7887 7623
7623 7887 2648
7887 2802 2648
2648 2802 7621
7620 7548 7434
7622 7434 7244
7434 7548 7244
7548 7132 7244
7888 7624 7244
7132 7888 7244
7885 2802 7887
7885 2798 2802
7619 2802 2798
7621 2802 7619
8739 7884 8662
8662 8462 8460
8662 8460 7618
7893 7625 2814
6808 6957 7630
7895 7893 7629
7629 7893 2650
7893 2814 2650
2650 2814 7627
7892 7894 7626
7626 7894 7628
7891 7625 7893
8739 8662 7618
7625 2649 2814
2814 2649 7627
7890 7892 7624
7624 7892 7626
7891 7889 7623
7891 7623 7625
7622 7244 7130
7890 7624 7888
7881 7613 7615
7883 7881 7615
7883 7615 7617
9127 7880 9050
9050 8860 8858
9050 8858 7614
9127 9050 7614
8860 7616 8858
8860 7882 7616
7881 7879 7613
8660 8739 7618
7612 7878 7880
7612 7880 9127
9046 7612 9127
9046 9127 7614
7879 7877 7611
7879 7611 7613
7876 7878 7610
7610 7878 7612
7436 7548 7620
8460 8462 8242
8460 8242 8240
8240 8242 7990
8240 7990 7988
7988 7990 7720
7988 7720 7718
7720 7436 7718
7718 7436 7620
1535 7593 1579
7436 7886 7548
7883 7617 7885
7885 7617 2798
7617 2647 2798
2798 2647 7619
7616 7882 7884
7616 7884 8739
8660 7616 8739
7839 7573 7575
5537 5535 5207
5207 5535 5205
5205 7838 5207
5205 7574 7838
7841 4244 4310
3922 4310 4244
3922 3982 4310
3922 7840 3982
7839 7837 7573
5537 5865 5535
7836 7838 7572
7572 7838 7574
7835 3386 3333
7571 7573 7837
7571 7837 3333
3386 7571 3333
7836 7572 7570
7836 7570 4946
2651 3003 2997
7844 6570 6501
6185 6258 7842
7841 4310 4245
3982 4245 4310
3982 3923 4245
3923 3982 7840
7575 3003 7839
7575 2997 3003
4875 7836 4946
2651 2997 7577
2725 2651 7577
7843 2651 2725
6258 7576 6183
6183 5865 5867
6183 5867 7842
6258 6183 7842
5867 5865 5537
4557 4243 7830
7832 4873 7566
7832 4940 4873
4559 4618 7830
7831 3002 3054
7829 7565 7567
7829 7567 3054
3002 7829 3054
4618 7566 4557
4557 4241 4243
4559 7832 7566
4618 4557 7830
4241 7828 4243
4241 7564 7828
7827 3046 3001
7563 7565 7829
7563 7829 3001
3046 7563 3001
7828 7564 7562
7834 4946 4940
4875 4946 7834
7833 3386 7835
7833 3384 3386
7569 3386 3384
7571 3386 7569
7570 4940 4946
7568 4940 7570
7834 4940 7832
7844 6501 7576
7833 3332 3384
3054 2996 7569
7831 3054 7569
3384 7831 7569
3332 7831 3384
2996 3054 7567
4940 7568 4873
4618 4559 7566
7719 7433 7852
7987 7854 7989
7987 7588 7854
7587 7589 7853
7853 7589 2057
7589 2127 2057
7855 2057 2127
7717 7854 7588
7719 7854 7717
7717 7433 7719
8294 8239 7856
7433 7503 7852
7503 7433 7586
7587 7853 7585
7585 7853 2119
7853 2056 2119
2119 2056 7851
7435 7852 7503
7129 7131 7435
2053 1777 2127
8459 7858 7592
8461 7858 8459
8461 8459 8241
8241 8459 8294
8459 7590 8294
8241 8294 7856
2127 7589 2053
1775 1777 2053
7129 7435 7503
1777 7855 2127
1537 1777 1775
1537 1775 7591
1579 1537 7591
7857 1537 1579
8294 7590 8239
8239 7987 7989
8239 7989 7856
6807 7578 6570
2645 7581 2413
2733 2645 2413
2341 2733 2413
7845 2733 2341
7847 2341 2413
6807 7846 7580
6809 7846 6807
6809 6807 6503
6503 6807 6570
2733 7579 2645
6503 6570 7844
2725 7579 2733
2725 7577 7579
2725 7845 7843
2733 7845 2725
6570 7578 6501
6258 6185 7576
6185 7844 7576
7582 7850 7584
7586 7129 7503
7129 7850 7131
7129 7584 7850
2115 7585 2119
2115 7583 7585
2115 7851 7849
2119 7851 2115
7848 7850 7582
7292 7584 7294
2413 7581 2339
2339 7583 2115
2413 2339 2115
2055 2413 2115
7847 2413 2055
7849 2055 2115
7846 7848 7580
7580 7848 7582
7127 7429 7123
7985 7983 7715
7715 7983 7713
7713 7296 7715
7713 6996 7296
7297 7295 6995
7297 6995 6997
7429 7296 6996
7431 7296 7429
7431 7429 7127
8292 8235 7298
7123 7294 7127
7123 6994 7294
7295 7293 6993
7295 6993 6995
7292 7294 6994
7292 6994 6803
6887 7292 6803
6887 6803 6992
2051 2047 1771
1352 1313 7001
8455 7300 7000
8457 7300 8455
8457 8455 8237
8237 8455 8292
8455 6998 8292
8237 8292 7298
6997 2051 7297
6997 2047 2051
2419 6991 2333
2051 1771 1838
7299 2051 1838
1578 1771 1531
1838 1771 1578
1578 1531 6999
8292 6998 8235
8235 7983 7985
8235 7985 7298
6987 3097 2991
2641 7287 3097
6989 2641 2635
7289 2641 6989
6805 7288 6879
6986 7286 6988
6988 7286 6879
7286 6805 6879
6985 6987 7285
7285 6987 2991
2985 2641 3097
7287 2991 3097
6495 7286 6986
6499 7286 6495
6495 7284 6499
6495 6984 7284
7285 7283 6985
6985 7283 2984
7283 3080 2984
7289 6991 2337
6993 7293 7291
6993 7291 2419
2333 6993 2419
6887 7290 7292
6883 7290 6887
6887 6990 6883
6887 6992 6990
6989 6991 7289
1533 1578 6999
6991 2419 2337
7291 2337 2419
6883 7288 7290
6879 7288 6883
6883 6988 6879
6883 6990 6988
3097 6987 2985
2635 2641 2985
9234 7010 9211
7012 9212 9102
9212 9234 9102
9234 9042 9102
9234 7310 9042
9042 7312 9102
7311 1314 7011
7311 1316 1314
7309 1314 1316
7009 1314 7309
7010 9234 9212
9090 9041 7008
9041 7310 7008
7310 9211 7008
7310 9234 9211
9041 9090 7308
7309 7307 7007
7309 7007 7009
7008 9084 9090
2636 2338 2334
7012 9102 7014
7314 9102 7312
7314 9108 9102
7313 2992 3126
2642 2636 2992
2992 2636 3126
2636 7013 3126
2636 2642 2338
7006 9084 7008
2334 2338 2052
2334 2052 2048
2048 2052 1774
2048 1774 1772
1772 1774 1534
1772 1534 1532
7311 1532 1534
7011 1532 7311
7003 1358 7001
7003 1364 1358
7005 1364 7003
8704 7004 8655
7302 7304 7002
7002 7304 8655
7304 8704 8655
7301 1358 7303
7301 1352 1358
7001 1358 1352
7303 1358 1364
7300 7302 7000
7000 7302 7002
7299 1838 1773
1578 1773 1838
1578 1533 1773
1352 7301 1313
7301 1533 1313
1533 6999 1313
9084 7006 9039
9084 8894 9090
9090 8894 7308
8894 8855 7308
8855 8894 7306
7305 1364 1315
7005 7007 7307
7005 7307 1315
1364 7005 1315
2984 3080 6983
8894 9039 8853
9084 9039 8894
8704 8657 7004
8657 7306 7004
7306 8853 7004
7306 8894 8853
8657 8704 7304
7303 1364 7305
6494 6180 6730
4238 4386 4704
3916 3914 4238
4238 3914 4386
3914 6731 4386
7051 3914 3916
6729 3914 7051
6498 6728 7050
6494 6728 6498
6498 6180 6494
4238 4704 4554
6180 6330 6730
5862 6330 6180
5862 6010 6330
5532 6010 5862
5532 5696 6010
5532 7052 5696
7051 7049 6727
7051 6727 6729
6010 5698 6732
4868 5030 4552
4236 4704 4386
4552 4704 4236
4236 4386 6731
6730 6330 6178
5860 6330 6010
6178 6330 5860
6010 5696 5698
6726 6966 6802
5860 6010 6732
5698 5696 5370
5370 5696 5202
5696 7052 5202
4870 5370 5202
4870 5030 5370
4554 5030 4870
4554 4704 5030
6722 6960 6962
6497 6640 7044
6723 3743 3614
3326 3455 6721
7045 3326 6721
3614 7045 6721
3743 7045 3614
3326 3165 3455
2988 3165 3326
3165 2988 7043
6640 6497 7046
6720 6960 6722
6962 6960 6640
6640 6960 6496
6960 7042 6496
6496 7044 6640
6721 3455 3324
3165 3163 3455
3455 3163 3324
7048 6966 6964
7050 6728 7048
7048 6728 6966
6728 6802 6966
7049 7047 6725
7049 6725 6727
6726 6964 6966
6724 6964 6726
7048 6964 7046
4552 5030 4704
6725 7047 6723
6723 7047 3743
7047 3616 3743
3743 3616 7045
6724 6962 6964
6722 6962 6724
6962 6640 6964
6964 6640 7046
7277 6977 6979
7279 3074 7281
7279 3068 3074
6979 3074 3068
6981 3074 6979
4869 7280 6980
4871 7280 4869
4869 7278 4871
4869 6978 7278
7279 2990 3068
7282 5288 5201
7277 6979 3068
2990 7277 3068
7276 7278 6976
6976 7278 6978
7277 7275 6975
7277 6975 6977
4553 7276 6976
4555 7276 4553
5531 6982 5288
6179 7284 6984
6181 7284 6179
6181 6179 5863
5863 6179 5861
5863 5861 5533
5533 5861 5531
5533 5531 5203
5203 5531 5288
4553 7274 4555
5203 5288 7282
7281 3080 7283
7281 3074 3080
6981 3080 3074
6983 3080 6981
5288 6982 5201
7280 7282 6980
6980 7282 5201
3327 3325 2989
7271 6969 2690
6969 2633 2690
2690 2633 6971
3915 7270 6970
3917 7270 3915
3917 3915 3617
3617 3915 3615
3617 3615 3327
3327 3615 3325
7269 6969 7271
2989 3325 2983
6969 2989 2983
7269 2989 6969
6732 5698 5530
5200 5698 5370
5530 5698 5200
4868 5370 5030
5200 5370 4868
4293 4237 6972
4553 6974 7274
7275 2634 6975
7275 2640 2634
7273 2634 2640
6973 2634 7273
7272 7274 6974
7272 6974 4237
4293 7272 4237
7014 9102 9108
7271 2690 2639
6971 6973 7273
6971 7273 2639
2690 6971 2639
4239 7272 4293
6970 7270 6972
6972 7270 4293
7270 4239 4293
4387 7352 4240
3919 7562 3917
3919 3917 3619
3619 3917 3617
3619 3617 3329
3329 3617 3327
3329 3327 2989
3329 2989 3042
7561 3329 3042
3042 2989 7269
3917 7562 7270
4387 4240 7351
5204 7052 7350
5202 7052 5204
5202 5204 4872
5202 4872 4870
4870 4872 4556
4870 4556 4554
4554 4556 4238
2694 2639 7273
4557 7566 4617
4617 7274 4557
4241 4557 4294
4557 7274 4294
7274 7272 4294
4241 4294 7564
7563 7271 7565
7565 7271 2694
7271 2639 2694
4238 4556 4387
4294 7272 4239
7562 7564 7270
7270 7564 4239
7564 4294 4239
7561 3042 2995
7269 7271 7563
7269 7563 2995
3042 7269 2995
7347 7047 7049
7050 6644 6646
7048 6644 7050
6644 6326 6646
6646 6326 6328
6326 6006 6328
6328 6006 6008
7348 6006 7346
7348 6008 6006
7347 7345 7047
7349 7049 7051
7048 6642 6644
7046 6642 7048
6644 6642 6326
6326 6642 6182
6642 7344 6182
5864 6326 6182
5864 6006 6326
5864 7346 6006
6498 6646 6180
4556 7352 4387
3916 4238 3918
3918 4238 7351
4238 4387 7351
7349 3916 3918
7051 3916 7349
7050 6646 6498
6180 6646 6328
2640 2694 7273
5862 6328 6008
6180 6328 5862
5534 5532 5862
5534 5862 6008
7348 5534 6008
5534 7052 5532
5534 7350 7052
7349 7347 7049
6499 7284 7576
6805 7578 6807
6805 7286 7578
3089 7285 2991
7287 7579 7577
7287 7577 3089
2991 7287 3089
6499 7578 7286
6501 7578 6499
6499 7576 6501
6807 7580 6805
7283 7285 7575
7575 7285 2997
7285 3089 2997
7577 2997 3089
6181 7576 7284
6183 7576 6181
6183 6181 5865
5865 6181 5863
7291 2339 2337
7294 7584 7195
7584 7129 7195
7585 7583 7291
7585 7291 7293
7582 7584 7290
7290 7584 7292
7289 2339 7581
7289 2337 2339
5865 5863 5535
7583 2339 7291
7580 7582 7288
7288 7582 7290
7287 2645 7579
7287 2641 2645
7289 2645 2641
7581 2645 7289
6805 7580 7288
4873 7568 4939
2990 3062 7277
4945 7568 7570
4939 7568 4945
4945 7276 4939
4945 7278 7276
7569 2996 3062
7567 7275 7277
7567 7277 3062
2996 7567 3062
7569 3062 2990
4555 4617 7276
4617 7566 7276
7566 4939 7276
7566 4873 4939
4617 4555 7274
7567 7565 7275
7275 7565 2640
7565 2694 2640
7280 7574 7282
5535 5863 5533
5535 5533 5205
5205 5533 5203
5203 7574 5205
5203 7282 7574
7575 7573 7281
7575 7281 7283
7572 7574 7280
7345 3616 7047
7573 7571 7279
7573 7279 7281
7570 7572 7280
7570 7280 4871
4945 7570 4871
4945 4871 7278
7571 7569 7279
7279 7569 2990
8081 7811 8077
8854 8658 8731
7023 8854 8731
8658 8527 8731
8458 8527 8658
8458 8327 8527
8238 8327 8458
8081 8077 8327
8081 8327 8238
7324 8081 8238
8854 8856 8658
8077 7811 7022
7811 7714 7022
7714 7537 7430
7714 7811 7537
7430 7537 7026
7321 2786 2643
2460 7323 2335
7323 2643 2335
7537 7235 7026
2170 2049 7029
8081 7324 7986
7815 7811 8081
7815 8081 7986
7326 7815 7986
7537 7811 7815
7537 7815 7541
7541 7235 7537
2643 7021 2335
7235 7124 7026
7124 7235 7028
7323 2462 7325
7323 2460 2462
7025 2462 2460
7027 2462 7025
8856 7024 7322
8854 7024 8856
7317 7015 7017
7321 2993 2786
2786 2637 7021
7318 7320 7018
7018 7320 7020
7319 7317 7017
7319 7017 7019
7316 7318 7016
7016 7318 7018
7317 7315 7015
2993 2637 2786
7316 7016 7014
7316 7014 9108
9043 7316 9108
9043 9108 7314
7315 7313 7015
7015 7313 2986
7313 3126 2986
2986 3126 7013
8656 8731 8527
2643 2786 7021
2460 2335 7025
9044 7020 7320
9040 7020 9044
9044 7024 9040
9044 7322 7024
7023 8731 8656
8656 8527 8456
2049 2170 7027
8456 8327 8236
8456 8527 8327
8236 8077 7984
8236 8327 8077
7984 8077 7022
7019 2993 7319
7019 2987 2993
2993 2987 2637
7038 6948 6804
7044 6496 6636
7341 7339 7041
7341 7041 7043
7042 7040 7338
7042 7338 6500
6636 7042 6500
6500 7340 6636
7339 7337 7039
7339 7039 7041
7340 7044 6636
7338 7040 7336
7336 7040 6948
7040 6804 6948
7337 2638 7039
7337 2644 2638
7335 2638 2644
7037 2638 7335
7038 7036 7334
7344 6642 6497
7345 3618 3616
3616 3618 3328
3616 3328 3459
7045 3616 3459
3459 3328 7343
6642 7046 6497
7342 7344 7044
7044 7344 6497
7038 7334 6806
7045 3459 3326
2988 3326 2994
2994 3326 7343
3326 3459 7343
7341 2988 2994
7043 2988 7341
7042 6636 6496
7342 7044 7340
7541 7432 7328
7327 2466 7329
7327 2464 2466
2466 2464 2170
2466 2170 2050
7031 2466 2050
2050 2170 7029
7815 7326 7716
7716 7541 7815
7432 7541 7716
7030 7330 7032
7328 7030 7125
7541 7328 7125
7235 7541 7125
7235 7125 7028
7325 2464 7327
7325 2462 2464
2170 2464 2462
2170 2462 7027
7333 7331 7033
6948 7038 6806
6806 7336 6948
7335 7333 7035
7335 7035 7037
7128 7034 7332
7126 7034 7128
7128 7036 7126
7128 7334 7036
6808 7628 6957
7333 7033 7035
7330 7332 7032
7032 7332 7034
7331 7329 7033
7033 7329 2336
7329 2466 2336
2336 2466 7031
7328 7330 7030
8386 7724 8086
8147 3726 3722
8149 3726 8147
8146 8538 8464
8244 8538 8336
8464 8538 8244
7992 8336 8086
8244 8336 7992
7724 7722 7992
7724 7992 8086
8387 3722 3726
7722 7724 7438
7438 7724 7549
7724 8388 7549
7438 7549 8148
8387 3626 3722
3436 3336 8147
8385 3436 8147
3722 8385 8147
3627 3726 8149
8391 3446 3448
8151 3448 3446
8153 3448 8151
8390 8392 8150
8150 8392 8152
8389 3726 3627
3446 8391 3337
8391 3627 3337
3627 8149 3337
3626 8385 3722
3446 3337 8151
7549 8388 7440
7440 7136 7134
7440 7134 8148
7549 7440 8148
7136 8150 7134
7136 8390 8150
8387 3726 8389
8864 8930 8144
8383 8143 8145
8383 8145 3148
3010 8383 3148
8142 9260 9216
9054 9052 9216
9054 9216 9260
8382 9054 9260
9054 8864 9052
9052 8864 8144
3010 3148 3436
8864 8384 8930
8143 8383 8141
8141 8383 2787
8383 2658 2787
2787 2658 8381
8142 8140 8380
8142 8380 9220
9260 8142 9220
8664 8466 8146
3006 3436 3148
3336 3436 3006
3006 3148 8145
8144 8930 8862
8666 8664 8862
8666 8862 8930
8384 8666 8930
8666 8466 8664
8391 3448 8393
8466 8538 8146
8246 8538 8466
8246 8336 8538
7994 8336 8246
7994 8086 8336
7994 8386 8086
8385 3340 3436
3010 3436 3340
8405 3628 3748
6190 5872 5870
6190 5870 8164
6323 6190 8164
5870 5872 5542
5870 5542 5540
5542 5212 5540
5540 5212 8166
5212 5362 8166
5212 8406 5362
6323 8404 6190
3462 3338 8165
8403 3462 8165
3748 8403 8165
3628 8403 3748
3338 3462 8163
8162 8402 8404
8162 8404 6323
6188 8162 6323
3624 3752 8167
8170 8408 4880
5028 8170 4880
4880 8410 5028
8409 3930 4054
3752 3624 8169
8407 3752 8169
4054 8407 8169
3930 8407 4054
6188 6323 8164
8166 5362 5210
8408 8168 8406
8406 8168 5362
8168 5210 5362
8405 3752 8407
8405 3748 3752
8165 3752 3748
8167 3752 8165
8154 8396 8156
8158 8156 8396
8158 8396 6814
6958 8158 6814
6814 8398 6958
8395 3160 3011
8155 8157 8397
8155 8397 3011
3160 8155 3011
8394 8396 8154
8399 8157 8159
8393 3448 3341
3160 8395 3007
8395 3341 3007
3341 8153 3007
3341 3448 8153
3160 3007 8155
8392 8394 8152
8152 8394 8154
6508 8162 6506
8403 3342 3462
3012 3008 3342
3342 3008 3462
3008 8163 3462
8401 3008 3012
8161 3008 8401
6508 8160 8400
6506 8160 6508
9220 8382 9260
6508 8402 8162
8401 8399 8159
8401 8159 8161
8158 6958 6812
8400 8160 8398
8398 8160 6958
8160 6812 6958
8399 8397 8157
1539 1781 8117
1354 1317 8121
8243 8360 8120
8245 8360 8243
8245 8243 7993
7993 8243 8046
8243 8118 8046
7993 8046 8358
8357 1832 1781
1541 1781 1539
8119 1317 1354
1781 1832 8117
8119 1541 1539
8359 1541 8119
8046 8118 7991
7772 7723 8116
7723 8358 8116
8358 7991 8116
8358 8046 7991
8663 8665 8863
8891 8362 8364
8887 8362 8891
8891 8122 8887
8891 8124 8122
8361 1360 8363
8361 1354 1360
8121 1360 1354
8123 1360 8121
8863 8362 8887
7723 7772 8356
8663 8863 8887
8122 8663 8887
8665 8663 8465
8465 8663 8463
8463 8360 8465
8463 8120 8360
8359 8119 8361
8361 8119 1354
8350 8108 6574
8353 8351 8111
8353 8111 8113
6811 8352 8112
6813 8352 6811
6811 8350 6813
6811 8110 8350
8351 8349 8109
8351 8109 8111
8350 8110 8108
7133 8112 8352
6507 8350 6574
6507 6574 8348
8347 4314 4251
3986 4251 4314
3986 3929 4251
3929 3986 8346
8107 2061 8345
8107 2059 2061
8356 7772 7721
8355 8115 8357
8357 8115 1832
8115 1779 1832
1832 1779 8117
7772 8116 7721
7504 7439 8114
7439 8356 8114
8356 7721 8114
1318 1360 8123
7439 7504 8354
8355 8353 8113
8355 8113 8115
7504 8114 7437
7437 7133 7135
7437 7135 8354
7504 7437 8354
7133 8352 7135
2773 8375 2654
8377 2656 2773
2773 2656 8375
9245 8374 9218
8136 8134 8376
8376 8134 9218
8134 9245 9218
8135 2773 2654
8375 8373 8133
8375 8133 2654
8135 8377 2773
8132 8372 8374
8132 8374 9245
9214 8132 9245
9214 9245 8134
8373 2344 8133
8373 2346 2344
2344 2346 2062
2344 2062 2149
8137 8139 8377
2783 8141 2787
2783 8139 8141
2783 8381 8379
2787 8381 2783
8380 8140 8138
8380 8138 9254
9219 8380 9254
9219 9254 8378
8131 2344 2149
8377 8139 2657
8139 2783 2657
8379 2657 2783
9254 8138 9215
8376 8378 8136
8136 8378 9215
8378 9254 9215
8137 8377 8135
9053 8366 9085
9217 9051 8366
9051 9085 8366
9085 8861 8895
9085 9051 8861
8895 8861 8126
8367 1540 8127
8367 1542 1540
8365 1540 1542
8125 1540 8365
9213 9051 9217
9085 8895 8891
9085 8891 8364
9053 9085 8364
8895 8124 8891
8895 8126 8124
8365 8363 8125
8125 8363 1318
8363 1360 1318
1859 1782 8369
2149 2062 8371
8370 8372 8130
8130 8372 8132
8131 2149 2060
1782 1859 8129
8371 1782 8129
2060 8371 8129
2149 8371 2060
8170 8168 8408
8368 8370 8128
8128 8370 8130
8129 1859 1780
8369 8367 8127
8369 8127 1780
1859 8369 1780
9213 8368 8128
9217 8368 9213
8576 8578 8376
8581 8379 8381
9258 8380 9219
8578 8580 8378
8378 8580 9219
8580 9258 9219
2779 8377 2657
8379 8579 8577
8379 8577 2779
2657 8379 2779
8581 8579 8379
8376 8578 8378
8377 2779 2656
8577 8575 8375
8577 8375 2656
2779 8577 2656
9222 8374 8574
9218 8374 9222
9222 8376 9218
8583 2660 2658
8382 9128 9054
8866 8864 9054
8866 9054 9128
8582 8866 9128
8866 8668 8864
8864 8668 8384
8668 8736 8384
8668 8584 8736
8583 2658 8383
9222 8576 8376
8581 2658 2660
8381 2658 8581
8380 9258 9220
8382 9220 9128
9220 9258 9128
9258 9056 9128
9258 8580 9056
9056 8582 9128
8569 8367 8369
8570 8572 8370
8370 8572 8372
8371 1865 1782
8571 8569 8369
8571 8369 1782
1865 8571 1782
8568 8570 8368
8368 8570 8370
8569 8567 8367
1869 8573 1865
9217 8568 8368
9221 8568 9217
9217 8566 9221
9217 8366 8566
8567 1542 8367
8567 1544 1542
8565 1542 1544
8365 1542 8565
8572 8574 8372
8375 8575 8373
8373 8575 2447
8575 2348 2447
2348 2153 2447
2064 2153 2348
2064 1869 2153
1784 1869 2064
1869 1784 8573
8383 3010 8583
8372 8574 8374
8373 2447 2346
2346 2153 2062
2346 2447 2153
1869 1865 2153
2153 1865 2062
1865 8371 2062
1865 8573 8571
5006 4882 8589
7726 7440 8388
7819 7726 8388
7440 7442 7136
7136 7442 7245
7442 8592 7245
7136 7245 8390
8591 4882 5006
4680 5006 4678
4678 5006 8589
7726 7442 7440
4678 4360 4680
4680 4360 4362
4360 4032 4362
4362 4032 4034
8387 4034 4032
8389 4034 8387
8337 8588 8248
8248 8087 8337
4680 4362 4682
7249 8592 8594
7245 8592 7249
7249 8390 7245
7249 8392 8390
8591 5008 8593
8591 5006 5008
5006 4680 5008
5008 4680 4682
7996 8087 8248
4682 4362 4364
4362 4034 4364
4364 4034 4036
3728 4036 4034
3728 4034 8389
3627 3728 8389
3728 3627 8391
7819 8590 7726
8587 4254 4356
8468 8466 8666
8468 8666 8736
8584 8468 8736
8466 8468 8246
8246 8468 8337
8468 8588 8337
8246 8087 7994
8246 8337 8087
7994 8087 8386
8384 8736 8666
4254 8586 4356
8585 3630 3718
3344 3340 3630
3630 3340 3718
3340 8385 3718
3340 3344 3014
3340 3014 3010
8583 3010 3014
4678 4568 8587
8590 7819 7724
7996 8590 7724
8386 7996 7724
8087 7996 8386
7724 7819 8388
8589 4568 4678
4360 4678 4356
4356 4678 8587
8564 8566 8366
4360 4356 4032
4032 4356 3932
4356 8586 3932
3718 3626 8387
8585 3718 8387
4032 8585 8387
3932 8585 4032
3626 3718 8385
3625 8546 8346
5616 5873 5936
5616 5543 5873
5543 5616 8544
8543 4956 4881
4636 8547 4565
8547 4881 4565
4881 8343 4565
4881 4956 8343
4636 4565 8347
6189 8344 5936
3629 8546 3625
3629 3625 3343
3343 3625 3392
3625 8342 3392
3343 3392 8542
8541 2396 2347
8341 8345 8545
8341 8545 2347
3929 8346 8546
6507 8348 8548
8547 4636 4567
4253 4567 4251
4251 4567 8347
4567 4636 8347
4253 4251 3931
3931 4251 3929
3929 8546 3931
2396 8341 2347
8345 2063 8545
8345 2061 2063
8349 2063 2061
8549 2063 8349
6189 8548 8348
6191 8548 6189
6191 6189 5873
5873 6189 5936
4566 4564 4878
2659 2655 2345
2659 2345 2396
8541 2659 2396
2396 2345 8341
5614 8340 5541
5290 5541 5211
5614 5541 5290
5290 5211 8339
8170 5028 4878
2659 3009 2655
4566 4878 5028
8410 4566 5028
4564 4566 4252
4564 4252 4250
3928 4250 4252
3928 4252 8409
4054 3928 8409
3928 4054 8169
8543 5213 4879
5936 8344 5871
5614 5616 5936
5614 5936 5871
8340 5614 5871
5614 5290 5616
5616 5290 8544
5290 5213 8544
4956 8543 4879
6507 8548 6509
5213 8339 4879
5213 5290 8339
4956 4879 8343
3392 8342 3339
3339 3009 3013
3339 3013 8542
3392 3339 8542
3013 3009 2659
8499 8467 8697
8697 8465 8499
8697 8665 8465
8499 8465 8360
8559 1582 8561
8559 1580 1582
8359 1582 1580
8361 1582 8359
8667 8560 8697
8697 8467 8667
8665 8697 8560
8245 8247 8467
8245 8467 8499
8360 8245 8499
8247 8245 7995
7995 8245 7993
7995 7993 7725
7725 7993 7776
7993 8358 7776
8562 9055 9079
8564 8366 9053
9079 8564 9053
9079 9053 8364
8565 8563 8363
8565 8363 8365
9055 8564 9079
8362 8562 8364
8364 8562 9079
7725 7776 8558
8561 1582 1543
8361 8363 8563
8361 8563 1543
1582 8361 1543
8863 8562 8362
8865 8562 8863
8863 8665 8865
8865 8665 8560
8553 8351 8353
8354 8556 7439
8556 7508 7439
8555 8553 8353
8555 8353 8355
7135 8554 8354
7137 8554 7135
7135 8552 7137
7135 8352 8552
8553 8551 8351
8554 8556 8354
6813 8552 8352
6815 8552 6813
6813 8550 6815
6813 8350 8550
8551 8549 8349
8551 8349 8351
6507 8550 8350
6509 8550 6507
7441 8558 8356
1833 8357 1781
8557 1833 1781
1781 1541 1580
8557 1781 1580
8559 8557 1580
1580 1541 8359
7776 8358 7723
7508 7441 8356
8109 2061 2059
8558 7723 8356
8558 7776 7723
7441 7508 8556
8355 8357 8555
8555 8357 1783
8357 1833 1783
8557 1783 1833
7508 8356 7439
8101 4634 8105
2395 7843 7845
2395 8107 8103
2405 8107 2395
6260 7844 6185
5934 5869 7842
5869 8106 7842
8106 6185 7842
8106 6260 6185
5869 5934 8102
2395 7845 2405
8101 4632 4634
4312 4634 4632
4312 4632 7841
4245 4312 7841
3984 4245 3923
4312 4245 3984
3674 3676 3984
3674 3984 3923
6187 6260 8106
8107 2405 2059
8109 2059 2109
6880 7846 6809
6809 6503 6505
6809 6505 8108
6880 6809 8108
6505 6503 6187
6187 6503 6260
6503 7844 6260
7840 3674 3923
8105 4634 4563
4312 4563 4634
4312 4249 4563
3984 4249 4312
3984 3927 4249
3676 3927 3984
3676 3623 3927
3623 3676 8104
3922 4308 3980
5539 5537 5209
5209 5537 5207
5207 8098 5209
5207 7838 8098
8097 4632 8101
8097 4630 4632
4632 4630 4308
4632 4308 4244
7841 4632 4244
5934 5867 8102
4244 4308 3922
3980 3672 3674
3980 3674 7840
3922 3980 7840
3672 3388 3674
3674 3388 3390
3005 8100 3081
7837 7839 3390
3003 2653 3081
3674 3390 3676
3676 3390 8104
3390 3335 8104
3003 3335 3390
3003 3390 7839
3335 3003 8100
3003 3081 8100
2651 2653 3003
2059 2405 2109
2653 8099 3081
2343 2653 2651
2343 2651 7843
2395 2343 7843
8103 2343 2395
5934 7842 5867
5867 5537 5539
5867 5539 8102
1537 1539 1777
7859 1353 1317
8121 1317 1353
8498 7858 8461
8461 8241 8243
8461 8243 8120
8498 8461 8120
8241 8118 8243
8241 7856 8118
1831 7855 1777
8119 7859 1317
1777 1539 1831
1539 8117 1831
7857 1539 1537
8119 1539 7857
7989 8118 7856
7991 8118 7989
7989 8116 7991
7989 7854 8116
1353 8123 8121
8125 1318 1359
1359 1318 8123
8705 8122 8124
8701 8122 8705
8705 7860 8701
8705 7862 7860
1353 7861 1359
1353 7859 7861
2123 7853 2057
1359 8123 1353
8663 8122 8701
8701 7860 8663
8463 8663 8498
8663 7860 8498
7860 7858 8498
8463 8498 8120
7857 7859 8119
7849 8109 2109
7131 7850 8112
8113 8111 7849
8113 7849 7851
8112 7850 7848
8112 7848 6884
6811 8112 6884
6811 6884 8110
2109 7847 2055
7849 8111 8109
7131 8112 7133
2055 7849 2109
7848 6880 6884
7846 6880 7848
8110 6880 8108
8110 6884 6880
2405 7845 2341
2341 7847 2109
2405 2341 2109
7719 7852 8114
2057 7855 1831
2123 2057 1831
1779 2123 1831
8115 2123 1779
8117 1779 1831
7719 8116 7854
7721 8116 7719
7719 8114 7721
3388 7837 3390
7853 2123 2056
8115 8113 7851
8115 7851 2056
2123 8115 2056
7435 8114 7852
7437 8114 7435
7437 7435 7133
7133 7435 7131
7907 7905 7639
4560 7910 7644
7909 3620 7643
7909 3622 3620
7907 3620 3622
7641 3620 7907
7640 5366 5206
7908 7642 7906
7906 7642 5366
7642 5206 5366
4560 7644 4558
7907 7639 7641
7638 5692 5536
7640 5536 5366
5536 5692 5366
5692 5208 5366
5692 7904 5208
5208 7906 5366
7905 7903 7637
4242 7644 4246
3660 3370 3374
7825 3374 3370
7827 3374 7825
3658 7826 3621
3370 3621 3331
3658 3621 3370
3370 3331 7825
4246 7644 7910
7905 7637 7639
4242 4246 3924
4242 3924 3920
7909 3920 3924
7643 3920 7909
4876 7642 7908
4874 7642 4876
4874 4876 4560
4874 4560 4558
7898 6637 6502
6637 7898 6504
6504 6186 6184
6504 6184 7632
6637 6504 7632
6186 7634 6184
6186 7900 7634
7899 7897 7631
7899 7631 7633
6957 7896 6810
7633 3000 7899
6810 7898 6502
7630 6810 6502
6957 6810 7630
6502 6637 7632
7897 7895 7629
7897 7629 7631
7628 7894 7896
7628 7896 6957
5868 7634 7900
7638 7636 7902
7638 7902 5538
5692 7638 5538
5538 7904 5692
7903 7901 7637
7637 7901 3330
7901 3460 3330
3330 3460 7635
3658 3370 3660
5866 7634 5868
5868 7636 5866
5868 7902 7636
7901 3334 3460
3004 3000 3334
3334 3000 3460
3000 7635 3460
7899 3000 3004
3668 3978 8093
3388 3333 7837
4950 7836 4875
4562 4628 8094
7834 8094 4875
8094 4628 4875
4628 4950 4875
4562 8096 4628
8095 3926 3978
3670 3978 3668
3333 3388 7835
3978 3926 8093
7833 3670 3668
7835 3670 7833
8094 7834 7832
8094 7832 4620
4561 8094 4620
4561 4620 8092
8091 3668 8093
4308 4628 4248
8099 3005 3081
8098 7838 7836
8098 7836 4950
4877 8098 4950
4628 4630 4950
4950 4630 4877
4630 8097 4877
4630 4628 4308
8091 3666 3668
4628 8096 4248
3980 4308 3978
3978 4308 8095
4308 4248 8095
3978 3670 3980
3980 3670 3672
3388 3672 3670
3388 3670 7835
3662 3374 3376
7831 3380 3002
3002 3050 7829
4296 7830 4243
3968 3970 4296
3968 4296 4243
7828 3968 4243
3968 3660 3970
3970 3660 3662
3660 3374 3662
3380 3050 3002
3050 3376 3374
3050 3374 7827
3001 3050 7827
3050 3001 7829
3968 7828 3921
3658 3660 3968
3658 3968 3921
7826 3658 3921
8092 4620 4559
3668 3666 3380
3668 3380 3332
7833 3668 3332
3332 3380 7831
4620 7832 4559
4296 4247 7830
4247 8092 7830
8092 4559 7830
7861 8125 1359
3970 4247 4296
3970 3925 4247
3662 3666 3970
3970 3666 3925
3666 8091 3925
3662 3376 3666
3666 3376 3380
3380 3376 3050
5208 7904 5210
3928 8169 4060
3622 3756 7907
8168 8170 7906
7906 8170 7908
8169 3624 3756
8167 7905 7907
8167 7907 3756
3624 8167 3756
5210 7904 8166
4060 8169 7909
5210 7906 5208
5210 8168 7906
8167 8165 7903
8167 7903 7905
6003 8164 5870
5870 5540 5538
5870 5538 7902
6003 5870 7902
4876 4878 4564
3974 4247 3925
4300 4247 3974
3974 3925 8091
7910 4388 4246
3924 4388 4060
4246 4388 3924
3924 4060 7909
4878 7908 8170
4876 7908 4878
5540 7904 5538
4876 4564 4560
4564 4250 4560
4560 4250 7910
4250 4388 7910
3928 4388 4250
3928 4060 4388
3756 3622 7909
8169 3756 7909
6812 7898 6810
6504 7898 6506
6504 6506 6186
6186 6506 6319
6506 8162 6319
6186 6319 7900
8161 8159 7897
8161 7897 7899
6812 7896 8158
6810 7896 6812
6506 7898 8160
6812 8160 7898
8159 8157 7895
8159 7895 7897
8156 8158 7894
7894 8158 7896
8157 8155 7893
8157 7893 7895
8154 8156 7892
7900 6188 5868
5540 8166 7904
7903 8165 7901
7901 8165 3461
8165 3338 3461
3461 3338 8163
6319 8162 6188
8164 6003 5868
6188 8164 5868
4300 8092 4247
6319 6188 7900
5868 6003 7902
7901 3461 3334
3004 3334 3008
3008 3334 8163
3334 3461 8163
8161 3004 3008
7899 3004 8161
8101 8343 4879
3623 8104 8342
8345 8341 8103
8345 8103 8107
5869 8344 8106
5871 8344 5869
5869 8340 5871
5869 8102 8340
8339 4954 4879
8101 8105 8343
3623 8342 3625
4954 8101 4879
3335 8342 8104
3339 8342 3335
3339 3335 3009
3009 3335 3082
3335 8100 3082
2655 3009 2653
2653 3009 8099
8105 4563 4565
8349 2061 8109
6574 8108 6505
6505 6187 6189
6505 6189 8348
6574 6505 8348
6187 8344 6189
6187 8106 8344
8105 4565 8343
3009 3082 8099
4565 4563 4249
4565 4249 4314
8347 4565 4314
3986 4249 3927
4314 4249 3986
3927 3623 3625
3927 3625 8346
3986 3927 8346
3926 3976 8093
8096 4306 4248
4248 4306 8095
8094 4624 4562
4624 4304 4306
4624 4306 8096
4562 4624 8096
4306 4304 3976
4306 3976 3926
8095 4306 3926
4952 4877 8097
4624 8094 4561
4300 4304 4624
4300 4624 4561
8092 4300 4561
4300 3974 4304
4304 3974 3976
8091 3976 3974
8093 3976 8091
4952 5209 8098
2655 2653 2345
2345 2653 2343
8103 2345 2343
8341 2345 8103
5539 8340 8102
5541 8340 5539
5541 5539 5211
5211 5539 5209
7892 8156 7894
5211 5209 8339
5209 4952 8339
4952 4954 8339
8097 4954 4952
8101 4954 8097
3082 8100 3005
3082 3005 8099
4952 8098 4877
2652 8133 7869
9239 8132 9214
9109 9103 9239
9109 9239 9214
8134 9109 9214
9109 7870 9103
9109 7872 7870
7871 2769 2652
2344 2443 7869
8133 2344 7869
2769 2654 8133
2769 8133 2652
2443 2344 8131
9239 8130 8132
9235 8130 9239
9239 9103 9235
9235 9103 7868
9103 9048 7868
9048 9103 7870
8137 8135 7873
9257 7876 9253
9257 7878 7876
8139 8137 7875
8139 7875 7877
9215 8138 9253
7874 8136 7876
7876 8136 9253
8136 9215 9253
7869 2443 2342
8137 7873 7875
8134 8136 7874
8134 7874 9049
9109 8134 9049
9109 9049 7872
7873 8135 7871
7871 8135 2769
8135 2654 2769
8127 1540 1592
9231 9051 9213
9091 9051 9231
8859 8861 9051
8859 9051 9091
7866 8859 9091
8859 8661 8861
8861 8661 8126
8661 8709 8126
8709 8661 7864
9213 8128 9231
8125 7863 7865
8125 7865 1592
1540 8125 1592
8709 8124 8126
8705 8124 8709
8709 7862 8705
8709 7864 7862
7863 8125 7861
9091 9235 9047
2058 2342 2060
2060 2342 8131
2342 2443 8131
8129 2058 2060
7867 2058 8129
9235 8128 8130
9231 8128 9235
9231 9235 9091
9253 8138 9257
9235 7868 9047
9091 9047 7866
8129 1778 7867
8129 1780 1778
1538 1778 1780
1538 1780 8127
1592 1538 8127
1538 1592 7865
7887 3154 7885
7134 7886 8148
7132 7886 7134
7134 7888 7132
7134 8150 7888
8147 3444 8149
8147 3440 3444
3440 3152 3444
3444 3152 3154
7885 3154 3152
7889 3156 7887
7884 8740 8662
8464 8462 8662
8464 8662 8740
8146 8464 8740
8462 8464 8244
8462 8244 8242
8242 8244 7992
8242 7992 7990
7889 3158 3156
8153 3158 3007
7891 7893 8155
7891 8155 3007
3158 7891 3007
8152 8154 7890
7890 8154 7892
8151 3158 8153
8151 3156 3158
7990 7992 7722
7891 3158 7889
8150 8152 7888
7888 8152 7890
8149 3444 3337
3154 3156 3444
3444 3156 3337
3156 8151 3337
7887 3156 3154
8143 8141 7879
8145 7881 7883
9259 8142 9216
9216 9052 9050
9216 9050 7880
9259 9216 7880
9050 9052 8860
8860 9052 8929
9052 8144 8929
8860 8929 7882
8145 8143 7881
8143 7879 7881
9259 8140 8142
9257 8140 9259
9259 7878 9257
9259 7880 7878
8141 8139 7877
8141 7877 7879
9257 8138 8140
8145 7883 7885
7990 7722 7720
7720 7722 7438
7720 7438 7436
7438 7886 7436
7438 8148 7886
8147 3336 3440
3006 3440 3336
3006 3152 3440
2940 2598 2594
8145 7885 3152
3006 8145 3152
8929 8144 8862
8862 7882 8929
7884 7882 8740
7882 8862 8740
8862 8664 8740
8664 8146 8740
4627 4497 478
533 3070 2907
481 483 535
481 535 2907
3070 481 2907
532 534 480
480 534 482
4949 479 4811
4949 4497 4627
4949 4811 4497
534 7655 7753
531 477 533
533 477 3070
477 2903 3070
3070 2903 481
530 532 476
476 532 480
475 5143 529
475 5139 5143
7753 536 7653
538 540 486
486 540 488
537 485 539
539 485 3092
485 2905 3092
3092 2905 487
536 538 486
536 486 7653
4815 5143 5139
7753 7653 484
537 2904 485
537 2908 2904
535 2904 2908
483 2904 535
7655 536 7753
482 534 484
484 534 7753
527 3563 473
471 475 529
471 529 5475
5600 471 5475
3859 528 474
3861 528 3859
3861 3859 3563
3563 3859 3561
473 3563 3561
525 5600 5475
7061 526 472
7063 526 7061
7061 6743 7063
7063 6743 524
6743 6855 524
6855 6743 470
469 5801 523
469 5799 5801
4175 474 528
4815 5139 479
4949 4815 479
4949 4501 4815
4627 4501 4949
4175 4179 4501
4175 4501 4627
478 4175 4627
4175 528 4179
3092 487 2909
473 3265 527
473 3263 3265
477 3265 3263
531 3265 477
7361 530 476
7363 530 7361
7361 526 7363
7361 472 526
8295 550 552
4973 4647 4812
4647 501 4812
4649 4327 4647
4647 4327 500
4327 4176 500
4176 4327 504
553 551 499
553 499 503
4649 4647 4973
8289 550 8295
8295 498 8289
8295 502 498
501 4647 4498
4498 4647 500
551 549 497
551 497 499
8175 550 8289
555 1710 507
5309 4973 5140
4973 505 5140
4649 4973 4975
4649 4975 4651
4327 4649 4651
4327 4651 4329
4329 504 4327
4329 508 504
496 548 498
555 1712 1710
553 1710 1712
503 1710 553
8299 552 554
8295 552 8299
8299 502 8295
8299 506 502
505 4973 4812
491 2557 2555
545 543 491
545 491 493
492 8024 8028
490 8024 492
544 8024 542
544 8028 8024
489 2557 541
489 2555 2557
7923 8028 544
543 2557 491
8024 490 7921
540 542 488
488 542 7921
542 8024 7921
539 3092 2909
487 489 541
487 541 2909
493 2265 545
498 548 8289
548 8175 8289
495 1711 547
495 1709 1711
497 1711 1709
549 1711 497
546 548 494
494 548 496
5801 5799 5473
493 2263 2265
2265 2263 1975
1975 2263 1973
495 1975 1973
547 1975 495
546 494 492
546 492 8028
7923 546 8028
456 514 516
4005 4335 4007
3697 4005 4007
3697 4007 517
3562 3697 517
3562 3413 3697
3264 3413 3562
3264 3119 3413
2906 3119 3264
3119 2906 515
4005 4333 4335
456 516 7785
7652 456 7785
7652 7785 458
5635 455 5471
5471 457 5313
5635 5471 5313
5141 5635 5313
513 5635 5141
5313 457 461
458 7654 7360
7785 7654 458
7360 7213 7060
7360 7521 7213
7060 6917 6742
7060 7213 6917
6742 6917 462
5313 461 5315
5313 4813 5141
4979 5313 5315
4979 5315 4981
4979 4981 4655
4655 4981 4495
4981 460 4495
4333 4655 4335
4335 4655 459
4655 4495 459
5633 513 509
511 2554 2556
453 2554 511
7922 452 510
7920 452 7922
7922 456 7920
7922 514 456
5633 455 5635
5633 451 455
2902 3119 515
5635 513 5633
4003 508 512
4001 508 4003
4003 450 4001
4003 454 450
511 2262 453
511 2264 2262
2262 2264 1974
4005 3697 4003
4979 4813 5313
4979 4499 4813
4655 4499 4979
4655 4177 4499
4333 4177 4655
4333 4005 4003
4333 4003 512
4177 4333 512
7654 518 7360
4003 3697 454
3697 3560 454
3560 3413 3262
3560 3697 3413
3262 3119 2902
3262 3413 3119
2554 2902 2556
2556 2902 515
522 5965 5798
4814 4500 4496
4814 4496 468
4985 4814 468
4496 4500 4178
4496 4178 4339
467 4496 4339
4339 4178 521
6285 520 6114
4814 4985 5142
6114 522 5798
466 6114 5798
6285 6114 466
5798 5643 5472
5798 5965 5643
5319 5317 5643
5643 5317 5472
5317 465 5472
6115 6433 6113
5801 5473 5600
525 5801 5600
5600 5473 471
6745 524 6855
6433 6435 6745
6433 6745 6855
470 6433 6855
6435 6433 6115
5319 4985 5317
469 6115 6113
523 6115 469
5965 522 5800
5800 5643 5965
5474 5643 5800
5474 5319 5643
5142 5319 5474
5142 4985 5319
4981 4809 460
6112 6434 6285
6434 520 6285
6112 6285 466
5315 465 5317
5315 461 465
5315 5317 4981
4981 5317 4809
5317 464 4809
6432 6434 6112
4335 459 4173
4007 4335 4009
4009 4335 463
4335 4173 463
4007 519 517
4009 519 4007
7785 516 7654
518 7521 7360
4009 3860 519
5317 4985 464
4985 4810 464
4810 4985 468
467 4339 4174
3860 4009 463
521 3860 463
4174 521 463
4339 521 4174
4975 4973 5309
7521 518 7362
7362 7213 7521
7062 7213 7362
7062 6917 7213
6744 6917 7062
6744 6434 6432
6744 6432 462
6917 6744 462
3383 527 3265
529 5143 5145
5145 5143 4817
4817 5143 4815
4815 4501 4817
4817 4501 590
4501 4623 590
4623 4179 4303
4623 4501 4179
4303 4179 528
529 5145 591
531 593 589
531 589 3383
3265 531 3383
7472 530 7363
588 592 526
526 592 7363
592 7472 7363
525 5477 587
596 532 7476
596 598 534
534 598 7655
598 7754 7655
533 2911 595
533 2907 2911
535 2911 2907
597 2911 535
596 534 532
525 5475 5477
7365 596 7476
7365 7476 594
595 593 531
595 531 533
532 7472 7476
530 7472 532
594 7472 592
594 7476 7472
3665 3565 3973
7063 584 7065
7063 524 584
523 5803 583
523 5801 5803
525 5803 5801
587 5803 525
3863 586 3973
3973 3565 3863
7065 588 7063
585 3565 3665
6745 584 524
6747 584 6745
6747 6745 6437
6437 6745 6435
6437 6435 6117
6117 6435 6115
523 6117 6115
586 4181 4303
529 5477 5475
591 5477 529
4503 590 4623
4623 4181 4503
4303 4181 4623
3861 3973 528
3973 586 528
586 4303 528
7754 536 7655
3973 3563 3665
3973 3861 3563
3563 527 3383
3665 3563 3383
3267 3665 3383
585 3665 3267
589 3267 3383
7063 588 526
611 547 1828
611 1828 1836
549 1836 1828
551 1836 549
8175 612 550
8177 612 8175
8175 610 8177
8175 548 610
609 547 611
611 1836 613
547 1711 1828
1828 1711 549
610 548 546
610 546 8034
7925 610 8034
7925 8034 608
545 2267 607
545 2265 2267
1712 1842 553
8176 554 8178
8178 556 8176
8178 618 556
617 1978 2134
1842 1712 555
615 1842 555
2134 615 555
1978 615 2134
2267 2265 1977
614 616 552
552 616 554
613 1842 615
613 1836 1842
551 1842 1836
553 1842 551
612 614 550
550 614 552
3093 601 3085
541 603 601
541 601 3093
2909 541 3093
600 602 538
538 602 540
3085 539 3093
3085 537 539
3085 601 599
3093 539 2909
600 538 536
600 536 7754
7657 600 7754
7657 7754 598
537 3085 2908
599 597 535
599 535 2908
3085 599 2908
607 543 545
1977 2265 1975
547 1977 1975
609 1977 547
8034 546 7923
606 608 544
544 608 7923
608 8034 7923
607 605 543
583 6117 523
604 606 542
542 606 544
541 2559 603
541 2557 2559
543 2559 2557
605 2559 543
602 604 540
540 604 542
3121 2759 2906
7654 516 7787
7654 7787 518
517 3699 3562
3562 3415 3264
3562 3699 3415
3264 3121 2906
3264 3415 3121
2761 2759 3121
516 562 7787
2759 515 2906
2759 561 559
2761 561 2759
558 560 514
514 560 516
5311 513 5141
5311 4813 4977
5311 5141 4813
3415 3699 3701
7062 7064 6746
7062 6746 6744
6744 6746 6436
6744 6436 6434
6436 520 6434
6436 564 520
3699 519 3701
3699 517 519
4977 4499 4653
3415 3701 3417
3121 3415 3417
3121 3417 3123
2761 3121 3123
2761 3123 2763
2761 563 561
2763 563 2761
516 560 562
1976 2264 557
4651 4975 4977
4651 4977 4653
4329 4651 4653
4329 4653 4331
4331 508 4329
4331 512 508
511 2433 2264
1974 2264 1976
4975 5311 4977
2264 2433 557
555 1974 1976
507 1974 555
8299 554 8176
510 506 556
556 506 8176
506 8299 8176
509 5309 5140
2759 559 2556
4977 4813 4499
4653 4177 4331
4653 4499 4177
4331 4177 512
515 2759 2556
2266 2433 511
559 2266 511
2556 559 511
7362 7523 565
2433 2266 557
7924 510 556
7922 510 7924
7924 514 7922
7924 558 514
5309 513 5311
5309 509 513
4975 5309 5311
4814 4989 4663
5800 5802 5476
5800 5476 5474
5474 5476 5144
5474 5144 5142
5142 5144 4814
4814 5144 4989
5144 574 4989
4814 4663 4500
5800 522 5802
4178 4500 4180
4180 4500 573
4500 4663 573
4178 4180 3862
4178 3862 4011
521 4178 4011
3705 3703 4011
3705 4011 3862
3266 3421 3564
7795 576 7656
7795 7656 575
4989 574 4816
4816 4663 4989
4502 4663 4816
4663 4502 573
3705 572 3564
3564 3421 3705
572 3705 3862
3266 3129 3421
2910 3129 3266
3129 2910 571
7795 570 576
7791 570 7795
7791 575 569
7795 575 7791
5802 522 568
2558 2763 567
4011 3701 3860
3701 519 3860
3417 3701 3703
3417 3703 3419
3123 3417 3419
3123 3419 3125
2763 3123 3125
2763 3125 567
3703 3701 4011
2763 2558 563
7789 562 566
7787 562 7789
7789 7523 7787
7787 7523 518
7523 7362 518
7062 7362 7064
7064 7362 565
7523 7789 7791
3419 3703 3705
3419 3705 3421
3125 3419 3421
3125 3421 3129
3125 571 567
3129 571 3125
7791 566 570
7789 566 7791
2262 1974 1972
7523 7791 569
7364 7523 569
7523 7364 565
6116 520 564
6114 520 6116
6116 522 6114
6116 568 522
521 4011 3860
429 2728 2553
380 434 8275
8172 380 8275
8172 8275 382
433 431 379
433 379 381
8171 432 380
8173 432 8171
8171 430 8173
8171 378 430
380 432 434
377 379 431
377 431 2553
2728 377 2553
7913 430 378
7917 430 7913
7917 7913 7651
7651 7913 7649
7649 7355 7651
2423 1971 2261
439 1707 1827
436 438 384
384 438 386
385 2747 2550
2423 2261 435
435 383 2550
2423 435 2550
2747 2423 2550
7651 7355 428
2121 1971 2423
437 1971 2121
8275 434 8174
384 382 436
436 382 8174
382 8275 8174
435 433 381
435 381 383
7181 7475 7358
7183 372 7181
7183 374 372
423 2714 425
423 2708 2714
371 2714 2708
373 2714 371
7475 422 7358
7181 7177 7475
7181 424 7183
424 7181 7358
7177 7181 6867
6867 7181 6739
7181 372 6739
6867 6739 370
421 2708 423
421 2702 2708
369 2708 2702
7183 426 376
7355 7493 428
7493 7355 376
427 2728 429
427 2720 2728
375 2728 2720
377 2728 375
7359 428 7493
7057 7183 376
437 2121 1707
426 7493 376
426 7359 7493
7183 7057 374
425 2720 427
425 2714 2720
373 2720 2714
375 2720 373
7183 424 426
1835 393 397
395 447 5305
447 5138 5305
5305 5138 443
3997 442 3858
398 394 446
446 394 3858
394 3997 3858
1835 397 1841
399 447 395
1835 445 441
1841 445 1835
440 444 392
392 444 396
395 5305 5136
4806 5136 4808
4808 5136 443
5136 5305 443
1708 1841 397
451 5470 5468
447 5468 5470
399 5468 447
446 450 398
398 450 402
401 2431 2260
2260 2133 1970
2260 2431 2133
4806 4808 4494
449 1708 397
1970 449 397
2133 449 1970
1841 1708 445
7919 448 8049
396 444 400
400 444 8049
444 7919 8049
3109 2747 2898
7918 440 392
391 4323 4170
4170 3995 3856
4170 4323 3995
3856 3995 390
389 3109 2898
2747 3109 388
2747 388 2551
7918 392 7914
2747 385 2898
2747 2259 2423
2747 2551 2259
2423 1969 2121
2423 2259 1969
1969 387 1827
2121 1969 1827
1707 2121 1827
3997 394 390
4806 4494 4492
4492 4494 4172
4492 4172 4323
391 4492 4323
3997 3995 4323
3997 4323 4172
442 3997 4172
3997 390 3995
371 2708 369
3109 389 2899
3109 2899 388
1827 393 1835
1827 387 393
1827 441 439
1835 441 1827
7918 386 438
7914 386 7918
6288 6537 6219
6608 6288 6610
6610 6288 6290
6288 5966 6290
6290 5966 5968
5648 5968 5966
5648 5966 355
5581 5648 355
5648 5581 357
6608 356 6537
356 6608 358
6608 6537 6288
5966 6219 5901
6288 6219 5966
5966 5901 355
6740 354 412
6738 354 6740
6738 6740 6430
6738 6430 6428
6610 6290 6612
6538 6612 6220
5902 6292 5970
6220 6292 5902
5582 5970 5650
5902 5970 5582
5582 5650 359
360 6610 6612
358 6610 360
6428 6430 6110
6612 6290 6292
6290 5968 6292
6292 5968 5970
5968 5648 5970
5970 5648 5650
357 5650 5648
359 5650 357
358 6608 6610
408 7783 7648
349 409 5957
409 5796 5957
5957 5796 407
3411 406 3260
3260 3117 3411
2900 3117 3260
3117 2900 405
8051 404 7916
351 409 349
7916 408 7648
348 7916 7648
8051 7916 348
7648 7517 7354
7648 7783 7517
7354 7517 350
349 5957 5794
407 403 347
411 409 351
6428 6110 6283
353 6428 6283
6283 6110 411
7058 352 410
7056 352 7058
7058 354 7056
7058 412 354
353 6283 6108
6220 6612 6292
411 351 6108
6283 411 6108
7783 408 7650
7650 7517 7783
7356 7517 7650
352 350 410
410 350 7356
350 7517 7356
6551 416 368
2901 2897 2549
2901 2549 2702
421 2901 2702
2702 2549 369
7059 420 7173
7173 6741 7059
6863 6741 7173
6429 6551 368
3261 3382 367
416 6863 368
416 6741 6863
6551 6429 366
365 5137 415
365 5135 5137
5137 5135 4805
5137 4805 4942
419 5137 4942
419 4942 4807
7357 422 7475
7475 7177 7173
7475 7173 420
7357 7475 420
6863 7173 7177
6863 7177 6867
6867 368 6863
6867 370 368
4622 4805 4491
4622 4807 4942
4622 4493 4807
4302 4493 4622
4302 4171 4493
4171 4302 418
417 3382 3261
2901 3261 2897
2897 3261 367
4298 4169 3972
6109 414 6111
6109 362 414
361 5469 413
361 5467 5469
365 5469 5467
415 5469 365
4298 364 4169
3972 4169 3855
366 6109 6551
3664 3855 3557
3972 3855 3664
3664 3557 363
5795 414 362
5797 414 5795
361 5797 5795
413 5797 361
360 6612 6538
3664 3559 3857
4942 4805 4622
4298 4302 4622
4298 4622 4491
364 4298 4491
4298 3972 4302
4302 3972 418
3972 3857 418
3664 3857 3972
451 5468 403
3382 417 3259
417 3559 3259
3559 363 3259
3559 3664 363
3382 3259 367
6431 416 6551
6109 6111 6431
6109 6431 6551
3084 427 2905
8020 430 7917
7917 488 8020
486 488 7759
488 7917 7759
7917 7651 7759
7759 7651 428
485 3084 2905
427 429 487
427 487 2905
2736 2553 431
7653 486 7759
7359 7489 428
7489 484 428
484 7759 428
484 7653 7759
7489 7359 426
485 2904 3084
483 425 427
8270 432 8173
434 8270 8276
432 8270 434
492 8270 490
492 8276 8270
489 2736 2555
431 433 491
431 491 2555
2736 431 2555
483 427 3084
8020 7921 430
7921 490 430
490 8173 430
490 8270 8173
7921 8020 488
487 429 489
489 429 2736
429 2553 2736
5139 419 4807
3064 421 2903
476 480 422
476 422 7357
7471 476 7357
7471 7357 420
475 5280 5139
4948 479 4807
479 5139 4807
421 481 2903
5139 5280 419
4626 4807 4493
4948 4807 4626
4493 4171 4175
4493 4175 478
4626 4493 478
4171 474 4175
4171 418 474
422 482 7483
2904 483 3084
7489 482 484
7483 482 7489
7489 424 7483
7489 426 424
483 481 423
483 423 425
422 480 482
493 433 435
7358 422 7483
7358 7483 424
479 4948 4811
4626 4811 4948
4626 4497 4811
4497 4626 478
477 3064 2903
421 423 481
5307 505 5138
502 506 448
502 448 7919
8047 502 7919
8047 7919 444
447 5307 5138
4812 4971 443
505 4812 443
5138 505 443
445 1708 503
4971 4812 501
4325 500 4176
504 3999 3858
4176 504 3858
442 4176 3858
4325 4176 442
3858 3999 446
503 499 441
5633 509 5470
507 1972 1974
449 1972 507
506 510 448
448 510 452
451 5633 5470
5140 5307 447
509 5140 447
5470 509 447
503 441 445
5307 5140 505
4001 504 508
3999 504 4001
4001 446 3999
4001 450 446
507 1708 449
507 1710 1708
503 1708 1710
2263 2261 1973
437 1709 495
437 1707 1709
439 1709 1707
497 1709 439
494 496 436
436 496 438
435 2263 493
435 2261 2263
7918 8043 440
1973 2261 1971
437 1973 1971
495 1973 437
434 8276 8174
494 436 492
492 436 8276
436 8174 8276
493 491 433
4494 4498 4172
8047 498 502
8043 498 8047
8047 440 8043
8047 444 440
443 4971 4808
4494 4808 4498
4498 4808 501
4808 4971 501
417 3263 473
4172 4498 4325
4498 500 4325
4172 4325 442
499 497 439
499 439 441
438 496 498
438 498 8043
7918 438 8043
459 4495 4657
6742 462 6916
5959 411 5961
5959 409 411
5637 5959 5961
5637 5961 5639
5637 461 457
5639 461 5637
4495 460 4657
6742 6916 412
7652 408 456
7650 408 7652
7650 7652 7356
7356 7652 7519
7652 458 7519
7356 7519 410
409 5959 5796
5637 5471 455
4657 4337 4173
5639 5963 5641
5639 465 461
5641 465 5639
4809 464 4983
4983 4659 4657
4983 4657 460
4809 4983 460
4657 4659 4337
455 407 5796
459 4657 4173
463 4173 4337
7519 458 7360
7360 7060 7058
7360 7058 410
7519 7360 410
7060 6742 7058
7058 6742 412
2552 453 401
455 403 407
402 450 454
402 454 3695
3558 402 3695
3558 3695 406
405 2757 2552
2262 2431 401
453 2262 401
455 451 403
2757 453 2552
2262 2133 2431
1972 2133 2262
2133 1972 449
448 452 404
448 404 7915
8049 448 7915
8049 7915 400
3260 2902 2900
5637 455 5796
5959 5637 5796
457 5471 5637
3695 454 3560
3560 3262 3260
3560 3260 406
3695 3560 406
3260 3262 2902
5639 5961 5963
2900 2902 2554
2900 2554 2757
405 2900 2757
2757 2554 453
7920 404 452
7916 404 7920
7920 408 7916
7920 456 408
6431 6547 416
3859 474 3857
3859 3857 3561
3561 3857 3559
417 3561 3559
473 3561 417
7061 472 7169
7169 6743 7061
6859 6743 7169
3857 474 418
6547 470 416
470 6859 416
470 6743 6859
6547 6111 6235
6547 6431 6111
5799 6111 414
5799 414 5916
6111 5799 6235
472 7471 420
417 3261 3263
3263 3261 2901
3263 2901 3064
477 3263 3064
3064 2901 421
7361 476 7471
7059 7169 420
7169 472 420
5799 469 6235
472 7361 7471
7169 6741 6859
7169 7059 6741
6859 6741 416
471 415 475
475 415 5280
415 5137 5280
5280 5137 419
6432 6430 6740
4661 4659 4983
4661 4983 4810
468 4661 4810
4337 4659 4661
4337 4661 467
4174 4337 467
4337 4174 463
412 6916 6740
4983 464 4810
6432 6740 6916
462 6432 6916
6430 6432 6112
6430 6112 6110
6110 5961 411
6110 6112 466
5961 6110 466
5963 5961 466
6113 6235 469
5473 5799 5469
5469 5799 413
5799 5916 413
415 5473 5469
471 5473 415
6433 470 6547
6547 6113 6433
6235 6113 6547
8178 554 616
414 5797 5916
5916 5797 413
4661 468 4496
4661 4496 467
5963 466 5798
5798 5641 5963
5472 5641 5798
5641 5472 465
3145 3147 2791
4349 816 4353
4023 4349 4353
4023 4353 4025
3713 4023 4025
3713 4025 3715
3431 3713 3715
3431 3715 3433
3145 3431 3433
3145 3433 3147
4353 816 818
3145 2791 2565
815 3145 2565
817 2565 2791
4187 816 4349
4349 3869 4187
4023 3869 4349
4023 3713 3711
4023 3711 814
3715 4029 3719
3272 3149 3437
2916 3149 3272
3149 2916 819
4353 818 4188
4029 4025 4353
4029 4353 4188
820 4029 4188
3715 4025 4029
3869 4023 814
3433 3715 3719
3433 3719 3437
3147 3433 3437
3147 3437 3149
2791 3147 3149
2791 3149 819
2566 2791 819
2791 2566 817
811 713 2914
3868 812 3568
714 3868 3568
4015 3868 714
3568 3425 3270
3568 3709 3425
3270 3139 2914
3270 3425 3139
811 809 713
812 3709 3568
3139 811 2914
7932 712 808
7930 712 7932
7932 7662 7930
7930 7662 716
7662 7800 716
7370 7368 7662
7662 7368 7800
3425 3709 3711
3427 3711 3713
3427 3713 3431
3143 3427 3431
3143 3431 3145
3143 815 813
3145 815 3143
3711 812 814
3709 812 3711
3272 3437 3570
3425 3711 3427
3139 3425 3427
3139 3427 3143
3139 813 811
3143 813 3139
716 7800 7660
7660 7800 715
4015 810 3868
867 1057 1113
1801 1473 1719
1551 1473 1801
1551 1321 1319
1551 1319 864
1473 1551 864
1319 1321 1113
1319 1113 1057
863 1319 1057
1801 1719 2093
7178 762 7069
6864 6868 7178
6864 7178 7069
758 6864 7069
6560 6868 6864
6560 6864 757
6441 6560 757
6250 6441 6121
2915 763 2709
6123 6250 761
5809 5807 5483
5483 5807 5481
5483 5481 5151
5151 5481 5149
5149 866 5151
5149 760 866
3065 759 2915
6560 6441 6250
3065 2915 2709
2567 3065 2709
865 3065 2567
2709 2273 2567
2385 2273 2709
2385 1983 2273
2093 1983 2385
2093 1719 1983
3571 3867 3569
3271 755 3377
4507 860 754
4509 860 4507
4509 4507 4189
4189 4507 4185
4189 4185 3871
3871 4185 3867
3871 3867 3571
755 859 3377
3273 3571 3569
3273 3569 753
3377 3273 753
859 3273 3377
4029 820 3870
3870 3719 4029
3570 3719 3870
3570 3437 3719
865 2917 3065
6250 6121 761
4821 866 760
4823 866 4821
4821 862 4823
4821 756 862
755 759 861
861 759 2917
759 3065 2917
7368 715 7800
1243 864 1319
863 1243 1319
6864 758 6751
6864 6751 757
860 862 754
754 862 756
3377 753 3271
755 861 859
1595 1589 1851
8181 796 702
8185 796 8181
8181 792 8185
8181 700 792
701 795 699
699 795 2139
795 1982 2139
1982 1851 2139
1718 1851 1982
655 640 793
1595 1851 1718
794 1595 1718
1365 1589 1595
1365 1595 1369
1143 1365 1369
1143 1369 1145
977 1143 1145
977 1145 979
979 1145 1147
795 2270 2272
701 2270 795
1595 794 1472
1373 1369 1595
1373 1595 1472
798 1373 1472
1145 1369 1373
1145 1373 1147
979 855 977
979 1147 981
855 979 981
855 981 857
747 855 857
747 857 751
655 747 751
655 751 797
640 655 797
851 977 821
1361 1589 1365
1361 1365 1143
1361 1143 1055
789 1361 1055
1143 977 975
1143 975 788
1055 1143 788
975 977 851
1361 1585 1589
977 698 821
851 717 743
851 821 717
651 743 653
653 743 697
743 717 697
651 791 787
653 791 651
655 793 653
977 855 698
855 822 698
822 747 718
822 855 747
655 653 747
747 653 718
653 697 718
653 793 791
799 2272 2270
790 792 696
696 792 700
2137 699 2139
2137 695 699
1847 2137 2139
1847 2139 1851
1585 1847 1851
1585 1851 1589
6122 5806 706
711 807 707
707 807 6921
807 6752 6921
6752 6607 6921
6442 6607 6752
6442 6287 6607
6122 6287 6442
6122 5808 5806
708 8313 8186
6287 6122 706
5806 5808 5482
5806 5482 5480
5480 5482 5150
5480 5150 5148
5148 5150 4822
5148 4822 4820
4820 4822 4508
4186 810 4015
7368 7370 7070
7368 7070 7068
807 7068 7070
711 7068 807
4186 710 806
4184 710 4186
4184 4186 3866
3866 4186 4015
4820 4508 4506
3866 4015 714
809 2562 713
809 2564 2562
805 2562 2564
709 2562 805
8313 804 8186
712 708 808
808 708 8186
926 981 801
803 799 703
803 703 705
1375 798 802
1373 798 1375
1147 1373 1375
1147 1375 1149
981 1147 1149
981 1149 801
6120 6287 706
926 857 981
824 857 926
824 751 857
720 751 824
751 720 797
796 800 702
702 800 704
799 2270 703
704 800 804
4508 710 4506
4508 806 710
805 803 705
805 705 709
1375 802 1242
1242 1149 1375
1056 1149 1242
1149 1056 801
5807 6123 761
704 804 8313
8182 704 8313
8182 8313 708
707 6921 6750
6750 6607 6440
6750 6921 6607
6440 6287 6120
6440 6607 6287
8305 792 790
1982 2143 1855
1718 1855 794
793 897 791
791 897 581
897 578 581
581 578 895
8305 894 896
8303 894 8305
8305 790 8303
1982 1855 1718
1141 789 1055
1141 1055 788
787 791 893
893 791 577
791 581 577
895 577 581
786 892 894
786 894 8303
797 657 640
2441 2143 2272
2143 795 2272
1855 2143 2147
1855 2147 1861
1861 1601 1855
1855 1601 794
1601 1472 794
1472 1601 798
8184 786 8303
899 897 793
899 793 640
657 899 640
896 898 796
896 796 8185
8305 896 8185
8305 8185 792
795 2143 1982
784 8503 8414
639 641 719
719 641 741
641 889 741
787 641 639
893 641 787
8503 888 8414
786 784 892
892 784 8414
847 823 719
1843 785 1845
1843 783 785
1843 1845 1583
1843 1583 1475
887 1843 1475
1583 1245 1475
1355 1245 1583
891 1245 1355
1059 1355 1141
8184 8303 790
1845 785 1717
1845 1471 1583
1845 1717 1471
1583 1241 1355
1583 1471 1241
1241 789 1141
1355 1241 1141
2147 2143 2441
891 1355 1059
925 927 1059
925 1059 1141
788 925 1141
925 823 927
927 823 890
823 847 890
5884 9384 5886
805 907 803
5152 5482 909
5482 5645 909
5150 5152 4824
5150 4824 4822
4822 4824 4510
4822 4510 4508
4510 806 4508
4510 908 806
5150 5482 5152
803 907 2445
907 2274 2445
2445 2274 903
1607 902 1476
906 1379 1242
1476 906 1242
802 1476 1242
1607 1476 802
6752 6754 6444
8186 8314 8068
8314 7934 8068
8314 904 7934
7934 912 8068
911 7072 7220
6754 6752 7072
7072 6752 7220
6752 807 7220
1242 1155 1056
6752 6444 6442
6442 6444 6124
6442 6124 6122
6122 6124 5808
5808 6124 5967
6124 910 5967
5808 5645 5482
5808 5967 5645
824 826 722
1607 1861 1720
902 1607 1720
1607 798 1601
1607 802 798
801 983 926
824 926 826
826 926 901
926 983 901
1607 1601 1861
824 722 720
720 722 642
720 642 657
797 720 657
657 642 899
898 900 796
796 900 800
799 2441 2272
8314 804 8188
1242 1379 1155
928 983 801
905 928 801
1056 905 801
1155 905 1056
983 928 901
804 800 900
804 900 8188
825 890 847
8188 904 8314
2441 803 2445
2441 799 803
2147 2441 2445
2147 2445 903
1984 2147 903
1984 1861 2147
1720 1861 1984
7491 7369 766
1244 1117 1325
1058 1117 1244
1117 1058 871
7661 872 768
7663 872 7661
7661 7369 7663
7663 7369 870
7369 7491 870
1244 1325 873
2389 765 2271
2095 2389 2097
2097 2389 767
2389 2271 767
1803 2095 2097
1803 2097 1805
1553 1803 1805
1553 1805 1555
872 7933 8021
1557 1807 1559
1559 1807 771
1807 1713 771
1557 875 873
1559 875 1557
7933 874 8021
768 872 770
770 872 8021
1323 1553 1555
2097 769 2099
2097 767 769
1805 2097 2099
1805 2099 1807
1555 1805 1807
1555 1807 1557
1325 1555 1557
1325 1557 873
868 762 7178
1551 1803 1553
1321 1551 1553
1321 1553 1323
1113 1321 1323
1113 1323 1115
1113 869 867
1115 869 1113
868 764 762
1551 1801 1803
7071 868 7178
6868 7071 7178
6868 6753 7071
6560 6753 6868
6560 6443 6753
6250 6443 6560
6250 6123 6443
5809 6123 5807
868 7371 7491
1323 1555 1325
1115 1323 1325
1115 1325 1117
1115 871 869
1117 871 1115
7371 870 7491
764 868 766
766 868 7491
2099 1981 1713
2709 763 2563
2385 2709 2389
2389 2709 765
2709 2563 765
2093 2385 2389
2093 2389 2095
1801 2093 2095
1801 2095 1803
882 8687 780
1474 1573 779
885 1474 779
1716 885 779
1837 885 1716
1573 1474 883
8611 884 8687
8411 8485 780
8485 882 780
781 1837 1716
882 8611 8687
8485 8411 778
1821 777 1715
1569 1821 1573
1573 1821 779
1821 1715 779
1569 883 881
1573 883 1569
8412 8503 784
847 721 825
741 721 847
889 721 741
8691 886 8612
888 8503 8412
8612 888 8412
782 8612 8412
8691 8612 782
8413 882 8485
1837 783 1843
1837 781 783
1837 887 885
1843 887 1837
8691 884 886
8687 884 8691
8691 780 8687
8691 782 780
1559 771 773
1561 773 1714
1561 879 877
1565 879 1561
876 878 774
876 774 7931
8025 876 7931
8025 7931 772
1559 773 1561
1817 1561 1714
1559 877 875
1561 877 1559
8025 874 876
8021 874 8025
8025 770 8021
8025 772 770
2099 769 1981
2099 1713 1807
1565 1821 1569
8183 8281 778
8281 880 778
880 8485 778
880 8413 8485
8281 8183 776
1817 777 1821
1817 775 777
1565 1817 1821
8184 694 786
1565 881 879
1569 881 1565
8187 880 8281
774 878 776
776 878 8281
878 8187 8281
775 1817 1714
1565 1561 1817
672 7484 7365
7367 674 7484
7367 7484 672
595 2913 671
595 2911 2913
597 2913 2911
673 2913 597
7484 596 7365
670 672 594
594 672 7365
674 596 7484
671 669 593
671 593 595
668 670 592
592 670 594
667 5924 5805
5604 5805 5924
5604 5479 5805
5147 5479 5145
7657 676 600
2729 679 677
2737 679 2729
676 678 600
600 678 602
2721 601 2729
2721 599 601
2721 677 675
2729 677 2721
5145 5479 591
7659 676 7657
7657 674 7659
7657 598 674
597 599 673
673 599 2561
599 2721 2561
675 2561 2721
674 598 596
665 3269 589
662 590 4503
4619 662 4503
4619 4181 4299
4619 4503 4181
4299 4181 586
585 3269 661
585 3267 3269
589 3269 3267
662 666 590
7170 588 7065
6856 6749 584
6749 664 584
664 7065 584
664 7170 7065
6749 6856 660
659 6236 6119
5920 663 5803
668 588 7170
5479 5604 591
5147 5145 4819
4819 5145 4817
4817 666 4819
4817 590 666
669 665 589
669 589 593
668 592 588
2729 601 603
7067 668 7170
7067 7170 664
663 5924 667
663 5920 5924
5604 5924 5920
5604 5920 587
5477 5604 587
5604 5477 591
693 615 1978
2435 695 2268
2135 1980 693
616 692 694
616 694 8301
8178 616 8301
8178 8301 618
617 2135 1978
693 691 615
2268 695 617
2135 693 1978
690 692 614
614 692 616
691 689 613
691 613 615
688 690 612
612 690 614
689 687 611
745 717 853
7926 620 8055
7926 8055 622
2435 621 2437
2435 619 621
2435 699 695
2437 699 2435
821 698 853
853 717 821
689 611 613
697 717 745
8301 694 8180
620 618 696
696 618 8180
618 8301 8180
619 2435 2268
1980 2135 617
695 1980 617
606 680 8029
8035 606 8029
8035 608 606
605 607 681
681 607 2269
607 2421 2269
683 2269 2421
7929 682 8029
604 680 606
8029 682 8035
680 7929 8029
2737 603 2559
605 681 679
605 679 2737
2559 605 2737
678 680 602
602 680 604
2729 603 2737
8035 684 7925
8177 688 612
8179 688 8177
8177 686 8179
8177 610 686
687 685 609
687 609 611
684 686 610
684 610 7925
663 6119 5803
8035 7925 608
2421 607 2267
1977 1979 2267
2267 1979 2421
1979 683 2421
609 1979 1977
685 1979 609
8035 682 684
6748 6605 6919
8063 570 566
569 7525 7364
7217 7215 7525
7525 7215 7364
7215 565 7364
6919 7215 7217
6919 7217 629
6748 6919 629
8063 566 8059
6438 6605 6748
6438 6118 6116
6438 6116 564
6605 6438 564
6118 568 6116
6118 628 568
567 2767 2558
627 625 563
4180 4013 3862
5802 568 5804
5802 5804 5478
5802 5478 5476
5476 5478 5144
5144 5478 5323
5478 632 5323
5144 5323 574
573 4341 4180
627 563 2558
4180 4341 4013
3862 4013 572
2767 571 2771
2767 567 571
2767 631 627
2771 631 2767
8063 626 630
8059 626 8063
556 620 8053
560 558 622
622 558 7926
558 8053 7926
621 619 559
559 619 2266
619 2434 2266
2266 2434 557
556 618 620
8053 620 7926
7924 556 8053
7924 8053 558
619 2268 2434
2134 1976 557
617 2134 557
2434 617 557
2268 617 2434
1976 2134 555
6746 6605 6436
2767 627 2558
7927 626 8059
562 624 566
566 624 8059
624 7927 8059
565 7215 7064
7064 6919 6746
7064 7215 6919
5804 568 628
6746 6919 6605
6436 6605 564
625 623 561
625 561 563
622 624 560
560 624 562
623 621 559
623 559 561
3133 2912 635
6439 6117 6236
659 6439 6236
6236 6117 583
7799 638 7658
7799 7658 637
3423 636 3268
3268 3133 3423
2912 3133 3268
6439 6437 6117
8067 634 7928
638 7799 7656
7928 638 7656
576 7928 7656
8067 7928 576
7366 7527 575
637 7366 575
7656 637 575
586 3863 4299
6119 583 5803
6119 6236 583
5920 5803 587
4505 662 4619
4619 4183 4505
4299 4183 4619
3863 3865 4183
3863 4183 4299
7799 637 7656
3865 3863 3567
3567 3863 3565
585 3567 3565
661 3567 585
6856 584 6747
6747 6437 6439
6747 6439 660
6856 6747 660
8063 630 8067
3266 3133 2910
3266 3423 3133
2560 2771 571
635 2560 571
2910 635 571
3133 635 2910
2771 2560 631
8067 630 634
3566 636 3423
8067 570 8063
8067 576 570
7525 575 7527
7525 569 575
7217 7525 7527
7217 7527 633
7066 7217 633
7217 7066 629
4502 4182 4341
7527 7366 633
5323 632 5146
5146 4818 4816
5146 4816 574
5323 5146 574
4816 4818 4504
4816 4504 4502
4502 4504 4182
620 700 8055
573 4502 4341
4182 4013 4341
3864 4013 4182
3864 3566 3564
3864 3564 572
4013 3864 572
3564 3566 3266
3266 3566 3423
7659 674 7490
676 770 678
2391 677 2401
2391 675 677
2391 769 767
2401 769 2391
7659 768 676
7661 768 7659
7661 7659 7369
7369 7659 7490
768 770 676
7369 7490 766
2715 673 2561
2561 675 2391
2715 2561 2391
2271 2715 2391
765 2715 2271
767 2271 2391
7490 674 7367
678 772 680
2409 679 681
2105 2409 2415
2105 2415 2111
1809 2105 2111
1809 2111 1813
1809 773 771
1813 773 1809
770 772 678
764 766 672
2401 679 2409
2401 677 679
2401 2409 2105
2401 2105 1981
769 2401 1981
2105 1713 1981
1809 1713 2105
771 1713 1809
6246 6121 6441
671 3071 2915
763 2915 3071
762 670 668
762 668 7174
7069 762 7174
7069 7174 758
757 6556 6441
6246 6441 6556
759 671 2915
5928 761 5805
761 6121 5805
6121 667 5805
6121 6246 667
5608 5805 5479
5928 5805 5608
5284 5479 5147
5608 5479 5284
762 764 670
672 766 7367
766 7490 7367
3071 671 2913
2913 673 2715
3071 2913 2715
2563 3071 2715
763 3071 2563
765 2563 2715
2409 681 2415
670 764 672
761 5928 5807
5608 5807 5928
5608 5481 5807
5284 5481 5608
5284 5149 5481
5149 5284 760
669 671 759
692 690 784
743 639 719
651 639 743
787 639 651
784 786 692
692 786 694
785 783 691
785 691 693
8495 782 8412
743 719 851
784 690 8412
690 8495 8412
783 781 689
783 689 691
8495 780 782
8489 780 8495
8495 688 8489
8495 690 688
1847 1471 1717
8180 694 8184
8184 696 8180
8184 790 696
695 2137 1980
1847 1717 785
785 693 1980
1847 785 1980
2137 1847 1980
689 781 687
1585 1471 1847
1585 1241 1471
1361 1241 1585
789 1241 1361
925 788 975
975 823 925
851 823 975
851 719 823
2415 2269 683
685 777 775
685 775 2117
1979 685 2117
774 776 682
682 776 684
2415 681 2269
2111 2415 2117
2117 2415 683
2117 683 1979
1813 2111 2117
1813 2117 775
1714 1813 775
1813 1714 773
7929 774 682
7931 774 7929
7929 772 7931
7929 680 772
8285 8179 686
687 781 1829
781 1716 1829
1829 1716 779
8411 780 8489
8179 8285 688
8285 778 688
778 8489 688
778 8411 8489
5147 4819 4821
685 687 777
777 687 1715
687 1829 1715
779 1715 1829
8183 778 8285
684 776 686
686 776 8285
776 8183 8285
4820 4990 5324
5806 628 706
5804 628 5806
5804 5806 5480
5804 5480 5478
5480 5148 5478
5478 5148 632
5148 5324 632
4820 5324 5148
7219 711 7066
4506 4990 4820
4506 4664 4990
4506 710 4664
709 705 627
709 627 631
8309 704 8182
630 626 708
708 626 8182
713 2560 635
4184 4504 4664
710 4184 4664
4182 4184 3866
4182 3866 3864
3864 3866 3566
3566 3866 3707
3866 714 3707
3566 3707 636
626 8309 8182
713 2562 2560
709 2560 2562
631 2560 709
708 712 630
630 712 634
633 7219 7066
711 707 629
711 629 7066
2437 623 2439
703 2270 2439
2439 2270 701
8181 702 8307
8307 8057 8055
8307 8055 700
8181 8307 700
8057 622 8055
8057 624 622
623 703 2439
2437 621 623
2437 701 699
2439 701 2437
853 698 822
822 745 853
718 745 822
745 718 697
620 696 700
705 703 625
707 6748 629
707 6750 6748
6748 6750 6440
6748 6440 6438
6438 6440 6120
6438 6120 6118
6120 628 6118
6120 706 628
4184 4182 4504
705 625 627
8309 702 704
8307 702 8309
8307 8309 8057
8057 8309 7927
8309 626 7927
8057 7927 624
625 703 623
6548 6860 6749
754 756 662
662 756 666
661 3271 753
661 3269 3271
665 3271 3269
755 3271 665
6860 664 6749
6548 6552 6860
667 6246 663
660 6548 6749
6242 6552 6548
6242 6548 659
6119 6242 659
6242 6119 663
4505 754 662
4507 754 4505
4507 4505 4185
6751 758 664
5147 4821 760
5284 5147 760
4819 756 4821
4819 666 756
759 755 665
759 665 669
7174 668 7067
6860 6751 664
4185 4505 4183
758 7067 664
758 7174 7067
6552 6556 6860
6860 6556 6751
6556 757 6751
6552 6242 6556
6556 6242 6246
663 6246 6242
7366 7368 7068
713 2912 2914
635 2912 713
7930 634 712
7928 634 7930
7930 638 7928
7930 716 638
715 7366 637
715 7368 7366
3268 2914 2912
7366 7068 7219
633 7366 7219
7219 7068 711
632 5324 5146
4818 5324 4990
5146 5324 4818
4504 4990 4664
4818 4990 4504
7660 638 716
4185 4183 3867
3867 4183 3865
3867 3865 3569
3569 3865 3567
661 3569 3567
753 3569 661
6548 660 6439
6548 6439 659
407 347 5794
7658 638 7660
715 7658 7660
637 7658 715
3707 714 3568
3568 3270 3268
3568 3268 636
3707 3568 636
3268 3270 2914
161 159 127
130 6834 6934
129 5335 5244
163 161 127
163 127 5244
5335 163 5244
128 6932 6934
126 6932 128
162 6932 160
162 6934 6932
162 130 6934
127 159 4914
159 4996 4914
4598 4996 4670
4914 4996 4598
4278 4670 4346
4598 4670 4278
3954 4346 4020
4278 4346 3954
5339 5246 165
133 5572 167
134 132 166
134 166 6530
6622 134 6530
6530 168 6622
133 167 131
131 167 5339
167 5246 5339
3954 4020 125
164 166 130
130 166 132
5335 131 5339
5335 129 131
5335 165 163
5339 165 5335
128 6934 6834
164 130 162
151 4014 3957
6930 124 6833
154 158 122
122 158 6833
158 6930 6833
153 4668 157
153 4666 4668
156 4666 152
156 4668 4666
3650 3708 123
3706 3708 4014
4014 3708 3957
3708 155 3957
3708 3706 3422
3708 3422 3362
123 3708 3362
3036 3422 3132
3362 3422 3036
4670 4668 4346
126 6930 6932
124 6930 126
160 6930 158
160 6932 6930
159 4916 4996
4670 4996 4668
4668 4996 157
4996 4916 157
167 5572 5574
4346 4668 4280
4668 156 4280
3958 4346 4280
3958 4020 4346
3708 3650 125
155 3708 125
4020 155 125
3958 155 4020
3395 179 3393
3395 3252 179
3985 178 3848
3679 3677 3985
3679 3985 3848
180 3679 3848
3393 3677 3679
3393 3679 3395
3393 179 177
3252 3395 3550
3847 178 3985
3985 3677 3675
3985 3675 176
3847 3985 176
3391 3675 3677
3391 3677 3393
3391 177 175
3393 177 3391
5893 6209 5891
4601 4915 4599
4601 4599 4281
4281 4599 4279
139 4281 4279
183 4281 139
6209 182 138
6211 182 6209
6211 6209 5893
3675 174 176
5893 5891 5575
5575 5891 5573
5575 5573 5247
5247 5573 5245
137 5247 5245
181 5247 137
3679 180 3550
3550 3395 3679
136 6528 6304
4305 3845 4161
3977 3845 4305
3977 3547 3845
3669 3547 3977
169 3547 3669
136 6304 6208
6208 6304 135
134 6622 6528
4161 170 4305
6528 6622 6304
6622 6210 6304
6622 168 6210
5892 5890 6210
6210 5890 6304
5890 135 6304
5890 5892 5574
5890 5574 5572
173 3549 3673
3673 174 3675
3673 3675 3391
3673 3391 3251
173 3673 3251
175 3251 3391
3979 172 3846
3979 3846 171
174 3673 3549
3036 3132 121
4305 170 4162
3979 3977 4305
3979 4305 4162
172 3979 4162
3669 3977 3979
3669 3979 171
3548 3669 171
3669 3548 169
5686 5358 5360
107 5245 5243
137 5245 107
5952 106 5889
5952 5889 105
104 5360 5242
4912 5360 5022
5242 5360 4912
4912 5022 103
102 5686 5570
5245 5571 5243
5686 5360 104
5570 5686 104
5358 5020 5360
5360 5020 5022
101 5022 5020
103 5022 101
102 5682 5686
100 5682 102
6207 138 108
4915 4913 4599
4599 4913 4597
4599 4597 4279
4279 4597 4277
4279 4277 3953
4279 3953 4002
139 4279 4002
4002 3953 109
5682 5356 5686
6209 138 6207
6209 6207 5891
5891 6207 5952
6207 106 5952
5573 5891 5571
5571 5891 105
5891 5952 105
5573 5571 5245
6946 6626 6628
6526 6946 6628
6830 6946 6526
6206 6628 6308
6526 6628 6206
6206 6308 95
96 6944 6946
94 6944 96
6944 6626 6946
96 6946 6830
6626 6306 6628
6628 6306 6308
93 6308 6306
95 6308 93
94 6942 6944
92 6942 94
6942 6624 6944
6944 6624 6626
98 5354 5569
5686 5356 5358
5356 5018 5358
5358 5018 5020
99 5020 5018
101 5020 99
5682 100 5569
5354 5356 5682
5354 5682 5569
107 4913 4915
5354 5016 5356
5356 5016 5018
97 5018 5016
99 5018 97
5354 98 5241
5016 5241 4911
5354 5241 5016
5016 4911 97
3702 3418 3704
6922 120 6831
148 150 118
118 150 6831
150 6922 6831
149 3956 4012
3704 4012 3702
3702 4012 147
4012 3956 147
2680 2770 119
3704 3418 3420
3418 3124 3420
3420 3124 3128
3124 2766 3128
3128 2766 2770
117 2770 2766
119 2770 117
146 148 116
4012 3704 4014
120 6922 6832
154 122 150
150 122 6922
122 6832 6922
153 4600 4666
4600 152 4666
149 4014 151
149 4012 4014
116 148 118
4014 3704 3706
3704 3420 3706
3706 3420 3422
3420 3128 3422
3422 3128 3132
3132 3128 2770
3132 2770 2680
121 3132 2680
139 4002 3955
144 112 6836
112 6909 6836
143 141 111
143 111 113
6835 142 6909
110 140 112
112 140 6909
140 6835 6909
114 112 144
109 111 141
109 141 3955
4002 109 3955
6527 140 110
6529 140 6527
6527 138 6529
6527 108 138
107 4915 137
3124 3035 2766
145 3702 147
145 3700 3702
3418 3702 3700
3418 3700 115
3361 3418 115
3124 3361 3035
3418 3361 3124
2766 3035 2679
4917 4915 4601
2766 2679 117
144 146 114
114 146 116
143 113 145
145 113 3700
113 3649 3700
3700 3649 115
6909 142 6836
4799 4957 218
3987 3848 178
3848 3987 180
3091 179 3099
3091 177 179
3091 221 219
3099 221 3091
4799 220 4957
4957 4635 4633
4957 4633 218
4313 3987 178
4311 4633 4635
4311 4635 4313
4311 4313 3983
3983 4313 3847
4313 178 3847
3983 3847 176
3083 177 3091
3083 175 177
5295 5129 5619
179 3252 3099
3099 2892 221
6103 222 6263
6263 5789 6103
5939 5789 6263
5939 5461 5789
5619 5461 5939
5619 5129 5461
3083 219 217
5295 4959 4957
5295 4957 220
5129 5295 220
4635 4957 4959
4635 4959 4637
4313 4635 4637
4313 4637 4315
4315 3987 4313
3671 3549 173
4307 3981 172
3981 3846 172
3671 3981 174
3671 174 3549
3981 3671 3846
3671 171 3846
3387 3671 3389
3389 3671 173
4309 3981 4307
3387 3389 3075
3387 3075 2891
213 3387 2891
215 2891 3075
4625 212 4484
214 4307 4162
4484 214 4162
170 4484 4162
3983 176 174
3091 219 3083
4485 218 4633
4633 4311 4309
4633 4309 216
4485 4633 216
3981 4309 4311
3981 4311 3983
3983 174 3981
3252 2892 3099
3389 173 3251
3075 3389 3083
3083 3389 175
3389 3251 175
3075 217 215
3083 217 3075
4309 214 216
4307 214 4309
5577 5575 5251
4652 4601 4330
4330 4281 183
6276 182 6211
6211 5893 5895
6211 5895 230
6276 6211 230
5895 5893 5577
5577 5893 5575
4330 4601 4281
5251 5575 5247
181 5251 5247
229 5251 181
6265 228 6104
6104 5941 6265
5790 5941 6104
5790 5621 5941
5462 5621 5790
6533 6531 6213
4330 4283 4603
4004 233 3959
233 4283 3959
4283 183 3959
4283 4330 183
4004 3959 185
6531 232 184
6533 232 6531
5621 5462 227
6213 6531 6276
6531 182 6276
6213 6276 230
181 4919 229
181 4917 4919
4919 4917 4601
4919 4601 4652
231 4919 4652
3850 3987 225
4961 5295 5130
226 4961 5130
4637 4959 4961
4637 4961 4639
4315 4637 4639
4315 4639 4317
3987 4315 4317
3987 4317 225
4961 4959 5295
224 3681 3550
3850 224 3550
180 3850 3550
3987 3850 180
3252 3550 3254
3254 3550 223
3550 3681 223
3252 3254 2892
6265 222 228
4961 226 4800
4800 4639 4961
4486 4639 4800
4486 4317 4639
4164 4317 4486
4317 4164 225
3681 224 3552
3681 3552 223
4625 4484 170
6263 222 6265
5939 6263 6265
5939 6265 5941
5619 5939 5941
5619 5941 5621
5295 5619 5621
5295 5621 227
5130 5295 227
148 194 150
4992 193 153
4918 193 4992
4662 4340 4342
4662 4342 152
4600 4662 152
149 4342 4340
151 4342 149
192 194 148
193 4662 153
193 4602 4662
4340 4662 4338
4338 4662 191
4662 4602 191
4340 4338 4010
4340 4010 3956
149 4340 3956
3956 4010 147
152 4342 156
3958 4016 155
196 198 154
154 198 158
195 4994 197
195 4992 4994
153 4994 4992
157 4994 153
156 4342 4344
190 192 146
4016 4344 4342
4016 4342 151
3957 4016 151
4016 3957 155
194 196 150
150 196 154
195 4918 4992
4662 4600 153
139 3955 3959
6836 6913 144
187 185 141
187 141 143
6835 186 142
6837 186 6835
6835 184 6837
6835 140 184
139 3959 183
6836 142 6913
141 3959 3955
185 3959 141
6529 184 140
6531 184 6529
6529 182 6531
6529 138 182
137 4917 181
137 4915 4917
146 144 190
146 192 148
191 4282 4338
4010 4338 4008
4008 4338 189
4338 4282 189
145 4010 4008
147 4010 145
6913 188 6838
4280 4344 3958
190 144 6838
144 6913 6838
189 3960 4008
187 143 145
187 145 4008
3960 187 4008
142 186 188
142 188 6913
209 3551 3667
3253 3667 3385
209 3667 3253
211 3253 3385
4163 210 4301
4301 3849 4163
3975 3849 4301
3975 3551 3849
3667 3551 3975
3667 3547 3385
6212 168 208
6210 168 6212
6210 6212 5894
6210 5894 5892
5892 5894 5576
5892 5576 5574
207 5574 5576
167 5574 207
4161 4301 170
4162 4307 172
171 3671 3548
3387 3385 3671
3671 3385 3548
3385 169 3548
3385 213 211
3387 213 3385
4483 212 4625
6532 166 206
4301 210 170
210 4625 170
210 4483 4625
4301 3845 3975
4301 4161 3845
3975 3547 3667
3975 3845 3547
3547 169 3385
158 200 160
163 5336 161
200 202 160
160 202 162
199 5332 201
199 5330 5332
159 5332 5330
161 5332 159
198 200 158
161 5336 5332
199 5248 5330
4994 4916 159
197 4994 159
5330 197 159
5248 197 5330
4916 4994 157
156 4344 4280
3958 4344 4016
164 206 166
6530 166 6532
6532 168 6530
6532 208 168
207 5246 167
207 5250 5246
205 5246 5250
165 5246 205
204 206 164
6626 6624 6306
203 5336 5249
163 165 205
163 205 5249
5336 163 5249
202 204 162
162 204 164
201 5336 203
201 5332 5336
3034 3032 3360
8680 8722 8480
8520 8320 8324
8520 8324 32
8480 8520 32
8320 8072 8324
8324 8072 8074
82 8072 80
82 8074 8072
81 3360 3426
8480 8722 8520
3360 3032 3426
3032 31 3426
79 3032 3034
29 3032 79
30 8720 8722
28 8720 30
8720 8518 8722
8722 8518 8520
3952 4022 34
83 4910 4998
4596 4592 4910
4910 4592 4998
4592 35 4998
4592 4596 4276
4592 4276 4274
4276 3952 4274
4274 3952 34
8518 8318 8520
3648 4022 3952
3648 3712 4022
3426 3358 33
81 3426 33
3712 81 33
3648 81 3712
3358 3426 31
30 8722 8680
77 2366 2364
8070 7794 78
7794 7739 78
7526 7739 7794
7526 7455 7739
7218 7455 7526
7218 7151 7455
7151 7218 76
77 2364 27
8066 7794 8070
75 2364 2366
25 2364 75
8718 26 8679
8516 8679 8479
8718 8679 8516
8316 8479 8259
8516 8479 8316
8066 8259 8007
27 2676 77
8520 8318 8320
8318 8070 8320
8320 8070 8072
80 8070 78
80 8072 8070
79 2676 29
79 2678 2676
77 2676 2678
84 8078 8074
28 8718 8720
26 8718 28
8718 8516 8720
8720 8516 8518
8516 8316 8518
8518 8316 8318
8316 8066 8318
8318 8066 8070
40 7542 7454
44 42 90
44 90 7154
7246 44 7154
7154 92 7246
91 5888 5982
89 41 43
89 43 5982
5888 89 5982
45 5984 43
90 7236 7153
7542 7236 7454
7236 90 7454
90 42 7454
7153 7236 88
41 89 39
39 89 5659
89 5568 5659
45 5986 5984
47 5988 5986
49 5988 47
46 7250 7150
96 48 94
94 48 7250
48 7150 7250
93 5986 95
93 5984 5986
5659 5568 87
47 5986 45
46 7246 7250
44 7246 46
94 7246 92
94 7250 7246
91 5984 93
91 5982 5984
43 5984 5982
34 4022 3950
7152 7232 7538
7152 86 7232
85 5236 37
85 5240 5236
4906 5236 5240
4906 5240 83
4998 4906 83
4906 4998 35
7152 7538 7456
3644 4022 3712
3950 4022 3644
3644 3712 33
32 8324 8260
8324 8074 8078
8324 8078 36
8260 8324 36
84 8074 82
87 37 5564
40 7538 7542
38 7538 40
7538 7232 7542
7542 7232 7236
88 7232 86
88 7236 7232
39 5659 5564
87 85 37
8316 8259 8066
5659 87 5564
36 8078 8008
7740 7738 8008
7740 8008 8078
84 7740 8078
7740 7456 7738
7738 7456 38
7456 7538 38
3406 3404 3110
4648 4324 4326
3998 4326 4324
3998 4324 9
3949 3998 9
3690 3949 3643
3998 3949 3690
3404 3406 3690
3404 3690 3643
8 3404 3643
4646 4324 4648
3406 3110 3030
11 3406 3030
2674 3110 2750
3030 3110 2674
2674 2750 7
5304 10 5235
4968 4970 5304
4968 5304 5235
5567 62 5563
3690 3951 3998
3690 3645 3951
3406 3408 3690
3690 3408 3645
3408 63 3645
11 3408 3406
13 3408 11
5563 62 12
6 4968 5235
5567 5563 5239
5239 5563 5304
5563 10 5304
4970 5239 5304
4970 4909 5239
4646 4648 4970
4970 4648 4909
4648 61 4909
5566 9386 58
2746 2673 2422
2422 2361 1
5238 9388 60
5234 9388 5238
5234 5238 4908
5234 4908 4904
59 4904 4908
9387 4904 59
2422 2673 2361
5562 9386 5566
5566 9388 5562
5566 60 9388
59 4590 9387
59 4594 4590
57 4590 4594
9385 4590 57
5886 9384 56
3106 2746 3108
4968 4644 4970
4970 4644 4646
4324 4646 4644
4324 4644 5
3402 4 3357
3106 3108 3402
3106 3402 3357
2 3106 3357
3998 3951 4275
3108 2746 2748
2746 2422 2748
2748 2422 2424
1 2424 2422
3 2424 1
3106 2 3029
2746 3029 2673
3106 3029 2746
3033 3359 3031
73 21 2444
21 2363 2444
2444 2363 23
22 6912 6918
20 6912 22
72 6912 70
72 6918 6912
69 3414 3359
71 21 73
3031 3359 19
3359 3414 19
3033 3031 2677
2677 3031 2675
21 2677 2675
71 2677 21
6912 20 6827
68 70 18
76 7218 7149
7794 8007 7737
8066 8007 7794
7526 7737 7453
7794 7737 7526
7218 7453 7149
7526 7453 7218
74 76 24
24 76 7149
18 70 6827
73 2444 2365
23 25 75
23 75 2365
2444 23 2365
74 24 22
74 22 6918
6829 74 6918
6829 6918 72
6205 64 6203
64 66 14
14 66 6523
66 6596 6523
63 3410 65
63 3408 3410
13 3410 3408
15 3410 13
6203 64 14
6596 16 6523
6205 6203 5887
5887 6203 5885
5885 62 5887
5885 12 62
61 4648 4595
4326 4595 4648
4326 4275 4595
3998 4275 4326
68 16 6596
70 6912 6827
67 3696 3647
3412 3414 3696
3696 3414 3647
3414 69 3647
17 3414 3412
19 3414 17
68 18 16
6310 6206 95
6525 68 6596
6525 6596 66
67 3646 3696
3412 3696 3410
3410 3696 65
3696 3646 65
15 3412 3410
17 3412 15
121 2776 79
7530 7222 7224
7222 6926 7224
7224 6926 124
6926 6833 124
6833 6926 122
123 3362 3424
3036 3424 3362
3036 3138 3424
2776 2678 79
7528 7222 7530
3138 121 79
3036 121 3138
2678 2776 77
7798 78 7739
7528 7739 7455
7798 7739 7528
7222 7455 7151
7528 7455 7222
3710 123 81
7804 7530 7532
7530 7224 7532
7532 7224 7226
126 7224 124
126 7226 7224
125 3650 3710
3424 3360 81
123 3424 81
6832 6926 120
3650 123 3710
3034 3424 3138
3360 3424 3034
3034 3138 79
80 7798 7802
78 7798 80
7798 7528 7802
7802 7528 7530
2762 2679 3035
6920 74 6829
116 118 72
72 118 6829
118 6920 6829
115 3416 3361
3122 3361 3416
3122 3035 3361
2762 3035 3122
2448 2365 75
71 73 117
71 117 2679
2762 71 2679
114 116 70
70 116 72
113 3698 3649
3416 115 3359
115 3649 3359
2680 119 2776
76 120 7151
120 6926 7151
6926 7222 7151
6832 122 6926
121 2680 2776
2448 2366 77
119 2448 77
2776 119 77
7802 7530 7804
2366 2448 75
120 76 74
120 74 6920
6831 120 6920
6831 6920 118
117 73 119
119 73 2448
73 2365 2448
133 131 87
5663 5572 133
7242 90 7153
6938 6940 7242
6938 7242 7153
88 6938 7153
134 6938 132
134 6940 6938
89 5663 5568
89 5888 5663
133 87 5568
5663 133 5568
88 6936 6938
86 6936 88
132 6936 130
132 6938 6936
131 129 85
131 85 87
7154 7242 92
6306 6624 6208
6624 136 6208
135 91 93
135 93 6306
6208 135 6306
90 7242 7154
7242 6940 6942
7242 6942 92
84 7808 7740
6942 6940 6624
6624 6940 6528
6940 134 6528
6528 136 6624
135 5888 91
135 5890 5888
5888 5890 5572
5888 5572 5663
4596 4278 4276
7534 7226 7228
128 7226 126
128 7228 7226
127 4910 83
127 4914 4910
4910 4914 4598
4910 4598 4596
4596 4598 4278
7532 7226 7534
4276 4278 3954
4276 3954 3952
3648 3952 3954
3648 3954 125
3710 3648 125
3648 3710 81
82 7802 7804
80 7802 82
6834 130 6936
7456 7808 7534
7740 7808 7456
7152 7534 7228
7456 7534 7152
86 7152 6936
7152 7228 6936
7228 6834 6936
7228 128 6834
3649 69 3359
129 5240 85
129 5244 5240
127 5240 5244
83 5240 127
84 7804 7808
82 7804 84
7804 7532 7808
7808 7532 7534
99 4694 101
101 4696 103
101 4694 4696
55 4696 4694
57 4696 55
56 5996 6000
54 5996 56
102 5996 100
102 6000 5996
5570 104 5690
99 4692 4694
53 4694 4692
55 4694 53
52 6314 6204
6314 5992 5996
6314 5996 54
6204 6314 54
5992 5680 5996
103 4696 59
58 5690 5566
60 5566 5364
5566 5690 5364
5690 5242 5364
5690 104 5242
4912 5364 5242
4912 5024 5364
4696 4594 59
5996 5680 100
5024 103 59
4912 103 5024
4594 4696 57
56 6000 5886
58 5886 5690
5886 6000 5690
6000 5570 5690
6000 102 5570
50 48 96
5565 5241 98
5680 5565 98
5241 5237 4911
4911 5237 4907
4911 4907 4593
4911 4593 4690
97 4911 4690
4690 4593 51
5565 5237 5241
50 96 6830
6954 50 6830
6526 6954 6830
6526 6632 6954
6206 6632 6526
6206 6310 6632
5988 6310 5986
5986 6310 95
6828 6954 6524
5680 5569 100
5569 5680 98
97 4692 99
97 4690 4692
51 4692 4690
53 4692 51
50 6954 6828
6524 6954 6632
4908 5024 59
6632 6310 6314
6632 6314 52
6524 6632 52
6310 5988 6314
6314 5988 5992
5680 5992 5988
5680 5988 49
5565 5680 49
4650 4597 4913
109 3694 3646
3646 3694 65
6527 110 6597
64 108 66
66 108 6597
108 6527 6597
107 4974 4913
4650 4913 4974
67 109 3646
4328 4597 4650
4328 4277 4597
4000 4277 4328
4000 3953 4277
3692 3694 4000
4000 3694 3953
3694 109 3953
63 3694 3692
111 67 113
3649 3698 69
3122 3359 3033
3416 3359 3122
2762 3033 2677
3122 3033 2762
2762 2677 71
112 114 68
68 114 70
65 3694 63
113 67 3698
67 3647 3698
3698 3647 69
110 112 68
110 68 6525
6597 110 6525
6597 6525 66
111 109 67
62 5567 5630
4650 4595 4328
4000 4275 3951
4328 4275 4000
3692 3951 3645
4000 3951 3692
3692 3645 63
5889 106 5951
5889 5951 105
4328 4595 4275
5306 5567 5239
5630 5567 5306
4972 5239 4909
5306 5239 4972
4972 4909 61
60 5364 5238
4908 5364 5024
5238 5364 4908
5571 105 5951
6205 108 64
6207 108 6205
6205 5887 6207
6207 5887 106
5887 5951 106
5571 5887 62
5571 62 5630
5887 5571 5951
4330 4603 4652
5306 5571 5630
5306 5243 5571
4972 4974 5306
5306 4974 5243
4974 107 5243
4650 4974 4972
4650 4972 61
4595 4650 61
287 349 5955
7781 348 7648
7648 7515 7781
7354 7515 7648
7209 7207 7515
7209 7515 7354
350 7209 7354
7209 288 7207
7209 290 288
289 349 287
6281 351 6106
349 5794 5955
5955 5794 347
7647 348 7781
7781 7515 7513
7781 7513 346
7647 7781 346
7205 7513 7515
7205 7515 7207
6603 353 6426
7056 354 6734
292 7056 6734
7211 7056 292
6734 6603 6426
6734 6915 6603
6108 6281 291
353 6108 291
6426 353 291
7207 286 7205
6281 6108 351
7211 350 352
7209 350 7211
7211 290 7209
7211 292 290
291 6281 6106
351 349 289
351 289 6106
5303 5629 343
7509 342 7511
7509 7511 7201
7201 7511 7053
7511 284 7053
7201 7053 282
5627 283 5629
5627 281 283
5303 5627 5629
7511 342 344
5134 5303 343
5134 4969 5303
4804 4969 5134
4969 4804 341
7769 340 7646
7509 7505 7769
7509 7769 7646
342 7509 7646
7511 344 7513
7207 288 286
287 5955 5792
5466 5631 285
347 5466 285
5792 347 285
5955 347 5792
5631 5466 345
7513 344 346
354 6915 6734
7513 7205 7511
7511 7205 284
7205 7054 284
7054 7205 286
5629 285 5631
5629 283 285
5629 345 343
5631 345 5629
300 5960 5898
6286 6217 5964
5640 5642 5964
5640 5964 5899
302 5640 5899
5640 5316 5642
5642 5316 5318
301 5318 5316
303 5318 301
5964 6217 5899
5960 5638 5640
5960 5640 302
5898 5960 302
5316 5640 5638
5316 5638 299
5255 5316 299
5316 5255 301
298 6280 6216
5964 5644 5901
6537 356 304
356 6843 304
356 6924 6843
6286 6537 6606
6286 6219 6537
5964 6219 6286
5964 5901 6219
5642 5644 5964
6280 5958 5960
5644 355 5901
5644 5642 5318
5644 5318 5256
305 5644 5256
5256 5318 303
6606 304 6535
6286 6535 6217
6606 6535 6286
5954 294 5897
296 5954 5956
294 5954 296
5954 5632 5956
5956 5632 5634
5310 5634 5632
5310 5632 293
5253 5310 293
5310 5253 295
297 5312 295
5632 5897 5579
5954 5897 5632
5632 5579 293
6915 354 6738
6738 6603 6915
6428 6603 6738
6603 6428 353
7211 352 7056
6280 298 6215
6280 5960 300
6216 6280 300
5958 5636 5960
5960 5636 5638
5638 5636 5312
5638 5312 5254
299 5638 5254
5254 5312 297
7197 7505 7509
5956 5958 6280
5956 6280 6215
296 5956 6215
5956 5634 5958
5958 5634 5636
5634 5310 5636
5636 5310 5312
295 5312 5310
7497 7353 7763
2258 2407 271
335 2258 271
2546 335 271
2741 335 2546
2407 2258 331
7911 334 8023
8023 7645 7911
7763 7645 8023
7763 7353 7645
273 2741 2546
333 7353 7497
6737 332 6881
6423 6571 272
6571 330 272
330 6881 272
330 6737 6881
6571 6423 270
2399 271 2407
7497 7765 7499
2894 2548 2741
273 2894 2741
2741 2548 335
8027 334 336
8023 334 8027
7763 8023 8027
7763 8027 7765
7497 7763 7765
2399 269 271
7497 7499 7191
7497 7191 7055
333 7497 7055
7191 6885 6881
7191 6881 332
7055 7191 332
6885 272 6881
6885 274 272
5933 6255 6259
269 2399 2257
329 2257 2399
6875 326 328
6873 326 6875
6565 6873 6875
6565 6875 6567
6255 6565 6567
6255 6567 6259
327 269 2257
5933 6259 5935
5613 5933 5935
5613 5935 5615
5289 5613 5615
5289 5615 5291
5289 5291 4953
4953 5291 4801
5291 268 4801
6571 270 6105
2399 331 329
2407 331 2399
6875 328 6736
6571 6567 6875
6571 6875 6736
330 6571 6736
6567 6571 6259
6259 6571 6105
2894 2896 2548
6259 5791 5935
6259 6105 5791
5935 5463 5615
5935 5791 5463
5615 5131 5291
5615 5463 5131
5291 5131 268
267 269 327
3401 3258 339
4488 4168 4321
277 4488 4321
4168 3993 4321
3854 3993 4168
3854 3685 3993
3556 3685 3854
3556 3401 3685
3258 3401 3556
4488 4490 4168
8033 338 7912
7769 7767 8033
7769 8033 7912
340 7769 7912
7501 7767 7769
7501 7769 7505
7193 7501 7505
7193 7505 7197
5625 279 281
7197 7509 7201
7197 7201 6893
6893 7201 6733
7201 282 6733
6893 6425 6587
6893 6733 6425
6587 6425 280
5625 281 5627
6889 7193 7197
5627 5303 5625
5625 5303 278
5303 5132 278
5132 4969 4802
5132 5303 4969
4488 4802 4490
4490 4802 341
4802 4969 341
6885 7193 6889
8027 336 8033
7765 8027 8033
7765 8033 7767
7499 7765 7767
7499 7767 7501
7191 7499 7501
7191 7501 7193
6885 7191 7193
8033 336 338
6889 6583 6885
6885 6583 274
6583 6424 274
6424 6583 276
275 3399 3256
2894 3256 2896
2896 3256 337
3256 3399 337
4166 3993 3852
6889 7197 6893
6583 6889 6893
6583 6893 6587
6587 276 6583
6587 280 276
279 5625 5464
5464 5625 278
277 4321 4166
6606 6537 304
4166 4321 3993
3852 3685 3554
3852 3993 3685
3401 3399 3685
3685 3399 3554
3399 275 3554
3399 339 337
3401 339 3399
3556 3687 3403
4168 4490 4170
4170 4490 391
4490 4645 391
4168 4170 3856
4168 3856 3854
3854 3856 3556
3556 3856 3687
3856 390 3687
3556 3403 3258
341 4645 4490
2898 3107 339
389 2898 339
3258 389 339
3403 389 3258
3107 2898 385
388 2749 2551
2749 2259 2551
2425 2259 2749
2125 2427 2129
3403 3111 2899
389 3403 2899
3111 2751 2749
3111 2749 388
2899 3111 388
2425 2749 2751
2425 2751 2427
2125 2425 2427
2425 1969 2259
2125 393 387
2129 393 2125
8039 386 7914
392 7773 7646
7914 392 7646
340 7914 7646
8039 7914 340
7646 7773 342
381 379 335
383 335 2548
2745 383 2548
8269 380 8172
336 334 382
382 334 8172
334 8269 8172
7189 333 7055
7189 7055 332
383 381 335
335 379 2258
379 2408 2258
2258 2408 331
8171 380 8269
7911 8019 334
8019 378 334
378 8269 334
378 8171 8269
2745 3105 3107
2125 1969 2425
387 1969 2125
338 384 386
338 386 8039
7912 338 8039
7912 8039 340
3105 339 3107
3105 337 339
3403 3405 3111
2745 3107 385
2550 2745 385
2745 2550 383
382 384 336
336 384 338
337 3105 2896
2896 2745 2548
2896 3105 2745
3113 3409 3115
403 5468 5466
399 5466 5468
345 5466 399
3693 398 402
3691 398 3693
3407 3691 3693
3407 3693 3409
3113 3407 3409
403 5466 347
2753 3113 3115
2753 3115 2755
2429 2753 2755
2429 2755 401
2260 2429 401
2260 2131 2429
1970 2131 2260
2131 1970 397
2755 3117 405
5957 407 5794
3693 402 3558
3411 3409 3693
3411 3693 3558
406 3411 3558
3115 3409 3411
3115 3411 3117
2755 3115 3117
7779 396 400
2552 2755 405
2755 2552 401
7915 404 8051
7647 7779 348
7779 400 348
400 8051 348
400 7915 8051
7779 7647 346
5134 4806 4804
2131 397 2129
7777 392 396
7773 392 7777
7777 342 7773
7777 344 342
395 5134 343
395 5136 5134
5134 5136 4806
2129 397 393
4804 4806 4492
4804 4492 4645
341 4804 4645
4645 4492 391
3689 390 394
3687 390 3689
3403 3687 3689
3403 3689 3405
3405 3691 3407
7777 396 7779
7779 344 7777
7779 346 344
399 395 343
399 343 345
3691 394 398
3689 394 3691
3405 3689 3691
8019 7645 7761
3111 3405 3407
3111 3407 3113
2751 3111 3113
2751 3113 2753
2427 2751 2753
2427 2753 2429
2129 2427 2429
2129 2429 2131
4169 4167 3855
362 6109 6241
5793 315 5599
5915 5793 5599
5467 5915 5599
361 5915 5467
365 5467 5599
4167 364 314
4169 364 4167
362 6241 316
3855 4167 3853
3855 3853 3557
3557 3853 3555
313 3557 3555
363 3557 313
5795 362 5915
361 5795 5915
312 6294 6218
313 3259 363
365 5599 5135
5279 4805 5135
4941 4805 5279
4489 4491 4805
4489 4805 4941
318 4489 4941
4489 364 4491
4489 314 364
5900 6294 5972
313 3257 3259
3259 3257 2895
3259 2895 3056
367 3259 3056
3056 2895 317
6109 366 6241
5793 5915 316
5915 362 316
308 6924 6928
308 6928 6844
360 310 358
358 310 6928
310 6844 6928
357 307 359
359 307 5328
307 5257 5328
5328 5257 309
5258 5328 309
306 6924 308
358 6924 356
358 6928 6924
355 5644 5581
305 307 357
305 357 5581
5644 305 5581
6924 306 6843
6220 6294 312
6218 6294 5900
5580 5972 5652
5900 5972 5580
5580 5652 311
6538 310 360
6536 310 6538
6538 6220 6536
6536 6220 312
5135 5599 5279
5902 6294 6220
5902 5972 6294
5582 5972 5902
5582 5652 5972
5328 5258 311
359 5328 311
5652 359 311
5582 359 5652
375 327 377
7495 7355 7761
7495 7187 7185
7495 7185 376
7355 7495 376
7187 6877 7185
7185 6877 328
6877 6736 328
6736 6877 330
7761 7355 7649
377 327 2400
327 2257 2400
2400 2257 329
7057 376 7185
326 374 328
328 374 7185
374 7057 7185
375 373 325
7189 332 6737
8019 7911 7645
7761 7353 7495
7761 7645 7353
7187 7495 7189
7189 7495 333
7495 7353 333
7187 7189 6877
6877 7189 6737
375 325 327
6877 6737 330
377 2408 379
377 2400 2408
329 2408 2400
331 2408 329
7913 378 8019
8019 7649 7913
7761 7649 8019
6429 368 6555
5279 5133 4803
4941 4803 318
367 3056 2897
2549 2897 2547
2547 2897 317
2897 3056 317
321 2549 2547
369 2549 321
5279 4803 4941
6107 6241 320
6241 366 320
366 6555 320
366 6429 6555
6241 6107 316
5599 315 5465
5465 319 5279
5599 5465 5279
324 370 6871
372 374 326
372 326 6735
6871 372 6735
6871 6735 324
373 371 323
373 323 325
6739 372 6871
322 370 324
4953 4801 266
370 6739 6871
371 369 321
371 321 323
368 370 322
368 322 6427
6555 368 6427
6555 6427 320
5279 319 5133
3103 273 2892
5130 5297 226
225 3989 3850
3850 3989 224
223 3397 3254
3254 3103 2892
3254 3397 3103
2546 2735 221
273 2546 221
2892 273 221
227 5297 5130
2735 2546 271
6423 272 6575
6103 6261 222
6261 270 222
270 6575 222
270 6423 6575
6261 5789 5937
6261 6103 5789
3552 275 223
3991 3989 4319
4319 3989 4164
3989 225 4164
3991 3683 3989
3989 3683 224
3683 3552 224
3256 3397 223
275 3256 223
5937 5461 5617
3683 275 3552
3256 3103 3397
2894 3103 3256
3103 2894 273
6579 272 274
6575 272 6579
6579 222 6575
6579 228 222
4631 266 218
268 5131 5293
4955 4799 218
2719 219 2727
2719 217 219
2719 269 267
2727 269 2719
4801 268 4955
4485 4631 218
268 5293 220
266 4955 218
266 4801 4955
4631 4485 216
2713 217 2719
2713 215 217
2713 267 265
2719 267 2713
4631 264 266
6105 270 6261
5937 5789 5461
5617 5129 5293
5617 5461 5129
5293 5129 220
2727 221 2735
2727 219 221
2727 271 269
2735 271 2727
4486 4641 4319
6261 5791 6105
5937 5791 6261
5937 5463 5791
5617 5463 5937
5617 5131 5463
5293 5131 5617
4799 4955 220
4955 268 220
5132 4967 5301
6589 6271 6269
6589 6269 280
6425 6589 280
5945 6269 6271
5945 6271 5947
5945 281 279
5947 281 5945
5301 278 5132
6589 6425 6899
4802 4967 5132
4802 4643 4967
4488 4643 4802
4643 4488 277
6269 276 280
6267 276 6269
5943 6267 6269
5943 6269 5945
6589 6901 6591
5949 6275 5953
5949 285 283
5953 285 5949
7053 284 7203
7203 6901 6899
7203 6899 282
7053 7203 282
6589 6899 6901
5623 5943 5945
6271 6589 6591
6271 6591 6273
5947 6271 6273
5947 6273 5949
5947 283 281
5949 283 5947
6733 282 6899
6899 6425 6733
5299 5297 5623
276 6267 6104
6424 276 6104
228 6424 6104
6579 6424 228
6104 5943 5790
6104 6267 5943
5790 5623 5462
5790 5943 5623
6579 274 6424
5623 5297 5462
5297 227 5462
5299 4963 5297
5297 4963 226
4963 4800 226
4800 4641 4486
4800 4963 4641
4486 4319 4164
4641 4967 4643
5623 5945 279
5464 5623 279
5301 5299 5623
5301 5623 5464
278 5301 5464
4963 5299 5301
4963 5301 4967
4641 4963 4967
4629 264 4631
4319 4641 4643
4319 4643 277
4166 4319 277
4166 3991 4319
3852 3991 4166
3852 3683 3991
3554 3683 3852
3683 3554 275
196 242 6927
6927 244 6842
198 196 246
246 196 6842
196 6927 6842
245 243 195
245 195 197
6841 244 6927
194 242 196
197 5248 245
242 6841 6927
243 241 195
195 241 4918
241 4988 4918
4918 4988 193
240 242 192
192 242 194
241 4920 4988
6616 202 6534
204 6616 6618
202 6616 204
252 6616 250
252 6618 6616
251 249 201
251 201 203
202 200 248
202 248 6534
4660 4602 193
6534 250 6616
249 247 199
249 199 201
246 248 198
198 248 200
247 5248 199
247 5252 5248
245 5248 5252
233 4006 235
235 4006 189
4336 235 189
4284 235 4336
3960 4006 187
188 186 234
188 234 6840
6914 188 6840
6840 236 6914
4006 3960 189
233 4004 4006
185 4006 4004
187 4006 185
6837 234 186
6839 234 6837
6837 232 6839
6837 184 232
231 4652 4603
237 4336 191
239 4660 193
4988 239 193
4920 239 4988
4602 4660 191
238 240 190
190 240 192
239 4604 4660
4336 4282 191
5340 5249 205
4660 237 191
4604 237 4660
4282 4336 189
188 6914 6838
238 190 236
236 190 6914
190 6838 6914
237 4284 4336
259 3381 2893
260 262 212
260 212 4483
4621 260 4483
4621 4483 210
3381 209 3253
3253 211 3063
3381 3253 3063
2893 3381 3063
2707 263 2701
3063 2545 2893
2701 2545 3063
261 2545 2701
4487 260 4621
4163 4165 4487
4163 4487 4621
210 4163 4621
4163 3849 4165
212 262 264
4631 214 4629
4631 216 214
3069 213 2891
2707 3069 2713
2713 3069 215
3069 2891 215
2707 265 263
2713 265 2707
4165 3849 258
212 264 4629
4484 212 4629
4484 4629 214
3063 213 3069
3063 211 213
2701 3063 3069
2701 3069 2707
2701 263 261
253 5340 5250
206 6620 6532
208 6532 6302
6532 6620 6302
6620 6214 6302
6620 254 6214
6214 256 6302
255 253 207
207 253 5250
207 5576 255
5250 5340 205
206 6618 6620
204 6618 206
254 6618 252
254 6620 6618
251 203 253
253 203 5340
203 5249 5340
3851 258 3971
3849 3971 258
3551 3553 3849
3849 3553 3971
3553 257 3971
3255 3553 3551
3255 3551 209
3381 3255 209
259 3255 3381
5949 6273 6275
257 3851 3971
208 6302 6212
5896 5894 6212
5896 6212 6302
256 5896 6302
5894 5896 5578
5894 5578 5576
255 5576 5578
5980 5660 5664
256 5980 5896
5578 5980 5664
5896 5980 5578
5578 5664 255
254 6300 6214
6300 5978 5980
6300 5980 256
6214 6300 256
5978 5660 5980
313 3555 3663
253 5664 5660
255 5664 253
254 6298 6300
252 6298 254
6298 5976 6300
6300 5976 5978
5976 5656 5978
5978 5656 5660
5793 316 5919
3663 257 3553
3255 3257 3553
3553 3257 3663
3257 313 3663
2895 3257 3255
2895 3255 259
3055 2895 259
317 2895 3055
251 5660 5656
315 5793 5919
4167 314 4297
3851 3853 4167
3851 4167 4297
258 3851 4297
3555 3853 3851
3555 3851 257
3663 3555 257
311 5258 5252
311 247 249
311 249 5654
5580 311 5654
248 246 310
248 310 6536
6614 248 6536
6536 312 6614
311 5252 247
5580 5654 5974
309 5252 5258
245 5252 309
6844 244 308
6842 244 6844
6844 246 6842
6844 310 246
307 5326 5257
243 245 309
251 5656 249
253 5660 251
252 6296 6298
250 6296 252
6296 5974 6298
6298 5974 5976
5974 5654 5976
5976 5654 5656
249 5656 5654
4297 4165 258
248 6614 6534
250 6534 6296
6534 6614 6296
6614 6218 6296
6614 312 6218
5900 6296 6218
5900 5974 6296
5580 5974 5900
5607 5927 5931
325 323 263
325 263 265
6563 322 324
6559 322 6563
6249 6559 6563
6249 6563 6253
5927 6249 6253
5927 6253 5931
4953 266 264
5607 5931 5611
5283 5607 5611
5283 5611 5287
4947 5283 5287
4947 5287 4951
4951 262 4947
4951 264 262
323 321 261
5931 6253 6255
327 325 265
327 265 267
6735 326 6873
6873 6565 6563
6873 6563 324
6735 6873 324
6253 6563 6565
6253 6565 6255
323 261 263
5931 6255 5933
5611 5931 5933
5611 5933 5613
5287 5611 5613
5287 5613 5289
4951 5287 5289
4951 5289 4953
4953 264 4951
5919 5923 5603
2893 2547 3055
2547 317 3055
261 2547 2545
321 2547 261
6107 320 6245
6245 5923 5919
6245 5919 316
6107 6245 316
2545 2547 2893
5919 5603 5465
315 5919 5465
319 5465 5603
4487 318 260
4489 318 4487
4487 4165 4489
4489 4165 314
4165 4297 314
5603 5607 5283
6427 322 6559
6559 6249 6245
6559 6245 320
6427 6559 320
5923 6245 6249
5923 6249 5927
5603 5923 5927
5603 5927 5607
243 309 5257
5603 5283 5133
319 5603 5133
5283 4803 5133
4947 4803 5283
260 318 262
262 318 4947
318 4803 4947
3055 259 2893
5897 294 5895
296 6278 6213
293 5308 5253
4976 295 4919
295 5253 4919
5253 229 4919
5253 5308 229
4976 4919 231
5895 294 230
230 296 6213
5897 5895 5579
5579 5895 5577
5579 5577 5251
5579 5251 5308
293 5579 5308
5308 5251 229
6911 292 6734
6734 6601 6911
4654 4976 231
232 6598 6839
6598 6278 6600
6600 6278 298
6278 6215 298
6215 6278 296
295 4978 297
295 4976 4978
4654 4978 4976
6426 6601 6734
4603 4654 231
4332 4603 4283
4654 4603 4332
4332 4283 233
6598 232 6533
6278 6533 6213
6598 6533 6278
294 296 230
5953 5792 285
6903 286 6905
6593 6903 6905
6593 6905 6595
6275 6593 6595
6275 6595 6277
5953 6275 6277
5953 6277 287
5792 5953 287
6905 286 288
7203 284 7054
6903 6901 7203
6903 7203 7054
286 6903 7054
6591 6901 6903
6591 6903 6593
6273 6591 6593
6273 6593 6275
6279 6106 289
6601 6426 291
6911 290 292
6907 290 6911
6599 6907 6911
6599 6911 6601
6279 6599 6601
6279 6601 291
6106 6279 291
6598 6910 6839
6907 288 290
6905 288 6907
6595 6905 6907
6595 6907 6599
6277 6595 6599
6277 6599 6279
6277 289 287
6279 289 6277
5899 5962 302
4920 4984 239
304 240 238
304 238 6604
6535 304 6604
6284 6535 6604
6284 6217 6535
5962 6217 6284
5962 5899 6217
5256 303 5322
301 4984 303
301 4982 4984
4984 4982 4658
4984 4658 4604
239 4984 4604
4604 4658 237
238 6602 6604
236 6602 238
243 5326 241
5326 243 5257
306 308 244
306 244 6841
6923 306 6841
6923 6841 242
305 5326 307
305 5322 5326
241 5326 5322
6602 6282 6604
6843 306 6923
240 304 242
242 304 6923
304 6843 6923
305 5256 5322
4984 4920 241
303 4984 241
5322 303 241
5314 5254 297
6840 6910 236
6602 6600 6282
6282 6600 6216
6600 298 6216
6216 300 6282
299 5254 5314
4980 5314 4978
4978 5314 297
6910 6602 236
4978 4654 4980
4980 4654 4656
4654 4332 4656
4656 4332 4334
233 4334 4332
235 4334 233
6910 234 6839
6598 6600 6910
4982 301 5255
6604 6282 6284
6284 6282 5962
5962 6282 5898
6282 300 5898
5898 302 5962
299 5314 5255
4980 4982 5314
5314 4982 5255
847 719 741
4980 4656 4982
4982 4656 4658
4658 4656 4334
4658 4334 4284
237 4658 4284
4284 4334 235
234 6910 6840
6910 6600 6602
7084 7237 2254
2249 2255 1885
1885 1734 2537
8535 2536 8428
8535 8428 2535
7543 2534 2542
7539 2534 7543
7543 7237 7539
7539 7237 2248
7237 7084 2248
2255 2000 1885
2253 6301 6142
5826 6142 5828
5828 6142 2541
6142 6301 2541
5826 5828 5500
5826 5500 5498
5498 5500 5170
5498 5170 5168
3290 3439 3586
6301 6144 2541
4838 2252 2540
4836 2252 4838
4836 4838 4524
4836 4524 4677
2251 4836 4677
4677 4524 2539
3721 2538 3586
3586 3439 3721
5170 2252 5168
3290 2932 2930
3290 2930 2250
3439 3290 2250
2932 2256 2930
2932 2544 2256
2543 2000 2172
2255 2172 2000
2000 1734 1885
8204 8426 8206
1885 2537 1732
1625 1494 2533
8927 2532 8818
8818 8628 8626
8818 8626 2244
8927 8818 2244
8626 8628 8426
8426 8628 8535
8628 2536 8535
1732 2537 2245
8206 8426 2535
8426 8535 2535
8204 8206 7954
8204 7954 8079
2243 8204 8079
7954 7809 8079
7680 7809 7954
2534 7539 7386
3888 2538 3584
5170 2540 2252
2251 4677 4522
4206 4522 4208
4208 4522 2539
4522 4677 2539
4206 4208 3888
4206 3888 4027
2247 4206 4027
2538 3721 3584
2253 6456 6301
2246 3888 3584
4027 3888 2246
3584 3439 3288
3584 3721 3439
3288 3439 2250
2249 1885 1732
1494 1625 2245
2537 1494 2245
7459 7159 7157
7159 7085 6767
6847 6767 2474
4925 2473 4837
4837 2475 4609
4925 4837 4609
4525 4925 4609
2819 4925 4525
2821 4525 4609
7391 2820 7459
7159 6767 6847
7459 7157 2818
7391 7459 2818
7157 7159 6847
7157 6847 6769
2817 7157 6769
6457 6459 6769
6457 6769 6847
2474 6457 6847
2477 3587 3585
7743 2478 2476
4609 2475 4523
4207 4209 4523
4523 4209 4609
4209 2821 4609
4209 4207 3889
3889 4207 3887
3889 3887 3587
3587 3887 3585
6459 6457 6145
2823 3587 2477
7681 2822 7741
7387 7459 2476
7459 2820 2476
2820 7741 2476
2820 7681 7741
7459 7085 7159
7459 7387 7085
7390 7237 7543
2582 2256 2544
2580 2256 2582
2580 2582 2290
2580 2290 2288
1998 2288 2290
1998 2290 2543
2172 1998 2543
1998 2172 2255
7543 2542 7390
2815 5171 5265
7086 7237 7390
7086 6768 6766
7086 6766 2254
7237 7086 2254
6766 6768 6458
6766 6458 6456
6456 6458 6144
6456 6144 6301
2815 5265 4839
6145 6457 6143
6145 6143 5829
5829 6143 5827
5827 2816 5829
5827 2472 2816
5265 2471 5169
5169 2473 4925
5265 5169 4925
4839 5265 4925
7680 2534 7386
2819 4839 4925
7087 2818 7157
2817 7087 7157
5499 2816 2472
5501 2816 5499
5171 5501 5499
5171 5499 2471
5265 5171 2471
2219 951 2509
733 735 837
837 735 849
735 2511 849
2223 735 733
2513 735 2223
8813 2512 2222
8817 2512 8813
8813 2510 8817
8813 2220 2510
849 2221 837
2219 949 951
839 951 949
839 949 2221
849 839 2221
2511 839 849
8625 2510 2220
8627 2510 8625
8627 8625 8427
2517 2515 2225
838 840 736
838 736 749
2227 838 749
749 736 2517
2226 2516 2518
2226 2518 8903
8814 2226 8903
8814 8903 2228
2227 749 734
8427 8625 8425
2517 2225 734
749 2517 734
2514 2516 2224
2224 2516 2226
2515 2513 2223
2515 2223 2225
2512 2514 2222
2222 2514 2224
2211 2503 1493
2214 2506 2216
2503 2213 2505
2505 2213 1342
2213 1267 1342
1342 1267 2215
2502 2504 2212
2212 2504 2214
2501 1566 1493
2211 2213 2503
2504 2506 2214
1566 2211 1493
2500 2502 2210
2210 2502 2212
2499 1566 2501
2499 1562 1566
2209 1566 1562
2211 1566 2209
7952 2208 2498
7953 2508 7949
8427 8425 8205
8205 8425 8203
8203 2508 8205
8203 2218 2508
2507 1132 1085
2217 2219 2509
2217 2509 1085
1132 2217 1085
7949 2508 2218
2519 840 838
7949 2506 7953
7949 2216 2506
2505 1342 1269
1132 2507 1083
2507 1269 1083
1269 2215 1083
1269 1342 2215
1132 1083 2217
9006 9125 2240
1619 2239 1489
2241 2531 2529
2241 2529 1619
1489 2241 1619
9255 2528 9194
2530 9125 9006
9194 2530 9006
2238 9194 9006
9255 9194 2238
7676 7809 2242
1617 2239 1619
1617 2237 2239
1617 2529 2527
1619 2529 1617
9255 2526 2528
9251 2526 9255
9255 2236 9251
9255 2238 2236
9125 2530 9008
2242 7680 7386
7809 7680 2242
7386 7539 2248
2247 4027 3886
3886 4027 2246
2245 1625 1490
2533 2531 2241
2533 2241 1490
1625 2533 1490
2237 1617 1488
2532 8927 8816
9008 2532 8816
2240 9008 8816
9125 9008 2240
8816 8927 2244
2243 8079 7950
7950 7809 7676
7950 8079 7809
1086 950 1150
2233 2521 1084
2521 1150 1084
1084 1150 2231
9007 2522 9105
2230 2520 2232
2232 2520 9105
2520 9007 9105
2521 1086 1150
952 950 1086
2523 2521 2233
950 2231 1150
2519 950 952
2229 950 2519
2518 2520 2230
2518 2230 8815
8903 2518 8815
8903 8815 2228
2519 838 2229
2525 1270 1268
2527 2525 2235
2527 2235 1488
1617 2527 1488
9251 2524 2526
9247 2524 9251
9251 2234 9247
9251 2236 2234
2525 1268 2235
7743 2476 7741
2523 1268 1270
2233 1268 2523
9193 2524 9247
9005 9105 2234
9105 2522 2234
2522 9247 2234
2522 9193 9247
9105 9005 2232
2525 1383 1270
2526 9325 9324
2527 2873 2525
2525 2873 1383
2873 1272 1383
1383 1272 2871
9323 2872 9325
2524 2870 2526
2526 2870 9325
2870 9323 9325
2874 2526 9324
2871 2869 2523
2871 2523 1270
1383 2871 1270
2868 2870 2524
2868 2524 9193
9241 2868 9193
9241 9193 2522
2869 2867 2521
2877 2529 2531
7684 2534 7680
7684 2880 2534
2879 2877 2531
2879 2531 2533
9010 2530 2876
9008 2530 9010
9010 2532 9008
9010 2878 2532
2877 2875 2529
2869 2521 2523
9196 2528 2874
9194 2528 9196
9196 2530 9194
9196 2876 2530
2875 2873 2527
2875 2527 2529
9325 2872 9324
2528 2526 2874
2860 2862 2514
840 738 736
2863 736 738
2517 736 2863
9009 2864 9093
2516 2862 2518
2518 2862 9093
2862 9009 9093
2863 2861 2515
2863 2515 2517
840 842 738
2514 2862 2516
2861 2859 2513
2861 2513 2515
2858 2860 2512
2512 2860 2514
2511 737 2857
2511 735 737
2513 737 735
1086 954 952
9195 2868 9241
9007 9099 2522
9099 2866 2522
2866 9241 2522
2866 9195 9241
9099 9007 2520
2867 1086 2521
2867 1088 1086
1086 1088 954
7954 7684 7680
2865 952 954
2519 952 2865
9099 2864 2866
9093 2864 9099
9099 2518 9093
9099 2520 2518
2865 840 2519
2865 842 840
3586 3725 3443
4524 4210 4359
2539 4524 4359
4210 4031 4359
3890 4031 4210
2890 3725 3586
3890 2890 3586
2538 3890 3586
4031 3890 2538
3586 3443 3290
4524 4526 4210
3290 3153 2932
3290 3443 3153
2932 2586 2800
2932 2800 2544
2586 2932 2889
2932 3153 2889
2586 2888 2800
2887 2000 2543
6768 6460 6458
2887 2290 2292
2543 2290 2887
7394 2542 2886
7390 2542 7394
7390 7394 7088
7390 7088 7086
7086 7088 6770
7086 6770 6768
6768 6770 6460
2887 2002 2000
6458 6460 6146
6458 6146 6144
2885 6144 6146
2541 6144 2885
4840 2540 2884
4838 2540 4840
4838 4840 4526
4838 4526 4524
8818 8820 8630
4208 4031 3888
4208 4359 4031
3888 4031 2538
2883 1494 2537
2883 1496 1494
2879 1494 1496
2533 1494 2879
8820 2532 2878
8818 2532 8820
2539 4359 4208
8818 8630 8628
8630 2536 8628
8630 2882 2536
2881 8206 2535
2881 8208 8206
8206 8208 7958
8206 7958 7954
7954 7958 7684
2534 2886 2542
2000 2002 1736
2000 1736 1734
2883 1734 1736
2537 1734 2883
8430 2536 2882
8428 2536 8430
2881 8428 8430
2535 8428 2881
2880 2886 2534
2859 737 2513
2885 5828 2541
2885 5830 5828
5828 5830 5502
5828 5502 5500
5500 5502 5172
5500 5172 5170
5172 2540 5170
5172 2884 2540
2835 2487 2489
2835 2489 2837
2837 2489 2716
2489 2581 2716
2716 2581 2491
2488 7480 7388
2836 2490 2834
2834 2490 7480
2490 7388 7480
2835 2833 2487
7389 2490 2836
2488 2486 2832
2488 2832 7392
7480 2488 7392
7392 2834 7480
3059 2485 2931
2697 2833 2584
2697 3059 2931
2833 2697 2931
7679 2838 7683
2001 2289 1999
2001 1999 1733
2001 1733 1808
2841 2001 1808
1558 1733 1491
1808 1733 1558
1558 1491 2495
7679 2840 2494
7683 2840 7679
2487 2833 2931
7679 2492 2838
2837 2722 2839
2837 2716 2722
2491 2722 2716
2493 2722 2491
7389 2838 2492
7393 2838 7389
7389 2836 7393
2480 2478 2826
2826 2828 2480
2480 2828 2482
3373 2479 3289
3289 2481 3047
3373 3289 3047
2933 3373 3047
2825 3373 2933
2827 2933 3047
7743 2824 7682
3051 2829 3047
2826 2478 7682
2478 7743 7682
2477 2479 2823
2823 2479 3291
2479 3373 3291
2825 3291 3373
7743 2822 2824
7741 2822 7743
2829 3051 2583
2697 2584 2831
2484 7746 7678
2832 2486 2830
2830 2486 7746
2486 7678 7746
3051 2485 3059
3051 2483 2485
3051 3059 2697
3051 2697 2583
2291 2289 2001
2831 2583 2697
7746 2484 7677
2828 2830 2482
2482 2830 7677
2830 7746 7677
3047 2483 3051
3047 2481 2483
3047 2829 2827
7953 2852 7957
8207 8427 8205
8205 2854 8207
8205 2508 2854
2853 2507 2855
2855 2507 1136
2507 1085 1136
1136 1085 2509
7953 2854 2508
7957 2854 7953
8429 8427 8207
7953 2506 2852
2505 1271 2851
2505 1269 1271
2507 1271 1269
2853 1271 2507
2850 2852 2504
2504 2852 2506
2849 1570 1495
841 951 839
2856 2858 2512
2856 2512 8817
8885 2856 8817
8885 8817 2510
2855 1136 1087
953 1087 951
951 1087 2509
1087 1136 2509
953 951 841
2503 2505 2851
2511 841 839
2857 841 2511
8819 2856 8885
8627 8629 8819
8627 8819 8885
2510 8627 8885
8629 8627 8429
8429 8627 8427
2497 1560 2495
2843 1560 1492
1492 1560 2497
2842 2844 2496
2496 2844 2498
2841 1808 1735
1558 1560 1808
1808 1560 1735
1560 2843 1735
2495 1560 1558
2499 2843 1492
7951 2842 2496
7955 2842 7951
7951 2840 7955
7951 2494 2840
2839 2722 2585
2291 2585 2289
2289 2585 2493
2585 2722 2493
2846 2848 2500
2503 2851 1495
1570 2503 1495
2848 2850 2502
2502 2850 2504
2847 2501 2849
2849 2501 1570
2501 1493 1570
1570 1493 2503
7948 2208 7952
2500 2848 2502
2847 2845 2499
2847 2499 2501
7956 2498 2844
7952 2498 7956
7956 2500 7952
7956 2846 2500
2845 2843 2499
2225 1935 1937
732 836 838
732 838 2227
748 732 2227
732 748 1937
8897 2226 8814
1938 1936 2228
2228 1936 8814
1936 8897 8814
2227 734 748
2229 838 836
2225 1937 748
734 2225 748
8897 2224 2226
8893 2224 8897
8897 1934 8893
8897 1936 1934
2225 2223 1933
2225 1933 1935
2231 950 984
8812 8913 1944
2233 1084 1156
984 948 1943
2231 984 1943
1156 2231 1943
1084 2231 1156
948 984 1941
2230 2232 1940
1940 2232 1942
8893 2222 2224
2229 1939 1941
2229 1941 984
950 2229 984
8811 2230 1940
8815 2230 8811
8811 2228 8815
8811 1938 2228
2229 836 1939
8203 8296 2218
848 835 742
742 731 1931
8623 2220 1930
8625 2220 8623
8625 8623 8425
8425 8623 8496
8623 1928 8496
8296 8425 8496
8296 8203 8425
742 835 731
2219 2217 1927
2219 1927 1929
8496 1928 8423
8296 8423 8201
8496 8423 8296
8201 7945 7949
8201 7949 2218
8296 8201 2218
8813 2222 8889
8889 2222 8893
8893 1932 8889
8893 1934 1932
2221 848 837
742 837 848
742 733 837
1931 1933 2223
1931 2223 733
742 1931 733
1942 2232 8812
1930 2220 1932
1932 2220 8889
2220 8813 8889
1929 949 2219
1929 947 949
949 947 835
949 835 848
2221 949 848
5164 5331 1952
8073 8321 8325
8073 8325 8075
7803 8073 8075
7803 8075 7805
7805 7533 7803
7803 7533 1950
7533 7382 1950
7382 7533 1954
1953 5331 5164
8321 8525 8325
2239 2237 1949
2239 1949 1951
9121 2236 2238
9115 2236 9121
8915 9115 9121
8915 9121 8919
8919 8723 8915
8915 8723 1948
9121 2238 9006
5655 5331 5496
5331 1953 5496
5331 5165 1952
1955 1881 1730
1623 1489 2239
2239 1951 1730
1623 2239 1730
1881 1623 1730
2241 1489 1623
8723 8624 1948
8923 8919 9121
8923 9121 9006
2240 8923 9006
8723 8919 8923
8723 8923 8729
8521 8723 8729
8521 8729 8525
8321 8521 8525
1486 1615 2235
8915 1944 8913
8915 1948 1944
1947 8319 8202
8202 8071 7946
8202 8319 8071
7946 8071 1946
1945 1615 1486
1264 1486 1268
1268 1486 2235
8913 9115 8915
1080 1264 1268
1080 1268 2233
1156 1080 2233
1080 1156 1943
9005 2234 9111
9111 2232 9005
9111 8913 8812
2232 9111 8812
7803 7674 1946
8624 8521 8424
8624 8723 8521
8321 8319 8521
8521 8319 8424
8319 1947 8424
8071 8319 8321
8071 8321 8073
8073 7803 8071
8071 7803 1946
7945 2216 7949
7674 7803 1950
1949 2237 1945
1945 2237 1615
2237 1488 1615
1615 1488 2235
9115 2234 2236
9111 2234 9115
8913 9111 9115
1802 2094 2092
7381 1908 2196
1907 2579 2195
1907 2577 2579
2382 2577 1906
2579 2577 2197
2577 2382 2197
2382 2386 2197
2382 2092 2386
2386 2092 2094
7381 2196 7385
1802 2092 1905
1729 1802 1905
1552 1729 1485
1802 1729 1552
1322 1485 1263
1552 1485 1322
1322 1263 1909
7473 2194 7384
1322 1487 1552
2197 2386 2287
2094 2096 2386
2386 2096 2287
2096 2201 2287
2094 1802 2096
2096 1802 1804
1802 1552 1804
1804 1552 2200
1552 1487 2200
1908 1904 2196
1322 1265 1487
1081 1265 1077
1077 1265 1909
1265 1322 1909
1911 1081 1077
2199 1081 1911
7381 2198 1910
7385 2198 7381
6857 6763 6453
3378 1901 3287
808 8186 8068
7467 2190 7469
7167 7467 7469
7167 7469 7171
7167 7171 6857
6857 7171 6763
7171 1902 6763
6857 6453 6549
1901 2193 3287
6549 6453 1900
2191 3286 3378
2189 1899 1901
2189 1901 3378
3286 2189 3378
7383 2190 7467
7467 7167 7165
7467 7165 2188
2092 1995 1905
2196 1904 7384
1904 7473 7384
1903 2929 2193
1903 2927 2929
1907 2929 2927
2195 2929 1907
2382 1906 2285
2092 2285 1995
2382 2285 2092
1910 2202 1912
7473 2192 2194
7469 2192 7473
7469 7473 7171
7171 7473 7081
7473 1904 7081
7171 7081 1902
2191 3378 3287
1901 1903 2193
1920 8200 8030
1920 8030 7944
2212 1922 2210
2210 1922 8030
1922 7944 8030
2209 1334 2211
2209 1332 1334
1919 1334 1332
1921 1334 1919
1918 8272 8200
1923 1338 1921
8200 8272 8030
8272 7948 8030
8272 2208 7948
7948 2210 8030
2209 1266 1332
1122 1078 1919
2207 1122 1919
1332 2207 1919
2215 1267 1079
7945 1926 2216
2215 1128 1083
1925 1927 2217
1925 2217 1083
1128 1925 1083
2214 2216 1924
1924 2216 1926
2213 1338 1267
1128 2215 1079
1266 2207 1332
1267 1923 1079
1267 1338 1923
1128 1079 1925
2212 2214 1922
1922 2214 1924
2211 1338 2213
2211 1334 1338
1921 1338 1334
2201 2096 1997
2203 968 970
1913 970 968
1915 970 1913
8016 1914 7943
7943 7673 7675
7943 7675 2204
8016 7943 2204
7673 2202 7675
7673 1912 2202
2203 970 2205
1804 1997 2096
1804 1731 1997
1731 1804 2200
2199 1911 2203
2203 1911 968
1911 945 968
968 945 1913
2198 2202 1910
1122 2205 1917
1078 1122 1917
1918 8266 8272
1916 8266 1918
2208 8266 2206
2208 8272 8266
2207 1082 1122
970 946 1917
2205 970 1917
5331 1956 5165
1082 2205 1122
946 970 1915
8266 1916 8199
8016 7947 1914
7947 2206 1914
2206 8199 1914
2206 8266 8199
7947 8016 2204
2480 2482 2190
3287 2193 3379
7677 2484 7745
2190 2482 2192
2192 2482 7745
2482 7677 7745
2191 3379 3286
2483 2481 2189
2483 2189 3286
3379 2483 3286
2193 2483 3379
2480 2190 7383
7465 2480 7383
7465 7383 2188
2187 3289 2479
2187 3285 3289
2189 3289 3285
2481 3289 2189
7465 2478 2480
2193 2929 2931
2487 2195 2489
2489 2195 2710
2195 2579 2710
2710 2579 2197
2194 2486 2488
2194 2488 7479
7384 2194 7479
7384 7479 2196
2193 2931 2485
7463 2478 7465
2195 2931 2929
2487 2931 2195
7745 2484 7678
2194 2192 2486
2486 2192 7678
2192 7745 7678
3379 2191 3287
2193 2485 2483
3887 3885 3585
6543 2186 2184
4929 2183 4835
4521 4523 4835
4835 4523 4929
4523 2475 4929
4523 4521 4207
4207 4521 4205
4207 4205 3887
3887 4205 3885
6543 2184 6541
3585 3885 3583
2185 3585 3583
2477 3585 2185
7387 2476 7461
7461 7085 7387
7161 7085 7461
7161 6767 7085
6849 6767 7161
2479 2185 2187
7463 7465 7163
7163 7465 7083
7465 2188 7083
7163 6765 6851
7163 7083 6765
6851 6455 6543
6851 6765 6455
6543 6455 2186
2479 2477 2185
2196 7479 7388
7463 2476 2478
7461 2476 7463
7161 7461 7463
7161 7463 7163
6849 7161 7163
6849 7163 6851
6541 6849 6851
6541 6851 6543
1556 1328 1491
7947 2204 2494
2493 2392 2289
2098 2289 2392
2098 1999 2289
1806 1999 2098
1806 1733 1999
1556 1733 1806
1556 1491 1733
1326 1328 1556
7947 2494 7951
1328 2495 1491
1326 1118 1328
1328 1118 1120
2203 1120 1118
2205 1120 2203
7675 2494 2204
7679 2494 7675
7675 2492 7679
2206 2498 2208
7952 2210 7948
7952 2500 2210
2499 1492 1562
1330 1266 2209
2497 1330 2209
1562 2497 2209
1492 2497 1562
1266 1330 2207
2496 2498 2206
7675 2202 2492
2495 1330 2497
2495 1328 1330
1330 1328 1120
1330 1120 1082
2207 1330 1082
1082 1120 2205
7947 2496 2206
7951 2496 7947
1554 1487 1324
7389 7486 2490
2489 2710 2581
2390 2491 2287
2491 2581 2287
2581 2197 2287
2581 2710 2197
2390 2287 2201
1554 2200 1487
1324 1487 1265
7389 2492 7486
1116 1265 1081
1324 1265 1116
1116 1081 2199
2488 7388 7479
7486 2198 7385
2196 2490 7486
2196 7486 7385
2490 2196 7388
2200 1554 1731
2491 2392 2493
2491 2390 2392
2098 2392 2390
2098 2390 2201
1997 2098 2201
1806 1997 1731
2098 1997 1806
1554 1556 1806
1554 1806 1731
6849 6541 6539
1554 1324 1556
1556 1324 1326
1324 1116 1326
1326 1116 1118
2199 1118 1116
2203 1118 2199
2492 2202 2198
2492 2198 7486
5975 1957 6140
8204 8329 8426
8329 8204 2243
7535 2242 7386
1964 1958 2248
2248 1958 7386
1958 7535 7386
1963 6299 6140
5977 5975 6299
6299 5975 6140
8426 8329 8531
5655 5975 5977
5655 5977 5657
5657 5337 5655
5655 5337 1956
5337 5166 1956
5166 5337 1962
1961 4675 4520
4520 4355 4204
3435 3288 1960
4522 4355 4675
4206 4355 4522
4355 4206 2247
3717 2246 3584
3584 3435 3717
3288 3435 3584
2250 3151 2928
3288 2250 2928
1960 3288 2928
4520 4675 4355
2928 3151 1966
1965 2249 1959
1959 2249 1883
2249 1732 1883
1883 1732 2245
8733 2244 8626
8626 8531 8733
8426 8531 8626
7535 7533 7805
8525 8729 8733
8525 8733 8531
8325 8525 8531
8325 8531 8329
8075 8325 8329
8075 8329 2243
7950 8075 2243
7950 7805 8075
7676 7805 7950
2244 8733 8816
7535 7805 7676
2242 7535 7676
7535 1954 7533
7535 1958 1954
1957 5975 5824
5824 5655 5496
5824 5975 5655
5331 5655 1956
1881 1959 1883
3884 4204 3886
3886 4204 2247
4204 4355 2247
3884 3886 3582
3582 3886 3717
3886 2246 3717
3582 3435 3284
3582 3717 3435
3284 3435 1960
5003 2251 4834
1881 1955 1959
1623 1881 1883
1623 1883 2245
1490 1623 2245
1623 1490 2241
8923 2240 8816
8733 8729 8923
8733 8923 8816
2288 2465 2580
2473 5169 2181
5906 2180 5825
5825 5497 5499
5825 5499 2472
5906 5825 2472
2179 5499 5497
2471 5499 2179
2799 2256 2580
2580 2465 2799
2181 5169 5167
2288 2171 2465
1998 2171 2288
2171 1998 2255
6766 1968 2254
6764 1968 6766
6764 6766 6456
6764 6456 6621
1967 6764 6621
6141 6143 6457
6849 6539 2474
6767 6849 2474
6541 2182 6539
6541 2184 2182
2181 2183 2473
2473 2183 4837
2183 4929 4837
2475 4837 4929
6457 2474 6539
6621 6456 2253
6141 6457 6539
2182 6141 6539
6143 6141 5827
5827 6141 5906
6141 2180 5906
5827 5906 2472
2179 5169 2471
2179 5167 5169
5498 5337 5657
1967 6621 6454
6142 6299 1963
2253 6142 1963
6454 2253 1963
6621 2253 6454
6142 5977 6299
5826 5977 6142
5826 5657 5977
5498 5657 5826
7084 2254 1968
5168 5337 5498
2252 5003 4834
5168 2252 4834
1962 5168 4834
5337 5168 1962
4522 4675 1961
2251 4522 1961
4834 2251 1961
2578 2799 2465
5003 2252 4836
5003 4836 2251
3151 2250 2930
2256 2799 2578
2930 2256 2578
1966 2930 2578
3151 2930 1966
2578 2465 2286
2888 2292 2800
2286 2171 1996
2286 2465 2171
2255 2249 1965
2255 1965 1996
2171 2255 1996
7084 1964 2248
7082 1964 7084
7084 1968 7082
2590 2300 2296
3249 3727 3590
3294 3590 3296
3296 3590 3545
3590 3727 3545
3294 3296 2940
3294 2940 2936
2936 2940 2594
2936 2594 2590
2590 2594 2300
4212 4363 3250
2296 2300 2010
2296 2010 2173
3247 2296 2173
2173 2010 3541
3246 7238 7090
6774 6772 7090
6774 7090 7238
3540 6774 7238
6150 6303 6464
4214 3894 3892
4214 3892 3250
4363 4214 3250
3892 3894 3592
3892 3592 3727
3249 3892 3727
3727 3592 3545
6623 3544 6464
6464 6303 6623
6772 6774 6462
6303 6150 3543
5005 3542 4844
3546 4681 4528
4844 3546 4528
3248 4844 4528
5005 4844 3248
4528 4363 4212
4528 4681 4363
8333 8214 3537
3541 3243 2006
2173 3541 2006
8634 3242 3538
8632 3242 8634
8632 8634 8434
8632 8434 8432
8432 8434 8214
8432 8214 8333
3241 8432 8333
3541 3539 3243
7400 3240 3536
7396 3240 7400
7400 7092 7396
7396 7092 3246
7092 7238 3246
7092 3540 7238
3245 5979 5832
5832 5661 5504
5506 5661 5834
6462 6774 6623
6774 3544 6623
6462 6303 6148
6462 6623 6303
5834 5979 3245
3543 5834 3245
6148 3543 3245
6303 3543 6148
5834 5661 5979
4214 4363 4530
5506 5341 5661
5176 5341 5506
3542 5005 4842
5176 3542 4842
3244 5176 4842
5341 5176 3244
4842 5005 3248
3247 2173 2006
3476 3766 3478
2685 3037 3479
3037 2937 3479
2369 2683 2685
2369 2685 2371
2369 2371 2081
2369 2081 2011
3763 2369 2011
3767 2011 2081
3762 3766 3476
2683 3037 2685
4285 3475 4213
3893 3895 4213
4213 3895 4285
3895 3761 4285
3477 3895 3893
3765 3895 3477
2941 3764 3037
3037 2595 2941
7464 3480 7402
2685 2297 2371
2685 2591 2297
2371 2007 2081
2371 2297 2007
3481 3769 3767
3481 3767 2081
2007 3481 2081
3480 3478 3766
3480 3766 7402
2683 2595 3037
7402 3768 7464
3477 3593 3765
3477 3591 3593
3593 3591 3297
3297 3591 3295
3295 2937 3297
3297 2937 3764
2937 3037 3764
6775 7093 6773
4215 4531 4529
4215 4529 3475
4285 4215 3475
3761 4215 4285
7397 3760 3474
7401 3760 7397
7401 7397 7093
7093 7397 7156
7397 3472 7156
4531 4843 4529
6773 7093 3471
7093 7156 3471
3473 6775 6773
3759 6775 3473
7156 3472 7091
7156 7091 3471
4681 3546 4530
4530 4363 4681
6151 6149 5835
2683 2301 2595
2369 2301 2683
3763 2301 2369
3760 3762 3474
3474 3762 3476
3473 6465 3759
3473 6463 6465
6465 6463 6151
6151 6463 6149
5832 5979 5661
5835 6149 5833
5835 5833 5507
5507 5833 5505
5507 5505 5177
5177 5505 5175
5177 5175 4845
4845 5175 4843
4845 4843 4531
3513 957 850
744 739 3219
3512 3514 3216
3216 3514 3218
3215 1091 3511
3215 1089 1091
1091 1089 957
957 1089 955
957 955 843
957 843 850
845 850 3217
850 843 3217
9011 3512 3216
9013 3512 9011
9011 8821 9013
9013 8821 3510
8821 8883 3510
8883 8821 3214
8497 3213 8431
3515 744 746
3518 3520 3222
3222 3520 3224
3519 3517 3223
3223 3517 740
3517 746 740
740 746 3221
3516 3518 3220
3220 3518 3222
3515 746 3517
8497 8431 3212
3219 746 744
3221 746 3219
3514 3516 3218
3218 3516 3220
3513 850 845
744 3515 739
3515 845 739
845 3217 739
8291 3208 8287
1499 1273 1346
3509 1499 1346
1346 1273 3211
8689 3506 3508
8685 3506 8689
8487 8685 8689
8487 8689 8491
8287 8487 8491
8287 8491 8291
1499 1497 1273
8291 3210 3208
3507 3505 3207
3507 3207 3209
8633 3506 8685
8685 8487 8483
8685 8483 3504
8633 8685 3504
8283 8483 8487
8491 8689 8497
3509 1346 1275
3211 3215 3511
3211 3511 1275
1346 3211 1275
8823 3510 8883
8631 8689 3214
8689 3508 3214
3508 8883 3214
3508 8823 8883
3223 844 3519
8497 8689 3213
8689 8631 3213
8491 8497 8291
8291 8497 8211
8497 3212 8211
8291 8211 3210
3209 1499 3507
3209 1497 1499
3531 3235 3237
3535 3533 3239
3239 3533 1498
3533 1624 1498
1498 1624 3237
9014 3236 3532
9012 3236 9014
9014 3238 9012
9014 3534 3238
3533 1500 1624
7690 3536 3240
3531 3237 1624
1500 3531 1624
9200 3234 3530
9198 3234 9200
9200 3236 9198
9200 3532 3236
3531 1274 3235
3531 1276 1274
8824 3242 8822
5504 5341 5174
5504 5661 5341
5174 5341 3244
3539 1738 3243
3539 1742 1738
3535 1738 1742
3239 1738 3535
8824 3238 3534
8822 3238 8824
3529 1274 1276
8824 3538 3242
3241 8333 8212
7960 8212 7962
7962 8212 3537
8212 8333 3537
7960 7962 7690
7960 7690 7688
7690 3240 7688
3520 3522 3224
3522 3524 3226
3226 3524 9197
3524 9242 9197
3521 1152 3523
3521 1148 1152
1152 1148 982
1152 982 956
3227 1152 956
956 982 3225
9242 3228 9197
3224 3522 3226
3521 1092 1148
958 1148 1092
958 982 1148
846 844 958
958 844 982
844 3225 982
3519 844 846
3527 3229 3231
3233 1274 3529
3528 3530 3232
3232 3530 3234
3529 3527 3231
3529 3231 3233
3526 3528 3230
3230 3528 3232
3527 3525 3229
2685 3479 2591
3526 3230 3228
3526 3228 9242
9199 3526 9242
9199 9242 3524
3525 3523 3229
3229 3523 1090
3523 1152 1090
1090 1152 3227
3811 1278 1376
9017 9106 3812
3811 1376 1279
3523 3525 3813
3523 3813 1279
1376 3523 1279
3524 9100 9106
3522 9100 3524
3812 9100 3810
3812 9106 9100
3814 9248 9199
3809 3521 3523
3809 3523 1376
1278 3809 1376
3522 9094 9100
3520 9094 3522
9094 8904 9100
9100 8904 3810
8904 8827 3810
3816 3526 9248
3817 1388 1276
1276 1388 3529
3816 3818 3528
3528 3818 3530
3817 1280 1388
3815 3527 3529
3815 3529 1388
1280 3815 1388
3816 3528 3526
8827 8904 3808
9201 3816 9248
9201 9248 3814
3815 3813 3525
3815 3525 3527
9248 3526 9199
9106 9017 3524
9017 3814 3524
3814 9199 3524
3516 3514 3802
3519 856 3517
3518 9082 9088
3516 9082 3518
3806 9082 3804
3806 9088 9082
3803 854 3805
3803 852 854
3515 854 852
3517 854 3515
3517 856 854
3516 3802 9016
9082 3516 9016
9016 3804 9082
3801 974 959
852 3803 845
3803 959 845
959 3513 845
959 974 3513
3518 9088 3520
3809 1092 3521
3809 1094 1092
958 1092 1094
958 1094 3807
980 958 3807
846 980 856
958 980 846
846 856 3519
3520 9088 9094
3531 3817 1276
9094 9088 8904
8904 9088 8826
9088 3806 8826
8826 3808 8904
3807 960 980
856 980 854
854 980 3805
980 960 3805
8634 8636 8434
5176 5343 3542
3829 2014 2174
3825 3539 3541
3825 3541 2174
2014 3825 2174
8931 3824 8828
8828 8636 8634
8828 8634 3538
8931 8828 3538
5508 3830 5343
8434 8636 8539
8636 3828 8539
8214 8434 8216
8216 8434 3827
8434 8539 3827
8214 8216 7964
8214 7964 8083
3537 8214 8083
6774 3540 6776
2594 2598 2304
2594 2304 2300
2010 2300 2304
2010 2304 3829
2174 2010 3829
2010 2174 3541
8539 3828 8436
8539 8436 3827
6776 3540 3826
7964 7813 8083
6776 3544 6774
6776 3832 3544
3543 5981 5834
5506 5834 5508
5508 5834 3831
5834 5981 3831
5506 5508 5176
5176 5508 5343
3821 1500 3533
7690 7813 3536
3823 1746 1884
3821 3533 3535
3821 3535 1884
1746 3821 1884
9018 3532 3820
9014 3532 9018
9018 3534 9014
9018 3822 3534
7962 8083 7813
3821 1502 1500
3819 1500 1502
3531 1500 3819
9202 3530 3818
9200 3530 9202
9202 3532 9200
9202 3820 3532
3819 3817 3531
3539 3823 1742
7692 7813 7964
7692 7404 7400
7692 7400 3536
7813 7692 3536
7400 7404 7094
7400 7094 7092
7094 3540 7092
7094 3826 3540
3825 3823 3539
852 845 3515
3823 1884 1742
1742 1884 3535
3534 3822 3824
3534 3824 8931
8824 3534 8931
8824 8931 3538
3537 8083 7962
7962 7813 7690
2717 3781 2711
3493 3495 2717
2717 2596 3781
3780 3782 3494
3780 3494 7961
8011 3780 7961
8011 7961 3492
2711 3493 2717
2711 3491 3493
2711 3781 3779
3495 2942 2717
8011 3778 3780
8009 3778 8011
8009 8011 7747
7747 8011 7689
8011 3492 7689
7747 7689 3490
3491 2711 2592
2302 2383 3489
3783 3086 2938
3787 3497 3100
3497 2939 3100
3100 2939 3499
3786 3498 3496
3786 3496 8264
8215 3786 8264
8215 8264 3784
3785 3783 3497
3497 3783 2938
3779 2302 3489
2938 3086 3495
8264 3496 8213
3782 3784 3494
3494 3784 8213
3784 8264 8213
3783 2942 3086
3495 3086 2942
2942 2596 2717
3482 3772 3484
3775 1740 3487
3775 1744 1740
3773 1740 1744
3485 1740 3773
3772 3774 3484
3484 3774 3486
3773 3771 3483
3773 3483 3485
3770 3772 3482
7399 3486 3774
3481 1743 3769
3481 1739 1743
3483 1743 1739
3771 1743 3483
3480 7464 7398
3770 3482 3768
3768 3482 7464
3482 7398 7464
3489 2383 2298
2592 3779 3489
2711 3779 2592
2383 2302 3777
7963 3778 8009
8009 7691 7963
7747 7691 8009
3488 3776 3490
3490 3776 7747
3776 7691 7747
3785 3497 3787
2008 2298 2012
2012 2298 3777
2298 2383 3777
3775 2008 2012
3487 2008 3775
7399 3776 3488
7403 3776 7399
7399 3774 7403
8881 3794 3796
1350 1275 3511
3796 3798 3510
3796 3510 8823
8881 3796 8823
8881 8823 3508
3507 1501 3795
3507 1499 1501
3509 1501 1499
3797 1501 3509
3509 1275 1350
8879 3794 8881
8881 3506 8879
8881 3508 3506
3793 1822 1745
3505 3507 3795
3505 3795 1745
1822 3505 1745
8825 3794 8879
1093 957 974
3802 3514 3512
3802 3512 9072
9015 3802 9072
9015 9072 3800
3799 1350 1277
1093 1277 1091
1091 1277 3511
1277 1350 3511
1093 1091 957
8633 8681 3506
3801 1093 974
974 957 3513
9072 3512 9013
3798 3800 3510
3510 3800 9013
3800 9072 9013
3797 3509 3799
3799 3509 1350
2943 3499 2593
2112 2013 2303
3501 3503 3791
3501 3791 2013
2112 3501 2013
3788 3790 3500
3500 3790 3502
3787 3100 2943
2742 3789 2593
3789 2943 2593
2112 2303 2416
2943 3100 3499
2416 2593 2299
2742 2593 2416
2112 2299 2009
2416 2299 2112
2112 2009 3501
3786 3788 3498
3498 3788 3500
8635 3792 8681
8681 3792 3506
3792 8879 3506
3792 8825 8879
8681 8633 3504
3791 3503 3793
3793 3503 1822
3503 1741 1822
1822 1741 3505
8283 8487 8287
8433 8435 8635
8433 8635 8681
3504 8433 8681
8433 3790 8435
8433 3502 3790
3789 2742 2597
2416 2597 2742
2416 2303 2597
3209 2849 1574
1271 1497 2851
1497 1574 2851
2853 1273 1271
3211 1273 2853
8045 3208 3210
8041 3208 8045
8045 2850 8041
8045 2852 2850
3207 2849 3209
1273 1497 1271
2849 1495 1574
1574 1495 2851
8041 3206 3208
8037 3206 8041
8041 2848 8037
8041 2850 2848
3207 3205 2847
3207 2847 2849
8631 3214 8693
8429 8431 8629
8629 8431 8693
8431 3213 8693
8429 8207 8431
8431 8207 3212
8207 8297 3212
8297 8207 2854
3215 3211 2853
3215 2853 2855
8037 3204 3206
3213 8631 8693
8211 3212 8297
7957 8045 2854
8045 3210 2854
3210 8297 2854
3210 8211 8297
8045 7957 2852
3209 1574 1497
3198 8267 2842
2100 2005 2295
1737 2005 1735
1735 2005 2841
2005 2100 2841
2843 1737 1735
3201 1737 2843
8209 3200 8267
7955 8017 2842
8017 3198 2842
2100 2295 2402
3198 8209 8267
8017 7955 2840
2839 2589 3197
2839 2585 2589
2589 2585 2291
2589 2291 2402
3199 2589 2402
2100 2291 2001
8273 8210 2844
8031 3204 8037
8037 2846 8031
8037 2848 2846
3205 3203 2845
3205 2845 2847
8273 3202 8210
3204 8031 7956
8210 3204 7956
2844 8210 7956
8629 8693 3214
7956 8031 2846
3203 3201 2843
3203 2843 2845
8273 3200 3202
8267 3200 8273
8273 2842 8267
8273 2844 2842
3199 2402 2295
2864 3226 2866
9195 3226 9197
9195 2866 3226
2867 1151 1088
954 1088 956
956 1088 3227
1088 1151 3227
3225 954 956
2865 954 3225
3224 3226 2864
9197 3228 9195
3225 842 2865
3225 844 842
738 842 844
738 844 3223
750 738 3223
738 750 2863
3222 3224 2864
3222 2864 9009
3231 3229 2869
2874 9324 9326
2873 1387 1272
3233 3231 2871
3233 2871 1272
1387 3233 1272
9326 2872 9323
3230 3232 2870
2870 3232 9323
3232 9326 9323
9087 3222 9009
3231 2869 2871
3228 3230 2868
2868 3230 2870
2869 3229 2867
2867 3229 1151
3229 1090 1151
1151 1090 3227
9195 3228 2868
843 953 841
9075 3216 3218
9071 3216 9075
9075 2856 9071
9075 2858 2856
2855 1089 3215
2855 1087 1089
1089 1087 955
955 1087 953
955 953 843
3219 739 2859
2857 843 841
3217 843 2857
9011 3216 9071
8819 8821 9011
8819 9011 9071
2856 8819 9071
8819 8629 8821
8821 8629 3214
3221 3219 2859
9087 9009 2862
3223 740 750
3221 2861 2863
3221 2863 750
740 3221 750
9087 3220 3222
9081 3220 9087
9087 2860 9081
9087 2862 2860
2402 2291 2100
3221 2859 2861
9081 3218 3220
9075 3218 9081
9081 2858 9075
9081 2860 2858
2857 739 3217
2857 737 739
2859 739 737
4287 4211 2821
3181 3293 3367
7681 3180 2822
7685 3180 7681
7681 3178 7685
7681 2820 3178
2819 4527 3177
2819 4525 4527
4211 4527 4525
4211 4525 2821
3179 3651 3293
4287 3891 4211
3961 3891 4287
3961 3589 3891
3651 3589 3961
3179 3589 3651
3176 3178 2820
3176 2820 7391
7457 3176 7391
2822 3182 2824
3181 3367 2935
3043 2587 2935
2687 2587 3043
2687 2293 2587
2373 2293 2687
2373 2003 2293
2083 2003 2373
3183 2003 2083
3180 3182 2822
7457 7391 2818
4287 2821 4209
4287 3889 3961
4287 4209 3889
3961 3587 3651
3961 3889 3587
3587 2823 3367
3651 3587 3367
3293 3651 3367
3725 2890 3588
6771 7087 2817
6845 6771 2817
3175 6771 6845
5501 3174 2816
5503 3174 5501
5503 5501 5173
5173 5501 5171
2815 5173 5171
3173 5173 2815
6771 7089 7087
3588 3443 3725
3292 3443 3588
3292 3153 3443
2934 3153 3292
2934 2889 3153
2800 2582 2544
2292 2290 2582
2292 2582 2800
5829 2816 3174
6845 2817 6769
6459 6461 6769
6769 6461 6845
6461 3175 6845
6461 6459 6147
6147 6459 6145
6147 6145 5831
5831 6145 5829
5829 3174 5831
2935 3367 3043
2815 4841 3173
2815 4839 4841
2819 4841 4839
3177 4841 2819
7395 3176 7457
7087 7089 7395
7087 7395 7457
2818 7087 7457
3191 2588 2584
7487 2834 7481
7487 2836 2834
3193 3191 2833
3193 2833 2835
2832 3190 3192
2832 3192 7481
7392 2832 7481
7392 7481 2834
3191 2584 2833
7481 3192 7487
2584 2588 2294
2584 2294 2379
2831 2584 2379
2294 2089 2379
2004 2089 2294
2089 2004 3189
3188 3190 2830
2830 3190 2832
7687 3196 7757
2100 2001 2841
7959 3198 8017
7683 7757 2840
7757 3196 2840
3196 8017 2840
3196 7959 8017
7757 7683 2838
3197 3195 2837
3197 2837 2839
2695 2829 2583
7393 7487 2838
7487 3194 2838
3194 7757 2838
3194 7687 7757
7487 7393 2836
3195 3193 2835
3195 2835 2837
7487 3192 3194
2083 3185 3183
2826 3186 2828
3043 2825 2933
2687 3043 2691
2691 3043 2827
3043 2933 2827
2373 2687 2691
2373 2691 2375
2083 2373 2375
2083 2375 2085
3184 3186 2826
2085 3185 2083
7686 2824 3182
7682 2824 7686
7686 2826 7682
7686 3184 2826
3367 2823 3291
3291 2825 3043
3367 3291 3043
2828 3188 2830
2377 2695 2379
2379 2695 2831
2695 2583 2831
2087 2377 2379
2087 2379 2089
2087 3189 3187
2089 3189 2087
3186 3188 2828
3232 2874 9326
2691 2829 2695
2691 2827 2829
2375 2691 2695
2375 2695 2377
2085 2375 2377
2085 2377 2087
2085 3187 3185
2087 3187 2085
3186 7466 7468
1797 1740 3485
3188 7468 7470
3186 7468 3188
3486 7468 3484
3486 7470 7468
1795 3187 1797
1795 3185 3187
1795 3485 3483
1797 3485 1795
3487 1740 1797
3184 7466 3186
3484 7466 3482
3484 7468 7466
3183 3185 3481
3481 3185 1739
3185 1795 1739
3483 1739 1795
3182 7744 7686
2294 2008 2004
3491 2592 2705
2705 2592 3489
3488 3490 3190
3190 3490 3192
3191 2705 2588
2294 2588 2298
2298 2588 3489
2588 2705 3489
2294 2298 2008
3184 7686 7466
3487 2004 2008
3189 2004 3487
3488 3190 3188
3488 3188 7470
7399 3488 7470
7399 7470 3486
3189 3487 3187
3187 3487 1797
3178 3478 7685
3295 3591 3293
3293 3591 3179
3591 3652 3179
2937 3295 3293
2937 3293 3181
3039 2937 3181
3479 2937 3039
7742 3180 7685
3476 3478 3178
3477 3652 3591
3478 7742 7685
4607 3177 4527
4211 4213 4527
4527 4213 4607
4213 3475 4607
4213 4211 3893
3893 4211 3891
3893 3891 3589
2297 2587 2293
7686 7744 7466
7744 7398 7466
7744 3480 7398
7398 3482 7466
3039 3181 2935
2587 2591 2935
2935 2591 3039
2591 3479 3039
2591 2587 2297
3191 3491 2705
2297 2293 2007
2007 2293 2003
3183 2007 2003
3481 2007 3183
3182 7742 7744
3180 7742 3182
3480 7742 3478
3480 7744 7742
3201 1814 1810
8210 8279 3204
3499 2738 2593
2410 2593 2738
2410 2299 2593
2106 2299 2410
2106 2009 2299
1810 1814 2106
2106 1814 2009
1814 3501 2009
8210 3202 8279
3203 1814 3201
3498 3500 3200
3200 3500 3202
3497 3094 2939
2730 2738 3094
3094 2738 2939
2738 3499 2939
2410 2738 2730
8433 8483 3502
8287 3206 8283
8287 3208 3206
3503 1818 1741
3205 3207 3505
3205 3505 1741
1818 3205 1741
8433 3504 8483
8483 8283 8279
8483 8279 3502
2410 2730 3199
8283 3204 8279
8283 3206 3204
3501 1818 3503
3501 1814 1818
3203 1818 1814
3205 1818 3203
3202 3500 3502
3202 3502 8279
3492 7961 8013
3494 8263 3198
3494 8213 8263
8013 7959 3196
3495 3493 3195
3495 3195 3197
7961 3494 8013
7687 7751 3196
7751 3492 3196
3492 8013 3196
8013 3494 3198
7751 7687 3194
3493 3491 3193
3493 3193 3195
7689 3492 7751
3192 3490 3194
3194 3490 7751
3490 7689 7751
3193 3491 3191
8263 8209 3198
2295 2410 3199
2106 2295 2005
2410 2295 2106
1810 2005 1737
2106 2005 1810
1810 1737 3201
3496 3498 3200
3496 3200 8209
8263 3496 8209
3893 3589 3652
3497 2938 3094
3495 3094 2938
2730 3094 2589
3094 3495 2589
3495 3197 2589
2730 2589 3199
8213 3496 8263
7959 8013 3198
3245 5832 5830
8632 8430 2882
8737 8632 2882
3241 8430 8432
2881 8430 3241
2886 2880 3240
2886 3240 7396
7544 2886 7396
7396 3246 7544
3245 5830 2885
8632 8432 8430
5830 5832 5504
5830 5504 5502
5502 5504 5174
5502 5174 5172
5174 2884 5172
5174 3244 2884
3243 1738 1886
1626 1496 2883
2889 2801 2586
4840 2884 4842
4840 4842 4526
4526 4842 4679
4842 3248 4679
4526 4361 4210
4526 4679 4361
4210 4033 3890
4210 4361 4033
3890 4033 2890
3239 1626 2883
2586 2801 2888
3247 2002 2887
3247 2006 2002
1736 2002 2006
1736 2006 3243
1886 1736 3243
1736 1886 2883
8737 3242 8632
9196 2874 9198
3237 2879 1626
1498 3237 1626
9012 2876 3236
9010 2876 9012
9012 2878 9010
9012 3238 2878
3237 3235 2875
3237 2875 2877
9198 2874 3234
3237 2877 2879
9198 2876 9196
9198 3236 2876
2875 3235 2873
2873 3235 1387
3235 1274 1387
1387 1274 3233
2872 9326 9324
3234 2874 3232
3241 8208 2881
1886 3239 2883
1738 3239 1886
1496 1626 2879
8822 2878 3238
8820 2878 8822
8820 8822 8630
8630 8822 8737
8822 3242 8737
8630 8737 2882
4842 2884 3244
3241 8212 8208
8208 8212 7960
8208 7960 7958
7958 7960 7688
7958 7688 7684
7688 2880 7684
7688 3240 2880
3239 1498 1626
7089 6773 7155
4529 4841 3177
4607 4529 3177
3475 4529 4607
7395 3474 3176
7397 3474 7395
7395 7089 7397
7397 7089 3472
7089 7155 3472
6771 6773 7089
4529 4843 4841
6773 3471 7155
3175 6773 6771
3473 6773 3175
5588 3174 5503
5266 5503 5173
5588 5503 5266
5266 5173 3173
7091 3472 7155
5833 6147 5831
3477 3893 3652
3652 3589 3179
3474 3476 3176
3176 3476 3178
3175 6463 3473
3175 6461 6463
6463 6461 6149
6149 6461 6147
6149 6147 5833
3471 7091 7155
5833 5831 5505
5505 5831 5588
5831 3174 5588
5266 5505 5588
5266 5175 5505
4843 5175 4841
4841 5175 3173
5175 5266 3173
3246 7090 7544
2889 2934 2801
2590 2296 2292
2590 2292 2888
2801 2590 2888
3247 2292 2296
2887 2292 3247
2886 7544 7394
7090 7088 7394
7090 7394 7544
2934 2590 2801
7088 7090 6772
7088 6772 6770
6770 6772 6462
6770 6462 6460
6460 6462 6148
6460 6148 6146
3245 6146 6148
2885 6146 3245
3588 2890 4033
4035 3250 3892
4035 3892 3249
4679 3248 4528
4528 4361 4679
4212 4361 4528
4035 4033 4361
4035 4361 4212
3250 4035 4212
7469 2190 2192
4033 4035 3249
3588 4033 3249
3590 3588 3249
3588 3590 3294
3588 3294 3292
3292 3294 2936
3292 2936 2934
2934 2936 2590
5154 5490 1219
1039 6925 6756
6756 6609 6446
6756 6925 6609
6446 6289 6126
6446 6609 6289
6126 6289 1038
1223 5486 1037
1223 5490 5486
5154 5486 5490
1040 7666 7792
5320 5154 1219
4826 5320 4986
5154 5320 4826
4514 4512 4826
4514 4826 4986
1218 4514 4986
4514 1036 4512
4514 1222 1036
1478 1480 1254
5816 5812 1227
1223 5812 5816
1037 5812 1223
4198 1036 1222
4194 1036 4198
4198 1042 4194
4198 1226 1042
1225 1478 1041
1225 1480 1478
1221 932 1035
1478 1254 1250
1250 1254 1068
1250 1068 1064
1221 1064 1068
1035 1064 1221
1034 7792 7666
1224 1040 1220
1220 1040 7792
8192 7938 8190
644 726 1215
658 644 1215
644 658 1031
8713 1214 8618
8618 8418 8416
8618 8416 1030
8713 8618 1030
8416 8418 8192
8416 8192 8190
644 724 726
8190 7938 1032
7938 8060 1032
7938 1216 8060
1215 646 658
1213 1029 1031
1213 1031 658
646 1213 658
1028 1212 1214
7668 1220 7792
1221 936 932
1217 932 936
1033 932 1217
1032 8060 7936
1034 7936 7792
7936 8060 7792
8060 7668 7792
8060 1216 7668
5812 6289 1227
1219 5158 5320
4828 5320 5158
4828 4986 5320
4828 1218 4986
1217 828 1033
1217 830 828
828 830 726
828 726 724
1235 1988 1990
1048 4350 1050
1238 4350 1236
1238 4354 4350
1237 2572 2792
2280 2278 2572
2572 2278 2792
2278 1049 2792
2278 2280 1990
2278 1990 1988
1050 4350 4354
1047 1988 1235
4350 1048 4195
1234 1236 1046
1046 1236 4195
1236 4350 4195
1235 1722 1047
1235 1724 1722
1233 1722 1724
1051 2920 1239
3878 3576 3874
3874 3576 1054
3576 3724 1054
3278 3724 3576
3278 3442 3724
2922 2920 3278
3278 2920 3442
2920 1053 3442
1239 2920 2922
1045 1722 1233
1050 4354 4196
1240 1052 1238
1238 1052 4354
1052 4196 4354
1239 1237 1051
1051 1237 2570
1237 2792 2570
2570 2792 1049
7074 7076 1228
4018 1044 3876
3876 1230 4018
1229 1225 1041
1229 1041 1043
7376 1040 1224
7374 1040 7376
7374 7376 7076
7374 7076 7074
7074 6925 1039
1044 1226 3876
6925 7074 1228
6929 6925 1228
6609 6925 6929
6609 6929 6611
6289 6609 6611
6289 6611 6291
5812 1038 6289
6289 6291 1227
6929 1228 6758
6613 1232 6448
6613 6448 1231
1234 1046 1044
1234 1044 4018
3877 1234 4018
3877 4018 1230
1233 1229 1043
1233 1043 1045
1028 1214 8713
6613 6611 6929
6613 6929 6758
1232 6613 6758
6291 6611 6613
6291 6613 1231
6130 6291 1231
6291 6130 1227
1044 1042 1226
1187 1185 1001
7937 1190 7935
7935 1188 7937
7935 1004 1188
1189 1187 1003
1189 1003 1005
1186 1188 1004
1186 1004 7665
7749 1186 7665
7749 7665 1002
7935 1190 1006
1187 1001 1003
7667 1186 7749
7373 7375 7667
7373 7667 7749
1002 7373 7749
7375 7373 7075
7075 7373 7073
7075 7073 6757
8191 1192 8189
1192 1194 1008
1008 1194 1010
1009 1329 1248
1066 1119 1007
1193 1066 1007
1248 1193 1007
1329 1193 1248
1119 1066 1191
8189 1192 1008
6757 7073 6755
8189 1190 8191
8189 1006 1190
1007 1119 1062
930 1062 934
934 1062 1191
1062 1119 1191
1189 930 934
1005 930 1189
1181 999 2571
1182 1184 1000
1182 1000 5811
5925 1182 5811
5925 5485 5605
5925 5811 5485
5605 5153 5281
5605 5485 5153
5281 5153 996
995 999 1181
1185 933 1001
999 2703 2571
2703 2279 2571
2381 2279 2703
2381 1989 2279
2091 1989 2381
2091 1723 1989
1799 1723 2091
1477 1479 1723
2703 2569 2277
6757 6755 6447
6447 6755 6445
6447 6445 6129
6129 6445 6125
6125 1184 6129
6125 1000 1184
2703 999 2569
2703 2277 2381
1329 1252 1193
2381 1987 2091
2381 2277 1987
2091 1721 1799
2091 1987 1721
1799 1721 998
997 933 1183
997 929 933
1001 933 929
1067 1205 1349
1025 645 643
1209 645 1025
8703 1206 1208
8699 1206 8703
8703 1022 8699
8703 1024 1022
1349 1021 1249
1063 1067 1249
1249 1067 1349
1023 643 645
1067 1063 935
935 1063 931
935 931 829
829 931 827
829 827 725
725 827 723
1023 725 723
1207 725 1023
1209 1025 1211
8616 1028 8713
8616 8713 1030
1213 1211 1029
1029 1211 580
1211 582 580
580 582 1027
1210 1212 1026
1026 1212 1028
1020 1204 1206
1211 1025 582
1025 579 582
582 579 1027
1208 1210 1026
1208 1026 8615
8703 1208 8615
8703 8615 1024
1023 645 1207
1196 1198 1012
1201 1015 1017
8684 1016 8613
8613 8415 8417
8613 8417 1200
8684 8613 1200
8415 1198 8417
8415 1014 1198
1199 1197 1013
1199 1013 1015
1201 1199 1015
1012 1198 1014
1197 1195 1011
1197 1011 1013
1194 1196 1010
1010 1196 1012
1011 1195 1009
1009 1195 1329
1195 1252 1329
1018 1204 1020
1020 1206 8699
8614 1020 8699
8614 8699 1022
1345 1021 1349
1345 1019 1021
1345 1205 1203
1349 1205 1345
1202 1204 1018
3874 1052 3878
1017 1019 1201
1201 1019 1253
1019 1345 1253
1203 1253 1345
1202 1018 1016
1202 1016 8684
8617 1202 8684
8617 8684 1200
8486 1200 8417
8486 8419 1200
8419 1434 1200
1434 8617 1200
1434 8688 8617
8419 8486 1432
1199 1201 1431
1431 1201 1257
1201 1341 1257
1433 1257 1341
8688 1202 8617
1430 1432 1198
1198 1432 8417
1432 8486 8417
1431 1429 1197
1431 1197 1199
1428 1430 1196
1196 1430 1198
1429 1427 1195
1437 1071 1135
831 829 727
727 829 725
1207 727 725
1439 727 1207
1436 1438 1204
1204 1438 1206
1203 1205 1435
1435 1205 1071
1205 1135 1071
1429 1195 1197
1436 1204 1202
1436 1202 8688
8619 1436 8688
8619 8688 1434
1341 1201 1253
1203 1435 1433
1203 1433 1341
1253 1203 1341
1421 1187 1189
1423 934 1191
1423 938 934
1421 934 938
1189 934 1421
7937 1422 1190
7939 1422 7937
7937 1420 7939
7937 1188 1420
1421 1419 1187
8191 1190 1422
1418 1420 1186
1186 1420 1188
1419 1417 1185
1419 1185 1187
7667 1418 1186
7669 1418 7667
7667 7375 7669
7669 7375 1416
1424 1426 1192
1426 1428 1194
1194 1428 1196
1427 1252 1195
1427 1256 1252
1252 1256 1070
1252 1070 1121
1193 1252 1121
1121 1070 1425
831 935 829
1192 1426 1194
1193 1121 1066
1425 1423 1191
1425 1191 1066
1121 1425 1066
8191 1424 1192
8193 1424 8191
8191 1422 8193
5158 4987 4828
1451 936 1221
1451 940 936
1449 936 940
1217 936 1449
7670 1216 1448
7668 1216 7670
7670 1220 7668
7670 1450 1220
1219 5321 5158
4516 1452 1222
5158 5321 4987
4828 4987 1218
1449 830 1217
1449 832 830
830 832 728
830 728 726
7383 7467 2188
1215 726 1447
5490 5492 5160
1254 1258 1072
1254 1072 1068
1451 1068 1072
1221 1068 1451
1450 1454 1220
1220 1454 1224
1453 5490 1223
1453 5492 5490
8620 1214 1446
5490 5160 5321
1219 5490 5321
5160 4987 5321
4830 4987 5160
4830 4516 4514
4830 4514 1218
4987 4830 1218
4516 1222 4514
1209 647 645
648 1443 656
1442 1444 1210
1210 1444 1212
1443 1441 1209
1443 1209 1211
1440 1442 1208
1208 1442 1210
1207 647 1439
1207 645 647
1443 1213 656
1441 647 1209
1438 1440 1206
1206 1440 1208
1135 1205 1067
935 939 1067
1067 939 1135
939 1437 1135
939 935 831
7940 1448 1216
8618 1214 8620
8618 8620 8420
8618 8420 8418
8418 8420 8194
8418 8194 8192
8192 8194 7940
8192 7940 7938
7940 1216 7938
7375 7477 1416
1447 1445 1215
1215 1445 646
1445 656 646
646 656 1213
1444 1446 1212
1212 1446 1214
1445 648 656
1443 1211 1213
3879 4197 3875
5271 4927 5156
4927 1171 5156
4927 4515 1401
4513 4515 1174
4515 4927 1174
4927 4931 1174
4515 4513 4199
4199 4513 4197
4199 4197 3879
4931 4927 5271
3577 3879 3875
3577 3875 1173
3657 3577 1173
1403 3577 3657
1170 1400 1402
1170 1402 6227
6128 1170 6227
6128 6227 1172
6227 1402 6132
4931 5273 4827
5273 1176 4827
4931 4827 1174
3657 1175 3659
3657 1173 1175
3657 3659 3371
3657 3371 3279
1403 3657 3279
1405 3279 3371
4923 1171 4927
1404 5911 5814
6132 1404 5814
1172 6132 5814
6227 6132 1172
5814 5593 5488
5814 5911 5593
5488 5271 5156
5488 5593 5271
5491 1394 5583
1166 5813 6221
5813 5487 5817
5817 5487 1394
5487 5583 1394
5583 5155 5259
5583 5487 5155
1165 1395 1393
1165 1393 5259
5155 1165 5259
5813 6131 6221
5583 5159 5491
5259 5159 5583
1393 5159 5259
1054 3724 3574
3276 3724 3442
3574 3724 3276
3276 3442 1053
3878 1052 1240
1399 4829 4923
4923 1169 1171
4923 1401 1399
4927 1401 4923
1398 1400 1168
1168 1400 1170
1167 1169 1397
1397 1169 4829
1169 4923 4829
5271 5273 4931
1396 1398 1168
1396 1168 6127
6221 1396 6127
6221 6127 1166
1397 1395 1165
1397 1165 1167
6131 1396 6221
5813 5817 6131
2281 2279 1991
1415 7077 7179
6133 1414 6251
1182 1412 1184
1184 1412 6251
1412 6133 6251
1181 2573 1411
1181 2571 2573
2573 2571 2281
2281 2571 2279
7179 7077 7477
1991 2279 1989
1991 1989 1725
1725 1989 1723
1725 1723 1481
1481 1723 1479
1481 1479 1255
1255 1479 1251
1255 1251 1069
6449 6129 1414
7477 7075 7179
7477 7375 7075
6757 6759 7075
7075 6759 7179
6759 1415 7179
6759 6757 6449
6449 6757 6447
6447 6129 6449
1069 1251 1065
6129 6251 1414
6251 6129 1184
1183 937 1413
1183 933 937
1185 937 933
1417 937 1185
7377 1416 7477
7477 7077 7377
3659 3575 1177
5595 1406 1178
1406 5917 1178
1406 5819 5917
5595 5157 5273
5595 5489 5157
5273 5157 1176
3659 1175 3575
3371 3659 3375
3375 3659 1177
5489 5595 1178
3371 1407 1405
3375 1407 3371
5911 1404 5818
5595 5593 5911
5595 5911 5818
1406 5595 5818
5271 5593 5595
5271 5595 5273
1408 1410 1180
1183 1069 1065
1413 1069 1183
1410 1412 1180
1180 1412 1182
1179 2923 1409
1179 2921 2923
1181 2923 2921
1411 2923 1181
1477 1723 1799
1408 1180 5815
5917 1408 5815
5917 5815 1178
3375 1177 3277
1179 1409 1407
1179 1407 3375
3277 1179 3375
5819 1408 5917
7485 1002 870
1004 8015 872
1004 7935 8015
7755 7663 870
965 871 967
965 869 871
965 1005 1003
967 1005 965
7665 1004 7755
7371 7485 870
7755 1004 872
1002 7755 870
1002 7665 7755
7485 7371 868
963 869 965
963 867 869
963 1003 1001
965 1003 963
7373 1002 7485
1058 1244 1062
1009 1248 1327
1327 1248 1007
8189 1008 8265
7933 8015 874
8015 1006 874
1006 8265 874
1006 8189 8265
8015 7933 872
873 1327 1244
7071 7073 7373
1062 1244 1007
1244 1327 1007
1058 1062 930
1058 930 967
871 1058 967
967 930 1005
7935 1006 8015
7663 7755 872
1549 1473 864
2569 2567 2277
2277 2567 2273
2277 2273 1987
1987 2273 1983
1987 1983 1721
1721 1983 1719
1719 1473 1721
1721 1473 998
1473 1549 998
865 2567 2569
1111 863 1057
1057 867 963
1111 1057 963
929 1111 963
997 1111 929
1001 929 963
5811 1000 5929
5929 5485 5811
6123 5809 6125
7071 7373 7485
868 7071 7485
7073 7071 6755
6755 7071 6753
6755 6753 6445
6445 6753 6443
6445 6443 6125
6125 6443 6123
873 1009 1327
6125 5809 1000
5809 5929 1000
5929 5483 5609
5929 5809 5483
5609 5151 5285
5609 5483 5151
5285 5151 866
865 2569 999
1023 723 889
1139 1063 891
1139 931 1063
973 931 1139
825 827 931
825 931 973
890 825 973
827 825 723
723 825 721
889 723 721
1063 1245 891
8614 886 1020
8612 886 8614
8614 888 8612
8614 1022 888
1577 887 1581
1577 885 887
1577 1021 1019
1581 1021 1577
888 1022 1024
8507 894 892
1139 891 1059
1139 927 973
1139 1059 927
973 927 890
889 643 1023
889 641 643
893 643 641
1025 643 893
1018 1020 884
888 1024 8505
8414 888 8505
8414 8505 892
1581 887 1475
1245 1249 1475
1475 1249 1581
1249 1021 1581
1063 1249 1245
8277 876 8271
1015 879 881
1012 1014 880
1012 880 8187
8277 1012 8187
8277 8187 878
1013 1011 877
1013 877 879
8277 1010 1012
8271 1010 8277
1015 1013 879
8277 878 876
1011 1009 875
1011 875 877
8271 1008 1010
8265 1008 8271
8271 874 8265
8271 876 874
875 1009 873
8683 8611 882
884 1020 886
885 1577 1474
1019 1017 883
1019 883 1474
1577 1019 1474
1016 1018 884
1016 884 8611
8683 1016 8611
5609 5485 5929
1017 1015 881
1017 881 883
8613 1016 8683
8413 8415 8613
8413 8613 8683
882 8413 8683
8413 1014 8415
8413 880 1014
2781 811 813
2276 2457 919
2276 2161 2457
1986 2161 2276
2161 1986 917
4021 916 918
4017 916 4021
4021 812 4017
4021 814 812
2781 813 2785
2457 2789 919
2455 2781 2785
2455 2785 2457
2159 2455 2457
2159 2457 2161
2159 917 915
2161 917 2159
810 914 916
810 916 4017
4187 920 816
923 921 817
923 817 2566
2795 923 2566
920 922 816
816 922 818
2789 815 2565
817 921 919
817 919 2789
2565 817 2789
3868 810 4017
4191 920 4187
4187 3869 4191
4191 3869 918
3869 4021 918
4021 3869 814
2785 815 2789
2785 813 815
2457 2785 2789
809 2777 2564
7070 7220 807
5967 910 5810
5810 5645 5967
5484 5645 5810
5645 5484 909
4190 806 908
4186 806 4190
4190 810 4186
4190 914 810
7220 7070 911
913 907 805
913 805 2564
2777 913 2564
1379 906 1246
1246 1155 1379
1060 1155 1246
1155 1060 905
804 8314 8186
915 1985 2159
3868 4017 812
2777 811 2781
2777 809 811
2777 2781 2455
2777 2455 2275
913 2777 2275
2455 1985 2275
2159 1985 2455
819 2795 2566
808 8068 7932
7664 7662 7932
7664 7932 8068
912 7664 8068
7662 7664 7372
7662 7372 7370
7070 7370 7372
7070 7372 911
992 994 860
997 1061 1111
4825 996 4943
860 994 862
862 994 4943
994 4825 4943
859 861 993
993 861 2919
861 3057 2919
995 2919 3057
1111 1061 863
992 860 4509
4615 992 4509
4615 4189 4295
4615 4509 4189
4295 3871 3969
4295 4189 3871
3969 3571 3661
3969 3871 3571
865 999 995
5609 5153 5485
5285 5153 5609
4823 4943 866
4943 996 866
996 5285 866
996 5153 5285
4943 4823 862
3057 861 2917
3273 3275 3571
865 995 3057
2917 865 3057
1477 998 1549
1243 1247 1477
1243 1477 1549
864 1243 1549
1061 1247 1243
1061 1243 863
3272 2918 2916
4357 924 4192
4192 3872 3870
4192 3870 820
4357 4192 820
3870 3872 3572
3870 3572 3570
3570 3572 3274
3570 3274 3272
3272 3274 2918
989 3873 3967
2916 2918 2568
2916 2568 2795
819 2916 2795
2795 2568 923
818 922 924
818 924 4357
4188 818 4357
4188 4357 820
3967 4291 4295
3571 3275 3661
3275 991 3661
859 3275 3273
993 3275 859
4511 992 4615
4615 4295 4291
4615 4291 990
4511 4615 990
8507 892 8505
3967 4295 3969
3967 3969 3661
3967 3661 3573
989 3967 3573
991 3573 3661
4193 990 4291
4291 3873 4193
3967 3873 4291
5263 1167 5261
6127 1168 6223
6223 5905 5903
6223 5903 1166
6127 6223 1166
5585 5903 5905
5585 5905 5587
5261 5585 5587
5261 5587 5263
5261 1167 1165
5267 1169 5263
5813 1166 5903
5903 5487 5813
5585 5487 5903
5585 5155 5487
5261 5155 5585
1165 5155 5261
3723 1054 3574
3574 3441 3723
6225 1168 1170
5909 5907 6225
5909 6225 6128
1172 5909 6128
5589 5907 5909
5589 5909 5591
5267 5589 5591
5267 5591 5269
5267 1171 1169
5269 1171 5267
3276 3441 3574
6223 1168 6225
5905 6223 6225
5905 6225 5907
5587 5905 5907
5587 5907 5589
5263 5587 5589
5263 5589 5267
5263 1169 1167
921 1049 919
924 1050 4196
4358 924 4196
4196 1052 4358
1051 2570 2796
1049 921 923
1049 923 2796
2570 1049 2796
1048 1050 920
920 1050 922
924 922 1050
919 1049 2459
1049 2278 2459
2278 2163 2459
1988 2163 2278
2163 1988 1047
4191 1048 920
4195 1048 4191
4191 1046 4195
3572 3441 3274
3441 3276 1053
924 4358 4192
3874 3872 4192
3874 4192 4358
1052 3874 4358
3872 3874 3572
3572 3874 3723
3874 1054 3723
6225 1170 6128
3572 3723 3441
2918 3274 2920
2920 3274 1053
3274 3441 1053
2568 2918 2920
2568 2920 1051
2796 2568 1051
2568 2796 923
4935 5275 5277
993 2919 2921
995 2921 2919
1181 2921 995
5815 1180 5921
5921 5601 5597
5921 5597 1178
5815 5921 1178
5275 5597 5601
5275 5601 5277
993 2921 1179
4935 5277 4937
4937 992 4935
4937 994 992
991 3277 1177
991 3275 3277
993 3277 3275
1179 3277 993
5489 1178 5597
5921 1180 5925
998 1477 1799
1479 1477 1251
1251 1477 1247
1251 1247 1065
1065 1247 1061
997 1065 1061
1183 1065 997
5925 1180 1182
5597 5157 5489
5601 5921 5925
5601 5925 5605
5277 5601 5605
5277 5605 5281
5277 5281 4937
4937 5281 4825
5281 996 4825
4937 4825 994
5488 5269 5591
4613 990 4193
4289 3873 3963
4289 4193 3873
989 1175 1173
989 1173 3963
3873 989 3963
5909 1172 5814
5814 5591 5909
5488 5591 5814
4289 4613 4193
5156 5269 5488
5269 5156 1171
4513 1174 4611
4611 4197 4513
4289 4197 4611
4289 3875 4197
3963 3875 4289
1173 3875 3963
989 3575 1175
5275 5157 5597
5275 4935 4933
5275 4933 1176
5157 5275 1176
4933 4935 4613
4613 4935 4511
4935 992 4511
4613 4511 990
4191 918 1046
989 3573 3575
991 3575 3573
1177 3575 991
4827 1176 4933
4933 4613 4611
4933 4611 1174
4827 4933 1174
4611 4613 4289
8310 1032 7936
1476 1611 906
1035 928 905
1035 932 928
1033 928 932
901 928 1033
900 8310 8188
904 8188 8064
8188 8310 8064
8310 7936 8064
1611 1476 902
7936 1034 8064
903 2151 1984
1984 1867 1720
1984 2151 1867
1720 1867 902
1033 826 901
1033 828 826
826 828 724
4512 1036 908
1037 5486 5646
5154 5152 5486
5486 5152 5646
5152 909 5646
5152 5154 4826
5152 4826 4824
4824 4826 4512
4824 4512 4510
4512 908 4510
826 724 722
907 2449 2274
2155 2151 2449
2449 2151 2274
2151 903 2274
1867 2151 2155
1867 2155 1871
1871 1611 1867
1867 1611 902
8509 896 894
1029 578 897
1029 580 578
1027 578 580
895 578 1027
8711 1026 1028
8707 1026 8711
8507 8707 8711
8507 8711 8509
8509 894 8507
8511 898 896
893 579 1025
893 577 579
895 579 577
1027 579 895
8615 1026 8707
8707 8507 8505
8707 8505 1024
8615 8707 1024
8416 8190 8310
722 724 644
722 644 642
1031 642 644
899 642 1031
8511 1030 8416
8416 898 8511
900 898 8310
898 8416 8310
6126 1038 910
8190 1032 8310
1031 1029 897
1031 897 899
8711 1028 8616
8511 8509 8711
8511 8711 8616
1030 8511 8616
8511 896 8509
1040 7374 7796
2453 2275 1985
1873 2157 1875
1875 2157 915
2157 1985 915
1873 1043 1041
1875 1043 1873
912 7796 7664
7374 7372 7664
7374 7664 7796
2453 1985 2157
7372 7374 7074
7372 7074 7221
911 7372 7221
7221 7074 1039
5812 910 1038
5810 910 5812
5484 5810 5812
5484 5812 1037
1044 1046 916
919 2459 2276
2276 2163 1986
2276 2459 2163
1722 1877 917
1047 1722 917
1986 1047 917
2163 1047 1986
1877 1722 1045
5646 5484 1037
916 1046 918
1875 917 1877
1875 915 917
1875 1045 1043
1877 1045 1875
1042 1044 914
914 1044 916
2453 913 2275
911 7221 7072
1246 1064 1060
1035 1060 1064
905 1060 1035
904 8064 7934
912 7934 7796
7934 8064 7796
8064 7666 7796
8064 1034 7666
7666 1040 7796
1246 1250 1064
6754 7072 6756
6756 7072 1039
7072 7221 1039
6754 6756 6446
6754 6446 6444
6444 6446 6126
6444 6126 6124
6126 910 6124
2155 2453 2157
5484 5646 909
4194 908 1036
4190 908 4194
4194 914 4190
4194 1042 914
2449 913 2453
2449 907 913
2155 2449 2453
1447 726 728
1871 2155 2157
1871 2157 1873
1611 1871 1873
1611 1873 1041
1478 1611 1041
1478 1250 1246
1478 1246 906
1611 1478 906
1483 1729 1647
966 941 1651
7379 1910 1650
7381 1910 7379
7379 1908 7381
7379 1648 1908
1907 2704 2577
2577 2704 1906
1905 1800 1729
1485 1729 1483
1077 1114 1649
1729 1800 1647
1485 1483 1263
1263 1483 1259
1263 1259 1073
1263 1073 1114
1909 1263 1114
1114 1073 1649
1904 1908 1648
966 1651 945
8262 8195 1914
7943 7941 7673
7673 7941 7756
7941 1652 7756
7673 7756 1912
1911 966 945
1651 1653 1913
1651 1913 945
1904 1648 7079
7756 1652 7671
1910 1912 1650
1650 1912 7671
1912 7756 7671
1909 1114 1077
966 1911 941
1911 1077 941
1077 1649 941
1903 1643 3058
7081 1904 7175
7175 6865 6861
7175 6861 1902
7081 7175 1902
6861 6865 6553
6553 6865 6451
6865 1646 6451
6553 6451 1644
1901 1643 1903
1800 1727 1647
1643 2925 3058
3058 2925 1645
6763 1902 6861
6861 6453 6763
6553 6453 6861
6137 6237 1644
6237 1900 1644
1900 6553 1644
2927 3058 1645
7175 1904 7079
7175 6761 6865
7175 7079 6761
6865 6761 1646
1903 3058 2927
2704 1907 2575
1907 2927 2575
2927 1645 2575
8195 7943 1914
2575 2283 2285
2575 2285 1906
2704 2575 1906
2285 2283 1995
1995 2283 1993
1995 1993 1727
1995 1727 1800
1905 1995 1800
1926 8044 8040
1127 1665 1075
1667 1927 1925
1667 1925 1127
1075 1667 1127
8290 1666 8197
8040 8044 8290
8040 8290 8197
1664 8040 8197
1926 8040 1924
7945 8044 1926
1337 1663 1261
1261 1665 1127
1337 1261 1127
1079 1337 1127
1923 1337 1079
1925 1079 1127
1664 8036 8040
1662 8036 1664
8692 1668 8621
1930 1670 1668
1930 1668 8692
8623 1930 8692
8623 8692 1928
1927 1667 1929
1929 1667 972
1667 943 972
972 943 1669
1924 8036 1922
8621 8421 8423
8621 8423 1928
8692 8621 1928
8423 8421 8201
8201 8421 8290
8421 1666 8290
8044 8201 8290
8044 7945 8201
1655 942 1915
1919 1078 1074
1917 1074 1078
1657 1074 1917
1916 1918 1656
1656 1918 1658
1917 942 1657
1917 946 942
1915 942 946
1919 1074 1659
1916 1656 1654
1916 1654 8262
8199 1916 8262
8199 8262 1914
1915 1913 1653
1915 1653 1655
8262 1654 8195
8195 7941 7943
7944 1922 8036
1924 8040 8036
1333 1663 1337
1333 1661 1663
1333 1923 1921
1337 1923 1333
1662 1660 1920
1662 1920 7944
8036 1662 7944
1900 6453 6553
1661 1333 1260
1921 1919 1659
1921 1659 1260
1333 1921 1260
8200 1658 1918
8196 1658 8200
8200 1660 8196
8200 1920 1660
2282 2461 1703
3882 3580 3880
3880 3580 1470
3580 3716 1470
3580 1704 3716
1469 2793 2574
2574 2461 2282
2574 2793 2461
1992 2282 1994
1994 2282 1703
3880 1468 3882
1699 1992 1994
1480 1613 1455
7229 1698 1702
7227 1698 7229
7229 6935 7227
7227 6935 1466
6935 6760 1466
6760 6617 6450
7229 1702 7080
3280 3282 2926
3280 2926 2924
2924 2926 2576
2924 2576 2793
1469 2924 2793
2576 2461 2793
2284 2461 2576
2461 2284 1703
6760 6935 6617
6937 6935 7229
6937 7229 7080
1706 6937 7080
6617 6935 6937
6617 6937 6619
6617 1705 1701
6619 1705 6617
3882 1468 1700
7380 1458 1690
5971 5822 1693
4345 1692 4202
1464 1460 1696
1696 1460 4202
1460 4345 4202
1695 1728 1878
1691 1459 1463
1691 1463 1878
1728 1691 1878
1697 5822 5971
7378 1458 7380
7380 1462 7378
7380 1694 1462
5969 1461 5971
5969 1457 1461
5969 1693 1689
5971 1693 5969
4993 1688 4832
1467 1695 1726
6134 6450 6138
6138 6450 1701
6450 6617 1701
1697 6134 6138
1465 6134 1697
1696 1700 1464
1464 1700 1468
1699 1695 1467
1704 3282 3716
1695 1878 1726
1726 1878 1463
1462 1694 1698
1462 1698 7227
7078 1462 7227
7078 7227 1466
1465 1697 1461
1461 1697 5971
3883 3881 3581
1636 1896 6229
6136 1636 6229
6136 6229 1638
1635 4519 1893
1635 4517 4519
4519 4517 4203
4203 4517 4201
4203 4201 3883
3883 4201 3881
1636 1894 1896
3581 3881 3579
1637 3581 3579
1895 3581 1637
1892 1894 1634
1634 1894 1636
1633 4833 1891
1633 4831 4833
1635 4833 4831
1899 1639 1641
6237 6137 1642
1901 1899 1641
1901 1641 1643
6237 1898 1900
6231 1898 6237
6237 1640 6231
6237 1642 1640
1899 1897 1639
1893 4833 1635
6231 1896 1898
6229 1896 6231
6231 1638 6229
6231 1640 1638
1637 3283 1895
1637 3281 3283
1639 3283 3281
1897 3283 1639
5584 5493 5260
5821 1628 5584
5260 5262 5584
5584 5262 5495
5262 1887 5495
1627 5262 5260
1629 5262 1627
5584 1628 5493
5260 5493 5161
5495 5821 5584
5260 5161 1627
6937 1706 6762
6762 6619 6937
6452 6619 6762
6619 6452 1705
1470 3716 3578
3282 3280 3578
3282 3578 3716
1887 5262 5163
1890 1892 1632
1632 1892 1634
1891 1889 1631
1891 1631 1633
1890 1632 1630
1890 1630 6222
6139 1890 6222
6139 6222 1888
1931 731 1671
1629 1631 1889
1629 1889 5163
5262 1629 5163
6222 1630 6135
6135 5821 5823
6135 5823 1888
6222 6135 1888
5823 5821 5495
1702 1958 1964
2576 2928 2797
2928 1966 2797
2576 2463 2284
2576 2797 2463
2167 2165 2463
2463 2165 2284
2165 1703 2284
2165 1965 1959
2167 1965 2165
2926 2928 2576
1702 1964 7233
7080 1702 7233
7080 7233 1706
1705 1963 1701
1701 1963 6297
1963 6140 6297
6297 6140 1957
5333 1956 5166
6762 6939 1967
2167 1996 1965
7233 1964 7082
1968 6939 6762
7082 1968 6762
1706 7082 6762
7233 7082 1706
6452 6762 6454
6454 6762 1967
5001 4999 5333
1963 6452 6454
1705 6452 1963
5001 1962 4834
5001 4834 1961
1704 3434 3282
2928 2926 3282
2928 3282 3434
1960 2928 3434
5824 5653 5973
1959 1699 1994
2165 1959 1994
1954 1958 1698
1698 1958 1702
1701 6297 6138
5824 5973 1697
1957 5824 1697
6138 1957 1697
6297 1957 6138
1959 1955 1699
5496 5653 5824
5653 5496 1953
1956 5333 5165
5333 4999 4997
5333 4997 1952
5165 5333 1952
4671 4997 4999
4671 4999 4673
4204 3882 1700
5001 5333 5166
1962 5001 5166
4673 4999 5001
4673 5001 1961
4520 4673 1961
4520 4351 4673
4204 4351 4520
4204 3884 3882
1996 2167 2286
4351 4204 1700
3882 3884 3582
3882 3582 3580
3582 3284 3580
3580 3284 1704
3284 3434 1704
3284 1960 3434
1703 2165 1994
4835 4928 1893
2185 1895 2187
2187 1895 3372
1895 3283 3372
3372 3283 1897
2184 2186 1894
1894 2186 1896
2183 4928 4835
4521 4835 4519
4519 4835 1893
2186 6455 6545
4521 4519 4205
4205 4519 4203
4205 4203 3885
3885 4203 3883
3885 3883 3583
3583 3883 3581
1895 3583 3581
2185 3583 1895
1897 2189 3285
6853 7165 7167
6853 7167 6857
6545 6853 6857
6545 6857 6549
6549 1898 6545
6549 1900 1898
2187 3372 3285
1897 1899 2189
2182 2184 1892
3372 1897 3285
7083 2188 7165
7165 6765 7083
6853 6765 7165
6853 6455 6765
6545 6455 6853
1896 2186 1898
1898 2186 6545
5586 5823 5495
5586 5825 5904
5586 5497 5825
5264 2179 5163
2179 5497 5163
5497 1887 5163
5497 5586 1887
5264 5163 1889
5904 1888 5823
2180 6224 6139
5904 5823 5586
5586 5495 1887
6939 1968 6764
6939 6764 1967
2797 1966 2578
2578 2463 2797
2286 2463 2578
2286 2167 2463
6141 6224 2180
1892 2184 1894
2181 1891 2183
2183 1891 4928
1891 4833 4928
4928 4833 1893
2182 1892 1890
2182 1890 6224
6141 2182 6224
4347 4671 4673
2179 5264 5167
1889 1891 2181
1889 2181 5167
5264 1889 5167
6224 1890 6139
5904 5825 1888
5825 2180 1888
2180 6139 1888
8911 1684 1680
8069 1682 8065
8069 1686 1682
1943 944 1685
1943 948 944
1941 944 948
1681 944 1941
8911 1940 1942
8907 1940 8911
8911 1680 8907
8065 8317 8069
1683 8315 8198
8198 8065 7942
8198 8315 8065
7942 8065 1682
1941 1939 1681
1681 1939 834
1939 858 834
834 858 1679
8812 1944 8622
1484 1486 1264
1484 1264 1262
1262 1264 1080
1262 1080 1076
1943 1076 1080
1685 1076 1943
8911 1942 8812
1944 8719 8622
8811 1940 8907
1684 8812 8622
8911 8812 1684
8622 8517 8422
8622 8719 8517
8317 8315 8517
8517 8315 8422
8315 1683 8422
8065 8315 8317
1930 1932 1670
1933 652 654
1673 654 652
1675 654 1673
1932 1934 1672
1672 1934 1674
1931 1671 1933
1933 1671 652
1671 649 652
652 649 1673
1933 654 1935
1670 1932 1672
1929 972 947
835 947 833
833 947 1669
947 972 1669
835 833 731
731 833 729
1671 731 729
1677 730 1937
1678 1938 1680
1680 1938 8907
1938 8811 8907
1939 836 858
732 730 836
836 730 858
730 1679 858
1937 730 732
1945 1486 1484
1936 1938 1676
1676 1938 1678
1937 1935 1677
1677 1935 650
1935 654 650
650 654 1675
1934 1936 1674
1674 1936 1676
1695 1879 1728
4997 4995 5329
4997 5329 5164
1952 4997 5164
4669 4995 4997
4669 4997 4671
4671 4347 4669
4669 4347 1692
4347 4202 1692
4202 4347 1696
5164 5329 1953
1951 1949 1691
1951 1691 1728
1879 1951 1728
8721 1948 8624
8624 8519 8721
8424 8519 8624
8519 8424 1947
7801 1946 7674
1698 1694 1954
4347 4673 4351
4351 1696 4347
4351 1700 1696
1699 1955 1695
1695 1955 1879
1955 1730 1879
1879 1730 1951
7531 1950 7382
1950 7531 7380
1954 1694 7382
1694 7531 7382
1697 5973 5822
5653 5651 5973
5973 5651 5822
5651 1693 5822
5329 5651 5653
5329 5653 1953
7946 1946 7672
8517 8719 8721
8517 8721 8519
8317 8517 8519
8317 8519 1947
8202 8317 1947
8202 8069 8317
7946 8069 8202
1946 7801 7672
8719 1944 8721
1686 7946 7672
8069 7946 1686
7672 7801 1690
1689 5649 5494
5494 5327 5162
5494 5649 5327
5162 5327 1688
1945 1484 1687
5329 4995 5327
7674 1950 7380
1690 7674 7380
7801 7674 1690
7380 7531 1694
5649 1693 5651
5649 1689 1693
5327 5649 5651
5327 5651 5329
1467 1992 1699
5327 4995 1688
4995 4832 1688
4832 4669 4518
4832 4995 4669
4518 4669 1692
1949 1945 1687
1949 1687 1691
8721 1944 1948
6451 6557 1644
5913 1640 5819
1640 1408 5819
1640 1642 1408
1643 1407 1409
1643 1641 1407
1642 6137 6243
1410 1642 6243
1408 1642 1410
6137 1644 6243
1645 2925 1411
1411 2925 2923
1409 2923 2925
1409 2925 1643
6247 1412 1410
6247 1410 6243
5913 5819 1406
6557 6243 1644
6557 6247 6243
6451 1646 6557
1112 1069 1413
1320 1255 1112
1112 1255 1069
1550 1481 1320
1320 1481 1255
1647 1727 1550
1727 1481 1550
1727 1725 1481
1727 1991 1725
1993 1991 1727
1993 2281 1991
1401 4517 1635
4924 1399 4831
1399 1635 4831
1399 1401 1635
1633 4924 4831
1400 1636 1402
1634 1636 1400
1637 3579 1403
1403 3579 3577
3579 3879 3577
3881 3879 3579
3881 4199 3879
4201 4199 3881
4201 4515 4199
4517 4515 4201
1401 4515 4517
2283 2281 1993
6136 1638 1404
6136 1404 6132
6132 1402 6136
6136 1402 1636
1639 3281 1405
1405 3281 3279
1403 3279 3281
1403 3281 1637
5818 5913 1406
5818 1404 5913
1404 1640 5913
1404 1638 1640
1641 1405 1407
1641 1639 1405
1652 1420 1418
6869 6449 6561
6869 1415 6759
7379 7478 1648
1650 7750 7669
1650 7669 1416
7379 1650 1416
7478 7379 1416
7750 1418 7669
964 1417 941
1417 1651 941
1417 1419 1651
1649 964 941
7671 7750 1650
7671 1652 7750
1652 1418 7750
6869 6759 6449
1653 1419 1421
1653 1651 1419
7939 1420 1652
7939 1652 7941
1422 7939 8261
7939 8195 8261
7939 7941 8195
8195 1654 8261
969 1655 938
1655 1421 938
1655 1653 1421
1423 969 938
8261 8193 1422
8261 1654 8193
7478 7377 1648
2283 2573 2281
2575 2573 2283
1411 2573 2575
1411 2575 1645
6247 6133 1412
6561 1414 6133
6247 6561 6133
6557 6561 6247
6761 6869 1646
6869 6557 1646
6869 6561 6557
6869 6761 1415
6761 7077 1415
6761 7079 7077
1632 1634 1398
7377 7079 1648
7377 7077 7079
7478 1416 7377
964 937 1417
1073 1112 1413
1073 1413 937
1649 1073 937
964 1649 937
1112 1073 1259
1112 1259 1320
1320 1259 1483
1320 1483 1550
1647 1550 1483
6561 6449 1414
6615 6293 6448
7223 6931 1228
7225 6931 7223
1462 7225 7378
7225 7529 7378
7225 7223 7529
7529 1458 7378
1463 1229 1233
1463 1459 1229
4019 3877 1230
4019 1460 3877
1460 1234 3877
1460 1464 1234
6295 1465 6293
6293 1465 1461
6293 1231 6448
6931 6758 1228
6295 6293 6615
6615 6448 1232
6931 6615 1232
6933 6615 6931
1466 6933 7078
6933 7225 7078
6933 6931 7225
7225 1462 7078
1233 1724 1463
1463 1724 1726
1467 1726 1724
1467 1724 1235
1234 1468 1236
1464 1468 1234
1224 1458 7529
1258 1480 1455
1254 1480 1258
1225 1613 1480
4200 1456 1226
4200 1226 4198
4198 1222 4200
4200 1222 1452
1223 5816 1453
1453 5816 5820
1457 5820 5816
1457 5816 1227
7076 7223 1228
7376 7529 7223
7376 7223 7076
7376 1224 7529
6295 6134 1465
1224 1454 1458
1613 1482 1455
1459 1482 1613
1225 1459 1613
1229 1459 1225
3876 4019 1230
3876 1226 4019
1226 1460 4019
1226 1456 1460
6293 1461 6130
1461 1227 6130
1461 1457 1227
1231 6293 6130
6758 6931 1232
5817 1394 1628
3278 3438 2922
2922 3438 3150
3576 3720 3278
3278 3720 3438
3878 4030 3576
3576 4030 3720
1240 4030 3878
1627 5161 1393
1393 5161 5159
5161 5491 5159
5493 5491 5161
5493 1628 5491
5491 1628 1394
1629 1393 1395
1629 1627 1393
2922 3150 1239
5817 1628 5821
5821 6131 5817
6135 6131 5821
6135 1630 6131
6131 1630 1396
1631 1395 1397
1631 1629 1395
1396 1632 1398
1630 1632 1396
4924 4829 1399
1397 4829 4924
1633 1397 4924
1631 1397 1633
1398 1634 1400
4026 1238 3880
6134 6295 6450
6450 6295 6615
6450 6615 6760
6760 6615 6933
6933 1466 6760
1235 1990 1467
1467 1990 1992
2280 1992 1990
2280 2282 1992
2572 2282 2280
2572 2574 2282
1469 2574 2572
1469 2572 1237
3880 1470 4026
4518 4667 4832
1238 1468 3880
1238 1236 1468
2924 1469 3150
1469 1239 3150
1469 1237 1239
2924 3150 3438
2924 3438 3280
3280 3438 3720
3280 3720 3578
4026 1470 3578
3720 4026 3578
4030 4026 3720
1238 4026 1240
1240 4026 4030
8061 7942 1448
8420 8513 8311
8420 8311 8194
8620 8715 8513
8620 8513 8420
8620 1446 8715
1446 1680 8715
1446 1678 1680
728 752 1447
752 728 1679
728 834 1679
728 832 834
1681 834 832
1681 832 1449
7670 7793 1450
8194 8061 7940
1448 7942 7670
7942 1682 7670
1682 7793 7670
7942 8061 8198
8198 8061 8311
8198 8311 1683
8311 8515 1683
8311 8513 8515
8513 8717 8515
8513 8715 8717
8715 1680 8717
8717 1680 1684
1449 940 1681
1442 1676 1444
939 833 971
831 833 939
971 1437 939
1438 1672 1440
1670 1672 1438
1673 649 1441
1441 649 647
1439 647 649
1439 649 1671
1440 1674 1442
1672 1674 1440
1675 1441 1443
1675 1673 1441
1681 940 944
1674 1676 1442
1443 648 1675
1675 648 650
1677 650 648
1677 648 1445
1444 1678 1446
1676 1678 1444
730 1677 752
1677 1447 752
1677 1445 1447
1679 730 752
7940 8061 1448
8194 8311 8061
1454 7797 7672
4665 4343 1452
4667 4343 4665
4665 4993 4667
4665 4991 4993
1688 4993 5162
4993 5325 5162
4993 4991 5325
5162 5325 5494
5494 5325 5647
5969 1689 5820
5820 1689 1453
1689 5494 1453
5494 5647 1453
1457 5969 5820
4343 4200 1452
1690 1454 7672
1458 1454 1690
7797 1686 7672
1482 1614 1455
1687 1614 1482
1459 1687 1482
1691 1687 1459
4345 1460 1456
4345 1456 4343
1692 4345 4518
4345 4667 4518
4345 4343 4667
4832 4667 4993
7797 1682 1686
1685 944 940
1685 940 1451
4516 4665 1452
4830 4991 4665
4830 4665 4516
5160 5325 4991
5160 4991 4830
5492 5647 5325
5492 5325 5160
1453 5647 5492
7797 1454 1450
7797 1450 7793
7793 1682 7797
1654 1656 1424
8515 8422 1683
8422 8515 8622
8622 8515 8717
8717 1684 8622
1451 1072 1685
1685 1072 1076
1258 1076 1072
1258 1262 1076
1258 1455 1614
1484 1258 1614
1262 1258 1484
1687 1484 1614
4200 4343 1456
1667 1131 943
1427 1661 1331
1661 1260 1331
1331 1260 1659
1428 1426 1658
1428 1658 8196
8421 8490 1666
8619 1434 8490
8421 8619 8490
8621 8619 8421
8621 1668 8619
8619 1668 1436
1669 943 971
1429 1661 1427
943 1131 971
1131 1071 971
1071 1437 971
1131 1435 1071
1436 1670 1438
1668 1670 1436
1671 729 1439
1439 729 727
729 831 727
833 831 729
833 1669 971
1665 1261 1433
1665 1435 1075
1435 1131 1075
1667 1075 1131
8490 1434 8419
8286 8197 1432
8197 1666 1432
1666 8419 1432
1666 8490 8419
8197 8286 1664
1431 1261 1663
1431 1257 1261
1433 1261 1257
1654 1424 8193
1432 8282 8286
1430 8282 1432
1664 8282 1662
1664 8286 8282
1663 1661 1429
1663 1429 1431
1430 8278 8282
1428 8278 1430
1662 8278 1660
1662 8282 8278
1433 1435 1665
8278 1428 8196
969 942 1655
1657 942 969
1423 1657 969
1425 1657 1423
1424 1658 1426
1656 1658 1424
1425 1070 1657
1657 1070 1074
1256 1331 1659
1074 1256 1659
1070 1256 1074
1427 1331 1256
8196 1660 8278
