5502 5580 5214
4926 5292 5004
5214 5292 4926
4638 5004 4716
4926 5004 4638
4350 4716 4428
4638 4716 4350
4350 4428 10823
10822 7576 7504
7228 7576 7300
7504 7576 7228
7300 7018 7020
7300 7020 10824
7228 7300 10824
7018 6730 7020
7020 6730 6732
4962 5250 5248
4962 5248 89
4927 4962 89
4674 4927 4639
4962 4927 4674
4386 4639 4351
4674 4639 4386
4386 4351 91
6112 90 6079
5824 6079 5791
6112 6079 5824
5536 5791 5503
5824 5791 5536
5248 5503 5215
5536 5503 5248
5214 5580 5292
6402 6114 6404
6404 6114 6116
6114 5826 6116
6116 5826 5828
5826 5538 5828
5828 5538 5540
5538 5250 5540
5540 5250 5252
5250 4962 5252
5252 4962 4964
4962 4674 4964
4964 4674 4676
4674 4386 4676
4676 4386 4388
4106 4388 4386
4106 4386 91
4388 4106 4390
4390 4106 4108
3832 4108 4106
3832 4106 93
3797 3832 93
3556 3797 3521
3832 3797 3556
3556 3521 95
7262 94 7229
6978 6980 7262
6978 7262 7229
92 6978 7229
6978 6690 6980
6980 6690 6692
6690 6402 6692
6692 6402 6404
6404 6369 6657
6116 6369 6404
6116 6081 6369
5828 6081 6116
5828 5793 6081
5540 5793 5828
5540 5505 5793
5252 5505 5540
5252 5217 5505
4964 5217 5252
4964 4929 5217
4676 4929 4964
4676 4641 4929
4388 4390 4676
4676 4390 4641
4390 197 4641
3832 3556 3834
3834 3556 3558
95 3558 3556
97 3558 95
7816 96 7781
7540 7781 7505
7816 7781 7540
7262 7264 7540
7262 7540 7505
94 7262 7505
7262 6980 7264
7264 6980 6982
6980 6692 6982
6982 6692 198
6692 6657 198
6404 6657 6692
98 7816 7818
96 7816 98
7816 7540 7818
7818 7540 7542
7540 7264 7542
7542 7264 7266
7264 6982 7266
7266 6982 200
6982 6945 200
6945 6982 198
197 4390 4353
4108 4110 4390
4390 4110 4353
4110 199 4353
4108 3832 4110
4110 3832 3834
7818 7542 7820
7820 7542 7544
7542 7266 7544
7544 7266 202
7266 7231 202
7231 7266 200
199 4110 4075
3834 3836 4110
4110 3836 4075
3836 201 4075
3834 3558 3836
3836 3558 3560
3290 3560 3558
3290 3558 97
3255 3290 97
3290 3255 99
7544 7507 204
7507 7544 202
201 3836 3799
3560 3562 3836
3836 3562 3799
3562 203 3799
3560 3290 3562
3562 3290 3292
3028 3292 3290
3028 3290 99
2991 3028 99
3028 2991 101
8090 100 8055
7818 7820 8090
7818 8090 8055
98 7818 8055
203 3562 3523
3292 3294 3562
3562 3294 3523
3294 205 3523
3292 3028 3294
3294 3028 3030
101 3030 3028
103 3030 101
8356 102 8319
8090 8092 8356
8090 8356 8319
100 8090 8319
8090 7820 8092
8092 7820 7822
7820 7544 7822
7822 7544 204
208 8094 206
208 8096 8094
205 3296 207
205 3294 3296
3294 3030 3296
3296 3030 3032
103 3032 3030
105 3032 103
104 8356 8358
102 8356 104
8356 8092 8358
8358 8092 8094
8092 7822 8094
8094 7822 206
7822 7783 206
7783 7822 204
8360 8096 8362
8362 8096 8098
210 8096 208
210 8098 8096
207 3298 209
207 3296 3298
3296 3032 3298
3298 3032 3034
2770 3034 3032
2770 3032 105
2727 2770 105
2770 2727 107
106 8358 8360
104 8358 106
8358 8094 8360
8360 8094 8096
8362 8098 8364
8364 8098 8100
212 8098 210
212 8100 8098
209 3300 211
209 3298 3300
3298 3034 3300
3300 3034 3036
3034 2770 3036
3036 2770 2772
107 2772 2770
109 2772 107
8626 108 8583
8360 8362 8626
8360 8626 8583
106 8360 8583
8364 8100 8366
8366 8100 8102
214 8100 212
214 8102 8100
211 3302 213
211 3300 3302
3300 3036 3302
3302 3036 3038
3036 2772 3038
3038 2772 2774
109 2774 2772
111 2774 109
110 8626 8628
108 8626 110
8626 8362 8628
8628 8362 8364
8366 8102 8368
8368 8102 8104
216 8102 214
216 8104 8102
213 3304 215
213 3302 3304
3302 3038 3304
3304 3038 3040
3038 2774 3040
3040 2774 2776
111 2776 2774
113 2776 111
112 8628 8630
110 8628 112
8628 8364 8630
8630 8364 8366
8368 8104 8370
8370 8104 8106
218 8104 216
218 8106 8104
215 3306 217
215 3304 3306
3304 3040 3306
3306 3040 3042
3042 3040 2776
3042 2776 2728
115 3042 2728
2728 2776 113
114 8630 8632
112 8630 114
8630 8366 8632
8632 8366 8368
118 8370 8372
116 8370 118
8370 8106 8372
8372 8106 8108
220 8106 218
220 8108 8106
217 3308 219
217 3306 3308
3306 3042 3308
3308 3042 3044
115 3044 3042
117 3044 115
114 8632 8584
8632 8368 8370
8632 8370 116
8584 8632 116
120 8372 8374
118 8372 120
8372 8108 8374
8374 8108 8110
8110 8108 7840
7840 8108 7784
8108 220 7784
7784 222 7840
221 3524 3580
3310 3580 3308
3308 3580 219
3580 3524 219
3308 3044 3310
3310 3044 3046
117 3046 3044
119 3046 117
8110 7840 8112
8112 7840 7842
7842 7840 7566
7566 7840 7508
7840 222 7508
7508 224 7566
223 3800 3858
3582 3858 3580
3580 3858 221
3858 3800 221
3580 3310 3582
3582 3310 3312
3312 3310 3046
3312 3046 2992
121 3312 2992
2992 3046 119
7566 224 7232
7232 226 7292
225 4076 4136
3860 4136 3858
3858 4136 223
4136 4076 223
3858 3582 3860
3860 3582 3584
3584 3582 3312
3584 3312 3256
123 3584 3256
3256 3312 121
120 8374 8320
8374 8110 8112
8374 8112 122
8320 8374 122
4136 4420 225
4420 4354 225
4136 3860 4138
4138 3860 3862
3860 3584 3862
3862 3584 3586
123 3586 3584
125 3586 123
122 8112 8056
8112 7842 7844
8112 7844 124
8056 8112 124
7842 7566 7844
7844 7566 7568
7568 7566 7292
7292 7566 7232
127 4140 3798
3522 3862 3586
3798 3862 3522
3522 3586 125
126 7844 7846
124 7844 126
7844 7568 7846
7846 7568 7570
7568 7292 7570
7570 7292 7294
7294 7292 7012
7012 7292 6946
7292 226 6946
6946 228 7012
227 4354 4420
4138 4420 4136
5794 5862 6150
5506 5862 5794
5506 5574 5862
5218 5574 5506
5218 5286 5574
4930 5286 5218
4930 4998 5286
4642 4998 4930
4642 4710 4998
4422 4710 4420
4420 4710 227
4710 4642 227
4420 4138 4422
4422 4138 4140
4140 4138 3862
4140 3862 3798
126 7846 7782
7506 7846 7570
7782 7846 7506
7570 7294 7296
7570 7296 128
7506 7570 128
7294 7012 7296
7296 7012 7014
7014 7012 6726
6726 7012 6658
7012 228 6658
6370 6726 6658
6370 6438 6726
6082 6438 6370
6082 6150 6438
5794 6150 6082
6150 5862 6152
6152 5862 5864
5862 5574 5864
5864 5574 5576
5574 5286 5576
5576 5286 5288
5286 4998 5288
5288 4998 5000
4998 4710 5000
5000 4710 4712
4710 4422 4712
4712 4422 4424
4424 4422 4140
4424 4140 4074
129 4424 4074
4074 4140 127
131 5290 4928
4640 5000 4712
4928 5000 4640
4352 4712 4424
4640 4712 4352
4352 4424 129
128 7296 7230
7296 7014 7016
7296 7016 130
7230 7296 130
7014 6726 7016
7016 6726 6728
6726 6438 6728
6728 6438 6440
6438 6150 6440
6440 6150 6152
130 7016 6944
6656 7016 6728
6944 7016 6656
6368 6728 6440
6656 6728 6368
6440 6152 6154
6440 6154 132
6368 6440 132
6152 5864 6154
6154 5864 5866
5864 5576 5866
5866 5576 5578
5576 5288 5578
5578 5288 5290
5290 5288 5000
5290 5000 4928
5830 5793 5542
5254 5505 5217
5542 5505 5254
4966 5217 4929
5254 5217 4966
4678 4929 4641
4966 4929 4678
4678 4641 197
132 6154 6080
5792 6154 5866
6080 6154 5792
5504 5866 5578
5792 5866 5504
5216 5578 5290
5504 5578 5216
5216 5290 131
5254 4966 5256
5256 4966 4968
4966 4678 4968
4968 4678 4680
4392 4680 4678
4392 4678 197
4353 4392 197
4392 4353 199
6694 198 6657
6406 6657 6369
6694 6657 6406
6118 6369 6081
6406 6369 6118
5830 6081 5793
6118 6081 5830
5542 5793 5505
4075 4112 199
4112 4075 201
6984 200 6945
6694 6696 6984
6694 6984 6945
198 6694 6945
6694 6406 6696
6696 6406 6408
6406 6118 6408
6408 6118 6120
6118 5830 6120
6120 5830 5832
5830 5542 5832
5832 5542 5544
5542 5254 5544
5544 5254 5256
6408 6120 6410
6410 6120 6122
6120 5832 6122
6122 5832 5834
5832 5544 5834
5834 5544 5546
5544 5256 5546
5546 5256 5258
5256 4968 5258
5258 4968 4970
4968 4680 4970
4970 4680 4682
4680 4392 4682
4682 4392 4394
4112 4394 4392
4112 4392 199
4682 4394 4684
4684 4394 4396
4394 4112 4396
4396 4112 4114
3838 4114 4112
3838 4112 201
3799 3838 201
3838 3799 203
7268 202 7231
6984 6986 7268
6984 7268 7231
200 6984 7231
6984 6696 6986
6986 6696 6698
6696 6408 6698
6698 6408 6410
6698 6410 6700
6700 6410 6412
6410 6122 6412
6412 6122 270
6122 6083 270
5834 6083 6122
5834 5795 6083
5546 5795 5834
5546 5507 5795
5258 5507 5546
5258 5219 5507
4970 4972 5258
5258 4972 5219
4972 269 5219
4970 4682 4972
4972 4682 4684
4396 4114 4398
4398 4114 4116
4114 3838 4116
4116 3838 3840
3564 3840 3838
3564 3838 203
3523 3564 203
3564 3523 205
7546 204 7507
7268 7270 7546
7268 7546 7507
202 7268 7507
7268 6986 7270
7270 6986 6988
6986 6698 6988
6988 6698 6700
7546 7270 7548
7548 7270 7272
7270 6988 7272
7272 6988 6990
6988 6700 6990
6990 6700 6702
6700 6412 6702
6702 6412 272
6412 6371 272
6371 6412 270
269 4972 4931
4684 4686 4972
4972 4686 4931
4686 271 4931
4684 4396 4686
4686 4396 4398
271 4686 4643
4398 4400 4686
4686 4400 4643
4400 273 4643
4398 4116 4400
4400 4116 4118
4116 3840 4118
4118 3840 3842
3840 3564 3842
3842 3564 3566
205 3566 3564
207 3566 205
7824 206 7783
7546 7548 7824
7546 7824 7783
204 7546 7783
3842 3566 3844
3844 3566 3568
207 3568 3566
209 3568 207
208 7824 7826
206 7824 208
7824 7548 7826
7826 7548 7550
7548 7272 7550
7550 7272 7274
7272 6990 7274
7274 6990 6992
6990 6702 6992
6992 6702 274
6702 6659 274
6659 6702 272
210 7826 7828
208 7826 210
7826 7550 7828
7828 7550 7552
7550 7274 7552
7552 7274 7276
7274 6992 7276
7276 6992 276
6992 6947 276
6947 6992 274
273 4400 4355
4118 4120 4400
4400 4120 4355
4120 275 4355
4118 3842 4120
4120 3842 3844
212 7828 7830
210 7828 212
7828 7552 7830
7830 7552 7554
7552 7276 7554
7554 7276 7278
278 7276 276
278 7278 7276
275 4122 277
275 4120 4122
4120 3844 4122
4122 3844 3846
3844 3568 3846
3846 3568 3570
209 3570 3568
211 3570 209
214 7830 7832
212 7830 214
7830 7554 7832
7832 7554 7556
7554 7278 7556
7556 7278 7280
280 7278 278
280 7280 7278
277 4124 279
277 4122 4124
4122 3846 4124
4124 3846 3848
3846 3570 3848
3848 3570 3572
211 3572 3570
213 3572 211
216 7832 7834
214 7832 216
7832 7556 7834
7834 7556 7558
7556 7280 7558
7558 7280 7282
282 7280 280
282 7282 7280
279 4126 281
279 4124 4126
4124 3848 4126
4126 3848 3850
3848 3572 3850
3850 3572 3574
213 3574 3572
215 3574 213
7558 7282 7560
7560 7282 7284
7284 7282 7002
7002 7282 6948
7282 282 6948
6948 284 7002
283 4356 4410
4128 4410 4126
4126 4410 281
4410 4356 281
4126 3850 4128
4128 3850 3852
3850 3574 3852
3852 3574 3576
215 3576 3574
217 3576 215
285 4644 4700
4412 4700 4410
4410 4700 283
4700 4644 283
4410 4128 4412
4412 4128 4130
4128 3852 4130
4130 3852 3854
3852 3576 3854
3854 3576 3578
217 3578 3576
219 3578 217
218 7834 7836
216 7834 218
7834 7558 7836
7836 7558 7560
3856 3854 3578
3856 3578 3524
221 3856 3524
3524 3578 219
220 7836 7838
218 7836 220
7836 7560 7838
7838 7560 7562
7560 7284 7562
7562 7284 7286
7284 7002 7286
7286 7002 7004
7004 7002 6716
6716 7002 6660
7002 284 6660
6660 286 6716
7004 6716 7006
7006 6716 6718
6718 6716 6430
6430 6716 6372
6716 286 6372
6372 288 6430
287 4932 4990
4702 4990 4700
4700 4990 285
4990 4932 285
4700 4412 4702
4702 4412 4414
4412 4130 4414
4414 4130 4132
4130 3854 4132
4132 3854 3856
4702 4414 4704
4704 4414 4416
4414 4132 4416
4416 4132 4134
4134 4132 3856
4134 3856 3800
223 4134 3800
3800 3856 221
220 7838 7784
7838 7562 7564
7838 7564 222
7784 7838 222
7562 7286 7564
7564 7286 7288
7286 7004 7288
7288 7004 7006
6718 6430 6720
6720 6430 6432
6432 6430 6144
6144 6430 6084
6430 288 6084
5796 6144 6084
5796 5856 6144
5508 5856 5796
5508 5568 5856
5220 5568 5508
5220 5280 5568
4992 5280 4990
4990 5280 287
5280 5220 287
4990 4702 4992
4992 4702 4704
4992 4704 4994
4994 4704 4706
4704 4416 4706
4706 4416 4418
4418 4416 4134
4418 4134 4076
225 4418 4076
4076 4134 223
222 7564 7508
7564 7288 7290
7564 7290 224
7508 7564 224
7288 7006 7290
7290 7006 7008
7006 6718 7008
7008 6718 6720
7290 7010 226
7232 7290 226
7008 6720 7010
7010 6720 6722
6720 6432 6722
6722 6432 6434
6432 6144 6434
6434 6144 6146
6144 5856 6146
6146 5856 5858
5856 5568 5858
5858 5568 5570
5568 5280 5570
5570 5280 5282
5280 4992 5282
5282 4992 4994
6146 5858 6148
6148 5858 5860
5858 5570 5860
5860 5570 5572
5570 5282 5572
5572 5282 5284
5282 4994 5284
5284 4994 4996
4994 4706 4996
4996 4706 4708
4708 4706 4418
4708 4418 4354
227 4708 4354
4354 4418 225
224 7290 7232
7290 7008 7010
5794 5860 5506
5218 5572 5284
5506 5572 5218
4930 5284 4996
5218 5284 4930
4642 4996 4708
4930 4996 4642
4642 4708 227
226 7010 6946
7010 6722 6724
7010 6724 228
6946 7010 228
6722 6434 6724
6724 6434 6436
6434 6146 6436
6436 6146 6148
5989 330 6123
6123 5701 5989
5835 5701 6123
5835 5413 5701
5547 5413 5835
5547 5125 5413
5259 5125 5547
329 5125 5259
228 6724 6658
6370 6724 6436
6658 6724 6370
6082 6436 6148
6370 6436 6082
5794 6148 5860
6082 6148 5794
5506 5860 5572
331 4973 4549
333 4549 4687
6277 332 6413
6413 6125 6123
6413 6123 330
6277 6413 330
5835 6123 6125
5835 6125 5837
5547 5835 5837
5547 5837 5549
5259 5547 5549
5259 5549 5261
5259 5261 4973
5259 4973 4837
329 5259 4837
331 4837 4973
6565 334 6703
6703 6415 6413
6703 6413 332
6565 6703 332
6125 6413 6415
6125 6415 6127
5837 6125 6127
5837 6127 5839
5549 5837 5839
5549 5839 5551
5261 5549 5551
5261 5551 5263
4973 5261 5263
4973 5263 4975
4973 4975 4687
4973 4687 4549
6127 6415 6417
6127 6417 6129
5839 6127 6129
5839 6129 5841
5551 5839 5841
5551 5841 5553
5263 5551 5553
5263 5553 5265
4975 5263 5265
4975 5265 4977
4687 4975 4977
4687 4977 4689
4687 4689 4401
4687 4401 4261
333 4687 4261
335 4261 4401
5265 5553 5555
5265 5555 5267
4977 5265 5267
4977 5267 4979
4689 4977 4979
4689 4979 4691
4401 4689 4691
4401 4691 4403
4401 337 335
4403 337 4401
6853 336 6993
6993 6705 6703
6993 6703 334
6853 6993 334
6415 6703 6705
6415 6705 6417
4403 4691 4693
4403 4693 4405
4403 339 337
4405 339 4403
6995 336 338
6993 336 6995
6705 6993 6995
6705 6995 6707
6417 6705 6707
6417 6707 6419
6129 6417 6419
6129 6419 6131
5841 6129 6131
5841 6131 5843
5553 5841 5843
5553 5843 5555
6707 6995 6997
6707 6997 6709
6419 6707 6709
6419 6709 6421
6131 6419 6421
6131 6421 6133
5843 6131 6133
5843 6133 5845
5555 5843 5845
5555 5845 5557
5267 5555 5557
5267 5557 5269
4979 5267 5269
4979 5269 4981
4691 4979 4981
4691 4981 4693
5845 6133 6135
5845 6135 5847
5557 5845 5847
5557 5847 5559
5269 5557 5559
5269 5559 5271
4981 5269 5271
4981 5271 4983
4693 4981 4983
4693 4983 4695
4405 4693 4695
4405 4695 4407
4405 341 339
4407 341 4405
6997 338 340
6995 338 6997
4983 5271 5273
4983 5273 4985
4695 4983 4985
4695 4985 4697
4407 4695 4697
4407 4697 343
4262 4407 343
4407 4262 341
6999 340 342
6997 340 6999
6709 6997 6999
6709 6999 6711
6421 6709 6711
6421 6711 6423
6133 6421 6423
6133 6423 6135
4550 4697 345
4697 4550 343
6999 342 6854
6713 6711 6999
6713 6999 6854
344 6713 6854
6423 6711 6713
6423 6713 6425
6135 6423 6425
6135 6425 6137
5847 6135 6137
5847 6137 5849
5559 5847 5849
5559 5849 5561
5271 5559 5561
5271 5561 5273
6713 344 6566
6427 6425 6713
6427 6713 6566
346 6427 6566
6137 6425 6427
6137 6427 6139
5849 6137 6139
5849 6139 5851
5561 5849 5851
5561 5851 5563
5273 5561 5563
5273 5563 5275
4985 5273 5275
4985 5275 4987
4697 4985 4987
4697 4987 345
5126 5277 5414
5277 5126 347
6427 346 6278
6141 6139 6427
6141 6427 6278
348 6141 6278
5851 6139 6141
5851 6141 5853
5563 5851 5853
5563 5853 5565
5275 5563 5565
5275 5565 5277
4987 5275 5277
4987 5277 347
4838 4987 347
4987 4838 345
4931 4974 269
4974 4931 271
6124 270 6083
5836 6083 5795
6124 6083 5836
5548 5795 5507
5836 5795 5548
5260 5507 5219
5548 5507 5260
5260 5219 269
6141 348 5990
5990 5853 6141
5702 5853 5990
5702 5565 5853
5414 5565 5702
5414 5277 5565
4688 4976 4974
4688 4974 271
4643 4688 271
4688 4643 273
6414 272 6371
6124 6126 6414
6124 6414 6371
270 6124 6371
6124 5836 6126
6126 5836 5838
5836 5548 5838
5838 5548 5550
5548 5260 5550
5550 5260 5262
4974 5262 5260
4974 5260 269
4355 4402 273
4402 4355 275
6704 274 6659
6414 6416 6704
6414 6704 6659
272 6414 6659
6414 6126 6416
6416 6126 6128
6126 5838 6128
6128 5838 5840
5838 5550 5840
5840 5550 5552
5550 5262 5552
5552 5262 5264
5262 4974 5264
5264 4974 4976
6704 6416 6706
6706 6416 6418
6416 6128 6418
6418 6128 6130
6128 5840 6130
6130 5840 5842
5840 5552 5842
5842 5552 5554
5552 5264 5554
5554 5264 5266
5264 4976 5266
5266 4976 4978
4976 4688 4978
4978 4688 4690
4402 4690 4688
4402 4688 273
5842 5554 5844
5844 5554 5556
5554 5266 5556
5556 5266 5268
5266 4978 5268
5268 4978 4980
4978 4690 4980
4980 4690 4692
4690 4402 4692
4692 4402 4404
275 4404 4402
277 4404 275
6994 276 6947
6704 6706 6994
6704 6994 6947
274 6704 6947
4980 4692 4982
4982 4692 4694
4692 4404 4694
4694 4404 4406
277 4406 4404
279 4406 277
278 6994 6996
276 6994 278
6994 6706 6996
6996 6706 6708
6706 6418 6708
6708 6418 6420
6418 6130 6420
6420 6130 6132
6130 5842 6132
6132 5842 5844
280 6996 6998
278 6996 280
6996 6708 6998
6998 6708 6710
6708 6420 6710
6710 6420 6422
6420 6132 6422
6422 6132 6134
6132 5844 6134
6134 5844 5846
5844 5556 5846
5846 5556 5558
5556 5268 5558
5558 5268 5270
5268 4980 5270
5270 4980 4982
6422 6134 6424
6424 6134 6136
6134 5846 6136
6136 5846 5848
5846 5558 5848
5848 5558 5560
5558 5270 5560
5560 5270 5272
5270 4982 5272
5272 4982 4984
4982 4694 4984
4984 4694 4696
4694 4406 4696
4696 4406 4408
279 4408 4406
281 4408 279
5560 5272 5562
5562 5272 5274
5272 4984 5274
5274 4984 4986
4984 4696 4986
4986 4696 4698
4698 4696 4408
4698 4408 4356
283 4698 4356
4356 4408 281
282 6998 7000
280 6998 282
6998 6710 7000
7000 6710 6712
6710 6422 6712
6712 6422 6424
4988 4986 4698
4988 4698 4644
285 4988 4644
4644 4698 283
282 7000 6948
7000 6712 6714
7000 6714 284
6948 7000 284
6712 6424 6714
6714 6424 6426
6424 6136 6426
6426 6136 6138
6136 5848 6138
6138 5848 5850
5848 5560 5850
5850 5560 5562
287 5278 4932
4932 4988 285
284 6714 6660
6714 6426 6428
6714 6428 286
6660 6714 286
6426 6138 6428
6428 6138 6140
6138 5850 6140
6140 5850 5852
5850 5562 5852
5852 5562 5564
5562 5274 5564
5564 5274 5276
5274 4986 5276
5276 4986 4988
5796 5854 5508
5220 5566 5278
5508 5566 5220
5220 5278 287
286 6428 6372
6428 6140 6142
6428 6142 288
6372 6428 288
6140 5852 6142
6142 5852 5854
5852 5564 5854
5854 5564 5566
5564 5276 5566
5566 5276 5278
5278 5276 4988
5278 4988 4932
6117 5991 6405
6117 5703 5991
5829 5703 6117
5829 5415 5703
5541 5415 5829
5541 5127 5415
5253 5127 5541
5253 4839 5127
4965 4839 5253
4965 4551 4839
4677 4551 4965
413 4551 4677
288 6142 6084
5796 6142 5854
6084 6142 5796
5508 5854 5566
5541 5829 5831
5541 5831 5543
5253 5541 5543
5253 5543 5255
4965 5253 5255
4965 5255 4967
4677 4965 4967
4677 4967 4679
4677 4679 4391
4677 4391 4263
413 4677 4263
415 4263 4391
6567 414 6693
6693 6279 6567
6405 6279 6693
6405 5991 6279
4391 4679 4681
4391 4681 4393
4391 4393 4111
4391 4111 3985
415 4391 3985
417 3985 4111
6855 416 6983
6983 6695 6693
6983 6693 414
6855 6983 414
6405 6693 6695
6405 6695 6407
6117 6405 6407
6117 6407 6119
5829 6117 6119
5829 6119 5831
6695 6983 6985
6695 6985 6697
6407 6695 6697
6407 6697 6409
6119 6407 6409
6119 6409 6121
5831 6119 6121
5831 6121 5833
5543 5831 5833
5543 5833 5545
5255 5543 5545
5255 5545 5257
4967 5255 5257
4967 5257 4969
4679 4967 4969
4679 4969 4681
4971 5257 329
5257 5125 329
4681 4969 4971
4681 4971 4683
4393 4681 4683
4393 4683 4395
4111 4393 4395
4111 4395 4113
4111 4113 3837
4111 3837 3709
417 4111 3709
419 3709 3837
7141 418 7267
7267 6985 6983
7267 6983 416
7141 7267 416
6985 7267 7269
6985 7269 6987
6697 6985 6987
6697 6987 6699
6409 6697 6699
6409 6699 6411
6409 6411 6121
6121 6411 5989
6411 330 5989
6121 5701 5833
6121 5989 5701
5833 5413 5545
5833 5701 5413
5545 5125 5257
5545 5413 5125
4969 5257 4971
4685 4971 331
4971 4837 331
4395 4683 4685
4395 4685 4397
4113 4395 4397
4113 4397 4115
3837 4113 4115
3837 4115 3839
3837 3839 3563
3837 3563 3433
419 3837 3433
421 3433 3563
7417 420 7545
7545 7269 7267
7545 7267 418
7417 7545 418
7693 422 7823
7823 7547 7545
7823 7545 420
7693 7823 420
7269 7545 7547
7269 7547 7271
6987 7269 7271
6987 7271 6989
6699 6987 6989
6699 6989 6701
6699 6701 6411
6411 6701 6277
6701 332 6277
6411 6277 330
4971 329 4837
4683 4971 4685
6989 6991 6701
6701 6991 6565
6991 334 6565
6701 6565 332
4685 331 4549
4397 4685 4399
4399 4685 333
4685 4549 333
4115 4397 4399
4115 4399 4117
3839 4115 4117
3839 4117 3841
3563 3839 3841
3563 3841 3565
3563 423 421
3565 423 3563
4119 4399 335
4399 4261 335
3841 4117 4119
3841 4119 3843
3565 3841 3843
3565 3843 3567
3565 425 423
3567 425 3565
7825 422 424
7823 422 7825
7547 7823 7825
7547 7825 7549
7271 7547 7549
7271 7549 7273
6989 7271 7273
6989 7273 6991
3567 3843 3845
3567 3845 3569
3567 427 425
3569 427 3567
7827 424 426
7825 424 7827
7549 7825 7827
7549 7827 7551
7273 7549 7551
7273 7551 7275
7273 7275 6991
6991 7275 6853
7275 336 6853
6991 6853 334
4399 333 4261
4117 4399 4119
3569 3845 3847
3569 3847 3571
3569 429 427
3571 429 3569
7829 426 428
7827 426 7829
7551 7827 7829
7551 7829 7553
7275 7551 7553
7275 7553 7277
7277 336 7275
7277 338 336
4119 337 4121
4119 335 337
3843 4119 4121
3843 4121 3845
3571 3847 3849
3571 3849 3573
3571 431 429
3573 431 3571
7831 428 430
7829 428 7831
7553 7829 7831
7553 7831 7555
7277 7553 7555
7277 7555 7279
7279 338 7277
7279 340 338
4121 339 4123
4121 337 339
3845 4121 4123
3845 4123 3847
3573 3849 3851
3573 3851 3575
3573 433 431
3575 433 3573
7833 430 432
7831 430 7833
7555 7831 7833
7555 7833 7557
7279 7555 7557
7279 7557 7281
7281 340 7279
7281 342 340
4123 341 4125
4123 339 341
3847 4123 4125
3847 4125 3849
7835 432 434
7833 432 7835
7557 7833 7835
7557 7835 7559
7281 7557 7559
7281 7559 7283
7283 7001 7281
7281 7001 342
7001 6854 342
6854 7001 344
343 4409 4262
4127 4125 4409
4409 4125 4262
4125 341 4262
3849 4125 4127
3849 4127 3851
7003 6715 7001
7001 6715 344
6715 6566 344
6566 6715 346
345 4699 4550
4411 4409 4699
4699 4409 4550
4409 343 4550
4127 4409 4411
4127 4411 4129
3851 4127 4129
3851 4129 3853
3575 3851 3853
3575 3853 3577
3575 435 433
3577 435 3575
4129 4411 4413
4129 4413 4131
3853 4129 4131
3853 4131 3855
3577 3853 3855
3577 3855 437
3434 3577 437
3577 3434 435
7837 434 436
7835 434 7837
7559 7835 7837
7559 7837 7561
7283 7559 7561
7283 7561 7285
7001 7283 7285
7001 7285 7003
7285 7561 7563
7285 7563 7287
7003 7285 7287
7003 7287 7005
6715 7003 7005
6715 7005 6717
6717 6429 6715
6715 6429 346
6429 6278 346
6278 6429 348
347 4989 4838
4701 4699 4989
4989 4699 4838
4699 345 4838
4411 4699 4701
4411 4701 4413
5279 4989 5126
4989 347 5126
4701 4989 4991
4701 4991 4703
4413 4701 4703
4413 4703 4415
4131 4413 4415
4131 4415 4133
3855 4131 4133
3855 4133 439
3710 3855 439
3855 3710 437
7837 436 7694
7563 7561 7837
7563 7837 7694
438 7563 7694
7005 7287 7289
7005 7289 7007
6717 7005 7007
6717 7007 6719
6429 6717 6719
6429 6719 6431
6431 6143 6429
6429 6143 348
6143 5990 348
5990 5855 5702
5990 6143 5855
5702 5567 5414
5702 5855 5567
5414 5279 5126
5414 5567 5279
4991 4989 5279
5279 5567 5569
5279 5569 5281
4991 5279 5281
4991 5281 4993
4703 4991 4993
4703 4993 4705
4415 4703 4705
4415 4705 4417
4133 4415 4417
4133 4417 441
3986 4133 441
4133 3986 439
7563 438 7418
7289 7287 7563
7289 7563 7418
440 7289 7418
4264 4417 443
4417 4264 441
7289 440 7142
7009 7007 7289
7009 7289 7142
442 7009 7142
6719 7007 7009
6719 7009 6721
6431 6719 6721
6431 6721 6433
6143 6431 6433
6143 6433 6145
5855 6143 6145
5855 6145 5857
5567 5855 5857
5567 5857 5569
6433 6721 6723
6433 6723 6435
6145 6433 6435
6145 6435 6147
5857 6145 6147
5857 6147 5859
5569 5857 5859
5569 5859 5571
5281 5569 5571
5281 5571 5283
4993 5281 5283
4993 5283 4995
4705 4993 4995
4705 4995 4707
4417 4705 4707
4417 4707 443
5992 6147 6280
5992 5859 6147
5704 5859 5992
5704 5571 5859
5416 5571 5704
5416 5283 5571
5128 5283 5416
5128 4995 5283
4840 4995 5128
4840 4707 4995
4552 4707 4840
4707 4552 443
7009 442 6856
6723 6721 7009
6723 7009 6856
444 6723 6856
4673 4553 4961
4673 4265 4553
4385 4265 4673
535 4265 4385
5993 534 6111
6111 5705 5993
5823 5705 6111
5823 5417 5705
5535 5417 5823
5535 5129 5417
5247 5129 5535
533 5129 5247
6723 444 6568
6568 6435 6723
6280 6435 6568
6280 6147 6435
6689 6569 6977
6689 6281 6569
6401 6281 6689
6401 6113 6111
6401 6111 534
6281 6401 534
5823 6111 6113
5823 6113 5825
5535 5823 5825
5535 5825 5537
5247 5535 5537
5247 5537 5249
5247 5249 4961
5247 4961 4841
533 5247 4841
4961 4553 4841
5537 5825 5827
5537 5827 5539
5249 5537 5539
5249 5539 5251
4961 5249 5251
4961 5251 4963
4673 4961 4963
4673 4963 4675
4385 4673 4675
4385 4675 4387
4385 4387 4105
4385 4105 3987
535 4385 3987
537 3987 4105
6857 536 6977
6977 6569 6857
537 4105 3711
3831 3435 3711
3555 3435 3831
539 3435 3555
7143 538 7261
7261 6979 6977
7261 6977 536
7143 7261 536
6689 6977 6979
6689 6979 6691
6401 6689 6691
6401 6691 6403
6113 6401 6403
6113 6403 6115
5825 6113 6115
5825 6115 5827
6115 5991 5703
5827 5415 5539
5827 5703 5415
5539 5127 5251
5539 5415 5127
5251 4839 4963
5251 5127 4839
4963 4551 4675
4963 4839 4551
4387 4675 4389
4389 4675 413
4675 4551 413
4105 4387 4389
4105 4389 4107
4105 4107 3831
4105 3831 3711
7695 540 7815
7815 7419 7695
7539 7419 7815
7539 7263 7261
7539 7261 538
7419 7539 538
6979 7261 7263
6979 7263 6981
6979 6981 6691
6691 6981 6567
6981 414 6567
6691 6279 6403
6691 6567 6279
6403 5991 6115
6403 6279 5991
6115 5703 5827
7263 7539 7541
7263 7541 7265
7263 7265 6981
6981 7265 6855
7265 416 6855
6981 6855 414
4389 413 4263
4107 4389 4109
4109 4389 415
4389 4263 415
3831 4107 4109
3831 4109 3833
3555 3831 3833
3555 3833 3557
3555 541 539
3557 541 3555
7543 418 7141
7265 7141 416
4109 415 3985
3833 4109 3835
3835 4109 417
4109 3985 417
3557 3833 3835
3557 3835 3559
3557 3559 3289
3557 3289 3169
541 3557 3169
543 3169 3289
7817 540 542
7815 540 7817
7539 7815 7817
7539 7817 7541
3561 3835 419
3835 3709 419
3289 3559 3561
3289 3561 3291
3289 3291 3027
3289 3027 2905
543 3289 2905
545 2905 3027
7969 544 8089
8089 7819 7817
8089 7817 542
7969 8089 542
7541 7817 7819
7541 7819 7543
7541 7543 7265
7265 7543 7141
3027 3291 3293
3027 3293 3029
3027 547 545
3029 547 3027
8233 546 8355
8355 8091 8089
8355 8089 544
8233 8355 544
7819 8089 8091
7819 8091 7821
7819 7821 7543
7543 7821 7417
7821 420 7417
7543 7417 418
3835 417 3709
3559 3835 3561
3029 3293 3295
3029 3295 3031
3029 549 547
3031 549 3029
8357 546 548
8355 546 8357
8091 8355 8357
8091 8357 8093
8091 8093 7821
7821 8093 7693
8093 422 7693
7821 7693 420
3561 419 3433
3291 3561 3293
3293 3561 421
3561 3433 421
3295 425 3297
3295 423 425
3031 3295 3297
3031 3297 3033
3031 3033 2769
3031 2769 2641
549 3031 2641
551 2641 2769
8359 548 550
8357 548 8359
8093 8357 8359
8093 8359 8095
8095 422 8093
8095 424 422
3293 423 3295
3293 421 423
3297 427 3299
3297 425 427
3033 3297 3299
3033 3299 3035
2769 3033 3035
2769 3035 2771
2769 553 551
2771 553 2769
8497 552 8625
8625 8361 8359
8625 8359 550
8497 8625 550
8095 8359 8361
8095 8361 8097
8097 424 8095
8097 426 424
3299 429 3301
3299 427 429
3035 3299 3301
3035 3301 3037
2771 3035 3037
2771 3037 2773
2771 555 553
2773 555 2771
8627 552 554
8625 552 8627
8361 8625 8627
8361 8627 8363
8097 8361 8363
8097 8363 8099
8099 426 8097
8099 428 426
3301 431 3303
3301 429 431
3037 3301 3303
3037 3303 3039
2773 3037 3039
2773 3039 2775
2773 557 555
2775 557 2773
8629 554 556
8627 554 8629
8363 8627 8629
8363 8629 8365
8099 8363 8365
8099 8365 8101
8101 428 8099
8101 430 428
3303 433 3305
3303 431 433
3039 3303 3305
3039 3305 3041
2775 3039 3041
2775 3041 559
2642 2775 559
2775 2642 557
8631 556 558
8629 556 8631
8365 8629 8631
8365 8631 8367
8101 8365 8367
8101 8367 8103
8103 430 8101
8103 432 430
8107 434 8105
8107 436 434
3305 435 3307
3305 433 435
3041 3305 3307
3041 3307 3043
3041 561 559
3043 561 3041
8631 558 8498
8369 8367 8631
8369 8631 8498
560 8369 8498
8103 8367 8369
8103 8369 8105
8105 432 8103
8105 434 432
8109 7839 8107
8107 7839 436
7839 7694 436
7694 7839 438
437 3579 3434
3309 3307 3579
3579 3307 3434
3307 435 3434
3043 3307 3309
3043 3309 3045
3043 563 561
3045 563 3043
8371 560 562
8369 560 8371
8105 8369 8371
8105 8371 8107
7565 7418 438
7418 7565 440
439 3857 3710
3581 3579 3857
3857 3579 3710
3579 437 3710
3309 3579 3581
3309 3581 3311
3045 3309 3311
3045 3311 565
2906 3045 565
3045 2906 563
8373 562 564
8371 562 8373
8107 8371 8373
8107 8373 8109
4135 3857 3986
3857 439 3986
3581 3857 3859
3581 3859 3583
3311 3581 3583
3311 3583 567
3170 3311 567
3311 3170 565
8373 564 8234
8111 8109 8373
8111 8373 8234
566 8111 8234
7839 8109 8111
7839 8111 7841
7841 7565 7839
7839 7565 438
3583 3859 3861
3583 3861 3585
3583 569 567
3585 569 3583
8111 566 7970
7843 7841 8111
7843 8111 7970
568 7843 7970
7565 7841 7843
7565 7843 7567
7567 7291 7565
7565 7291 440
7291 7142 440
7142 7291 442
441 4135 3986
3859 3857 4135
7845 568 570
7843 568 7845
7567 7843 7845
7567 7845 7569
7291 7567 7569
7291 7569 7293
7293 7011 7291
7291 7011 442
7011 6856 442
6856 7011 444
443 4419 4264
4137 4135 4419
4419 4135 4264
4135 441 4264
3859 4135 4137
3859 4137 3861
5416 5573 5285
5128 4997 4840
5128 5285 4997
4840 4709 4552
4840 4997 4709
4421 4419 4709
4709 4419 4552
4419 443 4552
4137 4419 4421
4137 4421 4139
3861 4137 4139
3861 4139 571
3712 3861 571
3712 3585 3861
3436 3585 3712
3585 3436 569
7295 7569 7420
572 7295 7420
7011 7293 7295
7011 7295 7013
7013 6725 7011
7011 6725 444
6725 6568 444
6568 6437 6280
6568 6725 6437
6280 6149 5992
6280 6437 6149
5992 5861 5704
5992 6149 5861
5704 5573 5416
5704 5861 5573
5416 5285 5128
5285 5573 5575
5285 5575 5287
4997 5285 5287
4997 5287 4999
4709 4997 4999
4709 4999 4711
4421 4709 4711
4421 4711 4423
4139 4421 4423
4139 4423 573
3988 4139 573
4139 3988 571
7845 570 7696
7696 7569 7845
7420 7569 7696
7295 7293 7569
4266 4423 4554
4423 4266 573
7295 572 7144
7015 7013 7295
7015 7295 7144
574 7015 7144
6725 7013 7015
6725 7015 6727
6437 6725 6727
6437 6727 6439
6149 6437 6439
6149 6439 6151
5861 6149 6151
5861 6151 5863
5573 5861 5863
5573 5863 5575
6282 6439 6570
6153 6151 6439
6153 6439 6282
576 6153 6282
5863 6151 6153
5863 6153 5865
5575 5863 5865
5575 5865 5577
5287 5575 5577
5287 5577 5289
4999 5287 5289
4999 5289 575
4842 4999 575
4842 4711 4999
4554 4711 4842
4554 4423 4711
4669 4555 4957
4669 4267 4555
4381 4267 4669
673 4267 4381
6153 576 5994
5994 5865 6153
5706 5865 5994
5706 5577 5865
5418 5577 5706
5418 5289 5577
5130 5289 5418
5289 5130 575
7015 574 6858
6858 6727 7015
6570 6727 6858
6570 6439 6727
6859 674 6973
6973 6571 6859
6685 6571 6973
6685 6283 6571
6397 6283 6685
6397 5995 6283
6109 5995 6397
6109 5707 5995
5821 5707 6109
5821 5419 5707
5533 5419 5821
5533 5131 5419
5245 5131 5533
5245 4843 5131
4957 4843 5245
4957 4555 4843
5821 5705 5417
5533 5129 5245
5533 5417 5129
4957 5245 4959
4959 5245 533
5245 5129 533
4669 4957 4959
4669 4959 4671
4381 4669 4671
4381 4671 4383
4381 4383 4101
4381 4101 3989
673 4381 3989
4101 3713 3989
3825 3713 4101
675 3713 3825
7421 676 7533
7533 7145 7421
7257 7145 7533
7257 6975 6973
7257 6973 674
7145 7257 674
6685 6973 6975
6685 6975 6687
6397 6685 6687
6397 6687 6399
6397 6399 6109
6109 6399 5993
6399 534 5993
6109 5705 5821
6109 5993 5705
5821 5417 5533
6687 6569 6281
6399 6281 534
4959 533 4841
4959 4553 4671
4959 4841 4553
4671 4265 4383
4671 4553 4265
4101 4383 4103
4103 4383 535
4383 4265 535
3825 4101 4103
3825 4103 3827
3825 3827 3551
3825 3551 3437
675 3825 3437
677 3437 3551
3551 3553 3283
3551 3283 3171
677 3551 3171
679 3171 3283
7697 678 7811
7811 7535 7533
7811 7533 676
7697 7811 676
7257 7533 7535
7257 7535 7259
7257 7259 6975
6975 7259 6857
7259 536 6857
6975 6569 6687
6975 6857 6569
6687 6281 6399
7971 680 8083
8083 7813 7811
8083 7811 678
7971 8083 678
7535 7811 7813
7535 7813 7537
7535 7537 7259
7259 7537 7143
7537 538 7143
7259 7143 536
4103 535 3987
3827 4103 3829
3829 4103 537
4103 3987 537
3551 3827 3829
3551 3829 3553
8083 8085 7813
7813 8085 7695
8085 540 7695
7813 7419 7537
7813 7695 7419
7537 7419 538
3829 537 3711
3829 3435 3553
3829 3711 3435
3283 3553 3285
3285 3553 539
3553 3435 539
3283 3285 3021
3283 3021 2907
679 3283 2907
681 2907 3021
8085 8349 8351
8085 8351 8087
8087 540 8085
8087 542 540
3285 541 3287
3285 539 541
3021 3285 3287
3021 3287 3023
3021 3023 2759
3021 2759 2643
681 3021 2643
683 2643 2759
8235 682 8349
8349 8085 8083
8349 8083 680
8235 8349 680
8351 8353 8087
8087 8353 7969
8353 544 7969
8087 7969 542
3287 541 3169
3023 3287 3025
3025 3287 543
3287 3169 543
2759 3023 3025
2759 3025 2761
2759 685 683
2761 685 2759
8499 684 8615
8615 8351 8349
8615 8349 682
8499 8615 682
8617 8619 8353
8353 8619 8233
8619 546 8233
8353 8233 544
3025 543 2905
2761 3025 2763
2763 3025 545
3025 2905 545
2761 2763 2505
2761 2505 2389
685 2761 2389
687 2389 2505
8617 684 686
8615 684 8617
8351 8615 8617
8351 8617 8353
8879 688 690
8877 688 8879
8619 8877 8879
8619 8879 8621
8621 546 8619
8621 548 546
2763 547 2765
2763 545 547
2505 2763 2765
2505 2765 2507
2505 689 687
2507 689 2505
8761 688 8877
8877 8619 8617
8877 8617 686
8761 8877 686
2511 2767 551
2767 2641 551
2509 693 691
2511 693 2509
8881 690 692
8879 690 8881
8621 8879 8881
8621 8881 8623
8623 548 8621
8623 550 548
2765 549 2767
2765 547 549
2507 2765 2767
2507 2767 2509
2507 691 689
2509 691 2507
8885 694 696
8883 694 8885
8885 552 8883
8885 554 552
2511 553 2513
2511 551 553
2511 695 693
2513 695 2511
8883 692 694
8881 692 8883
8881 8883 8623
8623 8883 8497
8883 552 8497
8623 8497 550
2767 549 2641
2509 2767 2511
8889 698 700
8887 698 8889
8889 556 8887
8889 558 556
2515 557 2517
2515 555 557
2515 699 697
2517 699 2515
8887 696 698
8885 696 8887
8887 554 8885
8887 556 554
2513 555 2515
2513 553 555
2513 697 695
2515 697 2513
2519 2777 2779
2519 2779 2521
2519 703 701
2521 703 2519
8891 700 702
8889 700 8891
8891 8633 8889
8889 8633 558
8633 8498 558
8498 8633 560
559 2777 2642
2519 2517 2777
2777 2517 2642
2517 557 2642
2517 701 699
2519 701 2517
8637 562 8635
8637 564 562
2779 563 2781
2779 561 563
2521 2779 2781
2521 2781 2523
2521 705 703
2523 705 2521
8893 702 704
8891 702 8893
8633 8891 8893
8633 8893 8635
8635 560 8633
8635 562 560
2777 561 2779
2777 559 561
8639 8375 8637
8637 8375 564
8375 8234 564
8234 8375 566
565 3047 2906
2783 2781 3047
3047 2781 2906
2781 563 2906
2523 2781 2783
2523 2783 707
2390 2523 707
2523 2390 705
8895 704 706
8893 704 8895
8635 8893 8895
8635 8895 8637
8377 8113 8375
8375 8113 566
8113 7970 566
7970 8113 568
567 3313 3170
3049 3047 3313
3313 3047 3170
3047 565 3170
2783 3047 3049
2783 3049 2785
2783 709 707
2785 709 2783
8895 706 8762
8639 8637 8895
8639 8895 8762
708 8639 8762
8113 8377 8379
8113 8379 8115
8115 568 8113
8115 570 568
3313 569 3315
3313 567 569
3049 3313 3315
3049 3315 3051
2785 3049 3051
2785 3051 711
2644 2785 711
2785 2644 709
8641 708 710
8639 708 8641
8375 8639 8641
8375 8641 8377
7696 7847 7571
7420 7571 572
571 3863 3712
3712 3587 3436
3712 3863 3587
3317 3315 3587
3587 3315 3436
3315 569 3436
3051 3315 3317
3051 3317 713
2908 3051 713
3051 2908 711
8641 710 8500
8379 8377 8641
8379 8641 8500
712 8379 8500
4141 3863 3988
3863 571 3988
3587 3863 3865
3587 3865 3589
3317 3587 3589
3317 3589 715
3172 3317 715
3317 3172 713
8379 712 8236
8117 8115 8379
8117 8379 8236
714 8117 8236
8117 7847 8115
8115 7847 570
7847 7696 570
7696 7571 7420
3589 3865 3867
3589 3867 717
3438 3589 717
3589 3438 715
8117 714 7972
7849 7847 8117
7849 8117 7972
716 7849 7972
7571 7847 7849
7571 7849 7573
7573 7297 7571
7571 7297 572
7297 7144 572
7144 7297 574
573 4141 3988
3865 3863 4141
7017 6858 574
6858 6729 6570
6858 7017 6729
6570 6441 6282
6570 6729 6441
6282 6441 576
575 5001 4842
4842 4713 4554
4842 5001 4713
4554 4425 4266
4554 4713 4425
4143 4141 4425
4425 4141 4266
4141 573 4266
3865 4141 4143
3865 4143 3867
4425 4713 4715
4425 4715 4427
4143 4425 4427
4143 4427 719
3990 4143 719
3990 3867 4143
3714 3867 3990
3867 3714 717
7849 716 7698
7575 7573 7849
7575 7849 7698
718 7575 7698
7297 7573 7575
7297 7575 7299
7299 7017 7297
7297 7017 574
6441 6729 6731
6441 6731 6443
6443 6155 6441
6441 6155 576
6155 5994 576
5994 5867 5706
5994 6155 5867
5706 5579 5418
5706 5867 5579
5418 5291 5130
5418 5579 5291
5003 5001 5291
5291 5001 5130
5001 575 5130
4713 5001 5003
4713 5003 4715
5132 5291 5420
5132 5003 5291
4844 5003 5132
4844 4715 5003
4556 4715 4844
4556 4427 4715
4268 4427 4556
4427 4268 719
7575 718 7422
7422 7299 7575
7146 7299 7422
7019 7017 7299
7019 7299 7146
720 7019 7146
6729 7017 7019
6729 7019 6731
4953 4845 5241
4953 4557 4845
4665 4557 4953
833 4557 4665
7019 720 6860
6860 6731 7019
6572 6731 6860
6572 6443 6731
6284 6443 6572
6284 6155 6443
5996 6155 6284
5996 5867 6155
5708 5867 5996
5708 5579 5867
5420 5579 5708
5420 5291 5579
833 4665 4269
4379 3991 4269
4097 3991 4379
835 3991 4097
6573 834 6681
6681 6285 6573
6393 6285 6681
6393 5997 6285
6105 5997 6393
6105 5709 5997
5817 5709 6105
5817 5421 5709
5529 5421 5817
5529 5133 5421
5241 5133 5529
5241 4845 5133
6393 6681 6683
6393 6683 6395
6105 6393 6395
6105 6395 6107
5817 6105 6107
5817 6107 5819
5529 5817 5819
5529 5819 5531
5241 5529 5531
5241 5531 5243
4953 5241 5243
4953 5243 4955
4665 4953 4955
4665 4955 4667
4665 4667 4379
4665 4379 4269
4667 4555 4267
4097 4379 4099
4099 4379 673
4379 4267 673
4097 4099 3823
4097 3823 3715
835 4097 3715
3823 3439 3715
3547 3439 3823
837 3439 3547
7147 836 7253
7253 6861 7147
6971 6861 7253
6971 6683 6681
6971 6681 834
6861 6971 834
6971 6859 6571
6683 6283 6395
6683 6571 6283
6395 5995 6107
6395 6283 5995
6107 5707 5819
6107 5995 5707
5819 5419 5531
5819 5707 5419
5531 5131 5243
5531 5419 5131
5243 4843 4955
5243 5131 4843
4955 4555 4667
4955 4843 4555
4667 4267 4379
3549 3823 675
3823 3713 675
3547 3549 3279
3547 3279 3173
837 3547 3173
839 3173 3279
7699 838 7807
7807 7423 7699
7531 7423 7807
7531 7255 7253
7531 7253 836
7423 7531 836
7253 7255 6971
6971 7255 6859
7255 674 6859
6971 6571 6683
839 3279 2909
841 2909 3017
7973 840 8079
8079 7809 7807
8079 7807 838
7973 8079 838
7807 7809 7531
7531 7809 7421
7809 676 7421
7531 7145 7255
7531 7421 7145
7255 7145 674
4099 673 3989
4099 3713 3823
4099 3989 3713
3547 3823 3549
841 3017 2645
843 2645 2755
8237 842 8345
8345 8081 8079
8345 8079 840
8237 8345 840
8079 8081 7809
7809 8081 7697
8081 678 7697
7809 7697 676
3549 675 3437
3279 3549 3281
3281 3549 677
3549 3437 677
3279 3281 3017
3279 3017 2909
843 2755 2391
845 2391 2499
8501 844 8611
8611 8347 8345
8611 8345 842
8501 8611 842
8345 8347 8081
8081 8347 7971
8347 680 7971
8081 7971 678
3281 677 3171
3017 3281 3019
3019 3281 679
3281 3171 679
3017 3019 2755
3017 2755 2645
2499 847 845
2501 847 2499
8763 846 8871
8871 8613 8611
8871 8611 844
8763 8871 844
8611 8613 8347
8347 8613 8235
8613 682 8235
8347 8235 680
3019 679 2907
2755 3019 2757
2757 3019 681
3019 2907 681
2755 2757 2499
2755 2499 2391
2501 685 2503
2501 683 685
2501 2503 2257
2501 2257 2149
847 2501 2149
849 2149 2257
8873 846 848
8871 846 8873
8871 8873 8613
8613 8873 8499
8873 684 8499
8613 8499 682
2757 681 2643
2499 2757 2501
2501 2757 683
2757 2643 683
9121 9123 8875
8875 9123 8761
9123 688 8761
8875 8761 686
2503 685 2389
2257 2503 2259
2259 2503 687
2503 2389 687
2257 851 849
2259 851 2257
9013 850 9121
9121 8875 8873
9121 8873 848
9013 9121 848
8875 684 8873
8875 686 684
2021 855 853
2023 855 2021
9253 854 9365
9365 9125 9123
9365 9123 852
9253 9365 852
9125 688 9123
9125 690 688
2259 689 2261
2259 687 689
2259 2261 2021
2259 2021 1909
851 2259 1909
853 1909 2021
9123 850 852
9121 850 9123
2263 693 2265
2263 691 693
2023 2263 2265
2023 2265 2025
2023 857 855
2025 857 2023
9367 854 856
9365 854 9367
9125 9365 9367
9125 9367 9127
9127 690 9125
9127 692 690
2261 691 2263
2261 689 691
2021 2261 2263
2021 2263 2023
9129 9369 9371
9129 9371 9131
9131 694 9129
9131 696 694
2265 695 2267
2265 693 695
2025 2265 2267
2025 2267 2027
2025 859 857
2027 859 2025
9369 856 858
9367 856 9369
9127 9367 9369
9127 9369 9129
9129 692 9127
9129 694 692
2029 863 861
2031 863 2029
9373 860 862
9371 860 9373
9131 9371 9373
9131 9373 9133
9133 696 9131
9133 698 696
2267 697 2269
2267 695 697
2027 2267 2269
2027 2269 2029
2027 861 859
2029 861 2027
9371 858 860
9369 858 9371
2271 701 2273
2271 699 701
2031 2271 2273
2031 2273 2033
2031 865 863
2033 865 2031
9375 862 864
9373 862 9375
9133 9373 9375
9133 9375 9135
9135 698 9133
9135 700 698
2269 699 2271
2269 697 699
2029 2269 2271
2029 2271 2031
9137 9377 9379
9137 9379 9139
9139 702 9137
9139 704 702
2273 703 2275
2273 701 703
2033 2273 2275
2033 2275 2035
2033 867 865
2035 867 2033
9377 864 866
9375 864 9377
9135 9375 9377
9135 9377 9137
9137 700 9135
9137 702 700
2277 871 869
2279 871 2277
9379 868 9254
9141 9139 9379
9141 9379 9254
870 9141 9254
9141 704 9139
9141 706 704
2275 705 2277
2275 703 705
2035 2275 2277
2035 2277 869
1910 2035 869
2035 1910 867
9379 866 868
9377 866 9379
2525 709 2527
2525 707 709
2279 2525 2527
2279 2527 873
2150 2279 873
2279 2150 871
9143 870 872
9141 870 9143
9143 8897 9141
9141 8897 706
8897 8762 706
8762 8897 708
707 2525 2390
2279 2277 2525
2525 2277 2390
2277 705 2390
8901 8643 8899
8899 8643 710
8643 8500 710
8500 8643 712
711 2787 2644
2529 2527 2787
2787 2527 2644
2527 709 2644
2527 875 873
2529 875 2527
9143 872 9014
8899 8897 9143
8899 9143 9014
874 8899 9014
8899 708 8897
8899 710 708
8645 8901 8764
878 8645 8764
8645 8381 8643
8643 8381 712
8381 8236 712
8236 8381 714
713 3053 2908
2789 2787 3053
3053 2787 2908
2787 711 2908
2529 2787 2789
2529 2789 877
2392 2529 877
2529 2392 875
8901 874 876
8899 874 8901
8383 8645 8502
880 8383 8502
8383 8119 8381
8381 8119 714
8119 7972 714
7972 8119 716
715 3319 3172
3055 3053 3319
3319 3053 3172
3053 713 3172
2789 3053 3055
2789 3055 879
2646 2789 879
2789 2646 877
8901 876 8764
8645 8643 8901
8121 8383 8238
882 8121 8238
8121 7851 8119
8119 7851 716
7851 7698 716
7698 7851 718
717 3591 3438
3321 3319 3591
3591 3319 3438
3319 715 3438
3055 3319 3321
3055 3321 881
2910 3055 881
3055 2910 879
8645 878 8502
8383 8381 8645
7577 7422 718
7422 7301 7146
7422 7577 7301
7146 7301 720
719 4145 3990
3990 3869 3714
3990 4145 3869
3593 3591 3869
3869 3591 3714
3591 717 3714
3321 3591 3593
3321 3593 883
3174 3321 883
3321 3174 881
8383 880 8238
8121 8119 8383
4556 4717 4429
4147 4145 4429
4429 4145 4268
4145 719 4268
3869 4145 4147
3869 4147 885
3716 3869 885
3716 3593 3869
3440 3593 3716
3593 3440 883
8121 882 7974
7853 7851 8121
7853 8121 7974
884 7853 7974
7853 7577 7851
7851 7577 718
6860 7021 6733
6572 6445 6284
6572 6733 6445
6284 6157 5996
6284 6445 6157
5996 5869 5708
5996 6157 5869
5708 5581 5420
5708 5869 5581
5420 5293 5132
5420 5581 5293
5132 5005 4844
5132 5293 5005
4844 4717 4556
4844 5005 4717
4556 4429 4268
4429 4717 4719
4429 4719 887
4270 4429 887
4270 4147 4429
3992 4147 4270
4147 3992 885
7853 884 7700
7700 7577 7853
7424 7577 7700
7303 7301 7577
7303 7577 7424
886 7303 7424
7303 7021 7301
7301 7021 720
7021 6860 720
6860 6733 6572
6735 7021 6862
888 6735 6862
6445 6733 6735
6445 6735 6447
6157 6445 6447
6157 6447 6159
5869 6157 6159
5869 6159 5871
5581 5869 5871
5581 5871 5583
5293 5581 5583
5293 5583 5295
5005 5293 5295
5005 5295 5007
4717 5005 5007
4717 5007 4719
5998 6159 6286
5998 5871 6159
5710 5871 5998
5710 5583 5871
5422 5583 5710
5422 5295 5583
5134 5295 5422
5134 5007 5295
4846 5007 5134
4846 4719 5007
4558 4719 4846
4719 4558 887
7303 886 7148
7148 7021 7303
6862 7021 7148
6735 6733 7021
5815 5711 6103
5815 5423 5711
5527 5423 5815
5527 5135 5423
5239 5135 5527
5239 4847 5135
4951 4847 5239
4951 4559 4847
4663 4559 4951
4663 4271 4559
4375 4271 4663
1009 4271 4375
6735 888 6574
6574 6447 6735
6286 6447 6574
6286 6159 6447
4377 4663 833
4663 4557 833
4375 4377 4095
4375 4095 3993
1009 4375 3993
4095 3717 3993
3819 3717 4095
1011 3717 3819
6863 1010 6967
6967 6575 6863
6679 6575 6967
6679 6287 6575
6391 6287 6679
6391 5999 6287
6103 5999 6391
6103 5711 5999
6969 834 6573
6679 6285 6391
6679 6573 6285
6391 5997 6103
6391 6285 5997
6103 5709 5815
6103 5997 5709
5815 5421 5527
5815 5709 5421
5527 5133 5239
5527 5421 5133
5239 4845 4951
5239 5133 4845
4951 4557 4663
4951 4845 4557
4375 4663 4377
3821 4095 835
4095 3991 835
3819 3821 3545
3819 3545 3441
1011 3819 3441
3545 3175 3441
3275 3175 3545
1013 3175 3275
7425 1012 7527
7527 7149 7425
7251 7149 7527
7251 6969 6967
7251 6967 1010
7149 7251 1010
6967 6969 6679
6679 6969 6573
7975 1014 8075
8075 7701 7975
7805 7701 8075
7805 7529 7527
7805 7527 1012
7701 7805 1012
7527 7529 7251
7251 7529 7147
7529 836 7147
7251 6861 6969
7251 7147 6861
6969 6861 834
4377 833 4269
4377 3991 4095
4377 4269 3991
3819 4095 3821
8075 8077 7805
7805 8077 7699
8077 838 7699
7805 7423 7529
7805 7699 7423
7529 7423 836
3821 835 3715
3821 3439 3545
3821 3715 3439
3275 3545 3277
3277 3545 837
3545 3439 837
3275 3277 3013
3275 3013 2911
1013 3275 2911
1015 2911 3013
8341 8343 8077
8077 8343 7973
8343 840 7973
8077 7973 838
3277 837 3173
3013 3277 3015
3015 3277 839
3277 3173 839
3013 3015 2751
3013 2751 2647
1015 3013 2647
1017 2647 2751
8239 1016 8341
8341 8077 8075
8341 8075 1014
8239 8341 1014
8607 8609 8343
8343 8609 8237
8609 842 8237
8343 8237 840
3015 839 2909
2751 3015 2753
2753 3015 841
3015 2909 841
2751 2753 2495
2751 2495 2393
1017 2751 2393
1019 2393 2495
8503 1018 8607
8607 8343 8341
8607 8341 1016
8503 8607 1016
8867 8869 8609
8609 8869 8501
8869 844 8501
8609 8501 842
2753 841 2645
2495 2753 2497
2497 2753 843
2753 2645 843
2495 2497 2251
2495 2251 2151
1019 2495 2151
1021 2151 2251
8765 1020 8867
8867 8609 8607
8867 8607 1018
8765 8867 1018
9117 1022 1024
9115 1022 9117
9115 9117 8869
8869 9117 8763
9117 846 8763
8869 8763 844
2497 843 2391
2251 2497 2253
2253 2497 845
2497 2391 845
2251 1023 1021
2253 1023 2251
9015 1022 9115
9115 8869 8867
9115 8867 1020
9015 9115 1020
2017 2255 849
2255 2149 849
2015 1027 1025
2017 1027 2015
9255 1026 9359
9359 9119 9117
9359 9117 1024
9255 9359 1024
9119 846 9117
9119 848 846
2253 847 2255
2253 845 847
2253 2255 2015
2253 2015 1911
1023 2253 1911
1025 1911 2015
9363 850 9361
9363 852 850
2017 851 2019
2017 849 851
2017 2019 1785
2017 1785 1681
1027 2017 1681
1029 1681 1785
9361 1026 1028
9359 1026 9361
9359 9361 9119
9119 9361 9013
9361 850 9013
9119 9013 848
2255 847 2149
2015 2255 2017
9599 1030 1032
9597 1030 9599
9597 9599 9363
9363 9599 9253
9599 854 9253
9363 9253 852
2019 851 1909
1785 2019 1787
1787 2019 853
2019 1909 853
1785 1031 1029
1787 1031 1785
9493 1030 9597
9597 9363 9361
9597 9361 1028
9493 9597 1028
9603 1034 1036
9601 1034 9603
9603 856 9601
9603 858 856
1789 857 1791
1789 855 857
1789 1035 1033
1791 1035 1789
9601 1032 1034
9599 1032 9601
9601 854 9599
9601 856 854
1787 855 1789
1787 853 855
1787 1033 1031
1789 1033 1787
9607 1038 1040
9605 1038 9607
9607 860 9605
9607 862 860
1793 861 1795
1793 859 861
1793 1039 1037
1795 1039 1793
9605 1036 1038
9603 1036 9605
9605 858 9603
9605 860 858
1791 859 1793
1791 857 859
1791 1037 1035
1793 1037 1791
9611 1042 1044
9609 1042 9611
9611 864 9609
9611 866 864
1797 865 1799
1797 863 865
1797 1043 1041
1799 1043 1797
9609 1040 1042
9607 1040 9609
9609 862 9607
9609 864 862
1795 863 1797
1795 861 863
1795 1041 1039
1797 1041 1795
9381 9254 868
9254 9381 870
869 2037 1910
1803 1801 2037
2037 1801 1910
1801 867 1910
1801 1047 1045
1803 1047 1801
9613 1044 1046
9611 1044 9613
9613 866 9611
9613 868 866
1799 867 1801
1799 865 867
1799 1045 1043
1801 1045 1799
9615 1048 9494
9383 9381 9615
9383 9615 9494
1050 9383 9494
9383 870 9381
9383 872 870
2037 871 2039
2037 869 871
1803 2037 2039
1803 2039 1049
1682 1803 1049
1803 1682 1047
9615 1046 1048
9613 1046 9615
9615 9381 9613
9613 9381 868
2041 2281 2283
2041 2283 1053
1912 2041 1053
2041 1912 1051
9385 1050 1052
9383 1050 9385
9385 9145 9383
9383 9145 872
9145 9014 872
9014 9145 874
873 2281 2150
2041 2039 2281
2281 2039 2150
2039 871 2150
2039 1051 1049
2041 1051 2039
8903 8764 876
8764 8903 878
877 2531 2392
2285 2283 2531
2531 2283 2392
2283 875 2392
2283 1055 1053
2285 1055 2283
9385 1052 9256
9147 9145 9385
9147 9385 9256
1054 9147 9256
9147 874 9145
9147 876 874
2281 875 2283
2281 873 875
8905 8647 8903
8903 8647 878
8647 8502 878
8502 8647 880
879 2791 2646
2533 2531 2791
2791 2531 2646
2531 877 2646
2285 2531 2533
2285 2533 1057
2152 2285 1057
2285 2152 1055
9149 1054 1056
9147 1054 9149
9149 8903 9147
9147 8903 876
8649 8385 8647
8647 8385 880
8385 8238 880
8238 8385 882
881 3057 2910
2793 2791 3057
3057 2791 2910
2791 879 2910
2533 2791 2793
2533 2793 1059
2394 2533 1059
2533 2394 1057
9149 1056 9016
8905 8903 9149
8905 9149 9016
1058 8905 9016
8387 8123 8385
8385 8123 882
8123 7974 882
7974 8123 884
883 3323 3174
3059 3057 3323
3323 3057 3174
3057 881 3174
2793 3057 3059
2793 3059 1061
2648 2793 1061
2793 2648 1059
8905 1058 8766
8649 8647 8905
8649 8905 8766
1060 8649 8766
7700 7855 7579
7424 7579 886
885 3871 3716
3716 3595 3440
3716 3871 3595
3325 3323 3595
3595 3323 3440
3323 883 3440
3059 3323 3325
3059 3325 1063
2912 3059 1063
3059 2912 1061
8649 1060 8504
8387 8385 8649
8387 8649 8504
1062 8387 8504
4149 3871 3992
3871 885 3992
3595 3871 3873
3595 3873 1065
3442 3595 1065
3442 3325 3595
3176 3325 3442
3325 3176 1063
8387 1062 8240
8125 8123 8387
8125 8387 8240
1064 8125 8240
8125 7855 8123
8123 7855 884
7855 7700 884
7700 7579 7424
8125 1064 7976
7976 7855 8125
7702 7855 7976
7581 7579 7855
7581 7855 7702
1066 7581 7702
7581 7305 7579
7579 7305 886
7305 7148 886
7148 7023 6862
7148 7305 7023
6862 7023 888
887 4431 4270
4270 4149 3992
4270 4431 4149
3873 3871 4149
5710 5873 5585
5422 5297 5134
5422 5585 5297
5134 5009 4846
5134 5297 5009
4846 4721 4558
4846 5009 4721
4433 4431 4721
4721 4431 4558
4431 887 4558
4149 4431 4433
4149 4433 1067
3994 4149 1067
3994 3873 4149
3718 3873 3994
3873 3718 1065
7581 1066 7426
7426 7305 7581
7150 7305 7426
7025 7023 7305
7025 7305 7150
1068 7025 7150
7025 6737 7023
7023 6737 888
6737 6574 888
6574 6449 6286
6574 6737 6449
6286 6161 5998
6286 6449 6161
5998 5873 5710
5998 6161 5873
5710 5585 5422
6288 6449 6576
6288 6161 6449
6000 6161 6288
6000 5873 6161
5712 5873 6000
5712 5585 5873
5424 5585 5712
5424 5297 5585
5136 5297 5424
5136 5009 5297
4848 5009 5136
4848 4721 5009
4560 4721 4848
4560 4433 4721
4272 4433 4560
4433 4272 1067
5813 5713 6101
5813 5425 5713
5525 5425 5813
5525 5137 5425
5237 5137 5525
5237 4849 5137
4949 4849 5237
4949 4561 4849
4661 4561 4949
4661 4273 4561
4373 4273 4661
1197 4273 4373
7025 1068 6864
6864 6737 7025
6576 6737 6864
6576 6449 6737
4373 4271 4093
3995 4373 4093
1197 4373 3995
4093 3719 3995
3817 3719 4093
3817 3443 3719
3541 3443 3817
1199 3443 3541
6865 1198 6965
6965 6577 6865
6677 6577 6965
6677 6289 6577
6389 6289 6677
6389 6001 6289
6101 6001 6389
6101 5713 6001
6677 6575 6287
6389 5999 6101
6389 6287 5999
6101 5711 5813
6101 5999 5711
5813 5423 5525
5813 5711 5423
5525 5135 5237
5525 5423 5135
5237 4847 4949
5237 5135 4847
4949 4559 4661
4949 4847 4559
4661 4271 4373
4661 4559 4271
4271 1009 4093
3541 3543 3273
3541 3273 3177
1199 3541 3177
1201 3177 3273
7703 1200 7801
7801 7427 7703
7525 7427 7801
7525 7151 7427
7249 7151 7525
6863 6965 1010
6965 1198 1010
1198 7249 1010
1198 7151 7249
6965 6575 6677
6965 6863 6575
6677 6287 6389
7977 1202 8073
8073 7803 7801
8073 7801 1200
7977 8073 1200
7801 7803 7525
7525 7803 7425
7803 1012 7425
7525 7149 7249
7525 7425 7149
7249 7149 1010
4093 1009 3993
4093 3717 3817
4093 3993 3717
3541 3817 3543
3543 3817 1011
3817 3717 1011
8073 1202 1014
1202 8339 1014
1202 8241 8339
8073 7701 7803
8073 7975 7701
7803 7701 1012
3543 1011 3441
3543 3175 3273
3543 3441 3175
3175 1013 3011
3273 3175 3011
2913 3273 3011
1201 3273 2913
3011 2649 2913
2747 2649 3011
1203 2649 2747
8603 8605 8339
8339 8605 8239
8605 1016 8239
8339 8239 1014
3011 1013 2911
2747 3011 2749
2749 3011 1015
3011 2911 1015
2747 2749 2491
2747 2491 2395
1203 2747 2395
1205 2395 2491
8505 1204 8603
8603 8241 8505
8339 8241 8603
7975 8073 1014
8863 8865 8605
8605 8865 8503
8865 1018 8503
8605 8503 1016
2749 1015 2647
2491 2749 2493
2493 2749 1017
2749 2647 1017
2491 2493 2247
2491 2247 2153
1205 2491 2153
1207 2153 2247
8767 1206 8863
8863 8605 8603
8863 8603 1204
8767 8863 1204
9113 1208 1210
9111 1208 9113
9111 9113 8865
8865 9113 8765
9113 1020 8765
8865 8765 1018
2493 1017 2393
2247 2493 2249
2249 2493 1019
2493 2393 1019
2247 1209 1207
2249 1209 2247
9017 1208 9111
9111 8865 8863
9111 8863 1206
9017 9111 1206
2011 2013 1779
2011 1779 1683
1211 2011 1683
1213 1683 1779
9257 1212 9355
9015 9113 1022
9113 1210 1022
1210 9355 1022
1210 9257 9355
9113 9015 1020
2249 1019 2151
2151 1021 2011
2249 2151 2011
1913 2249 2011
1209 2249 1913
1211 1913 2011
9593 1026 9255
9357 9255 1024
2013 1023 1911
1779 2013 1781
1781 2013 1025
2013 1911 1025
1779 1215 1213
1781 1215 1779
9495 1214 9591
9591 9357 9355
9591 9355 1212
9495 9591 1212
9357 1022 9355
9357 1024 1022
2011 1023 2013
2011 1021 1023
1783 1681 1563
1465 1783 1563
1217 1783 1465
1219 1465 1563
9595 1216 1218
9593 1216 9595
9595 1026 9593
9595 1028 1026
1781 1027 1783
1781 1025 1027
1781 1217 1215
1783 1217 1781
9593 1214 1216
9591 1214 9593
9591 9593 9357
9357 9593 9255
9821 1220 1222
9819 1220 9821
9821 1030 9819
9821 1032 1030
1563 1031 1565
1563 1029 1031
1563 1221 1219
1565 1221 1563
9721 1220 9819
9493 9595 1030
9595 1218 1030
1218 9819 1030
1218 9721 9819
9595 9493 1028
1783 1027 1681
1681 1029 1563
9825 1224 1226
9823 1224 9825
9825 1034 9823
9825 1036 1034
1567 1035 1569
1567 1033 1035
1567 1225 1223
1569 1225 1567
9823 1222 1224
9821 1222 9823
9823 1032 9821
9823 1034 1032
1565 1033 1567
1565 1031 1033
1565 1223 1221
1567 1223 1565
9829 1228 1230
9827 1228 9829
9829 1038 9827
9829 1040 1038
1571 1039 1573
1571 1037 1039
1571 1229 1227
1573 1229 1571
9827 1226 1228
9825 1226 9827
9827 1036 9825
9827 1038 1036
1569 1037 1571
1569 1035 1037
1569 1227 1225
1571 1227 1569
9833 1232 1234
9831 1232 9833
9833 1042 9831
9833 1044 1042
1575 1043 1577
1575 1041 1043
1575 1233 1231
1577 1233 1575
9831 1230 1232
9829 1230 9831
9831 1040 9829
9831 1042 1040
1573 1041 1575
1573 1039 1041
1573 1231 1229
1575 1231 1573
9837 1236 1238
9835 1236 9837
9837 1046 9835
9837 1048 1046
1579 1047 1581
1579 1045 1047
1579 1237 1235
1581 1237 1579
9835 1234 1236
9833 1234 9835
9835 1044 9833
9835 1046 1044
1577 1045 1579
1577 1043 1045
1577 1235 1233
1579 1235 1577
1805 1051 1807
1805 1049 1051
1805 1241 1239
1807 1241 1805
9837 1238 9722
1240 9617 9494
9722 1240 9494
1048 9722 9494
9837 9722 1048
9494 9617 1050
1049 1805 1682
1466 1581 1047
1239 1466 1047
1682 1239 1047
1805 1239 1682
1581 1466 1237
9621 1242 1244
9619 1242 9621
9621 9387 9619
9619 9387 1052
9387 9256 1052
9256 9387 1054
1053 2043 1912
1809 1807 2043
2043 1807 1912
1807 1051 1912
1807 1243 1241
1809 1243 1807
9619 1240 1242
9617 1240 9619
9619 1050 9617
9619 1052 1050
1247 1914 1055
2152 1247 1055
2287 1247 2152
2045 1914 1245
9621 1244 9496
9389 9387 9621
9389 9621 9496
1246 9389 9496
9389 1054 9387
9389 1056 1054
2043 1055 2045
2043 1053 1055
1809 2043 2045
1809 2045 1245
1684 1809 1245
1809 1684 1243
8907 8766 1058
8766 8907 1060
1059 2535 2394
2289 2287 2535
2535 2287 2394
2287 1057 2394
2287 1249 1247
2289 1249 2287
9389 1246 9258
1248 9151 9016
9258 1248 9016
1056 9258 9016
9389 9258 1056
9016 9151 1058
1057 2287 2152
1914 2045 1055
8909 8651 8907
8907 8651 1060
8651 8504 1060
8504 8651 1062
1061 2795 2648
2537 2535 2795
2795 2535 2648
2535 1059 2648
2289 2535 2537
2289 2537 1251
2154 2289 1251
2289 2154 1249
9153 1248 1250
9151 1248 9153
9153 8907 9151
9151 8907 1058
8653 8389 8651
8651 8389 1062
8389 8240 1062
8240 8389 1064
1063 3061 2912
2797 2795 3061
3061 2795 2912
2795 1061 2912
2537 2795 2797
2537 2797 1253
2396 2537 1253
2537 2396 1251
9153 1250 9018
8909 8907 9153
8909 9153 9018
1252 8909 9018
7976 8127 7857
7702 7857 1066
1065 3597 3442
3442 3327 3176
3442 3597 3327
2914 3061 1063
1255 2914 1063
3176 1255 1063
3327 1255 3176
2914 2797 3061
2650 2797 2914
2797 2650 1253
8909 1252 8768
8653 8651 8909
8653 8909 8768
1254 8653 8768
3994 4151 3875
3599 3597 3875
3875 3597 3718
3597 1065 3718
3327 3597 3599
3327 3599 1257
3178 3327 1257
3327 3178 1255
8653 1254 8506
8506 8389 8653
8242 8389 8506
1256 8127 7976
8242 1256 7976
1064 8242 7976
8389 8242 1064
7976 7857 7702
3720 3875 3996
3720 3599 3875
3444 3599 3720
3599 3444 1257
8127 1256 7978
7859 7857 8127
7859 8127 7978
1258 7859 7978
7859 7583 7857
7857 7583 1066
7583 7426 1066
7426 7307 7150
7426 7583 7307
7150 7307 1068
1067 4151 3994
3994 3875 3718
6000 6163 5875
5712 5587 5424
5712 5875 5587
5424 5299 5136
5424 5587 5299
5136 5011 4848
5136 5299 5011
4848 4723 4560
4848 5011 4723
4560 4435 4272
4560 4723 4435
3996 4151 1067
1259 3996 1067
4272 1259 1067
4435 1259 4272
3996 3875 4151
7859 1258 7704
7704 7583 7859
7428 7583 7704
7428 7307 7583
7152 7307 7428
1260 7027 6864
7152 1260 6864
1068 7152 6864
7307 7152 1068
6864 6739 6576
6864 7027 6739
6576 6451 6288
6576 6739 6451
6288 6163 6000
6288 6451 6163
6000 5875 5712
6290 6451 6578
6290 6163 6451
6002 6163 6290
6002 5875 6163
5714 5875 6002
5714 5587 5875
5426 5587 5714
5426 5299 5587
5138 5299 5426
5138 5011 5299
4850 5011 5138
4850 4723 5011
4562 4723 4850
4562 4435 4723
4274 4435 4562
4435 4274 1259
5523 5427 5811
5523 5139 5427
5235 5139 5523
5235 4851 5139
4947 4851 5235
4947 4563 4851
4659 4563 4947
4659 4275 4563
4371 4275 4659
4371 3997 4275
4089 3997 4371
1397 3997 4089
7027 1260 6866
6866 6739 7027
6578 6739 6866
6578 6451 6739
1397 4089 3721
3815 3445 3721
3539 3445 3815
1399 3445 3539
7153 1398 7245
7245 6867 7153
6963 6867 7245
6963 6579 6867
6675 6579 6963
6675 6291 6579
6387 6291 6675
6387 6003 6291
6099 6003 6387
6099 5715 6003
5811 5715 6099
5811 5427 5715
6099 6001 5713
5811 5425 5523
5811 5713 5425
5523 5137 5235
5523 5425 5137
5235 4849 4947
5235 5137 4849
4947 4561 4659
4947 4849 4561
4659 4273 4371
4659 4561 4273
4089 4371 4091
4091 4371 1197
4371 4273 1197
4089 4091 3815
4089 3815 3721
7705 1400 7799
7799 7429 7705
7523 7429 7799
7523 7247 7245
7523 7245 1398
7429 7523 1398
7245 7247 6963
6963 7247 6865
7247 1198 6865
6963 6577 6675
6963 6865 6577
6675 6289 6387
6675 6577 6289
6387 6001 6099
6387 6289 6001
6099 5713 5811
7799 7703 7427
7523 7151 7247
7523 7427 7151
7247 7151 1198
4091 1197 3995
4091 3719 3815
4091 3995 3719
3815 3443 3539
3815 3719 3443
3443 1199 3271
3539 3443 3271
3179 3539 3271
1399 3539 3179
3271 2915 3179
3007 2915 3271
1401 2915 3007
3271 1199 3177
3007 3271 3009
3009 3271 1201
3271 3177 1201
3007 3009 2745
3007 2745 2651
1401 3007 2651
1403 2651 2745
8243 1402 8335
8335 7979 8243
8071 7979 8335
7703 7799 1200
7799 1400 1200
1400 8071 1200
1400 7979 8071
7799 7427 7523
3009 1201 2913
3009 2649 2745
3009 2913 2649
2649 1203 2489
2745 2649 2489
2397 2745 2489
1403 2745 2397
1405 2397 2489
8507 1404 8601
8601 8337 8335
8601 8335 1402
8507 8601 1402
8335 8337 8071
8071 8337 7977
8337 1202 7977
8071 7977 1200
1406 9019 9109
8861 8767 1204
2489 1203 2395
2395 1205 2245
2489 2395 2245
2155 2489 2245
1405 2489 2155
1407 2155 2245
8769 1406 8861
8505 8601 1204
8601 1404 1204
1404 8861 1204
1404 8769 8861
8601 8241 8337
8601 8505 8241
8337 8241 1202
9259 1410 9351
9017 9109 1208
9109 1408 1208
1408 9351 1208
1408 9259 9351
9109 9017 1206
2245 1205 2153
2153 1207 2007
2245 2153 2007
1915 2245 2007
1407 2245 1915
1409 1915 2007
9019 1408 9109
8767 8861 1206
8861 1406 1206
1406 9109 1206
1777 2009 1211
2009 1913 1211
1775 1413 1411
1777 1413 1775
9497 1412 9587
9587 9353 9351
9587 9351 1410
9497 9587 1410
9353 1208 9351
9353 1210 1208
2007 1209 2009
2007 1207 1209
2007 2009 1775
2007 1775 1685
1409 2007 1685
1411 1685 1775
1414 9723 9813
9589 9495 1212
1777 1211 1683
1683 1213 1557
1777 1683 1557
1467 1777 1557
1413 1777 1467
1415 1467 1557
9589 1412 1414
9587 1412 9589
9587 9589 9353
9353 9589 9257
9589 1212 9257
9353 9257 1210
2009 1209 1913
1775 2009 1777
1559 1561 1351
1559 1351 1261
1417 1559 1261
1419 1261 1351
9815 1416 1418
9813 1416 9815
9815 1214 9813
9815 1216 1214
1557 1215 1559
1557 1213 1215
1557 1417 1415
1559 1417 1557
9723 1416 9813
9495 9589 1214
9589 1414 1214
1414 9813 1214
10029 1220 9721
9817 9721 1218
1561 1217 1465
1351 1561 1353
1353 1561 1219
1561 1465 1219
1351 1421 1419
1353 1421 1351
9937 1420 10027
10027 9817 9815
10027 9815 1418
9937 10027 1418
9817 1216 9815
9817 1218 1216
1559 1217 1561
1559 1215 1217
1355 1223 1357
1355 1221 1223
1355 1425 1423
1357 1425 1355
10031 1422 1424
10029 1422 10031
10031 1220 10029
10031 1222 1220
1353 1221 1355
1353 1219 1221
1353 1423 1421
1355 1423 1353
10029 1420 1422
10027 1420 10029
10027 10029 9817
9817 10029 9721
1359 1227 1361
1359 1225 1227
1359 1429 1427
1361 1429 1359
10035 1426 1428
10033 1426 10035
10035 1224 10033
10035 1226 1224
1357 1225 1359
1357 1223 1225
1357 1427 1425
1359 1427 1357
10033 1424 1426
10031 1424 10033
10033 1222 10031
10033 1224 1222
1363 1231 1365
1363 1229 1231
1363 1433 1431
1365 1433 1363
10039 1430 1432
10037 1430 10039
10039 1228 10037
10039 1230 1228
1361 1229 1363
1361 1227 1229
1361 1431 1429
1363 1431 1361
10037 1428 1430
10035 1428 10037
10037 1226 10035
10037 1228 1226
1367 1235 1369
1367 1233 1235
1367 1437 1435
1369 1437 1367
10043 1434 1436
10041 1434 10043
10043 1232 10041
10043 1234 1232
1365 1233 1367
1365 1231 1233
1365 1435 1433
1367 1435 1365
10041 1432 1434
10039 1432 10041
10041 1230 10039
10041 1232 1230
1583 1371 1466
1371 1237 1466
1371 1441 1439
1373 1441 1371
10047 1438 1440
10045 1438 10047
10047 1236 10045
10047 1238 1236
1369 1237 1371
1369 1235 1237
1369 1439 1437
1371 1439 1369
10045 1436 1438
10043 1436 10045
10045 1234 10043
10045 1236 1234
9841 1240 9839
9841 1242 1240
1583 1241 1585
1583 1239 1241
1373 1583 1585
1373 1585 1443
1262 1373 1443
1373 1262 1441
10049 1440 1442
10047 1440 10049
10049 9839 10047
10047 9839 1238
9839 9722 1238
9722 9839 1240
1239 1583 1466
1373 1371 1583
1447 1468 1243
1684 1447 1243
1811 1447 1684
1587 1468 1445
9843 1444 1446
9841 1444 9843
9843 1242 9841
9843 1244 1242
1585 1243 1587
1585 1241 1243
1585 1445 1443
1587 1445 1585
10049 1442 9938
9841 9839 10049
9841 10049 9938
1444 9841 9938
9391 9258 1246
9258 9391 1248
1247 2047 1914
1813 1811 2047
2047 1811 1914
1811 1245 1914
1811 1449 1447
1813 1449 1811
9843 1446 9724
1448 9623 9496
9724 1448 9496
1244 9724 9496
9843 9724 1244
9496 9623 1246
1245 1811 1684
1468 1587 1243
9625 1450 9498
9393 9391 9625
9393 9625 9498
1452 9393 9498
9393 1248 9391
9393 1250 1248
2047 1249 2049
2047 1247 1249
1813 2047 2049
1813 2049 1451
1686 1813 1451
1813 1686 1449
9625 1448 1450
9623 1448 9625
9625 9391 9623
9623 9391 1246
1455 2156 1251
2396 1455 1251
2539 1455 2396
2291 2156 1453
9393 1452 9260
1454 9155 9018
9260 1454 9018
1250 9260 9018
9393 9260 1250
9018 9155 1252
1251 2291 2154
1916 2049 1249
1453 1916 1249
2154 1453 1249
2291 1453 2154
2049 1916 1451
1255 3063 2914
2914 2799 2650
2914 3063 2799
2398 2539 1253
1457 2398 1253
2650 1457 1253
2799 1457 2650
2539 2398 1455
9155 1454 9020
1456 8911 8768
9020 1456 8768
1252 9020 8768
9155 9020 1252
8768 8911 1254
1253 2539 2396
2156 2291 1251
1257 3329 3178
3065 3063 3329
3329 3063 3178
3063 1255 3178
2799 3063 3065
2799 3065 1459
2652 2799 1459
2799 2652 1457
8911 1456 8770
1458 8655 8506
8770 1458 8506
1254 8770 8506
8911 8770 1254
8506 8391 8242
8506 8655 8391
8242 8391 1256
3720 3877 3601
3180 3329 1257
1461 3180 1257
3444 1461 1257
3601 1461 3444
3180 3065 3329
2916 3065 3180
3065 2916 1459
8655 1458 8508
8393 8391 8655
8393 8655 8508
1460 8393 8508
8393 8129 8391
8391 8129 1256
8129 7978 1256
7978 8129 1258
8393 1460 8244
8244 8129 8393
7980 8129 8244
1462 7861 7704
7980 1462 7704
1258 7980 7704
8129 7980 1258
7704 7585 7428
7704 7861 7585
7428 7309 7152
7428 7585 7309
7152 7309 1260
1259 4153 3996
3996 3877 3720
3996 4153 3877
3720 3601 3444
5426 5589 5301
5138 5013 4850
5138 5301 5013
4850 4725 4562
4850 5013 4725
4562 4437 4274
4562 4725 4437
4155 4153 4437
4437 4153 4274
4153 1259 4274
3877 4153 4155
3877 4155 1463
3722 3877 1463
3722 3601 3877
3446 3601 3722
3601 3446 1461
7311 7585 7430
1464 7311 7430
7311 7029 7309
7309 7029 1260
7029 6866 1260
6866 6741 6578
6866 7029 6741
6578 6453 6290
6578 6741 6453
6290 6165 6002
6290 6453 6165
6002 5877 5714
6002 6165 5877
5714 5589 5426
5714 5877 5589
5426 5301 5138
5428 5589 5716
5428 5301 5589
5140 5301 5428
5140 5013 5301
4852 5013 5140
4852 4725 5013
4564 4725 4852
4564 4437 4725
4276 4437 4564
4276 4155 4437
3998 4155 4276
4155 3998 1463
7861 1462 7706
7706 7585 7861
7430 7585 7706
7311 7309 7585
4657 4565 4945
4657 4277 4565
4369 4277 4657
1609 4277 4369
7311 1464 7154
7154 7029 7311
6868 7029 7154
6868 6741 7029
6580 6741 6868
6580 6453 6741
6292 6453 6580
6292 6165 6453
6004 6165 6292
6004 5877 6165
5716 5877 6004
5716 5589 5877
6869 1610 6961
6961 6581 6869
6673 6581 6961
6673 6293 6581
6385 6293 6673
6385 6005 6293
6097 6005 6385
6097 5717 6005
5809 5717 6097
5809 5429 5717
5521 5429 5809
5521 5141 5429
5233 5141 5521
5233 4853 5141
4945 4853 5233
4945 4565 4853
5521 5427 5139
5233 4851 4945
5233 5139 4851
4945 4563 4657
4945 4851 4563
4657 4275 4369
4657 4563 4275
3997 3999 4275
4275 3999 4369
3999 1609 4369
3723 3999 3997
3723 3997 1397
3813 3723 1397
3813 3447 3723
3537 3447 3813
1611 3447 3537
7153 7431 7521
1398 7153 7521
7153 6867 7155
7155 6867 1610
6867 6961 1610
6961 6579 6673
6961 6867 6579
6673 6291 6385
6673 6579 6291
6385 6003 6097
6385 6291 6003
6097 5715 5809
6097 6003 5715
5809 5427 5521
5809 5715 5427
5521 5139 5233
7797 7705 7429
7521 7429 1398
3813 1397 3721
3813 3445 3537
3813 3721 3445
3445 1399 3269
3537 3445 3269
3181 3537 3269
1611 3537 3181
3269 2917 3181
3005 2917 3269
1613 2917 3005
7707 1612 7797
7797 7431 7707
7521 7431 7797
7153 7155 7431
3269 1399 3179
3269 2915 3005
3269 3179 2915
2915 1401 2743
3005 2915 2743
2653 3005 2743
1613 3005 2653
1615 2653 2743
8245 1614 8333
8333 7981 8245
8069 7981 8333
7705 7797 1400
7797 1612 1400
1612 8069 1400
1612 7981 8069
7797 7429 7521
1616 8771 8859
8599 8507 1402
2743 1401 2651
2651 1403 2487
2743 2651 2487
2399 2743 2487
1615 2743 2399
1617 2399 2487
8509 1616 8599
8243 8333 1402
8333 1614 1402
1614 8599 1402
1614 8509 8599
8333 7979 8069
8333 8243 7979
8069 7979 1400
9021 1620 9107
8769 8859 1406
8859 1618 1406
1618 9107 1406
1618 9021 9107
8859 8769 1404
2487 1403 2397
2397 1405 2243
2487 2397 2243
2157 2487 2243
1617 2487 2157
1619 2157 2243
8771 1618 8859
8507 8599 1404
8599 1616 1404
1616 8859 1404
2005 1915 1773
1687 2005 1773
1621 2005 1687
1623 1687 1773
9261 1622 9349
9019 9107 1408
9107 1620 1408
1620 9349 1408
1620 9261 9349
9107 9019 1406
2243 1405 2155
2155 1407 2005
2243 2155 2005
1917 2243 2005
1619 2243 1917
1621 1917 2005
1624 9725 9809
9585 9497 1410
1773 1409 1685
1685 1411 1553
1773 1685 1553
1469 1773 1553
1623 1773 1469
1625 1469 1553
9499 1624 9585
9259 9349 1410
9349 1622 1410
1622 9585 1410
1622 9499 9585
9349 9259 1408
2005 1407 1915
1915 1409 1773
1555 1467 1347
1263 1555 1347
1627 1555 1263
1629 1263 1347
9811 1626 1628
9809 1626 9811
9811 1412 9809
9811 1414 1412
1553 1413 1555
1553 1411 1413
1553 1627 1625
1555 1627 1553
9725 1626 9809
9497 9585 1412
9585 1624 1412
1624 9809 1412
10025 1630 1632
10023 1630 10025
10025 1416 10023
10025 1418 1416
1347 1417 1349
1347 1415 1417
1347 1631 1629
1349 1631 1347
9939 1630 10023
9723 9811 1416
9811 1628 1416
1628 10023 1416
1628 9939 10023
9811 9723 1414
1555 1413 1467
1467 1415 1347
10141 1636 10227
1420 1634 1422
1422 1634 10227
1634 10141 10227
1419 1421 1633
1633 1421 1069
1421 1155 1069
1635 1069 1155
1632 1634 1420
1632 1420 9937
10025 1632 9937
10025 9937 1418
1349 1417 1261
1419 1633 1631
1419 1631 1349
1261 1419 1349
10231 1638 1640
10229 1638 10231
10231 1424 10229
10231 1426 1424
1157 1425 1159
1157 1423 1425
1157 1639 1637
1159 1639 1157
10229 1636 1638
10227 1636 10229
10229 1422 10227
10229 1424 1422
1155 1423 1157
1155 1421 1423
1155 1637 1635
1157 1637 1155
10235 1642 1644
10233 1642 10235
10235 1428 10233
10235 1430 1428
1161 1429 1163
1161 1427 1429
1161 1643 1641
1163 1643 1161
10233 1640 1642
10231 1640 10233
10233 1426 10231
10233 1428 1426
1159 1427 1161
1159 1425 1427
1159 1641 1639
1161 1641 1159
10239 1646 1648
10237 1646 10239
10239 1432 10237
10239 1434 1432
1165 1433 1167
1165 1431 1433
1165 1647 1645
1167 1647 1165
10237 1644 1646
10235 1644 10237
10237 1430 10235
10237 1432 1430
1163 1431 1165
1163 1429 1431
1163 1645 1643
1165 1645 1163
10243 1650 1652
10241 1650 10243
10243 1436 10241
10243 1438 1436
1169 1437 1171
1169 1435 1437
1169 1651 1649
1171 1651 1169
10241 1648 1650
10239 1648 10241
10241 1434 10239
10241 1436 1434
1167 1435 1169
1167 1433 1435
1167 1649 1647
1169 1649 1167
10245 1654 10142
1442 1440 1656
1656 1440 10142
1440 10245 10142
1441 1655 1439
1439 1655 1173
1655 1070 1173
1173 1070 1653
10245 1652 1654
10243 1652 10245
10245 1438 10243
10245 1440 1438
1171 1439 1173
1171 1437 1439
1171 1653 1651
1173 1653 1171
10053 1658 1660
10051 1658 10053
10053 1444 10051
10053 1446 1444
1375 1445 1377
1375 1443 1445
1375 1659 1657
1377 1659 1375
1442 1656 1658
1442 1658 10051
9938 1442 10051
9938 10051 1444
1443 1375 1262
1657 1655 1441
1657 1441 1262
1375 1657 1262
1589 1449 1591
1589 1447 1449
1589 1663 1661
1591 1663 1589
10053 1660 9940
1662 9845 9724
9940 1662 9724
1446 9940 9724
10053 9940 1446
9724 9845 1448
1447 1589 1468
1264 1377 1445
1661 1264 1445
1468 1661 1445
1589 1661 1468
1377 1264 1659
9847 1664 9726
1666 9627 9498
9726 1666 9498
1450 9726 9498
9847 9726 1450
9498 9627 1452
1451 1815 1686
1470 1591 1449
1665 1470 1449
1686 1665 1449
1815 1665 1686
1591 1470 1663
9847 1662 1664
9845 1662 9847
9847 1448 9845
9847 1450 1448
1669 1918 1453
2156 1669 1453
2293 1669 2156
2051 1918 1667
9627 1666 9500
1668 9395 9260
9500 1668 9260
1452 9500 9260
9627 9500 1452
9260 9395 1454
1453 2051 1916
1688 1815 1451
1667 1688 1451
1916 1667 1451
2051 1667 1916
1815 1688 1665
9157 9022 1456
8770 8913 1458
1457 2541 2398
2158 2293 1455
1671 2158 1455
2398 1671 1455
2541 1671 2398
2293 2158 1669
9395 1668 9262
1670 9157 9020
9262 1670 9020
1454 9262 9020
9395 9262 1454
9020 9157 1456
1455 2293 2156
1918 2051 1453
8913 1672 8772
1674 8657 8508
8772 1674 8508
1458 8772 8508
8913 8772 1458
8508 8657 1460
1459 2801 2652
2400 2541 1457
1673 2400 1457
2652 1673 1457
2801 1673 2652
2541 2400 1671
9157 1670 9022
1672 8913 8770
9022 1672 8770
1456 9022 8770
8657 1674 8510
1676 8395 8244
8510 1676 8244
1460 8510 8244
8657 8510 1460
8244 8131 7980
8244 8395 8131
7980 8131 1462
1461 3331 3180
3180 3067 2916
3180 3331 3067
2654 2801 1459
1675 2654 1459
2916 1675 1459
3067 1675 2916
2801 2654 1673
7982 1678 7706
1462 7982 7706
8131 7982 1462
7706 7587 7430
7706 7863 7587
7430 7587 1464
1463 3879 3722
3722 3603 3446
3722 3879 3603
3182 3331 1461
1677 3182 1461
3446 1677 1461
3603 1677 3446
3182 3067 3331
2918 3067 3182
3067 2918 1675
4852 5015 4727
4564 4439 4276
4564 4727 4439
3998 4276 4000
4000 4276 1679
4276 4439 1679
3998 4000 3724
3998 3724 3879
1463 3998 3879
3724 3603 3879
3448 3603 3724
3603 3448 1677
8395 1676 8246
8246 8131 8395
7982 8131 8246
1678 7863 7706
7156 1680 7031
6868 6743 6580
6868 7031 6743
6580 6455 6292
6580 6743 6455
6292 6167 6004
6292 6455 6167
6004 5879 5716
6004 6167 5879
5716 5591 5428
5716 5879 5591
5428 5303 5140
5428 5591 5303
5140 5015 4852
5140 5303 5015
4852 4727 4564
5142 5303 5430
5142 5015 5303
4854 5015 5142
4854 4727 5015
4566 4727 4854
4566 4439 4727
4278 4439 4566
4439 4278 1679
7863 1678 7708
7708 7587 7863
7432 7587 7708
7432 7156 7154
7432 7154 1464
7587 7432 1464
7154 7156 6868
6868 7156 7031
4655 4567 4943
4655 4279 4567
4367 4279 4655
1833 4279 4367
7031 1680 6870
6870 6743 7031
6582 6743 6870
6582 6455 6743
6294 6455 6582
6294 6167 6455
6006 6167 6294
6006 5879 6167
5718 5879 6006
5718 5591 5879
5430 5591 5718
5430 5303 5591
6871 1834 6959
6959 6583 6871
6671 6583 6959
6671 6295 6583
6383 6295 6671
6383 6007 6295
6095 6007 6383
6095 5719 6007
5807 5719 6095
5807 5431 5719
5519 5431 5807
5519 5143 5431
5231 5143 5519
5231 4855 5143
4943 4855 5231
4943 4567 4855
5519 5429 5141
5231 4853 4943
5231 5141 4853
4943 4565 4655
4943 4853 4565
4655 4277 4367
4655 4565 4277
4277 1609 4087
4367 4277 4087
4001 4367 4087
1833 4367 4001
4087 3725 4001
3811 3725 4087
3811 3449 3725
3535 3449 3811
1835 3449 3535
7243 7157 7519
6869 6959 1610
6959 1834 1610
1834 7243 1610
1834 7157 7243
6959 6581 6671
6959 6869 6581
6671 6293 6383
6671 6581 6293
6383 6005 6095
6383 6293 6005
6095 5717 5807
6095 6005 5717
5807 5429 5519
5807 5717 5429
5519 5141 5231
4087 1609 3999
4087 3723 3811
4087 3999 3723
3811 3447 3535
3811 3723 3447
3447 1611 3267
3535 3447 3267
3183 3535 3267
1835 3535 3183
3267 2919 3183
3003 2919 3267
1837 2919 3003
7709 1836 7795
7795 7433 7709
7519 7433 7795
7519 7157 7433
3003 2917 2741
2655 3003 2741
1837 3003 2655
1839 2655 2741
8247 1838 8331
8331 7983 8247
8067 7983 8331
7707 7795 1612
7795 1836 1612
1836 8067 1612
1836 7983 8067
7795 7431 7519
7795 7707 7431
7519 7155 7243
7519 7431 7155
7243 7155 1610
2741 2653 2485
2401 2741 2485
1839 2741 2401
1841 2401 2485
8511 1840 8597
8245 8331 1614
8331 1838 1614
1838 8597 1614
1838 8511 8597
8331 7981 8067
8331 8245 7981
8067 7981 1612
3267 1611 3181
3267 2917 3003
3267 3181 2917
2917 1613 2741
2485 1615 2399
2399 1617 2241
2485 2399 2241
2159 2485 2241
1841 2485 2159
2241 1919 2159
2001 1919 2241
1843 1919 2001
8773 1842 8857
8509 8597 1616
8597 1840 1616
1840 8857 1616
1840 8773 8857
8597 8509 1614
2741 1613 2653
2653 1615 2485
9347 1620 9021
9105 9021 1618
2241 1617 2157
2001 2241 2003
2003 2241 1619
2241 2157 1619
2001 1845 1843
2003 1845 2001
9263 1844 9345
9345 9023 9263
9105 9023 9345
8771 8857 1618
8857 1842 1618
1842 9105 1618
1842 9023 9105
8857 8771 1616
9501 1848 9583
9261 9347 1622
9347 1846 1622
1846 9583 1622
1846 9501 9583
9347 9261 1620
2003 1619 1917
1917 1621 1771
2003 1917 1771
1689 2003 1771
1845 2003 1689
1847 1689 1771
9347 1844 1846
9345 1844 9347
9345 9347 9105
9105 9347 9021
1551 1469 1343
1265 1551 1343
1849 1551 1265
1851 1265 1343
9727 1850 9807
9499 9583 1624
9583 1848 1624
1848 9807 1624
1848 9727 9807
9583 9499 1622
1771 1621 1687
1687 1623 1551
1771 1687 1551
1471 1771 1551
1847 1771 1471
1849 1471 1551
10021 1852 1854
10019 1852 10021
10021 1626 10019
10021 1628 1626
1343 1627 1345
1343 1625 1627
1343 1853 1851
1345 1853 1343
9941 1852 10019
9725 9807 1626
9807 1850 1626
1850 10019 1626
1850 9941 10019
9807 9725 1624
1551 1623 1469
1469 1625 1343
1149 1631 1151
1149 1629 1631
1149 1857 1855
1151 1857 1149
10143 1856 10221
9939 10021 1630
10021 1854 1630
1854 10221 1630
1854 10143 10221
10021 9939 1628
1345 1627 1263
1263 1629 1149
1345 1263 1149
1071 1345 1149
1853 1345 1071
1855 1071 1149
1153 1069 969
889 1153 969
1859 1153 889
1861 889 969
10225 1858 1860
10223 1858 10225
10225 1632 10223
10225 1634 1632
1151 1633 1153
1151 1631 1633
1151 1859 1857
1153 1859 1151
10223 1856 1858
10221 1856 10223
10223 1630 10221
10223 1632 1630
10415 1862 1864
10413 1862 10415
10415 1636 10413
10415 1638 1636
969 1637 971
969 1635 1637
969 1863 1861
971 1863 969
10333 1862 10413
10141 10225 1636
10225 1860 1636
1860 10413 1636
1860 10333 10413
10225 10141 1634
1153 1633 1069
1069 1635 969
10419 1866 1868
10417 1866 10419
10419 1640 10417
10419 1642 1640
973 1641 975
973 1639 1641
973 1867 1865
975 1867 973
10417 1864 1866
10415 1864 10417
10417 1638 10415
10417 1640 1638
971 1639 973
971 1637 1639
971 1865 1863
973 1865 971
10423 1870 1872
10421 1870 10423
10423 1644 10421
10423 1646 1644
977 1645 979
977 1643 1645
977 1871 1869
979 1871 977
10421 1868 1870
10419 1868 10421
10421 1642 10419
10421 1644 1642
975 1643 977
975 1641 1643
975 1869 1867
977 1869 975
10427 1874 1876
10425 1874 10427
10427 1648 10425
10427 1650 1648
981 1649 983
981 1647 1649
981 1875 1873
983 1875 981
10425 1872 1874
10423 1872 10425
10425 1646 10423
10425 1648 1646
979 1647 981
979 1645 1647
979 1873 1871
981 1873 979
10431 1878 1880
10429 1878 10431
10431 1652 10429
10431 1654 1652
985 1653 987
985 1651 1653
985 1879 1877
987 1879 985
10429 1876 1878
10427 1876 10429
10429 1650 10427
10429 1652 1650
983 1651 985
983 1649 1651
983 1877 1875
985 1877 983
1175 1657 1177
1175 1655 1657
1175 1883 1881
1177 1883 1175
10431 1880 10334
1882 10247 10142
10334 1882 10142
1654 10334 10142
10431 10334 1654
10142 10247 1656
1655 1175 1070
890 987 1653
1881 890 1653
1070 1881 1653
1175 1881 1070
987 890 1879
1887 1072 1659
1264 1887 1659
1379 1887 1264
1179 1072 1885
10251 1884 1886
10249 1884 10251
10251 1658 10249
10251 1660 1658
1177 1659 1179
1177 1657 1659
1177 1885 1883
1179 1885 1177
10249 1882 1884
10247 1882 10249
10249 1656 10247
10249 1658 1656
10057 1888 1890
10055 1888 10057
10057 1662 10055
10057 1664 1662
1379 1663 1381
1379 1661 1663
1379 1889 1887
1381 1889 1379
10251 1886 10144
1888 10055 9940
10144 1888 9940
1660 10144 9940
10251 10144 1660
9940 10055 1662
1661 1379 1264
1072 1179 1659
1893 1472 1665
1688 1893 1665
1817 1893 1688
1593 1472 1891
10057 1890 9942
1892 9849 9726
9942 1892 9726
1664 9942 9726
10057 9942 1664
9726 9849 1666
1665 1593 1470
1266 1381 1663
1891 1266 1663
1470 1891 1663
1593 1891 1470
1381 1266 1889
9629 9502 1668
9262 9397 1670
1669 2053 1918
1690 1817 1667
1895 1690 1667
1918 1895 1667
2053 1895 1918
1817 1690 1893
9849 1892 9728
1894 9629 9500
9728 1894 9500
1666 9728 9500
9849 9728 1666
9500 9629 1668
1667 1817 1688
1472 1593 1665
9399 1896 1898
9397 1896 9399
9399 9159 9397
9397 9159 1670
9159 9022 1670
9022 9159 1672
1671 2295 2158
2055 2053 2295
2295 2053 2158
2053 1669 2158
2053 1897 1895
2055 1897 2053
9629 1894 9502
1896 9397 9262
9502 1896 9262
1668 9502 9262
9399 1898 9264
9264 9159 9399
9024 9159 9264
1900 8915 8772
9024 1900 8772
1672 9024 8772
9159 9024 1672
8772 8915 1674
1673 2543 2400
2160 2295 1671
1899 2160 1671
2400 1899 1671
2543 1899 2400
2160 2055 2295
1920 2055 2160
2055 1920 1897
1903 2656 1675
2918 1903 1675
3069 1903 2918
2803 2656 1901
8915 1900 8774
1902 8659 8510
8774 1902 8510
1674 8774 8510
8915 8774 1674
8510 8659 1676
1675 2803 2654
2402 2543 1673
1901 2402 1673
2654 1901 1673
2803 1901 2654
2543 2402 1899
3605 1905 3448
3184 3069 3333
2920 3069 3184
3069 2920 1903
8659 1902 8512
1904 8397 8246
8512 1904 8246
1676 8512 8246
8659 8512 1676
8246 8133 7982
8246 8397 8133
7982 8133 1678
1677 3333 3182
3182 3069 2918
3182 3333 3069
2656 2803 1675
7984 1906 7708
1678 7984 7708
8133 7984 1678
7708 7589 7432
7708 7865 7589
7432 7313 7156
7432 7589 7313
7156 7313 1680
1679 4157 4000
4000 3881 3724
4000 4157 3881
3724 3605 3448
3724 3881 3605
3184 3333 1677
1905 3184 1677
3448 1905 1677
4854 5017 4729
4566 4441 4278
4566 4729 4441
4002 4157 1679
1907 4002 1679
4278 1907 1679
4441 1907 4278
4002 3881 4157
3726 3881 4002
3726 3605 3881
3450 3605 3726
3605 3450 1905
8397 1904 8248
8248 8133 8397
7984 8133 8248
1906 7865 7708
7313 7158 1680
6870 6745 6582
6870 7033 6745
6582 6457 6294
6582 6745 6457
6294 6169 6006
6294 6457 6169
6006 5881 5718
6006 6169 5881
5718 5593 5430
5718 5881 5593
5430 5305 5142
5430 5593 5305
5142 5017 4854
5142 5305 5017
4854 4729 4566
5144 5305 5432
5144 5017 5305
4856 5017 5144
4856 4729 5017
4568 4729 4856
4568 4441 4729
4280 4441 4568
4441 4280 1907
7865 1906 7710
7710 7589 7865
7434 7589 7710
7434 7313 7589
7158 7313 7434
1908 7033 6870
7158 1908 6870
1680 7158 6870
4941 4857 5229
4941 4569 4857
4653 4569 4941
2069 4569 4653
7033 1908 6872
6872 6745 7033
6584 6745 6872
6584 6457 6745
6296 6457 6584
6296 6169 6457
6008 6169 6296
6008 5881 6169
5720 5881 6008
5720 5593 5881
5432 5593 5720
5432 5305 5593
4085 4003 1833
4085 3727 4003
3809 3727 4085
2071 3727 3809
6585 2070 6669
6669 6297 6585
6381 6297 6669
6381 6009 6297
6093 6009 6381
6093 5721 6009
5805 5721 6093
5805 5433 5721
5517 5433 5805
5517 5145 5433
5229 5145 5517
5229 4857 5145
6381 6295 6007
6093 5719 5805
6093 6007 5719
5805 5431 5517
5805 5719 5431
5517 5143 5229
5517 5431 5143
5229 4855 4941
5229 5143 4855
4941 4567 4653
4941 4855 4567
4279 4281 4567
4567 4281 4653
4281 2069 4653
4003 4281 4279
4003 4279 1833
3185 3451 3449
3185 3449 1835
3265 3185 1835
2073 3185 3265
7435 2072 7517
7517 7159 7435
7241 7159 7517
6871 6873 7159
6871 7159 7241
1834 6871 7241
6871 6583 6873
6873 6583 2070
6583 6669 2070
6669 6295 6381
6669 6583 6295
6381 6007 6093
7985 2074 8065
7709 7711 7985
7709 7985 8065
1836 7709 8065
7709 7433 7711
7711 7433 2072
7433 7517 2072
7517 7157 7241
7517 7433 7157
7241 7157 1834
4085 1833 4001
4085 3725 3809
4085 4001 3725
3449 3451 3725
3725 3451 3809
3451 2071 3809
8513 2076 8595
8247 8249 8513
8247 8513 8595
1838 8247 8595
8247 7983 8249
8249 7983 2074
7983 8065 2074
8065 7983 1836
3265 1835 3183
2919 2921 3183
3183 2921 3265
2921 2073 3265
2657 2921 2919
2657 2919 1837
2739 2657 1837
2075 2657 2739
2077 2483 2161
2239 1921 2161
1999 1921 2239
2079 1921 1999
8775 2078 8855
8511 8595 1840
8595 2076 1840
2076 8855 1840
2076 8775 8855
8595 8511 1838
2739 1837 2655
2655 1839 2483
2739 2655 2483
2403 2739 2483
2075 2739 2403
2077 2403 2483
1999 1919 1767
1691 1999 1767
2079 1999 1691
2081 1691 1767
9265 2080 9343
9343 9025 9265
9103 9025 9343
8773 8855 1842
8855 2078 1842
2078 9103 1842
2078 9025 9103
8855 8773 1840
2483 1839 2401
2401 1841 2239
2483 2401 2239
2161 2483 2239
1767 1845 1769
1767 1843 1845
1767 2083 2081
1769 2083 1767
9503 2082 9579
9263 9343 1844
9343 2080 1844
2080 9579 1844
2080 9503 9579
9343 9023 9103
9343 9263 9023
9103 9023 1842
2239 1841 2159
2239 1919 1999
2239 2159 1919
1919 1843 1767
9729 2086 9805
9501 9581 1848
9581 2084 1848
2084 9805 1848
2084 9729 9805
9581 9501 1846
1769 1845 1689
1689 1847 1549
1769 1689 1549
1473 1769 1549
2083 1769 1473
2085 1473 1549
9581 2082 2084
9579 2082 9581
9581 1844 9579
9581 1846 1844
1341 1849 1265
1851 2089 2087
1851 2087 1341
1265 1851 1341
9943 2088 10017
9727 9805 1850
9805 2086 1850
2086 10017 1850
2086 9943 10017
9805 9727 1848
1549 1847 1471
1471 1849 1341
1549 1471 1341
1267 1549 1341
2085 1549 1267
2087 1267 1341
1147 1853 1071
1855 2093 2091
1855 2091 1147
1071 1855 1147
10145 2092 10219
1852 2090 1854
1854 2090 10219
2090 10145 10219
1851 1853 2089
2089 1853 1073
1853 1147 1073
2091 1073 1147
2088 2090 1852
2088 1852 9941
10017 2088 9941
10017 9941 1850
965 1859 967
965 1857 1859
965 2097 2095
967 2097 965
10335 2096 10409
1856 2094 1858
1858 2094 10409
2094 10335 10409
1855 1857 2093
2093 1857 891
1857 965 891
2095 891 965
2092 2094 1856
2092 1856 10143
10219 2092 10143
10219 10143 1854
1861 1863 2099
2099 1863 721
1863 797 721
2101 721 797
2098 2100 1862
2098 1862 10333
10411 2098 10333
10411 10333 1860
967 1859 889
1861 2099 2097
1861 2097 967
889 1861 967
10411 2096 2098
10409 2096 10411
10411 1858 10409
10411 1860 1858
799 1867 801
799 1865 1867
799 2105 2103
801 2105 799
10591 2102 2104
10589 2102 10591
10591 1864 10589
10591 1866 1864
797 1865 799
797 1863 1865
797 2103 2101
799 2103 797
10513 2102 10589
1862 2100 1864
1864 2100 10589
2100 10513 10589
803 1871 805
803 1869 1871
803 2109 2107
805 2109 803
10595 2106 2108
10593 2106 10595
10595 1868 10593
10595 1870 1868
801 1869 803
801 1867 1869
801 2107 2105
803 2107 801
10593 2104 2106
10591 2104 10593
10593 1866 10591
10593 1868 1866
807 1875 809
807 1873 1875
807 2113 2111
809 2113 807
10599 2110 2112
10597 2110 10599
10599 1872 10597
10599 1874 1872
805 1873 807
805 1871 1873
805 2111 2109
807 2111 805
10597 2108 2110
10595 2108 10597
10597 1870 10595
10597 1872 1870
1879 2117 1877
1877 2117 811
2117 722 811
811 722 2115
10603 2114 2116
10601 2114 10603
10603 1876 10601
10603 1878 1876
809 1877 811
809 1875 1877
809 2115 2113
811 2115 809
10601 2112 2114
10599 2112 10601
10601 1874 10599
10601 1876 1874
989 1883 991
989 1881 1883
989 2121 2119
991 2121 989
1880 2118 2120
1880 2120 10433
10334 1880 10433
10334 10433 1882
1881 989 890
2119 2117 1879
2119 1879 890
989 2119 890
10603 2116 10514
1880 1878 2118
2118 1878 10514
1878 10603 10514
1887 1181 1072
2125 2123 1885
2125 1885 1072
1181 2125 1072
10435 2122 10336
1886 1884 2124
2124 1884 10336
1884 10435 10336
1885 2123 1883
1883 2123 991
2123 892 991
991 892 2121
10435 2120 2122
10433 2120 10435
10435 1882 10433
10435 1884 1882
1891 1383 1266
2129 2127 1889
2129 1889 1266
1383 2129 1266
10253 2126 10146
1890 1888 2128
2128 1888 10146
1888 10253 10146
1889 2127 1887
1887 2127 1181
2127 1074 1181
1181 1074 2125
1886 2124 2126
1886 2126 10253
10144 1886 10253
10144 10253 1888
10059 2130 9944
2132 9851 9728
9944 2132 9728
1892 9944 9728
10059 9944 1892
9728 9851 1894
1893 1595 1472
1268 1383 1891
2131 1268 1891
1472 2131 1891
1595 2131 1472
1383 1268 2129
1890 2128 2130
1890 2130 10059
9942 1890 10059
9942 10059 1892
1819 1897 1821
1819 1895 1897
1819 2135 2133
1821 2135 1819
9851 2132 9730
2134 9631 9502
9730 2134 9502
1894 9730 9502
9851 9730 1894
9502 9631 1896
1895 1819 1690
1474 1595 1893
2133 1474 1893
1690 2133 1893
1819 2133 1690
1595 1474 2131
9633 9504 1898
9264 9161 9024
9264 9401 9161
9024 9161 1900
1899 2297 2160
2160 2057 1920
2160 2297 2057
1692 1821 1897
2137 1692 1897
1920 2137 1897
2057 2137 1920
1821 1692 2135
9633 2134 2136
9631 2134 9633
9633 1896 9631
9633 1898 1896
9026 2140 8774
1900 9026 8774
9161 9026 1900
8774 8917 1902
1901 2545 2402
2162 2297 1899
2139 2162 1899
2402 2139 1899
2545 2139 2402
2162 2057 2297
1922 2057 2162
2057 1922 2137
9633 2136 9504
2138 9401 9264
9504 2138 9264
1898 9504 9264
8917 2140 8776
2142 8661 8512
8776 2142 8512
1902 8776 8512
8917 8776 1902
8512 8661 1904
1903 2805 2656
2404 2545 1901
2141 2404 1901
2656 2141 1901
2805 2141 2656
2545 2404 2139
9401 2138 9266
9266 9161 9401
9026 9161 9266
2140 8917 8774
8661 2142 8514
8514 8250 8248
8514 8248 1904
8661 8514 1904
8248 8250 7984
7984 8250 8135
8250 2144 8135
7984 8135 1906
1905 3335 3184
2920 3184 2922
2922 3184 2143
3184 3335 2143
2920 2922 2658
2920 2658 2805
1903 2920 2805
2805 2658 2141
7710 7712 7434
7434 7712 7591
7712 2146 7591
7434 7315 7158
7434 7591 7315
7158 7315 1908
1907 4159 4002
4002 3883 3726
4002 4159 3883
3450 3726 3452
3452 3726 2145
3726 3883 2145
3450 3452 3186
3450 3186 3335
1905 3450 3335
3335 3186 2143
5144 5307 5019
4856 4731 4568
4856 5019 4731
4280 4568 4282
4282 4568 2147
4568 4731 2147
4280 4282 4004
4280 4004 4159
1907 4280 4159
4004 3883 4159
3728 3883 4004
3883 3728 2145
8135 2144 7986
7986 7712 7710
7986 7710 1906
8135 7986 1906
7160 6872 1908
7315 7160 1908
6872 6874 6584
6584 6874 6747
6874 2148 6747
6584 6459 6296
6584 6747 6459
6296 6171 6008
6296 6459 6171
6008 5883 5720
6008 6171 5883
5720 5595 5432
5720 5883 5595
5432 5307 5144
5432 5595 5307
5144 5019 4856
6010 6171 6298
6010 5883 6171
5722 5883 6010
5722 5595 5883
5434 5595 5722
5434 5307 5595
5146 5307 5434
5146 5019 5307
4858 5019 5146
4858 4731 5019
4570 4731 4858
4731 4570 2147
7591 2146 7436
7436 7315 7591
7160 7315 7436
7160 6874 6872
5435 5433 5147
5147 5433 5145
5147 5145 4859
4859 5145 4857
4859 4857 4571
4571 4857 4569
4283 4571 4569
4283 4569 2069
4365 4283 2069
4365 4005 4283
4083 4005 4365
2309 4005 4083
6747 2148 6586
6586 6459 6747
6298 6459 6586
6298 6171 6459
3263 3187 3533
2311 3187 3263
7161 2310 7239
7239 6875 7161
6957 6875 7239
6585 6587 6875
6585 6875 6957
2070 6585 6957
6587 6585 6299
6299 6585 6297
6299 6297 6011
6011 6297 6009
6011 6009 5723
5723 6009 5721
5723 5721 5435
5435 5721 5433
7435 7159 7437
7437 7159 2310
7159 7239 2310
7239 6873 6957
7239 7159 6873
6957 6873 2070
4365 2069 4281
4365 4003 4083
4365 4281 4003
3727 3729 4003
4003 3729 4083
3729 2309 4083
3453 3729 3727
3453 3727 2071
3533 3453 2071
3533 3187 3453
3533 2071 3451
3533 3185 3263
3533 3451 3185
3185 2073 3001
3263 3185 3001
2923 3263 3001
2311 3263 2923
3001 2659 2923
2737 2659 3001
2313 2659 2737
7987 2312 8063
8063 7713 7987
7793 7713 8063
7435 7437 7713
7435 7713 7793
2072 7435 7793
3001 2921 2657
2657 2075 2481
2737 2657 2481
2405 2737 2481
2313 2737 2405
2315 2405 2481
8515 2314 8593
8593 8251 8515
8329 8251 8593
7985 8063 2074
8063 2312 2074
2312 8329 2074
2312 8251 8329
8063 7711 7793
8063 7985 7711
7793 7711 2072
2481 2075 2403
2403 2077 2237
2481 2403 2237
2163 2481 2237
2315 2481 2163
2317 2163 2237
8777 2316 8853
8513 8593 2076
8593 2314 2076
2314 8853 2076
2314 8777 8853
8593 8249 8329
8593 8513 8249
8329 8249 2074
3001 2073 2921
3001 2657 2737
9265 9025 9267
9267 9025 2318
9025 9101 2318
9101 9025 2078
2237 2077 2161
1921 1923 2161
2161 1923 2237
1923 2317 2237
2079 1923 1921
2319 1923 2079
9027 2318 9101
8775 8853 2078
8853 2316 2078
2316 9101 2078
2316 9027 9101
8853 8775 2076
2084 2322 9803
2322 9731 9803
2081 2083 2321
2321 2083 1475
2083 1547 1475
2323 1475 1547
9503 2322 2082
9505 2322 9503
9503 2320 9505
9503 2080 2320
2079 1693 2319
2079 1691 1693
2081 1693 1691
2321 1693 2081
9265 2320 2080
9267 2320 9265
2325 1339 1075
2327 1075 1143
9945 2326 10015
9729 9803 2086
9803 2324 2086
2324 10015 2086
2324 9945 10015
9803 9729 2084
1547 2083 1473
1473 2085 1339
1547 1473 1339
1269 1547 1339
2323 1547 1269
2325 1269 1339
9731 2324 9803
2082 2322 2084
10217 2088 10215
10217 2090 2088
1143 2089 1145
1143 2087 2089
1143 2329 2327
1145 2329 1143
10147 2328 10215
9943 10015 2088
10015 2326 2088
2326 10215 2088
2326 10147 10215
10015 9943 2086
1339 2085 1267
1267 2087 1143
1339 1267 1143
1075 1339 1143
961 2333 2331
963 2333 961
10337 2332 10405
10145 10217 2092
10217 2330 2092
2330 10405 2092
2330 10337 10405
10217 10145 2090
1145 2089 1073
1073 2091 961
1145 1073 961
893 1145 961
2329 1145 893
2331 893 961
10217 2328 2330
10215 2328 10217
2097 793 723
2337 723 793
2334 2336 2096
2334 2096 10335
10407 2334 10335
10407 10335 2094
963 2093 891
2095 2335 2333
2095 2333 963
891 2095 963
10407 2332 2334
10405 2332 10407
10407 2092 10405
10407 2094 2092
961 2093 963
961 2091 2093
2101 2339 795
721 2101 795
10587 2338 2340
10585 2338 10587
10587 2098 10585
10587 2100 2098
793 2099 795
793 2097 2099
793 2339 2337
795 2339 793
10515 2338 10585
2096 2336 2098
2098 2336 10585
2336 10515 10585
2095 2097 2335
2335 2097 723
2347 2345 2105
2347 2105 2107
2344 2346 2104
2104 2346 2106
2345 2343 2103
2345 2103 2105
2342 2344 2102
2102 2344 2104
2343 2341 2101
2343 2101 2103
2340 2342 2102
2340 2102 10513
10587 2340 10513
10587 10513 2100
795 2099 721
2101 2341 2339
2355 2353 2113
2355 2113 2115
2352 2354 2112
2112 2354 2114
2353 2351 2111
2353 2111 2113
2350 2352 2110
2110 2352 2112
2351 2349 2109
2351 2109 2111
2348 2350 2108
2108 2350 2110
2349 2347 2107
2349 2107 2109
2346 2348 2106
2106 2348 2108
10607 2118 10605
10607 2120 2118
813 2119 815
813 2117 2119
813 2359 2357
815 2359 813
2116 2356 2358
2116 2358 10605
10514 2116 10605
10514 10605 2118
2117 813 722
2357 2355 2115
2357 2115 722
813 2357 722
2354 2356 2114
2114 2356 2116
10336 2122 10437
10336 10437 2124
2123 993 892
2363 2361 2121
2363 2121 892
993 2363 892
10607 2360 10516
2122 2120 2362
2362 2120 10516
2120 10607 10516
2121 2361 2119
2119 2361 815
2361 724 815
815 724 2359
10607 2358 2360
10605 2358 10607
2127 1183 1074
894 995 2125
2367 894 2125
1074 2367 2125
1183 2367 1074
995 894 2365
10439 2364 2366
10437 2364 10439
10439 2124 10437
10439 2126 2124
993 2125 995
993 2123 2125
993 2365 2363
995 2365 993
2122 2362 2364
2122 2364 10437
1385 2371 1268
1185 1076 2369
10257 2368 2370
10255 2368 10257
10257 2128 10255
10257 2130 2128
1183 2129 1185
1183 2127 2129
1183 2369 2367
1185 2369 1183
10439 2366 10338
2368 10255 10146
10338 2368 10146
2126 10338 10146
10439 10338 2126
10146 10255 2128
2133 1597 1474
1270 1385 2131
2373 1270 2131
1474 2373 2131
1597 2373 1474
1385 1270 2371
10257 2370 10148
2372 10061 9944
10148 2372 9944
2130 10148 9944
10257 10148 2130
9944 10061 2132
2131 1385 1268
1076 1185 2129
2371 1076 2129
1268 2371 2129
2375 1692 1694
2135 1692 2375
9853 2374 9732
2136 2134 2376
2376 2134 9732
2134 9853 9732
2135 2375 2133
2133 2375 1597
2375 1476 1597
1597 1476 2373
10061 2372 9946
2374 9853 9730
9946 2374 9730
2132 9946 9730
10061 9946 2132
9730 9853 2134
9266 9268 9026
9026 9268 9163
9268 2380 9163
9026 9163 2140
2139 2299 2162
1922 2162 1924
1924 2162 2379
2162 2299 2379
2377 1922 1924
2137 1922 2377
9506 2136 2376
9504 2136 9506
9506 2138 9504
9506 2378 2138
2377 1692 2137
2377 1694 1692
2807 2383 2658
2547 2406 2381
9163 2380 9028
2382 8919 8776
9028 2382 8776
2140 9028 8776
9163 9028 2140
8776 8919 2142
2141 2547 2404
2164 2299 2139
2381 2164 2139
2404 2381 2139
2547 2381 2404
2299 2164 2379
9268 2138 2378
9266 2138 9268
2660 2807 2924
2807 2660 2383
8919 2382 8778
2384 8663 8514
8778 2384 8514
2142 8778 8514
8919 8778 2142
8514 8399 8250
8514 8663 8399
8250 8399 2144
2143 3071 2922
2922 2807 2658
2922 3071 2807
2406 2547 2141
2383 2406 2141
2658 2383 2141
8252 8399 8516
2386 8137 7986
8252 2386 7986
2144 8252 7986
8399 8252 2144
7986 7867 7712
7986 8137 7867
7712 7867 2146
2145 3607 3452
3452 3337 3186
3452 3607 3337
2924 3071 2143
2385 2924 2143
3186 2385 2143
3337 2385 3186
2924 2807 3071
7160 7317 7035
6874 7035 2148
2147 4443 4282
4282 4161 4004
4282 4443 4161
3728 4004 3730
3730 4004 2387
4004 4161 2387
3728 3730 3454
3728 3454 3607
2145 3728 3607
3454 3337 3607
3188 3337 3454
3337 3188 2385
8663 2384 8516
8516 8399 8663
4570 4572 4284
4570 4284 4443
2147 4570 4443
4284 4161 4443
4006 4161 4284
4161 4006 2387
8137 2386 7988
7988 7867 8137
7714 7867 7988
7714 7438 7436
7714 7436 2146
7867 7714 2146
7436 7438 7160
7160 7438 7317
7438 2388 7317
7160 7035 6874
6876 6586 2148
7035 6876 2148
6586 6588 6300
6586 6300 6298
6298 6300 6012
6298 6012 6010
6010 6012 5724
6010 5724 5722
5722 5724 5436
5722 5436 5434
5434 5436 5148
5434 5148 5146
5146 5148 4860
5146 4860 4858
4858 4860 4572
4858 4572 4570
5803 5725 6091
5803 5437 5725
5515 5437 5803
5515 5149 5437
5227 5149 5515
5227 4861 5149
4939 4861 5227
4939 4573 4861
4651 4573 4939
4651 4285 4573
4363 4285 4651
2557 4285 4363
7317 2388 7162
7162 7035 7317
6876 7035 7162
6876 6588 6586
4283 4007 4363
4007 2557 4363
3731 4007 4005
3731 4005 2309
3807 3731 2309
3807 3455 3731
3531 3455 3807
2559 3455 3531
6877 2558 6955
6955 6589 6877
6667 6589 6955
6667 6301 6589
6379 6301 6667
6379 6013 6301
6091 6013 6379
6091 5725 6013
6667 6587 6299
6379 6011 6091
6379 6299 6011
6091 5723 5803
6091 6011 5723
5803 5435 5515
5803 5723 5435
5515 5147 5227
5515 5435 5147
5227 4859 4939
5227 5147 4859
4939 4571 4651
4939 4859 4571
4651 4283 4363
4651 4571 4283
4005 4007 4283
2925 3189 3187
2925 3187 2311
2999 2925 2311
2561 2925 2999
7715 2560 7791
7791 7439 7715
7515 7439 7791
7161 7163 7439
7161 7439 7515
2310 7161 7515
7161 6875 7163
7163 6875 2558
6875 6955 2558
6955 6587 6667
6955 6875 6587
6667 6299 6379
8253 2562 8327
7987 7989 8253
7987 8253 8327
2312 7987 8327
7987 7713 7989
7989 7713 2560
7713 7791 2560
7791 7437 7515
7791 7713 7437
7515 7437 2310
3807 2309 3729
3807 3453 3531
3807 3729 3453
3187 3189 3453
3453 3189 3531
3189 2559 3531
8779 2564 8851
8515 8517 8779
8515 8779 8851
2314 8515 8851
8515 8251 8517
8517 8251 2562
8251 8327 2562
8327 8251 2312
2999 2311 2923
2659 2661 2923
2923 2661 2999
2661 2561 2999
2407 2661 2659
2407 2659 2313
2479 2407 2313
2563 2407 2479
2235 2163 1997
1925 2235 1997
2565 2235 1925
2567 1925 1997
9029 2566 9099
8777 8851 2316
8851 2564 2316
2564 9099 2316
2564 9029 9099
8851 8777 2314
2479 2313 2405
2405 2315 2235
2479 2405 2235
2165 2479 2235
2563 2479 2165
2565 2165 2235
2568 9507 9577
9341 9267 2318
1997 2317 1923
1923 2319 1765
1997 1923 1765
1695 1997 1765
2567 1997 1695
2569 1695 1765
9269 2568 9341
9027 9099 2318
9099 2566 2318
2566 9341 2318
2566 9269 9341
9099 9027 2316
2235 2315 2163
2163 2317 1997
9733 2572 9801
9505 9577 2322
9577 2570 2322
2570 9801 2322
2570 9733 9801
9577 9505 2320
1765 2319 1693
1693 2321 1545
1765 1693 1545
1477 1765 1545
2569 1765 1477
2571 1477 1545
9507 2570 9577
9267 9341 2320
9341 2568 2320
2568 9577 2320
1337 1269 1141
1077 1337 1141
2573 1337 1077
2575 1077 1141
9947 2574 10013
9731 9801 2324
9801 2572 2324
2572 10013 2324
2572 9947 10013
9801 9731 2322
1545 2321 1475
1475 2323 1337
1545 1475 1337
1271 1545 1337
2571 1545 1271
2573 1271 1337
2576 2578 2328
2576 2328 10147
10213 2576 10147
10213 10147 2326
1141 2325 1075
2327 2577 2575
2327 2575 1141
1075 2327 1141
10149 2576 10213
9945 10013 2326
10013 2574 2326
2574 10213 2326
2574 10149 10213
10013 9945 2324
1337 2323 1269
1269 2325 1141
2580 2582 2332
2580 2332 10337
10403 2580 10337
10403 10337 2330
959 2329 893
2331 2581 2579
2331 2579 959
893 2331 959
10339 2580 10403
2328 2578 2330
2330 2578 10403
2578 10339 10403
2327 2329 2577
2577 2329 895
2329 959 895
2579 895 959
10583 2584 2586
10581 2584 10583
10583 2334 10581
10583 2336 2334
789 2335 791
789 2333 2335
789 2585 2583
791 2585 789
10517 2584 10581
2332 2582 2334
2334 2582 10581
2582 10517 10581
2331 2333 2581
2581 2333 725
2333 789 725
2583 725 789
10681 2590 10743
2338 2588 2340
2340 2588 10743
2588 10681 10743
2337 2339 2587
2587 2339 577
2339 639 577
2589 577 639
2586 2588 2338
2586 2338 10515
10583 2586 10515
10583 10515 2336
791 2335 723
2337 2587 2585
2337 2585 791
723 2337 791
10747 2592 2594
10745 2592 10747
10747 2342 10745
10747 2344 2342
641 2343 643
641 2341 2343
641 2593 2591
643 2593 641
10745 2590 2592
10743 2590 10745
10745 2340 10743
10745 2342 2340
639 2341 641
639 2339 2341
639 2591 2589
641 2591 639
10751 2596 2598
10749 2596 10751
10751 2346 10749
10751 2348 2346
645 2347 647
645 2345 2347
645 2597 2595
647 2597 645
10749 2594 2596
10747 2594 10749
10749 2344 10747
10749 2346 2344
643 2345 645
643 2343 2345
643 2595 2593
645 2595 643
10755 2600 2602
10753 2600 10755
10755 2350 10753
10755 2352 2350
649 2351 651
649 2349 2351
649 2601 2599
651 2601 649
10753 2598 2600
10751 2598 10753
10753 2348 10751
10753 2350 2348
647 2349 649
647 2347 2349
647 2599 2597
649 2599 647
10759 2604 2606
10757 2604 10759
10759 2354 10757
10759 2356 2354
653 2355 655
653 2353 2355
653 2605 2603
655 2605 653
10757 2602 2604
10755 2602 10757
10757 2352 10755
10757 2354 2352
651 2353 653
651 2351 2353
651 2603 2601
653 2603 651
10761 2608 10682
2360 2358 2610
2610 2358 10682
2358 10761 10682
2359 2609 2357
2357 2609 657
2609 578 657
657 578 2607
10761 2606 2608
10759 2606 10761
10761 2356 10759
10761 2358 2356
655 2357 657
655 2355 2357
655 2607 2605
657 2607 655
10611 2612 2614
10609 2612 10611
10611 2362 10609
10611 2364 2362
817 2363 819
817 2361 2363
817 2613 2611
819 2613 817
2360 2610 2612
2360 2612 10609
10516 2360 10609
10516 10609 2362
2361 817 724
2611 2609 2359
2611 2359 724
817 2611 724
2366 2616 2618
2366 2618 10441
10338 2366 10441
10338 10441 2368
2367 997 894
2617 2615 2365
2617 2365 894
997 2617 894
10611 2614 10518
2366 2364 2616
2616 2364 10518
2364 10611 10518
2365 2615 2363
2363 2615 819
2615 726 819
819 726 2613
2370 2620 2622
2370 2622 10259
10148 2370 10259
10148 10259 2372
2371 1187 1076
2621 2619 2369
2621 2369 1076
1187 2621 1076
10441 2618 10340
2370 2368 2620
2620 2368 10340
2368 10441 10340
2369 2619 2367
2367 2619 997
2619 896 997
997 896 2617
2625 1272 2373
1476 2625 2373
1599 2625 1476
1387 1272 2623
10259 2622 10150
2624 10063 9946
10150 2624 9946
2372 10150 9946
10259 10150 2372
9946 10063 2374
2373 1387 1270
1078 1187 2371
2623 1078 2371
1270 2623 2371
1387 2623 1270
1187 1078 2621
9855 9734 2376
9506 9635 2378
2377 1823 1694
1478 1599 2375
2627 1478 2375
1694 2627 2375
1823 2627 1694
1599 1478 2625
10063 2624 9948
2626 9855 9732
9948 2626 9732
2374 9948 9732
10063 9948 2374
9732 9855 2376
2375 1599 1476
1272 1387 2373
9635 2628 9508
2630 9403 9268
9508 2630 9268
2378 9508 9268
9635 9508 2378
9268 9403 2380
2379 2059 1924
1696 1823 2377
2629 1696 2377
1924 2629 2377
2059 2629 1924
1823 1696 2627
9855 2626 9734
2628 9635 9506
9734 2628 9506
2376 9734 9506
2633 2166 2381
2406 2633 2381
2549 2633 2406
2301 2166 2631
9403 2630 9270
2632 9165 9028
9270 2632 9028
2380 9270 9028
9403 9270 2380
9028 9165 2382
2381 2301 2164
1926 2059 2379
2631 1926 2379
2164 2631 2379
2301 2631 2164
2059 1926 2629
2385 3073 2924
2660 2924 2662
2662 2924 2635
2924 3073 2635
2660 2662 2408
2660 2408 2549
2383 2660 2549
2549 2408 2633
9165 2632 9030
2634 8921 8778
9030 2634 8778
2382 9030 8778
9165 9030 2382
8778 8921 2384
2383 2549 2406
2166 2301 2381
3730 3885 3609
3188 3454 3190
3190 3454 2637
3454 3609 2637
3188 3190 2926
3188 2926 3073
2385 3188 3073
3073 2926 2635
8921 2634 8780
8780 8518 8516
8780 8516 2384
8921 8780 2384
8516 8518 8252
8252 8518 8401
8518 2636 8401
8252 8401 2386
2387 4006 3885
3732 3609 3885
3456 3609 3732
3609 3456 2637
8401 2636 8254
8254 7990 7988
8254 7988 2386
8401 8254 2386
7988 7990 7714
7714 7990 7869
7990 2638 7869
7714 7593 7438
7714 7869 7593
7438 7593 2388
2387 3885 3730
3730 3609 3454
6012 6173 5885
5724 5597 5436
5724 5885 5597
5436 5309 5148
5436 5597 5309
5148 5021 4860
5148 5309 5021
4860 4733 4572
4860 5021 4733
4572 4445 4284
4572 4733 4445
4006 4284 4008
4008 4284 2639
4284 4445 2639
4006 4008 3732
4006 3732 3885
7869 2638 7716
7716 7593 7869
7440 7593 7716
7440 7164 7162
7440 7162 2388
7593 7440 2388
7162 7164 6876
6876 7164 7037
7164 2640 7037
6876 6749 6588
6876 7037 6749
6588 6461 6300
6588 6749 6461
6300 6173 6012
6300 6461 6173
6012 5885 5724
6302 6461 6590
6302 6173 6461
6014 6173 6302
6014 5885 6173
5726 5885 6014
5726 5597 5885
5438 5597 5726
5438 5309 5597
5150 5309 5438
5150 5021 5309
4862 5021 5150
4862 4733 5021
4574 4733 4862
4574 4445 4733
4286 4445 4574
4445 4286 2639
4081 4009 2557
4081 3733 4009
3805 3733 4081
2819 3733 3805
6015 2818 6089
6089 5727 6015
5801 5727 6089
5801 5439 5727
5513 5439 5801
5513 5151 5439
5225 5151 5513
2817 5151 5225
7037 2640 6878
6878 6749 7037
6590 6749 6878
6590 6461 6749
6013 6089 2818
6089 5725 5801
6089 6013 5725
5801 5437 5513
5801 5725 5437
5513 5149 5225
5513 5437 5149
4861 4863 5149
5149 4863 5225
4863 2817 5225
4863 4861 4575
4575 4861 4573
4575 4573 4287
4287 4573 4285
4009 4287 4285
4009 4285 2557
3191 3457 3455
3191 3455 2559
3261 3191 2559
2821 3191 3261
7441 2820 7513
7513 7165 7441
7237 7165 7513
6877 6879 7165
6877 7165 7237
2558 6877 7237
6879 6877 6591
6591 6877 6589
6591 6589 6303
6303 6589 6301
6301 6013 6303
6303 6013 2818
7991 2822 8061
7715 7717 7991
7715 7991 8061
2560 7715 8061
7715 7439 7717
7717 7439 2820
7439 7513 2820
7513 7163 7237
7513 7439 7163
7237 7163 2558
4081 2557 4007
4081 3731 3805
4081 4007 3731
3455 3457 3731
3731 3457 3805
3457 2819 3805
8519 2824 8591
8253 8255 8519
8253 8519 8591
2562 8253 8591
8253 7989 8255
8255 7989 2822
7989 8061 2822
8061 7989 2560
3261 2559 3189
2925 2927 3189
3189 2927 3261
2927 2821 3261
2663 2927 2925
2663 2925 2561
2735 2663 2561
2823 2663 2735
9031 2826 9097
8779 8781 9031
8779 9031 9097
2564 8779 9097
8779 8517 8781
8781 8517 2824
8517 8591 2824
8591 8517 2562
2735 2561 2661
2407 2409 2661
2661 2409 2735
2409 2823 2735
2167 2409 2407
2167 2407 2563
2233 2167 2563
2825 2167 2233
1995 1925 1763
1697 1995 1763
2827 1995 1697
2829 1697 1763
9271 2828 9339
9029 9097 2566
9097 2826 2566
2826 9339 2566
2826 9271 9339
9097 9029 2564
2233 2563 2165
2165 2565 1995
2233 2165 1995
1927 2233 1995
2825 2233 1927
2827 1927 1995
2830 9735 9799
9575 9507 2568
1763 2567 1695
1695 2569 1543
1763 1695 1543
1479 1763 1543
2829 1763 1479
2831 1479 1543
9509 2830 9575
9269 9339 2568
9339 2828 2568
2828 9575 2568
2828 9509 9575
9339 9269 2566
1995 2565 1925
1925 2567 1763
9949 2834 10011
9733 9799 2572
9799 2832 2572
2832 10011 2572
2832 9949 10011
9799 9733 2570
1543 2569 1477
1477 2571 1335
1543 1477 1335
1273 1543 1335
2831 1543 1273
2833 1273 1335
9735 2832 9799
9507 9575 2570
9575 2830 2570
2830 9799 2570
1139 2573 1077
2575 2837 2835
2575 2835 1139
1077 2575 1139
10151 2836 10211
9947 10011 2574
10011 2834 2574
2834 10211 2574
2834 10151 10211
10011 9947 2572
1335 2571 1271
1271 2573 1139
1335 1271 1139
1079 1335 1139
2833 1335 1079
2835 1079 1139
957 2577 895
2579 2841 2839
2579 2839 957
895 2579 957
10341 2840 10401
2576 2838 2578
2578 2838 10401
2838 10341 10401
2575 2577 2837
2837 2577 897
2577 957 897
2839 897 957
2836 2838 2576
2836 2576 10149
10211 2836 10149
10211 10149 2574
787 2581 725
2583 2845 2843
2583 2843 787
725 2583 787
10519 2844 10579
2580 2842 2582
2582 2842 10579
2842 10519 10579
2579 2581 2841
2841 2581 727
2581 787 727
2843 727 787
2840 2842 2580
2840 2580 10339
10401 2840 10339
10401 10339 2578
635 2587 637
635 2585 2587
635 2849 2847
637 2849 635
10683 2848 10739
2584 2846 2586
2586 2846 10739
2846 10683 10739
2583 2585 2845
2845 2585 579
2585 635 579
2847 579 635
2844 2846 2584
2844 2584 10517
10579 2844 10517
10579 10517 2582
2852 2854 2590
2590 2854 2592
2853 2851 2589
2853 2589 2591
2850 2852 2590
2850 2590 10681
10741 2850 10681
10741 10681 2588
637 2587 577
2589 2851 2849
2589 2849 637
577 2589 637
10741 2848 2850
10739 2848 10741
10741 2586 10739
10741 2588 2586
507 2597 509
507 2595 2597
507 2859 2857
509 2859 507
1 2858 63
2594 2856 2596
2596 2856 63
2856 1 63
2593 2595 2855
2855 2595 445
2595 507 445
2857 445 507
2854 2856 2592
2592 2856 2594
2855 2853 2591
2855 2591 2593
511 2601 513
511 2599 2601
511 2863 2861
513 2863 511
67 2860 2862
65 2860 67
67 2598 65
67 2600 2598
509 2599 511
509 2597 2599
509 2861 2859
511 2861 509
65 2858 2860
63 2858 65
65 2596 63
65 2598 2596
2866 2868 2604
2604 2868 2606
2867 2865 2603
2867 2603 2605
69 2864 2
2604 2602 2866
2866 2602 2
2602 69 2
2603 2865 2601
2601 2865 513
2865 446 513
513 446 2863
69 2862 2864
67 2862 69
69 2600 67
69 2602 2600
659 2611 661
659 2609 2611
659 2873 2871
661 2873 659
2608 2870 2872
2608 2872 10763
10682 2608 10763
10682 10763 2610
2609 659 578
2871 2869 2607
2871 2607 578
659 2871 578
2868 2870 2606
2606 2870 2608
2869 2867 2605
2869 2605 2607
2615 821 726
2877 2875 2613
2877 2613 726
821 2877 726
10765 2874 10684
2614 2612 2876
2876 2612 10684
2612 10765 10684
2613 2875 2611
2611 2875 661
2875 580 661
661 580 2873
10765 2872 2874
10763 2872 10765
10765 2610 10763
10765 2612 2610
2619 999 896
2881 2879 2617
2881 2617 896
999 2881 896
10613 2878 10520
2618 2616 2880
2880 2616 10520
2616 10613 10520
2617 2879 2615
2615 2879 821
2879 728 821
821 728 2877
2614 2876 2878
2614 2878 10613
10518 2614 10613
10518 10613 2616
2623 1189 1078
2885 2883 2621
2885 2621 1078
1189 2885 1078
10443 2882 10342
2622 2620 2884
2884 2620 10342
2620 10443 10342
2621 2883 2619
2619 2883 999
2883 898 999
999 898 2881
2618 2880 2882
2618 2882 10443
10340 2618 10443
10340 10443 2620
10261 2886 10152
2888 10065 9948
10152 2888 9948
2624 10152 9948
10261 10152 2624
9948 10065 2626
2625 1389 1272
1080 1189 2623
2887 1080 2623
1272 2887 2623
1389 2887 1272
1189 1080 2885
2622 2884 2886
2622 2886 10261
10150 2622 10261
10150 10261 2624
2891 1480 2627
1696 2891 2627
1825 2891 1696
1601 1480 2889
10065 2888 9950
2890 9857 9734
9950 2890 9734
2626 9950 9734
10065 9950 2626
9734 9857 2628
2627 1601 1478
1274 1389 2625
2889 1274 2625
1478 2889 2625
1601 2889 1478
1389 1274 2887
9637 9510 2630
9270 9405 2632
2631 2061 1926
1698 1825 2629
2893 1698 2629
1926 2893 2629
2061 2893 1926
1825 1698 2891
9857 2890 9736
2892 9637 9508
9736 2892 9508
2628 9736 9508
9857 9736 2628
9508 9637 2630
2629 1825 1696
1480 1601 2627
9405 2894 9272
2896 9167 9030
9272 2896 9030
2632 9272 9030
9405 9272 2632
9030 9167 2634
2633 2303 2166
1928 2061 2631
2895 1928 2631
2166 2895 2631
2303 2895 2166
2061 1928 2893
9637 2892 9510
2894 9405 9270
9510 2894 9270
2630 9510 9270
9167 2896 9032
9032 8782 8780
9032 8780 2634
9167 9032 2634
8780 8782 8518
8518 8782 8665
8782 2898 8665
8518 8665 2636
2635 2809 2662
2408 2662 2410
2410 2662 2897
2662 2809 2897
2408 2410 2168
2408 2168 2303
2633 2408 2303
2303 2168 2895
8665 2898 8520
8520 8256 8254
8520 8254 2636
8665 8520 2636
8254 8256 7990
7990 8256 8139
8256 2900 8139
7990 8139 2638
2637 3339 3190
2926 3190 2928
2928 3190 2899
3190 3339 2899
2926 2928 2664
2926 2664 2809
2635 2926 2809
2809 2664 2897
7716 7718 7440
7440 7718 7595
7718 2902 7595
7440 7319 7164
7440 7595 7319
7164 7319 2640
2639 4163 4008
4008 3887 3732
4008 4163 3887
3456 3732 3458
3458 3732 2901
3732 3887 2901
3456 3458 3192
3456 3192 3339
2637 3456 3339
3339 3192 2899
4864 5150 2903
5150 5311 2903
4862 4864 4576
4862 4576 4574
4574 4576 4288
4574 4288 4286
4286 4288 4010
4286 4010 4163
2639 4286 4163
4010 3887 4163
3734 3887 4010
3887 3734 2901
8139 2900 7992
7992 7718 7716
7992 7716 2638
8139 7992 2638
7166 6878 2640
7319 7166 2640
6878 6880 6592
6878 6592 6590
6590 6592 6304
6590 6304 6302
6302 6304 6014
6014 6304 6175
6304 2904 6175
6014 5887 5726
6014 6175 5887
5726 5599 5438
5726 5887 5599
5438 5311 5150
5438 5599 5311
4862 5150 4864
4649 4577 4937
4649 4289 4577
4361 4289 4649
3081 4289 4361
6175 2904 6016
6016 5887 6175
5728 5887 6016
5728 5599 5887
5440 5599 5728
5440 5311 5599
5152 5311 5440
5311 5152 2903
7595 2902 7442
7442 7319 7595
7166 7319 7442
7166 6880 6878
6665 6593 6953
6665 6305 6593
6377 6305 6665
6015 6017 6305
6015 6305 6377
2818 6015 6377
6017 6015 5729
5729 6015 5727
5729 5727 5441
5441 5727 5439
5441 5439 5153
5153 5439 5151
4865 5153 5151
4865 5151 2817
4937 4865 2817
4937 4577 4865
4937 2817 4863
4937 4575 4649
4937 4863 4575
4649 4287 4361
4649 4575 4287
4009 4011 4287
4287 4011 4361
4011 3081 4361
4011 4009 3735
3735 4009 3733
3459 3735 3733
3459 3733 2819
3529 3459 2819
3083 3459 3529
6881 3082 6953
6953 6593 6881
2997 2929 2821
3085 2929 2997
7719 3084 7789
7441 7443 7719
7441 7719 7789
2820 7441 7789
7443 7441 7167
7167 7441 7165
7165 6879 7167
7167 6879 3082
6879 6953 3082
6953 6591 6665
6953 6879 6591
6665 6303 6377
6665 6591 6303
6377 6303 2818
2477 2411 2823
3087 2411 2477
8257 3086 8325
7991 7993 8257
7991 8257 8325
2822 7991 8325
7991 7717 7993
7993 7717 3084
7717 7789 3084
7789 7717 2820
3529 2819 3457
3191 3193 3457
3457 3193 3529
3193 3083 3529
2929 3193 3191
2929 3191 2821
2825 2169 2167
3089 2169 2825
8783 3088 8849
8519 8521 8783
8519 8783 8849
2824 8519 8849
8519 8255 8521
8521 8255 3086
8255 8325 3086
8325 8255 2822
2997 2821 2927
2663 2665 2927
2927 2665 2997
2665 3085 2997
2411 2665 2663
2411 2663 2823
2825 1929 3089
2825 1927 1929
1699 1929 1927
1699 1927 2827
1761 1699 2827
3091 1699 1761
9031 3090 2826
9033 3090 9031
9031 8781 9033
9033 8781 3088
8781 8849 3088
8849 8781 2824
2477 2823 2409
2167 2169 2409
2409 2169 2477
2169 3087 2477
9573 3092 2830
3092 9797 2830
3092 9737 9797
9573 9509 2828
1761 2827 1697
1697 2829 1541
1761 1697 1541
1481 1761 1541
3091 1761 1481
3093 1481 1541
9511 3092 9573
9271 9273 9511
9271 9511 9573
2828 9271 9573
9271 3090 9273
9271 2826 3090
2833 3095 1333
1273 2833 1333
9951 3096 10009
9735 9797 2832
9797 3094 2832
3094 10009 2832
3094 9951 10009
9797 9735 2830
1541 2829 1479
1479 2831 1333
1541 1479 1333
1275 1541 1333
3093 1541 1275
3095 1275 1333
9737 3094 9797
9509 9573 2830
2837 955 899
3101 899 955
10151 3100 2836
10153 3100 10151
10151 3098 10153
10151 2834 3098
2833 1081 3097
2833 1079 1081
2835 1081 1079
3099 1081 2835
3096 3098 2834
3096 2834 9949
10009 3096 9949
10009 9949 2832
1333 2831 1273
2833 3097 3095
2841 785 729
3105 729 785
3102 3104 2840
3102 2840 10341
10399 3102 10341
10399 10341 2838
955 2837 897
2839 3103 3101
2839 3101 955
897 2839 955
10343 3102 10399
2836 3100 2838
2838 3100 10399
3100 10343 10399
2835 2837 3099
3099 2837 899
2845 633 581
3109 581 633
3106 3108 2844
3106 2844 10519
10577 3106 10519
10577 10519 2842
785 2841 727
2843 3107 3105
2843 3105 785
727 2843 785
10521 3106 10577
2840 3104 2842
2842 3104 10577
3104 10521 10577
2839 2841 3103
3103 2841 729
3113 3111 2847
3113 2847 2849
3110 3112 2848
3110 2848 10683
10737 3110 10683
10737 10683 2846
633 2845 579
2847 3111 3109
2847 3109 633
579 2847 633
10685 3110 10737
2844 3108 2846
2846 3108 10737
3108 10685 10737
2843 2845 3107
3107 2845 581
59 2852 57
59 2854 2852
501 2853 503
501 2851 2853
501 3117 3115
503 3117 501
3 3116 57
2850 3114 2852
2852 3114 57
3114 3 57
2849 2851 3113
3113 2851 447
2851 501 447
3115 447 501
3112 3114 2848
2848 3114 2850
61 3120 1
61 1 2856
505 2855 445
2857 3121 3119
2857 3119 505
445 2857 505
61 3118 3120
59 3118 61
61 2854 59
61 2856 2854
503 2855 505
503 2853 2855
503 3119 3117
505 3119 503
59 3116 3118
57 3116 59
3129 2863 446
515 3129 446
3126 3128 2862
2862 3128 2864
3127 3125 2861
3127 2861 2863
3124 3126 2860
2860 3126 2862
3125 3123 2859
3125 2859 2861
3122 3124 2858
2858 3124 2860
3123 3121 2857
3123 2857 2859
3120 3122 2858
3120 2858 1
517 3133 3131
519 3133 517
73 3130 3132
71 3130 73
73 2866 71
73 2868 2866
515 2867 517
515 2865 2867
515 3131 3129
517 3131 515
2864 3128 3130
2864 3130 71
2 2864 71
2 71 2866
2865 515 446
3129 3127 2863
3137 3135 2871
3137 2871 2873
75 3134 4
2872 2870 3136
3136 2870 4
2870 75 4
2871 3135 2869
2869 3135 519
3135 448 519
519 448 3133
75 3132 3134
73 3132 75
75 2868 73
75 2870 2868
517 2869 519
517 2867 2869
3142 2876 10686
2876 10767 10686
2877 3141 2875
2875 3141 663
3141 582 663
663 582 3139
2874 3138 3140
2874 3140 10767
10684 2874 10767
10684 10767 2876
2875 663 580
3139 3137 2873
3139 2873 580
663 3139 580
3136 3138 2872
2872 3138 2874
3146 2880 10522
2880 10615 10522
2881 3145 2879
2879 3145 823
3145 730 823
823 730 3143
2878 3142 3144
2878 3144 10615
10520 2878 10615
10520 10615 2880
2879 823 728
3143 3141 2877
3143 2877 728
823 3143 728
10767 3140 10686
2878 2876 3142
3150 2884 10344
2884 10445 10344
2885 3149 2883
2883 3149 1001
3149 900 1001
1001 900 3147
2882 3146 3148
2882 3148 10445
10342 2882 10445
10342 10445 2884
2883 1001 898
3147 3145 2881
3147 2881 898
1001 3147 898
10615 3144 10522
2882 2880 3146
9950 2888 10067
9950 10067 2890
2889 1391 1274
3153 3151 2887
3153 2887 1274
1391 3153 1274
10154 2886 3150
10152 2886 10154
10154 2888 10152
10154 3152 2888
3151 1080 2887
3151 1082 1080
3149 1080 1082
2885 1080 3149
10445 3148 10344
2886 2884 3150
1827 3157 1698
1603 1482 3155
10067 3154 9952
3156 9859 9736
9952 3156 9736
2890 9952 9736
10067 9952 2890
9736 9859 2892
2891 1603 1480
1276 1391 2889
3155 1276 2889
1480 3155 2889
1603 3155 1480
1391 1276 3153
2888 3152 3154
2888 3154 10067
3159 1928 2895
3159 1930 1928
1928 1930 1700
1928 1700 1827
2893 1928 1827
1827 1700 3157
9859 3156 9738
3158 9639 9510
9738 3158 9510
2892 9738 9510
9859 9738 2892
9510 9639 2894
2893 1827 1698
1482 1603 2891
3157 1482 2891
1698 3157 2891
9032 9034 8782
8782 9034 8923
9034 3162 8923
8782 8923 2898
2897 2551 2410
2168 2410 2170
2170 2410 3161
2410 2551 3161
3159 2168 2170
2895 2168 3159
9639 3158 9512
9512 9274 9272
9512 9272 2894
9639 9512 2894
9274 2896 9272
9274 3160 2896
8784 8520 2898
8923 8784 2898
8520 8522 8256
8256 8522 8403
8522 3164 8403
8256 8403 2900
2899 3075 2928
2664 2928 2666
2666 2928 3163
2928 3075 3163
2664 2666 2412
2664 2412 2551
2897 2664 2551
2551 2412 3161
9034 2896 3160
9032 2896 9034
8258 7992 2900
8403 8258 2900
7992 7994 7718
7718 7994 7871
7994 3166 7871
7718 7871 2902
2901 3611 3458
3192 3458 3194
3194 3458 3165
3458 3611 3165
3192 3194 2930
3192 2930 3075
2899 3192 3075
3075 2930 3163
8923 3162 8784
8784 8522 8520
2903 5023 4864
4864 4735 4576
4864 5023 4735
4576 4447 4288
4576 4735 4447
4010 4288 4012
4012 4288 3167
4288 4447 3167
4010 4012 3736
4010 3736 3734
3734 3736 3460
3734 3460 3611
2901 3734 3611
3611 3460 3165
8403 3164 8258
8258 7994 7992
4290 4447 4578
4447 4290 3167
7871 3166 7720
7720 7444 7442
7720 7442 2902
7871 7720 2902
7442 7444 7168
7442 7168 7166
7166 7168 6880
6880 7168 7039
7168 3168 7039
6880 6751 6592
6880 7039 6751
6592 6463 6304
6592 6751 6463
6304 6463 2904
6306 6463 6594
6306 6018 6016
6306 6016 2904
6463 6306 2904
6016 6018 5730
6016 5730 5728
5728 5730 5442
5728 5442 5440
5440 5442 5154
5440 5154 5152
5152 5154 4866
5152 4866 5023
2903 5152 5023
4866 4735 5023
4578 4735 4866
4578 4447 4735
5443 5441 5155
5155 5441 5153
5155 5153 4867
4867 5153 4865
4867 4865 4579
4579 4865 4577
4579 4577 4291
4291 4577 4289
4013 4291 4289
4013 4289 3081
4079 4013 3081
3345 4013 4079
7039 3168 6882
6882 6751 7039
6594 6751 6882
6594 6463 6751
3259 3195 3083
3347 3195 3259
7169 3346 7235
6881 6883 7169
6881 7169 7235
3082 6881 7235
6883 6881 6595
6595 6881 6593
6595 6593 6307
6307 6593 6305
6307 6305 6019
6019 6305 6017
6019 6017 5731
5731 6017 5729
5731 5729 5443
5443 5729 5441
7719 7995 8059
3084 7719 8059
7721 7719 7445
7445 7719 7443
7443 7167 7445
7445 7167 3346
7167 7235 3346
7235 7167 3082
4079 3081 4011
3735 3737 4011
4011 3737 4079
3737 3345 4079
3737 3735 3461
3461 3735 3459
3195 3461 3459
3195 3459 3083
8257 8523 8589
3086 8257 8589
8257 7993 8259
8259 7993 3348
7993 8059 3348
8059 7993 3084
3259 3083 3193
2929 2931 3193
3193 2931 3259
2931 3347 3259
2667 2931 2929
2667 2929 3085
2733 2667 3085
3349 2667 2733
7995 3348 8059
7719 7721 7995
8783 9035 9095
3088 8783 9095
8783 8521 8785
8785 8521 3350
8521 8589 3350
8589 8521 3086
2733 3085 2665
2411 2413 2665
2665 2413 2733
2413 3349 2733
2171 2413 2411
2171 2411 3087
2231 2171 3087
3351 2171 2231
8523 3350 8589
8257 8259 8523
3091 1701 1699
3355 1701 3091
9275 3354 9337
9033 9095 3090
9095 3352 3090
3352 9337 3090
3352 9275 9337
9095 9033 3088
2231 3087 2169
2169 3089 1993
2231 2169 1993
1931 2231 1993
3351 2231 1931
3353 1931 1993
9035 3352 9095
8783 8785 9035
9737 3356 9739
9737 3092 3356
3091 1483 3355
3091 1481 1483
3093 1483 1481
3357 1483 3093
9511 3356 3092
9513 3356 9511
9511 9273 9513
9513 9273 3354
9273 9337 3354
9337 9273 3090
1993 3089 1929
1699 1701 1929
1929 1701 1993
1701 3353 1993
3098 3360 10209
3360 10155 10209
3095 3097 3359
3359 3097 1083
3097 1137 1083
3361 1083 1137
9951 3360 3096
9953 3360 9951
9951 3358 9953
9951 3094 3358
3093 1277 3357
3093 1275 1277
3095 1277 1275
3359 1277 3095
9737 3358 3094
9739 3358 9737
3101 3363 953
899 3101 953
10345 3364 10397
10153 10209 3100
10209 3362 3100
3362 10397 3100
3362 10345 10397
10209 10153 3098
1137 3097 1081
1081 3099 953
1137 1081 953
901 1137 953
3361 1137 901
3363 901 953
10155 3362 10209
3096 3360 3098
3105 3367 783
729 3105 783
10523 3368 10575
3102 3366 3104
3104 3366 10575
3366 10523 10575
3101 3103 3365
3365 3103 731
3103 783 731
3367 731 783
3364 3366 3102
3364 3102 10343
10397 3364 10343
10397 10343 3100
953 3099 899
3101 3365 3363
3109 3371 631
581 3109 631
10687 3372 10735
3106 3370 3108
3108 3370 10735
3370 10687 10735
3105 3107 3369
3369 3107 583
3107 631 583
3371 583 631
3368 3370 3106
3368 3106 10521
10575 3368 10521
10575 10521 3104
783 3103 729
3105 3369 3367
3114 3376 55
3376 5 55
3111 3113 3375
3375 3113 449
3113 499 449
3377 449 499
3374 3376 3110
3110 3376 3112
3375 3373 3109
3375 3109 3111
3372 3374 3110
3372 3110 10685
10735 3372 10685
10735 10685 3108
631 3107 581
3109 3373 3371
3383 3381 3117
3383 3117 3119
3380 3382 3116
3116 3382 3118
3381 3379 3115
3381 3115 3117
3378 3380 3116
3378 3116 3
55 3378 3
55 3 3114
499 3113 447
3115 3379 3377
3115 3377 499
447 3115 499
5 3378 55
3112 3376 3114
3391 3389 3125
3391 3125 3127
3388 3390 3124
3124 3390 3126
3389 3387 3123
3389 3123 3125
3386 3388 3122
3122 3388 3124
3387 3385 3121
3387 3121 3123
3384 3386 3120
3120 3386 3122
3385 3383 3119
3385 3119 3121
3382 3384 3118
3118 3384 3120
3399 3133 448
521 3399 448
3396 3398 3132
3132 3398 3134
3397 3395 3131
3397 3131 3133
3394 3396 3130
3130 3396 3132
3395 3393 3129
3395 3129 3131
3392 3394 3128
3128 3394 3130
3393 3391 3127
3393 3127 3129
3390 3392 3126
3126 3392 3128
3403 3401 3137
3403 3137 3139
77 3400 6
3138 3136 3402
3402 3136 6
3136 77 6
3137 3401 3135
3135 3401 521
3401 450 521
521 450 3399
3134 3398 3400
3134 3400 77
4 3134 77
4 77 3136
3135 521 448
3399 3397 3133
3408 3142 10688
3142 10769 10688
3143 3407 3141
3141 3407 665
3407 584 665
665 584 3405
3140 3404 3406
3140 3406 10769
10686 3140 10769
10686 10769 3142
3141 665 582
3405 3403 3139
3405 3139 582
665 3405 582
3402 3404 3138
3138 3404 3140
3412 3146 10524
3146 10617 10524
3147 3411 3145
3145 3411 825
3411 732 825
825 732 3409
3144 3408 3410
3144 3410 10617
10522 3144 10617
10522 10617 3146
3145 825 730
3409 3407 3143
3409 3143 730
825 3409 730
10769 3406 10688
3144 3142 3408
3151 1191 1082
902 1003 3149
3415 902 3149
1082 3415 3149
1191 3415 1082
1003 902 3413
3148 3412 3414
3148 3414 10447
10344 3148 10447
10344 10447 3150
3149 1003 900
3413 3411 3147
3413 3147 900
1003 3413 900
10617 3410 10524
3148 3146 3412
3417 1276 1278
3153 1276 3417
10263 3416 10156
3154 3152 3418
3418 3152 10156
3152 10263 10156
3153 3417 3151
3151 3417 1191
3417 1084 1191
1191 1084 3415
10447 3414 10346
3416 10263 10154
10346 3416 10154
3150 10346 10154
10447 10346 3150
10154 10263 3152
3421 1700 1702
3157 1700 3421
9740 3156 3420
9738 3156 9740
9740 3158 9738
9740 3422 3158
3421 1482 3157
3421 1484 1482
3419 1482 1484
3155 1482 3419
9954 3154 3418
9952 3154 9954
9954 3156 9952
9954 3420 3156
3419 1276 3155
3419 1278 1276
3161 2305 2170
1932 2063 3159
3425 1932 3159
2170 3425 3159
2305 3425 2170
2063 1932 3423
9514 3158 3422
9512 3158 9514
9512 9514 9274
9274 9514 9407
9514 3424 9407
9274 9407 3160
3159 2063 1930
1700 1930 1702
1702 1930 3423
1930 2063 3423
8786 3428 8667
8522 8667 3164
3163 2811 2666
2412 2666 2414
2414 2666 3427
2666 2811 3427
2412 2414 2172
2412 2172 2305
3161 2412 2305
2305 2172 3425
9407 3424 9276
3426 9169 9034
9276 3426 9034
3160 9276 9034
9407 9276 3160
9034 9169 3162
8260 3430 8141
7994 8141 3166
3165 3341 3194
2930 3194 2932
2932 3194 3429
3194 3341 3429
2930 2932 2668
2930 2668 2811
3163 2930 2811
2811 2668 3427
9169 3426 9036
9036 8786 8784
9036 8784 3162
9169 9036 3162
8784 8786 8522
8522 8786 8667
3167 4165 4012
3736 4012 3738
3738 4012 3431
4012 4165 3431
3736 3738 3462
3736 3462 3460
3460 3462 3196
3460 3196 3341
3165 3460 3341
3341 3196 3429
8667 3428 8524
8524 8260 8258
8524 8258 3164
8667 8524 3164
8258 8260 7994
7994 8260 8141
4578 4580 4292
4578 4292 4290
4290 4292 4014
4290 4014 4165
3167 4290 4165
4165 4014 3431
8141 3430 7996
7996 7722 7720
7996 7720 3166
8141 7996 3166
7720 7722 7446
7720 7446 7444
7444 7446 7168
7168 7446 7321
7446 3432 7321
7168 7321 3168
6882 6884 6596
6882 6596 6594
6594 6596 6308
6594 6308 6306
6306 6308 6020
6306 6020 6018
6018 6020 5732
6018 5732 5730
5730 5732 5444
5730 5444 5442
5442 5444 5156
5442 5156 5154
5154 5156 4868
5154 4868 4866
4866 4868 4580
4866 4580 4578
6087 6021 6375
6087 5733 6021
5799 5733 6087
5799 5445 5733
5511 5445 5799
5511 5157 5445
5223 5157 5511
5223 4869 5157
4935 4869 5223
4935 4581 4869
4647 4581 4935
3617 4581 4647
7321 3432 7170
7170 6884 6882
7170 6882 3168
7321 7170 3168
4935 4867 4579
4291 4293 4579
4579 4293 4647
4293 3617 4647
4293 4291 4015
4015 4291 4013
3739 4015 4013
3739 4013 3345
3803 3739 3345
3803 3463 3739
3527 3463 3803
3619 3463 3527
6597 3618 6663
6663 6309 6597
6375 6309 6663
6375 6021 6309
6883 6595 6885
6885 6595 3618
6595 6663 3618
6663 6307 6375
6663 6595 6307
6375 6019 6087
6375 6307 6019
6087 5731 5799
6087 6019 5731
5799 5443 5511
5799 5731 5443
5511 5155 5223
5511 5443 5155
5223 4867 4935
5223 5155 4867
4935 4579 4647
3803 3737 3461
3195 3197 3461
3461 3197 3527
3197 3619 3527
2933 3197 3195
2933 3195 3347
2995 2933 3347
3621 2933 2995
7723 3620 7787
7787 7447 7723
7511 7447 7787
7169 7171 7447
7169 7447 7511
3346 7169 7511
7171 7169 6885
6885 7169 6883
2415 2669 2667
2415 2667 3349
2475 2415 3349
3623 2415 2475
8261 3622 8323
7995 7997 8261
7995 8261 8323
3348 7995 8323
7995 7721 7997
7997 7721 3620
7721 7787 3620
7787 7445 7511
7787 7721 7445
7511 7445 3346
3803 3345 3737
3803 3461 3527
2413 2173 2475
2173 3623 2475
3351 2173 2171
3625 2173 3351
8787 3624 8847
8523 8525 8787
8523 8787 8847
3350 8523 8847
8523 8259 8525
8525 8259 3622
8259 8323 3622
8323 8259 3348
2995 3347 2931
2667 2669 2931
2931 2669 2995
2669 3621 2995
9275 3626 9277
9275 3352 3626
3351 1933 3625
3351 1931 1933
1703 1933 1931
1703 1931 3353
1759 1703 3353
3627 1703 1759
9035 3626 3352
9037 3626 9035
9035 8785 9037
9037 8785 3624
8785 8847 3624
8847 8785 3350
2475 3349 2413
2171 2173 2413
9741 3630 9795
9513 9571 3356
9571 3628 3356
3628 9795 3356
3628 9741 9795
9571 9513 3354
1759 3353 1701
1701 3355 1539
1759 1701 1539
1485 1759 1539
3627 1759 1485
3629 1485 1539
9515 3628 9571
9275 9277 9515
9275 9515 9571
3354 9275 9571
1331 1277 1135
1085 1331 1135
3631 1331 1085
3633 1085 1135
9955 3632 10007
9739 9795 3358
9795 3630 3358
3630 10007 3358
3630 9955 10007
9795 9739 3356
1539 3355 1483
1483 3357 1331
1539 1483 1331
1279 1539 1331
3629 1539 1279
3631 1279 1331
3634 3636 3362
3634 3362 10155
10207 3634 10155
10207 10155 3360
1135 3359 1083
3361 3635 3633
3361 3633 1135
1083 3361 1135
10157 3634 10207
9953 10007 3360
10007 3632 3360
3632 10207 3360
3632 10157 10207
10007 9953 3358
1331 3357 1277
1277 3359 1135
10525 3640 10573
3364 3638 3366
3366 3638 10573
3638 10525 10573
3363 3365 3637
3637 3365 733
3365 781 733
3639 733 781
10345 3638 3364
10347 3638 10345
10345 3636 10347
10345 3362 3636
3361 903 3635
3361 901 903
3363 903 901
3637 903 3363
10689 3644 10733
3368 3642 3370
3370 3642 10733
3642 10689 10733
3367 3369 3641
3641 3369 585
3369 629 585
3643 585 629
3640 3642 3368
3640 3368 10523
10573 3640 10523
10573 10523 3366
781 3365 731
3367 3641 3639
3367 3639 781
731 3367 781
7 3648 51
3372 3646 3374
3374 3646 51
3646 7 51
3371 3373 3645
3645 3373 451
3373 495 451
3647 451 495
3644 3646 3372
3644 3372 10687
10733 3644 10687
10733 10687 3370
629 3369 583
3371 3645 3643
3371 3643 629
583 3371 629
3650 3652 3378
3650 3378 5
53 3650 5
53 5 3376
497 3375 449
3377 3651 3649
3377 3649 497
449 3377 497
53 3648 3650
51 3648 53
53 3374 51
53 3376 3374
495 3375 497
495 3373 3375
495 3649 3647
497 3649 495
389 3383 391
389 3381 3383
389 3657 3655
391 3657 389
133 3656 173
3380 3654 3382
3382 3654 173
3654 133 173
3379 3381 3653
3653 3381 349
3381 389 349
3655 349 389
3652 3654 3378
3378 3654 3380
3653 3651 3377
3653 3377 3379
393 3387 395
393 3385 3387
393 3661 3659
395 3661 393
177 3658 3660
175 3658 177
177 3384 175
177 3386 3384
391 3385 393
391 3383 3385
391 3659 3657
393 3659 391
175 3656 3658
173 3656 175
175 3382 173
175 3384 3382
397 3391 399
397 3389 3391
397 3665 3663
399 3665 397
181 3662 3664
179 3662 181
181 3388 179
181 3390 3388
395 3389 397
395 3387 3389
395 3663 3661
397 3663 395
179 3660 3662
177 3660 179
179 3386 177
179 3388 3386
401 3395 403
401 3393 3395
401 3669 3667
403 3669 401
185 3666 3668
183 3666 185
185 3392 183
185 3394 3392
399 3393 401
399 3391 3393
399 3667 3665
401 3667 399
183 3664 3666
181 3664 183
183 3390 181
183 3392 3390
3672 3674 3398
3398 3674 3400
3673 3671 3397
3673 3397 3399
187 3670 134
3398 3396 3672
3672 3396 134
3396 187 134
3397 3671 3395
3395 3671 403
3671 350 403
403 350 3669
187 3668 3670
185 3668 187
187 3394 185
187 3396 3394
81 3676 3678
79 3676 81
81 3402 79
81 3404 3402
523 3403 525
523 3401 3403
523 3677 3675
525 3677 523
3400 3674 3676
3400 3676 79
6 3400 79
6 79 3402
3401 523 450
3675 3673 3399
3675 3399 450
523 3675 450
3406 3680 3682
3406 3682 10771
10688 3406 10771
10688 10771 3408
3407 667 584
3681 3679 3405
3681 3405 584
667 3681 584
81 3678 8
3406 3404 3680
3680 3404 8
3404 81 8
3405 3679 3403
3403 3679 525
3679 452 525
525 452 3677
3410 3684 3686
3410 3686 10619
10524 3410 10619
10524 10619 3412
3411 827 732
3685 3683 3409
3685 3409 732
827 3685 732
10771 3682 10690
3410 3408 3684
3684 3408 10690
3408 10771 10690
3409 3683 3407
3407 3683 667
3683 586 667
667 586 3681
10348 3414 3688
10346 3414 10348
10348 3416 10346
10348 3690 3416
3689 902 3415
3689 904 902
3687 902 904
3413 902 3687
10619 3686 10526
3414 3412 3688
3688 3412 10526
3412 10619 10526
3413 3687 3411
3411 3687 827
3687 734 827
827 734 3685
10265 10158 3418
9954 10069 3420
3419 1393 1278
1086 1193 3417
3693 1086 3417
1278 3693 3417
1393 3693 1278
1193 1086 3691
3416 3690 3692
3416 3692 10265
10156 3416 10265
10156 10265 3418
3417 1193 1084
3691 3689 3415
3691 3415 1084
1193 3691 1084
10069 3694 9956
3696 9861 9740
9956 3696 9740
3420 9956 9740
10069 9956 3420
9740 9861 3422
3421 1605 1484
1280 1393 3419
3695 1280 3419
1484 3695 3419
1605 3695 1484
1393 1280 3693
10265 3692 10158
3694 10069 9954
10158 3694 9954
3418 10158 9954
1932 1934 1704
1932 1704 1829
3423 1932 1829
1829 1704 3697
9861 3696 9742
3698 9641 9514
9742 3698 9514
3422 9742 9514
9861 9742 3422
9514 9641 3424
3423 1829 1702
1486 1605 3421
3697 1486 3421
1702 3697 3421
1829 3697 1702
1605 1486 3695
9038 3702 8925
8786 8925 3428
3427 2553 2414
2172 2414 2174
2174 2414 3701
2414 2553 3701
3699 2172 2174
3425 2172 3699
9641 3698 9516
9516 9278 9276
9516 9276 3424
9641 9516 3424
9278 3426 9276
9278 3700 3426
3699 1932 3425
3699 1934 1932
8524 8526 8260
8260 8526 8405
8526 3704 8405
8260 8405 3430
3429 3077 2932
2668 2932 2670
2670 2932 3703
2932 3077 3703
2668 2670 2416
2668 2416 2553
3427 2668 2553
2553 2416 3701
9038 3426 3700
9036 3426 9038
9036 9038 8786
8786 9038 8925
7722 7873 7597
7446 7597 3432
3431 3889 3738
3738 3613 3462
3738 3889 3613
3196 3462 3198
3198 3462 3705
3462 3613 3705
3196 3198 2934
3196 2934 3077
3429 3196 3077
3077 2934 3703
8925 3702 8788
8788 8526 8524
8788 8524 3428
8925 8788 3428
4292 4294 4016
4292 4016 4014
4014 4016 3740
4014 3740 3889
3431 4014 3889
3740 3613 3889
3464 3613 3740
3613 3464 3705
8405 3704 8262
8262 7998 7996
8262 7996 3430
8405 8262 3430
7996 7998 7722
7722 7998 7873
7998 3706 7873
7722 7597 7446
6596 6753 6465
6308 6177 6020
6308 6465 6177
6020 5889 5732
6020 6177 5889
5732 5601 5444
5732 5889 5601
5444 5313 5156
5444 5601 5313
5156 5025 4868
5156 5313 5025
4868 4737 4580
4868 5025 4737
4292 4580 4294
4294 4580 3707
4580 4737 3707
4870 5025 5158
4870 4737 5025
4582 4737 4870
4737 4582 3707
7873 3706 7724
7724 7597 7873
7448 7597 7724
7448 7172 7170
7448 7170 3432
7597 7448 3432
7170 7172 6886
7170 6886 6884
6884 6886 6596
6596 6886 6753
6886 3708 6753
6596 6465 6308
4295 4583 4581
4295 4581 3617
4359 4295 3617
3893 4295 4359
6753 3708 6598
6598 6465 6753
6310 6465 6598
6310 6177 6465
6022 6177 6310
6022 5889 6177
5734 5889 6022
5734 5601 5889
5446 5601 5734
5446 5313 5601
5158 5313 5446
5158 5025 5313
6597 6887 6951
3618 6597 6951
6599 6597 6311
6311 6597 6309
6311 6309 6023
6023 6309 6021
6023 6021 5735
5735 6021 5733
5735 5733 5447
5447 5733 5445
5447 5445 5159
5159 5445 5157
5159 5157 4871
4871 5157 4869
4871 4869 4583
4583 4869 4581
7171 6885 7173
7173 6885 3894
6885 6951 3894
6951 6885 3618
4359 3617 4293
4015 4017 4293
4293 4017 4359
4017 3893 4359
4017 4015 3741
3741 4015 3739
3741 3739 3465
3465 3739 3463
3619 3465 3463
3895 3465 3619
6887 3894 6951
6597 6599 6887
7997 3896 7999
7997 3620 3896
3619 3199 3895
3619 3197 3199
3199 3197 2935
2935 3197 2933
2671 2935 2933
2671 2933 3621
2731 2671 3621
3897 2671 2731
7723 3896 3620
7725 3896 7723
7725 7723 7449
7449 7723 7447
7449 7447 7173
7173 7447 7171
8787 8525 8789
8789 8525 3898
8525 8587 3898
8587 8525 3622
2731 3621 2669
2415 2417 2669
2669 2417 2731
2417 3897 2731
3623 2417 2415
3899 2417 3623
8527 3898 8587
8261 8263 8527
8261 8527 8587
3622 8261 8587
8263 8261 7999
7999 8261 7997
3627 1705 1703
3903 1705 3627
9279 3902 9335
9037 9039 9279
9037 9279 9335
3626 9037 9335
9037 3900 9039
9037 3624 3900
3623 2175 3899
3623 2173 2175
1935 2175 2173
1935 2173 3625
1991 1935 3625
3901 1935 1991
8787 3900 3624
8789 3900 8787
9741 3904 9743
9741 3628 3904
3627 1487 3903
3627 1485 1487
3629 1487 1485
3905 1487 3629
9515 3904 3628
9517 3904 9515
9515 9277 9517
9517 9277 3902
9277 9335 3902
9335 9277 3626
1991 3625 1933
1703 1705 1933
1933 1705 1991
1705 3901 1991
10157 3908 10159
10157 3632 3908
3631 1087 3907
3631 1085 1087
3633 1087 1085
3909 1087 3633
9955 3908 3632
9957 3908 9955
9955 3906 9957
9955 3630 3906
3629 1281 3905
3629 1279 1281
3631 1281 1279
3907 1281 3631
9741 3906 3630
9743 3906 9741
10395 3912 10347
10395 10347 3636
951 3635 903
3637 3913 3911
3637 3911 951
903 3637 951
10349 3912 10395
3634 3910 3636
3636 3910 10395
3910 10349 10395
3633 3635 3909
3909 3635 905
3635 951 905
3911 905 951
10157 3910 3634
10159 3910 10157
3642 3916 10731
3916 10691 10731
3639 3641 3915
3915 3641 587
3641 627 587
3917 587 627
10525 3916 3640
10527 3916 10525
10525 3914 10527
10525 3638 3914
3637 735 3913
3637 733 735
3639 735 733
3915 735 3639
3912 3914 3638
3912 3638 10347
3647 453 451
3923 453 3647
3920 3922 3644
3644 3922 3646
3921 3919 3643
3921 3643 3645
3918 3920 3644
3918 3644 10689
10731 3918 10689
10731 10689 3642
627 3641 585
3643 3919 3917
3643 3917 627
585 3643 627
10691 3918 10731
3640 3916 3642
3653 387 351
3929 351 387
3926 3928 3650
3650 3928 3652
3927 3925 3649
3927 3649 3651
3924 3926 3648
3648 3926 3650
3925 3923 3647
3925 3647 3649
7 3924 3648
9 3924 7
7 3922 9
7 3646 3922
3645 453 3921
3645 451 453
3933 3931 3655
3933 3655 3657
3930 3932 3656
3930 3656 133
171 3930 133
171 133 3654
387 3653 349
3655 3931 3929
3655 3929 387
349 3655 387
135 3930 171
3652 3928 3654
3654 3928 171
3928 135 171
3651 3653 3927
3927 3653 351
3941 3939 3663
3941 3663 3665
3938 3940 3662
3662 3940 3664
3939 3937 3661
3939 3661 3663
3936 3938 3660
3660 3938 3662
3937 3935 3659
3937 3659 3661
3934 3936 3658
3658 3936 3660
3935 3933 3657
3935 3657 3659
3932 3934 3656
3656 3934 3658
134 3670 189
134 189 3672
3671 405 350
3947 3945 3669
3947 3669 350
405 3947 350
3944 3946 3668
3668 3946 3670
3945 3943 3667
3945 3667 3669
3942 3944 3666
3666 3944 3668
3943 3941 3665
3943 3665 3667
3940 3942 3664
3664 3942 3666
3953 3951 3675
3953 3675 3677
3950 3952 3674
3674 3952 3676
3951 3949 3673
3951 3673 3675
189 3948 136
3674 3672 3950
3950 3672 136
3672 189 136
3673 3949 3671
3671 3949 405
3949 352 405
405 352 3947
3670 3946 3948
3670 3948 189
3959 3681 586
669 3959 586
3956 3958 3680
3680 3958 3682
3957 3955 3679
3957 3679 3681
10 3678 3954
8 3678 10
10 3680 8
10 3956 3680
3955 452 3679
3955 454 452
3953 452 454
3677 452 3953
3952 3954 3676
3676 3954 3678
3961 734 736
3685 734 3961
10773 3960 10692
3686 3684 3962
3962 3684 10692
3684 10773 10692
3685 3961 3683
3683 3961 669
3961 588 669
669 588 3959
3682 3958 3960
3682 3960 10773
10690 3682 10773
10690 10773 3684
3683 669 586
3959 3957 3681
3967 906 1005
1005 906 3965
3688 3964 3966
3688 3966 10449
10348 3688 10449
10348 10449 3690
3689 1005 904
3965 3963 3687
3965 3687 904
1005 3965 904
10528 3686 3962
10526 3686 10528
10528 3688 10526
10528 3964 3688
3963 734 3687
3963 736 734
3969 1280 1282
3693 1280 3969
10160 3692 3968
10158 3692 10160
10160 3694 10158
10160 3970 3694
3969 1086 3693
3969 1088 1086
3967 1086 1088
3691 1086 3967
10449 3966 10350
3692 3690 3968
3968 3690 10350
3690 10449 10350
3691 3967 3689
3689 3967 1005
3973 1704 1706
3697 1704 3973
9744 3696 3972
9742 3696 9744
9744 3698 9742
9744 3974 3698
3973 1486 3697
3973 1488 1486
3971 1486 1488
3695 1486 3971
9958 3694 3970
9956 3694 9958
9958 3696 9956
9958 3972 3696
3971 1280 3695
3971 1282 1280
3977 2174 3701
3977 2176 2174
2174 2176 1936
2174 1936 2065
3699 2174 2065
2065 1936 3975
9518 3698 3974
9516 3698 9518
9516 9518 9278
9278 9518 9409
9518 3976 9409
9278 9409 3700
3699 2065 1934
1704 1934 1706
1706 1934 3975
1934 2065 3975
8788 8790 8526
8526 8790 8669
8790 3980 8669
8526 8669 3704
3703 2813 2670
2416 2670 2418
2418 2670 3979
2670 2813 3979
3977 2416 2418
3701 2416 3977
9409 3976 9280
9280 9040 9038
9280 9038 3700
9409 9280 3700
9040 3702 9038
9040 3978 3702
8528 8262 3704
8669 8528 3704
8262 8264 8000
8262 8000 7998
8000 3706 7998
8000 3982 3706
3981 3198 3705
3981 3200 3198
3198 3200 2936
3198 2936 2934
2934 2936 2672
2934 2672 2813
3703 2934 2813
2813 2672 3979
8790 3702 3978
8788 3702 8790
7172 7174 6886
6886 7174 7041
7174 3984 7041
6886 7041 3708
3707 4449 4294
4016 4294 4018
4018 4294 3983
4294 4449 3983
4016 4018 3742
4016 3742 3740
3740 3742 3466
3740 3466 3464
3981 3464 3466
3705 3464 3981
8669 3980 8528
8528 8264 8262
5446 5448 5160
5446 5160 5158
5158 5160 4872
5158 4872 4870
4870 4872 4584
4870 4584 4582
4582 4584 4296
4582 4296 4449
3707 4582 4449
4449 4296 3983
7726 3706 3982
7724 3706 7726
7724 7726 7450
7724 7450 7448
7448 7450 7174
7448 7174 7172
4019 4297 4295
4019 4295 3893
4077 4019 3893
4169 4019 4077
7041 3984 6888
6888 6600 6598
6888 6598 3708
7041 6888 3708
6598 6600 6312
6598 6312 6310
6310 6312 6024
6310 6024 6022
6022 6024 5736
6022 5736 5734
5734 5736 5448
5734 5448 5446
6601 6599 6313
6313 6599 6311
6313 6311 6025
6025 6311 6023
6025 6023 5737
5737 6023 5735
5737 5735 5449
5449 5735 5447
5449 5447 5161
5161 5447 5159
5161 5159 4873
4873 5159 4871
4873 4871 4585
4585 4871 4583
4585 4583 4297
4297 4583 4295
4077 3893 4017
3741 3743 4017
4017 3743 4077
3743 4169 4077
3743 3741 3467
3467 3741 3465
3201 3467 3465
3201 3465 3895
3257 3201 3895
4171 3201 3257
7175 4170 7233
6887 6889 7175
6887 7175 7233
3894 6887 7233
6889 6887 6601
6601 6887 6599
3199 2937 3257
2937 4171 3257
2937 2935 2673
2673 2935 2671
3897 2673 2671
4173 2673 3897
8001 4172 8057
7725 7727 8001
7725 8001 8057
3896 7725 8057
7727 7725 7451
7451 7725 7449
7449 7173 7451
7451 7173 4170
7173 7233 4170
7233 7173 3894
3897 2419 4173
3897 2417 2419
2177 2419 2417
2177 2417 3899
2229 2177 3899
4175 2177 2229
8527 4174 3898
8529 4174 8527
8529 8527 8265
8265 8527 8263
8263 7999 8265
8265 7999 4172
7999 8057 4172
8057 7999 3896
3257 3895 3199
2935 2937 3199
9279 9039 9281
9281 9039 4176
9039 9093 4176
9093 9039 3900
2229 3899 2175
1935 1937 2175
2175 1937 2229
1937 4175 2229
3901 1937 1935
4177 1937 3901
9041 4176 9093
8789 8791 9041
8789 9041 9093
3900 8789 9093
8789 4174 8791
8789 3898 4174
3903 1489 4179
3903 1487 1489
1283 1489 1487
1283 1487 3905
1329 1283 3905
4181 1283 1329
9517 4180 3904
9519 4180 9517
9517 4178 9519
9517 3902 4178
3901 1707 4177
3901 1705 1707
3903 1707 1705
4179 1707 3903
9279 4178 3902
9281 4178 9279
3909 1089 1087
4185 1089 3909
4182 4184 3908
4182 3908 9957
10005 4182 9957
10005 9957 3906
1329 3905 1281
3907 4183 4181
3907 4181 1329
1281 3907 1329
9959 4182 10005
9743 9745 9959
9743 9959 10005
3906 9743 10005
9743 4180 9745
9743 3904 4180
3913 779 737
4189 737 779
10349 4188 3912
10351 4188 10349
10349 4186 10351
10349 3910 4186
3909 907 4185
3909 905 907
3911 907 905
4187 907 3911
10159 4186 3910
10161 4186 10159
10159 4184 10161
10159 3908 4184
3907 1089 4183
3907 1087 1089
3917 589 587
4193 589 3917
4190 4192 3916
4190 3916 10527
10571 4190 10527
10571 10527 3914
779 3913 735
3915 4191 4189
3915 4189 779
735 3915 779
10529 4190 10571
3912 4188 3914
3914 4188 10571
4188 10529 10571
3911 3913 4187
4187 3913 737
3922 4196 49
4196 11 49
3919 3921 4195
4195 3921 455
3921 493 455
4197 455 493
4194 4196 3918
3918 4196 3920
4195 4193 3917
4195 3917 3919
10691 4194 3918
10693 4194 10691
10691 4192 10693
10691 3916 4192
3915 589 4191
3915 587 589
3927 385 353
4203 353 385
4200 4202 3924
3924 4202 3926
4201 4199 3923
4201 3923 3925
4198 4200 3924
4198 3924 9
49 4198 9
49 9 3922
493 3921 453
3923 4199 4197
3923 4197 493
453 3923 493
11 4198 49
3920 4196 3922
4207 4205 3929
4207 3929 3931
4204 4206 3930
4204 3930 135
169 4204 135
169 135 3928
385 3927 351
3929 4205 4203
3929 4203 385
351 3929 385
137 4204 169
3926 4202 3928
3928 4202 169
4202 137 169
3925 3927 4201
4201 3927 353
4215 4213 3937
4215 3937 3939
4212 4214 3936
3936 4214 3938
4213 4211 3935
4213 3935 3937
4210 4212 3934
3934 4212 3936
4211 4209 3933
4211 3933 3935
4208 4210 3932
3932 4210 3934
4209 4207 3931
4209 3931 3933
4206 4208 3930
3930 4208 3932
4223 4221 3945
4223 3945 3947
4220 4222 3944
3944 4222 3946
4221 4219 3943
4221 3943 3945
4218 4220 3942
3942 4220 3944
4219 4217 3941
4219 3941 3943
4216 4218 3940
3940 4218 3942
4217 4215 3939
4217 3939 3941
4214 4216 3938
3938 4216 3940
4228 3950 138
3950 191 138
3951 4227 3949
3949 4227 407
4227 354 407
407 354 4225
3948 4224 4226
3948 4226 191
136 3948 191
136 191 3950
3949 407 352
4225 4223 3947
4225 3947 352
407 4225 352
4222 4224 3946
3946 4224 3948
4233 456 527
527 456 4231
3954 4230 4232
3954 4232 83
10 3954 83
10 83 3956
3955 527 454
4231 4229 3953
4231 3953 454
527 4231 454
4228 4230 3952
3952 4230 3954
4229 4227 3951
4229 3951 3953
191 4226 138
3952 3950 4228
10694 3962 10692
10694 4238 3962
4237 588 3961
4237 590 588
4235 588 590
3959 588 4235
4234 4236 3958
3958 4236 3960
4235 4233 3957
4235 3957 3959
83 4232 12
3958 3956 4234
4234 3956 12
3956 83 12
3957 4233 3955
3955 4233 527
4242 3964 10530
3964 10621 10530
3965 4241 3963
3963 4241 829
4241 738 829
829 738 4239
3962 4238 4240
3962 4240 10621
10528 3962 10621
10528 10621 3964
3963 829 736
4239 4237 3961
4239 3961 736
829 4239 736
10694 3960 4236
10692 3960 10694
10162 3970 10160
10162 4246 3970
4245 1088 3969
4245 1090 1088
4243 1088 1090
3967 1088 4243
10352 3966 4242
10350 3966 10352
10352 3968 10350
10352 4244 3968
4243 906 3967
4243 908 906
4241 906 908
3965 906 4241
10621 4240 10530
3966 3964 4242
4249 1488 3973
4249 1490 1488
1488 1490 1284
1488 1284 1395
3971 1488 1395
1395 1284 4247
3970 4246 4248
3970 4248 10071
9958 3970 10071
9958 10071 3972
3971 1395 1282
4247 4245 3969
4247 3969 1282
1395 4247 1282
10162 3968 4244
10160 3968 10162
4251 1936 1938
3975 1936 4251
9520 3974 4250
9518 3974 9520
9520 3976 9518
9520 4252 3976
4251 1706 3975
4251 1708 1706
4249 1706 1708
3973 1706 4249
10071 4248 9960
9960 9746 9744
9960 9744 3972
10071 9960 3972
9746 3974 9744
9746 4250 3974
4255 2418 3979
4255 2420 2418
2418 2420 2178
2418 2178 2307
3977 2418 2307
2307 2178 4253
9282 3976 4252
9280 3976 9282
9280 9282 9040
9040 9282 9171
9282 4254 9171
9040 9171 3978
3977 2307 2176
1936 2176 1938
1938 2176 4253
2176 2307 4253
8266 4258 8143
8000 8143 3982
3981 3343 3200
2936 3200 2938
2938 3200 4257
3200 3343 4257
2936 2938 2674
2936 2674 2672
4255 2672 2674
3979 2672 4255
9171 4254 9042
9042 8792 8790
9042 8790 3978
9171 9042 3978
8792 3980 8790
8792 4256 3980
3983 4167 4018
3742 4018 3744
3744 4018 4259
4018 4167 4259
3742 3744 3468
3742 3468 3466
3466 3468 3202
3466 3202 3343
3981 3466 3343
3343 3202 4257
8530 3980 4256
8528 3980 8530
8528 8530 8266
8528 8266 8264
8264 8266 8000
8000 8266 8143
4584 4586 4298
4584 4298 4296
4296 4298 4020
4296 4020 4167
3983 4296 4167
4167 4020 4259
8143 4258 8002
8002 7728 7726
8002 7726 3982
8143 8002 3982
7726 7728 7452
7726 7452 7450
7450 7452 7174
7174 7452 7323
7452 4260 7323
7174 7323 3984
6888 6890 6602
6888 6602 6600
6600 6602 6314
6600 6314 6312
6312 6314 6026
6312 6026 6024
6024 6026 5738
6024 5738 5736
5736 5738 5450
5736 5450 5448
5448 5450 5162
5448 5162 5160
5160 5162 4874
5160 4874 4872
4872 4874 4586
4872 4586 4584
3745 4021 4019
3745 4019 4169
3801 3745 4169
4455 3745 3801
6027 4454 6085
6085 5739 6027
5797 5739 6085
5797 5451 5739
5509 5451 5797
5509 5163 5451
5221 5163 5509
4453 5163 5221
7323 4260 7176
7176 6890 6888
7176 6888 3984
7323 7176 3984
6025 6085 4454
6085 5737 5797
6085 6025 5737
5797 5449 5509
5797 5737 5449
5509 5161 5221
5509 5449 5161
4873 4875 5161
5161 4875 5221
4875 4453 5221
4875 4873 4587
4587 4873 4585
4587 4585 4299
4299 4585 4297
4299 4297 4021
4021 4297 4019
2939 3203 3201
2939 3201 4171
2993 2939 4171
4457 2939 2993
7453 4456 7509
7175 7177 7453
7175 7453 7509
4170 7175 7509
7177 7175 6891
6891 7175 6889
6891 6889 6603
6603 6889 6601
6603 6601 6315
6315 6601 6313
6313 6025 6315
6315 6025 4454
8267 4458 8321
8001 8003 8267
8001 8267 8321
4172 8001 8321
8003 8001 7729
7729 8001 7727
7727 7451 7729
7729 7451 4456
7451 7509 4456
7509 7451 4170
3801 4169 3743
3467 3469 3743
3743 3469 3801
3469 4455 3801
3469 3467 3203
3203 3467 3201
8793 4460 8845
8529 8531 8793
8529 8793 8845
4174 8529 8845
8529 8265 8531
8531 8265 4458
8265 8321 4458
8321 8265 4172
2993 4171 2937
2673 2675 2937
2937 2675 2993
2675 4457 2993
2421 2675 2673
2421 2673 4173
2473 2421 4173
4459 2421 2473
1709 1939 1937
1709 1937 4177
1757 1709 4177
4463 1709 1757
9041 4462 4176
9043 4462 9041
9041 8791 9043
9043 8791 4460
8791 8845 4460
8845 8791 4174
2473 4173 2419
2177 2179 2419
2419 2179 2473
2179 4459 2473
4175 2179 2177
4461 2179 4175
4464 9747 9793
9569 9519 4178
1757 4177 1707
1707 4179 1537
1757 1707 1537
1491 1757 1537
4463 1757 1491
4465 1491 1537
9521 4464 9569
9281 9283 9521
9281 9521 9569
4178 9281 9569
9281 4462 9283
9281 4176 4462
4175 1939 4461
4175 1937 1939
9959 4468 4182
9961 4468 9959
9959 9745 9961
9961 9745 4466
9745 9793 4466
9793 9745 4180
1537 4179 1489
1283 1285 1489
1489 1285 1537
1285 4465 1537
4181 1285 1283
4467 1285 4181
9747 4466 9793
9519 9569 4180
9569 4464 4180
4464 9793 4180
4470 10353 10393
10205 10161 4184
1133 4183 1089
1089 4185 949
1133 1089 949
909 1133 949
4469 1133 909
4471 909 949
10163 4470 10205
4182 4468 4184
4184 4468 10205
4468 10163 10205
4181 4183 4467
4467 4183 1091
4183 1133 1091
4469 1091 1133
4187 739 4473
4187 737 739
4189 739 737
4475 739 4189
4472 4474 4188
4472 4188 10351
10393 4472 10351
10393 10351 4186
949 4185 907
4187 4473 4471
4187 4471 949
907 4187 949
10353 4472 10393
10161 10205 4186
10205 4470 4186
4470 10393 4186
625 4191 589
4193 4479 4477
4193 4477 625
589 4193 625
10695 4478 10729
4190 4476 4192
4192 4476 10729
4476 10695 10729
4189 4191 4475
4475 4191 591
4191 625 591
4477 591 625
10529 4476 4190
10531 4476 10529
10529 4474 10531
10529 4188 4474
491 4195 455
4197 4483 4481
4197 4481 491
455 4197 491
13 4482 47
4194 4480 4196
4196 4480 47
4480 13 47
4193 4195 4479
4479 4195 457
4195 491 457
4481 457 491
4478 4480 4194
4478 4194 10693
10729 4478 10693
10729 10693 4192
139 4488 167
4200 4486 4202
4202 4486 167
4486 139 167
4199 4201 4485
4485 4201 355
4201 383 355
4487 355 383
4484 4486 4198
4198 4486 4200
4485 4483 4197
4485 4197 4199
4482 4484 4198
4482 4198 11
47 4482 11
47 11 4196
4492 4494 4206
4206 4494 4208
4493 4491 4205
4493 4205 4207
4490 4492 4204
4204 4492 4206
4491 4489 4203
4491 4203 4205
4488 4490 4204
4488 4204 137
167 4488 137
167 137 4202
383 4201 353
4203 4489 4487
4203 4487 383
353 4203 383
315 4213 317
315 4211 4213
315 4499 4497
317 4499 315
229 4498 255
4210 4496 4212
4212 4496 255
4496 229 255
4209 4211 4495
4495 4211 289
4211 315 289
4497 289 315
4494 4496 4208
4208 4496 4210
4495 4493 4207
4495 4207 4209
319 4217 321
319 4215 4217
319 4503 4501
321 4503 319
259 4500 4502
257 4500 259
259 4214 257
259 4216 4214
317 4215 319
317 4213 4215
317 4501 4499
319 4501 317
257 4498 4500
255 4498 257
257 4212 255
257 4214 4212
4506 4508 4220
4220 4508 4222
4507 4505 4219
4507 4219 4221
261 4504 230
4220 4218 4506
4506 4218 230
4218 261 230
4219 4505 4217
4217 4505 321
4505 290 321
321 290 4503
261 4502 4504
259 4502 261
261 4216 259
261 4218 4216
4226 4512 4514
4226 4514 193
138 4226 193
138 193 4228
4227 409 354
4513 4511 4225
4513 4225 354
409 4513 354
4510 4512 4224
4224 4512 4226
4511 4509 4223
4511 4223 4225
4508 4510 4222
4222 4510 4224
4509 4507 4221
4509 4221 4223
4233 529 456
4519 4517 4231
4519 4231 456
529 4519 456
4516 4518 4230
4230 4518 4232
4517 4515 4229
4517 4229 4231
193 4514 140
4230 4228 4516
4516 4228 140
4228 193 140
4229 4515 4227
4227 4515 409
4515 356 409
409 356 4513
4237 671 590
4523 4521 4235
4523 4235 590
671 4523 590
85 4520 14
4236 4234 4522
4522 4234 14
4234 85 14
4235 4521 4233
4233 4521 529
4521 458 529
529 458 4519
4232 4518 4520
4232 4520 85
12 4232 85
12 85 4234
4527 738 4241
4527 740 738
4525 738 740
4239 738 4525
10775 4524 10696
4240 4238 4526
4526 4238 10696
4238 10775 10696
4239 4525 4237
4237 4525 671
4525 592 671
671 592 4523
4236 4522 4524
4236 4524 10775
10694 4236 10775
10694 10775 4238
4531 910 4243
1090 4531 4243
1195 4531 1090
1007 910 4529
4242 4528 4530
4242 4530 10451
10352 4242 10451
10352 10451 4244
4243 1007 908
4529 4527 4241
4529 4241 908
1007 4529 908
10532 4240 4526
10530 4240 10532
10532 4242 10530
10532 4528 4242
10267 4532 10164
4248 4246 4534
4534 4246 10164
4246 10267 10164
4247 4533 4245
4245 4533 1195
4533 1092 1195
1195 1092 4531
10451 4530 10354
4532 10267 10162
10354 4532 10162
4244 10354 10162
10451 10354 4244
10162 10267 4246
4245 1195 1090
910 1007 4243
4537 1492 4249
1708 4537 4249
1831 4537 1708
1607 1492 4535
9962 4248 4534
9960 4248 9962
9960 9962 9746
9746 9962 9863
9962 4536 9863
9746 9863 4250
4249 1607 1490
1284 1490 1286
1286 1490 4535
1490 1607 4535
4533 1284 1286
4247 1284 4533
9284 4254 9282
9284 4540 4254
4539 1938 4253
4539 1940 1938
1938 1940 1710
1938 1710 1831
4251 1938 1831
1831 1710 4537
9863 4536 9748
4538 9643 9520
9748 4538 9520
4250 9748 9520
9863 9748 4250
9520 9643 4252
4251 1831 1708
1492 1607 4249
9044 4254 4540
9042 4254 9044
9042 9044 8792
8792 9044 8927
9044 4542 8927
8792 8927 4256
4255 2555 2420
2178 2420 2180
2180 2420 4541
2420 2555 4541
4539 2178 2180
4253 2178 4539
9643 4538 9522
9522 9284 9282
9522 9282 4252
9643 9522 4252
8927 4542 8794
8794 8532 8530
8794 8530 4256
8927 8794 4256
8530 8532 8266
8266 8532 8407
8532 4544 8407
8266 8407 4258
4257 3079 2938
2674 2938 2676
2676 2938 4543
2938 3079 4543
2674 2676 2422
2674 2422 2555
4255 2674 2555
2555 2422 4541
8002 8004 7730
8002 7730 7728
7728 7730 7452
7452 7730 7599
7730 4546 7599
7452 7599 4260
4259 3891 3744
3468 3744 3470
3470 3744 4545
3744 3891 4545
3468 3470 3204
3468 3204 3202
3202 3204 2940
3202 2940 3079
4257 3202 3079
3079 2940 4543
4876 5162 4547
5162 5315 4547
4874 4876 4588
4874 4588 4586
4586 4588 4300
4586 4300 4298
4298 4300 4022
4298 4022 4020
4020 4022 3746
4020 3746 3891
4259 4020 3891
3891 3746 4545
8407 4544 8268
8268 8004 8002
8268 8002 4258
8407 8268 4258
7176 7178 6892
7176 6892 6890
6890 6892 6604
6890 6604 6602
6602 6604 6316
6602 6316 6314
6314 6316 6026
6026 6316 6179
6316 4548 6179
6026 5891 5738
6026 6179 5891
5738 5603 5450
5738 5891 5603
5450 5315 5162
5450 5603 5315
4874 5162 4876
4877 5165 5163
4877 5163 4453
4933 4877 4453
4741 4877 4933
6179 4548 6028
6028 5891 6179
5740 5891 6028
5740 5603 5891
5452 5603 5740
5452 5315 5603
5164 5315 5452
5315 5164 4547
7599 4546 7454
7454 7178 7176
7454 7176 4260
7599 7454 4260
4023 4021 3747
3747 4021 3745
3471 3747 3745
3471 3745 4455
3525 3471 4455
4743 3471 3525
6317 4742 6373
6027 6029 6317
6027 6317 6373
4454 6027 6373
6029 6027 5741
5741 6027 5739
5741 5739 5453
5453 5739 5451
5453 5451 5165
5165 5451 5163
7179 7177 6893
6893 7177 6891
6893 6891 6605
6605 6891 6603
6603 6315 6605
6605 6315 4742
6315 6373 4742
6373 6315 4454
4933 4453 4875
4587 4589 4875
4875 4589 4933
4589 4741 4933
4589 4587 4301
4301 4587 4299
4301 4299 4023
4023 4299 4021
7729 7785 4744
7785 7729 4456
3525 4455 3469
3203 3205 3469
3469 3205 3525
3205 4743 3525
3205 3203 2941
2941 3203 2939
4457 2941 2939
4745 2941 4457
7731 4744 7785
7453 7455 7731
7453 7731 7785
4456 7453 7785
7455 7453 7179
7179 7453 7177
8795 8793 8533
8533 8793 8531
8531 4746 8533
8531 4458 4746
4457 2677 4745
4457 2675 2677
2677 2675 2423
2423 2675 2421
4459 2423 2421
4747 2423 4459
8267 4746 4458
8269 4746 8267
8269 8267 8005
8005 8267 8003
8003 7729 8005
8005 7729 4744
4463 1711 1709
4751 1711 4463
9285 4750 9333
9043 9045 9285
9043 9285 9333
4462 9043 9333
9043 4748 9045
9043 4460 4748
4459 2181 4747
4459 2179 2181
1941 2181 2179
1941 2179 4461
1989 1941 4461
4749 1941 1989
8793 4748 4460
8795 4748 8793
9747 4752 9749
9747 4464 4752
4463 1493 4751
4463 1491 1493
4465 1493 1491
4753 1493 4465
9521 4752 4464
9523 4752 9521
9521 9283 9523
9523 9283 4750
9283 9333 4750
9333 9283 4462
1989 4461 1939
1709 1711 1939
1939 1711 1989
1711 4749 1989
10163 4756 10165
10163 4468 4756
4467 1093 4755
4467 1091 1093
4469 1093 1091
4757 1093 4469
9961 4756 4468
9963 4756 9961
9961 4754 9963
9961 4466 4754
4465 1287 4753
4465 1285 1287
4467 1287 1285
4755 1287 4467
9747 4754 4466
9749 4754 9747
4474 4760 10569
4760 10533 10569
4471 4473 4759
4759 4473 741
4473 777 741
4761 741 777
10353 4760 4472
10355 4760 10353
10353 4758 10355
10353 4470 4758
4469 911 4757
4469 909 911
4471 911 909
4759 911 4471
10163 4758 4470
10165 4758 10163
10695 4764 10697
10695 4476 4764
4475 593 4763
4475 591 593
4477 593 591
4765 593 4477
4762 4764 4476
4762 4476 10531
10569 4762 10531
10569 10531 4474
777 4473 739
4475 4763 4761
4475 4761 777
739 4475 777
10533 4762 10569
4472 4760 4474
4771 4769 4481
4771 4481 4483
13 4770 4482
15 4770 13
13 4768 15
13 4480 4768
4479 459 4767
4479 457 459
4481 459 457
4769 459 4481
4766 4768 4478
4478 4768 4480
4767 4765 4477
4767 4477 4479
10695 4766 4478
10697 4766 10695
165 4774 139
165 139 4486
381 4485 355
4487 4775 4773
4487 4773 381
355 4487 381
141 4774 165
4484 4772 4486
4486 4772 165
4772 141 165
4483 4485 4771
4771 4485 357
4485 381 357
4773 357 381
4770 4772 4482
4482 4772 4484
4495 313 291
4783 291 313
4780 4782 4492
4492 4782 4494
4781 4779 4491
4781 4491 4493
4778 4780 4490
4490 4780 4492
4779 4777 4489
4779 4489 4491
4776 4778 4488
4488 4778 4490
4777 4775 4487
4777 4487 4489
4774 4776 4488
4774 4488 139
4787 4785 4497
4787 4497 4499
4784 4786 4498
4784 4498 229
253 4784 229
253 229 4496
313 4495 289
4497 4785 4783
4497 4783 313
289 4497 313
231 4784 253
4494 4782 4496
4496 4782 253
4782 231 253
4493 4495 4781
4781 4495 291
230 4504 263
230 263 4506
4505 323 290
4793 4791 4503
4793 4503 290
323 4793 290
4790 4792 4502
4502 4792 4504
4791 4789 4501
4791 4501 4503
4788 4790 4500
4500 4790 4502
4789 4787 4499
4789 4499 4501
4786 4788 4498
4498 4788 4500
4799 4797 4509
4799 4509 4511
4796 4798 4508
4508 4798 4510
4797 4795 4507
4797 4507 4509
263 4794 232
4508 4506 4796
4796 4506 232
4506 263 232
4507 4795 4505
4505 4795 323
4795 292 323
323 292 4793
4504 4792 4794
4504 4794 263
4805 358 411
411 358 4803
4514 4802 4804
4514 4804 195
140 4514 195
140 195 4516
4515 411 356
4803 4801 4513
4803 4513 356
411 4803 356
4800 4802 4512
4512 4802 4514
4801 4799 4511
4801 4511 4513
4798 4800 4510
4510 4800 4512
16 4522 14
16 4810 4522
4809 458 4521
4809 460 458
4807 458 460
4519 458 4807
4806 4808 4518
4518 4808 4520
4807 4805 4517
4807 4517 4519
195 4804 142
4518 4516 4806
4806 4516 142
4516 195 142
4517 4805 4515
4515 4805 411
4815 4525 740
831 4815 740
10698 4524 4812
10696 4524 10698
10698 4526 10696
10698 4814 4526
4813 592 4525
4813 594 592
4811 592 594
4523 592 4811
4810 4812 4522
4522 4812 4524
4811 4809 4521
4811 4521 4523
16 4520 4808
14 4520 16
4817 910 912
4529 910 4817
10623 4816 10534
4530 4528 4818
4818 4528 10534
4528 10623 10534
4529 4817 4527
4527 4817 831
4817 742 831
831 742 4815
4526 4814 4816
4526 4816 10623
10532 4526 10623
10532 10623 4528
4527 831 740
4815 4813 4525
4821 1286 1288
4533 1286 4821
10166 4532 4820
10164 4532 10166
10166 4534 10164
10166 4822 4534
4821 1092 4533
4821 1094 1092
4819 1092 1094
4531 1092 4819
10356 4530 4818
10354 4530 10356
10356 4532 10354
10356 4820 4532
4819 910 4531
4819 912 910
4825 1710 1712
4537 1710 4825
9750 4536 4824
9748 4536 9750
9750 4538 9748
9750 4826 4538
4825 1492 4537
4825 1494 1492
4823 1492 1494
4535 1492 4823
9964 4534 4822
9962 4534 9964
9964 4536 9962
9964 4824 4536
4823 1286 4535
4823 1288 1286
4829 2180 4541
4829 2182 2180
2180 2182 1942
2180 1942 2067
4539 2180 2067
2067 1942 4827
9524 4538 4826
9522 4538 9524
9522 9524 9284
9284 9524 9411
9524 4828 9411
9284 9411 4540
4539 2067 1940
1710 1940 1712
1712 1940 4827
1940 2067 4827
8794 8796 8534
8794 8534 8532
8534 4544 8532
8534 4832 4544
4831 2676 4543
4831 2678 2676
2676 2678 2424
2676 2424 2422
4829 2422 2424
4541 2422 4829
9411 4828 9286
9286 9046 9044
9286 9044 4540
9411 9286 4540
9046 4542 9044
9046 4830 4542
8268 8270 8006
8268 8006 8004
8004 8006 7730
7730 8006 7875
8006 4834 7875
7730 7875 4546
4545 3615 3470
3204 3470 3206
3206 3470 4833
3470 3615 4833
3204 3206 2942
3204 2942 2940
4831 2940 2942
4543 2940 4831
8796 4542 4830
8794 4542 8796
4547 5027 4876
4588 4876 4590
4590 4876 4835
4876 5027 4835
4588 4590 4302
4588 4302 4300
4300 4302 4024
4300 4024 4022
4022 4024 3748
4022 3748 3746
3746 3748 3472
3746 3472 3615
4545 3746 3615
3615 3472 4833
8270 4544 4832
8268 4544 8270
4547 5164 5027
5027 4878 4835
7875 4834 7732
7732 7456 7454
7732 7454 4546
7875 7732 4546
7454 7456 7180
7454 7180 7178
7178 7180 6894
7178 6894 6892
6892 6894 6606
6892 6606 6604
6604 6606 6316
6316 6606 6467
6606 4836 6467
6316 6467 4548
4591 4879 4877
4591 4877 4741
4645 4591 4741
5029 4591 4645
6467 4836 6318
6318 6030 6028
6318 6028 4548
6467 6318 4548
6028 6030 5742
6028 5742 5740
5740 5742 5454
5740 5454 5452
5452 5454 5166
5452 5166 5164
5164 5166 4878
5164 4878 5027
4743 3473 3471
5031 3473 4743
6607 5030 6661
6317 6319 6607
6317 6607 6661
4742 6317 6661
6319 6317 6031
6031 6317 6029
6031 6029 5743
5743 6029 5741
5743 5741 5455
5455 5741 5453
5455 5453 5167
5167 5453 5165
5167 5165 4879
4879 5165 4877
7181 7179 6895
6895 7179 6893
6893 6605 6895
6895 6605 5030
6605 6661 5030
6661 6605 4742
4645 4741 4589
4301 4303 4589
4589 4303 4645
4303 5029 4645
4303 4301 4025
4025 4301 4023
4025 4023 3749
3749 4023 3747
3749 3747 3473
3473 3747 3471
8271 8269 8007
8007 8269 8005
8005 5032 8007
8005 4744 5032
4743 3207 5031
4743 3205 3207
3207 3205 2943
2943 3205 2941
4745 2943 2941
5033 2943 4745
7731 5032 4744
7733 5032 7731
7733 7731 7457
7457 7731 7455
7457 7455 7181
7181 7455 7179
4749 1943 1941
5037 1943 4749
8795 5036 4748
8797 5036 8795
8797 8795 8535
8535 8795 8533
8533 5034 8535
8533 4746 5034
4745 2679 5033
4745 2677 2679
2679 2677 2425
2425 2677 2423
4747 2425 2423
5035 2425 4747
8269 5034 4746
8271 5034 8269
9523 5038 9525
9523 4750 5038
4749 1713 5037
4749 1711 1713
4751 1713 1711
5039 1713 4751
9285 5038 4750
9287 5038 9285
9287 9285 9047
9047 9285 9045
9045 5036 9047
9045 4748 5036
4747 2183 5035
4747 2181 2183
2183 2181 1943
1943 2181 1941
9963 5042 9965
9963 4754 5042
4753 1289 5041
4753 1287 1289
4755 1289 1287
5043 1289 4755
9749 5042 4754
9751 5042 9749
9749 5040 9751
9749 4752 5040
4751 1495 5039
4751 1493 1495
4753 1495 1493
5041 1495 4753
9523 5040 4752
9525 5040 9523
10355 5046 10357
10355 4758 5046
4757 913 5045
4757 911 913
4759 913 911
5047 913 4759
10165 5046 4758
10167 5046 10165
10165 5044 10167
10165 4756 5044
4755 1095 5043
4755 1093 1095
4757 1095 1093
5045 1095 4757
9963 5044 4756
9965 5044 9963
4765 595 593
5053 595 4765
5050 5052 4762
4762 5052 4764
5051 5049 4761
5051 4761 4763
10533 5050 4762
10535 5050 10533
10533 5048 10535
10533 4760 5048
4759 743 5047
4759 741 743
4761 743 741
5049 743 4761
10355 5048 4760
10357 5048 10355
15 5056 17
15 4768 5056
4767 461 5055
4767 459 461
4769 461 459
5057 461 4769
5054 5056 4766
4766 5056 4768
5055 5053 4765
5055 4765 4767
10697 5054 4766
10699 5054 10697
10697 5052 10699
10697 4764 5052
4763 595 5051
4763 593 595
5063 5061 4773
5063 4773 4775
141 5062 4774
143 5062 141
141 5060 143
141 4772 5060
4771 359 5059
4771 357 359
4773 359 357
5061 359 4773
5058 5060 4770
4770 5060 4772
5059 5057 4769
5059 4769 4771
15 5058 4770
17 5058 15
4782 5068 251
5068 233 251
4779 4781 5067
5067 4781 293
4781 311 293
5069 293 311
5066 5068 4778
4778 5068 4780
5067 5065 4777
5067 4777 4779
5064 5066 4776
4776 5066 4778
5065 5063 4775
5065 4775 4777
5062 5064 4774
4774 5064 4776
5075 5073 4785
5075 4785 4787
5072 5074 4784
4784 5074 4786
5073 5071 4783
5073 4783 4785
5070 5072 4784
5070 4784 231
251 5070 231
251 231 4782
311 4781 291
4783 5071 5069
4783 5069 311
291 4783 311
233 5070 251
4780 5068 4782
5083 4793 292
325 5083 292
5080 5082 4792
4792 5082 4794
5081 5079 4791
5081 4791 4793
5078 5080 4790
4790 5080 4792
5079 5077 4789
5079 4789 4791
5076 5078 4788
4788 5078 4790
5077 5075 4787
5077 4787 4789
5074 5076 4786
4786 5076 4788
5087 5085 4797
5087 4797 4799
265 5084 234
4798 4796 5086
5086 4796 234
4796 265 234
4797 5085 4795
4795 5085 325
5085 294 325
325 294 5083
4794 5082 5084
4794 5084 265
232 4794 265
232 265 4796
4795 325 292
5083 5081 4793
144 4806 142
144 5094 4806
5093 358 4805
5093 360 358
5091 358 360
4803 358 5091
5090 5092 4802
4802 5092 4804
5091 5089 4801
5091 4801 4803
5088 5090 4800
4800 5090 4802
5089 5087 4799
5089 4799 4801
5086 5088 4798
4798 5088 4800
5099 5097 4809
5099 4809 4811
18 4808 5096
16 4808 18
18 4810 16
18 5098 4810
5097 460 4809
5097 462 460
5095 460 462
4807 460 5095
5094 5096 4806
4806 5096 4808
5095 5093 4805
5095 4805 4807
144 4804 5092
142 4804 144
5103 742 744
4815 742 5103
5102 5104 4814
4814 5104 4816
5103 5101 4813
5103 4813 4815
10700 4812 5100
10698 4812 10700
10700 4814 10698
10700 5102 4814
5101 594 4813
5101 596 594
5099 594 596
4811 594 5099
5098 5100 4810
4810 5100 4812
5107 1094 1096
4819 1094 5107
10358 4818 5106
10356 4818 10358
10358 4820 10356
10358 5108 4820
5107 912 4819
5107 914 912
5105 912 914
4817 912 5105
10536 4816 5104
10534 4816 10536
10536 4818 10534
10536 5106 4818
5105 742 4817
5105 744 742
5111 1494 1496
4823 1494 5111
9966 4822 5110
9964 4822 9966
9966 4824 9964
9966 5112 4824
5111 1288 4823
5111 1290 1288
5109 1288 1290
4821 1288 5109
10168 4820 5108
10166 4820 10168
10168 4822 10166
10168 5110 4822
5109 1094 4821
5109 1096 1094
5115 1942 1944
4827 1942 5115
9526 4826 5114
9524 4826 9526
9526 4828 9524
9526 5116 4828
5115 1712 4827
5115 1714 1712
5113 1712 1714
4825 1712 5113
9752 4824 5112
9750 4824 9752
9752 4826 9750
9752 5114 4826
5113 1494 4825
5113 1496 1494
5119 2678 4831
5119 2680 2678
2678 2680 2426
2678 2426 2424
5117 2424 2426
4829 2424 5117
9288 4828 5116
9286 4828 9288
9286 9288 9048
9286 9048 9046
9048 4830 9046
9048 5118 4830
5117 2182 4829
5117 2184 2182
2182 2184 1944
2182 1944 1942
8270 8272 8008
8270 8008 8006
8008 4834 8006
8008 5122 4834
5121 3206 4833
5121 3208 3206
3206 3208 2944
3206 2944 2942
5119 2942 2944
4831 2942 5119
8798 4830 5118
8796 4830 8798
8796 8798 8536
8796 8536 8534
8536 4832 8534
8536 5120 4832
6896 5124 6755
6606 6755 4836
4835 4739 4590
4302 4590 4304
4304 4590 5123
4590 4739 5123
4302 4304 4026
4302 4026 4024
4024 4026 3750
4024 3750 3748
3748 3750 3474
3748 3474 3472
5121 3472 3474
4833 3472 5121
8272 4832 5120
8270 4832 8272
5166 5168 4880
5166 4880 4878
4878 4880 4592
4878 4592 4739
4835 4878 4739
4739 4592 5123
7734 4834 5122
7732 4834 7734
7732 7734 7458
7732 7458 7456
7456 7458 7182
7456 7182 7180
7180 7182 6896
7180 6896 6894
6894 6896 6606
6606 6896 6755
4305 4593 4591
4305 4591 5029
4357 4305 5029
5317 4305 4357
6755 5124 6608
6608 6320 6318
6608 6318 4836
6755 6608 4836
6318 6320 6032
6318 6032 6030
6030 6032 5744
6030 5744 5742
5742 5744 5456
5742 5456 5454
5454 5456 5168
5454 5168 5166
6607 6897 6949
5030 6607 6949
6609 6607 6321
6321 6607 6319
6321 6319 6033
6033 6319 6031
6033 6031 5745
5745 6031 5743
5745 5743 5457
5457 5743 5455
5457 5455 5169
5169 5455 5167
5169 5167 4881
4881 5167 4879
4881 4879 4593
4593 4879 4591
7181 6895 7183
7183 6895 5318
6895 6949 5318
6949 6895 5030
4357 5029 4303
4025 4027 4303
4303 4027 4357
4027 5317 4357
4027 4025 3751
3751 4025 3749
3751 3749 3475
3475 3749 3473
5031 3475 3473
5319 3475 5031
6897 5318 6949
6607 6609 6897
8007 5320 8009
8007 5032 5320
5031 3209 5319
5031 3207 3209
3209 3207 2945
2945 3207 2943
2681 2945 2943
2681 2943 5033
2729 2681 5033
5321 2681 2729
7733 5320 5032
7735 5320 7733
7735 7733 7459
7459 7733 7457
7459 7457 7183
7183 7457 7181
8797 8535 8799
8799 8535 5322
8535 8585 5322
8585 8535 5034
2729 5033 2679
2425 2427 2679
2679 2427 2729
2427 5321 2729
5035 2427 2425
5323 2427 5035
8537 5322 8585
8271 8273 8537
8271 8537 8585
5034 8271 8585
8273 8271 8009
8009 8271 8007
5039 1715 1713
5327 1715 5039
9287 5326 5038
9289 5326 9287
9289 9287 9049
9049 9287 9047
9047 5324 9049
9047 5036 5324
5035 2185 5323
5035 2183 2185
2185 2183 1945
1945 2183 1943
5037 1945 1943
5325 1945 5037
8797 5324 5036
8799 5324 8797
5043 1291 1289
5331 1291 5043
9751 5330 5042
9753 5330 9751
9751 5328 9753
9751 5040 5328
5039 1497 5327
5039 1495 1497
5041 1497 1495
5329 1497 5041
9525 5328 5040
9527 5328 9525
9525 5326 9527
9525 5038 5326
5037 1715 5325
5037 1713 1715
5047 915 913
5335 915 5047
10167 5334 5046
10169 5334 10167
10167 5332 10169
10167 5044 5332
5043 1097 5331
5043 1095 1097
5045 1097 1095
5333 1097 5045
9965 5332 5044
9967 5332 9965
9965 5330 9967
9965 5042 5330
5041 1291 5329
5041 1289 1291
5339 5337 5049
5339 5049 5051
10535 5338 5050
10537 5338 10535
10535 5336 10537
10535 5048 5336
5047 745 5335
5047 743 745
5049 745 743
5337 745 5049
10357 5336 5048
10359 5336 10357
10357 5334 10359
10357 5046 5334
5045 915 5333
5045 913 915
5056 5342 45
5342 19 45
5053 5055 5341
5341 5055 463
5055 489 463
5343 463 489
10699 5342 5054
10701 5342 10699
10699 5340 10701
10699 5052 5340
5051 597 5339
5051 595 597
5053 597 595
5341 597 5053
5338 5340 5050
5050 5340 5052
5061 361 359
5349 361 5061
5346 5348 5058
5058 5348 5060
5347 5345 5057
5347 5057 5059
5344 5346 5058
5344 5058 17
45 5344 17
45 17 5056
489 5055 461
5057 5345 5343
5057 5343 489
461 5057 489
19 5344 45
5054 5342 5056
5067 309 295
5355 295 309
5352 5354 5064
5064 5354 5066
5353 5351 5063
5353 5063 5065
5350 5352 5062
5062 5352 5064
5351 5349 5061
5351 5061 5063
143 5350 5062
145 5350 143
143 5348 145
143 5060 5348
5059 361 5347
5059 359 361
5359 5357 5069
5359 5069 5071
5356 5358 5070
5356 5070 233
249 5356 233
249 233 5068
309 5067 293
5069 5357 5355
5069 5355 309
293 5069 309
235 5356 249
5066 5354 5068
5068 5354 249
5354 235 249
5065 5067 5353
5353 5067 295
5367 5365 5077
5367 5077 5079
5364 5366 5076
5076 5366 5078
5365 5363 5075
5365 5075 5077
5362 5364 5074
5074 5364 5076
5363 5361 5073
5363 5073 5075
5360 5362 5072
5072 5362 5074
5361 5359 5071
5361 5071 5073
5358 5360 5070
5070 5360 5072
234 5084 267
234 267 5086
5085 327 294
5373 5371 5083
5373 5083 294
327 5373 294
5370 5372 5082
5082 5372 5084
5371 5369 5081
5371 5081 5083
5368 5370 5080
5080 5370 5082
5369 5367 5079
5369 5079 5081
5366 5368 5078
5078 5368 5080
5379 5377 5089
5379 5089 5091
5376 5378 5088
5088 5378 5090
5377 5375 5087
5377 5087 5089
267 5374 236
5088 5086 5376
5376 5086 236
5086 267 236
5087 5375 5085
5085 5375 327
5375 296 327
327 296 5373
5084 5372 5374
5084 5374 267
5385 5095 462
531 5385 462
5382 5384 5094
5094 5384 5096
5383 5381 5093
5383 5093 5095
146 5092 5380
144 5092 146
146 5094 144
146 5382 5094
5381 360 5093
5381 362 360
5379 360 362
5091 360 5379
5378 5380 5090
5090 5380 5092
5387 596 598
5099 596 5387
87 5386 20
5100 5098 5388
5388 5098 20
5098 87 20
5099 5387 5097
5097 5387 531
5387 464 531
531 464 5385
5096 5384 5386
5096 5386 87
18 5096 87
18 87 5098
5097 531 462
5385 5383 5095
10538 5106 10536
10538 5394 5106
5393 744 5105
5393 746 744
5391 744 746
5103 744 5391
5390 5392 5102
5102 5392 5104
5391 5389 5101
5391 5101 5103
10702 5100 5388
10700 5100 10702
10702 5102 10700
10702 5390 5102
5389 596 5101
5389 598 596
10170 5110 10168
10170 5398 5110
5397 1096 5109
5397 1098 1096
5395 1096 1098
5107 1096 5395
10360 5106 5394
10358 5106 10360
10360 5108 10358
10360 5396 5108
5395 914 5107
5395 916 914
5393 914 916
5105 914 5393
10538 5104 5392
10536 5104 10538
9754 5114 9752
9754 5402 5114
5401 1496 5113
5401 1498 1496
5399 1496 1498
5111 1496 5399
9968 5110 5398
9966 5110 9968
9968 5112 9966
9968 5400 5112
5399 1290 5111
5399 1292 1290
5397 1290 1292
5109 1290 5397
10170 5108 5396
10168 5108 10170
5405 2184 5117
5405 2186 2184
2184 2186 1946
2184 1946 1944
5403 1944 1946
5115 1944 5403
9528 5114 5402
9526 5114 9528
9528 5116 9526
9528 5404 5116
5403 1714 5115
5403 1716 1714
5401 1714 1716
5113 1714 5401
9754 5112 5400
9752 5112 9754
8798 8800 8536
8536 8800 8671
8800 5408 8671
8536 8671 5120
5119 2815 2680
2426 2680 2428
2428 2680 5407
2680 2815 5407
5405 2426 2428
5117 2426 5405
9290 5116 5404
9288 5116 9290
9288 9290 9050
9288 9050 9048
9050 5118 9048
9050 5406 5118
8538 8272 5120
8671 8538 5120
8272 8274 8010
8272 8010 8008
8010 5122 8008
8010 5410 5122
5409 3208 5121
5409 3210 3208
3208 3210 2946
3208 2946 2944
2944 2946 2682
2944 2682 2815
5119 2944 2815
2815 2682 5407
8800 5118 5406
8798 5118 8800
7182 7184 6896
6896 7184 7043
7184 5412 7043
6896 7043 5124
5123 4451 4304
4026 4304 4028
4028 4304 5411
4304 4451 5411
4026 4028 3752
4026 3752 3750
3750 3752 3476
3750 3476 3474
5409 3474 3476
5121 3474 5409
8671 5408 8538
8538 8274 8272
5456 5458 5170
5456 5170 5168
5168 5170 4882
5168 4882 4880
4880 4882 4594
4880 4594 4592
4592 4594 4306
4592 4306 4451
5123 4592 4451
4451 4306 5411
7736 5122 5410
7734 5122 7736
7734 7736 7460
7734 7460 7458
7458 7460 7184
7458 7184 7182
4595 4593 4307
4307 4593 4305
5317 4307 4305
5605 4307 5317
7043 5412 6898
6898 6610 6608
6898 6608 5124
7043 6898 5124
6608 6610 6322
6608 6322 6320
6320 6322 6034
6320 6034 6032
6032 6034 5746
6032 5746 5744
5744 5746 5458
5744 5458 5456
6899 6897 6611
6611 6897 6609
6611 6609 6323
6323 6609 6321
6323 6321 6035
6035 6321 6033
6035 6033 5747
5747 6033 5745
5747 5745 5459
5459 5745 5457
5459 5457 5171
5171 5457 5169
5171 5169 4883
4883 5169 4881
4883 4881 4595
4595 4881 4593
7737 7735 7461
7461 7735 7459
7461 7459 7185
7185 7459 7183
7183 5606 7185
7183 5318 5606
5317 4029 5605
5317 4027 4029
4029 4027 3753
3753 4027 3751
3753 3751 3477
3477 3751 3475
5319 3477 3475
5607 3477 5319
6897 5606 5318
6899 5606 6897
8539 8537 8275
8275 8537 8273
8275 8273 8011
8011 8273 8009
8009 5608 8011
8009 5320 5608
5319 3211 5607
5319 3209 3211
3211 3209 2947
2947 3209 2945
2947 2945 2683
2683 2945 2681
5321 2683 2681
5609 2683 5321
7735 5608 5320
7737 5608 7735
5323 2187 5611
5323 2185 2187
2187 2185 1947
1947 2185 1945
5325 1947 1945
5613 1947 5325
8799 5612 5324
8801 5612 8799
8799 5610 8801
8799 5322 5610
5321 2429 5609
5321 2427 2429
5323 2429 2427
5611 2429 5323
8537 5610 5322
8539 5610 8537
5329 1499 1497
5617 1499 5329
9527 5616 5328
9529 5616 9527
9527 5614 9529
9527 5326 5614
5325 1717 5613
5325 1715 1717
5327 1717 1715
5615 1717 5327
9289 5614 5326
9291 5614 9289
9291 9289 9051
9051 9289 9049
9049 5612 9051
9049 5324 5612
5333 1099 1097
5621 1099 5333
9967 5620 5332
9969 5620 9967
9967 5618 9969
9967 5330 5618
5329 1293 5617
5329 1291 1293
5331 1293 1291
5619 1293 5331
9753 5618 5330
9755 5618 9753
9753 5616 9755
9753 5328 5616
5327 1499 5615
5327 1497 1499
5337 747 745
5625 747 5337
10359 5624 5336
10361 5624 10359
10359 5622 10361
10359 5334 5622
5333 917 5621
5333 915 917
5335 917 915
5623 917 5335
10169 5622 5334
10171 5622 10169
10169 5620 10171
10169 5332 5620
5331 1099 5619
5331 1097 1099
10701 5628 10703
10701 5340 5628
5339 599 5627
5339 597 599
5341 599 597
5629 599 5341
5626 5628 5338
5338 5628 5340
5627 5625 5337
5627 5337 5339
10537 5626 5338
10539 5626 10537
10537 5624 10539
10537 5336 5624
5335 747 5623
5335 745 747
5635 5633 5345
5635 5345 5347
5632 5634 5344
5344 5634 5346
5633 5631 5343
5633 5343 5345
19 5632 5344
21 5632 19
19 5630 21
19 5342 5630
5341 465 5629
5341 463 465
5343 465 463
5631 465 5343
10701 5630 5342
10703 5630 10701
5641 5639 5351
5641 5351 5353
5638 5640 5350
5350 5640 5352
5639 5637 5349
5639 5349 5351
145 5638 5350
147 5638 145
145 5636 147
145 5348 5636
5347 363 5635
5347 361 363
5349 363 361
5637 363 5349
5634 5636 5346
5346 5636 5348
5647 5645 5357
5647 5357 5359
5644 5646 5356
5356 5646 5358
5645 5643 5355
5645 5355 5357
235 5644 5356
237 5644 235
235 5642 237
235 5354 5642
5353 297 5641
5353 295 297
5355 297 295
5643 297 5355
5640 5642 5352
5352 5642 5354
5655 5653 5365
5655 5365 5367
5652 5654 5364
5364 5654 5366
5653 5651 5363
5653 5363 5365
5650 5652 5362
5362 5652 5364
5651 5649 5361
5651 5361 5363
5648 5650 5360
5360 5650 5362
5649 5647 5359
5649 5359 5361
5646 5648 5358
5358 5648 5360
5661 296 298
5373 296 5661
5660 5662 5372
5372 5662 5374
5661 5659 5371
5661 5371 5373
5658 5660 5370
5370 5660 5372
5659 5657 5369
5659 5369 5371
5656 5658 5368
5368 5658 5370
5657 5655 5367
5657 5367 5369
5654 5656 5366
5366 5656 5368
5667 362 364
5379 362 5667
5666 5668 5378
5378 5668 5380
5667 5665 5377
5667 5377 5379
5664 5666 5376
5376 5666 5378
5665 5663 5375
5665 5375 5377
238 5374 5662
236 5374 238
238 5376 236
238 5664 5376
5663 296 5375
5663 298 296
5673 464 466
5385 464 5673
5672 5674 5384
5384 5674 5386
5673 5671 5383
5673 5383 5385
5670 5672 5382
5382 5672 5384
5671 5669 5381
5671 5381 5383
148 5380 5668
146 5380 148
148 5382 146
148 5670 5382
5669 362 5381
5669 364 362
5679 5677 5389
5679 5389 5391
10704 5388 5676
10702 5388 10704
10704 5390 10702
10704 5678 5390
5677 598 5389
5677 600 598
5675 598 600
5387 598 5675
22 5386 5674
20 5386 22
22 5388 20
22 5676 5388
5675 464 5387
5675 466 464
10362 5396 10360
10362 5684 5396
5683 916 5395
5683 918 916
5681 916 918
5393 916 5681
10540 5392 5680
10538 5392 10540
10540 5394 10538
10540 5682 5394
5681 746 5393
5681 748 746
5679 746 748
5391 746 5679
5678 5680 5390
5390 5680 5392
9970 5400 9968
9970 5688 5400
5687 1292 5399
5687 1294 1292
5685 1292 1294
5397 1292 5685
10172 5396 5684
10170 5396 10172
10172 5398 10170
10172 5686 5398
5685 1098 5397
5685 1100 1098
5683 1098 1100
5395 1098 5683
10362 5394 5682
10360 5394 10362
9530 5404 9528
9530 5692 5404
5691 1716 5403
5691 1718 1716
5689 1716 1718
5401 1716 5689
9756 5400 5688
9754 5400 9756
9756 5402 9754
9756 5690 5402
5689 1498 5401
5689 1500 1498
5687 1498 1500
5399 1498 5687
9970 5398 5686
9968 5398 9970
5693 2428 2430
5405 2428 5693
9292 5404 5692
9290 5404 9292
9290 9292 9052
9290 9052 9050
9052 5406 9050
9052 5694 5406
5693 2186 5405
5693 2188 2186
2186 2188 1948
2186 1948 1946
5691 1946 1948
5403 1946 5691
9530 5402 5690
9528 5402 9530
8012 5410 8010
8012 5698 5410
5697 3210 5409
5697 3212 3210
3210 3212 2948
3210 2948 2946
2946 2948 2684
2946 2684 2682
5695 2682 2684
5407 2682 5695
8802 5406 5694
8800 5406 8802
8802 5408 8800
8802 5696 5408
5695 2428 5407
5695 2430 2428
7186 5412 7184
7186 5700 5412
5699 4028 5411
5699 4030 4028
4028 4030 3754
4028 3754 3752
3752 3754 3478
3752 3478 3476
5697 3476 3478
5409 3476 5697
8540 5408 5696
8538 5408 8540
8538 8540 8276
8538 8276 8274
8274 8276 8012
8274 8012 8010
5458 5460 5172
5458 5172 5170
5170 5172 4884
5170 4884 4882
4882 4884 4596
4882 4596 4594
4594 4596 4308
4594 4308 4306
5699 4306 4308
5411 4306 5699
7738 5410 5698
7736 5410 7738
7736 7738 7462
7736 7462 7460
7460 7462 7186
7460 7186 7184
4597 4595 4309
4309 4595 4307
5605 4309 4307
5893 4309 5605
6900 5412 5700
6898 5412 6900
6898 6900 6612
6898 6612 6610
6610 6612 6324
6610 6324 6322
6322 6324 6036
6322 6036 6034
6034 6036 5748
6034 5748 5746
5746 5748 5460
5746 5460 5458
6901 6899 6613
6613 6899 6611
6613 6611 6325
6325 6611 6323
6325 6323 6037
6037 6323 6035
6037 6035 5749
5749 6035 5747
5749 5747 5461
5461 5747 5459
5461 5459 5173
5173 5459 5171
5173 5171 4885
4885 5171 4883
4885 4883 4597
4597 4883 4595
7739 7737 7463
7463 7737 7461
7463 7461 7187
7187 7461 7185
7185 5894 7187
7185 5606 5894
5605 4031 5893
5605 4029 4031
4031 4029 3755
3755 4029 3753
3755 3753 3479
3479 3753 3477
5607 3479 3477
5895 3479 5607
6899 5894 5606
6901 5894 6899
8541 8539 8277
8277 8539 8275
8277 8275 8013
8013 8275 8011
8011 5896 8013
8011 5608 5896
5607 3213 5895
5607 3211 3213
3213 3211 2949
2949 3211 2947
2949 2947 2685
2685 2947 2683
5609 2685 2683
5897 2685 5609
7737 5896 5608
7739 5896 7737
5611 2189 5899
5611 2187 2189
2189 2187 1949
1949 2187 1947
5613 1949 1947
5901 1949 5613
8801 5900 5612
8803 5900 8801
8801 5898 8803
8801 5610 5898
5609 2431 5897
5609 2429 2431
5611 2431 2429
5899 2431 5611
8539 5898 5610
8541 5898 8539
5617 1501 1499
5905 1501 5617
9529 5904 5616
9531 5904 9529
9529 5902 9531
9529 5614 5902
5613 1719 5901
5613 1717 1719
5615 1719 1717
5903 1719 5615
9291 5902 5614
9293 5902 9291
9293 9291 9053
9053 9291 9051
9051 5900 9053
9051 5612 5900
5621 1101 1099
5909 1101 5621
9969 5908 5620
9971 5908 9969
9969 5906 9971
9969 5618 5906
5617 1295 5905
5617 1293 1295
5619 1295 1293
5907 1295 5619
9755 5906 5618
9757 5906 9755
9755 5904 9757
9755 5616 5904
5615 1501 5903
5615 1499 1501
5625 749 747
5913 749 5625
10361 5912 5624
10363 5912 10361
10361 5910 10363
10361 5622 5910
5621 919 5909
5621 917 919
5623 919 917
5911 919 5623
10171 5910 5622
10173 5910 10171
10171 5908 10173
10171 5620 5908
5619 1101 5907
5619 1099 1101
10703 5916 10705
10703 5628 5916
5627 601 5915
5627 599 601
5629 601 599
5917 601 5629
5914 5916 5626
5626 5916 5628
5915 5913 5625
5915 5625 5627
10539 5914 5626
10541 5914 10539
10539 5912 10541
10539 5624 5912
5623 749 5911
5623 747 749
5923 5921 5633
5923 5633 5635
5920 5922 5632
5632 5922 5634
5921 5919 5631
5921 5631 5633
21 5920 5632
23 5920 21
21 5918 23
21 5630 5918
5629 467 5917
5629 465 467
5631 467 465
5919 467 5631
10703 5918 5630
10705 5918 10703
5929 5927 5639
5929 5639 5641
5926 5928 5638
5638 5928 5640
5927 5925 5637
5927 5637 5639
147 5926 5638
149 5926 147
147 5924 149
147 5636 5924
5635 365 5923
5635 363 365
5637 365 363
5925 365 5637
5922 5924 5634
5634 5924 5636
5935 5933 5645
5935 5645 5647
5932 5934 5644
5644 5934 5646
5933 5931 5643
5933 5643 5645
237 5932 5644
239 5932 237
237 5930 239
237 5642 5930
5641 299 5929
5641 297 299
5643 299 297
5931 299 5643
5928 5930 5640
5640 5930 5642
5943 5941 5653
5943 5653 5655
5940 5942 5652
5652 5942 5654
5941 5939 5651
5941 5651 5653
5938 5940 5650
5650 5940 5652
5939 5937 5649
5939 5649 5651
5936 5938 5648
5648 5938 5650
5937 5935 5647
5937 5647 5649
5934 5936 5646
5646 5936 5648
5949 298 300
5661 298 5949
5948 5950 5660
5660 5950 5662
5949 5947 5659
5949 5659 5661
5946 5948 5658
5658 5948 5660
5947 5945 5657
5947 5657 5659
5944 5946 5656
5656 5946 5658
5945 5943 5655
5945 5655 5657
5942 5944 5654
5654 5944 5656
5955 364 366
5667 364 5955
5954 5956 5666
5666 5956 5668
5955 5953 5665
5955 5665 5667
5952 5954 5664
5664 5954 5666
5953 5951 5663
5953 5663 5665
240 5662 5950
238 5662 240
240 5664 238
240 5952 5664
5951 298 5663
5951 300 298
5961 466 468
5673 466 5961
5960 5962 5672
5672 5962 5674
5961 5959 5671
5961 5671 5673
5958 5960 5670
5670 5960 5672
5959 5957 5669
5959 5669 5671
150 5668 5956
148 5668 150
150 5670 148
150 5958 5670
5957 364 5669
5957 366 364
5967 5965 5677
5967 5677 5679
10706 5676 5964
10704 5676 10706
10706 5678 10704
10706 5966 5678
5965 600 5677
5965 602 600
5963 600 602
5675 600 5963
24 5674 5962
22 5674 24
24 5676 22
24 5964 5676
5963 466 5675
5963 468 466
10364 5684 10362
10364 5972 5684
5971 918 5683
5971 920 918
5969 918 920
5681 918 5969
10542 5680 5968
10540 5680 10542
10542 5682 10540
10542 5970 5682
5969 748 5681
5969 750 748
5967 748 750
5679 748 5967
5966 5968 5678
5678 5968 5680
9972 5688 9970
9972 5976 5688
5975 1294 5687
5975 1296 1294
5973 1294 1296
5685 1294 5973
10174 5684 5972
10172 5684 10174
10174 5686 10172
10174 5974 5686
5973 1100 5685
5973 1102 1100
5971 1100 1102
5683 1100 5971
10364 5682 5970
10362 5682 10364
9532 5692 9530
9532 5980 5692
5979 1718 5691
5979 1720 1718
5977 1718 1720
5689 1718 5977
9758 5688 5976
9756 5688 9758
9758 5690 9756
9758 5978 5690
5977 1500 5689
5977 1502 1500
5975 1500 1502
5687 1500 5975
9972 5686 5974
9970 5686 9972
5981 2430 2432
5693 2430 5981
9294 5692 5980
9292 5692 9294
9292 9294 9054
9292 9054 9052
9054 5694 9052
9054 5982 5694
5981 2188 5693
5981 2190 2188
2188 2190 1950
2188 1950 1948
5979 1948 1950
5691 1948 5979
9532 5690 5978
9530 5690 9532
8014 5698 8012
8014 5986 5698
5985 3212 5697
5985 3214 3212
3212 3214 2950
3212 2950 2948
2948 2950 2686
2948 2686 2684
5983 2684 2686
5695 2684 5983
8804 5694 5982
8802 5694 8804
8804 5696 8802
8804 5984 5696
5983 2430 5695
5983 2432 2430
7188 5700 7186
7188 5988 5700
5987 4030 5699
5987 4032 4030
4030 4032 3756
4030 3756 3754
3754 3756 3480
3754 3480 3478
5985 3478 3480
5697 3478 5985
8542 5696 5984
8540 5696 8542
8540 8542 8278
8540 8278 8276
8276 8278 8014
8276 8014 8012
5460 5462 5174
5460 5174 5172
5172 5174 4886
5172 4886 4884
4884 4886 4598
4884 4598 4596
4596 4598 4310
4596 4310 4308
5987 4308 4310
5699 4308 5987
7740 5698 5986
7738 5698 7740
7738 7740 7464
7738 7464 7462
7462 7464 7188
7462 7188 7186
4599 4597 4311
4311 4597 4309
5893 4311 4309
6181 4311 5893
6902 5700 5988
6900 5700 6902
6900 6902 6614
6900 6614 6612
6612 6614 6326
6612 6326 6324
6324 6326 6038
6324 6038 6036
6036 6038 5750
6036 5750 5748
5748 5750 5462
5748 5462 5460
6903 6901 6615
6615 6901 6613
6615 6613 6327
6327 6613 6325
6327 6325 6039
6039 6325 6037
6039 6037 5751
5751 6037 5749
5751 5749 5463
5463 5749 5461
5463 5461 5175
5175 5461 5173
5175 5173 4887
4887 5173 4885
4887 4885 4599
4599 4885 4597
7741 7739 7465
7465 7739 7463
7465 7463 7189
7189 7463 7187
7187 6182 7189
7187 5894 6182
5893 4033 6181
5893 4031 4033
4033 4031 3757
3757 4031 3755
3757 3755 3481
3481 3755 3479
5895 3481 3479
6183 3481 5895
6901 6182 5894
6903 6182 6901
8543 8541 8279
8279 8541 8277
8279 8277 8015
8015 8277 8013
8013 6184 8015
8013 5896 6184
5895 3215 6183
5895 3213 3215
3215 3213 2951
2951 3213 2949
2951 2949 2687
2687 2949 2685
5897 2687 2685
6185 2687 5897
7739 6184 5896
7741 6184 7739
5899 2191 6187
5899 2189 2191
2191 2189 1951
1951 2189 1949
5901 1951 1949
6189 1951 5901
8803 6188 5900
8805 6188 8803
8803 6186 8805
8803 5898 6186
5897 2433 6185
5897 2431 2433
5899 2433 2431
6187 2433 5899
8541 6186 5898
8543 6186 8541
5905 1503 1501
6193 1503 5905
9531 6192 5904
9533 6192 9531
9531 6190 9533
9531 5902 6190
5901 1721 6189
5901 1719 1721
5903 1721 1719
6191 1721 5903
9293 6190 5902
9295 6190 9293
9295 9293 9055
9055 9293 9053
9053 6188 9055
9053 5900 6188
5909 1103 1101
6197 1103 5909
9971 6196 5908
9973 6196 9971
9971 6194 9973
9971 5906 6194
5905 1297 6193
5905 1295 1297
5907 1297 1295
6195 1297 5907
9757 6194 5906
9759 6194 9757
9757 6192 9759
9757 5904 6192
5903 1503 6191
5903 1501 1503
5913 751 749
6201 751 5913
10363 6200 5912
10365 6200 10363
10363 6198 10365
10363 5910 6198
5909 921 6197
5909 919 921
5911 921 919
6199 921 5911
10173 6198 5910
10175 6198 10173
10173 6196 10175
10173 5908 6196
5907 1103 6195
5907 1101 1103
10705 6204 10707
10705 5916 6204
5915 603 6203
5915 601 603
5917 603 601
6205 603 5917
6202 6204 5914
5914 6204 5916
6203 6201 5913
6203 5913 5915
10541 6202 5914
10543 6202 10541
10541 6200 10543
10541 5912 6200
5911 751 6199
5911 749 751
6211 6209 5921
6211 5921 5923
6208 6210 5920
5920 6210 5922
6209 6207 5919
6209 5919 5921
23 6208 5920
25 6208 23
23 6206 25
23 5918 6206
5917 469 6205
5917 467 469
5919 469 467
6207 469 5919
10705 6206 5918
10707 6206 10705
6217 6215 5927
6217 5927 5929
6214 6216 5926
5926 6216 5928
6215 6213 5925
6215 5925 5927
149 6214 5926
151 6214 149
149 6212 151
149 5924 6212
5923 367 6211
5923 365 367
5925 367 365
6213 367 5925
6210 6212 5922
5922 6212 5924
6223 6221 5933
6223 5933 5935
6220 6222 5932
5932 6222 5934
6221 6219 5931
6221 5931 5933
239 6220 5932
241 6220 239
239 6218 241
239 5930 6218
5929 301 6217
5929 299 301
5931 301 299
6219 301 5931
6216 6218 5928
5928 6218 5930
6231 6229 5941
6231 5941 5943
6228 6230 5940
5940 6230 5942
6229 6227 5939
6229 5939 5941
6226 6228 5938
5938 6228 5940
6227 6225 5937
6227 5937 5939
6224 6226 5936
5936 6226 5938
6225 6223 5935
6225 5935 5937
6222 6224 5934
5934 6224 5936
6237 300 302
5949 300 6237
6236 6238 5948
5948 6238 5950
6237 6235 5947
6237 5947 5949
6234 6236 5946
5946 6236 5948
6235 6233 5945
6235 5945 5947
6232 6234 5944
5944 6234 5946
6233 6231 5943
6233 5943 5945
6230 6232 5942
5942 6232 5944
6243 366 368
5955 366 6243
6242 6244 5954
5954 6244 5956
6243 6241 5953
6243 5953 5955
6240 6242 5952
5952 6242 5954
6241 6239 5951
6241 5951 5953
242 5950 6238
240 5950 242
242 5952 240
242 6240 5952
6239 300 5951
6239 302 300
6249 468 470
5961 468 6249
6248 6250 5960
5960 6250 5962
6249 6247 5959
6249 5959 5961
6246 6248 5958
5958 6248 5960
6247 6245 5957
6247 5957 5959
152 5956 6244
150 5956 152
152 5958 150
152 6246 5958
6245 366 5957
6245 368 366
6255 6253 5965
6255 5965 5967
10708 5964 6252
10706 5964 10708
10708 5966 10706
10708 6254 5966
6253 602 5965
6253 604 602
6251 602 604
5963 602 6251
26 5962 6250
24 5962 26
26 5964 24
26 6252 5964
6251 468 5963
6251 470 468
10366 5972 10364
10366 6260 5972
6259 920 5971
6259 922 920
6257 920 922
5969 920 6257
10544 5968 6256
10542 5968 10544
10544 5970 10542
10544 6258 5970
6257 750 5969
6257 752 750
6255 750 752
5967 750 6255
6254 6256 5966
5966 6256 5968
9974 5976 9972
9974 6264 5976
6263 1296 5975
6263 1298 1296
6261 1296 1298
5973 1296 6261
10176 5972 6260
10174 5972 10176
10176 5974 10174
10176 6262 5974
6261 1102 5973
6261 1104 1102
6259 1102 1104
5971 1102 6259
10366 5970 6258
10364 5970 10366
9534 5980 9532
9534 6268 5980
6267 1720 5979
6267 1722 1720
6265 1720 1722
5977 1720 6265
9760 5976 6264
9758 5976 9760
9760 5978 9758
9760 6266 5978
6265 1502 5977
6265 1504 1502
6263 1502 1504
5975 1502 6263
9974 5974 6262
9972 5974 9974
6269 2432 2434
5981 2432 6269
9296 5980 6268
9294 5980 9296
9294 9296 9056
9294 9056 9054
9056 5982 9054
9056 6270 5982
6269 2190 5981
6269 2192 2190
2190 2192 1952
2190 1952 1950
6267 1950 1952
5979 1950 6267
9534 5978 6266
9532 5978 9534
8016 5986 8014
8016 6274 5986
6273 3214 5985
6273 3216 3214
3214 3216 2952
3214 2952 2950
2950 2952 2688
2950 2688 2686
6271 2686 2688
5983 2686 6271
8806 5982 6270
8804 5982 8806
8806 5984 8804
8806 6272 5984
6271 2432 5983
6271 2434 2432
7190 5988 7188
7190 6276 5988
6275 4032 5987
6275 4034 4032
4032 4034 3758
4032 3758 3756
3756 3758 3482
3756 3482 3480
6273 3480 3482
5985 3480 6273
8544 5984 6272
8542 5984 8544
8542 8544 8280
8542 8280 8278
8278 8280 8016
8278 8016 8014
5462 5464 5176
5462 5176 5174
5174 5176 4888
5174 4888 4886
4886 4888 4600
4886 4600 4598
4598 4600 4312
4598 4312 4310
6275 4310 4312
5987 4310 6275
7742 5986 6274
7740 5986 7742
7740 7742 7466
7740 7466 7464
7464 7466 7190
7464 7190 7188
4601 4599 4311
4601 4311 4358
6469 4601 4358
4358 4311 6181
6904 5988 6276
6902 5988 6904
6902 6904 6616
6902 6616 6614
6614 6616 6328
6614 6328 6326
6326 6328 6040
6326 6040 6038
6038 6040 5752
6038 5752 5750
5750 5752 5464
5750 5464 5462
6903 6617 6470
6950 6903 6470
6617 6615 6329
6329 6615 6327
6329 6327 6041
6041 6327 6039
6041 6039 5753
5753 6039 5751
5753 5751 5465
5465 5751 5463
5465 5463 5177
5177 5463 5175
5177 5175 4889
4889 5175 4887
4889 4887 4601
4601 4887 4599
7191 7189 6905
6905 7189 6950
7189 6182 6950
6905 6950 6470
6469 4358 4313
4035 4313 4033
4033 4313 6181
4313 4358 6181
4035 4033 3759
3759 4033 3757
3759 3757 3483
3483 3757 3481
6183 3483 3481
6471 3483 6183
6950 6182 6903
6903 6615 6617
8015 6472 8017
8015 6184 6472
6183 3217 6471
6183 3215 3217
3217 3215 2953
2953 3215 2951
2953 2951 2687
2953 2687 2730
6473 2953 2730
2730 2687 6185
7741 6472 6184
7743 6472 7741
7743 7741 7467
7467 7741 7465
7467 7465 7191
7191 7465 7189
8807 8805 8545
8545 8805 8586
8805 6186 8586
8545 8586 6474
6473 2730 2689
2435 2689 2433
2433 2689 6185
2689 2730 6185
6187 2435 2433
6475 2435 6187
8586 6186 8543
8543 8279 8281
8543 8281 6474
8586 8543 6474
8281 8279 8017
8017 8279 8015
6191 1723 1721
6479 1723 6191
9295 6478 6190
9297 6478 9295
9297 9295 9057
9057 9295 9055
9055 6476 9057
9055 6188 6476
6187 2193 6475
6187 2191 2193
2193 2191 1953
1953 2191 1951
6189 1953 1951
6477 1953 6189
8805 6476 6188
8807 6476 8805
6195 1299 1297
6483 1299 6195
9759 6482 6194
9761 6482 9759
9759 6480 9761
9759 6192 6480
6191 1505 6479
6191 1503 1505
6193 1505 1503
6481 1505 6193
9533 6480 6192
9535 6480 9533
9533 6478 9535
9533 6190 6478
6189 1723 6477
6189 1721 1723
6199 923 921
6487 923 6199
10175 6486 6198
10177 6486 10175
10175 6484 10177
10175 6196 6484
6195 1105 6483
6195 1103 1105
6197 1105 1103
6485 1105 6197
9973 6484 6196
9975 6484 9973
9973 6482 9975
9973 6194 6482
6193 1299 6481
6193 1297 1299
6491 6489 6201
6491 6201 6203
10543 6490 6202
10545 6490 10543
10543 6488 10545
10543 6200 6488
6199 753 6487
6199 751 753
6201 753 751
6489 753 6201
10365 6488 6200
10367 6488 10365
10365 6486 10367
10365 6198 6486
6197 923 6485
6197 921 923
6206 6496 25
6496 46 25
6493 6205 6495
6495 6205 490
6205 469 490
490 469 6207
10707 6494 6206
10709 6494 10707
10707 6492 10709
10707 6204 6492
6203 605 6491
6203 603 605
6205 605 603
6493 605 6205
6490 6492 6202
6202 6492 6204
6213 369 367
6501 369 6213
6498 6500 6210
6210 6500 6212
6499 6497 6209
6499 6209 6211
6498 6210 6208
6498 6208 46
27 6498 46
27 46 6496
6495 490 471
6207 6209 6497
6207 6497 471
490 6207 471
46 6208 25
6494 6496 6206
6217 301 310
310 301 6219
6504 6506 6216
6216 6506 6218
6505 6503 6215
6505 6215 6217
6502 6504 6214
6214 6504 6216
6503 6501 6213
6503 6213 6215
151 6502 6214
153 6502 151
151 6500 153
151 6212 6500
6211 369 6499
6211 367 369
6511 6509 6221
6511 6221 6223
6510 6222 6220
6510 6220 250
243 6510 250
243 250 6508
6507 310 303
6219 6221 6509
6219 6509 303
310 6219 303
250 6220 241
6506 6508 6218
6218 6508 241
6508 250 241
6505 6217 6507
6507 6217 310
6519 6517 6229
6519 6229 6231
6516 6518 6228
6228 6518 6230
6517 6515 6227
6517 6227 6229
6514 6516 6226
6226 6516 6228
6515 6513 6225
6515 6225 6227
6512 6514 6224
6224 6514 6226
6513 6511 6223
6513 6223 6225
6510 6512 6222
6222 6512 6224
268 6238 244
244 6526 268
6525 304 328
6523 6235 6237
6523 6237 328
304 6523 328
6522 6524 6234
6234 6524 6236
6523 6521 6233
6523 6233 6235
6520 6522 6232
6232 6522 6234
6521 6519 6231
6521 6231 6233
6518 6520 6230
6230 6520 6232
6531 6529 6241
6531 6241 6243
6528 6530 6240
6240 6530 6242
6529 6527 6239
6529 6239 6241
6238 268 242
6528 6240 6526
6526 6240 268
6240 242 268
6527 6525 6239
6239 6525 302
6525 328 302
302 328 6237
6238 6236 6524
6238 6524 244
6535 6249 532
472 6535 532
6534 6536 6246
6246 6536 6248
6535 6533 6245
6535 6245 6247
154 6244 6532
152 6244 154
154 6246 152
154 6534 6246
6533 368 6245
6533 370 368
6531 368 370
6243 368 6531
6530 6532 6242
6242 6532 6244
6539 604 606
6251 604 6539
6250 88 26
6540 6252 6538
6538 6252 88
6252 26 88
6539 6537 6251
6251 6537 470
6537 532 470
470 532 6249
6250 6248 6536
6250 6536 28
88 6250 28
28 6538 88
6537 472 532
6535 6247 6249
10546 6258 10544
10546 6546 6258
6545 752 6257
6545 754 752
6543 752 754
6255 752 6543
6542 6544 6254
6254 6544 6256
6543 6541 6253
6543 6253 6255
10710 6252 6540
10708 6252 10710
10710 6254 10708
10710 6542 6254
6541 604 6253
6541 606 604
10178 6262 10176
10178 6550 6262
6549 1104 6261
6549 1106 1104
6547 1104 1106
6259 1104 6547
10368 6258 6546
10366 6258 10368
10368 6260 10366
10368 6548 6260
6547 922 6259
6547 924 922
6545 922 924
6257 922 6545
10546 6256 6544
10544 6256 10546
9762 6266 9760
9762 6554 6266
6553 1504 6265
6553 1506 1504
6551 1504 1506
6263 1504 6551
9976 6262 6550
9974 6262 9976
9976 6264 9974
9976 6552 6264
6551 1298 6263
6551 1300 1298
6549 1298 1300
6261 1298 6549
10178 6260 6548
10176 6260 10178
6557 2192 6269
6557 2194 2192
2192 2194 1954
2192 1954 1952
6555 1952 1954
6267 1952 6555
9536 6266 6554
9534 6266 9536
9536 6268 9534
9536 6556 6268
6555 1722 6267
6555 1724 1722
6553 1722 1724
6265 1722 6553
9762 6264 6552
9760 6264 9762
8808 8546 8806
8806 8546 6272
8546 8672 6272
8546 6560 8672
6559 2690 2816
2436 2434 2690
2690 2434 2816
2434 6271 2816
6557 2434 2436
6269 2434 6557
9298 6268 6556
9296 6268 9298
9296 9298 9058
9296 9058 9056
9058 6270 9056
9058 6558 6270
8282 8544 8672
6560 8282 8672
8280 8282 8018
8280 8018 8016
8018 6274 8016
8018 6562 6274
6561 3216 6273
6561 3218 3216
3216 3218 2954
3216 2954 2952
2688 2952 2954
2688 2954 6559
2816 2688 6559
2688 2816 6271
8808 6270 6558
8806 6270 8808
7192 6906 7190
7190 6906 6276
6906 7044 6276
6906 6564 7044
6563 4314 4452
4036 4034 4314
4314 4034 4452
4034 6275 4452
4034 4036 3760
4034 3760 3758
3758 3760 3484
3758 3484 3482
6561 3482 3484
6273 3482 6561
6272 8672 8544
8282 8280 8544
5464 5466 5178
5464 5178 5176
5176 5178 4890
5176 4890 4888
4888 4890 4602
4888 4602 4600
4312 4600 4602
4312 4602 6563
4452 4312 6563
4312 4452 6275
7744 6274 6562
7742 6274 7744
7742 7744 7468
7742 7468 7466
7466 7468 7192
7466 7192 7190
4891 4889 4601
4891 4601 4646
6757 4891 4646
4646 4601 6469
6276 7044 6904
6618 6616 6904
6618 6904 7044
6564 6618 7044
6616 6618 6330
6616 6330 6328
6328 6330 6042
6328 6042 6040
6040 6042 5754
6040 5754 5752
5752 5754 5466
5752 5466 5464
6471 3485 3483
6759 3485 6471
6662 6470 6617
6617 6329 6331
6617 6331 6758
6662 6617 6758
6331 6329 6043
6043 6329 6041
6043 6041 5755
5755 6041 5753
5755 5753 5467
5467 5753 5465
5467 5465 5179
5179 5465 5177
5179 5177 4891
4891 5177 4889
7193 7191 6907
6907 7191 6905
6907 6905 6619
6619 6905 6662
6905 6470 6662
6619 6662 6758
6757 4646 4603
4315 4603 4313
4313 4603 6469
4603 4646 6469
4315 4313 4037
4037 4313 4035
4037 4035 3761
3761 4035 3759
3761 3759 3485
3485 3759 3483
8283 8281 8019
8019 8281 8017
8017 6760 8019
8017 6472 6760
6471 3219 6759
6471 3217 3219
3219 3217 2955
2955 3217 2953
6473 2955 2953
6761 2955 6473
7743 6760 6472
7745 6760 7743
7745 7743 7469
7469 7743 7467
7469 7467 7193
7193 7467 7191
6477 1955 1953
6765 1955 6477
8807 6764 6476
8809 6764 8807
8809 8807 8547
8547 8807 8545
8545 6762 8547
8545 6474 6762
6473 2691 6761
6473 2689 2691
2691 2689 2437
2437 2689 2435
6475 2437 2435
6763 2437 6475
8281 6762 6474
8283 6762 8281
9535 6766 9537
9535 6478 6766
6477 1725 6765
6477 1723 1725
6479 1725 1723
6767 1725 6479
9297 6766 6478
9299 6766 9297
9299 9297 9059
9059 9297 9057
9057 6764 9059
9057 6476 6764
6475 2195 6763
6475 2193 2195
2195 2193 1955
1955 2193 1953
9975 6770 9977
9975 6482 6770
6481 1301 6769
6481 1299 1301
6483 1301 1299
6771 1301 6483
9761 6770 6482
9763 6770 9761
9761 6768 9763
9761 6480 6768
6479 1507 6767
6479 1505 1507
6481 1507 1505
6769 1507 6481
9535 6768 6480
9537 6768 9535
10367 6774 10369
10367 6486 6774
6485 925 6773
6485 923 925
6487 925 923
6775 925 6487
10177 6774 6486
10179 6774 10177
10177 6772 10179
10177 6484 6772
6483 1107 6771
6483 1105 1107
6485 1107 1105
6773 1107 6485
9975 6772 6484
9977 6772 9975
6493 607 605
6781 607 6493
6778 6780 6490
6490 6780 6492
6779 6777 6489
6779 6489 6491
10545 6778 6490
10547 6778 10545
10545 6776 10547
10545 6488 6776
6487 755 6775
6487 753 755
6489 755 753
6777 755 6489
10367 6776 6488
10369 6776 10367
27 6784 29
27 6496 6784
6495 473 6783
6495 471 473
6497 473 471
6785 473 6497
6782 6784 6494
6494 6784 6496
6783 6781 6493
6783 6493 6495
10709 6782 6494
10711 6782 10709
10709 6780 10711
10709 6492 6780
6491 607 6779
6491 605 607
6791 6789 6501
6791 6501 6503
153 6790 6502
155 6790 153
153 6788 155
153 6500 6788
6499 371 6787
6499 369 371
6501 371 369
6789 371 6501
6786 6788 6498
6498 6788 6500
6787 6785 6497
6787 6497 6499
27 6786 6498
29 6786 27
6508 6798 243
6798 252 243
6795 6507 6797
6797 6507 312
6507 303 312
312 303 6509
6794 6796 6506
6506 6796 6508
6795 6793 6505
6795 6505 6507
6792 6794 6504
6504 6794 6506
6793 6791 6503
6793 6503 6505
6790 6792 6502
6502 6792 6504
6803 6801 6513
6803 6513 6515
6800 6802 6512
6512 6802 6514
6801 6799 6511
6801 6511 6513
6800 6512 6510
6800 6510 252
245 6800 252
245 252 6798
6797 312 305
6509 6511 6799
6509 6799 305
312 6509 305
252 6510 243
6796 6798 6508
6809 6523 326
306 6809 326
6808 6810 6520
6520 6810 6522
6809 6807 6519
6809 6519 6521
6806 6808 6518
6518 6808 6520
6807 6805 6517
6807 6517 6519
6804 6806 6516
6516 6806 6518
6805 6803 6515
6805 6515 6517
6802 6804 6514
6514 6804 6516
6815 6813 6525
6815 6525 6527
6524 266 244
6814 6526 6812
6812 6526 266
6526 244 266
6813 6811 6525
6525 6811 304
6811 326 304
304 326 6523
6524 6522 6810
6524 6810 246
266 6524 246
246 6812 266
6811 306 326
6809 6521 6523
156 6534 154
156 6822 6534
6821 370 6533
6821 372 370
6819 370 372
6531 370 6819
6818 6820 6530
6530 6820 6532
6819 6817 6529
6819 6529 6531
6816 6818 6528
6528 6818 6530
6817 6815 6527
6817 6527 6529
6814 6816 6526
6526 6816 6528
6827 6825 6537
6827 6537 6539
30 6536 6824
28 6536 30
30 6538 28
30 6826 6538
6825 472 6537
6825 474 472
6823 472 474
6535 472 6823
6822 6824 6534
6534 6824 6536
6823 6821 6533
6823 6533 6535
156 6532 6820
154 6532 156
6831 754 756
6543 754 6831
6830 6832 6542
6542 6832 6544
6831 6829 6541
6831 6541 6543
10712 6540 6828
10710 6540 10712
10712 6542 10710
10712 6830 6542
6829 606 6541
6829 608 606
6827 606 608
6539 606 6827
6826 6828 6538
6538 6828 6540
6835 1106 1108
6547 1106 6835
10370 6546 6834
10368 6546 10370
10370 6548 10368
10370 6836 6548
6835 924 6547
6835 926 924
6833 924 926
6545 924 6833
10548 6544 6832
10546 6544 10548
10548 6546 10546
10548 6834 6546
6833 754 6545
6833 756 754
6839 1506 1508
6551 1506 6839
9978 6550 6838
9976 6550 9978
9978 6552 9976
9978 6840 6552
6839 1300 6551
6839 1302 1300
6837 1300 1302
6549 1300 6837
10180 6548 6836
10178 6548 10180
10180 6550 10178
10180 6838 6550
6837 1106 6549
6837 1108 1106
6843 1954 1956
6555 1954 6843
9538 6554 6842
9536 6554 9538
9538 6556 9536
9538 6844 6556
6843 1724 6555
6843 1726 1724
6841 1724 1726
6553 1724 6841
9764 6552 6840
9762 6552 9764
9764 6554 9762
9764 6842 6554
6841 1506 6553
6841 1508 1506
6847 2690 6559
6847 2692 2690
2690 2692 2438
2690 2438 2436
6845 2436 2438
6557 2436 6845
9300 6556 6844
9298 6556 9300
9298 9300 9060
9298 9060 9058
9060 6558 9058
9060 6846 6558
6845 2194 6557
6845 2196 2194
2194 2196 1956
2194 1956 1954
8282 8284 8020
8282 8020 8018
8020 6562 8018
8020 6850 6562
6849 3218 6561
6849 3220 3218
3218 3220 2956
3218 2956 2954
6847 2954 2956
6559 2954 6847
8810 6558 6846
8808 6558 8810
8808 8810 8548
8808 8548 8546
8548 6560 8546
8548 6848 6560
6620 6756 6564
6620 6852 6756
6851 4604 4740
4316 4314 4604
4604 4314 4740
4314 6563 4740
4314 4316 4038
4314 4038 4036
4036 4038 3762
4036 3762 3760
3760 3762 3486
3760 3486 3484
6849 3484 3486
6561 3484 6849
8284 6560 6848
8282 6560 8284
5178 5180 4892
5178 4892 4890
4602 4890 4892
4602 4892 6851
4740 4602 6851
4602 4740 6563
7746 6562 6850
7744 6562 7746
7744 7746 7470
7744 7470 7468
7468 7470 7194
7468 7194 7192
7192 7194 6908
7192 6908 6906
6908 6620 6906
6906 6620 6564
5181 5179 4891
5181 4891 4934
7045 5181 4934
4934 4891 6757
6564 6756 6618
6332 6330 6618
6332 6618 6756
6852 6332 6756
6330 6332 6044
6330 6044 6042
6042 6044 5756
6042 5756 5754
5754 5756 5468
5754 5468 5466
5466 5468 5180
5466 5180 5178
4039 4037 3763
3763 4037 3761
3763 3761 3485
3763 3485 3526
7047 3763 3526
3526 3485 6759
6374 6758 6331
6331 6043 6045
6331 6045 7046
6374 6331 7046
6045 6043 5757
5757 6043 5755
5757 5755 5469
5469 5755 5467
5469 5467 5181
5181 5467 5179
7195 7193 6909
6909 7193 6907
6909 6907 6621
6621 6907 6619
6621 6619 6333
6333 6619 6374
6619 6758 6374
6333 6374 7046
7045 4934 4893
4605 4893 4603
4603 4893 6757
4893 4934 6757
4605 4603 4317
4317 4603 4315
4317 4315 4039
4039 4315 4037
8019 6760 7786
7747 7786 7048
7047 3526 3487
3221 3487 3219
3219 3487 6759
3487 3526 6759
3221 3219 2957
2957 3219 2955
6761 2957 2955
7049 2957 6761
7786 6760 7745
7745 7469 7471
7745 7471 7048
7786 7745 7048
7471 7469 7195
7195 7469 7193
8811 8809 8549
8549 8809 8547
8547 7050 8549
8547 6762 7050
6761 2693 7049
6761 2691 2693
2693 2691 2439
2439 2691 2437
6763 2439 2437
7051 2439 6763
8283 7050 6762
8285 7050 8283
8285 8283 8021
8021 8283 8019
8021 8019 7747
7747 8019 7786
6767 1727 1725
7055 1727 6767
9334 6766 9299
9299 9059 9061
9299 9061 7054
9334 9299 7054
9059 7052 9061
9059 6764 7052
6763 2197 7051
6763 2195 2197
2197 2195 1955
2197 1955 1990
7053 2197 1990
1990 1955 6765
8809 7052 6764
8811 7052 8809
9763 7056 9765
9763 6768 7056
6767 1509 7055
6767 1507 1509
6769 1509 1507
7057 1509 6769
9537 7056 6768
9539 7056 9537
9539 9537 9301
9301 9537 9334
9537 6766 9334
9301 9334 7054
7053 1990 1957
1727 1957 1725
1725 1957 6765
1957 1990 6765
10179 7060 10181
10179 6772 7060
6771 1109 7059
6771 1107 1109
6773 1109 1107
7061 1109 6773
9977 7060 6772
9979 7060 9977
9977 7058 9979
9977 6770 7058
6769 1303 7057
6769 1301 1303
6771 1303 1301
7059 1303 6771
9763 7058 6770
9765 7058 9763
6776 7066 10547
7066 10570 10547
7063 6775 7065
7065 6775 778
6775 755 778
778 755 6777
10369 7064 6776
10371 7064 10369
10369 7062 10371
10369 6774 7062
6773 927 7061
6773 925 927
6775 927 925
7063 927 6775
10179 7062 6774
10181 7062 10179
10711 7068 10713
10711 6780 7068
6779 609 7067
6779 607 609
6781 609 607
7069 609 6781
7068 6780 6778
7068 6778 10570
10549 7068 10570
10549 10570 7066
7065 778 757
6777 6779 7067
6777 7067 757
778 6777 757
10570 6778 10547
7064 7066 6776
7075 7073 6785
7075 6785 6787
29 7074 6786
31 7074 29
29 7072 31
29 6784 7072
6783 475 7071
6783 473 475
6785 475 473
7073 475 6785
7070 7072 6782
6782 7072 6784
7071 7069 6781
7071 6781 6783
10711 7070 6782
10713 7070 10711
157 7080 166
157 166 7078
7077 382 373
6789 6791 7079
6789 7079 373
382 6789 373
166 6790 155
7076 7078 6788
6788 7078 155
7078 166 155
7075 6787 7077
7077 6787 382
6787 371 382
382 371 6789
7074 7076 6786
6786 7076 6788
6797 305 314
314 305 6799
7084 7086 6796
6796 7086 6798
7085 7083 6795
7085 6795 6797
7082 7084 6794
6794 7084 6796
7083 7081 6793
7083 6793 6795
7080 7082 6792
6792 7082 6794
7081 7079 6791
7081 6791 6793
7080 6792 6790
7080 6790 166
7091 7089 6801
7091 6801 6803
7090 6802 6800
7090 6800 254
247 7090 254
247 254 7088
7087 314 307
6799 6801 7089
6799 7089 307
314 6799 307
254 6800 245
7086 7088 6798
6798 7088 245
7088 254 245
7085 6797 7087
7087 6797 314
264 6810 248
248 7098 264
7097 308 324
7095 6807 6809
7095 6809 324
308 7095 324
7094 7096 6806
6806 7096 6808
7095 7093 6805
7095 6805 6807
7092 7094 6804
6804 7094 6806
7093 7091 6803
7093 6803 6805
7090 7092 6802
6802 7092 6804
7103 7101 6813
7103 6813 6815
7100 7102 6812
6812 7102 6814
7101 7099 6811
7101 6811 6813
6810 264 246
7100 6812 7098
7098 6812 264
6812 246 264
7099 7097 6811
6811 7097 306
7097 324 306
306 324 6809
6810 6808 7096
6810 7096 248
7107 412 372
372 412 6819
6820 6818 7106
6820 7106 158
196 6820 158
158 7108 196
7107 374 412
7105 6817 6819
7105 6819 412
374 7105 412
7104 7106 6816
6816 7106 6818
7105 7103 6815
7105 6815 6817
7102 7104 6814
6814 7104 6816
32 6826 30
32 7114 6826
7113 474 6825
7113 476 474
7111 474 476
6823 474 7111
7110 7112 6822
6822 7112 6824
7111 7109 6821
7111 6821 6823
6820 196 156
7110 6822 7108
7108 6822 196
6822 156 196
7109 7107 6821
6821 7107 372
7117 6831 832
758 7117 832
10714 6828 7116
10712 6828 10714
10714 6830 10712
10714 7118 6830
7117 608 6829
7117 610 608
7115 608 610
6827 608 7115
7114 7116 6826
6826 7116 6828
7115 7113 6825
7115 6825 6827
32 6824 7112
30 6824 32
7121 926 928
6833 926 7121
6832 10624 10548
7122 6834 7120
7120 6834 10624
6834 10548 10624
7121 7119 6833
6833 7119 756
7119 832 756
756 832 6831
6832 6830 7118
6832 7118 10550
10624 6832 10550
10550 7120 10624
7119 758 832
7117 6829 6831
7125 1302 1304
6837 1302 7125
10182 6836 7124
10180 6836 10182
10182 6838 10180
10182 7126 6838
7125 1108 6837
7125 1110 1108
7123 1108 1110
6835 1108 7123
10372 6834 7122
10370 6834 10372
10372 6836 10370
10372 7124 6836
7123 926 6835
7123 928 926
7129 1726 1728
6841 1726 7129
9766 6840 7128
9764 6840 9766
9766 6842 9764
9766 7130 6842
7129 1508 6841
7129 1510 1508
7127 1508 1510
6839 1508 7127
9980 6838 7126
9978 6838 9980
9980 6840 9978
9980 7128 6840
7127 1302 6839
7127 1304 1302
7133 2196 6845
7133 2198 2196
1956 2196 2198
1956 2198 7131
2068 1956 7131
1956 2068 6843
9540 6842 7130
9538 6842 9540
9540 9302 9538
9538 9302 6844
9302 9412 6844
9302 7132 9412
7131 1958 2068
1728 1726 1958
1958 1726 2068
1726 6843 2068
8810 8812 8550
8810 8550 8548
8550 6848 8548
8550 7136 6848
7135 2692 6847
7135 2694 2692
2692 2694 2440
2692 2440 2438
7133 2438 2440
6845 2438 7133
6844 9412 9300
9062 9060 9300
9062 9300 9412
7132 9062 9412
9062 6846 9060
9062 7134 6846
8284 8286 8022
8284 8022 8020
8022 7748 8020
8020 7748 6850
7748 7876 6850
7748 7138 7876
7137 3488 3616
3222 3220 3488
3488 3220 3616
3220 6849 3616
3220 3222 2958
3220 2958 2956
7135 2956 2958
6847 2956 7135
8812 6846 7134
8810 6846 8812
7139 4894 5028
4606 4604 4894
4894 4604 5028
4604 6851 5028
4604 4606 4318
4604 4318 4316
4316 4318 4040
4316 4040 4038
4038 4040 3764
4038 3764 3762
3486 3762 3764
3486 3764 7137
3616 3486 7137
3486 3616 6849
8286 6848 7136
8284 6848 8286
5028 4892 7139
4892 5028 6851
6850 7876 7746
7472 7470 7746
7472 7746 7876
7138 7472 7876
7470 7472 7196
7470 7196 7194
7194 7196 6910
7194 6910 6908
6908 6910 6622
6908 6622 6620
6622 6334 6620
6620 6334 6852
6334 6468 6852
6334 7140 6468
5798 5757 5510
5222 5469 5181
5510 5469 5222
5222 5181 7045
6852 6468 6332
6046 6044 6332
6046 6332 6468
7140 6046 6468
6044 6046 5758
6044 5758 5756
5756 5758 5470
5756 5470 5468
5468 5470 5182
5468 5182 5180
4892 5180 5182
4892 5182 7139
4893 5183 7045
5183 5222 7045
4895 4893 4607
4607 4893 4605
4607 4605 4319
4319 4605 4317
4319 4317 4041
4041 4317 4039
4041 4039 3763
4041 3763 3802
7325 4041 3802
3802 3763 7047
6086 7046 6045
5798 6045 5757
6086 6045 5798
5510 5757 5469
7197 7195 6911
6911 7195 6909
6911 6909 6623
6623 6909 6621
6623 6621 6335
6335 6621 6333
6335 6333 6047
6047 6333 6086
6333 7046 6086
5798 6047 6086
5798 5759 6047
5510 5759 5798
5510 5471 5759
5222 5471 5510
5222 5183 5471
4895 5183 4893
7747 7048 7510
7473 7510 7326
7325 3802 3765
3489 3765 3487
3487 3765 7047
3765 3802 7047
3489 3487 3223
3223 3487 3221
3223 3221 2957
3223 2957 2994
7327 3223 2994
2994 2957 7049
7510 7048 7471
7471 7195 7197
7471 7197 7326
7510 7471 7326
7327 2994 2959
2695 2959 2693
2693 2959 7049
2959 2994 7049
2695 2693 2439
2695 2439 2474
7329 2695 2474
2474 2439 7051
8322 7050 8285
8285 8021 8023
8285 8023 7328
8322 8285 7328
8023 8021 7749
7749 8021 7747
7749 7747 7473
7473 7747 7510
9061 7052 8846
8813 8846 7330
7329 2474 2441
2199 2441 2197
2197 2441 7051
2441 2474 7051
7053 2199 2197
7331 2199 7053
8846 7052 8811
8811 8549 8551
8811 8551 7330
8846 8811 7330
8551 8549 8287
8287 8549 8322
8549 7050 8322
8287 8322 7328
9570 7056 9539
9539 9301 9303
9539 9303 7334
9570 9539 7334
9301 7332 9303
9301 7054 7332
7053 1959 7331
7053 1957 1959
1959 1957 1727
1959 1727 1758
7333 1959 1758
1758 1727 7055
9061 7332 7054
9063 7332 9061
9063 9061 8813
8813 9061 8846
1303 1511 7057
1511 1538 7057
7059 1305 1303
7337 1305 7059
9794 7058 9765
9570 9541 7056
9541 7336 7056
7336 9765 7056
7336 9794 9765
9541 9570 7334
7333 1758 1729
1538 7335 1509
7335 1729 1509
1729 7055 1509
1729 1758 7055
1538 1509 7057
10206 7062 10181
7338 7340 7060
7060 7340 10181
7340 10206 10181
7337 7059 7339
7339 7059 1134
7059 1109 1134
1134 1109 7061
9979 7338 7060
9981 7338 9979
9981 9979 9767
9767 9979 9794
9979 7058 9794
9767 9794 7336
7335 1538 1511
1305 1511 1303
7341 950 929
7063 7065 7343
7063 7343 929
950 7063 929
10394 7064 10371
10206 10183 7062
10183 7342 7062
7342 10371 7062
7342 10394 10371
10183 10206 7340
7339 1134 1111
950 7341 927
7341 1111 927
1111 7061 927
1111 1134 7061
950 927 7063
7345 7067 7347
7347 7067 626
7067 609 626
626 609 7069
10549 7346 7068
10551 7346 10549
10549 7344 10551
10549 7066 7344
7065 759 7343
7065 757 759
7067 759 757
7345 759 7067
7344 7066 7064
7344 7064 10394
10373 7344 10394
10373 10394 7342
7349 7071 7351
7351 7071 492
7071 475 492
492 475 7073
7350 7072 7070
7350 7070 10730
10715 7350 10730
10715 10730 7348
7347 626 611
7069 7071 7349
7069 7349 611
626 7069 611
10730 7070 10713
7346 7348 7068
7068 7348 10713
7348 10730 10713
7354 7356 7076
7076 7356 7078
7355 7353 7075
7355 7075 7077
7354 7076 7074
7354 7074 48
33 7354 48
33 48 7352
7351 492 477
7073 7075 7353
7073 7353 477
492 7073 477
48 7074 31
7350 7352 7072
7072 7352 31
7352 48 31
7360 7082 7080
7360 7080 168
159 7360 168
159 168 7358
7357 384 375
7079 7081 7359
7079 7359 375
384 7079 375
168 7080 157
7356 7358 7078
7078 7358 157
7358 168 157
7355 7077 7357
7357 7077 384
7077 373 384
384 373 7079
7365 7087 7367
7367 7087 316
7087 307 316
316 307 7089
7364 7366 7086
7086 7366 7088
7365 7363 7085
7365 7085 7087
7362 7364 7084
7084 7364 7086
7363 7361 7083
7363 7083 7085
7360 7362 7082
7082 7362 7084
7361 7359 7081
7361 7081 7083
7369 320 7371
7369 318 320
7091 320 318
7093 320 7091
7092 256 258
7090 256 7092
7370 256 7368
7370 258 256
7367 318 7369
7367 316 318
7089 318 316
7091 318 7089
256 7090 247
7366 7368 7088
7088 7368 247
7368 256 247
7375 7373 7097
7097 7373 308
7373 322 308
308 322 7095
7096 260 262
7094 260 7096
7374 260 7372
7374 262 260
7371 322 7373
7371 320 322
7093 322 320
7095 322 7093
7094 258 260
7092 258 7094
7372 258 7370
7372 260 258
7380 7382 7102
7102 7382 7104
7381 7379 7101
7381 7101 7103
7378 7380 7100
7100 7380 7102
7379 7377 7099
7379 7099 7101
7376 7378 7098
7098 7378 7100
7377 7375 7097
7377 7097 7099
7096 262 248
7376 7098 7374
7374 7098 262
7098 248 262
7106 194 158
7386 7108 7384
7384 7108 194
7108 158 194
7385 7383 7107
7107 7383 374
7383 410 374
374 410 7105
7106 7104 7382
7106 7382 160
194 7106 160
160 7384 194
7383 376 410
7381 7103 7105
7381 7105 410
376 7381 410
7391 7389 7113
7113 7389 476
7389 530 476
476 530 7111
7112 7110 7388
7112 7388 34
86 7112 34
34 7390 86
7389 478 530
7387 7109 7111
7387 7111 530
478 7387 530
7386 7388 7108
7108 7388 7110
7387 7385 7107
7387 7107 7109
7395 7393 7117
7117 7393 610
7393 672 610
610 672 7115
7116 7114 7392
7116 7392 10716
10776 7116 10716
10716 7394 10776
7393 612 672
7391 7113 7115
7391 7115 672
612 7391 672
7112 86 32
7392 7114 7390
7390 7114 86
7114 32 86
7399 930 1008
7397 7119 7121
7397 7121 1008
930 7397 1008
10552 7118 7396
10550 7118 10552
10552 7120 10550
10552 7398 7120
7397 758 7119
7397 760 758
7395 758 760
7117 758 7395
7116 10776 10714
7396 7118 7394
7394 7118 10776
7118 10714 10776
7122 10452 10372
7124 10372 10268
10372 10452 10268
10452 10184 10268
10452 7400 10184
10184 7402 10268
7401 1112 1196
1008 928 7123
7399 1008 7123
1196 7399 7123
1112 7399 1196
928 1008 7121
7122 7120 7398
7122 7398 10374
10452 7122 10374
10374 7400 10452
9768 9864 7128
9768 7406 9864
7405 1512 1608
1306 1304 1512
1512 1304 1608
1304 7127 1608
7403 1304 1306
7125 1304 7403
7124 10268 10182
7404 7126 7402
7402 7126 10268
7126 10182 10268
7403 7401 7125
7125 7401 1110
7401 1196 1110
1110 1196 7123
7128 9864 9766
7130 9766 9644
9766 9864 9644
9864 9542 9644
9864 7406 9542
9542 7408 9644
7407 1730 1832
1608 1510 7129
7405 1608 7129
1832 7405 7129
1730 7405 1832
1510 1608 7127
9982 7126 7404
9980 7126 9982
9982 9768 9980
9980 9768 7128
2442 2198 2556
2198 7133 2556
7409 2198 2200
7131 2198 7409
7130 9644 9540
9304 9302 9540
9304 9540 9644
7408 9304 9644
9304 7132 9302
9304 7410 7132
7409 1958 7131
7409 1960 1958
1728 1958 1960
1728 1960 7407
1832 1728 7407
1728 1832 7129
7413 2960 3080
2696 2694 2960
2960 2694 3080
2694 7135 3080
2440 2694 2696
2440 2696 7411
2556 2440 7411
2440 2556 7133
9064 7132 7410
9062 7132 9064
9064 8814 9062
9062 8814 7134
8814 8928 7134
8814 7412 8928
7411 2442 2556
2200 2198 2442
3766 3488 3892
3488 7137 3892
3488 3490 3224
3488 3224 3222
2958 3222 3224
2958 3224 7413
3080 2958 7413
2958 3080 7135
7134 8928 8812
8552 8550 8812
8552 8812 8928
7412 8552 8928
8552 8288 8550
8550 8288 7136
8288 8408 7136
8288 7414 8408
3764 4040 4042
3764 4042 7415
3892 3764 7415
3764 3892 7137
7136 8408 8286
8024 8022 8286
8024 8286 8408
7414 8024 8408
8022 8024 7750
8022 7750 7748
7750 7474 7748
7748 7474 7138
7474 7600 7138
7474 7416 7600
7415 3766 3892
3490 3488 3766
6048 6180 7140
5760 6180 6048
5760 5892 6180
5472 5892 5760
5472 5604 5892
5184 5604 5472
5184 5316 5604
4896 4894 5184
5184 4894 5316
4894 7139 5316
4894 4896 4608
4894 4608 4606
4606 4608 4320
4606 4320 4318
4318 4320 4042
4318 4042 4040
5758 5892 5470
5182 5604 5316
5470 5604 5182
5182 5316 7139
7138 7600 7472
7198 7196 7472
7198 7472 7600
7416 7198 7600
7196 7198 6912
7196 6912 6910
6910 6912 6624
6910 6624 6622
6622 6624 6336
6622 6336 6334
6336 6048 6334
6334 6048 7140
5473 5471 5185
5185 5471 5183
5185 5183 4897
4897 5183 4895
4897 4895 4609
4609 4895 4607
4609 4607 4321
4321 4607 4319
4321 4319 4041
4321 4041 4078
7601 4321 4078
4078 4041 7325
7140 6180 6046
5758 6180 5892
6046 6180 5758
5470 5892 5604
7603 3491 3258
3258 3223 7327
7234 7326 7197
7197 6911 6913
7197 6913 7602
7234 7197 7602
6913 6911 6625
6625 6911 6623
6625 6623 6337
6337 6623 6335
6337 6335 6049
6049 6335 6047
6049 6047 5761
5761 6047 5759
5761 5759 5473
5473 5759 5471
8023 7751 7604
8058 8023 7604
7751 7749 7475
7475 7749 7473
7475 7473 7199
7199 7473 7234
7473 7326 7234
7199 7234 7602
7601 4078 4043
3767 4043 3765
3765 4043 7325
4043 4078 7325
3767 3765 3491
3491 3765 3489
3491 3489 3223
3491 3223 3258
8553 8551 8289
8289 8551 8287
8289 8287 8025
8025 8287 8058
8287 7328 8058
8025 8058 7604
7603 3258 3225
2961 3225 2959
2959 3225 7327
3225 3258 7327
2961 2959 2697
2697 2959 2695
7329 2697 2695
7605 2697 7329
8058 7328 8023
8023 7749 7751
7333 1961 1959
7609 1961 7333
9094 7332 9063
9063 8813 8815
9063 8815 7608
9094 9063 7608
8813 7606 8815
8813 7330 7606
7329 2443 7605
7329 2441 2443
2443 2441 2199
2443 2199 2230
7607 2443 2230
2230 2199 7331
8551 7606 7330
8553 7606 8551
9541 7610 9543
9541 7334 7610
7333 1731 7609
7333 1729 1731
7335 1731 1729
7611 1731 7335
9303 7610 7334
9305 7610 9303
9305 9303 9065
9065 9303 9094
9303 7332 9094
9065 9094 7608
7607 2230 2201
1961 2201 1959
1959 2201 7331
2201 2230 7331
7337 7615 1307
1330 7337 1307
10006 7338 9981
9981 9767 9769
9981 9769 7614
10006 9981 7614
9767 7612 9769
9767 7336 7612
7335 1513 7611
7335 1511 1513
1513 1511 1305
1513 1305 1330
7613 1513 1330
1330 1305 7337
9541 7612 7336
9543 7612 9541
7343 931 929
7619 931 7343
10183 7618 7342
10185 7618 10183
10183 7616 10185
10183 7340 7616
7339 1113 7615
7339 1111 1113
7341 1113 1111
7617 1113 7341
7616 7340 7338
7616 7338 10006
9983 7616 10006
9983 10006 7614
7613 1330 1307
7337 7339 7615
7345 7623 761
780 7345 761
10572 7346 10551
7620 7622 7344
7344 7622 10551
7622 10572 10551
7619 7343 7621
7621 7343 780
7343 759 780
780 759 7345
10373 7620 7344
10375 7620 10373
10373 7618 10375
10373 7342 7618
7341 931 7617
7341 929 931
7627 7625 7349
7627 7349 7351
10715 7626 7350
10717 7626 10715
10715 7624 10717
10715 7348 7624
7347 613 7623
7347 611 613
7349 613 611
7625 613 7349
7624 7348 7346
7624 7346 10572
10553 7624 10572
10553 10572 7622
7621 780 761
7345 7347 7623
35 7632 50
35 50 7630
7629 494 479
7353 7355 7631
7353 7631 479
494 7353 479
50 7354 33
7628 7630 7352
7352 7630 33
7630 50 33
7627 7351 7629
7629 7351 494
7351 477 494
494 477 7353
7626 7628 7350
7350 7628 7352
7359 7637 377
386 7359 377
170 7360 159
7634 7636 7358
7358 7636 159
7636 170 159
7633 7357 7635
7635 7357 386
7357 375 386
386 375 7359
7632 7634 7356
7356 7634 7358
7633 7631 7355
7633 7355 7357
7632 7356 7354
7632 7354 50
7643 7641 7365
7643 7365 7367
7640 7642 7364
7364 7642 7366
7641 7639 7363
7641 7363 7365
7638 7640 7362
7362 7640 7364
7639 7637 7361
7639 7361 7363
7638 7362 7360
7638 7360 170
161 7638 170
161 170 7636
7635 386 377
7359 7361 7637
7651 7649 7373
7651 7373 7375
7648 7650 7372
7372 7650 7374
7649 7647 7371
7649 7371 7373
7646 7648 7370
7370 7648 7372
7647 7645 7369
7647 7369 7371
7644 7646 7368
7368 7646 7370
7645 7643 7367
7645 7367 7369
7642 7644 7366
7366 7644 7368
192 7382 162
162 7658 192
7657 378 408
7655 7379 7381
7655 7381 408
378 7655 408
7654 7656 7378
7378 7656 7380
7655 7653 7377
7655 7377 7379
7652 7654 7376
7376 7654 7378
7653 7651 7375
7653 7375 7377
7650 7652 7374
7374 7652 7376
7661 7387 528
480 7661 528
7660 7662 7384
7384 7662 7386
7661 7659 7383
7661 7383 7385
7382 192 160
7660 7384 7658
7658 7384 192
7384 160 192
7659 7657 7383
7383 7657 376
7657 408 376
376 408 7381
7382 7380 7656
7382 7656 162
7667 7665 7389
7667 7389 7391
7388 84 34
7666 7390 7664
7664 7390 84
7390 34 84
7665 7663 7389
7389 7663 478
7663 528 478
478 528 7387
7388 7386 7662
7388 7662 36
84 7388 36
36 7664 84
7663 480 528
7661 7385 7387
10622 7396 10554
10554 7672 10622
7671 762 830
7669 7393 7395
7669 7395 830
762 7669 830
10718 7392 7668
10716 7392 10718
10718 7394 10716
10718 7670 7394
7669 612 7393
7669 614 612
7667 612 614
7391 612 7667
7666 7668 7390
7390 7668 7392
10376 7400 10374
10376 7676 7400
7675 930 7399
7675 932 930
7673 930 932
7397 930 7673
7396 10622 10552
7674 7398 7672
7672 7398 10622
7398 10552 10622
7673 7671 7397
7397 7671 760
7671 830 760
760 830 7395
7396 7394 7670
7396 7670 10554
10072 7404 9984
9984 7680 10072
7679 1308 1396
7677 7401 7403
7677 7403 1396
1308 7677 1396
10186 7400 7676
10184 7400 10186
10186 7402 10184
10186 7678 7402
7677 1112 7401
7677 1114 1112
7675 1112 1114
7399 1112 7675
10376 7398 7674
10374 7398 10376
7681 1730 1732
7405 1730 7681
7404 10072 9982
9770 9768 9982
9770 9982 10072
7680 9770 10072
9770 7406 9768
9770 7682 7406
7681 1512 7405
7681 1514 1512
1306 1512 1514
1306 1514 7679
1396 1306 7679
1306 1396 7403
7404 7402 7678
7404 7678 9984
9306 9066 9304
9304 9066 7410
9066 9172 7410
9066 7686 9172
7685 2202 2308
1962 1960 2202
2202 1960 2308
1960 7409 2308
7683 1960 1962
7407 1960 7683
9544 7406 7682
9542 7406 9544
9544 7408 9542
9544 7684 7408
7683 1730 7407
7683 1732 1730
7687 2696 2698
7411 2696 7687
7410 9172 9064
8816 8814 9064
8816 9064 9172
7686 8816 9172
8816 7412 8814
8816 7688 7412
7687 2442 7411
7687 2444 2442
2200 2442 2444
2200 2444 7685
2308 2200 7685
2200 2308 7409
9306 7408 7684
9304 7408 9306
3344 3224 7689
3224 3344 7413
8554 7412 7688
8552 7412 8554
8552 8554 8290
8552 8290 8288
8290 8026 8288
8288 8026 7414
8026 8144 7414
8026 7690 8144
7689 3226 3344
2962 2960 3226
3226 2960 3344
2960 7413 3344
2960 2962 2698
2960 2698 2696
7752 8024 8144
7690 7752 8144
7750 7752 7476
7750 7476 7474
7476 7200 7474
7474 7200 7416
7200 7324 7416
7200 7692 7324
7691 4044 4168
3768 3766 4044
4044 3766 4168
3766 7415 4168
3766 3768 3492
3766 3492 3490
3224 3490 3492
3224 3492 7689
5760 5762 5474
5760 5474 5472
5472 5474 5186
5472 5186 5184
5184 5186 4898
5184 4898 4896
4896 4898 4610
4896 4610 4608
4608 4610 4322
4608 4322 4320
4042 4320 4322
4042 4322 7691
4168 4042 7691
4042 4168 7415
7414 8144 8024
7752 7750 8024
4611 4609 4321
4611 4321 4360
7877 4611 4360
4360 4321 7601
7416 7324 7198
6914 6912 7198
6914 7198 7324
7692 6914 7324
6912 6914 6626
6912 6626 6624
6624 6626 6338
6624 6338 6336
6336 6338 6050
6336 6050 6048
6048 6050 5762
6048 5762 5760
6913 6627 7878
6952 6913 7878
6627 6625 6339
6339 6625 6337
6339 6337 6051
6051 6337 6049
6051 6049 5763
5763 6049 5761
5763 5761 5475
5475 5761 5473
5475 5473 5187
5187 5473 5185
5187 5185 4899
4899 5185 4897
4899 4897 4611
4611 4897 4609
7201 7199 6915
6915 7199 6952
7199 7602 6952
6915 6952 7878
7877 4360 4323
4045 4323 4043
4043 4323 7601
4323 4360 7601
4045 4043 3769
3769 4043 3767
3769 3767 3493
3493 3767 3491
7603 3493 3491
7879 3493 7603
6952 7602 6913
6913 6625 6627
8025 7880 8027
8025 7604 7880
7603 3227 7879
7603 3225 3227
3227 3225 2963
2963 3225 2961
2963 2961 2697
2963 2697 2732
7881 2963 2732
2732 2697 7605
7751 7880 7604
7753 7880 7751
7753 7751 7477
7477 7751 7475
7477 7475 7201
7201 7475 7199
8817 8815 8555
8555 8815 8588
8815 7606 8588
8555 8588 7882
7881 2732 2699
2445 2699 2443
2443 2699 7605
2699 2732 7605
7607 2445 2443
7883 2445 7607
8588 7606 8553
8553 8289 8291
8553 8291 7882
8588 8553 7882
8291 8289 8027
8027 8289 8025
7611 1733 1731
7887 1733 7611
9336 7610 9305
9305 9065 9067
9305 9067 7886
9336 9305 7886
9065 7884 9067
9065 7608 7884
7607 2203 7883
7607 2201 2203
2203 2201 1961
2203 1961 1992
7885 2203 1992
1992 1961 7609
8815 7884 7608
8817 7884 8815
9769 7888 9771
9769 7612 7888
7611 1515 7887
7611 1513 1515
7613 1515 1513
7889 1515 7613
9543 7888 7612
9545 7888 9543
9545 9543 9307
9307 9543 9336
9543 7610 9336
9307 9336 7886
7885 1992 1963
1733 1963 1731
1731 1963 7609
1963 1992 7609
10185 7892 10187
10185 7616 7892
7615 1115 7891
7615 1113 1115
7617 1115 1113
7893 1115 7617
9983 7892 7616
9985 7892 9983
9983 7890 9985
9983 7614 7890
7613 1309 7889
7613 1307 1309
7615 1309 1307
7891 1309 7615
9769 7890 7614
9771 7890 9769
10377 7898 10396
10377 10396 7896
7895 952 933
7619 7621 7897
7619 7897 933
952 7619 933
10396 7620 10375
7894 7896 7618
7618 7896 10375
7896 10396 10375
7893 7617 7895
7895 7617 952
7617 931 952
952 931 7619
10185 7894 7618
10187 7894 10185
7624 7902 10717
7902 10732 10717
7899 7623 7901
7901 7623 628
7623 613 628
628 613 7625
10553 7900 7624
10555 7900 10553
10553 7898 10555
10553 7622 7898
7621 763 7897
7621 761 763
7623 763 761
7899 763 7623
7898 7622 7620
7898 7620 10396
7631 481 479
7907 481 7631
7904 7906 7628
7628 7906 7630
7905 7903 7627
7905 7627 7629
7904 7628 7626
7904 7626 10732
10719 7904 10732
10719 10732 7902
7901 628 615
7625 7627 7903
7625 7903 615
628 7625 615
10732 7626 10717
7900 7902 7624
7635 377 388
388 377 7637
7910 7912 7634
7634 7912 7636
7911 7909 7633
7911 7633 7635
7908 7910 7632
7632 7910 7634
7909 7907 7631
7909 7631 7633
35 7908 7632
37 7908 35
35 7906 37
35 7630 7906
7629 481 7905
7629 479 481
7917 7915 7639
7917 7639 7641
7916 7640 7638
7916 7638 172
163 7916 172
163 172 7914
7913 388 379
7637 7639 7915
7637 7915 379
388 7637 379
172 7638 161
7912 7914 7636
7636 7914 161
7914 172 161
7911 7635 7913
7913 7635 388
7925 7923 7647
7925 7647 7649
7922 7924 7646
7646 7924 7648
7923 7921 7645
7923 7645 7647
7920 7922 7644
7644 7922 7646
7921 7919 7643
7921 7643 7645
7918 7920 7642
7642 7920 7644
7919 7917 7641
7919 7641 7643
7916 7918 7640
7640 7918 7642
190 7656 164
164 7932 190
7931 380 406
7929 7653 7655
7929 7655 406
380 7929 406
7928 7930 7652
7652 7930 7654
7929 7927 7651
7929 7651 7653
7926 7928 7650
7650 7928 7652
7927 7925 7649
7927 7649 7651
7924 7926 7648
7648 7926 7650
7937 7935 7659
7937 7659 7661
7934 7936 7658
7658 7936 7660
7935 7933 7657
7935 7657 7659
7656 190 162
7934 7658 7932
7932 7658 190
7658 162 190
7933 7931 7657
7657 7931 378
7931 406 378
378 406 7655
7656 7654 7930
7656 7930 164
7941 7667 670
616 7941 670
7940 7942 7664
7664 7942 7666
7941 7939 7663
7941 7663 7665
38 7662 7938
36 7662 38
38 7664 36
38 7940 7664
7939 480 7663
7939 482 480
7937 480 482
7661 480 7937
7936 7938 7660
7660 7938 7662
7945 762 764
7669 762 7945
7668 10774 10718
7946 7670 7944
7944 7670 10774
7670 10718 10774
7945 7943 7669
7669 7943 614
7943 670 614
614 670 7667
7668 7666 7942
7668 7942 10720
10774 7668 10720
10720 7944 10774
7943 616 670
7941 7665 7667
7949 1006 932
932 1006 7673
7674 7672 7948
7674 7948 10378
10450 7674 10378
10378 7950 10450
7949 934 1006
7947 7671 7673
7947 7673 1006
934 7947 1006
10556 7670 7946
10554 7670 10556
10556 7672 10554
10556 7948 7672
7947 762 7671
7947 764 762
7953 1308 1310
7677 1308 7953
10188 7676 7952
10186 7676 10188
10188 7678 10186
10188 7954 7678
7953 1114 7677
7953 1116 1114
7951 1114 1116
7675 1114 7951
7674 10450 10376
7952 7676 7950
7950 7676 10450
7676 10376 10450
7951 7949 7675
7675 7949 932
7957 1732 1734
7681 1732 7957
9772 7680 7956
9770 7680 9772
9772 7682 9770
9772 7958 7682
7957 1514 7681
7957 1516 1514
7955 1514 1516
7679 1514 7955
9986 7678 7954
9984 7678 9986
9986 7680 9984
9986 7956 7680
7955 1308 7679
7955 1310 1308
7961 2202 7685
7961 2204 2202
1962 2202 2204
1962 2204 7959
2066 1962 7959
1962 2066 7683
9546 7682 7958
9544 7682 9546
9546 9308 9544
9544 9308 7684
9308 9410 7684
9308 7960 9410
7959 1964 2066
1734 1732 1964
1964 1732 2066
1732 7683 2066
8818 8556 8816
8816 8556 7688
8556 8670 7688
8556 7964 8670
7963 2700 2814
2446 2444 2700
2700 2444 2814
2444 7687 2814
7961 2444 2446
7685 2444 7961
7684 9410 9306
9068 9066 9306
9068 9306 9410
7960 9068 9410
9068 7686 9066
9068 7962 7686
8292 8554 8670
7964 8292 8670
8290 8292 8028
8290 8028 8026
8028 7690 8026
8028 7966 7690
7965 3226 7689
7965 3228 3226
3226 3228 2964
3226 2964 2962
2698 2962 2964
2698 2964 7963
2814 2698 7963
2698 2814 7687
8818 7686 7962
8816 7686 8818
7202 6916 7200
7200 6916 7692
6916 7042 7692
6916 7968 7042
7967 4324 4450
4046 4044 4324
4324 4044 4450
4044 7691 4450
4044 4046 3770
4044 3770 3768
3768 3770 3494
3768 3494 3492
7965 3492 3494
7689 3492 7965
7688 8670 8554
8292 8290 8554
5474 5476 5188
5474 5188 5186
5186 5188 4900
5186 4900 4898
4898 4900 4612
4898 4612 4610
4322 4610 4612
4322 4612 7967
4450 4322 7967
4322 4450 7691
7754 7690 7966
7752 7690 7754
7752 7754 7478
7752 7478 7476
7476 7478 7202
7476 7202 7200
5224 5187 4936
4648 4899 4611
4936 4899 4648
4648 4611 7877
7692 7042 6914
6628 6626 6914
6628 6914 7042
7968 6628 7042
6626 6628 6340
6626 6340 6338
6338 6340 6052
6338 6052 6050
6050 6052 5764
6050 5764 5762
5762 5764 5476
5762 5476 5474
8145 4047 3804
3528 3769 3493
3804 3769 3528
3528 3493 7879
6664 7878 6627
6376 6627 6339
6664 6627 6376
6088 6339 6051
6376 6339 6088
5800 6051 5763
6088 6051 5800
5512 5763 5475
5800 5763 5512
5224 5475 5187
5512 5475 5224
4936 5187 4899
5800 5765 6053
5512 5765 5800
5512 5477 5765
5224 5477 5512
5224 5189 5477
4936 5189 5224
4936 4901 5189
4648 4901 4936
4648 4613 4901
4325 4613 4323
4323 4613 7877
4613 4648 7877
4325 4323 4047
4047 4323 4045
4047 4045 3769
4047 3769 3804
7788 7880 7753
7512 7753 7477
7788 7753 7512
7477 7201 7203
7477 7203 8146
7512 7477 8146
7203 7201 6917
6917 7201 6915
6917 6915 6629
6629 6915 6664
6915 7878 6664
6376 6629 6664
6376 6341 6629
6088 6341 6376
6088 6053 6341
5800 6053 6088
8029 8027 7755
7755 8027 7788
8027 7880 7788
7512 7755 7788
7512 7479 7755
7479 7512 8146
8145 3804 3771
3528 3771 3804
3528 3495 3771
3229 3495 3227
3227 3495 7879
3495 3528 7879
3229 3227 2963
3229 2963 2996
8147 3229 2996
2996 2963 7881
8557 8555 8293
8293 8555 8324
8555 7882 8324
8293 8324 8148
8147 2996 2965
2701 2965 2699
2699 2965 7881
2965 2996 7881
2701 2699 2445
2701 2445 2476
8149 2701 2476
2476 2445 7883
8324 7882 8291
8291 8027 8029
8291 8029 8148
8324 8291 8148
9067 8152 7886
9069 8152 9067
9069 9067 8819
8819 9067 8848
9067 7884 8848
8819 8848 8150
8149 2476 2447
2205 2447 2203
2203 2447 7883
2447 2476 7883
7885 2205 2203
8151 2205 7885
8848 7884 8817
8817 8555 8557
8817 8557 8150
8848 8817 8150
8155 1735 1515
1735 7887 1515
1735 1760 7887
1540 1515 7889
9572 7888 9545
9545 9307 9309
9545 9309 8154
9572 9545 8154
9307 8152 9309
9307 7886 8152
7885 1965 8151
7885 1963 1965
1965 1963 1733
1965 1733 1760
8153 1965 1760
1760 1733 7887
8158 10008 9985
9773 9796 8156
8155 1540 1517
1332 8157 1309
8157 1517 1309
1517 7889 1309
1517 1540 7889
1332 1309 7891
9796 7890 9771
9572 9547 7888
9547 8156 7888
8156 9771 7888
8156 9796 9771
9547 9572 8154
8153 1760 1735
1540 8155 1515
10208 7894 10187
10008 9987 7892
9987 8160 7892
8160 10187 7892
8160 10208 10187
9987 10008 8158
8157 1332 1311
1136 8159 1115
8159 1311 1115
1311 7891 1115
1311 1332 7891
1136 1115 7893
10008 7892 9985
9796 9773 7890
9773 8158 7890
8158 9985 7890
10377 8164 7898
10379 8164 10377
10377 8162 10379
10377 7896 8162
7895 935 8161
7895 933 935
7897 935 933
8163 935 7897
8162 7896 7894
8162 7894 10208
10189 8162 10208
10189 10208 8160
8159 1136 1117
7893 7895 8161
7893 8161 1117
1136 7893 1117
8168 7902 7900
8168 7900 10574
10557 8168 10574
10557 10574 8166
8165 782 765
7899 7901 8167
7899 8167 765
782 7899 765
10574 7900 10555
8164 8166 7898
7898 8166 10555
8166 10574 10555
8163 7897 8165
8165 7897 782
7897 763 782
782 763 7899
8172 7906 7904
8172 7904 10734
10721 8172 10734
10721 10734 8170
8169 630 617
7903 7905 8171
7903 8171 617
630 7903 617
10734 7904 10719
8168 8170 7902
7902 8170 10719
8170 10734 10719
8167 7901 8169
8169 7901 630
7901 615 630
630 615 7903
7910 52 54
7908 52 7910
8176 52 8174
8176 54 52
8173 498 8175
8173 496 498
7907 498 496
7909 498 7907
52 7908 37
8172 8174 7906
7906 8174 37
8174 52 37
8171 7905 8173
8173 7905 496
7905 481 496
496 481 7907
8179 7913 8181
8181 7913 390
7913 379 390
390 379 7915
8178 8180 7912
7912 8180 7914
8179 8177 7911
8179 7911 7913
8178 7912 7910
8178 7910 54
39 8178 54
39 54 8176
8175 498 483
7909 7911 8177
7909 8177 483
498 7909 483
8183 394 8185
8183 392 394
7917 394 392
7919 394 7917
7918 174 176
7916 174 7918
8184 174 8182
8184 176 174
8181 392 8183
8181 390 392
7915 392 390
7917 392 7915
174 7916 163
8180 8182 7914
7914 8182 163
8182 174 163
8187 398 8189
8187 396 398
7921 398 396
7923 398 7921
7922 178 180
7920 178 7922
8188 178 8186
8188 180 178
8185 396 8187
8185 394 396
7919 396 394
7921 396 7919
7920 176 178
7918 176 7920
8186 176 8184
8186 178 176
8191 402 8193
8191 400 402
7925 402 400
7927 402 7925
7926 182 184
7924 182 7926
8192 182 8190
8192 184 182
8189 400 8191
8189 398 400
7923 400 398
7925 400 7923
7924 180 182
7922 180 7924
8190 180 8188
8190 182 180
8197 8195 7931
7931 8195 380
8195 404 380
380 404 7929
7930 186 188
7928 186 7930
8196 186 8194
8196 188 186
8193 404 8195
8193 402 404
7927 404 402
7929 404 7927
7928 184 186
7926 184 7928
8194 184 8192
8194 186 184
7936 7934 8200
7936 8200 40
80 7936 40
40 8202 80
8201 484 524
8199 7933 7935
8199 7935 524
484 8199 524
8198 8200 7932
7932 8200 7934
8199 8197 7931
8199 7931 7933
7930 188 164
8198 7932 8196
8196 7932 188
7932 164 188
7938 82 38
8206 7940 8204
8204 7940 82
7940 38 82
8205 8203 7939
7939 8203 482
8203 526 482
482 526 7937
7938 80 82
7936 80 7938
8204 80 8202
8204 82 80
8201 526 8203
8201 524 526
7935 526 524
7937 526 7935
7942 10772 10720
8210 7944 8208
8208 7944 10772
7944 10720 10772
8209 8207 7943
7943 8207 616
8207 668 616
616 668 7941
7942 7940 8206
7942 8206 10722
10772 7942 10722
10722 8208 10772
8207 618 668
8205 7939 7941
8205 7941 668
618 8205 668
7946 10620 10556
8214 7948 8212
8212 7948 10620
7948 10556 10620
8213 8211 7947
7947 8211 764
8211 828 764
764 828 7945
7946 7944 8210
7946 8210 10558
10620 7946 10558
10558 8212 10620
8211 766 828
8209 7943 7945
8209 7945 828
766 8209 828
7952 7950 8216
7952 8216 10190
10266 7952 10190
10190 8218 10266
8217 1118 1194
8215 7949 7951
8215 7951 1194
1118 8215 1194
10380 7948 8214
10378 7948 10380
10380 7950 10378
10380 8216 7950
8215 934 7949
8215 936 934
8213 934 936
7947 934 8213
8219 1394 7955
1606 8219 7955
1518 8219 1606
1310 1394 7953
7952 10266 10188
7954 10188 10070
10188 10266 10070
10266 9988 10070
10266 8218 9988
9988 8220 10070
8219 1312 1394
1194 1116 7953
8217 1194 7953
1394 8217 7953
1312 8217 1394
1116 1194 7951
9862 8222 9548
9548 8224 9642
8223 1736 1830
1606 1516 7957
8221 1606 7957
1830 8221 7957
1736 8221 1830
1516 1606 7955
7954 10070 9986
7956 9986 9862
9986 10070 9862
10070 9774 9862
10070 8220 9774
9774 8222 9862
8221 1518 1606
1394 1310 7955
7958 9642 9546
9310 9308 9546
9310 9546 9642
8224 9310 9642
9310 7960 9308
9310 8226 7960
8225 1964 7959
8225 1966 1964
1734 1964 1966
1734 1966 8223
1830 1734 8223
1734 1830 7957
7956 9862 9772
7958 9772 9642
9772 9862 9642
9862 9548 9642
2446 2700 2702
2446 2702 8227
2554 2446 8227
2446 2554 7961
9070 7960 8226
9068 7960 9070
9070 8820 9068
9068 8820 7962
8820 8926 7962
8820 8228 8926
8227 2448 2554
2206 2204 2448
2448 2204 2554
2204 7961 2554
8225 2204 2206
7959 2204 8225
2964 3228 3230
2964 3230 8229
3078 2964 8229
2964 3078 7963
7962 8926 8818
8558 8556 8818
8558 8818 8926
8228 8558 8926
8558 8294 8556
8556 8294 7964
8294 8406 7964
8294 8230 8406
8229 2966 3078
2702 2700 2966
2966 2700 3078
2700 7963 3078
7964 8406 8292
8030 8028 8292
8030 8292 8406
8230 8030 8406
8030 7756 8028
8028 7756 7966
7756 7874 7966
7480 7874 7756
7480 7598 7874
7480 8232 7598
8231 3772 3890
3496 3890 3772
3496 3614 3890
3230 3228 3496
3496 3228 3614
3228 7965 3614
5190 5314 5602
4902 5314 5190
4902 5026 5314
4614 5026 4902
4614 4738 5026
4326 4324 4614
4614 4324 4738
4324 7967 4738
4324 4326 4048
4324 4048 4046
3770 4046 4048
3770 4048 8231
3890 3770 8231
3494 3890 3614
3770 3890 3494
3494 3614 7965
7204 7478 7598
8232 7204 7598
7202 7204 6918
7202 6918 6916
6918 6630 6916
6916 6630 7968
6630 6754 7968
6342 6754 6630
6342 6466 6754
6054 6466 6342
6054 6178 6466
5766 6178 6054
5766 5890 6178
5478 5890 5766
5478 5602 5890
5190 5602 5478
6340 6466 6052
5764 6178 5890
6052 6178 5764
5476 5890 5602
5764 5890 5476
5188 5602 5314
5476 5602 5188
4900 5314 5026
5188 5314 4900
4612 5026 4738
4900 5026 4612
4612 4738 7967
7966 7874 7754
7478 7874 7598
7754 7874 7478
7204 7202 7478
5479 5477 5191
5191 5477 5189
5191 5189 4903
4903 5189 4901
4903 4901 4615
4615 4901 4613
4615 4613 4327
4327 4613 4325
4327 4325 4047
4327 4047 4080
8409 4327 4080
4080 4047 8145
7968 6754 6628
6340 6754 6466
6628 6754 6340
6052 6466 6178
8411 3497 3260
3260 3229 8147
7236 8146 7203
7203 6917 6919
7203 6919 8410
7236 7203 8410
6919 6917 6631
6631 6917 6629
6631 6629 6343
6343 6629 6341
6343 6341 6055
6055 6341 6053
6055 6053 5767
5767 6053 5765
5767 5765 5479
5479 5765 5477
8029 7757 8412
8060 8029 8412
7757 7755 7481
7481 7755 7479
7481 7479 7205
7205 7479 7236
7479 8146 7236
7205 7236 8410
8409 4080 4049
3773 4049 3771
3771 4049 8145
4049 4080 8145
3773 3771 3497
3497 3771 3495
3497 3495 3229
3497 3229 3260
8557 8295 8414
8590 8557 8414
8295 8293 8031
8031 8293 8060
8293 8148 8060
8031 8060 8412
8411 3260 3231
2967 3231 2965
2965 3231 8147
3231 3260 8147
2967 2965 2701
2967 2701 2734
8413 2967 2734
2734 2701 8149
8060 8148 8029
8029 7755 7757
9069 8821 8416
9096 9069 8416
8821 8819 8559
8559 8819 8590
8819 8150 8590
8559 8590 8414
8413 2734 2703
2449 2703 2447
2447 2703 8149
2703 2734 8149
2449 2447 2205
2449 2205 2232
8415 2449 2232
2232 2205 8151
8590 8150 8557
8557 8293 8295
8155 1737 1735
8419 1737 8155
9338 8154 9309
9096 9071 8152
9071 8418 8152
8418 9309 8152
8418 9338 9309
9071 9096 8416
8415 2232 2207
1994 8417 1965
8417 2207 1965
2207 8151 1965
2207 2232 8151
1994 1965 8153
9096 8152 9069
9069 8819 8821
9773 8420 9775
9773 8156 8420
8155 1519 8419
8155 1517 1519
8157 1519 1517
8421 1519 8157
9547 8420 8156
9549 8420 9547
9549 9547 9311
9311 9547 9338
9547 8154 9338
9311 9338 8418
8417 1994 1967
1737 1967 1735
1735 1967 8153
1967 1994 8153
8160 8426 10189
8426 10210 10189
8423 8159 8425
8425 8159 1138
8159 1117 1138
1138 1117 8161
9987 8424 8160
9989 8424 9987
9987 8422 9989
9987 8158 8422
8157 1313 8421
8157 1311 1313
8159 1313 1311
8423 1313 8159
9773 8422 8158
9775 8422 9773
8163 8429 937
954 8163 937
10398 8164 10379
10210 10191 8162
10191 8428 8162
8428 10379 8162
8428 10398 10379
10191 10210 8426
8425 1138 1119
954 8427 935
8427 1119 935
1119 8161 935
1119 1138 8161
954 935 8163
10210 8162 10189
8424 8426 8160
8167 8433 767
784 8167 767
10576 8168 10557
8430 8432 8166
8166 8432 10557
8432 10576 10557
8429 8165 8431
8431 8165 784
8165 765 784
784 765 8167
8430 8166 8164
8430 8164 10398
10381 8430 10398
10381 10398 8428
8427 954 937
8163 8165 8429
8171 8437 619
632 8171 619
10736 8172 10721
8434 8436 8170
8170 8436 10721
8436 10736 10721
8433 8169 8435
8435 8169 632
8169 617 632
632 617 8171
8434 8170 8168
8434 8168 10576
10559 8434 10576
10559 10576 8432
8431 784 767
8167 8169 8433
8176 8442 39
8442 56 39
8439 8175 8441
8441 8175 500
8175 483 500
500 483 8177
8438 8440 8174
8174 8440 8176
8439 8437 8173
8439 8173 8175
8438 8174 8172
8438 8172 10736
10723 8438 10736
10723 10736 8436
8435 632 619
8171 8173 8437
8447 8445 8181
8447 8181 8183
8444 8446 8180
8180 8446 8182
8445 8443 8179
8445 8179 8181
8444 8180 8178
8444 8178 56
41 8444 56
41 56 8442
8441 500 485
8177 8179 8443
8177 8443 485
500 8177 485
56 8178 39
8440 8442 8176
8455 8453 8189
8455 8189 8191
8452 8454 8188
8188 8454 8190
8453 8451 8187
8453 8187 8189
8450 8452 8186
8186 8452 8188
8451 8449 8185
8451 8185 8187
8448 8450 8184
8184 8450 8186
8449 8447 8183
8449 8183 8185
8446 8448 8182
8182 8448 8184
8461 8199 522
486 8461 522
8460 8462 8196
8196 8462 8198
8461 8459 8195
8461 8195 8197
8458 8460 8194
8194 8460 8196
8459 8457 8193
8459 8193 8195
8456 8458 8192
8192 8458 8194
8457 8455 8191
8457 8191 8193
8454 8456 8190
8190 8456 8192
8467 8465 8201
8467 8201 8203
8200 78 40
8466 8202 8464
8464 8202 78
8202 40 78
8465 8463 8201
8201 8463 484
8463 522 484
484 522 8199
8200 8198 8462
8200 8462 42
78 8200 42
42 8464 78
8463 486 522
8461 8197 8199
8470 8208 10770
8208 10722 10770
8471 8469 8207
8207 8469 618
8469 666 618
618 666 8205
8206 8204 8468
8206 8468 10724
10770 8206 10724
10724 8470 10770
8469 620 666
8467 8203 8205
8467 8205 666
620 8467 666
8466 8468 8202
8202 8468 8204
8474 8212 10618
8212 10558 10618
8475 8473 8211
8211 8473 766
8473 826 766
766 826 8209
8210 8208 8472
8210 8472 10560
10618 8210 10560
10560 8474 10618
8473 768 826
8471 8207 8209
8471 8209 826
768 8471 826
8206 10770 10722
8472 8208 8470
8479 1120 1192
1004 936 8215
8477 1004 8215
1192 8477 8215
1120 8477 1192
936 1004 8213
8214 8212 8476
8214 8476 10382
10448 8214 10382
10382 8478 10448
8477 938 1004
8475 8211 8213
8475 8213 1004
938 8475 1004
8210 10618 10558
8476 8212 8474
8481 1312 1314
8217 1312 8481
8216 10264 10190
8482 8218 8480
8480 8218 10264
8218 10190 10264
8481 8479 8217
8217 8479 1118
8479 1192 1118
1118 1192 8215
8214 10448 10380
8216 10380 10264
10380 10448 10264
10448 10192 10264
10448 8478 10192
10192 8480 10264
8485 1736 1738
8221 1736 8485
9776 8220 8484
9774 8220 9776
9776 8222 9774
9776 8486 8222
8485 1518 8221
8485 1520 1518
8483 1518 1520
8219 1518 8483
9990 8218 8482
9988 8218 9990
9990 8220 9988
9990 8484 8220
8483 1312 8219
8483 1314 1312
8489 2208 2306
2064 1966 8225
8487 2064 8225
2306 8487 8225
2208 8487 2306
1966 2064 8223
9550 8222 8486
9548 8222 9550
9550 9312 9548
9548 9312 8224
9312 9408 8224
9312 8488 9408
8487 1968 2064
1738 1736 1968
1968 1736 2064
1736 8223 2064
8560 8668 8228
8560 8492 8668
8491 2704 2812
2450 2448 2704
2704 2448 2812
2448 8227 2812
2206 2448 2450
2206 2450 8489
2306 2206 8489
2206 2306 8225
8224 9408 9310
8226 9310 9170
9310 9408 9170
9408 9072 9170
9408 8488 9072
9072 8490 9170
8032 8142 8230
8032 8494 8142
8493 3232 3342
2968 2966 3232
3232 2966 3342
2966 8229 3342
2702 2966 2968
2702 2968 8491
2812 2702 8491
2702 2812 8227
8226 9170 9070
8822 8820 9070
8822 9070 9170
8490 8822 9170
8822 8560 8820
8820 8560 8228
8495 4050 4166
3774 3772 4050
4050 3772 4166
3772 8231 4166
3772 3774 3498
3772 3498 3496
3230 3496 3498
3230 3498 8493
3342 3230 8493
3230 3342 8229
8228 8668 8558
8296 8294 8558
8296 8558 8668
8492 8296 8668
8296 8032 8294
8294 8032 8230
4614 4616 4328
4614 4328 4326
4048 4326 4328
4048 4328 8495
4166 4048 8495
4048 4166 8231
8230 8142 8030
7758 7756 8030
7758 8030 8142
8494 7758 8142
7756 7758 7482
7756 7482 7480
7482 7206 7480
7480 7206 8232
7206 7322 8232
7206 8496 7322
6918 6920 6632
6918 6632 6630
6630 6632 6344
6630 6344 6342
6342 6344 6056
6342 6056 6054
6054 6056 5768
6054 5768 5766
5766 5768 5480
5766 5480 5478
5478 5480 5192
5478 5192 5190
5190 5192 4904
5190 4904 4902
4902 4904 4616
4902 4616 4614
5769 5767 5481
5481 5767 5479
5481 5479 5193
5193 5479 5191
5193 5191 4903
5193 4903 4938
8673 5193 4938
4650 4903 4615
4938 4903 4650
4362 4615 4327
4650 4615 4362
4362 4327 8409
8232 7322 7204
6920 6918 7204
6920 7204 7322
8496 6920 7322
4051 4049 3775
3775 4049 3773
3775 3773 3497
3775 3497 3530
8675 3775 3530
3530 3497 8411
6954 8410 6919
6666 6919 6631
6954 6919 6666
6378 6631 6343
6666 6631 6378
6343 6055 6057
6343 6057 8674
6378 6343 8674
6057 6055 5769
5769 6055 5767
7207 7205 6921
6921 7205 6954
7205 8410 6954
6666 6921 6954
6666 6633 6921
6378 6633 6666
6378 6345 6633
6345 6378 8674
8673 4938 4905
4650 4905 4938
4650 4617 4905
4362 4617 4650
4362 4329 4617
4051 4329 4049
4049 4329 8409
4329 4362 8409
8031 8412 7790
7759 7790 8676
8675 3530 3499
3233 3499 3231
3231 3499 8411
3499 3530 8411
3233 3231 2967
3233 2967 2998
8677 3233 2998
2998 2967 8413
7790 8412 7757
7757 7481 7483
7757 7483 8676
7790 7757 8676
7483 7481 7207
7207 7481 7205
8559 8414 8326
8297 8326 8678
8677 2998 2969
2705 2969 2703
2703 2969 8413
2969 2998 8413
2705 2703 2449
2705 2449 2478
8679 2705 2478
2478 2449 8415
8326 8414 8295
8295 8031 8033
8295 8033 8678
8326 8295 8678
8033 8031 7759
7759 8031 7790
9073 9071 8823
8823 9071 8850
9071 8416 8850
8823 8850 8680
8679 2478 2451
2209 2451 2207
2207 2451 8415
2451 2478 8415
8417 2209 2207
8681 2209 8417
8850 8416 8821
8821 8559 8561
8821 8561 8680
8850 8821 8680
8561 8559 8297
8297 8559 8326
1739 1762 8419
1542 1519 8421
9574 8420 9549
9549 9311 9313
9549 9313 8684
9574 9549 8684
9311 8682 9313
9311 8418 8682
8417 1969 8681
8417 1967 1969
1969 1967 1737
1969 1737 1762
8683 1969 1762
1762 1737 8419
9071 8682 8418
9073 8682 9071
8685 1542 1521
1334 8687 1313
8687 1521 1313
1521 8421 1313
1521 1542 8421
1334 1313 8423
9798 8422 9775
9574 9551 8420
9551 8686 8420
8686 9775 8420
8686 9798 9775
9551 9574 8684
8683 1762 1739
1542 8685 1519
8685 1739 1519
1739 8419 1519
8427 1121 1119
8691 1121 8427
8690 8426 8424
8690 8424 10010
9991 8690 10010
9991 10010 8688
8687 1334 1315
8423 8425 8689
8423 8689 1315
1334 8423 1315
10010 8424 9989
9798 9777 8422
9777 8688 8422
8688 9989 8422
8688 10010 9989
9777 9798 8686
8429 8695 939
956 8429 939
10400 8430 10381
8692 8694 8428
8428 8694 10381
8694 10400 10381
8691 8427 8693
8693 8427 956
8427 937 956
956 937 8429
10191 8692 8428
10193 8692 10191
10191 8690 10193
10191 8426 8690
8425 1121 8689
8425 1119 1121
8433 8699 769
786 8433 769
10578 8434 10559
8696 8698 8432
8432 8698 10559
8698 10578 10559
8695 8431 8697
8697 8431 786
8431 767 786
786 767 8433
8696 8432 8430
8696 8430 10400
10383 8696 10400
10383 10400 8694
8693 956 939
8429 8431 8695
8437 8703 621
634 8437 621
10738 8438 10723
8700 8702 8436
8436 8702 10723
8702 10738 10723
8699 8435 8701
8701 8435 634
8435 619 634
634 619 8437
8700 8436 8434
8700 8434 10578
10561 8700 10578
10561 10578 8698
8697 786 769
8433 8435 8699
8442 8708 41
8708 58 41
8705 8441 8707
8707 8441 502
8441 485 502
502 485 8443
8704 8706 8440
8440 8706 8442
8705 8703 8439
8705 8439 8441
8704 8440 8438
8704 8438 10738
10725 8704 10738
10725 10738 8702
8701 634 621
8437 8439 8703
8712 60 8710
8712 62 60
8709 506 8711
8709 504 506
8445 506 504
8447 506 8445
8446 58 60
8444 58 8446
8710 58 8708
8710 60 58
8707 504 8709
8707 502 504
8443 504 502
8445 504 8443
58 8444 41
8706 8708 8442
8717 8715 8451
8717 8451 8453
8714 8716 8450
8450 8716 8452
8715 8713 8449
8715 8449 8451
8714 8450 8448
8714 8448 62
43 8714 62
43 62 8712
8711 506 487
8447 8449 8713
8447 8713 487
506 8447 487
8448 60 62
8446 60 8448
8457 518 516
8459 518 8457
8458 8456 8720
8458 8720 44
72 8458 44
44 8722 72
8721 488 516
8719 8455 8457
8719 8457 516
488 8719 516
8718 8720 8454
8454 8720 8456
8719 8717 8453
8719 8453 8455
8716 8718 8452
8452 8718 8454
8725 520 486
486 520 8461
8462 74 76
8460 74 8462
8726 74 8724
8726 76 74
8723 520 8725
8723 518 520
8459 520 518
8461 520 8459
8460 72 74
8458 72 8460
8724 72 8722
8724 74 72
8721 518 8723
8721 516 518
10768 8468 10726
10726 8732 10768
8731 622 664
8729 8465 8467
8729 8467 664
622 8729 664
8728 8730 8464
8464 8730 8466
8729 8727 8463
8729 8463 8465
8462 76 42
8728 8464 8726
8726 8464 76
8464 42 76
8727 8725 8463
8463 8725 486
10616 8472 10562
10562 8736 10616
8735 770 824
8733 8469 8471
8733 8471 824
770 8733 824
8468 10768 10724
8734 8470 8732
8732 8470 10768
8470 10724 10768
8733 8731 8469
8469 8731 620
8731 664 620
620 664 8467
8468 8466 8730
8468 8730 10726
10446 8476 10384
10384 8740 10446
8739 940 1002
8737 8473 8475
8737 8475 1002
940 8737 1002
8472 10616 10560
8738 8474 8736
8736 8474 10616
8474 10560 10616
8737 8735 8473
8473 8735 768
8735 824 768
768 824 8471
8472 8470 8734
8472 8734 10562
10194 8480 10192
10194 8744 8480
8743 1120 8479
8743 1122 1120
8741 1120 1122
8477 1120 8741
8476 10446 10382
8742 8478 8740
8740 8478 10446
8478 10382 10446
8741 8739 8477
8477 8739 938
8739 1002 938
938 1002 8475
8476 8474 8738
8476 8738 10384
8747 1522 1604
1392 1314 8483
8745 1392 8483
1604 8745 8483
1522 8745 1604
1314 1392 8481
8482 8480 8744
8482 8744 9992
10068 8482 9992
9992 8746 10068
8745 1316 1392
8743 8479 8481
8743 8481 1392
1316 8743 1392
10194 8478 8742
10192 8478 10194
9776 9860 9640
9860 9552 9640
9860 8748 9552
9552 8750 9640
8749 1740 1828
1604 1520 8485
8747 1604 8485
1828 8747 8485
1740 8747 1828
1520 1604 8483
8482 10068 9990
8484 9990 9860
9990 10068 9860
10068 9778 9860
10068 8746 9778
9778 8748 9860
8751 2208 2210
8487 2208 8751
8486 9640 9550
9314 9312 9550
9314 9550 9640
8750 9314 9640
9314 8488 9312
9314 8752 8488
8751 1968 8487
8751 1970 1968
1738 1968 1970
1738 1970 8749
1828 1738 8749
1738 1828 8485
8484 9860 9776
8486 9776 9640
2970 2704 3076
2704 8491 3076
2450 2704 2706
2450 2706 8753
2552 2450 8753
2450 2552 8489
9074 8488 8752
9072 8488 9074
9074 8824 9072
9072 8824 8490
8824 8924 8490
8824 8754 8924
8753 2452 2552
2210 2208 2452
2452 2208 2552
2208 8489 2552
3500 3232 3612
3232 8493 3612
2968 3232 3234
2968 3234 8755
3076 2968 8755
2968 3076 8491
8490 8924 8822
8562 8560 8822
8562 8822 8924
8754 8562 8924
8562 8298 8560
8560 8298 8492
8298 8404 8492
8298 8756 8404
8755 2970 3076
2706 2704 2970
4050 4052 3776
4050 3776 3774
3498 3774 3776
3498 3776 8757
3612 3498 8757
3498 3612 8493
8492 8404 8296
8034 8032 8296
8034 8296 8404
8756 8034 8404
8034 7760 8032
8032 7760 8494
7760 7872 8494
7760 8758 7872
8757 3500 3612
3234 3232 3500
7208 6922 7206
7206 6922 8496
6922 7040 8496
6634 7040 6922
6634 6752 7040
6346 6752 6634
6346 6464 6752
6346 8760 6464
8759 4906 5024
4618 5024 4906
4618 4736 5024
4330 4736 4618
4330 4448 4736
4052 4050 4330
4330 4050 4448
4050 8495 4448
5480 5482 5194
5480 5194 5192
4904 5192 5194
4904 5194 8759
5024 4904 8759
4616 5024 4736
4904 5024 4616
4328 4736 4448
4616 4736 4328
4328 4448 8495
8494 7872 7758
7484 7482 7758
7484 7758 7872
8758 7484 7872
7482 7484 7208
7482 7208 7206
5802 5769 5514
5226 5481 5193
5514 5481 5226
5226 5193 8673
8496 7040 6920
6632 7040 6752
6920 7040 6632
6344 6752 6464
6632 6752 6344
6058 6056 6344
6058 6344 6464
8760 6058 6464
6056 6058 5770
6056 5770 5768
5768 5770 5482
5768 5482 5480
4905 5195 8673
5195 5226 8673
4907 4905 4619
4619 4905 4617
4619 4617 4331
4331 4617 4329
4331 4329 4051
4331 4051 4082
8929 4331 4082
3806 4051 3775
4082 4051 3806
3806 3775 8675
6090 8674 6057
5802 6057 5769
6090 6057 5802
5514 5769 5481
7207 6923 8930
7238 7207 8930
6923 6921 6635
6635 6921 6633
6635 6633 6347
6347 6633 6345
6347 6345 6059
6059 6345 6090
6345 8674 6090
5802 6059 6090
5802 5771 6059
5514 5771 5802
5514 5483 5771
5226 5483 5514
5226 5195 5483
4907 5195 4905
7238 7209 7485
7209 7238 8930
8929 4082 4053
3806 4053 4082
3806 3777 4053
3501 3777 3499
3499 3777 8675
3777 3806 8675
3501 3499 3233
3501 3233 3262
8931 3501 3262
3262 3233 8677
7514 8676 7483
7238 7483 7207
7514 7483 7238
7207 6921 6923
8931 3262 3235
2971 3235 2969
2969 3235 8677
3235 3262 8677
2971 2969 2705
2971 2705 2736
8933 2971 2736
2736 2705 8679
8062 8678 8033
8033 7759 7761
8033 7761 8932
8062 8033 8932
7761 7759 7485
7485 7759 7514
7759 8676 7514
7238 7485 7514
8933 2736 2707
2453 2707 2451
2451 2707 8679
2707 2736 8679
2453 2451 2209
2453 2209 2234
8935 2453 2234
2234 2209 8681
8592 8680 8561
8561 8297 8299
8561 8299 8934
8592 8561 8934
8299 8297 8035
8035 8297 8062
8297 8678 8062
8035 8062 8932
8938 9340 9313
9075 9098 8936
8935 2234 2211
1996 8937 1969
8937 2211 1969
2211 8681 1969
2211 2234 8681
1996 1969 8683
9098 8682 9073
9073 8823 8825
9073 8825 8936
9098 9073 8936
8825 8823 8563
8563 8823 8592
8823 8680 8592
8563 8592 8934
9576 8686 9551
9340 9315 8684
9315 8940 8684
8940 9551 8684
8940 9576 9551
9315 9340 8938
8937 1996 1971
1764 8939 1739
8939 1971 1739
1971 8683 1739
1971 1996 8683
1764 1739 8685
9340 8684 9313
9098 9075 8682
9075 8938 8682
8938 9313 8682
8943 1523 1315
1523 8687 1315
1523 1544 8687
1336 1315 8689
9800 8688 9777
9576 9553 8686
9553 8942 8686
8942 9777 8686
8942 9800 9777
9553 9576 8940
8939 1764 1741
1544 8941 1521
8941 1741 1521
1741 8685 1521
1741 1764 8685
1544 1521 8687
8946 10212 10193
9993 10012 8944
8943 1336 1317
1140 8945 1121
8945 1317 1121
1317 8689 1121
1317 1336 8689
1140 1121 8691
10012 8690 9991
9800 9779 8688
9779 8944 8688
8944 9991 8688
8944 10012 9991
9779 9800 8942
8941 1544 1523
1336 8943 1315
8947 8693 8949
8949 8693 958
8693 939 958
958 939 8695
8948 8694 8692
8948 8692 10212
10195 8948 10212
10195 10212 8946
8945 1140 1123
8691 8693 8947
8691 8947 1123
1140 8691 1123
10212 8692 10193
10012 9993 8690
9993 8946 8690
8946 10193 8690
8951 8697 8953
8953 8697 788
8697 769 788
788 769 8699
8952 8698 8696
8952 8696 10402
10385 8952 10402
10385 10402 8950
8949 958 941
8695 8697 8951
8695 8951 941
958 8695 941
10402 8696 10383
8948 8950 8694
8694 8950 10383
8950 10402 10383
8955 8701 8957
8957 8701 636
8701 621 636
636 621 8703
8956 8702 8700
8956 8700 10580
10563 8956 10580
10563 10580 8954
8953 788 771
8699 8701 8955
8699 8955 771
788 8699 771
10580 8700 10561
8952 8954 8698
8698 8954 10561
8954 10580 10561
8959 638 623
8705 8707 8961
8705 8961 623
638 8705 623
8706 10740 10742
8704 10740 8706
8960 10740 8958
8960 10742 10740
8957 638 8959
8957 636 638
8703 638 636
8705 638 8703
10740 8704 10725
8956 8958 8702
8702 8958 10725
8958 10740 10725
8965 8711 8967
8967 8711 508
8711 487 508
508 487 8713
8964 8966 8710
8710 8966 8712
8965 8963 8709
8965 8709 8711
8962 8964 8708
8708 8964 8710
8963 8961 8707
8963 8707 8709
8962 8708 8706
8962 8706 10742
10727 8962 10742
10727 10742 8960
8969 512 8971
8969 510 512
8715 512 510
8717 512 8715
8716 64 66
8714 64 8716
8970 64 8968
8970 66 64
8967 510 8969
8967 508 510
8713 510 508
8715 510 8713
64 8714 43
8966 8968 8712
8712 8968 43
8968 64 43
8975 8973 8721
8721 8973 488
8973 514 488
488 514 8719
8720 68 70
8718 68 8720
8974 68 8972
8974 70 68
8971 514 8973
8971 512 514
8717 514 512
8719 514 8717
8718 66 68
8716 66 8718
8972 66 8970
8972 68 66
8981 624 660
8979 8725 8727
8979 8727 660
624 8979 660
8978 8980 8724
8724 8980 8726
8979 8977 8723
8979 8723 8725
8976 8978 8722
8722 8978 8724
8977 8975 8721
8977 8721 8723
8720 70 44
8976 8722 8974
8974 8722 70
8722 44 70
8985 8983 8731
8731 8983 622
8983 662 622
622 662 8729
8730 10764 10766
8728 10764 8730
8984 10764 8982
8984 10766 10764
8981 662 8983
8981 660 662
8727 662 660
8729 662 8727
8728 8726 8980
8728 8980 10728
10764 8728 10728
10728 8982 10764
8989 8987 8735
8735 8987 770
8987 822 770
770 822 8733
8734 8732 8986
8734 8986 10564
10614 8734 10564
10564 8988 10614
8987 772 822
8985 8731 8733
8985 8733 822
772 8985 822
8730 10766 10726
8986 8732 8984
8984 8732 10766
8732 10726 10766
8993 8991 8739
8739 8991 940
8991 1000 940
940 1000 8737
8738 8736 8990
8738 8990 10386
10444 8738 10386
10386 8992 10444
8991 942 1000
8989 8735 8737
8989 8737 1000
942 8989 1000
8734 10614 10562
8990 8736 8988
8988 8736 10614
8736 10562 10614
8995 1190 8743
1390 8995 8743
1318 8995 1390
1122 1190 8741
8742 8740 8994
8742 8994 10196
10262 8742 10196
10196 8996 10262
8995 1124 1190
8993 8739 8741
8993 8741 1190
1124 8993 1190
8738 10444 10384
8994 8740 8992
8992 8740 10444
8740 10384 10444
10066 8998 9780
9780 9000 9858
8999 1524 1602
1390 1316 8745
8997 1390 8745
1602 8997 8745
1524 8997 1602
1316 1390 8743
8742 10262 10194
8744 10194 10066
10194 10262 10066
10262 9994 10066
10262 8996 9994
9994 8998 10066
8997 1318 1390
1190 1122 8743
8746 9858 9778
8748 9778 9638
9778 9858 9638
9858 9554 9638
9858 9000 9554
9554 9002 9638
9001 1742 1826
1602 1522 8747
8999 1602 8747
1826 8999 8747
1742 8999 1826
1522 1602 8745
8744 10066 9992
8746 9992 9858
9992 10066 9858
10066 9780 9858
9003 2062 8751
2304 9003 8751
2212 9003 2304
1970 2062 8749
8748 9638 9552
8750 9552 9406
9552 9638 9406
9638 9316 9406
9638 9002 9316
9316 9004 9406
9003 1972 2062
1826 1740 8749
9001 1826 8749
2062 9001 8749
1972 9001 2062
1740 1826 8747
9007 2708 2810
2454 2452 2708
2708 2452 2810
2452 8753 2810
2210 2452 2454
2210 2454 9005
2304 2210 9005
2210 2304 8751
8750 9406 9314
8752 9314 9168
9314 9406 9168
9406 9076 9168
9406 9004 9076
9076 9006 9168
9005 2212 2304
2062 1970 8751
9009 3236 3340
2972 2970 3236
3236 2970 3340
2970 8755 3340
2706 2970 2972
2706 2972 9007
2810 2706 9007
2706 2810 8753
8752 9168 9074
8826 8824 9074
8826 9074 9168
9006 8826 9168
8826 8564 8824
8824 8564 8754
8564 8666 8754
8564 9008 8666
3778 3888 4164
3502 3500 3778
3778 3500 3888
3500 8757 3888
3234 3500 3502
3234 3502 9009
3340 3234 9009
3234 3340 8755
8754 8666 8562
8300 8298 8562
8300 8562 8666
9008 8300 8666
8300 8036 8298
8298 8036 8756
8036 8140 8756
8036 9010 8140
4164 4052 9011
3776 4164 3888
4052 4164 3776
3776 3888 8757
8756 8140 8034
7762 7760 8034
7762 8034 8140
9010 7762 8140
7762 7486 7760
7760 7486 8758
7486 7596 8758
7210 7596 7486
7210 7320 7596
7210 9012 7320
9011 4054 4164
3778 4164 4054
6060 6176 8760
5772 6176 6060
5772 5888 6176
5484 5888 5772
5484 5600 5888
5196 5600 5484
5196 5312 5600
4908 4906 5196
5196 4906 5312
4906 8759 5312
4906 4908 4620
4906 4620 4618
4618 4620 4332
4618 4332 4330
4052 4330 4332
4052 4332 9011
5770 5888 5482
5194 5600 5312
5482 5600 5194
5194 5312 8759
8758 7596 7484
7208 7596 7320
7484 7596 7208
6924 6922 7208
6924 7208 7320
9012 6924 7320
6922 6924 6636
6922 6636 6634
6634 6636 6348
6634 6348 6346
6348 6060 6346
6346 6060 8760
6092 6059 5804
5516 5771 5483
5804 5771 5516
5228 5483 5195
5516 5483 5228
4940 5195 4907
5228 5195 4940
4652 4907 4619
4940 4907 4652
4364 4619 4331
4652 4619 4364
4364 4331 8929
8760 6176 6058
5770 6176 5888
6058 6176 5770
5482 5888 5600
4053 4333 8929
4333 4364 8929
4055 4053 3777
4055 3777 3808
9173 4055 3808
3532 3777 3501
3808 3777 3532
3532 3501 8931
6956 8930 6923
6668 6923 6635
6956 6923 6668
6380 6635 6347
6668 6635 6380
6092 6347 6059
6380 6347 6092
5804 6059 5771
6380 6349 6637
6092 6349 6380
6092 6061 6349
5804 6061 6092
5804 5773 6061
5516 5773 5804
5516 5485 5773
5228 5485 5516
5228 5197 5485
4940 5197 5228
4940 4909 5197
4652 4909 4940
4652 4621 4909
4364 4621 4652
4364 4333 4621
4055 4333 4053
3237 3235 2971
3237 2971 3000
9175 3237 3000
3000 2971 8933
7792 8932 7761
7516 7761 7485
7792 7761 7516
7485 7209 7211
7485 7211 9174
7516 7485 9174
7211 7209 6925
6925 7209 6956
7209 8930 6956
6668 6925 6956
6668 6637 6925
6380 6637 6668
8328 8934 8299
8299 8035 8037
8299 8037 9176
8328 8299 9176
8037 8035 7763
7763 8035 7792
8035 8932 7792
7516 7763 7792
7516 7487 7763
7487 7516 9174
9173 3808 3779
3532 3779 3808
3532 3503 3779
3237 3503 3235
3235 3503 8931
3503 3532 8931
8852 8936 8825
8825 8563 8565
8825 8565 9178
8852 8825 9178
8565 8563 8301
8301 8563 8328
8563 8934 8328
8301 8328 9176
9175 3000 2973
2709 2973 2707
2707 2973 8933
2973 3000 8933
2709 2707 2453
2709 2453 2480
9177 2709 2480
2480 2453 8935
9181 2213 1971
2213 8937 1971
2213 2236 8937
1998 1971 8939
9100 8938 9075
8852 8827 8936
8827 9180 8936
9180 9075 8936
9180 9100 9075
8827 8852 9178
9177 2480 2455
2236 9179 2211
9179 2455 2211
2455 8935 2211
2455 2480 8935
2236 2211 8937
9184 9578 9553
9317 9342 9182
9181 1998 1973
1766 9183 1741
9183 1973 1741
1973 8939 1741
1973 1998 8939
1766 1741 8941
9342 8940 9315
9100 9077 8938
9077 9182 8938
9182 9315 8938
9182 9342 9315
9077 9100 9180
9179 2236 2213
1998 9181 1971
9802 8944 9779
9578 9555 8942
9555 9186 8942
9186 9779 8942
9186 9802 9779
9555 9578 9184
9183 1766 1743
1546 9185 1523
9185 1743 1523
1743 8941 1523
1743 1766 8941
1546 1523 8943
9578 8942 9553
9342 9317 8940
9317 9184 8940
9184 9553 8940
9189 1319 1123
1319 8945 1123
1319 1338 8945
1142 1123 8947
10014 8946 9993
9802 9781 8944
9781 9188 8944
9188 9993 8944
9188 10014 9993
9781 9802 9186
9185 1546 1525
1338 9187 1317
9187 1525 1317
1525 8943 1317
1525 1546 8943
1338 1317 8945
9192 8950 8948
9192 8948 10214
10197 9192 10214
10197 10214 9190
9189 1142 1125
8947 8949 9191
8947 9191 1125
1142 8947 1125
10214 8948 10195
10014 9995 8946
9995 9190 8946
9190 10195 8946
9190 10214 10195
9995 10014 9188
9187 1338 1319
1142 9189 1123
9196 8954 8952
9196 8952 10404
10387 9196 10404
10387 10404 9194
9193 960 943
8951 8953 9195
8951 9195 943
960 8951 943
10404 8952 10385
9192 9194 8950
8950 9194 10385
9194 10404 10385
9191 8949 9193
9193 8949 960
8949 941 960
960 941 8951
8958 10582 10584
8956 10582 8958
9200 10582 9198
9200 10584 10582
9197 792 9199
9197 790 792
8955 792 790
8957 792 8955
10582 8956 10563
9196 9198 8954
8954 9198 10563
9198 10582 10563
9195 8953 9197
9197 8953 790
8953 771 790
790 771 8955
10744 8962 10727
9202 9204 8960
8960 9204 10727
9204 10744 10727
9201 8959 9203
9203 8959 640
8959 623 640
640 623 8961
9202 8960 8958
9202 8958 10584
10565 9202 10584
10565 10584 9200
9199 792 773
8957 8959 9201
8957 9201 773
792 8957 773
8966 10746 10748
8964 10746 8966
9208 10746 9206
9208 10748 10746
9205 644 9207
9205 642 644
8963 644 642
8965 644 8963
8964 10744 10746
8962 10744 8964
9206 10744 9204
9206 10746 10744
9203 642 9205
9203 640 642
8961 642 640
8963 642 8961
8970 10750 10752
8968 10750 8970
9212 10750 9210
9212 10752 10750
9209 648 9211
9209 646 648
8967 648 646
8969 648 8967
8968 10748 10750
8966 10748 8968
9210 10748 9208
9210 10750 10748
9207 646 9209
9207 644 646
8965 646 644
8967 646 8965
8974 10754 10756
8972 10754 8974
9216 10754 9214
9216 10756 10754
9213 652 9215
9213 650 652
8971 652 650
8973 652 8971
8972 10752 10754
8970 10752 8972
9214 10752 9212
9214 10754 10752
9211 650 9213
9211 648 650
8969 650 648
8971 650 8969
8978 10758 10760
8976 10758 8978
9220 10758 9218
9220 10760 10758
9217 656 9219
9217 654 656
8975 656 654
8977 656 8975
8976 10756 10758
8974 10756 8976
9218 10756 9216
9218 10758 10756
9215 654 9217
9215 652 654
8973 654 652
8975 654 8973
8980 10762 10728
9224 8982 9222
9222 8982 10762
8982 10728 10762
9223 9221 8981
8981 9221 624
9221 658 624
624 658 8979
8980 10760 10762
8978 10760 8980
9222 10760 9220
9222 10762 10760
9219 658 9221
9219 656 658
8977 658 656
8979 658 8977
8986 10610 10612
8984 10610 8986
9228 10610 9226
9228 10612 10610
9225 820 9227
9225 818 820
8983 820 818
8985 820 8983
8984 8982 9224
8984 9224 10566
10610 8984 10566
10566 9226 10610
9225 774 818
9223 8981 8983
9223 8983 818
774 9223 818
8990 8988 9230
8990 9230 10388
10442 8990 10388
10388 9232 10442
9231 944 998
9229 8987 8989
9229 8989 998
944 9229 998
8986 10612 10564
9230 8988 9228
9228 8988 10612
8988 10564 10612
9229 9227 8987
8987 9227 772
9227 820 772
772 820 8985
8994 8992 9234
8994 9234 10198
10260 8994 10198
10198 9236 10260
9235 1126 1188
9233 8991 8993
9233 8993 1188
1126 9233 1188
8990 10442 10386
9234 8992 9232
9232 8992 10442
8992 10386 10442
9233 9231 8991
8991 9231 942
9231 998 942
942 998 8989
9237 1388 8997
1600 9237 8997
1526 9237 1600
1318 1388 8995
8994 10260 10196
8996 10196 10064
10196 10260 10064
10260 9996 10064
10260 9236 9996
9996 9238 10064
9237 1320 1388
1188 1124 8995
9235 1188 8995
1388 9235 8995
1320 9235 1388
1124 1188 8993
9856 9240 9556
9556 9242 9636
9241 1744 1824
1600 1524 8999
9239 1600 8999
1824 9239 8999
1744 9239 1824
1524 1600 8997
8996 10064 9994
8998 9994 9856
9994 10064 9856
10064 9782 9856
10064 9238 9782
9782 9240 9856
9239 1526 1600
1388 1318 8997
9000 9636 9554
9002 9554 9404
9554 9636 9404
9636 9318 9404
9636 9242 9318
9318 9244 9404
9243 1974 2060
1824 1742 9001
9241 1824 9001
2060 9241 9001
1974 9241 2060
1742 1824 8999
8998 9856 9780
9000 9780 9636
9780 9856 9636
9856 9556 9636
9245 2302 9005
2550 9245 9005
2456 9245 2550
2212 2302 9003
9002 9404 9316
9004 9316 9166
9316 9404 9166
9404 9078 9166
9404 9244 9078
9078 9246 9166
9245 2214 2302
2060 1972 9003
9243 2060 9003
2302 9243 9003
2214 9243 2302
1972 2060 9001
9249 2974 3074
2710 2708 2974
2974 2708 3074
2708 9007 3074
2454 2708 2710
2454 2710 9247
2550 2454 9247
2454 2550 9005
9004 9166 9076
9006 9076 8922
9076 9166 8922
9166 8828 8922
9166 9246 8828
8828 9248 8922
9247 2456 2550
2302 2212 9005
3504 3610 3886
3238 3236 3504
3504 3236 3610
3236 9009 3610
2972 3236 3238
2972 3238 9249
3074 2972 9249
2972 3074 9007
9006 8922 8826
8566 8564 8826
8566 8826 8922
9248 8566 8922
8566 8302 8564
8564 8302 9008
8302 8402 9008
8302 9250 8402
3886 3778 9251
3502 3886 3610
3778 3886 3502
3502 3610 9009
9008 8402 8300
8038 8036 8300
8038 8300 8402
9250 8038 8402
8038 7764 8036
8036 7764 9010
7764 7870 9010
7488 7870 7764
7488 7594 7870
7488 9252 7594
9251 3780 3886
3504 3886 3780
5774 5886 6174
5486 5886 5774
5486 5598 5886
5198 5598 5486
5198 5310 5598
4910 5310 5198
4910 5022 5310
4622 5022 4910
4622 4734 5022
4334 4734 4622
4334 4446 4734
4056 4054 4334
4334 4054 4446
4054 9011 4446
3778 4054 4056
3778 4056 9251
9010 7870 7762
7486 7870 7594
7762 7870 7486
7212 7210 7486
7212 7486 7594
9252 7212 7594
7212 6926 7210
7210 6926 9012
6926 7038 9012
6638 7038 6926
6638 6750 7038
6350 6750 6638
6350 6462 6750
6062 6462 6350
6062 6174 6462
5774 6174 6062
6636 6750 6348
6060 6462 6174
6348 6462 6060
5772 6174 5886
6060 6174 5772
5484 5886 5598
5772 5886 5484
5196 5598 5310
5484 5598 5196
4908 5310 5022
5196 5310 4908
4620 5022 4734
4908 5022 4620
4332 4734 4446
4620 4734 4332
4332 4446 9011
5487 5485 5199
5199 5485 5197
5199 5197 4911
4911 5197 4909
4911 4909 4623
4623 4909 4621
4623 4621 4333
4623 4333 4366
9413 4623 4366
4084 4333 4055
4366 4333 4084
4084 4055 9173
9012 7038 6924
6636 7038 6750
6924 7038 6636
6348 6750 6462
3534 3503 3264
3264 3237 9175
7240 9174 7211
6958 7211 6925
7240 7211 6958
6925 6637 6639
6925 6639 9414
6958 6925 9414
6639 6637 6351
6351 6637 6349
6351 6349 6063
6063 6349 6061
6063 6061 5775
5775 6061 5773
5775 5773 5487
5487 5773 5485
7489 7487 7213
7213 7487 7240
7487 9174 7240
6958 7213 7240
6958 6927 7213
6927 6958 9414
9413 4366 4335
4084 4335 4366
4084 4057 4335
3781 4057 3779
3779 4057 9173
4057 4084 9173
3781 3779 3503
3781 3503 3534
9415 3781 3534
3264 3503 3237
9415 3534 3505
3264 3505 3534
3264 3239 3505
3002 9417 2973
9417 3239 2973
3239 9175 2973
3239 3264 9175
2738 2973 2709
3002 2973 2738
2738 2709 9177
8064 9176 8037
7794 8037 7763
8064 8037 7794
7763 7487 7489
7763 7489 9416
7794 7763 9416
2738 2711 2975
2482 9419 2455
9419 2711 2455
2711 9177 2455
2711 2738 9177
2482 2455 9179
8594 9178 8565
8330 8565 8301
8594 8565 8330
8064 8039 9176
8039 9418 9176
9418 8301 9176
9418 8330 8301
7794 8039 8064
7794 7765 8039
7765 7794 9416
9419 2482 2457
2238 9421 2213
9421 2457 2213
2457 9179 2213
2457 2482 9179
2238 2213 9181
8854 9180 8827
8594 8567 9178
8567 9420 9178
9420 8827 9178
9420 8854 8827
8330 8567 8594
8330 8303 8567
8303 8330 9418
9417 3002 2975
2738 2975 3002
9319 9317 9079
9079 9317 9102
9317 9182 9102
9079 9102 9422
9421 2238 2215
1975 2215 1973
1973 2215 9181
2215 2238 9181
9183 1975 1973
9423 1975 9183
9102 9182 9077
8854 8829 9180
8829 9422 9180
9422 9077 9180
9422 9102 9077
8829 8854 9420
9186 9428 9781
9428 9804 9781
9425 9185 9427
9427 9185 1548
9185 1525 1548
1548 1525 9187
9555 9426 9186
9557 9426 9555
9555 9424 9557
9555 9184 9424
9183 1745 9423
9183 1743 1745
9185 1745 1743
9425 1745 9185
9317 9424 9184
9319 9424 9317
1321 1340 9189
1144 1125 9191
10016 9190 9995
9804 9783 9188
9783 9430 9188
9430 9995 9188
9430 10016 9995
9783 9804 9428
9427 1548 1527
1340 9429 1319
9429 1527 1319
1527 9187 1319
1527 1548 9187
1340 1319 9189
9804 9188 9781
9426 9428 9186
9434 10216 9432
9434 10218 10216
9431 1146 9433
9431 1144 1146
9191 1146 1144
9193 1146 9191
10216 9192 10197
10016 9997 9190
9997 9432 9190
9432 10197 9190
9432 10216 10197
9997 10016 9430
9429 1340 1321
1144 9431 1125
9431 1321 1125
1321 9189 1125
9195 964 962
9197 964 9195
10406 9196 10387
10218 10199 9194
10199 9436 9194
9436 10387 9194
9436 10406 10387
10199 10218 9434
9433 1146 1127
962 9435 943
9435 1127 943
1127 9193 943
1127 1146 9193
962 943 9195
9194 10216 10218
9192 10216 9194
9199 773 794
794 773 9201
9440 9200 9198
9440 9198 10408
10389 9440 10408
10389 10408 9438
9437 964 945
9197 9199 9439
9197 9439 945
964 9197 945
9198 10406 10408
9196 10406 9198
9438 10406 9436
9438 10408 10406
9435 964 9437
9435 962 964
9203 9445 775
796 9203 775
9204 10586 10588
9202 10586 9204
9444 10586 9442
9444 10588 10586
9441 796 9443
9441 794 796
9201 796 794
9203 796 9201
10586 9202 10565
9440 9442 9200
9200 9442 10565
9442 10586 10565
9439 9199 9441
9441 9199 794
9451 9449 9209
9451 9209 9211
9448 9450 9208
9208 9450 9210
9449 9447 9207
9449 9207 9209
9446 9448 9206
9206 9448 9208
9447 9445 9205
9447 9205 9207
9446 9206 9204
9446 9204 10588
10567 9446 10588
10567 10588 9444
9443 796 775
9203 9205 9445
9459 9457 9217
9459 9217 9219
9456 9458 9216
9216 9458 9218
9457 9455 9215
9457 9215 9217
9454 9456 9214
9214 9456 9216
9455 9453 9213
9455 9213 9215
9452 9454 9212
9212 9454 9214
9453 9451 9211
9453 9211 9213
9450 9452 9210
9210 9452 9212
9464 10606 9462
9464 10608 10606
9461 816 9463
9461 814 816
9221 816 814
9223 816 9221
9222 9220 9460
9222 9460 10568
10606 9222 10568
10568 9462 10606
9461 776 814
9459 9219 9221
9459 9221 814
776 9459 814
9458 9460 9218
9218 9460 9220
10438 9228 10390
10390 9468 10438
9467 946 994
9465 9225 9227
9465 9227 994
946 9465 994
9224 10608 10566
9466 9226 9464
9464 9226 10608
9226 10566 10608
9465 9463 9225
9225 9463 774
9463 816 774
774 816 9223
9224 10606 10608
9222 10606 9224
9471 1128 1184
996 944 9231
9469 996 9231
1184 9469 9231
1128 9469 1184
944 996 9229
9230 10438 10440
9228 10438 9230
9470 10438 9468
9470 10440 10438
9467 996 9469
9467 994 996
9227 996 994
9229 996 9227
9228 9226 9466
9228 9466 10390
1322 9473 1386
1126 1186 9233
9234 10256 10258
9232 10256 9234
9474 10256 9472
9474 10258 10256
9471 1186 9473
9471 1184 1186
9231 1186 1184
9233 1186 9231
9230 10440 10388
9232 10388 10256
10388 10440 10256
10440 10200 10256
10440 9470 10200
10200 9472 10256
9477 1528 1598
1386 1320 9237
9475 1386 9237
1598 9475 9237
1528 9475 1598
1320 1386 9235
9234 10258 10198
9236 10198 10062
10198 10258 10062
10258 9998 10062
10258 9474 9998
9998 9476 10062
9475 1322 1386
1186 1126 9235
9473 1186 9235
1386 9473 9235
9479 1744 1746
9239 1744 9479
9238 9854 9782
9480 9240 9478
9478 9240 9854
9240 9782 9854
9479 9477 9239
9239 9477 1526
9477 1598 1526
1526 1598 9237
9236 10062 9996
9238 9996 9854
9996 10062 9854
10062 9784 9854
10062 9476 9784
9784 9478 9854
9320 9080 9318
9318 9080 9244
9080 9164 9244
9080 9484 9164
9483 2216 2300
1976 1974 2216
2216 1974 2300
1974 9243 2300
9481 1974 1976
9241 1974 9481
9558 9240 9480
9556 9240 9558
9558 9242 9556
9558 9482 9242
9481 1744 9241
9481 1746 1744
2712 9485 2808
2456 2548 9245
9244 9164 9078
9246 9078 8920
9078 9164 8920
9164 8830 8920
9164 9484 8830
8830 9486 8920
9485 2458 2548
2300 2214 9245
9483 2300 9245
2548 9483 9245
2458 9483 2548
2214 2300 9243
9320 9242 9482
9318 9242 9320
2974 3072 2710
2710 2808 9247
9246 8920 8828
9248 8828 8664
8828 8920 8664
8920 8568 8664
8920 9486 8568
8304 8664 8568
8304 8400 8664
8304 9488 8400
9487 2976 3072
2712 3072 2976
2712 2808 3072
2548 2456 9247
9485 2548 9247
2808 9485 9247
8566 8664 8302
9250 8302 8138
8302 8400 8138
8400 8040 8138
8400 9488 8040
7766 8138 8040
7766 7868 8138
7766 9490 7868
9489 3506 3608
3240 3608 3506
3240 3338 3608
3072 2974 9249
9487 3072 9249
3338 9487 9249
3240 9487 3338
2710 3072 2808
6928 7036 7318
6928 9492 7036
9491 4336 4444
4058 4444 4336
4058 4162 4444
3782 3780 4058
4058 3780 4162
3780 9251 4162
3504 3780 3782
3504 3782 9489
3608 3504 9489
3238 3608 3338
3504 3608 3238
3238 3338 9249
9248 8664 8566
8302 8664 8400
4334 4622 4624
4334 4624 9491
4444 4334 9491
4056 4444 4162
4334 4444 4056
4056 4162 9251
9250 8138 8038
7764 8138 7868
8038 8138 7764
7490 7488 7764
7490 7764 7868
9490 7490 7868
7490 7214 7488
7488 7214 9252
7214 7318 9252
6928 7318 7214
6640 6926 7036
9492 6640 7036
6638 6640 6352
6638 6352 6350
6350 6352 6064
6350 6064 6062
6062 6064 5776
6062 5776 5774
5774 5776 5488
5774 5488 5486
5486 5488 5200
5486 5200 5198
5198 5200 4912
5198 4912 4910
4910 4912 4624
4910 4624 4622
6382 6351 6094
5806 6063 5775
6094 6063 5806
5518 5775 5487
5806 5775 5518
5230 5487 5199
5518 5487 5230
4942 5199 4911
5230 5199 4942
4654 4911 4623
4942 4911 4654
4654 4623 9413
9252 7318 7212
6926 7318 7036
7212 7318 6926
6640 6638 6926
4942 4913 5201
4654 4913 4942
4654 4625 4913
4337 4625 4335
4335 4625 9413
4625 4654 9413
4337 4335 4057
4337 4057 4086
9645 4337 4086
3810 4057 3781
4086 4057 3810
3810 3781 9415
6670 9414 6639
6382 6639 6351
6670 6639 6382
6094 6351 6063
7213 6929 9646
7242 7213 9646
6929 6927 6641
6641 6927 6670
6927 9414 6670
6382 6641 6670
6382 6353 6641
6094 6353 6382
6094 6065 6353
5806 6065 6094
5806 5777 6065
5518 5777 5806
5518 5489 5777
5230 5489 5518
5230 5201 5489
4942 5201 5230
7242 7215 7491
7215 7242 9646
9645 4086 4059
3810 4059 4086
3810 3783 4059
3507 3783 3505
3505 3783 9415
3783 3810 9415
3507 3505 3239
3507 3239 3266
9647 3507 3266
3266 3239 9417
7518 9416 7489
7242 7489 7213
7518 7489 7242
7213 6927 6929
9647 3266 3241
2977 3241 2975
2975 3241 9417
3241 3266 9417
2977 2975 2711
2977 2711 2740
9649 2977 2740
2740 2711 9419
8066 9418 8039
8039 7765 7767
8039 7767 9648
8066 8039 9648
7767 7765 7491
7491 7765 7518
7765 9416 7518
7242 7491 7518
9652 8856 8829
8569 8596 9650
9649 2740 2713
2484 9651 2457
9651 2713 2457
2713 9419 2457
2713 2740 9419
2484 2457 9421
8596 9420 8567
8567 8303 8305
8567 8305 9650
8596 8567 9650
8305 8303 8041
8041 8303 8066
8303 9418 8066
8041 8066 9648
8831 9654 9422
9654 9079 9422
9654 9104 9079
8831 8856 9652
9651 2484 2459
2240 9653 2215
9653 2459 2215
2459 9421 2215
2459 2484 9421
2000 2215 1975
2240 2215 2000
2000 1975 9423
8856 9422 8829
8596 8569 9420
8569 9652 9420
9652 8829 9420
9656 9580 9557
9104 9321 9344
9104 9081 9321
9081 9104 9654
9653 2240 2217
2000 2217 2240
2000 1977 2217
1768 9655 1745
9655 1977 1745
1977 9423 1745
1977 2000 9423
1768 1745 9425
9344 9424 9319
9104 9319 9079
9344 9319 9104
8856 8831 9422
9659 1747 1527
1747 9427 1527
1747 1770 9427
1550 1527 9429
9428 9580 9582
9426 9580 9428
9658 9580 9656
9658 9582 9580
9655 1770 9657
9655 1768 1770
9425 1770 1768
9427 1770 9425
9580 9426 9557
9344 9321 9424
9321 9656 9424
9656 9557 9424
9662 10018 9997
9785 9806 9660
9659 1550 1529
1342 9661 1321
9661 1529 1321
1529 9429 1321
1529 1550 9429
1342 1321 9431
9806 9430 9783
9582 9559 9428
9559 9660 9428
9660 9783 9428
9660 9806 9783
9559 9582 9658
9657 1770 1747
1550 9659 1527
9663 9433 9665
9665 9433 1148
9433 1127 1148
1148 1127 9435
9664 9434 9432
9664 9432 10018
9999 9664 10018
9999 10018 9662
9661 1342 1323
9431 9433 9663
9431 9663 1323
1342 9431 1323
10018 9432 9997
9806 9785 9430
9785 9662 9430
9662 9997 9430
9667 9437 9669
9669 9437 966
9437 945 966
966 945 9439
9668 9438 9436
9668 9436 10220
10201 9668 10220
10201 10220 9666
9665 1148 1129
9435 9437 9667
9435 9667 1129
1148 9435 1129
10220 9436 10199
9664 9666 9434
9434 9666 10199
9666 10220 10199
9671 968 947
9441 9443 9673
9441 9673 947
968 9441 947
9442 10410 10412
9440 10410 9442
9672 10410 9670
9672 10412 10410
9669 968 9671
9669 966 968
9439 968 966
9441 968 9439
10410 9440 10389
9668 9670 9438
9438 9670 10389
9670 10410 10389
9675 800 9677
9675 798 800
9445 800 798
9447 800 9445
10590 9446 10567
9674 9676 9444
9444 9676 10567
9676 10590 10567
9673 9443 9675
9675 9443 798
9443 775 798
798 775 9445
9674 9444 9442
9674 9442 10412
10391 9674 10412
10391 10412 9672
9679 804 9681
9679 802 804
9449 804 802
9451 804 9449
9450 10592 10594
9448 10592 9450
9680 10592 9678
9680 10594 10592
9677 802 9679
9677 800 802
9447 802 800
9449 802 9447
9448 10590 10592
9446 10590 9448
9678 10590 9676
9678 10592 10590
9683 808 9685
9683 806 808
9453 808 806
9455 808 9453
9454 10596 10598
9452 10596 9454
9684 10596 9682
9684 10598 10596
9681 806 9683
9681 804 806
9451 806 804
9453 806 9451
9452 10594 10596
9450 10594 9452
9682 10594 9680
9682 10596 10594
9687 812 9689
9687 810 812
9457 812 810
9459 812 9457
9458 10600 10602
9456 10600 9458
9688 10600 9686
9688 10602 10600
9685 810 9687
9685 808 810
9455 810 808
9457 810 9455
9456 10598 10600
9454 10598 9456
9686 10598 9684
9686 10600 10598
9693 948 990
9691 9461 9463
9691 9463 990
948 9691 990
9460 10604 10568
9692 9462 9690
9690 9462 10604
9462 10568 10604
9691 9689 9461
9461 9689 776
9689 812 776
776 812 9459
9460 10602 10604
9458 10602 9460
9690 10602 9688
9690 10604 10602
9697 9695 9467
9467 9695 946
9695 992 946
946 992 9465
9466 10434 10436
9464 10434 9466
9696 10434 9694
9696 10436 10434
9693 992 9695
9693 990 992
9463 992 990
9465 992 9463
9464 9462 9692
9464 9692 10392
10434 9464 10392
10392 9694 10434
9701 9699 9471
9471 9699 1128
9699 1182 1128
1128 1182 9469
9470 9468 9698
9470 9698 10202
10254 9470 10202
10202 9700 10254
9699 1130 1182
9697 9467 9469
9697 9469 1182
1130 9697 1182
9466 10436 10390
9698 9468 9696
9696 9468 10436
9468 10390 10436
9703 1384 9475
1596 9703 9475
1530 9703 1596
1322 1384 9473
9474 9472 9702
9474 9702 10000
10060 9474 10000
10000 9704 10060
9703 1324 1384
9701 9471 9473
9701 9473 1384
1324 9701 1384
9470 10254 10200
9702 9472 9700
9700 9472 10254
9472 10200 10254
9852 9706 9560
9560 9708 9632
9707 1748 1820
1596 1528 9477
9705 1596 9477
1820 9705 9477
1748 9705 1820
1528 1596 9475
9474 10060 9998
9476 9998 9852
9998 10060 9852
10060 9786 9852
10060 9704 9786
9786 9706 9852
9705 1530 1596
1384 1322 9475
9709 1822 9481
2058 9709 9481
1978 9709 2058
1746 1822 9479
9480 9632 9634
9478 9632 9480
9710 9632 9708
9710 9634 9632
9707 1822 9709
9707 1820 1822
9477 1822 1820
9479 1822 9477
9476 9852 9784
9478 9784 9632
9784 9852 9632
9852 9560 9632
2460 9711 2546
1976 2298 2058
2216 2298 1976
1976 2058 9481
9480 9634 9558
9482 9558 9402
9558 9634 9402
9634 9322 9402
9634 9710 9322
9082 9402 9322
9082 9162 9402
9082 9712 9162
9711 2218 2298
1978 2298 2218
1978 2058 2298
1822 1746 9481
9713 2546 9485
2806 9713 9485
2714 9713 2806
2458 2546 9483
9482 9402 9320
9080 9402 9162
9320 9402 9080
9484 9080 8918
9080 9162 8918
9162 8832 8918
9162 9712 8832
8832 9714 8918
9713 2460 2546
2298 2216 9483
9711 2298 9483
2546 9711 9483
9717 3242 3336
2978 2976 3242
3242 2976 3336
2976 9487 3336
2712 2976 2978
2712 2978 9715
2806 2712 9715
2712 2806 9485
9484 8918 8830
9486 8830 8662
8830 8918 8662
8918 8570 8662
8918 9714 8570
8570 9716 8662
9715 2714 2806
2546 2458 9485
3784 3884 4160
3508 3506 3784
3784 3506 3884
3506 9489 3884
3240 3506 3508
3240 3508 9717
3336 3240 9717
3240 3336 9487
9486 8662 8568
8306 8304 8568
8306 8568 8662
9716 8306 8662
8306 8042 8304
8304 8042 9488
8042 8136 9488
8042 9718 8136
4160 4058 9719
3782 4160 3884
4058 4160 3782
3782 3884 9489
9488 8136 8040
7768 7766 8040
7768 8040 8136
9718 7768 8136
7768 7492 7766
7766 7492 9490
7492 7592 9490
7216 7592 7492
7216 7316 7592
7216 9720 7316
9719 4060 4160
3784 4160 4060
6066 6172 6460
5778 6172 6066
5778 5884 6172
5490 5884 5778
5490 5596 5884
5202 5596 5490
5202 5308 5596
4914 5308 5202
4914 5020 5308
4626 5020 4914
4626 4732 5020
4338 4336 4626
4626 4336 4732
4336 9491 4732
4058 4336 4338
4058 4338 9719
5200 5308 4912
4624 5020 4732
4912 5020 4624
4624 4732 9491
9490 7592 7490
7214 7592 7316
7490 7592 7214
6930 6928 7214
6930 7214 7316
9720 6930 7316
6930 6642 6928
6928 6642 9492
6642 6748 9492
6354 6748 6642
6354 6460 6748
6066 6460 6354
4944 4913 4656
4368 4625 4337
4656 4625 4368
4368 4337 9645
9492 6748 6640
6352 6748 6460
6640 6748 6352
6064 6460 6172
6352 6460 6064
5776 6172 5884
6064 6172 5776
5488 5884 5596
5776 5884 5488
5200 5596 5308
5488 5596 5200
4912 5308 5020
6960 9646 6929
6672 6929 6641
6960 6929 6672
6384 6641 6353
6672 6641 6384
6096 6353 6065
6384 6353 6096
5808 6065 5777
6096 6065 5808
5520 5777 5489
5808 5777 5520
5232 5489 5201
5520 5489 5232
4944 5201 4913
5232 5201 4944
4656 4913 4625
5232 5203 5491
4944 5203 5232
4944 4915 5203
4656 4915 4944
4656 4627 4915
4368 4627 4656
4368 4339 4627
4088 9865 4059
9865 4339 4059
4339 9645 4059
4339 4368 9645
3812 4059 3783
4088 4059 3812
3536 3783 3507
3812 3783 3536
3536 3507 9647
7520 7491 7244
6960 6931 9646
6931 9866 9646
9866 7215 9646
9866 7244 7215
6672 6931 6960
6672 6643 6931
6384 6643 6672
6384 6355 6643
6096 6355 6384
6096 6067 6355
5808 6067 6096
5808 5779 6067
5520 5779 5808
5520 5491 5779
5232 5491 5520
9865 4088 4061
3812 4061 4088
3812 3785 4061
3536 3785 3812
3536 3509 3785
3268 9867 3241
9867 3509 3241
3509 9647 3241
3509 3536 9647
3004 3241 2977
3268 3241 3004
3004 2977 9649
7796 9648 7767
7520 7767 7491
7796 7767 7520
7244 7491 7215
9869 2979 2713
2979 9649 2713
2979 3004 9649
2742 2713 9651
8332 9650 8305
8068 8305 8041
8332 8305 8068
7796 7769 9648
7769 9868 9648
9868 8041 9648
9868 8068 8041
7520 7769 7796
7520 7493 7769
7244 7493 7520
7244 7217 7493
7217 7244 9866
9871 2715 2459
2715 9651 2459
2715 2742 9651
2486 2459 9653
8598 9652 8569
8332 8307 9650
8307 9870 9650
9870 8569 9650
9870 8598 8569
8068 8307 8332
8068 8043 8307
8043 8068 9868
9867 3268 3243
3004 3243 3268
3004 2979 3243
2742 9869 2713
9871 2486 2461
2242 9873 2217
9873 2461 2217
2461 9653 2217
2461 2486 9653
2002 2217 1977
2242 2217 2002
2002 1977 9655
8858 9654 8831
8598 8571 9652
8571 9872 9652
9872 8831 9652
9872 8858 8831
8571 8598 9870
9869 2742 2715
2486 9871 2459
9106 9083 9876
9083 9106 9874
9873 2242 2219
2002 2004 2242
2242 2004 2219
2004 9875 2219
9655 2004 2002
9657 2004 9655
9346 9656 9321
9106 9321 9081
9346 9321 9106
8858 8833 9654
8833 9874 9654
9874 9081 9654
9874 9106 9081
8833 8858 9872
9584 9660 9559
9348 9323 9658
9323 9878 9658
9878 9559 9658
9878 9584 9559
9323 9348 9876
9875 2004 1979
1772 9877 1747
9877 1979 1747
1979 9657 1747
1979 2004 9657
1772 1747 9659
9658 9346 9348
9656 9346 9658
9346 9106 9348
9348 9106 9876
9881 1531 1323
1531 9661 1323
1531 1552 9661
1344 1323 9663
9808 9662 9785
9584 9561 9660
9561 9880 9660
9880 9785 9660
9880 9808 9785
9561 9584 9878
9877 1772 1749
1552 9879 1529
9879 1749 1529
1749 9659 1529
1749 1772 9659
1552 1529 9661
9666 10020 10022
9664 10020 9666
9884 10020 9882
9884 10022 10020
9881 1346 9883
9881 1344 1346
9663 1346 1344
9665 1346 9663
10020 9664 9999
9808 9787 9662
9787 9882 9662
9882 9999 9662
9882 10020 9999
9787 9808 9880
9879 1552 1531
1344 9881 1323
9885 1152 9887
9885 1150 1152
9667 1152 1150
9669 1152 9667
10222 9668 10201
10022 10001 9666
10001 9886 9666
9886 10201 9666
9886 10222 10201
10001 10022 9884
9883 1346 1325
1150 9885 1129
9885 1325 1129
1325 9665 1129
1325 1346 9665
1150 1129 9667
9891 1131 947
1131 9671 947
1131 1154 9671
970 947 9673
9672 10224 10226
9670 10224 9672
9890 10224 9888
9890 10226 10224
9887 1154 9889
9887 1152 1154
9669 1154 1152
9671 1154 9669
9670 10222 10224
9668 10222 9670
9888 10222 9886
9888 10224 10222
9676 10414 10416
9674 10414 9676
9894 10414 9892
9894 10416 10414
9891 972 9893
9891 970 972
9673 972 970
9675 972 9673
10414 9674 10391
10226 10203 9672
10203 9892 9672
9892 10391 9672
9892 10414 10391
10203 10226 9890
9889 1154 1131
970 9891 947
9680 10418 10420
9678 10418 9680
9898 10418 9896
9898 10420 10418
9895 976 9897
9895 974 976
9677 976 974
9679 976 9677
9678 10416 10418
9676 10416 9678
9896 10416 9894
9896 10418 10416
9893 974 9895
9893 972 974
9675 974 972
9677 974 9675
9684 10422 10424
9682 10422 9684
9902 10422 9900
9902 10424 10422
9899 980 9901
9899 978 980
9681 980 978
9683 980 9681
9682 10420 10422
9680 10420 9682
9900 10420 9898
9900 10422 10420
9897 978 9899
9897 976 978
9679 978 976
9681 978 9679
9688 10426 10428
9686 10426 9688
9906 10426 9904
9906 10428 10426
9903 984 9905
9903 982 984
9685 984 982
9687 984 9685
9686 10424 10426
9684 10424 9686
9904 10424 9902
9904 10426 10424
9901 982 9903
9901 980 982
9683 982 980
9685 982 9683
9692 10430 10432
9690 10430 9692
9910 10430 9908
9910 10432 10430
9907 988 9909
9907 986 988
9689 988 986
9691 988 9689
9690 10428 10430
9688 10428 9690
9908 10428 9906
9908 10430 10428
9905 986 9907
9905 984 986
9687 986 984
9689 986 9687
9911 1178 9913
9911 1176 1178
9693 1178 1176
9695 1178 9693
9692 10432 10392
9694 10392 10248
10392 10432 10248
10432 10204 10248
10432 9910 10204
10204 9912 10248
9911 1132 1176
988 948 9693
9909 988 9693
1176 9909 9693
1132 9909 1176
948 988 9691
9915 1180 9699
1380 9915 9699
1326 9915 1380
1130 1180 9697
9698 10250 10252
9696 10250 9698
9916 10250 9914
9916 10252 10250
9913 1180 9915
9913 1178 1180
9695 1180 1178
9697 1180 9695
9696 10248 10250
9694 10248 9696
9914 10248 9912
9914 10250 10248
9702 10056 10058
9700 10056 9702
9920 10056 9918
9920 10058 10056
9917 1382 9919
9917 1380 1382
9699 1382 1380
9701 1382 9699
9698 10252 10202
9700 10202 10056
10202 10252 10056
10252 10002 10056
10252 9916 10002
10002 9918 10056
9917 1326 1380
1180 1130 9699
9921 1594 9705
1818 9921 9705
1750 9921 1818
1530 1594 9703
9702 10058 10000
9704 10000 9850
10000 10058 9850
10058 9788 9850
10058 9920 9788
9788 9922 9850
9921 1532 1594
1382 1324 9703
9919 1382 9703
1594 9919 9703
1532 9919 1594
1324 1382 9701
9630 9924 9324
9324 9926 9398
9925 1980 2054
1818 1748 9707
9923 1818 9707
2054 9923 9707
1980 9923 2054
1748 1818 9705
9704 9850 9786
9706 9786 9630
9786 9850 9630
9850 9562 9630
9850 9922 9562
9562 9924 9630
9923 1750 1818
1594 1530 9705
9710 9398 9400
9708 9398 9710
9400 9398 9160
9160 9398 9084
9398 9926 9084
9084 9928 9160
9927 2220 2296
2056 2296 2054
2054 2296 9925
2296 2220 9925
9707 2056 2054
9709 2056 9707
9706 9630 9560
9708 9560 9398
9560 9630 9398
9630 9324 9398
9710 9400 9322
9082 9400 9160
9322 9400 9082
9712 9082 8916
9082 9160 8916
9160 8834 8916
9160 9928 8834
8834 9930 8916
9929 2462 2544
2296 2218 9711
9927 2296 9711
2544 9927 9711
2462 9927 2544
1978 2296 2056
2218 2296 1978
1978 2056 9709
9931 2804 9715
3070 9931 9715
2980 9931 3070
2714 2804 9713
9712 8916 8832
9714 8832 8660
8832 8916 8660
8916 8572 8660
8916 9930 8572
8572 9932 8660
9931 2716 2804
2544 2460 9713
9929 2544 9713
2804 9929 9713
2716 9929 2804
2460 2544 9711
3510 9933 3606
2978 3334 3070
3242 3334 2978
2978 3070 9715
9714 8660 8570
9716 8570 8398
8570 8660 8398
8660 8308 8398
8660 9932 8308
8044 8398 8308
8044 8134 8398
8044 9934 8134
9933 3244 3334
2980 3334 3244
2980 3070 3334
2804 2714 9715
8042 8134 7866
8134 7770 7866
8134 9934 7770
7494 7866 7770
7494 7590 7866
7218 7590 7494
7218 7314 7590
7218 9936 7314
9935 4062 4158
3786 4158 4062
3786 3882 4158
3510 3882 3786
3510 3606 3882
3334 3242 9717
9933 3334 9717
3606 9933 9717
4628 4730 5018
4340 4730 4628
4340 4442 4730
4158 4060 9719
9935 4158 9719
4442 9935 9719
4340 9935 4442
3784 4158 3882
4060 4158 3784
3508 3882 3606
3784 3882 3508
3508 3606 9717
9716 8398 8306
8042 8398 8134
8306 8398 8042
9718 8042 7866
7314 9936 6932
6644 7034 6932
6644 6746 7034
6356 6746 6644
6356 6458 6746
6068 6458 6356
6068 6170 6458
5780 6170 6068
5780 5882 6170
5492 5882 5780
5492 5594 5882
5204 5594 5492
5204 5306 5594
4916 5306 5204
4916 5018 5306
4628 5018 4916
5490 5594 5202
4914 5306 5018
5202 5306 4914
4626 5018 4730
4914 5018 4626
4338 4730 4442
4626 4730 4338
4338 4442 9719
9718 7866 7768
7492 7866 7590
7768 7866 7492
7216 7590 7314
7492 7590 7216
9720 7216 7034
7216 7314 7034
7314 6932 7034
4946 4915 4658
4370 4627 4339
4658 4627 4370
4370 4339 9865
9720 7034 6930
6642 7034 6746
6930 7034 6642
6354 6746 6458
6642 6746 6354
6066 6458 6170
6354 6458 6066
5778 6170 5882
6066 6170 5778
5490 5882 5594
5778 5882 5490
5202 5594 5306
6962 9866 6931
6674 6931 6643
6962 6931 6674
6386 6643 6355
6674 6643 6386
6098 6355 6067
6386 6355 6098
5810 6067 5779
6098 6067 5810
5522 5779 5491
5810 5779 5522
5234 5491 5203
5522 5491 5234
4946 5203 4915
5234 5203 4946
4658 4915 4627
5234 5205 5493
4946 5205 5234
4946 4917 5205
4658 4917 4946
4658 4629 4917
4370 4629 4658
4370 4341 4629
4063 4341 4061
4061 4341 9865
4341 4370 9865
4063 4061 3785
4063 3785 3814
10073 4063 3814
3538 3785 3509
3814 3785 3538
3538 3509 9867
7493 7219 10074
7522 7493 10074
7219 7217 6933
6933 7217 6962
7217 9866 6962
6674 6933 6962
6674 6645 6933
6386 6645 6674
6386 6357 6645
6098 6357 6386
6098 6069 6357
5810 6069 6098
5810 5781 6069
5522 5781 5810
5522 5493 5781
5234 5493 5522
7522 7495 7771
7495 7522 10074
10073 3814 3787
3538 3787 3814
3538 3511 3787
3270 10075 3243
10075 3511 3243
3511 9867 3243
3511 3538 9867
3006 3243 2979
3270 3243 3006
3006 2979 9869
7798 9868 7769
7522 7769 7493
7798 7769 7522
7493 7217 7219
10075 3270 3245
3006 3245 3270
3006 2981 3245
2744 10077 2715
10077 2981 2715
2981 9869 2715
2981 3006 9869
2744 2715 9871
8334 9870 8307
8070 8307 8043
8334 8307 8070
7798 7771 9868
7771 10076 9868
10076 8043 9868
10076 8070 8043
7522 7771 7798
10080 8860 8833
8573 8600 10078
10077 2744 2717
2488 10079 2461
10079 2717 2461
2717 9871 2461
2717 2744 9871
2488 2461 9873
8600 9872 8571
8334 8309 9870
8309 10078 9870
10078 8571 9870
10078 8600 8571
8070 8309 8334
8070 8045 8309
8045 8070 10076
9108 9876 9083
8860 8835 9874
8835 10082 9874
10082 9083 9874
10082 9108 9083
8835 8860 10080
10079 2488 2463
2244 10081 2219
10081 2463 2219
2463 9873 2219
2463 2488 9873
2244 2219 9875
8860 9874 8833
8600 8573 9872
8573 10080 9872
10080 8833 9872
10085 1981 1749
1981 9877 1749
1981 2006 9877
1774 1749 9879
9350 9878 9323
9108 9085 9876
9085 10084 9876
10084 9323 9876
10084 9350 9323
9085 9108 10082
10081 2244 2221
2006 10083 1979
10083 2221 1979
2221 9875 1979
2221 2244 9875
2006 1979 9877
10088 9810 9787
9563 9586 10086
10085 1774 1751
1554 10087 1531
10087 1751 1531
1751 9879 1531
1751 1774 9879
1554 1531 9881
9586 9880 9561
9350 9325 9878
9325 10086 9878
10086 9561 9878
10086 9586 9561
9325 9350 10084
10083 2006 1981
1774 10085 1749
10091 1533 1325
1533 9883 1325
1533 1556 9883
1348 1325 9885
9884 9810 9812
9882 9810 9884
10090 9810 10088
10090 9812 9810
10087 1556 10089
10087 1554 1556
9881 1556 1554
9883 1556 9881
9810 9882 9787
9586 9563 9880
9563 10088 9880
10088 9787 9880
9888 10024 10026
9886 10024 9888
10094 10024 10092
10094 10026 10024
10091 1350 10093
10091 1348 1350
9885 1350 1348
9887 1350 9885
10024 9886 10001
9812 9789 9884
9789 10092 9884
10092 10001 9884
10092 10024 10001
9789 9812 10090
10089 1556 1533
1348 10091 1325
10228 9892 10203
10096 10098 9890
9890 10098 10203
10098 10228 10203
10095 9889 10097
10097 9889 1156
9889 1131 1156
1156 1131 9891
10096 9890 9888
10096 9888 10026
10003 10096 10026
10003 10026 10094
10093 1350 1327
9887 9889 10095
9887 10095 1327
1350 9887 1327
9896 10230 10232
9894 10230 9896
10102 10230 10100
10102 10232 10230
10099 1160 10101
10099 1158 1160
9893 1160 1158
9895 1160 9893
9894 10228 10230
9892 10228 9894
10100 10228 10098
10100 10230 10228
10097 1158 10099
10097 1156 1158
9891 1158 1156
9893 1158 9891
9900 10234 10236
9898 10234 9900
10106 10234 10104
10106 10236 10234
10103 1164 10105
10103 1162 1164
9897 1164 1162
9899 1164 9897
9898 10232 10234
9896 10232 9898
10104 10232 10102
10104 10234 10232
10101 1162 10103
10101 1160 1162
9895 1162 1160
9897 1162 9895
9904 10238 10240
9902 10238 9904
10110 10238 10108
10110 10240 10238
10107 1168 10109
10107 1166 1168
9901 1168 1166
9903 1168 9901
9902 10236 10238
9900 10236 9902
10108 10236 10106
10108 10238 10236
10105 1166 10107
10105 1164 1166
9899 1166 1164
9901 1166 9899
9908 10242 10244
9906 10242 9908
10114 10242 10112
10114 10244 10242
10111 1172 10113
10111 1170 1172
9905 1172 1170
9907 1172 9905
9906 10240 10242
9904 10240 9906
10112 10240 10110
10112 10242 10240
10109 1170 10111
10109 1168 1170
9903 1170 1168
9905 1170 9903
9910 10246 10204
10118 9912 10116
10116 9912 10246
9912 10204 10246
10117 10115 9911
9911 10115 1132
10115 1174 1132
1132 1174 9909
9910 10244 10246
9908 10244 9910
10116 10244 10114
10116 10246 10244
10113 1174 10115
10113 1172 1174
9907 1174 1172
9909 1174 9907
9916 10052 10054
9914 10052 9916
10122 10052 10120
10122 10054 10052
10119 1378 10121
10119 1376 1378
9913 1378 1376
9915 1378 9913
9914 9912 10118
9914 10118 10004
10052 9914 10004
10004 10120 10052
10119 1328 1376
10117 9911 9913
10117 9913 1376
1328 10117 1376
10123 1592 10125
10123 1590 1592
9917 1592 1590
9919 1592 9917
9916 10054 10002
9918 10002 9846
10002 10054 9846
10054 9790 9846
10054 10122 9790
9790 10124 9846
10123 1534 1590
1378 1326 9917
10121 1378 9917
1590 10121 9917
1534 10121 1590
1326 1378 9915
9920 9848 9788
9922 9788 9628
9788 9848 9628
9848 9564 9628
9848 10126 9564
9564 10128 9628
10127 1752 1816
1592 1532 9921
10125 1592 9921
1816 10125 9921
1752 10125 1816
1532 1592 9919
9920 9846 9848
9918 9846 9920
10126 9846 10124
10126 9848 9846
10129 2052 9925
2294 10129 9925
2222 10129 2294
1980 2052 9923
9922 9628 9562
9924 9562 9396
9562 9628 9396
9628 9326 9396
9628 10128 9326
9326 10130 9396
10129 1982 2052
1816 1750 9923
10127 1816 9923
2052 10127 9923
1982 10127 2052
1750 1816 9921
9158 10132 8836
8836 10134 8914
10133 2464 2542
2294 2220 9927
10131 2294 9927
2542 10131 9927
2464 10131 2542
2220 2294 9925
9924 9396 9324
9926 9324 9158
9324 9396 9158
9396 9086 9158
9396 10130 9086
9086 10132 9158
10131 2222 2294
2052 1980 9925
9928 8914 8834
9930 8834 8658
8834 8914 8658
8914 8574 8658
8914 10134 8574
8574 10136 8658
10135 2718 2802
2542 2462 9929
10133 2542 9929
2802 10133 9929
2718 10133 2802
2462 2542 9927
9926 9158 9084
9928 9084 8914
9084 9158 8914
9158 8836 8914
9930 8658 8572
9932 8572 8396
8572 8658 8396
8658 8310 8396
8658 10136 8310
8046 8396 8310
8046 8132 8396
8046 10138 8132
10137 3246 3332
2982 3332 3246
2982 3068 3332
2802 2716 9931
10135 2802 9931
3068 10135 9931
2982 10135 3068
2716 2802 9929
8044 8132 7864
8132 7772 7864
8132 10138 7772
7496 7864 7772
7496 7588 7864
7496 10140 7588
10139 3788 3880
3512 3880 3788
3512 3604 3880
3332 3244 9933
10137 3332 9933
3604 10137 9933
3512 10137 3604
2980 3332 3068
3244 3332 2980
2980 3068 9931
4630 4728 5016
4342 4728 4630
4342 4440 4728
4064 4062 4342
4342 4062 4440
4062 9935 4440
3786 4062 4064
3786 4064 10139
3880 3786 10139
3510 3880 3604
3786 3880 3510
3510 3604 9933
9932 8396 8308
8044 8396 8132
8308 8396 8044
9934 8044 7864
6934 7032 9936
6646 7032 6934
6646 6744 7032
6358 6744 6646
6358 6456 6744
6070 6456 6358
6070 6168 6456
5782 6168 6070
5782 5880 6168
5494 5880 5782
5494 5592 5880
5206 5592 5494
5206 5304 5592
4918 5304 5206
4918 5016 5304
4630 5016 4918
5492 5592 5204
4916 5304 5016
5204 5304 4916
4628 5016 4728
4916 5016 4628
4340 4728 4440
4628 4728 4340
4340 4440 9935
9934 7864 7770
7494 7864 7588
7770 7864 7494
7220 7218 7494
7220 7494 7588
10140 7220 7588
7220 6934 7218
7218 6934 9936
4660 4629 4372
4090 4341 4063
4372 4341 4090
4090 4063 10073
9936 7032 6932
6644 7032 6744
6932 7032 6644
6356 6744 6456
6644 6744 6356
6068 6456 6168
6356 6456 6068
5780 6168 5880
6068 6168 5780
5492 5880 5592
5780 5880 5492
5204 5592 5304
6964 6933 6676
6388 6645 6357
6676 6645 6388
6100 6357 6069
6388 6357 6100
5812 6069 5781
6100 6069 5812
5524 5781 5493
5812 5781 5524
5236 5493 5205
5524 5493 5236
4948 5205 4917
5236 5205 4948
4660 4917 4629
4948 4917 4660
4372 4629 4341
4660 4631 4919
4372 4631 4660
4372 4343 4631
4090 4092 4372
4372 4092 4343
4092 10269 4343
3816 4092 4090
3816 4090 10073
3787 3816 10073
3540 3787 3511
3816 3787 3540
3540 3511 10075
7246 10074 7219
6964 7219 6933
7246 7219 6964
6676 6933 6645
6964 6935 10270
6676 6935 6964
6676 6647 6935
6388 6647 6676
6388 6359 6647
6100 6359 6388
6100 6071 6359
5812 6071 6100
5812 5783 6071
5524 5783 5812
5524 5495 5783
5236 5495 5524
5236 5207 5495
4948 5207 5236
4948 4919 5207
4660 4919 4948
3540 3513 3789
3272 10271 3245
10271 3513 3245
3513 10075 3245
3513 3540 10075
3008 3245 2981
3272 3245 3008
3008 2981 10077
7800 10076 7771
7524 7771 7495
7800 7771 7524
7246 7248 7524
7246 7524 7495
10074 7246 7495
7246 6964 7248
7248 6964 10270
8336 10078 8309
8072 8309 8045
8336 8309 8072
7800 7773 10076
7773 10272 10076
10272 8045 10076
10272 8072 8045
7524 7773 7800
7524 7497 7773
7248 7497 7524
7248 7221 7497
7221 7248 10270
10269 4092 4065
3816 4065 4092
3816 3789 4065
3540 3789 3816
8602 10080 8573
8336 8338 8602
8336 8602 8573
10078 8336 8573
8336 8072 8338
8338 8072 10274
8072 8047 10274
8047 8072 10272
10271 3272 3247
3008 3010 3272
3272 3010 3247
3010 10273 3247
2746 3010 3008
2746 3008 10077
2717 2746 10077
2746 2717 10079
8862 10082 8835
8602 8575 10080
8575 10276 10080
10276 8835 10080
10276 8862 8835
8338 8575 8602
8338 8311 8575
8311 8338 10274
10273 3010 2983
2746 2983 3010
2746 2719 2983
2490 10275 2463
10275 2719 2463
2719 10079 2463
2719 2746 10079
2490 2463 10081
10279 2223 1981
2223 10083 1981
2223 2246 10083
2008 1981 10085
9110 10084 9085
8862 8837 10082
8837 10278 10082
10278 9085 10082
10278 9110 9085
8837 8862 10276
10275 2490 2465
2246 10277 2221
10277 2465 2221
2465 10081 2221
2465 2490 10081
2246 2221 10083
10282 9352 10280
10282 9354 9352
10279 2010 10281
10279 2008 2010
1776 2010 2008
1776 2008 10085
1751 1776 10085
1776 1751 10087
9352 10086 9325
9110 9087 10084
9087 10280 10084
10280 9325 10084
10280 9352 9325
9087 9110 10278
10277 2246 2223
2008 10279 1981
10090 9588 9590
10088 9588 10090
9588 9354 9590
9590 9354 10284
9354 9327 10284
9327 9354 10282
10281 2010 1983
1776 1778 2010
2010 1778 1983
1778 10283 1983
10087 1778 1776
10089 1778 10087
9588 10088 9563
9352 9354 9588
9352 9588 9563
10086 9352 9563
10285 1560 10287
10285 1558 1560
10091 1560 1558
10093 1560 10091
9814 10092 9789
9590 9565 10090
9565 10286 10090
10286 9789 10090
10286 9814 9789
9565 9590 10284
10283 1778 1753
1558 10285 1533
10285 1753 1533
1753 10089 1533
1753 1778 10089
1558 1533 10091
10028 10096 10003
9816 9818 10028
9816 10028 10003
10094 9816 10003
10290 9816 10288
10290 9818 9816
10287 1562 10289
10287 1560 1562
1352 1562 1560
1352 1560 10093
1327 1352 10093
1352 1327 10095
10094 9814 9816
10092 9814 10094
10288 9814 10286
10288 9816 9814
10291 1356 10293
10291 1354 1356
10097 1356 1354
10099 1356 10097
10098 10028 10030
10096 10028 10098
10028 9818 10030
10030 9818 10292
9818 9791 10292
9791 9818 10290
10289 1562 1535
1352 1354 1562
1562 1354 1535
1354 10291 1535
10095 1354 1352
10097 1354 10095
10295 1360 10297
10295 1358 1360
10101 1360 1358
10103 1360 10101
10102 10032 10034
10100 10032 10102
10296 10032 10294
10296 10034 10032
10293 1358 10295
10293 1356 1358
10099 1358 1356
10101 1358 10099
10100 10030 10032
10098 10030 10100
10294 10030 10292
10294 10032 10030
10299 1364 10301
10299 1362 1364
10105 1364 1362
10107 1364 10105
10106 10036 10038
10104 10036 10106
10300 10036 10298
10300 10038 10036
10297 1362 10299
10297 1360 1362
10103 1362 1360
10105 1362 10103
10104 10034 10036
10102 10034 10104
10298 10034 10296
10298 10036 10034
10303 1368 10305
10303 1366 1368
10109 1368 1366
10111 1368 10109
10110 10040 10042
10108 10040 10110
10304 10040 10302
10304 10042 10040
10301 1366 10303
10301 1364 1366
10107 1366 1364
10109 1366 10107
10108 10038 10040
10106 10038 10108
10302 10038 10300
10302 10040 10038
10307 1372 10309
10307 1370 1372
10113 1372 1370
10115 1372 10113
10114 10044 10046
10112 10044 10114
10308 10044 10306
10308 10046 10044
10305 1370 10307
10305 1368 1370
10111 1370 1368
10113 1370 10111
10112 10042 10044
10110 10042 10112
10306 10042 10304
10306 10044 10042
10118 10048 10050
10116 10048 10118
10050 10048 9840
9840 10048 9792
10048 10310 9792
9792 10312 9840
10311 1536 1584
1374 1584 1372
1372 1584 10309
1584 1536 10309
10115 1374 1372
10117 1374 10115
10116 10046 10048
10114 10046 10116
10310 10046 10308
10310 10048 10046
10313 1588 10315
10313 1586 1588
10119 1588 1586
10121 1588 10119
10118 10050 10004
10050 9840 9842
10050 9842 10120
10004 10050 10120
10314 9840 10312
10314 9842 9840
10311 1586 10313
10311 1584 1586
1586 1584 1374
1586 1374 1328
10119 1586 1328
1328 1374 10117
10122 9844 9790
10124 9790 9624
9790 9844 9624
9844 9566 9624
9844 10316 9566
9566 10318 9624
10317 1754 1812
1588 1534 10123
10315 1588 10123
1812 10315 10123
1754 10315 1812
1534 1588 10121
10122 9842 9844
10120 9842 10122
10316 9842 10314
10316 9844 9842
2050 2048 1814
2050 1814 1752
10127 2050 1752
1752 1814 10125
10126 9624 9626
10124 9624 10126
9626 9624 9392
9392 9624 9328
9624 10318 9328
9328 10320 9392
10319 1984 2048
1814 2048 1812
1812 2048 10317
2048 1984 10317
10123 1814 1812
10125 1814 10123
9394 10322 9088
9088 10324 9156
10323 2224 2292
2050 1982 10129
10321 2050 10129
2292 10321 10129
2224 10321 2292
1982 2050 10127
10126 9626 9564
9626 9392 9394
9626 9394 10128
9564 9626 10128
10322 9392 10320
10322 9394 9392
10319 2050 10321
10319 2048 2050
10130 9156 9086
10132 9086 8912
9086 9156 8912
9156 8838 8912
9156 10324 8838
8838 10326 8912
10325 2466 2540
2292 2222 10131
10323 2292 10131
2540 10323 10131
2466 10323 2540
2222 2292 10129
10128 9394 9326
10130 9326 9156
9326 9394 9156
9394 9088 9156
10132 8912 8836
10134 8836 8656
8836 8912 8656
8912 8576 8656
8912 10326 8576
8312 8656 8576
8312 8392 8656
8312 10328 8392
10327 2984 3064
2720 3064 2984
2720 2800 3064
2540 2464 10133
10325 2540 10133
2800 10325 10133
2720 10325 2800
2464 2540 10131
10134 8656 8574
8656 8392 8394
8656 8394 10136
8574 8656 10136
8394 8392 8130
8130 8392 8048
8392 10328 8048
8048 10330 8130
10329 3248 3330
3066 3330 3064
3064 3330 10327
3330 3248 10327
3066 3064 2800
3066 2800 2718
10135 3066 2718
2718 2800 10133
7498 7586 7862
7222 7586 7498
7222 7310 7586
7222 10332 7310
10331 4066 4154
3790 4154 4066
3790 3878 4154
3514 3878 3790
3514 3602 3878
3330 3246 10137
10329 3330 10137
3602 10329 10137
3514 10329 3602
2982 3330 3066
3246 3330 2982
2982 3066 10135
4154 4438 10331
4438 4344 10331
4156 4154 3878
4156 3878 3788
10139 4156 3788
3512 3878 3602
3788 3878 3512
3512 3602 10137
10136 8394 8310
8046 8394 8130
8310 8394 8046
10138 8046 7862
8046 8130 7862
8130 7774 7862
8130 10330 7774
7498 7862 7774
6360 6454 6742
6072 6454 6360
6072 6166 6454
5784 6166 6072
5784 5878 6166
5496 5878 5784
5496 5590 5878
5208 5590 5496
5208 5302 5590
4920 5302 5208
4920 5014 5302
4632 5014 4920
4632 4726 5014
4344 4726 4632
4344 4438 4726
4156 4438 4154
4630 4726 4342
4064 4438 4156
4342 4438 4064
4064 4156 10139
10138 7862 7772
7496 7862 7586
7772 7862 7496
7586 7310 7312
7586 7312 10140
7496 7586 10140
7312 7310 7030
7030 7310 6936
7310 10332 6936
6648 7030 6936
6648 6742 7030
6360 6742 6648
6934 7030 6646
6358 6742 6454
6646 6742 6358
6070 6454 6166
6358 6454 6070
5782 6166 5878
6070 6166 5782
5494 5878 5590
5782 5878 5494
5206 5590 5302
5494 5590 5206
4918 5302 5014
5206 5302 4918
4630 5014 4726
4918 5014 4630
4342 4726 4438
6102 6071 5814
5526 5783 5495
5814 5783 5526
5238 5495 5207
5526 5495 5238
4950 5207 4919
5238 5207 4950
4662 4919 4631
4950 4919 4662
4374 4631 4343
4662 4631 4374
4374 4343 10269
10140 7312 7220
6934 7312 7030
7220 7312 6934
6646 7030 6742
10453 4345 4065
4345 10269 4065
4345 4374 10269
3818 4065 3789
4094 4065 3818
3542 3789 3513
3818 3789 3542
3542 3513 10271
6966 10270 6935
6678 6935 6647
6966 6935 6678
6390 6647 6359
6678 6647 6390
6102 6359 6071
6390 6359 6102
5814 6071 5783
6390 6361 6649
6102 6361 6390
6102 6073 6361
5814 6073 6102
5814 5785 6073
5526 5785 5814
5526 5497 5785
5238 5497 5526
5238 5209 5497
4950 5209 5238
4950 4921 5209
4662 4921 4950
4662 4633 4921
4374 4633 4662
4374 4345 4633
4094 10453 4065
3274 3544 3542
3274 3542 10271
3247 3274 10271
3274 3247 10273
7802 10272 7773
7526 7773 7497
7802 7773 7526
7250 7497 7221
7526 7497 7250
6966 6937 10270
6937 10454 10270
10454 7221 10270
10454 7250 7221
6678 6937 6966
6678 6649 6937
6390 6649 6678
8074 10274 8047
7802 7804 8074
7802 8074 8047
10272 7802 8047
7802 7526 7804
7804 7526 10456
7526 7499 10456
7250 7499 7526
7250 7223 7499
7223 7250 10454
10453 4094 4067
3818 4067 4094
3818 3791 4067
3542 3544 3818
3818 3544 3791
3544 10455 3791
8049 10458 10274
10458 8311 10274
10458 8340 8311
7804 8049 8074
7804 7775 8049
7775 7804 10456
10455 3544 3515
3274 3515 3544
3274 3249 3515
3012 10457 2983
10457 3249 2983
3249 10273 2983
3249 3274 10273
2748 2983 2719
3012 2983 2748
2748 2719 10275
8604 8340 8606
8606 8340 10460
8340 8313 10460
8313 8340 10458
10457 3012 2985
2748 2750 3012
3012 2750 2985
2750 10459 2985
2492 2750 2748
2492 2748 10275
2465 2492 10275
2492 2465 10277
8604 10276 8575
8340 8575 8311
8604 8575 8340
8074 8049 10274
8864 8606 8866
8866 8606 10462
8606 8577 10462
8577 8606 10460
10459 2750 2721
2492 2494 2750
2750 2494 2721
2494 10461 2721
2248 2494 2492
2248 2492 10277
2223 2248 10277
2248 2223 10279
8864 10278 8837
8604 8606 8864
8604 8864 8837
10276 8604 8837
10282 9112 9114
10280 9112 10282
9112 8866 9114
9114 8866 10464
8866 8839 10464
8839 8866 10462
10461 2494 2467
2248 2250 2494
2494 2250 2467
2250 10463 2467
10279 2250 2248
10281 2250 10279
9112 10280 9087
8864 8866 9112
8864 9112 9087
10278 8864 9087
1780 2014 2012
1780 2012 10283
1753 1780 10283
1780 1753 10285
9356 10284 9327
9114 9089 10282
9089 10466 10282
10466 9327 10282
10466 9356 9327
9089 9114 10464
10463 2250 2225
2012 10465 1983
10465 2225 1983
2225 10281 1983
2225 2250 10281
2012 1983 10283
9358 9329 10470
9329 9358 10468
10467 2014 1985
1780 1782 2014
2014 1782 1985
1782 10469 1985
10285 1782 1780
10287 1782 10285
9592 10286 9565
9356 9358 9592
9356 9592 9565
10284 9356 9565
10468 9356 10466
10468 9358 9356
10465 2014 10467
10465 2012 2014
10473 1755 1535
1755 10289 1535
1755 1784 10289
1564 1535 10291
10290 9594 9596
10288 9594 10290
10472 9594 10470
10472 9596 9594
10469 1784 10471
10469 1782 1784
10287 1784 1782
10289 1784 10287
10288 9592 9594
10286 9592 10288
9592 9358 9594
9594 9358 10470
10294 9820 9822
10292 9820 10294
10476 9820 10474
10476 9822 9820
10473 1566 10475
10473 1564 1566
10291 1566 1564
10293 1566 10291
9820 10292 9791
9596 9567 10290
9567 10474 10290
10474 9791 10290
10474 9820 9791
9567 9596 10472
10471 1784 1755
1564 10473 1535
10298 9824 9826
10296 9824 10298
10480 9824 10478
10480 9826 9824
10477 1570 10479
10477 1568 1570
10295 1570 1568
10297 1570 10295
10296 9822 9824
10294 9822 10296
10478 9822 10476
10478 9824 9822
10475 1568 10477
10475 1566 1568
10293 1568 1566
10295 1568 10293
10302 9828 9830
10300 9828 10302
10484 9828 10482
10484 9830 9828
10481 1574 10483
10481 1572 1574
10299 1574 1572
10301 1574 10299
10300 9826 9828
10298 9826 10300
10482 9826 10480
10482 9828 9826
10479 1572 10481
10479 1570 1572
10297 1572 1570
10299 1572 10297
10306 9832 9834
10304 9832 10306
10488 9832 10486
10488 9834 9832
10485 1578 10487
10485 1576 1578
10303 1578 1576
10305 1578 10303
10304 9830 9832
10302 9830 10304
10486 9830 10484
10486 9832 9830
10483 1576 10485
10483 1574 1576
10301 1576 1574
10303 1576 10301
10310 9836 9838
10308 9836 10310
10492 9836 10490
10492 9838 9836
10489 1582 10491
10489 1580 1582
10307 1582 1580
10309 1582 10307
10308 9834 9836
10306 9834 10308
10490 9834 10488
10490 9836 9834
10487 1580 10489
10487 1578 1580
10305 1580 1578
10307 1580 10305
10493 1808 10495
10493 1806 1808
10311 1808 1806
10313 1808 10311
10310 9838 9792
10312 9792 9618
9792 9838 9618
9838 9568 9618
9838 10492 9568
9568 10494 9618
10493 1756 1806
1582 1536 10311
10491 1582 10311
1806 10491 10311
1756 10491 1806
1536 1582 10309
10316 9620 9622
10314 9620 10316
9622 9620 9388
9388 9620 9330
9620 10496 9330
9330 10498 9388
10497 1986 2044
1810 2044 1808
1808 2044 10495
2044 1986 10495
10313 1810 1808
10315 1810 10313
10314 9618 9620
10312 9618 10314
10496 9618 10494
10496 9620 9618
10499 2046 10319
2288 10499 10319
2226 10499 2288
1984 2046 10317
10316 9622 9566
9622 9388 9390
9622 9390 10318
9566 9622 10318
10500 9388 10498
10500 9390 9388
10497 2046 10499
10497 2044 2046
2046 2044 1810
2046 1810 1754
10317 2046 1754
1754 1810 10315
9152 10502 8840
8840 10504 8908
10503 2468 2536
2290 2536 2288
2288 2536 10501
2536 2468 10501
10319 2290 2288
10321 2290 10319
10318 9390 9328
10320 9328 9152
9328 9390 9152
9390 9090 9152
9390 10500 9090
9090 10502 9152
10501 2226 2288
2046 1984 10319
8910 8908 8652
8652 8908 8578
8908 10504 8578
8578 10506 8652
10505 2722 2796
2538 2796 2536
2536 2796 10503
2796 2722 10503
2538 2536 2290
2538 2290 2224
10323 2538 2224
2224 2290 10321
10322 9152 9154
10320 9152 10322
9154 9152 8908
8908 9152 8840
8654 8652 8390
8390 8652 8314
8652 10506 8314
8314 10508 8390
10507 2986 3062
2798 3062 2796
2796 3062 10505
3062 2986 10505
2798 2796 2538
2798 2538 2466
10325 2798 2466
2466 2538 10323
10322 9154 9088
9154 8908 8910
9154 8910 10324
9088 9154 10324
7776 7858 8128
7776 10510 7858
10509 3516 3598
3250 3598 3516
3250 3328 3598
3062 2984 10327
10507 3062 10327
3328 10507 10327
3250 10507 3328
2720 3062 2798
2984 3062 2720
2720 2798 10325
10324 8910 8838
8910 8652 8654
8910 8654 10326
8838 8910 10326
3792 3876 4152
3600 3876 3598
3598 3876 10509
3876 3792 10509
3600 3598 3328
3600 3328 3248
10329 3600 3248
3248 3328 10327
10326 8654 8576
8312 8654 8390
8576 8654 8312
10328 8312 8128
8312 8390 8128
8390 8050 8128
8390 10508 8050
7776 8128 8050
4066 4152 3790
3514 3876 3600
3790 3876 3514
3514 3600 10329
10328 8128 8048
8128 7858 7860
8128 7860 10330
8048 8128 10330
7860 7858 7584
7584 7858 7500
7858 10510 7500
7224 7584 7500
7224 7308 7584
7224 10512 7308
10511 4068 4152
3792 4152 4068
5786 5876 6164
5498 5876 5786
5498 5588 5876
5210 5588 5498
5210 5300 5588
4922 5300 5210
4922 5012 5300
4634 5012 4922
4634 4724 5012
4346 4724 4634
4346 4436 4724
4152 4066 10331
10511 4152 10331
4436 10511 10331
4346 10511 4436
3790 4152 3876
10330 7860 7774
7498 7860 7584
7774 7860 7498
7222 7584 7308
7498 7584 7222
10332 7222 7028
7222 7308 7028
7308 6938 7028
7308 10512 6938
6650 7028 6938
6650 6740 7028
6362 6740 6650
6362 6452 6740
6074 6452 6362
6074 6164 6452
5786 6164 6074
6648 6740 6360
6072 6452 6164
6360 6452 6072
5784 6164 5876
6072 6164 5784
5496 5876 5588
5784 5876 5496
5208 5588 5300
5496 5588 5208
4920 5300 5012
5208 5300 4920
4632 5012 4724
4920 5012 4632
4344 4724 4436
4632 4724 4344
4344 4436 10331
6104 6073 5816
5528 5785 5497
5816 5785 5528
5240 5497 5209
5528 5497 5240
4952 5209 4921
5240 5209 4952
4664 4921 4633
4952 4921 4664
4376 4633 4345
4664 4633 4376
4376 4345 10453
10332 7028 6936
6648 7028 6740
6936 7028 6648
6360 6740 6452
4664 4378 4635
4378 10625 4635
4096 4378 4376
4096 4376 10453
4067 4096 10453
3820 4067 3791
4096 4067 3820
3820 3791 10455
6968 10454 6937
6680 6937 6649
6968 6937 6680
6392 6649 6361
6680 6649 6392
6104 6361 6073
6392 6361 6104
5816 6073 5785
6680 6651 10626
6392 6651 6680
6392 6363 6651
6104 6363 6392
6104 6075 6363
5816 6075 6104
5816 5787 6075
5528 5787 5816
5528 5499 5787
5240 5499 5528
5240 5211 5499
4952 5211 5240
4952 4923 5211
4664 4923 4952
4664 4635 4923
4376 4378 4664
4096 3822 4069
3822 10627 4069
3546 3822 3820
3546 3820 10455
3515 3546 10455
3276 3515 3249
3546 3515 3276
3276 3249 10457
7528 10456 7499
7252 7499 7223
7528 7499 7252
6968 6970 7252
6968 7252 7223
10454 6968 7223
6968 6680 6970
6970 6680 10626
8076 10458 8049
7806 8049 7775
8076 8049 7806
7528 7530 7806
7528 7806 7775
10456 7528 7775
7528 7252 7530
7530 7252 10628
7252 7225 10628
6970 7225 7252
6970 6939 7225
6939 6970 10626
10625 4378 4347
4096 4347 4378
4096 4069 4347
3820 3822 4096
8076 7806 8078
8078 7806 10630
7806 7777 10630
7530 7777 7806
7530 7501 7777
7501 7530 10628
10627 3822 3793
3546 3793 3822
3546 3517 3793
3276 3278 3546
3546 3278 3517
3278 10629 3517
3014 3278 3276
3014 3276 10457
2985 3014 10457
3014 2985 10459
8342 8078 8344
8344 8078 10632
8078 8051 10632
8051 8078 10630
10629 3278 3251
3014 3016 3278
3278 3016 3251
3016 10631 3251
2752 3016 3014
2752 3014 10459
2721 2752 10459
2752 2721 10461
8342 10460 8313
8076 8078 8342
8076 8342 8313
10458 8076 8313
8608 8344 8610
8610 8344 10634
8344 8315 10634
8315 8344 10632
10631 3016 2987
2752 2754 3016
3016 2754 2987
2754 10633 2987
2496 2754 2752
2496 2752 10461
2467 2496 10461
2496 2467 10463
8608 10462 8577
8342 8344 8608
8342 8608 8577
10460 8342 8577
8868 8610 8870
8870 8610 10636
8610 8579 10636
8579 8610 10634
10633 2754 2723
2496 2498 2754
2754 2498 2723
2498 10635 2723
2252 2498 2496
2252 2496 10463
2225 2252 10463
2252 2225 10465
8868 10464 8839
8608 8610 8868
8608 8868 8839
10462 8608 8839
10468 9116 9118
10466 9116 10468
9116 8870 9118
9118 8870 10638
8870 8841 10638
8841 8870 10636
10635 2498 2469
2252 2254 2498
2498 2254 2469
2254 10637 2469
10465 2254 2252
10467 2254 10465
9116 10466 9089
8868 8870 9116
8868 9116 9089
10464 8868 9089
2256 2018 2227
2018 10641 2227
10469 2018 2016
10471 2018 10469
9360 10470 9329
9118 9120 9360
9118 9360 9329
10468 9118 9329
10640 9118 10638
10640 9120 9118
10637 2256 10639
10637 2254 2256
2016 2256 2254
2016 2254 10467
1985 2016 10467
2016 1985 10469
10644 9362 10642
10644 9364 9362
10641 2020 10643
10641 2018 2020
1786 2020 2018
1786 2018 10471
1755 1786 10471
1786 1755 10473
10472 9360 9362
10470 9360 10472
9360 9120 9362
9362 9120 10642
9120 9091 10642
9091 9120 10640
10639 2256 2227
2016 2018 2256
10476 9598 9600
10474 9598 10476
9598 9364 9600
9600 9364 10646
9364 9331 10646
9331 9364 10644
10643 2020 1987
1786 1788 2020
2020 1788 1987
1788 10645 1987
10473 1788 1786
10475 1788 10473
9598 10474 9567
9362 9364 9598
9362 9598 9567
10472 9362 9567
10480 9602 9604
10478 9602 10480
10650 9602 10648
10650 9604 9602
10647 1792 10649
10647 1790 1792
10477 1792 1790
10479 1792 10477
10478 9600 9602
10476 9600 10478
10648 9600 10646
10648 9602 9600
10645 1790 10647
10645 1788 1790
10475 1790 1788
10477 1790 10475
10484 9606 9608
10482 9606 10484
10654 9606 10652
10654 9608 9606
10651 1796 10653
10651 1794 1796
10481 1796 1794
10483 1796 10481
10482 9604 9606
10480 9604 10482
10652 9604 10650
10652 9606 9604
10649 1794 10651
10649 1792 1794
10479 1794 1792
10481 1794 10479
10488 9610 9612
10486 9610 10488
10658 9610 10656
10658 9612 9610
10655 1800 10657
10655 1798 1800
10485 1800 1798
10487 1800 10485
10486 9608 9610
10484 9608 10486
10656 9608 10654
10656 9610 9608
10653 1798 10655
10653 1796 1798
10483 1798 1796
10485 1798 10483
9614 10660 9332
9332 10662 9382
10661 1988 2038
1804 2038 1802
1802 2038 10659
2038 1988 10659
10489 1804 1802
10491 1804 10489
10490 9612 9614
10488 9612 10490
10660 9612 10658
10660 9614 9612
10657 1802 10659
10657 1800 1802
10487 1802 1800
10489 1802 10487
10492 9616 9568
9616 9382 9384
9616 9384 10494
9568 9616 10494
10664 9382 10662
10664 9384 9382
10661 2040 10663
10661 2038 2040
2040 2038 1804
2040 1804 1756
10493 2040 1756
1756 1804 10491
10492 9614 9616
10490 9614 10492
9616 9614 9382
9382 9614 9332
2284 2282 2042
2284 2042 1986
10497 2284 1986
1986 2042 10495
10496 9384 9386
10494 9384 10496
9386 9384 9146
9146 9384 9092
9384 10664 9092
9092 10666 9146
10665 2228 2282
2042 2282 2040
2040 2282 10663
2282 2228 10663
10493 2042 2040
10495 2042 10493
9148 10668 8842
8842 10670 8904
10669 2470 2532
2286 2532 2284
2284 2532 10667
2532 2470 10667
10497 2286 2284
10499 2286 10497
10496 9386 9330
9386 9146 9148
9386 9148 10498
9330 9386 10498
10668 9146 10666
10668 9148 9146
10665 2284 10667
10665 2282 2284
8906 8904 8648
8648 8904 8580
8904 10670 8580
8580 10672 8648
10671 2724 2792
2534 2792 2532
2532 2792 10669
2792 2724 10669
2534 2532 2286
2534 2286 2226
10501 2534 2226
2226 2286 10499
10500 9148 9150
10498 9148 10500
9150 9148 8904
8904 9148 8842
8650 8648 8386
8386 8648 8316
8648 10672 8316
8316 10674 8386
10673 2988 3058
2794 3058 2792
2792 3058 10671
3058 2988 10671
2794 2792 2534
2794 2534 2468
10503 2794 2468
2468 2534 10501
10500 9150 9090
9150 8904 8906
9150 8906 10502
9090 9150 10502
8388 8386 8124
8124 8386 8052
8386 10674 8052
8052 10676 8124
10675 3252 3324
3060 3324 3058
3058 3324 10673
3324 3252 10673
3060 3058 2794
3060 2794 2722
10505 3060 2722
2722 2794 10503
10502 8906 8840
8906 8648 8650
8906 8650 10504
8840 8906 10504
7502 7580 7856
7502 10678 7580
10677 3794 3872
3518 3872 3794
3518 3596 3872
3326 3596 3324
3324 3596 10675
3596 3518 10675
3326 3324 3060
3326 3060 2986
10507 3326 2986
2986 3060 10505
10504 8650 8578
8650 8386 8388
8650 8388 10506
8578 8650 10506
3872 4150 10677
4150 4070 10677
3874 3872 3596
3874 3596 3516
10509 3874 3516
3250 3596 3326
3516 3596 3250
3250 3326 10507
10506 8388 8314
8388 8124 8126
8388 8126 10508
8314 8388 10508
8126 8124 7856
7856 8124 7778
8124 10676 7778
7502 7856 7778
10508 8126 8050
7776 8126 7856
8050 8126 7776
7856 7580 7582
7856 7582 10510
7776 7856 10510
7582 7580 7306
7306 7580 7226
7580 10678 7226
6940 7306 7226
6940 7024 7306
6940 10680 7024
10679 4348 4432
4070 4432 4348
4070 4150 4432
3874 4150 3872
5500 5586 5874
5212 5586 5500
5212 5298 5586
4924 5298 5212
4924 5010 5298
4636 5010 4924
4636 4722 5010
4434 4722 4432
4432 4722 10679
4722 4636 10679
4434 4432 4150
4434 4150 4068
10511 4434 4068
3792 4150 3874
4068 4150 3792
3792 3874 10509
10510 7582 7500
7224 7582 7306
7500 7582 7224
7306 7024 7026
7306 7026 10512
7224 7306 10512
7026 7024 6738
6738 7024 6652
7024 10680 6652
6364 6738 6652
6364 6450 6738
6076 6450 6364
6076 6162 6450
5788 6162 6076
5788 5874 6162
5500 5874 5788
6650 6738 6362
6074 6450 6162
6362 6450 6074
5786 6162 5874
6074 6162 5786
5498 5874 5586
5786 5874 5498
5210 5586 5298
5498 5586 5210
4922 5298 5010
5210 5298 4922
4634 5010 4722
4922 5010 4634
4346 4722 4434
4634 4722 4346
4346 4434 10511
6394 6363 6106
5818 6075 5787
6106 6075 5818
5530 5787 5499
5818 5787 5530
5242 5499 5211
5530 5499 5242
4954 5211 4923
5242 5211 4954
4666 4923 4635
4954 4923 4666
4666 4635 10625
10512 7026 6938
6650 7026 6738
6938 7026 6650
6362 6738 6450
5530 5242 5532
5532 5242 5244
5242 4954 5244
5244 4954 4956
4954 4666 4956
4956 4666 4668
4380 4668 4666
4380 4666 10625
4347 4380 10625
4098 4347 4069
4380 4347 4098
4098 4069 10627
6682 10626 6651
6394 6651 6363
6682 6651 6394
6106 6363 6075
3824 3793 3548
3548 3517 10629
7254 10628 7225
6972 7225 6939
7254 7225 6972
6682 6684 6972
6682 6972 6939
10626 6682 6939
6682 6394 6684
6684 6394 6396
6394 6106 6396
6396 6106 6108
6106 5818 6108
6108 5818 5820
5818 5530 5820
5820 5530 5532
5532 5501 5789
5244 5501 5532
5244 5213 5501
4956 5213 5244
4956 4925 5213
4668 4925 4956
4668 4637 4925
4380 4637 4668
4380 4349 4637
4098 4100 4380
4380 4100 4349
4100 10777 4349
3824 4100 4098
3824 4098 10627
3793 3824 10627
3548 3793 3517
7808 7777 7532
7254 7256 7532
7254 7532 7501
10628 7254 7501
7254 6972 7256
7256 6972 10778
6972 6941 10778
6684 6941 6972
6684 6653 6941
6396 6653 6684
6396 6365 6653
6108 6365 6396
6108 6077 6365
5820 6077 6108
5820 5789 6077
5532 5789 5820
7532 7503 10780
7256 7503 7532
7256 7227 7503
7227 7256 10778
10777 4100 4071
3824 4071 4100
3824 3795 4071
3548 3550 3824
3824 3550 3795
3550 10779 3795
3280 3550 3548
3280 3548 10629
3251 3280 10629
3280 3251 10631
7808 10630 7777
7532 7777 7501
7810 7779 10782
7779 7810 10780
10779 3550 3519
3280 3282 3550
3550 3282 3519
3282 10781 3519
3018 3282 3280
3018 3280 10631
2987 3018 10631
3018 2987 10633
8080 10632 8051
7808 7810 8080
7808 8080 8051
10630 7808 8051
7808 7532 7810
7810 7532 10780
8082 8053 10784
8053 8082 10782
10781 3282 3253
3018 3020 3282
3282 3020 3253
3020 10783 3253
2756 3020 3018
2756 3018 10633
2723 2756 10633
2756 2723 10635
8346 10634 8315
8080 8082 8346
8080 8346 8315
10632 8080 8315
8080 7810 8082
8082 7810 10782
8348 8317 10786
8317 8348 10784
10783 3020 2989
2756 2758 3020
3020 2758 2989
2758 10785 2989
2500 2758 2756
2500 2756 10635
2469 2500 10635
2500 2469 10637
8612 10636 8579
8346 8348 8612
8346 8612 8579
10634 8346 8579
8346 8082 8348
8348 8082 10784
8872 8614 8874
8874 8614 10788
8614 8581 10788
8581 8614 10786
10785 2758 2725
2500 2502 2758
2758 2502 2725
2502 10787 2725
10637 2502 2500
10639 2502 10637
8872 10638 8841
8612 8614 8872
8612 8872 8841
10636 8612 8841
8612 8348 8614
8614 8348 10786
10641 2260 2258
10643 2260 10641
9122 10642 9091
8874 8876 9122
8874 9122 9091
10640 8874 9091
10790 8874 10788
10790 8876 8874
10787 2504 10789
10787 2502 2504
2258 2504 2502
2258 2502 10639
2227 2258 10639
2258 2227 10641
10640 8872 8874
10638 8872 10640
10791 2262 10793
10791 2260 2262
2022 2262 2260
2022 2260 10643
1987 2022 10643
2022 1987 10645
10644 9122 9124
10642 9122 10644
9122 8876 9124
9124 8876 10792
8876 8843 10792
8843 8876 10790
10789 2504 2471
2258 2260 2504
2504 2260 2471
2260 10791 2471
9366 9126 9368
9368 9126 9128
10796 9126 10794
10796 9128 9126
10793 2264 10795
10793 2262 2264
2262 2022 2264
2264 2022 2024
10645 2024 2022
10647 2024 10645
9366 10646 9331
9124 9126 9366
9124 9366 9331
10644 9124 9331
10794 9124 10792
10794 9126 9124
10649 2028 2026
10651 2028 10649
10650 9368 9370
10648 9368 10650
9368 9128 9370
9370 9128 9130
10798 9128 10796
10798 9130 9128
10795 2266 10797
10795 2264 2266
2264 2024 2266
2266 2024 2026
10647 2026 2024
10649 2026 10647
10648 9366 9368
10646 9366 10648
10799 2270 10801
10799 2268 2270
2268 2028 2270
2270 2028 2030
10651 2030 2028
10653 2030 10651
10652 9370 9372
10650 9370 10652
9370 9130 9372
9372 9130 9132
10800 9130 10798
10800 9132 9130
10797 2268 10799
10797 2266 2268
2266 2026 2268
2268 2026 2028
9374 9134 9376
9376 9134 9136
10804 9134 10802
10804 9136 9134
10801 2272 10803
10801 2270 2272
2270 2030 2272
2272 2030 2032
10653 2032 2030
10655 2032 10653
10654 9372 9374
10652 9372 10654
9372 9132 9374
9374 9132 9134
10802 9132 10800
10802 9134 9132
10657 2036 2034
10659 2036 10657
10658 9376 9378
10656 9376 10658
9376 9136 9378
9378 9136 9138
10806 9136 10804
10806 9138 9136
10803 2274 10805
10803 2272 2274
2272 2032 2274
2274 2032 2034
10655 2034 2032
10657 2034 10655
10656 9374 9376
10654 9374 10656
10807 2278 10809
10807 2276 2278
2278 2276 2036
2278 2036 1988
10661 2278 1988
1988 2036 10659
10660 9378 9380
10658 9378 10660
9378 9138 9380
9380 9138 9140
10808 9138 10806
10808 9140 9138
10805 2276 10807
10805 2274 2276
2274 2034 2276
2276 2034 2036
9144 9142 8898
8898 9142 8844
9142 10810 8844
8844 10812 8898
10811 2472 2526
2280 2526 2278
2278 2526 10809
2526 2472 10809
10661 2280 2278
10663 2280 10661
10660 9380 9332
9380 9140 9142
9380 9142 10662
9332 9380 10662
10810 9140 10808
10810 9142 9140
10665 2530 2528
10667 2530 10665
10664 9144 9092
9144 8898 8900
9144 8900 10666
9092 9144 10666
10814 8898 10812
10814 8900 8898
10811 2528 10813
10811 2526 2528
2528 2526 2280
2528 2280 2228
10665 2528 2228
2228 2280 10663
10664 9142 9144
10662 9142 10664
2788 3054 10815
3054 2990 10815
2790 2788 2530
2790 2530 2470
10669 2790 2470
2470 2530 10667
10668 8900 8902
10666 8900 10668
8902 8900 8644
8644 8900 8582
8900 10814 8582
8582 10816 8644
10815 2726 2788
2530 2788 2528
2528 2788 10813
2788 2726 10813
3054 3320 10817
3320 3254 10817
3056 3054 2790
3056 2790 2724
10671 3056 2724
2724 2790 10669
10668 8902 8842
8902 8644 8646
8902 8646 10670
8842 8902 10670
8646 8644 8382
8382 8644 8318
8644 10816 8318
8318 10818 8382
10817 2990 3054
2790 3054 2788
3320 3592 10819
3592 3520 10819
3322 3320 3056
3322 3056 2988
10673 3322 2988
2988 3056 10671
10670 8646 8580
8646 8382 8384
8646 8384 10672
8580 8646 10672
8384 8382 8120
8120 8382 8054
8382 10818 8054
8054 10820 8120
10819 3254 3320
3056 3320 3054
3592 3870 10821
3870 3796 10821
3594 3592 3322
3594 3322 3252
10675 3594 3252
3252 3322 10673
10672 8384 8316
8384 8120 8122
8384 8122 10674
8316 8384 10674
8122 8120 7852
7852 8120 7780
8120 10820 7780
7780 10822 7852
10821 3520 3592
3322 3592 3320
3794 3870 3518
3518 3594 10675
10674 8122 8052
8122 7852 7854
8122 7854 10676
8052 8122 10676
7854 7852 7578
7578 7852 7504
7852 10822 7504
7228 7578 7504
7228 7302 7578
7228 10824 7302
10823 4072 4146
3796 4146 4072
3796 3870 4146
3594 3870 3592
5502 5582 5870
5214 5582 5502
5214 5294 5582
4926 5294 5214
4926 5006 5294
4638 5006 4926
4638 4718 5006
4350 4718 4638
4350 4430 4718
4148 4430 4146
4146 4430 10823
4430 4350 10823
4148 4146 3870
4148 3870 3794
10677 4148 3794
3518 3870 3594
7778 7854 7502
7578 7302 7304
7578 7304 10678
7502 7578 10678
7304 7302 7022
7022 7302 6942
7302 10824 6942
6654 7022 6942
6654 6734 7022
6366 6734 6654
6366 6446 6734
6078 6446 6366
6078 6158 6446
5790 6158 6078
5790 5870 6158
5502 5870 5790
5870 5582 5872
5872 5582 5584
5582 5294 5584
5584 5294 5296
5294 5006 5296
5296 5006 5008
5006 4718 5008
5008 4718 4720
4720 4718 4430
4720 4430 4348
10679 4720 4348
4070 4430 4148
4348 4430 4070
4070 4148 10677
10676 7854 7778
7502 7854 7578
5212 5296 4924
4636 5008 4720
4924 5008 4636
4636 4720 10679
10678 7304 7226
6940 7304 7022
7226 7304 6940
7022 6734 6736
7022 6736 10680
6940 7022 10680
6734 6446 6736
6736 6446 6448
6446 6158 6448
6448 6158 6160
6158 5870 6160
6160 5870 5872
4958 4925 4670
4382 4637 4349
4670 4637 4382
4382 4349 10777
10680 6736 6652
6364 6736 6448
6652 6736 6364
6076 6448 6160
6364 6448 6076
5788 6160 5872
6076 6160 5788
5500 5872 5584
5788 5872 5500
5212 5584 5296
5500 5584 5212
4924 5296 5008
6974 10778 6941
6686 6941 6653
6974 6941 6686
6398 6653 6365
6686 6653 6398
6110 6365 6077
6398 6365 6110
5822 6077 5789
6110 6077 5822
5534 5789 5501
5822 5789 5534
5246 5501 5213
5534 5501 5246
4958 5213 4925
5246 5213 4958
4670 4925 4637
5534 5503 5791
5246 5503 5534
5246 5215 5503
4958 4960 5246
5246 4960 5215
4960 89 5215
4958 4670 4960
4960 4670 4672
4670 4382 4672
4672 4382 4384
4102 4384 4382
4102 4382 10777
4071 4102 10777
3826 4071 3795
4102 4071 3826
3826 3795 10779
7534 10780 7503
7258 7503 7227
7534 7503 7258
6974 6976 7258
6974 7258 7227
10778 6974 7227
6974 6686 6976
6976 6686 6688
6686 6398 6688
6688 6398 6400
6398 6110 6400
6400 6110 90
6110 6079 90
5822 6079 6110
5822 5791 6079
5534 5791 5822
6400 6367 6655
6367 6400 90
89 4960 4927
4672 4927 4960
4672 4639 4927
4384 4639 4672
4384 4351 4639
4102 4104 4384
4384 4104 4351
4104 91 4351
4102 3826 4104
4104 3826 3828
3552 3828 3826
3552 3826 10779
3519 3552 10779
3552 3519 10781
3284 3554 3552
3284 3552 10781
3253 3284 10781
3284 3253 10783
7812 10782 7779
7534 7536 7812
7534 7812 7779
10780 7534 7779
7534 7258 7536
7536 7258 7260
7258 6976 7260
7260 6976 92
6976 6943 92
6688 6943 6976
6688 6655 6943
6400 6655 6688
8084 10784 8053
7812 7814 8084
7812 8084 8053
10782 7812 8053
7812 7536 7814
7814 7536 7538
7536 7260 7538
7538 7260 94
7260 7229 94
7229 7260 92
91 4104 4073
3828 3830 4104
4104 3830 4073
3830 93 4073
3828 3552 3830
3830 3552 3554
8084 7814 8086
8086 7814 96
7814 7781 96
7538 7781 7814
7538 7505 7781
7505 7538 94
93 3830 3797
3554 3797 3830
3554 3521 3797
3284 3286 3554
3554 3286 3521
3286 95 3521
3022 3286 3284
3022 3284 10783
2989 3022 10783
3022 2989 10785
8350 8086 8352
8352 8086 8088
98 8086 96
98 8088 8086
95 3288 97
95 3286 3288
3286 3022 3288
3288 3022 3024
2760 3024 3022
2760 3022 10785
2725 2760 10785
2760 2725 10787
8350 10786 8317
8084 8086 8350
8084 8350 8317
10784 8084 8317
8352 8088 8354
8354 8088 100
8088 8055 100
8055 8088 98
97 3288 3255
3024 3026 3288
3288 3026 3255
3026 99 3255
3024 2760 3026
3026 2760 2762
10787 2762 2760
10789 2762 10787
8616 10788 8581
8350 8352 8616
8350 8616 8581
10786 8350 8581
8618 8354 8620
8620 8354 102
8354 8319 102
8319 8354 100
99 3026 2991
2762 2764 3026
3026 2764 2991
2764 101 2991
2506 2764 2762
2506 2762 10789
2471 2506 10789
2506 2471 10791
10790 8616 8618
10788 8616 10790
8616 8352 8618
8618 8352 8354
10794 8878 8880
10792 8878 10794
8878 8620 8880
8880 8620 8622
104 8620 102
104 8622 8620
101 2766 103
101 2764 2766
2764 2506 2766
2766 2506 2508
10791 2508 2506
10793 2508 10791
8878 10792 8843
8618 8620 8878
8618 8878 8843
10790 8618 8843
2768 2512 2727
2512 107 2727
10795 2512 2510
10797 2512 10795
10796 8880 8882
10794 8880 10796
8880 8622 8882
8882 8622 8624
106 8622 104
106 8624 8622
103 2768 105
103 2766 2768
2766 2508 2768
2768 2508 2510
10793 2510 2508
10795 2510 10793
10800 8884 8886
10798 8884 10800
110 8884 108
110 8886 8884
107 2514 109
107 2512 2514
10797 2514 2512
10799 2514 10797
10798 8882 8884
10796 8882 10798
8882 8624 8884
8884 8624 108
8624 8583 108
8583 8624 106
105 2768 2727
2510 2512 2768
10804 8888 8890
10802 8888 10804
114 8888 112
114 8890 8888
111 2518 113
111 2516 2518
10801 2518 2516
10803 2518 10801
10802 8886 8888
10800 8886 10802
112 8886 110
112 8888 8886
109 2516 111
109 2514 2516
10799 2516 2514
10801 2516 10799
2778 2520 2780
2780 2520 2522
10805 2522 2520
10807 2522 10805
10806 8890 8892
10804 8890 10806
8892 8890 8634
8634 8890 8584
8890 114 8584
8584 116 8634
115 2728 2778
2520 2778 2518
2518 2778 113
2778 2728 113
10803 2520 2518
10805 2520 10803
120 8636 118
120 8638 8636
117 2782 119
117 2780 2782
2780 2522 2782
2782 2522 2524
10807 2524 2522
10809 2524 10807
10808 8892 8894
10806 8892 10808
8892 8634 8894
8894 8634 8636
118 8634 116
118 8636 8634
115 2780 117
115 2778 2780
8640 8638 8376
8376 8638 8320
8638 120 8320
8320 122 8376
121 2992 3048
2784 3048 2782
2782 3048 119
3048 2992 119
2784 2782 2524
2784 2524 2472
10811 2784 2472
2472 2524 10809
10810 8894 8896
10808 8894 10810
8894 8636 8896
8896 8636 8638
8378 8376 8114
8114 8376 8056
8376 122 8056
8056 124 8114
123 3256 3314
3050 3314 3048
3048 3314 121
3314 3256 121
3048 2784 3050
3050 2784 2786
10811 2786 2784
10813 2786 10811
10810 8896 8844
8896 8638 8640
8896 8640 10812
8844 8896 10812
8378 8114 8380
8380 8114 8116
126 8114 124
126 8116 8114
123 3316 125
123 3314 3316
3314 3050 3316
3316 3050 3052
3052 3050 2786
3052 2786 2726
10815 3052 2726
2726 2786 10813
10814 8640 8642
10812 8640 10814
8640 8376 8642
8642 8376 8378
7506 7572 7848
7506 128 7572
127 3798 3864
3522 3864 3798
3522 3588 3864
3318 3588 3316
3316 3588 125
3588 3522 125
3318 3316 3052
3318 3052 2990
10817 3318 2990
2990 3052 10815
10814 8642 8582
8642 8378 8380
8642 8380 10816
8582 8642 10816
3864 4142 127
4142 4074 127
3864 3588 3866
3866 3588 3590
3590 3588 3318
3590 3318 3254
10819 3590 3254
3254 3318 10817
10816 8380 8318
8380 8116 8118
8380 8118 10818
8318 8380 10818
8118 8116 7848
7848 8116 7782
8116 126 7782
7506 7848 7782
3868 3866 3590
3868 3590 3520
10821 3868 3520
3520 3590 10819
10818 8118 8054
8118 7848 7850
8118 7850 10820
8054 8118 10820
7848 7572 7850
7850 7572 7574
7574 7572 7298
7298 7572 7230
7572 128 7230
7230 130 7298
129 4074 4142
3866 4142 3864
7298 130 6944
6656 7018 6944
6656 6730 7018
6368 6730 6656
6368 6442 6730
6368 132 6442
131 4928 5002
4640 5002 4928
4640 4714 5002
4352 4714 4640
4352 4426 4714
4144 4426 4142
4142 4426 129
4426 4352 129
4142 3866 4144
4144 3866 3868
4714 4426 4716
4716 4426 4428
4428 4426 4144
4428 4144 4072
10823 4428 4072
3796 4144 3868
4072 4144 3796
3796 3868 10821
10820 7850 7780
7850 7574 7576
7850 7576 10822
7780 7850 10822
7574 7298 7576
7576 7298 7300
7300 7298 7018
7018 7298 6944
6730 6442 6732
6732 6442 6444
6444 6442 6156
6156 6442 6080
6442 132 6080
5792 6156 6080
5792 5868 6156
5504 5868 5792
5504 5580 5868
5216 5580 5504
5216 5292 5580
5004 5292 5002
5002 5292 131
5292 5216 131
5002 4714 5004
5004 4714 4716
4073 4106 91
4106 4073 93
6978 92 6943
6690 6943 6655
6978 6943 6690
6402 6655 6367
6690 6655 6402
6112 6114 6402
6112 6402 6367
90 6112 6367
6112 5824 6114
6114 5824 5826
5824 5536 5826
5826 5536 5538
5536 5248 5538
5538 5248 5250
5790 5868 5502
5502 5868 5580
6078 6156 5790
5790 6156 5868
6366 6444 6078
6078 6444 6156
6654 6732 6366
6366 6732 6444
6942 7020 6654
6654 7020 6732
10824 7020 6942
5248 5215 89
