2730 2538 2732
2732 2538 2540
2538 2346 2540
2540 2346 2348
2346 2154 2348
2348 2154 2156
2156 2154 1962
2156 1962 1924
4871 2156 1924
1924 1962 4869
4868 3112 3076
3112 2920 2922
3112 2922 4870
3076 3112 4870
2920 2728 2922
2922 2728 2730
2333 2525 2527
2333 2527 2335
2141 2333 2335
2141 2335 2143
2141 2143 1951
2141 1951 1861
33 2141 1861
35 1861 1951
2629 34 2717
2717 2437 2629
2525 2437 2717
2525 2245 2437
2333 2245 2525
2333 2053 2245
2141 2053 2333
2884 2922 4872
2145 2337 2339
2145 2339 2147
1953 2145 2147
1953 2147 1955
1761 1953 1955
1761 1955 1763
1761 39 37
1763 39 1761
3013 38 3105
3105 2913 2911
3105 2911 36
3013 3105 36
2719 2911 2913
2719 2913 2721
2527 2719 2721
2527 2721 2529
1955 2147 2149
1955 2149 1957
1763 1955 1957
1763 1957 1765
1763 41 39
1765 41 1763
3107 38 40
3105 38 3107
2913 3105 3107
2913 3107 2915
2721 2913 2915
2721 2915 2723
2529 2721 2723
2529 2723 2531
2337 2529 2531
2337 2531 2339
1765 1957 1959
1765 1959 1767
1765 43 41
1767 43 1765
3109 40 42
3107 40 3109
2915 3107 3109
2915 3109 2917
2723 2915 2917
2723 2917 2725
2531 2723 2725
2531 2725 2533
2339 2531 2533
2339 2533 2341
2147 2339 2341
2147 2341 2149
1670 1767 45
1767 1670 43
3111 42 44
3109 42 3111
2917 3109 3111
2917 3111 2919
2725 2917 2919
2725 2919 2727
2533 2725 2727
2533 2727 2535
2341 2533 2535
2341 2535 2343
2149 2341 2343
2149 2343 2151
1957 2149 2151
1957 2151 1959
3111 44 3014
2921 2919 3111
2921 3111 3014
46 2921 3014
2727 2919 2921
2727 2921 2729
2535 2727 2729
2535 2729 2537
2343 2535 2537
2343 2537 2345
2151 2343 2345
2151 2345 2153
1959 2151 2153
1959 2153 1961
1767 1959 1961
1767 1961 45
2054 2155 2246
2155 2054 47
2921 46 2822
2731 2729 2921
2731 2921 2822
48 2731 2822
2537 2729 2731
2537 2731 2539
2345 2537 2539
2345 2539 2347
2153 2345 2347
2153 2347 2155
1961 2153 2155
1961 2155 47
1862 1961 47
1961 1862 45
1753 1671 1945
107 1671 1753
2631 106 2711
2711 2439 2631
2519 2439 2711
2519 2247 2439
2327 2247 2519
2327 2055 2247
2135 2055 2327
105 2055 2135
2731 48 2630
2630 2539 2731
2438 2539 2630
2438 2347 2539
2246 2347 2438
2246 2155 2347
3015 108 3097
3097 2823 3015
2905 2823 3097
2905 2713 2711
2905 2711 106
2823 2905 106
2519 2711 2713
2519 2713 2521
2327 2519 2521
2327 2521 2329
2135 2327 2329
2135 2329 2137
2135 2137 1945
2135 1945 1863
105 2135 1863
1945 1671 1863
2713 2905 2907
2713 2907 2715
2521 2713 2715
2521 2715 2523
2329 2521 2523
2329 2523 2331
2137 2329 2331
2137 2331 2139
1945 2137 2139
1945 2139 1947
1753 1945 1947
1753 1947 1755
1753 1755 1569
1753 1569 1489
107 1753 1489
109 1489 1569
1949 2139 33
2139 2053 33
1755 1947 1949
1755 1949 1757
1569 1755 1757
1569 1757 1571
1569 1571 1391
1569 1391 1309
109 1569 1309
111 1309 1391
3205 110 3285
3285 3099 3097
3285 3097 108
3205 3285 108
2905 3097 3099
2905 3099 2907
3467 3285 110
3385 3467 110
3099 3285 3287
3099 3287 3101
2907 3099 3101
2907 3101 2909
2907 2909 2715
2715 2909 2629
2909 34 2629
2715 2437 2523
2715 2629 2437
2523 2245 2331
2523 2437 2245
2331 2053 2139
2331 2245 2053
1947 2139 1949
3101 3103 2909
2909 3103 2821
3103 36 2821
2909 2821 34
1949 33 1861
1757 1949 1759
1759 1949 35
1949 1861 35
1571 1757 1759
1571 1759 1573
1391 1571 1573
1391 1573 1393
1391 113 111
1393 113 1391
3385 112 3467
3467 3287 3285
1759 35 1669
1573 1759 1575
1575 1759 37
1759 1669 37
1393 1573 1575
1393 1575 1395
1393 1395 1215
1393 1215 1129
113 1393 1129
115 1129 1215
3469 112 114
3467 112 3469
3287 3467 3469
3287 3469 3289
3101 3287 3289
3101 3289 3103
1395 1575 1577
1395 1577 1397
1215 1395 1397
1215 1397 1217
1215 117 115
1217 117 1215
3565 116 3651
3651 3471 3469
3651 3469 114
3565 3651 114
3289 3469 3471
3289 3471 3291
3289 3291 3103
3103 3291 3013
3291 38 3013
3103 3013 36
1397 1577 1579
1397 1579 1399
1217 1397 1399
1217 1399 1219
1217 119 117
1219 119 1217
3653 116 118
3651 116 3653
3471 3651 3653
3471 3653 3473
3291 3471 3473
3291 3473 3293
3293 38 3291
3293 40 38
1575 39 1577
1575 37 39
1399 1579 1581
1399 1581 1401
1219 1399 1401
1219 1401 1221
1219 121 119
1221 121 1219
3655 118 120
3653 118 3655
3473 3653 3655
3473 3655 3475
3293 3473 3475
3293 3475 3295
3295 40 3293
3295 42 40
1577 41 1579
1577 39 41
1401 1581 1583
1401 1583 1403
1221 1401 1403
1221 1403 123
1130 1221 123
1221 1130 121
3657 120 122
3655 120 3657
3475 3655 3657
3475 3657 3477
3295 3475 3477
3295 3477 3297
3297 42 3295
3297 44 42
1579 43 1581
1579 41 43
1403 125 123
1405 125 1403
3657 122 3566
3479 3477 3657
3479 3657 3566
124 3479 3566
3297 3477 3479
3297 3479 3299
3299 3113 3297
3297 3113 44
3113 3014 44
3014 3113 46
45 1769 1670
1583 1581 1769
1769 1581 1670
1581 43 1670
3299 3479 3481
3299 3481 3301
3113 3299 3301
3113 3301 3115
3115 2923 3113
3113 2923 46
2923 2822 46
2822 2923 48
47 1963 1862
1771 1769 1963
1963 1769 1862
1769 45 1862
1583 1769 1771
1583 1771 1585
1403 1583 1585
1403 1585 1405
2438 2541 2349
2246 2157 2054
2246 2349 2157
1965 1963 2157
2157 1963 2054
1963 47 2054
1771 1963 1965
1771 1965 1773
1585 1771 1773
1585 1773 1587
1405 1585 1587
1405 1587 127
1310 1405 127
1405 1310 125
3481 124 126
3479 124 3481
1490 1587 129
1587 1490 127
3481 126 3386
3303 3301 3481
3303 3481 3386
128 3303 3386
3115 3301 3303
3115 3303 3117
2923 3115 3117
2923 3117 2925
2925 2733 2923
2923 2733 48
2733 2630 48
2630 2541 2438
2630 2733 2541
2438 2349 2246
2925 3117 3119
2925 3119 2927
2733 2925 2927
2733 2927 2735
2541 2733 2735
2541 2735 2543
2349 2541 2543
2349 2543 2351
2157 2349 2351
2157 2351 2159
1965 2157 2159
1965 2159 1967
1773 1965 1967
1773 1967 1775
1587 1773 1775
1587 1775 129
2543 2735 2737
2543 2737 2545
2351 2543 2545
2351 2545 2353
2159 2351 2353
2159 2353 2161
1967 2159 2161
1967 2161 131
1864 1967 131
1864 1775 1967
1672 1775 1864
1775 1672 129
3303 128 3206
3119 3117 3303
3119 3303 3206
130 3119 3206
2323 2249 2515
205 2249 2323
2737 132 2632
2632 2545 2737
2440 2545 2632
2440 2353 2545
2248 2353 2440
2248 2161 2353
2056 2161 2248
2161 2056 131
3119 130 3016
3016 2927 3119
2824 2927 3016
2737 2735 2927
2737 2927 2824
132 2737 2824
2709 2633 2901
2709 2517 2515
2709 2515 206
2633 2709 206
2323 2515 2517
2323 2517 2325
2323 2325 2133
2323 2133 2057
205 2323 2057
2133 1865 2057
1941 1865 2133
1941 1673 1865
1749 1673 1941
207 1673 1749
2441 206 2515
2515 2249 2441
2325 2247 2055
1941 2133 1943
1943 2133 105
2133 2055 105
1749 1941 1943
1749 1943 1751
1749 1751 1565
1749 1565 1491
207 1749 1491
1565 1311 1491
1385 1311 1565
209 1311 1385
3017 208 3093
3093 2825 3017
2901 2825 3093
2901 2633 2825
3387 210 3461
3461 3207 3387
3281 3207 3461
3281 3095 3093
3281 3093 208
3207 3281 208
2901 3093 3095
2901 3095 2903
2901 2903 2709
2709 2903 2631
2903 106 2631
2709 2439 2517
2709 2631 2439
2517 2247 2325
2517 2439 2247
2325 2055 2133
3283 108 3015
3095 2823 2903
3095 3015 2823
2903 2823 106
1943 105 1863
1943 1671 1751
1943 1863 1671
1565 1751 1567
1567 1751 107
1751 1671 107
1385 1565 1567
1385 1567 1387
1385 1387 1207
1385 1207 1131
209 1385 1131
211 1131 1207
1567 107 1489
1387 1567 1389
1389 1567 109
1567 1489 109
1207 1387 1389
1207 1389 1209
1207 213 211
1209 213 1207
3567 212 3643
3643 3463 3461
3643 3461 210
3567 3643 210
3281 3461 3463
3281 3463 3283
3281 3283 3095
3095 3283 3015
1389 109 1309
1209 1389 1211
1211 1389 111
1389 1309 111
1209 1211 1037
1209 1037 961
213 1209 961
215 961 1037
3645 212 214
3643 212 3645
3463 3643 3645
3463 3645 3465
3463 3465 3283
3283 3465 3205
3465 110 3205
3283 3205 108
3649 112 3647
3649 114 112
1211 113 1213
1211 111 113
1037 1211 1213
1037 1213 1039
1037 217 215
1039 217 1037
3745 216 3821
3821 3647 3645
3821 3645 214
3745 3821 214
3645 3647 3465
3465 3647 3385
3647 112 3385
3465 3385 110
3825 218 220
3823 218 3825
3823 3825 3649
3649 3825 3565
3825 116 3565
3649 3565 114
1213 113 1129
1039 1213 1041
1041 1213 115
1213 1129 115
1039 219 217
1041 219 1039
3823 216 218
3821 216 3823
3647 3821 3823
3647 3823 3649
875 1043 1045
875 1045 877
875 223 221
877 223 875
3913 222 3995
3995 3827 3825
3995 3825 220
3913 3995 220
3827 116 3825
3827 118 116
1041 117 1043
1041 115 117
1041 1043 875
1041 875 793
219 1041 793
221 793 875
3831 120 3829
3831 122 120
1045 121 1047
1045 119 121
877 1045 1047
877 1047 225
794 877 225
877 794 223
3997 222 224
3995 222 3997
3827 3995 3997
3827 3997 3829
3829 118 3827
3829 120 118
1043 119 1045
1043 117 119
3833 226 228
3831 226 3833
3833 3659 3831
3831 3659 122
3659 3566 122
3566 3659 124
123 1223 1130
1049 1047 1223
1223 1047 1130
1047 121 1130
1047 227 225
1049 227 1047
3997 224 3914
3831 3829 3997
3831 3997 3914
226 3831 3914
1051 1225 1227
1051 1227 231
962 1051 231
1051 962 229
3835 228 230
3833 228 3835
3659 3833 3835
3659 3835 3661
3661 124 3659
3661 126 124
1223 125 1225
1223 123 125
1049 1223 1225
1049 1225 1051
1049 229 227
1051 229 1049
1227 1407 1409
1227 1409 1229
1227 233 231
1229 233 1227
3835 230 3746
3663 3661 3835
3663 3835 3746
232 3663 3746
3663 3483 3661
3661 3483 126
3483 3386 126
3386 3483 128
127 1407 1310
1227 1225 1407
1407 1225 1310
1225 125 1310
1229 1409 1411
1229 1411 235
1132 1229 235
1229 1132 233
3665 232 234
3663 232 3665
3483 3663 3665
3483 3665 3485
3485 3305 3483
3483 3305 128
3305 3206 128
3206 3305 130
129 1589 1490
1409 1407 1589
1589 1407 1490
1407 127 1490
3305 3485 3487
3305 3487 3307
3307 3121 3305
3305 3121 130
3121 3016 130
3016 2929 2824
3016 3121 2929
2824 2929 132
131 1969 1864
1864 1777 1672
1864 1969 1777
1591 1589 1777
1777 1589 1672
1589 129 1672
1409 1589 1591
1409 1591 1411
2248 2355 2163
1971 1969 2163
2163 1969 2056
1969 131 2056
1777 1969 1971
1777 1971 1779
1591 1777 1779
1591 1779 237
1492 1591 237
1492 1411 1591
1312 1411 1492
1411 1312 235
3665 234 3568
3487 3485 3665
3487 3665 3568
236 3487 3568
3487 236 3388
3388 3307 3487
3208 3307 3388
3123 3121 3307
3123 3307 3208
238 3123 3208
2929 3121 3123
2929 3123 2931
2931 2739 2929
2929 2739 132
2739 2632 132
2632 2547 2440
2632 2739 2547
2440 2355 2248
2440 2547 2355
2248 2163 2056
2826 2931 3018
2826 2739 2931
2634 2739 2826
2549 2547 2739
2549 2739 2634
240 2549 2634
2355 2547 2549
2355 2549 2357
2163 2355 2357
2163 2357 239
2058 2163 239
2058 1971 2163
1866 1971 2058
1866 1779 1971
1674 1779 1866
1779 1674 237
2705 2635 2897
2705 2443 2635
2513 2443 2705
2513 2251 2443
2321 2251 2513
2321 2059 2251
2129 2059 2321
2129 1867 2059
1937 1867 2129
321 1867 1937
2549 240 2442
2442 2357 2549
2250 2357 2442
2357 2250 239
3123 238 3018
3018 2931 3123
2707 206 2441
2513 2249 2321
2513 2441 2249
2129 2321 2131
2131 2321 205
2321 2249 205
1937 2129 2131
1937 2131 1939
1937 1939 1747
1937 1747 1675
321 1937 1675
1747 1493 1675
1561 1493 1747
323 1493 1561
2827 322 2897
2897 2635 2827
1561 1563 1383
1561 1383 1313
323 1561 1313
1383 1133 1313
1203 1133 1383
325 1133 1203
3209 324 3277
3277 3019 3209
3091 3019 3277
3091 2899 2897
3091 2897 322
3019 3091 322
2705 2897 2899
2705 2899 2707
2705 2707 2513
2513 2707 2441
3277 3279 3091
3091 3279 3017
3279 208 3017
3091 2825 2899
3091 3017 2825
2899 2633 2707
2899 2825 2633
2707 2633 206
2131 205 2057
2131 1865 1939
2131 2057 1865
1939 1673 1747
1939 1865 1673
1561 1747 1563
1563 1747 207
1747 1673 207
1563 207 1491
1563 1311 1383
1563 1491 1311
1203 1383 1205
1205 1383 209
1383 1311 209
1203 1205 1031
1203 1031 963
325 1203 963
327 963 1031
3569 326 3639
3639 3389 3569
3459 3389 3639
3459 3279 3277
3459 3277 324
3389 3459 324
1205 209 1131
1031 1205 1033
1033 1205 211
1205 1131 211
1031 329 327
1033 329 1031
3747 328 3815
3815 3641 3639
3815 3639 326
3747 3815 326
3639 3641 3459
3459 3641 3387
3641 210 3387
3459 3207 3279
3459 3387 3207
3279 3207 208
3987 3817 330
3915 3987 330
3819 212 3817
3819 214 212
1033 213 1035
1033 211 213
1033 1035 867
1033 867 795
329 1033 795
331 795 867
3817 328 330
3815 328 3817
3815 3817 3641
3641 3817 3567
3817 212 3567
3641 3567 210
333 869 637
335 637 709
3989 332 334
3987 332 3989
3987 3989 3819
3819 3989 3745
3989 216 3745
3819 3745 214
1035 213 961
867 1035 869
869 1035 215
1035 961 215
867 333 331
869 333 867
3915 332 3987
3987 3819 3817
871 219 873
871 217 219
709 871 873
709 873 711
709 337 335
711 337 709
4081 336 4153
4153 3991 3989
4153 3989 334
4081 4153 334
3991 216 3989
3991 218 216
869 217 871
869 215 217
869 871 709
869 709 637
4155 4157 3993
3993 4157 3913
4157 222 3913
3993 3913 220
873 219 793
711 873 713
713 873 221
873 793 221
711 339 337
713 339 711
4155 336 338
4153 336 4155
3991 4153 4155
3991 4155 3993
3993 218 3991
3993 220 218
225 879 794
717 715 879
879 715 794
715 223 794
715 343 341
717 343 715
4159 340 342
4157 340 4159
4159 222 4157
4159 224 222
713 223 715
713 221 223
713 341 339
715 341 713
4157 338 340
4155 338 4157
3999 4161 4163
3999 4163 4001
4001 226 3999
4001 228 226
879 227 881
879 225 227
717 879 881
717 881 719
717 345 343
719 345 717
4161 342 344
4159 342 4161
4161 3999 4159
4159 3999 224
3999 3914 224
3914 3999 226
883 349 347
885 349 883
4163 346 4082
4003 4001 4163
4003 4163 4082
348 4003 4082
4003 228 4001
4003 230 228
881 229 883
881 227 229
719 881 883
719 883 347
638 719 347
719 638 345
4163 344 346
4161 344 4163
1053 233 1055
1053 231 233
885 1053 1055
885 1055 351
796 885 351
885 796 349
4005 348 350
4003 348 4005
4005 3837 4003
4003 3837 230
3837 3746 230
3746 3837 232
231 1053 962
885 883 1053
1053 883 962
883 229 962
3841 3667 3839
3839 3667 234
3667 3568 234
3568 3667 236
235 1231 1132
1057 1055 1231
1231 1055 1132
1055 233 1132
1055 353 351
1057 353 1055
4005 350 3916
3839 3837 4005
3839 4005 3916
352 3839 3916
3839 232 3837
3839 234 232
3489 3388 236
3388 3309 3208
3388 3489 3309
3208 3309 238
237 1593 1492
1492 1413 1312
1492 1593 1413
1233 1231 1413
1413 1231 1312
1231 235 1312
1057 1231 1233
1057 1233 355
964 1057 355
1057 964 353
3841 352 354
3839 352 3841
1866 1973 1781
1595 1593 1781
1781 1593 1674
1593 237 1674
1413 1593 1595
1413 1595 357
1314 1413 357
1314 1233 1413
1134 1233 1314
1233 1134 355
3841 354 3748
3669 3667 3841
3669 3841 3748
356 3669 3748
3669 3489 3667
3667 3489 236
3390 3489 3570
3311 3309 3489
3311 3489 3390
358 3311 3390
3311 3125 3309
3309 3125 238
3125 3018 238
3018 2933 2826
3018 3125 2933
2826 2741 2634
2826 2933 2741
2634 2741 240
239 2165 2058
2058 1973 1866
2058 2165 1973
1866 1781 1674
2551 2442 240
2442 2359 2250
2442 2551 2359
2167 2165 2359
2359 2165 2250
2165 239 2250
1973 2165 2167
1973 2167 1975
1781 1973 1975
1781 1975 359
1676 1781 359
1676 1595 1781
1494 1595 1676
1595 1494 357
3669 356 3570
3570 3489 3669
2252 2359 2444
2252 2167 2359
2060 2167 2252
2060 1975 2167
1868 1975 2060
1975 1868 359
3311 358 3210
3210 3125 3311
3020 3125 3210
2935 2933 3125
2935 3125 3020
360 2935 3020
2741 2933 2935
2741 2935 2743
2743 2551 2741
2741 2551 240
2511 2445 2703
2511 2253 2445
2319 2253 2511
2319 2061 2253
2127 2061 2319
2127 1869 2061
1935 1869 2127
1935 1677 1869
1743 1677 1935
449 1677 1743
2935 360 2828
2828 2743 2935
2636 2743 2828
2636 2551 2743
2444 2551 2636
2444 2359 2551
2127 2059 1867
1743 1935 1745
1745 1935 321
1935 1867 321
1743 1745 1559
1743 1559 1495
449 1743 1495
1559 1315 1495
1379 1315 1559
451 1315 1379
3021 450 3087
3087 2829 3021
2895 2829 3087
2895 2637 2829
2703 2637 2895
2703 2445 2637
3275 3211 3455
3275 3089 3087
3275 3087 450
3211 3275 450
3087 3089 2895
2895 3089 2827
3089 322 2827
2895 2635 2703
2895 2827 2635
2703 2443 2511
2703 2635 2443
2511 2251 2319
2511 2443 2251
2319 2059 2127
2319 2251 2059
2127 1867 1935
3457 324 3209
3275 3019 3089
3275 3209 3019
3089 3019 322
1745 321 1675
1745 1493 1559
1745 1675 1493
1379 1559 1381
1381 1559 323
1559 1493 323
1379 1381 1201
1379 1201 1135
451 1379 1135
453 1135 1201
3391 452 3455
3455 3211 3391
3637 3569 3389
3457 3389 324
1381 323 1313
1381 1133 1201
1381 1313 1133
1133 325 1029
1201 1133 1029
965 1201 1029
453 1201 965
455 965 1029
3571 454 3637
3637 3457 3455
3637 3455 452
3571 3637 452
3455 3457 3275
3275 3457 3209
3813 456 328
456 3983 328
456 3917 3983
3813 3747 326
1029 325 963
963 327 863
1029 963 863
797 1029 863
455 1029 797
457 797 863
3749 456 3813
3569 3637 326
3637 454 326
454 3813 326
454 3749 3813
3637 3389 3457
703 461 459
705 461 703
4083 460 4147
4147 3985 3983
4147 3983 458
4083 4147 458
3985 328 3983
3985 330 328
863 329 865
863 327 329
863 865 703
863 703 639
457 863 639
459 639 703
3917 458 3983
3747 3813 328
705 333 707
705 331 333
705 707 557
705 557 493
461 705 493
463 493 557
4149 460 462
4147 460 4149
4147 4149 3985
3985 4149 3915
4149 332 3915
3985 3915 330
865 329 795
703 865 705
705 865 331
865 795 331
4301 4303 4151
4151 4303 4081
4303 336 4081
4151 4081 334
707 333 637
557 707 559
559 707 335
707 637 335
557 465 463
559 465 557
4237 464 4301
4301 4151 4149
4301 4149 462
4237 4301 462
4151 332 4149
4151 334 332
4307 338 4305
4307 340 338
561 339 563
561 337 339
561 469 467
563 469 561
4305 466 468
4303 466 4305
4305 336 4303
4305 338 336
559 337 561
559 335 337
559 467 465
561 467 559
4303 464 466
4301 464 4303
4311 342 4309
4311 344 342
565 343 567
565 341 343
565 473 471
567 473 565
4309 470 472
4307 470 4309
4309 340 4307
4309 342 340
563 341 565
563 339 341
563 471 469
565 471 563
4307 468 470
4305 468 4307
347 721 638
571 569 721
721 569 638
569 345 638
569 477 475
571 477 569
4313 474 476
4311 474 4313
4313 344 4311
4313 346 344
567 345 569
567 343 345
567 475 473
569 475 567
4311 472 474
4309 472 4311
4167 4315 4238
480 4167 4238
4167 348 4165
4167 350 348
721 349 723
721 347 349
571 721 723
571 723 479
494 571 479
571 494 477
4315 476 478
4313 476 4315
4315 4165 4313
4313 4165 346
4165 4082 346
4082 4165 348
640 725 483
725 640 481
4169 480 482
4167 480 4169
4169 4007 4167
4167 4007 350
4007 3916 350
3916 4007 352
351 887 796
725 723 887
887 723 796
723 349 796
723 481 479
725 481 723
4315 478 4238
4167 4165 4315
355 1059 964
798 889 353
485 798 353
964 485 353
1059 485 964
889 798 483
4169 482 4084
4009 4007 4169
4009 4169 4084
484 4009 4084
4009 352 4007
4009 354 352
887 353 889
887 351 353
725 887 889
725 889 483
3570 3671 3491
3390 3491 358
357 1415 1314
1314 1235 1134
1314 1415 1235
966 1059 355
487 966 355
1134 487 355
1235 487 1134
1059 966 485
4009 484 3918
486 3843 3748
3918 486 3748
354 3918 3748
4009 3918 354
3748 3843 356
359 1783 1676
1676 1597 1494
1676 1783 1597
1417 1415 1597
1597 1415 1494
1415 357 1494
1235 1415 1417
1235 1417 489
1136 1235 489
1235 1136 487
3843 486 3750
488 3671 3570
3750 488 3570
356 3750 3570
3843 3750 356
3570 3491 3390
1597 1783 1785
1597 1785 491
1496 1597 491
1496 1417 1597
1316 1417 1496
1417 1316 489
3671 488 3572
3493 3491 3671
3493 3671 3572
490 3493 3572
3493 3313 3491
3491 3313 358
3313 3210 358
3210 3127 3020
3210 3313 3127
3020 3127 360
3129 2937 3127
3127 2937 360
2937 2828 360
2828 2745 2636
2828 2937 2745
2636 2553 2444
2636 2745 2553
2444 2361 2252
2444 2553 2361
2252 2169 2060
2252 2361 2169
2060 1977 1868
2060 2169 1977
1785 1783 1977
1977 1783 1868
1783 359 1868
2446 2553 2638
2446 2361 2553
2254 2361 2446
2254 2169 2361
2062 2169 2254
2062 1977 2169
1870 1977 2062
1870 1785 1977
1678 1785 1870
1785 1678 491
3493 490 3392
3392 3313 3493
3212 3313 3392
3129 3127 3313
3129 3313 3212
492 3129 3212
2509 2447 2701
2509 2255 2447
2317 2255 2509
2317 2063 2255
2125 2063 2317
2125 1871 2063
1933 1871 2125
1933 1679 1871
1741 1679 1933
589 1679 1741
3129 492 3022
3022 2937 3129
2830 2937 3022
2830 2745 2937
2638 2745 2830
2638 2553 2745
2125 2061 1869
1933 1677 1741
1933 1869 1677
1677 449 1557
1741 1677 1557
1497 1741 1557
589 1741 1497
1557 1317 1497
1377 1317 1557
591 1317 1377
3023 590 3085
3085 2831 3023
2893 2831 3085
2893 2639 2831
2701 2639 2893
2701 2447 2639
3273 3213 3453
3021 3085 450
3085 590 450
590 3273 450
590 3213 3273
3085 2829 2893
3085 3021 2829
2893 2637 2701
2893 2829 2637
2701 2445 2509
2701 2637 2445
2509 2253 2317
2509 2445 2253
2317 2061 2125
2317 2253 2061
2125 1869 1933
3453 592 452
592 3635 452
592 3573 3635
3453 3211 3273
3453 3391 3211
3273 3211 450
1557 449 1495
1557 1315 1377
1557 1495 1315
1315 451 1199
1377 1315 1199
1137 1377 1199
591 1377 1137
593 1137 1199
3393 592 3453
3453 3213 3393
3811 3751 3979
3571 3635 454
3635 594 454
594 3811 454
594 3751 3811
3635 3571 452
1199 451 1135
1135 453 1027
1199 1135 1027
967 1199 1027
593 1199 967
1027 799 967
859 799 1027
595 799 859
3573 594 3635
3391 3453 452
597 861 641
599 641 701
3981 596 598
3979 596 3981
3979 3981 3811
3811 3981 3749
3981 456 3749
3811 3749 454
1027 453 965
859 1027 861
861 1027 455
1027 965 455
859 597 595
861 597 859
3919 596 3979
3979 3751 3919
701 457 639
639 459 553
701 639 553
495 701 553
599 701 495
601 495 553
4085 600 4145
3917 3981 458
3981 598 458
598 4145 458
598 4085 4145
3981 3917 456
861 455 797
797 457 701
861 797 701
641 861 701
603 555 361
605 361 419
4299 602 604
4297 602 4299
4299 460 4297
4299 462 460
553 461 555
553 459 461
553 603 601
555 603 553
4239 602 4297
4083 4145 460
4145 600 460
600 4297 460
600 4239 4297
4145 4083 458
4441 464 4439
4441 466 464
419 465 421
419 463 465
419 607 605
421 607 419
4381 606 4439
4237 4299 464
4299 604 464
604 4439 464
604 4381 4439
4299 4237 462
555 461 493
493 463 419
555 493 419
361 555 419
4445 468 4443
4445 470 468
423 469 425
423 467 469
423 611 609
425 611 423
4443 608 610
4441 608 4443
4443 466 4441
4443 468 466
421 467 423
421 465 467
421 609 607
423 609 421
4441 606 608
4439 606 4441
4449 472 4447
4449 474 472
427 473 429
427 471 473
427 615 613
429 615 427
4447 612 614
4445 612 4447
4447 470 4445
4447 472 470
425 471 427
425 469 471
425 613 611
427 613 425
4445 610 612
4443 610 4445
4453 476 4451
4453 478 476
431 477 433
431 475 477
431 619 617
433 619 431
4451 616 618
4449 616 4451
4451 474 4449
4451 476 474
429 475 431
429 473 475
429 617 615
431 617 429
4449 614 616
4447 614 4449
573 623 621
575 623 573
4453 620 4382
622 4317 4238
4382 622 4238
478 4382 4238
4453 4382 478
4238 4317 480
479 573 494
362 433 477
621 362 477
494 621 477
573 621 494
433 362 619
4453 618 620
4451 618 4453
4240 626 4084
482 4240 4084
4319 4240 482
4084 4171 484
483 727 640
496 575 481
625 496 481
640 625 481
727 625 640
575 496 623
4319 622 624
4317 622 4319
4319 480 4317
4319 482 480
573 481 575
573 479 481
891 629 627
893 629 891
4171 626 4086
628 4011 3918
4086 628 3918
484 4086 3918
4171 4086 484
3918 4011 486
485 891 798
642 727 483
627 642 483
798 627 483
891 627 798
727 642 625
4319 624 4240
626 4171 4084
631 968 487
1136 631 487
1237 631 1136
968 893 1061
800 893 968
893 800 629
4013 628 630
4011 628 4013
4013 3845 4011
4011 3845 486
3845 3750 486
3750 3845 488
487 1061 966
893 891 1061
1061 891 966
891 485 966
1496 1599 1419
1138 1237 489
633 1138 489
1316 633 489
1419 633 1316
1237 1138 631
4013 630 3920
3920 3845 4013
3752 3845 3920
632 3673 3572
3752 632 3572
488 3752 3572
3845 3752 488
3572 3673 490
489 1237 1136
968 1061 487
635 1498 491
1678 635 491
1787 635 1678
1498 1419 1599
1318 1419 1498
1419 1318 633
3673 632 3574
634 3495 3392
3574 634 3392
490 3574 3392
3673 3574 490
3392 3315 3212
3392 3495 3315
3212 3315 492
491 1599 1496
1496 1419 1316
3315 3214 492
3022 2939 2830
3022 3131 2939
2830 2747 2638
2830 2939 2747
2638 2555 2446
2638 2747 2555
2446 2363 2254
2446 2555 2363
2254 2171 2062
2254 2363 2171
2062 1979 1870
2062 2171 1979
1870 1787 1678
1870 1979 1787
1498 1599 491
2448 2555 2640
2448 2363 2555
2256 2363 2448
2256 2171 2363
2064 2171 2256
2064 1979 2171
1872 1979 2064
1872 1787 1979
1680 1787 1872
1787 1680 635
3495 634 3394
3394 3315 3495
3214 3315 3394
636 3131 3022
3214 636 3022
492 3214 3022
2699 2641 2891
2699 2449 2641
2507 2449 2699
2507 2257 2449
2315 2257 2507
2315 2065 2257
2123 2065 2315
2123 1873 2065
1931 1873 2123
741 1873 1931
3131 636 3024
3024 2939 3131
2832 2939 3024
2832 2747 2939
2640 2747 2832
2640 2555 2747
2507 2447 2255
2315 2063 2123
2315 2255 2063
2123 1871 1931
2123 2063 1871
1679 1681 1871
1871 1681 1931
1681 741 1931
1499 1681 1679
1499 1679 589
1555 1499 589
1555 1319 1499
1375 1319 1555
743 1319 1375
2833 742 2891
2891 2641 2833
743 1375 1139
745 1139 1197
3395 744 3451
3451 3215 3395
3271 3215 3451
3023 3025 3215
3023 3215 3271
590 3023 3271
3023 2831 3025
3025 2831 742
2831 2891 742
2891 2639 2699
2891 2831 2639
2699 2447 2507
2699 2639 2447
2507 2255 2315
857 801 1025
747 801 857
3575 746 3633
3393 3451 592
3451 744 592
744 3633 592
744 3575 3633
3451 3213 3271
3451 3393 3213
3271 3213 590
1555 589 1497
1555 1317 1375
1555 1497 1317
1317 591 1197
1375 1317 1197
1139 1375 1197
747 857 643
749 643 697
3921 748 3977
3977 3753 3921
3809 3753 3977
3573 3633 594
3633 746 594
746 3809 594
746 3753 3809
3633 3573 592
1197 591 1137
1137 593 1025
1197 1137 1025
969 1197 1025
745 1197 969
1025 801 969
697 751 749
699 751 697
4087 750 4141
3919 3977 596
3977 748 596
748 4141 596
748 4087 4141
3977 3751 3809
3977 3919 3751
3809 3751 594
1025 593 967
1025 799 857
1025 967 799
799 595 697
857 799 697
643 857 697
4143 752 600
752 4295 600
752 4241 4295
4143 4085 598
699 597 641
641 599 551
699 641 551
497 699 551
751 699 497
753 497 551
4143 750 752
4141 750 4143
4143 596 4141
4143 598 596
697 597 699
697 595 597
415 757 755
417 757 415
4383 756 4435
4239 4295 602
4295 754 602
754 4435 602
754 4383 4435
4295 4239 600
551 599 495
495 601 415
551 495 415
363 551 415
753 551 363
755 363 415
4241 754 4295
4085 4143 600
607 295 241
761 241 295
758 760 606
758 606 4381
4437 758 4381
4437 4381 604
417 603 361
605 759 757
605 757 417
361 605 417
4437 756 758
4435 756 4437
4437 602 4435
4437 604 602
415 603 417
415 601 603
297 765 763
299 765 297
4569 762 764
4567 762 4569
4569 608 4567
4569 610 608
295 609 297
295 607 609
295 763 761
297 763 295
4513 762 4567
606 760 608
608 760 4567
760 4513 4567
605 607 759
759 607 241
301 769 767
303 769 301
4573 766 768
4571 766 4573
4573 612 4571
4573 614 612
299 613 301
299 611 613
299 767 765
301 767 299
4571 764 766
4569 764 4571
4571 610 4569
4571 612 610
297 611 299
297 609 611
773 242 305
305 242 771
4577 770 772
4575 770 4577
4577 616 4575
4577 618 616
303 617 305
303 615 617
303 771 769
305 771 303
4575 768 770
4573 768 4575
4575 614 4573
4575 616 614
301 615 303
301 613 615
435 777 775
437 777 435
620 774 776
620 776 4455
4382 620 4455
4382 4455 622
621 435 362
775 773 619
775 619 362
435 775 362
4577 772 4514
620 618 774
774 618 4514
618 4577 4514
619 773 617
617 773 305
4384 780 4240
624 4384 4240
4457 4384 624
4240 4321 626
625 577 496
364 437 623
779 364 623
496 779 623
577 779 496
437 364 777
4457 776 778
4455 776 4457
4457 622 4455
4457 624 622
435 623 437
435 621 623
729 783 781
731 783 729
4321 780 4242
782 4173 4086
4242 782 4086
626 4242 4086
4321 4242 626
4086 4173 628
627 729 642
498 577 625
781 498 625
642 781 625
729 781 642
577 498 779
4457 778 4384
780 4321 4240
3920 4015 3847
3752 3847 632
631 1063 968
968 895 800
968 1063 895
644 731 629
785 644 629
800 785 629
895 785 800
731 644 783
4175 782 784
4173 782 4175
4175 628 4173
4175 630 628
729 629 731
729 627 629
3847 3754 632
3574 3675 634
633 1239 1138
970 1063 631
787 970 631
1138 787 631
1239 787 1138
970 895 1063
802 895 970
895 802 785
4175 784 4088
786 4015 3920
4088 786 3920
630 4088 3920
4175 4088 630
3920 3847 3752
3394 3497 3317
3214 3317 636
635 1601 1498
1498 1421 1318
1498 1601 1421
1140 1239 633
789 1140 633
1318 789 633
1421 789 1318
1239 1140 787
4015 786 3922
3922 3847 4015
3754 3847 3922
788 3675 3574
3754 788 3574
632 3754 3574
2064 2173 1981
1680 1872 1682
1682 1872 791
1872 1981 791
1680 1682 1500
1680 1500 1601
635 1680 1601
1500 1421 1601
1320 1421 1500
1421 1320 789
3675 788 3576
790 3497 3394
3576 790 3394
634 3576 3394
3675 3576 634
3394 3317 3214
3216 3317 3396
3216 3026 3024
3216 3024 636
3317 3216 636
3024 3026 2832
2832 3026 2941
3026 792 2941
2832 2749 2640
2832 2941 2749
2640 2557 2448
2640 2749 2557
2448 2365 2256
2448 2557 2365
2256 2173 2064
2256 2365 2173
2064 1981 1872
2313 2259 2505
905 2259 2313
2941 792 2834
2834 2749 2941
2642 2749 2834
2642 2557 2749
2450 2557 2642
2450 2365 2557
2258 2365 2450
2258 2173 2365
2066 2173 2258
2066 1981 2173
1874 1981 2066
1981 1874 791
3497 790 3396
3396 3317 3497
2449 2505 906
2505 2257 2313
2505 2449 2257
2065 2067 2257
2257 2067 2313
2067 905 2313
2067 2065 1875
1875 2065 1873
1683 1875 1873
1683 1873 741
1739 1683 741
1739 1501 1683
1553 1501 1739
907 1501 1553
2451 906 2505
2505 2259 2451
1499 1321 1553
1321 907 1553
1141 1321 1319
1141 1319 743
1195 1141 743
909 1141 1195
3217 908 3269
3269 3027 3217
3083 3027 3269
2833 2835 3027
2833 3027 3083
742 2833 3083
2835 2833 2643
2643 2833 2641
2641 2449 2643
2643 2449 906
855 803 1023
911 803 855
3577 910 3631
3395 3397 3577
3395 3577 3631
744 3395 3631
3395 3215 3397
3397 3215 908
3215 3269 908
3269 3025 3083
3269 3215 3025
3083 3025 742
1739 741 1681
1739 1499 1553
1739 1681 1499
1319 1321 1499
911 855 645
913 645 695
3923 912 3975
3975 3755 3923
3807 3755 3975
3575 3631 746
3631 910 746
910 3807 746
910 3755 3807
3631 3575 744
1195 743 1139
1139 745 1023
1195 1139 1023
971 1195 1023
909 1195 971
1023 803 971
913 695 499
915 499 547
4089 914 4139
3921 3975 748
3975 912 748
912 4139 748
912 4089 4139
3975 3753 3807
3975 3921 3753
3807 3753 746
1023 745 969
1023 801 855
1023 969 801
801 747 695
855 801 695
645 855 695
4293 750 4291
4293 752 750
547 751 549
547 749 751
547 917 915
549 917 547
4243 916 4291
4087 4139 750
4139 914 750
914 4291 750
914 4243 4291
4139 4087 748
695 747 643
643 749 547
695 643 547
499 695 547
755 919 413
363 755 413
4385 920 4433
4241 4293 754
4293 918 754
918 4433 754
918 4385 4433
4293 4241 752
549 751 497
497 753 413
549 497 413
365 549 413
917 549 365
919 365 413
4293 916 918
4291 916 4293
291 925 923
293 925 291
4515 924 4563
756 922 758
758 922 4563
922 4515 4563
755 757 921
921 757 243
757 291 243
923 243 291
920 922 756
920 756 4383
4433 920 4383
4433 4383 754
413 753 363
755 921 919
929 927 761
929 761 763
926 928 762
926 762 4513
4565 926 4513
4565 4513 760
293 759 241
761 927 925
761 925 293
241 761 293
4565 924 926
4563 924 4565
4565 758 4563
4565 760 758
291 759 293
291 757 759
4687 766 4685
4687 768 766
185 767 187
185 765 767
185 933 931
187 933 185
4633 932 4685
764 930 766
766 930 4685
930 4633 4685
763 765 929
929 765 133
765 185 133
931 133 185
928 930 762
762 930 764
939 771 242
307 939 242
936 938 770
770 938 772
937 935 769
937 769 771
4687 934 4634
770 768 936
936 768 4634
768 4687 4634
769 935 767
767 935 187
935 134 187
187 134 933
4687 932 934
4685 932 4687
943 244 309
309 244 941
4581 940 942
4579 940 4581
4581 774 4579
4581 776 774
307 775 309
307 773 775
307 941 939
309 941 307
772 938 940
772 940 4579
4514 772 4579
4514 4579 774
773 307 242
939 937 771
579 947 498
439 366 945
778 944 946
778 946 4459
4384 778 4459
4384 4459 780
779 439 364
945 943 777
945 777 364
439 945 364
4581 942 4516
778 776 944
944 776 4516
776 4581 4516
777 943 775
775 943 309
4325 782 4323
4325 784 782
579 783 581
579 781 783
579 949 947
581 949 579
4459 946 4386
948 4323 4242
4386 948 4242
780 4386 4242
4459 4386 780
4242 4323 782
781 579 498
366 439 779
947 366 779
498 947 779
897 953 802
733 646 951
4325 950 4244
952 4177 4088
4244 952 4088
784 4244 4088
4325 4244 784
4088 4177 786
785 733 644
500 581 783
951 500 783
644 951 783
733 951 644
581 500 949
4325 948 950
4323 948 4325
804 897 972
897 804 953
4177 952 4090
954 4017 3922
4090 954 3922
786 4090 3922
4177 4090 786
3922 3849 3754
3922 4017 3849
3754 3849 788
787 1065 970
970 897 802
970 1065 897
646 733 785
953 646 785
802 953 785
789 1320 1241
1241 1142 955
4017 954 3924
3924 3849 4017
3756 3849 3924
956 3677 3576
3756 956 3576
788 3756 3576
3849 3756 788
3576 3677 790
789 1241 1140
972 1065 787
955 972 787
1140 955 787
1241 955 1140
972 897 1065
3578 3396 790
3677 3578 790
3396 3398 3216
3216 3398 3319
3398 958 3319
3216 3133 3026
3216 3319 3133
3026 3133 792
791 1789 1682
1682 1603 1500
1682 1789 1603
1320 1500 1322
1322 1500 957
1500 1603 957
1320 1322 1142
1320 1142 1241
2644 960 2559
2450 2367 2258
2450 2559 2367
2066 2258 2068
2068 2258 959
2258 2367 959
2066 2068 1876
2066 1876 1874
1874 1876 1684
1874 1684 1789
791 1874 1789
1684 1603 1789
1502 1603 1684
1603 1502 957
3677 956 3578
3578 3398 3396
1737 1685 1929
1073 1685 1737
2559 960 2452
2452 2367 2559
2260 2367 2452
2367 2260 959
3319 958 3218
3218 3133 3319
3028 3133 3218
3028 2836 2834
3028 2834 792
3133 3028 792
2834 2836 2644
2834 2644 2642
2642 2644 2450
2450 2644 2559
3029 1074 3081
3081 2837 3029
2889 2837 3081
2889 2645 2837
2697 2645 2889
2451 2453 2645
2451 2645 2697
906 2451 2697
2453 2451 2261
2261 2451 2259
2069 2261 2259
2069 2259 905
2121 2069 905
2121 1877 2069
1929 1877 2121
1929 1685 1877
2889 2835 2643
2697 2643 906
2121 905 2067
2121 1875 1929
2121 2067 1875
1929 1683 1737
1929 1875 1683
1501 1503 1683
1683 1503 1737
1503 1073 1737
1323 1503 1501
1323 1501 907
1373 1323 907
1373 1143 1323
1193 1143 1373
1075 1143 1193
1193 1141 1021
973 1193 1021
1075 1193 973
1077 973 1021
3579 1076 3629
3629 3399 3579
3449 3399 3629
3217 3219 3399
3217 3399 3449
908 3217 3449
3217 3027 3219
3219 3027 1074
3027 3081 1074
3081 2835 2889
3081 3027 2835
2889 2643 2697
971 805 1021
805 1077 1021
911 805 803
1079 805 911
3757 1078 3805
3577 3629 910
3629 1076 910
1076 3805 910
1076 3757 3805
3629 3397 3449
3629 3577 3397
3449 3397 908
1373 907 1321
1373 1141 1193
1373 1321 1141
1141 909 1021
4089 1082 914
4091 1082 4089
4089 1080 4091
4089 912 1080
911 647 1079
911 645 647
913 647 645
1081 647 913
3923 1080 912
3925 1080 3923
3923 3755 3925
3925 3755 1078
3755 3805 1078
3805 3755 910
1021 909 971
803 805 971
4387 1086 4431
916 1084 918
918 1084 4431
1084 4387 4431
915 917 1083
1083 917 367
917 411 367
1085 367 411
4243 1084 916
4245 1084 4243
4243 1082 4245
4243 914 1082
913 501 1081
913 499 501
915 501 499
1083 501 915
287 921 289
287 919 921
287 1089 1087
289 1089 287
4517 1088 4559
4385 4431 920
4431 1086 920
1086 4559 920
1086 4517 4559
4431 4385 918
411 917 365
365 919 287
411 365 287
245 411 287
1085 411 245
1087 245 287
923 925 1091
1091 925 135
925 179 135
1093 135 179
1090 1092 924
1090 924 4515
4561 1090 4515
4561 4515 922
289 921 243
923 1091 1089
923 1089 289
243 923 289
4561 1088 1090
4559 1088 4561
4561 920 4559
4561 922 920
181 929 183
181 927 929
181 1097 1095
183 1097 181
4681 1094 1096
4679 1094 4681
4681 926 4679
4681 928 926
179 927 181
179 925 927
179 1095 1093
181 1095 179
4635 1094 4679
924 1092 926
926 1092 4679
1092 4635 4679
1100 1102 932
932 1102 934
1101 1099 931
1101 931 933
1098 1100 932
1098 932 4633
4683 1098 4633
4683 4633 930
183 929 133
931 1099 1097
931 1097 183
133 931 183
4683 1096 1098
4681 1096 4683
4683 928 4681
4683 930 928
4691 1104 1106
4689 1104 4691
4691 936 4689
4691 938 936
189 937 191
189 935 937
189 1105 1103
191 1105 189
934 1102 1104
934 1104 4689
4634 934 4689
4634 4689 936
935 189 134
1103 1101 933
1103 933 134
189 1103 134
4693 1108 4636
942 940 1110
1110 940 4636
940 4693 4636
941 1109 939
939 1109 193
1109 136 193
193 136 1107
4693 1106 1108
4691 1106 4693
4693 938 4691
4693 940 938
191 939 193
191 937 939
191 1107 1105
193 1107 191
4585 1112 1114
4583 1112 4585
4585 944 4583
4585 946 944
311 945 313
311 943 945
311 1113 1111
313 1113 311
942 1110 1112
942 1112 4583
4516 942 4583
4516 4583 944
943 311 244
1111 1109 941
1111 941 244
311 1111 244
949 1117 947
947 1117 441
1117 368 441
441 368 1115
4585 1114 4518
1116 4461 4386
4518 1116 4386
946 4518 4386
4585 4518 946
4386 4461 948
947 441 366
246 313 945
1115 246 945
366 1115 945
441 1115 366
313 246 1113
1121 646 953
1121 648 646
1119 646 648
951 646 1119
4246 950 1118
4244 950 4246
4246 952 4244
4246 1120 952
1119 500 951
1119 502 500
1117 500 502
949 500 1117
4461 1116 4388
950 948 1118
1118 948 4388
948 4461 4388
3926 954 1122
3924 954 3926
3924 3926 3756
3756 3926 3851
3926 1124 3851
3756 3851 956
955 1067 972
804 972 806
806 972 1123
972 1067 1123
1121 804 806
953 804 1121
4092 952 1120
4090 952 4092
4092 954 4090
4092 1122 954
3851 1124 3758
1126 3679 3578
3758 1126 3578
956 3758 3578
3851 3758 956
3578 3499 3398
3578 3679 3499
3398 3499 958
957 1423 1322
1322 1243 1142
1322 1423 1243
974 1067 955
1125 974 955
1142 1125 955
1243 1125 1142
1067 974 1123
2836 2943 2751
2644 2751 960
959 2175 2068
2068 1983 1876
2068 2175 1983
1876 1791 1684
1876 1983 1791
1502 1684 1504
1504 1684 1127
1684 1791 1127
1502 1504 1324
1502 1324 1423
957 1502 1423
1324 1243 1423
1144 1243 1324
1243 1144 1125
1878 1983 2070
1878 1791 1983
1686 1791 1878
1791 1686 1127
3679 1126 3580
3580 3499 3679
3400 3499 3580
3400 3220 3218
3400 3218 958
3499 3400 958
3218 3220 3028
3028 3220 3135
3220 1128 3135
3028 2943 2836
3028 3135 2943
2836 2751 2644
2119 2071 2311
1249 2071 2119
3135 1128 3030
3030 2943 3135
2838 2943 3030
2838 2751 2943
2646 2751 2838
2646 2454 2452
2646 2452 960
2751 2646 960
2452 2454 2262
2452 2262 2260
2260 2262 2070
2260 2070 2175
959 2260 2175
2070 1983 2175
2069 1879 2119
1879 1249 2119
1879 1877 1687
1687 1877 1685
1505 1687 1685
1505 1685 1073
1551 1505 1073
1551 1325 1505
1371 1325 1551
1251 1325 1371
2647 1250 2695
2695 2455 2647
2503 2455 2695
2503 2263 2455
2311 2263 2503
2311 2071 2263
3267 3221 3447
3029 3031 3221
3029 3221 3267
1074 3029 3267
3031 3029 2839
2839 3029 2837
2837 2645 2839
2839 2645 1250
2645 2695 1250
2695 2453 2503
2695 2645 2453
2503 2261 2311
2503 2453 2261
2311 2069 2119
2311 2261 2069
1877 1879 2069
3399 3447 1252
3447 3219 3267
3447 3399 3219
3267 3219 1074
1551 1073 1503
1551 1323 1371
1551 1503 1323
1143 1145 1323
1323 1145 1371
1145 1251 1371
975 1145 1143
975 1143 1075
1019 975 1075
1253 975 1019
3401 1252 3447
3447 3221 3401
3803 1254 1078
1254 3973 1078
1254 3927 3973
3803 3757 1076
1019 1075 973
973 1077 853
1019 973 853
807 1019 853
1253 1019 807
1255 807 853
3759 1254 3803
3579 3581 3759
3579 3759 3803
1076 3579 3803
3579 3399 3581
3581 3399 1252
1257 693 503
1259 503 545
4093 1258 4137
3925 3973 1080
3973 1256 1080
1256 4137 1080
1256 4093 4137
3973 3925 1078
853 1077 805
805 1079 693
853 805 693
649 853 693
1255 853 649
1257 649 693
3927 1256 3973
3757 3803 1078
545 1081 501
501 1083 409
545 501 409
369 545 409
1259 545 369
1261 369 409
4247 1260 4289
4091 4137 1082
4137 1258 1082
1258 4289 1082
1258 4247 4289
4137 4091 1080
693 1079 647
647 1081 545
693 647 545
503 693 545
4429 1262 1086
1262 4557 1086
1262 4519 4557
4429 4387 1084
409 1083 367
367 1085 285
409 367 285
247 409 285
1261 409 247
1263 247 285
4389 1262 4429
4245 4289 1084
4289 1260 1084
1260 4429 1084
1260 4389 4429
4289 4245 1082
1090 1266 4675
1266 4637 4675
1087 1089 1265
1265 1089 137
1089 175 137
1267 137 175
1264 1266 1088
1264 1088 4517
4557 1264 4517
4557 4517 1086
285 1085 245
1087 1265 1263
1087 1263 285
245 1087 285
4519 1264 4557
4387 4429 1086
4677 1270 4635
4677 4635 1092
177 1091 135
1093 1271 1269
1093 1269 177
135 1093 177
4677 1268 1270
4675 1268 4677
4677 1090 4675
4677 1092 1090
175 1091 177
175 1089 1091
175 1269 1267
177 1269 175
4637 1268 4675
1088 1266 1090
87 1277 1275
89 1277 87
4741 1276 4779
1096 1274 1098
1098 1274 4779
1274 4741 4779
1095 1097 1273
1273 1097 49
1097 87 49
1275 49 87
1272 1274 1094
1094 1274 1096
1273 1271 1093
1273 1093 1095
1270 1272 1094
1270 1094 4635
91 1281 1279
93 1281 91
4783 1278 1280
4781 1278 4783
4783 1100 4781
4783 1102 1100
89 1101 91
89 1099 1101
89 1279 1277
91 1279 89
4781 1276 1278
4779 1276 4781
4781 1098 4779
4781 1100 1098
87 1099 89
87 1097 1099
1285 1283 1105
1285 1105 1107
4785 1282 4742
1106 1104 1284
1284 1104 4742
1104 4785 4742
1105 1283 1103
1103 1283 93
1283 50 93
93 50 1281
4785 1280 1282
4783 1280 4785
4785 1102 4783
4785 1104 1102
91 1103 93
91 1101 1103
4697 1110 4695
4697 1112 1110
195 1111 197
195 1109 1111
195 1289 1287
197 1289 195
1108 1286 1288
1108 1288 4695
4636 1108 4695
4636 4695 1110
1109 195 136
1287 1285 1107
1287 1107 136
195 1287 136
1284 1286 1106
1106 1286 1108
4518 1114 4587
4518 4587 1116
1115 315 246
1293 1291 1113
1293 1113 246
315 1293 246
4697 1290 4638
1114 1112 1292
1292 1112 4638
1112 4697 4638
1113 1291 1111
1111 1291 197
1291 138 197
197 138 1289
4697 1288 1290
4695 1288 4697
583 1297 502
443 370 1295
4587 1294 4520
1296 4463 4388
4520 1296 4388
1116 4520 4388
4587 4520 1116
4388 4463 1118
1117 443 368
248 315 1115
1295 248 1115
368 1295 1115
443 1295 368
315 248 1293
1114 1292 1294
1114 1294 4587
1121 735 648
504 583 1119
1299 504 1119
648 1299 1119
735 1299 648
583 504 1297
4463 1296 4390
1298 4327 4246
4390 1298 4246
1118 4390 4246
4463 4390 1118
4246 4327 1120
1119 583 502
370 443 1117
1297 370 1117
502 1297 1117
4094 1302 3926
1122 4094 3926
4179 4094 1122
3926 4019 1124
1123 899 806
650 735 1121
1301 650 1121
806 1301 1121
899 1301 806
735 650 1299
4327 1298 4248
1300 4179 4092
4248 1300 4092
1120 4248 4092
4327 4248 1120
4092 4179 1122
1125 1144 1069
1069 976 1303
4019 1302 3928
1304 3853 3758
3928 1304 3758
1124 3928 3758
4019 3928 1124
3758 3853 1126
1125 1069 974
808 899 1123
1303 808 1123
974 1303 1123
1069 1303 974
899 808 1301
4179 1300 4094
1302 4019 3926
3760 3580 1126
3853 3760 1126
3580 3582 3400
3400 3582 3501
3582 1306 3501
3400 3321 3220
3400 3501 3321
3220 3321 1128
1127 1605 1504
1504 1425 1324
1504 1605 1425
1144 1324 1146
1146 1324 1305
1324 1425 1305
1144 1146 976
1144 976 1069
2454 2561 2369
2262 2177 2070
2262 2369 2177
1878 2070 1880
1880 2070 1307
2070 2177 1307
1878 1880 1688
1878 1688 1686
1686 1688 1506
1686 1506 1605
1127 1686 1605
1506 1425 1605
1326 1425 1506
1425 1326 1305
3853 1304 3760
3760 3582 3580
2072 2177 2264
2177 2072 1307
3501 1306 3402
3402 3321 3501
3222 3321 3402
3222 3032 3030
3222 3030 1128
3321 3222 1128
3030 3032 2840
3030 2840 2838
2838 2840 2646
2646 2840 2753
2840 1308 2753
2646 2561 2454
2646 2753 2561
2454 2369 2262
2457 2455 2265
2265 2455 2263
2265 2263 2073
2073 2263 2071
1881 2073 2071
1881 2071 1249
1927 1881 1249
1927 1689 1881
1735 1689 1927
1429 1689 1735
2753 1308 2648
2648 2561 2753
2456 2561 2648
2456 2369 2561
2264 2369 2456
2264 2177 2369
1687 1507 1735
1507 1429 1735
1507 1505 1327
1327 1505 1325
1147 1327 1325
1147 1325 1251
1191 1147 1251
1431 1147 1191
3033 1430 3079
3079 2841 3033
2887 2841 3079
2647 2649 2841
2647 2841 2887
1250 2647 2887
2649 2647 2457
2457 2647 2455
3583 1432 3627
3401 3403 3583
3401 3583 3627
1252 3401 3627
3403 3401 3223
3223 3401 3221
3221 3031 3223
3223 3031 1430
3031 3079 1430
3079 2839 2887
3079 3031 2839
2887 2839 1250
1927 1249 1879
1927 1687 1735
1927 1879 1687
1505 1507 1687
651 809 807
651 807 1255
691 651 1255
1435 651 691
3759 1434 1254
3761 1434 3759
3759 3581 3761
3761 3581 1432
3581 3627 1432
3627 3581 1252
1191 1251 1145
975 977 1145
1145 977 1191
977 1431 1191
1253 977 975
1433 977 1253
1436 4249 4287
4135 4093 1256
691 1255 649
649 1257 543
691 649 543
505 691 543
1435 691 505
1437 505 543
4095 1436 4135
3927 3929 4095
3927 4095 4135
1256 3927 4135
3927 1434 3929
3927 1254 1434
1253 809 1433
1253 807 809
4391 1440 4427
4247 4287 1260
4287 1438 1260
1438 4427 1260
1438 4391 4427
4287 4247 1258
543 1257 503
503 1259 407
543 503 407
371 543 407
1437 543 371
1439 371 407
4249 1438 4287
4093 4135 1258
4135 1436 1258
1436 4287 1258
4519 1444 1264
4521 1444 4519
4519 1442 4521
4519 1262 1442
1261 249 1441
1261 247 249
1263 249 247
1443 249 1263
1440 1442 1262
1440 1262 4389
4427 1440 4389
4427 4389 1260
407 1259 369
1261 1441 1439
1261 1439 407
369 1261 407
1446 1448 1268
1446 1268 4637
4673 1446 4637
4673 4637 1266
173 1265 137
1267 1447 1445
1267 1445 173
137 1267 173
4639 1446 4673
1264 1444 1266
1266 1444 4673
1444 4639 4673
1263 1265 1443
1443 1265 139
1265 173 139
1445 139 173
83 1273 85
83 1271 1273
83 1453 1451
85 1453 83
4743 1452 4775
1270 1450 1272
1272 1450 4775
1450 4743 4775
1269 1271 1449
1449 1271 51
1271 83 51
1451 51 83
1448 1450 1268
1268 1450 1270
1449 1447 1267
1449 1267 1269
1456 1458 1276
1276 1458 1278
1457 1455 1275
1457 1275 1277
1454 1456 1276
1454 1276 4741
4777 1454 4741
4777 4741 1274
85 1273 49
1275 1455 1453
1275 1453 85
49 1275 85
4777 1452 1454
4775 1452 4777
4777 1272 4775
4777 1274 1272
1282 1462 1464
1282 1464 4787
4742 1282 4787
4742 4787 1284
1283 95 50
1463 1461 1281
1463 1281 50
95 1463 50
1460 1462 1280
1280 1462 1282
1461 1459 1279
1461 1279 1281
1458 1460 1278
1278 1460 1280
1459 1457 1277
1459 1277 1279
4789 1466 4744
1288 1286 1468
1468 1286 4744
1286 4789 4744
1287 1467 1285
1285 1467 97
1467 52 97
97 52 1465
4789 1464 1466
4787 1464 4789
4789 1284 4787
4789 1286 1284
95 1285 97
95 1283 1285
95 1465 1463
97 1465 95
1293 1473 1291
1291 1473 199
1473 140 199
199 140 1471
1290 1470 1472
1290 1472 4699
4638 1290 4699
4638 4699 1292
1291 199 138
1471 1469 1289
1471 1289 138
199 1471 138
1468 1470 1288
1288 1470 1290
1469 1467 1287
1469 1287 1289
1297 445 370
1477 1475 1295
1477 1295 370
445 1477 370
4522 1294 1474
4520 1294 4522
4522 1296 4520
4522 1476 1296
1475 248 1295
1475 250 248
1473 248 250
1293 248 1473
4699 1472 4640
1294 1292 1474
1474 1292 4640
1292 4699 4640
4465 1478 4392
1480 4329 4248
4392 1480 4248
1298 4392 4248
4465 4392 1298
4248 4329 1300
1299 585 504
372 445 1297
1479 372 1297
504 1479 1297
585 1479 504
445 372 1477
1296 1476 1478
1296 1478 4465
4390 1296 4465
4390 4465 1298
808 810 652
808 652 737
1301 808 737
737 652 1481
4329 1480 4250
1482 4181 4094
4250 1482 4094
1300 4250 4094
4329 4250 1300
4094 4181 1302
1301 737 650
506 585 1299
1481 506 1299
650 1481 1299
737 1481 650
585 506 1479
3762 1486 3681
3582 3681 1306
1305 1245 1146
976 1146 978
978 1146 1485
1146 1245 1485
1483 976 978
1303 976 1483
4181 1482 4096
4096 3930 3928
4096 3928 1302
4181 4096 1302
3930 1304 3928
3930 1484 1304
1483 808 1303
1483 810 808
1307 1985 1880
1880 1793 1688
1880 1985 1793
1506 1688 1508
1508 1688 1487
1688 1793 1487
1506 1508 1328
1506 1328 1326
1326 1328 1148
1326 1148 1245
1305 1326 1245
1245 1148 1485
3762 1304 1484
3760 1304 3762
3760 3762 3582
3582 3762 3681
1307 2072 1985
1882 1793 1985
1690 1793 1882
1793 1690 1487
3681 1486 3584
3584 3404 3402
3584 3402 1306
3681 3584 1306
3402 3404 3224
3402 3224 3222
3222 3224 3032
3032 3224 3137
3224 1488 3137
3032 2945 2840
3032 3137 2945
2840 2945 1308
1549 1509 1429
1609 1509 1549
3137 1488 3034
3034 2945 3137
2842 2945 3034
2842 2650 2648
2842 2648 1308
2945 2842 1308
2648 2650 2458
2648 2458 2456
2456 2458 2266
2456 2266 2264
2264 2266 2074
2264 2074 2072
2072 2074 1882
2072 1882 1985
3035 3033 2843
2843 3033 2841
2843 2841 2651
2651 2841 2649
2651 2649 2459
2459 2649 2457
2459 2457 2267
2267 2457 2265
2267 2265 2075
2075 2265 2073
2075 2073 1883
1883 2073 1881
1883 1881 1691
1691 1881 1689
1509 1691 1689
1509 1689 1429
3403 3223 3405
3405 3223 1610
3223 3265 1610
3265 3223 1430
1549 1429 1507
1327 1329 1507
1507 1329 1549
1329 1609 1549
1329 1327 1149
1149 1327 1147
1431 1149 1147
1611 1149 1431
3225 1610 3265
3033 3035 3225
3033 3225 3265
1430 3033 3265
3931 1614 3971
3761 3763 3931
3761 3931 3971
1434 3761 3971
3761 1612 3763
3761 1432 1612
1431 979 1611
1431 977 979
811 979 977
811 977 1433
851 811 1433
1613 811 851
3583 1612 1432
3585 1612 3583
3585 3583 3405
3405 3583 3403
1435 507 1615
1435 505 507
1437 507 505
1617 507 1437
4095 1616 1436
4097 1616 4095
4095 3929 4097
4097 3929 1614
3929 3971 1614
3971 3929 1434
851 1433 809
651 653 809
809 653 851
653 1613 851
1435 653 651
1615 653 1435
1439 1441 1619
1619 1441 251
1441 283 251
1621 251 283
4391 1620 1440
4393 1620 4391
4391 1618 4393
4391 1438 1618
1437 373 1617
1437 371 373
1439 373 371
1619 373 1439
4249 1618 1438
4251 1618 4249
4249 1616 4251
4249 1436 1616
1443 141 1623
1443 139 141
1445 141 139
1625 141 1445
1622 1624 1444
1622 1444 4521
4555 1622 4521
4555 4521 1442
283 1441 249
1443 1623 1621
1443 1621 283
249 1443 283
4523 1622 4555
1440 1620 1442
1442 1620 4555
1620 4523 4555
4745 1630 4773
1448 1628 1450
1450 1628 4773
1628 4745 4773
1447 1449 1627
1627 1449 53
1449 81 53
1629 53 81
1626 1628 1446
1446 1628 1448
1627 1625 1445
1627 1445 1447
4639 1626 1446
4641 1626 4639
4639 1624 4641
4639 1444 1624
1634 1636 1454
1454 1636 1456
1635 1633 1453
1635 1453 1455
1632 1634 1452
1452 1634 1454
1633 1631 1451
1633 1451 1453
1630 1632 1452
1630 1452 4743
4773 1630 4743
4773 4743 1450
81 1449 51
1451 1631 1629
1451 1629 81
51 1451 81
1642 1644 1462
1462 1644 1464
1643 1641 1461
1643 1461 1463
1640 1642 1460
1460 1642 1462
1641 1639 1459
1641 1459 1461
1638 1640 1458
1458 1640 1460
1639 1637 1457
1639 1457 1459
1636 1638 1456
1456 1638 1458
1637 1635 1455
1637 1455 1457
1469 1649 1467
1467 1649 99
1649 54 99
99 54 1647
1466 1646 1648
1466 1648 4791
4744 1466 4791
4744 4791 1468
1467 99 52
1647 1645 1465
1647 1465 52
99 1647 52
1644 1646 1464
1464 1646 1466
1645 1643 1463
1645 1463 1465
4642 1472 1652
4640 1472 4642
4642 1474 4640
4642 1654 1474
1653 140 1473
1653 142 140
1651 140 142
1471 140 1651
1650 1652 1470
1470 1652 1472
1651 1649 1469
1651 1469 1471
4791 1648 4746
1470 1468 1650
1650 1468 4746
1468 4791 4746
4589 1656 4524
1478 1476 1658
1658 1476 4524
1476 4589 4524
1477 1657 1475
1475 1657 317
1657 252 317
317 252 1655
1474 1654 1656
1474 1656 4589
4522 1474 4589
4522 4589 1476
1475 317 250
1655 1653 1473
1655 1473 250
317 1655 250
4252 1480 1660
4250 1480 4252
4252 1482 4250
4252 1662 1482
1661 506 1481
1661 508 506
1659 506 508
1479 506 1659
4394 1478 1658
4392 1478 4394
4394 1480 4392
4394 1660 1480
1659 372 1479
1659 374 372
1657 372 374
1477 372 1657
978 980 812
978 812 901
1483 978 901
901 812 1663
4098 1482 1662
4096 1482 4098
4096 4098 3930
3930 4098 4021
4098 1664 4021
3930 4021 1484
1483 901 810
652 810 654
654 810 1663
810 901 1663
1661 652 654
1481 652 1661
1487 1607 1508
1328 1508 1330
1330 1508 1667
1508 1607 1667
1328 1330 1150
1328 1150 1148
1665 1148 1150
1485 1148 1665
4021 1664 3932
3932 3764 3762
3932 3762 1484
4021 3932 1484
3764 1486 3762
3764 1666 1486
1665 978 1485
1665 980 978
2074 2076 1884
2074 1884 1882
1882 1884 1692
1882 1692 1690
1690 1692 1510
1690 1510 1607
1487 1690 1607
1607 1510 1667
3586 1486 1666
3584 1486 3586
3584 3586 3406
3584 3406 3404
3404 3406 3224
3224 3406 3323
3406 1668 3323
3224 3323 1488
2117 2077 2309
1797 2077 2117
3323 1668 3226
3226 3036 3034
3226 3034 1488
3323 3226 1488
3034 3036 2844
3034 2844 2842
2842 2844 2652
2842 2652 2650
2650 2652 2460
2650 2460 2458
2458 2460 2268
2458 2268 2266
2266 2268 2076
2266 2076 2074
2075 1885 2117
1885 1797 2117
1885 1883 1693
1693 1883 1691
1693 1691 1511
1511 1691 1509
1331 1511 1509
1331 1509 1609
1369 1331 1609
1799 1331 1369
2653 1798 2693
2693 2461 2653
2501 2461 2693
2501 2269 2461
2309 2269 2501
2309 2077 2269
3225 3407 3445
1610 3225 3445
3227 3225 3037
3037 3225 3035
3037 3035 2845
2845 3035 2843
2843 2651 2845
2845 2651 1798
2651 2693 1798
2693 2459 2501
2693 2651 2459
2501 2267 2309
2501 2459 2267
2309 2075 2117
2309 2267 2075
1883 1885 2075
3585 3765 3801
1612 3585 3801
3585 3405 3587
3587 3405 1800
3405 3445 1800
3445 3405 1610
1369 1609 1329
1149 1151 1329
1329 1151 1369
1151 1799 1369
981 1151 1149
981 1149 1611
1017 981 1611
1801 981 1017
3407 1800 3445
3225 3227 3407
541 509 1615
1805 509 541
3931 1804 1614
3933 1804 3931
3931 3763 3933
3933 3763 1802
3763 3801 1802
3801 3763 1612
1017 1611 979
811 813 979
979 813 1017
813 1801 1017
1613 813 811
1803 813 1613
3765 1802 3801
3585 3587 3765
541 1615 507
507 1617 405
541 507 405
375 541 405
1805 541 375
1807 375 405
4253 1806 4285
4097 4099 4253
4097 4253 4285
1616 4097 4285
4097 1804 4099
4097 1614 1804
1613 655 1803
1613 653 655
509 655 653
509 653 1615
1621 253 251
1811 253 1621
1808 1810 1620
1808 1620 4393
4425 1808 4393
4425 4393 1618
405 1617 373
1619 1809 1807
1619 1807 405
373 1619 405
4395 1808 4425
4251 4285 1618
4285 1806 1618
1806 4425 1618
1806 4395 4425
4285 4251 1616
1625 1813 171
141 1625 171
4643 1814 4671
1622 1812 1624
1624 1812 4671
1812 4643 4671
1621 1623 1811
1811 1623 143
1623 171 143
1813 143 171
4523 1812 1622
4525 1812 4523
4523 1810 4525
4523 1620 1810
1619 253 1809
1619 251 253
1629 1817 79
53 1629 79
4747 1818 4771
1626 1816 1628
1628 1816 4771
1816 4747 4771
1625 1627 1815
1815 1627 55
1627 79 55
1817 55 79
1814 1816 1626
1814 1626 4641
4671 1814 4641
4671 4641 1624
171 1623 141
1625 1815 1813
1635 21 1
1825 1 21
1822 1824 1632
1632 1824 1634
1823 1821 1631
1823 1631 1633
1820 1822 1630
1630 1822 1632
1821 1819 1629
1821 1629 1631
1818 1820 1630
1818 1630 4745
4771 1818 4745
4771 4745 1628
79 1627 53
1629 1819 1817
23 1829 1827
25 1829 23
4847 1826 1828
4845 1826 4847
4847 1636 4845
4847 1638 1636
21 1637 23
21 1635 1637
21 1827 1825
23 1827 21
4825 1826 4845
1634 1824 1636
1636 1824 4845
1824 4825 4845
1633 1635 1823
1823 1635 1
1833 2 27
27 2 1831
4851 1830 1832
4849 1830 4851
4851 1640 4849
4851 1642 1640
25 1641 27
25 1639 1641
25 1831 1829
27 1831 25
4849 1828 1830
4847 1828 4849
4849 1638 4847
4849 1640 1638
23 1639 25
23 1637 1639
1839 1647 54
101 1839 54
1836 1838 1646
1646 1838 1648
1837 1835 1645
1837 1645 1647
1834 1836 1644
1644 1836 1646
1835 1833 1643
1835 1643 1645
4851 1832 4826
1644 1642 1834
1834 1642 4826
1642 4851 4826
1643 1833 1641
1641 1833 27
1843 1651 142
201 1843 142
4793 1840 4748
1652 1650 1842
1842 1650 4748
1650 4793 4748
1651 1841 1649
1649 1841 101
1841 56 101
101 56 1839
1648 1838 1840
1648 1840 4793
4746 1648 4793
4746 4793 1650
1649 101 54
1839 1837 1647
1845 252 254
1655 252 1845
4701 1844 4644
1656 1654 1846
1846 1654 4644
1654 4701 4644
1655 1845 1653
1653 1845 201
1845 144 201
201 144 1843
1652 1842 1844
1652 1844 4701
4642 1652 4701
4642 4701 1654
1653 201 142
1843 1841 1651
587 1851 508
447 376 1849
1658 1848 1850
1658 1850 4467
4394 1658 4467
4394 4467 1660
1659 447 374
1849 1847 1657
1849 1657 374
447 1849 374
4526 1656 1846
4524 1656 4526
4526 1658 4524
4526 1848 1658
1847 252 1657
1847 254 252
1853 654 1663
1853 656 654
654 656 510
654 510 587
1661 654 587
587 510 1851
4467 1850 4396
1852 4331 4252
4396 1852 4252
1660 4396 4252
4467 4396 1660
4252 4331 1662
1661 587 508
376 447 1659
1851 376 1659
508 1851 1659
3932 3934 3764
3764 3934 3855
3934 1856 3855
3764 3855 1666
1665 1071 980
812 980 814
814 980 1855
980 1071 1855
1853 812 814
1663 812 1853
4331 1852 4254
4254 4100 4098
4254 4098 1662
4331 4254 1662
4100 1664 4098
4100 1854 1664
3766 3586 1666
3855 3766 1666
3586 3588 3406
3406 3588 3503
3588 1858 3503
3406 3503 1668
1667 1427 1330
1150 1330 1152
1152 1330 1857
1330 1427 1857
1150 1152 982
1150 982 1071
1665 1150 1071
1071 982 1855
3934 1664 1854
3932 1664 3934
2460 2563 2371
2268 2179 2076
2268 2371 2179
1884 2076 1886
1886 2076 1859
2076 2179 1859
1884 1886 1694
1884 1694 1692
1692 1694 1512
1692 1512 1510
1510 1512 1332
1510 1332 1427
1667 1510 1427
1427 1332 1857
3855 1856 3766
3766 3588 3586
2078 2179 2270
2179 2078 1859
3503 1858 3408
3408 3228 3226
3408 3226 1668
3503 3408 1668
3226 3228 3038
3226 3038 3036
3036 3038 2846
3036 2846 2844
2844 2846 2652
2652 2846 2755
2846 1860 2755
2652 2563 2460
2652 2755 2563
2460 2371 2268
2655 2653 2463
2463 2653 2461
2463 2461 2271
2271 2461 2269
2271 2269 2079
2079 2269 2077
1887 2079 2077
1887 2077 1797
1925 1887 1797
1989 1887 1925
2755 1860 2654
2654 2563 2755
2462 2563 2654
2462 2371 2563
2270 2371 2462
2270 2179 2371
2845 2885 1990
2885 2845 1798
1925 1797 1885
1693 1695 1885
1885 1695 1925
1695 1989 1925
1695 1693 1513
1513 1693 1511
1513 1511 1333
1333 1511 1331
1799 1333 1331
1991 1333 1799
2847 1990 2885
2653 2655 2847
2653 2847 2885
1798 2653 2885
3587 1992 3589
3587 1800 1992
1799 1153 1991
1799 1151 1153
1153 1151 983
983 1151 981
1801 983 981
1993 983 1801
3407 1992 1800
3409 1992 3407
3409 3407 3229
3229 3407 3227
3229 3227 3039
3039 3227 3037
3037 2845 3039
3039 2845 1990
4101 1996 4133
3933 3935 4101
3933 4101 4133
1804 3933 4133
3933 1994 3935
3933 1802 1994
1801 815 1993
1801 813 815
657 815 813
657 813 1803
689 657 1803
1995 657 689
3765 1994 1802
3767 1994 3765
3767 3765 3589
3589 3765 3587
1805 377 1997
1805 375 377
1807 377 375
1999 377 1807
4253 1998 1806
4255 1998 4253
4253 4099 4255
4255 4099 1996
4099 4133 1996
4133 4099 1804
689 1803 655
509 511 655
655 511 689
511 1995 689
1805 511 509
1997 511 1805
281 1809 253
1811 2003 2001
1811 2001 281
253 1811 281
4527 2002 4553
1808 2000 1810
1810 2000 4553
2000 4527 4553
1807 1809 1999
1999 1809 255
1809 281 255
2001 255 281
4395 2000 1808
4397 2000 4395
4395 1998 4397
4395 1806 1998
2006 2008 1814
1814 2008 1816
2007 2005 1813
2007 1813 1815
4643 2006 1814
4645 2006 4643
4643 2004 4645
4643 1812 2004
1811 145 2003
1811 143 145
1813 145 143
2005 145 1813
2002 2004 1812
2002 1812 4525
4553 2002 4525
4553 4525 1810
2012 2014 1820
1820 2014 1822
2013 2011 1819
2013 1819 1821
2010 2012 1818
1818 2012 1820
2011 2009 1817
2011 1817 1819
4747 2010 1818
4749 2010 4747
4747 2008 4749
4747 1816 2008
1815 57 2007
1815 55 57
1817 57 55
2009 57 1817
2016 2018 1826
2016 1826 4825
4843 2016 4825
4843 4825 1824
19 1823 1
1825 2017 2015
1825 2015 19
1 1825 19
4827 2016 4843
1822 2014 1824
1824 2014 4843
2014 4827 4843
1821 1823 2013
2013 1823 3
1823 19 3
2015 3 19
1833 29 2
2025 2023 1831
2025 1831 2
29 2025 2
2022 2024 1830
1830 2024 1832
2023 2021 1829
2023 1829 1831
2020 2022 1828
1828 2022 1830
2021 2019 1827
2021 1827 1829
2018 2020 1826
1826 2020 1828
2019 2017 1825
2019 1825 1827
2028 2030 1836
1836 2030 1838
2029 2027 1835
2029 1835 1837
4853 2026 4828
1836 1834 2028
2028 1834 4828
1834 4853 4828
1835 2027 1833
1833 2027 29
2027 4 29
29 4 2025
1832 2024 2026
1832 2026 4853
4826 1832 4853
4826 4853 1834
2034 2036 1842
1842 2036 1844
2035 2033 1841
2035 1841 1843
4750 1840 2032
4748 1840 4750
4750 1842 4748
4750 2034 1842
2033 56 1841
2033 58 56
2031 56 58
1839 56 2031
2030 2032 1838
1838 2032 1840
2031 2029 1837
2031 1837 1839
1846 2038 2040
1846 2040 4591
4526 1846 4591
4526 4591 1848
1847 319 254
2039 2037 1845
2039 1845 254
319 2039 254
4646 1844 2036
4644 1844 4646
4646 1846 4644
4646 2038 1846
2037 144 1845
2037 146 144
2035 144 146
1843 144 2035
4398 1850 2042
4396 1850 4398
4398 1852 4396
4398 2044 1852
2043 376 1851
2043 378 376
2041 376 378
1849 376 2041
4591 2040 4528
1850 1848 2042
2042 1848 4528
1848 4591 4528
1849 2041 1847
1847 2041 319
2041 256 319
319 256 2039
814 816 658
814 658 739
1853 814 739
739 658 2045
4256 1852 2044
4254 1852 4256
4254 4256 4100
4100 4256 4183
4256 2046 4183
4100 4183 1854
1853 739 656
510 656 512
512 656 2045
656 739 2045
2043 510 512
1851 510 2043
3590 1858 3588
3590 2050 1858
2049 1152 1857
2049 1154 1152
1152 1154 984
1152 984 982
2047 982 984
1855 982 2047
4183 2046 4102
4102 3936 3934
4102 3934 1854
4183 4102 1854
3936 1856 3934
3936 2048 1856
2047 814 1855
2047 816 814
3040 2052 2947
2846 2947 1860
1859 1987 1886
1694 1886 1696
1696 1886 2051
1886 1987 2051
1694 1696 1514
1694 1514 1512
1512 1514 1334
1512 1334 1332
2049 1332 1334
1857 1332 2049
3768 1856 2048
3766 1856 3768
3766 3768 3590
3766 3590 3588
2462 2464 2272
2462 2272 2270
2270 2272 2080
2270 2080 2078
2078 2080 1888
2078 1888 1987
1859 2078 1987
1987 1888 2051
3410 1858 2050
3408 1858 3410
3408 3410 3230
3408 3230 3228
3228 3230 3040
3228 3040 3038
3038 3040 2846
2846 3040 2947
2465 2463 2273
2273 2463 2271
2273 2271 2081
2081 2271 2079
2081 2079 1889
1889 2079 1887
1697 1889 1887
1697 1887 1989
1733 1697 1989
2181 1697 1733
2947 2052 2848
2848 2656 2654
2848 2654 1860
2947 2848 1860
2654 2656 2464
2654 2464 2462
1695 1515 1733
1515 2181 1733
1515 1513 1335
1335 1513 1333
1155 1335 1333
1155 1333 1991
1189 1155 1991
2183 1155 1189
3041 2182 3077
2847 2849 3041
2847 3041 3077
1990 2847 3077
2849 2847 2657
2657 2847 2655
2657 2655 2465
2465 2655 2463
1153 985 1189
985 2183 1189
1993 985 983
2185 985 1993
3591 2184 3625
3409 3411 3591
3409 3591 3625
1992 3409 3625
3411 3409 3231
3231 3409 3229
3229 3039 3231
3231 3039 2182
3039 3077 2182
3077 3039 1990
1733 1989 1695
1513 1515 1695
3935 2186 3937
3935 1994 2186
1993 817 2185
1993 815 817
817 815 659
659 815 657
1995 659 657
2187 659 1995
3767 2186 1994
3769 2186 3767
3767 3589 3769
3769 3589 2184
3589 3625 2184
3625 3589 1992
1189 1991 1153
983 985 1153
1997 379 2189
1997 377 379
1999 379 377
2191 379 1999
4255 2190 1998
4257 2190 4255
4255 2188 4257
4255 1996 2188
1995 513 2187
1995 511 513
1997 513 511
2189 513 1997
4101 2188 1996
4103 2188 4101
4103 4101 3937
3937 4101 3935
2194 2196 2002
2002 2196 2004
2195 2193 2001
2195 2001 2003
4527 2194 2002
4529 2194 4527
4527 2192 4529
4527 2000 2192
1999 257 2191
1999 255 257
2001 257 255
2193 257 2001
4397 2192 2000
4399 2192 4397
4397 2190 4399
4397 1998 2190
4751 2200 4769
2006 2198 2008
2008 2198 4769
2198 4751 4769
2005 2007 2197
2197 2007 59
2007 77 59
2199 59 77
4645 2198 2006
4647 2198 4645
4645 2196 4647
4645 2004 2196
2003 147 2195
2003 145 147
2005 147 145
2197 147 2005
2011 2013 2203
2203 2013 5
2013 17 5
2205 5 17
2202 2204 2010
2010 2204 2012
2203 2201 2009
2203 2009 2011
2200 2202 2010
2200 2010 4749
4769 2200 4749
4769 4749 2008
77 2007 57
2009 2201 2199
2009 2199 77
57 2009 77
2208 2210 2016
2016 2210 2018
2209 2207 2015
2209 2015 2017
2206 2208 2016
2206 2016 4827
4841 2206 4827
4841 4827 2014
17 2013 3
2015 2207 2205
2015 2205 17
3 2015 17
4829 2206 4841
2012 2204 2014
2014 2204 4841
2204 4829 4841
2216 2218 2024
2024 2218 2026
2217 2215 2023
2217 2023 2025
2214 2216 2022
2022 2216 2024
2215 2213 2021
2215 2021 2023
2212 2214 2020
2020 2214 2022
2213 2211 2019
2213 2019 2021
2210 2212 2018
2018 2212 2020
2211 2209 2017
2211 2017 2019
4855 2220 4830
2030 2028 2222
2222 2028 4830
2028 4855 4830
2029 2221 2027
2027 2221 31
2221 6 31
31 6 2219
2026 2218 2220
2026 2220 4855
4828 2026 4855
4828 4855 2028
2027 31 4
2219 2217 2025
2219 2025 4
31 2219 4
2035 2227 2033
2033 2227 103
2227 60 103
103 60 2225
2032 2224 2226
2032 2226 4795
4750 2032 4795
4750 4795 2034
2033 103 58
2225 2223 2031
2225 2031 58
103 2225 58
2222 2224 2030
2030 2224 2032
2223 2221 2029
2223 2029 2031
2230 2232 2038
2038 2232 2040
2231 2229 2037
2231 2037 2039
4648 2036 2228
4646 2036 4648
4648 2038 4646
4648 2230 2038
2229 146 2037
2229 148 146
2227 146 148
2035 146 2227
4795 2226 4752
2036 2034 2228
2228 2034 4752
2034 4795 4752
4400 2042 2234
4398 2042 4400
4400 2044 4398
4400 2236 2044
2235 378 2043
2235 380 378
2233 378 380
2041 378 2233
4530 2040 2232
4528 2040 4530
4530 2042 4528
4530 2234 2042
2233 256 2041
2233 258 256
2231 256 258
2039 256 2231
3938 2048 3936
3938 2240 2048
2239 816 2047
2239 818 816
816 818 660
816 660 658
2237 658 660
2045 658 2237
4258 2044 2236
4256 2044 4258
4258 2046 4256
4258 2238 2046
2237 512 2045
2237 514 512
2235 512 514
2043 512 2235
3770 2048 2240
3768 2048 3770
3768 3770 3590
3590 3770 3683
3770 2242 3683
3590 3683 2050
2049 1247 1154
984 1154 986
986 1154 2241
1154 1247 2241
2239 984 986
2047 984 2239
4104 2046 2238
4102 2046 4104
4102 4104 3938
4102 3938 3936
3410 3412 3232
3410 3232 3230
3230 3232 3040
3040 3232 3139
3232 2244 3139
3040 3139 2052
2051 1795 1696
1514 1696 1516
1516 1696 2243
1696 1795 2243
1514 1516 1336
1514 1336 1334
1334 1336 1156
1334 1156 1247
2049 1334 1247
1247 1156 2241
2656 2658 2466
2656 2466 2464
2464 2466 2274
2464 2274 2272
2272 2274 2082
2272 2082 2080
2080 2082 1890
2080 1890 1888
1888 1890 1698
1888 1698 1795
2051 1888 1795
1795 1698 2243
3683 2242 3592
3592 3412 3410
3592 3410 2050
3683 3592 2050
2467 2465 2275
2275 2465 2273
2275 2273 2083
2083 2273 2081
2083 2081 1891
1891 2081 1889
1891 1889 1699
1699 1889 1697
2181 1699 1697
2373 1699 2181
3139 2244 3042
3042 2850 2848
3042 2848 2052
3139 3042 2052
2848 2850 2658
2848 2658 2656
2181 1517 2373
2181 1515 1517
1517 1515 1337
1337 1515 1335
1337 1335 1157
1157 1335 1155
2183 1157 1155
2375 1157 2183
3041 2374 2182
3043 2374 3041
3043 3041 2851
2851 3041 2849
2851 2849 2659
2659 2849 2657
2659 2657 2467
2467 2657 2465
3769 2376 3771
3769 2184 2376
2183 987 2375
2183 985 987
819 987 985
819 985 2185
849 819 2185
2377 819 849
3591 2376 2184
3593 2376 3591
3593 3591 3413
3413 3591 3411
3413 3411 3233
3233 3411 3231
3231 2374 3233
3231 2182 2374
4103 2380 2188
4105 2380 4103
4103 3937 4105
4105 3937 2378
3937 3969 2378
3969 3937 2186
849 2185 817
659 661 817
817 661 849
661 2377 849
2187 661 659
2379 661 2187
3939 2378 3969
3769 3771 3939
3769 3939 3969
2186 3769 3969
4399 2384 2192
4401 2384 4399
4399 2382 4401
4399 2190 2382
2189 381 2381
2189 379 381
2191 381 379
2383 381 2191
4257 2382 2190
4259 2382 4257
4257 2380 4259
4257 2188 2380
2187 515 2379
2187 513 515
2189 515 513
2381 515 2189
4649 2388 4669
2194 2386 2196
2196 2386 4669
2386 4649 4669
2193 2195 2385
2385 2195 149
2195 169 149
2387 149 169
4529 2386 2194
4531 2386 4529
4529 2384 4531
4529 2192 2384
2191 259 2383
2191 257 259
2193 259 257
2385 259 2193
4751 2392 2200
4753 2392 4751
4751 2390 4753
4751 2198 2390
2197 61 2389
2197 59 61
2199 61 59
2391 61 2199
2388 2390 2198
2388 2198 4647
4669 2388 4647
4669 4647 2196
169 2195 147
2197 2389 2387
2197 2387 169
147 2197 169
4829 2398 2206
4831 2398 4829
4829 2396 4831
4829 2204 2396
2203 7 2395
2203 5 7
2205 7 5
2397 7 2205
2394 2396 2202
2202 2396 2204
2395 2393 2201
2395 2201 2203
2392 2394 2200
2200 2394 2202
2393 2391 2199
2393 2199 2201
2404 2406 2212
2212 2406 2214
2405 2403 2211
2405 2211 2213
2402 2404 2210
2210 2404 2212
2403 2401 2209
2403 2209 2211
2400 2402 2208
2208 2402 2210
2401 2399 2207
2401 2207 2209
2398 2400 2206
2206 2400 2208
2399 2397 2205
2399 2205 2207
2413 6 2221
2413 8 6
2411 6 8
2219 6 2411
2410 2412 2218
2218 2412 2220
2411 2409 2217
2411 2217 2219
2408 2410 2216
2216 2410 2218
2409 2407 2215
2409 2215 2217
2406 2408 2214
2214 2408 2216
2407 2405 2213
2407 2213 2215
2419 60 2227
2419 62 60
2417 60 62
2225 60 2417
2416 2418 2224
2224 2418 2226
2417 2415 2223
2417 2223 2225
2414 2416 2222
2222 2416 2224
2415 2413 2221
2415 2221 2223
4832 2220 2412
4830 2220 4832
4832 2222 4830
4832 2414 2222
2231 2423 2229
2229 2423 203
2423 150 203
203 150 2421
2228 2420 2422
2228 2422 4703
4648 2228 4703
4648 4703 2230
2229 203 148
2421 2419 2227
2421 2227 148
203 2421 148
4754 2226 2418
4752 2226 4754
4754 2228 4752
4754 2420 2228
2427 380 2235
2427 382 380
2425 380 382
2233 380 2425
4532 2232 2424
4530 2232 4532
4532 2234 4530
4532 2426 2234
2425 258 2233
2425 260 258
2423 258 260
2231 258 2423
4703 2422 4650
2232 2230 2424
2424 2230 4650
2230 4703 4650
662 818 2431
818 903 2431
2429 660 662
2237 660 2429
4260 2236 2428
4258 2236 4260
4260 2238 4258
4260 2430 2238
2429 514 2237
2429 516 514
2427 514 516
2235 514 2427
4402 2234 2426
4400 2234 4402
4402 2236 4400
4402 2428 2236
3772 2242 3770
3772 2434 2242
2433 986 2241
2433 988 986
986 988 820
986 820 903
2239 986 903
903 820 2431
4106 2238 2430
4104 2238 4106
4104 4106 3938
3938 4106 4023
4106 2432 4023
3938 4023 2240
2239 903 818
660 818 662
3412 3414 3234
3412 3234 3232
3234 2244 3232
3234 2436 2244
2435 1516 2243
2435 1518 1516
1516 1518 1338
1516 1338 1336
1336 1338 1158
1336 1158 1156
2433 1156 1158
2241 1156 2433
4023 2432 3940
3940 3772 3770
3940 3770 2240
4023 3940 2240
2658 2660 2468
2658 2468 2466
2466 2468 2276
2466 2276 2274
2274 2276 2084
2274 2084 2082
2082 2084 1892
2082 1892 1890
1890 1892 1700
1890 1700 1698
2435 1698 1700
2243 1698 2435
3594 2242 2434
3592 2242 3594
3592 3594 3414
3592 3414 3412
2469 2467 2277
2277 2467 2275
2277 2275 2085
2085 2275 2083
2085 2083 1893
1893 2083 1891
1893 1891 1701
1701 1891 1699
2373 1701 1699
2565 1701 2373
3044 2244 2436
3042 2244 3044
3042 3044 2852
3042 2852 2850
2850 2852 2660
2850 2660 2658
2373 1519 2565
2373 1517 1519
1519 1517 1339
1339 1517 1337
1339 1337 1159
1159 1337 1157
2375 1159 1157
2567 1159 2375
3043 2566 2374
3045 2566 3043
3045 3043 2853
2853 3043 2851
2853 2851 2661
2661 2851 2659
2661 2659 2469
2469 2659 2467
3771 2568 3773
3771 2376 2568
2375 989 2567
2375 987 989
989 987 821
821 987 819
2377 821 819
2569 821 2377
3593 2568 2376
3595 2568 3593
3595 3593 3415
3415 3593 3413
3415 3413 3235
3235 3413 3233
3233 2566 3235
3233 2374 2566
2379 517 2571
2379 515 517
2381 517 515
2573 517 2381
4105 2572 2380
4107 2572 4105
4105 2570 4107
4105 2378 2570
2377 663 2569
2377 661 663
2379 663 661
2571 663 2379
3939 2570 2378
3941 2570 3939
3941 3939 3773
3773 3939 3771
2383 261 2575
2383 259 261
2385 261 259
2577 261 2385
4401 2576 2384
4403 2576 4401
4401 2574 4403
4401 2382 2574
2381 383 2573
2381 381 383
2383 383 381
2575 383 2383
4259 2574 2382
4261 2574 4259
4259 2572 4261
4259 2380 2572
2580 2582 2388
2388 2582 2390
2581 2579 2387
2581 2387 2389
4649 2580 2388
4651 2580 4649
4649 2578 4651
4649 2386 2578
2385 151 2577
2385 149 151
2387 151 149
2579 151 2387
4531 2578 2386
4533 2578 4531
4531 2576 4533
4531 2384 2576
2586 2588 2394
2394 2588 2396
2587 2585 2393
2587 2393 2395
2584 2586 2392
2392 2586 2394
2585 2583 2391
2585 2391 2393
4753 2584 2392
4755 2584 4753
4753 2582 4755
4753 2390 2582
2389 63 2581
2389 61 63
2391 63 61
2583 63 2391
2592 2594 2400
2400 2594 2402
2593 2591 2399
2593 2399 2401
2590 2592 2398
2398 2592 2400
2591 2589 2397
2591 2397 2399
4831 2590 2398
4833 2590 4831
4831 2588 4833
4831 2396 2588
2395 9 2587
2395 7 9
2397 9 7
2589 9 2397
2600 2602 2408
2408 2602 2410
2601 2599 2407
2601 2407 2409
2598 2600 2406
2406 2600 2408
2599 2597 2405
2599 2405 2407
2596 2598 2404
2404 2598 2406
2597 2595 2403
2597 2403 2405
2594 2596 2402
2402 2596 2404
2595 2593 2401
2595 2401 2403
2606 2608 2414
2414 2608 2416
2607 2605 2413
2607 2413 2415
4834 2412 2604
4832 2412 4834
4834 2414 4832
4834 2606 2414
2605 8 2413
2605 10 8
2603 8 10
2411 8 2603
2602 2604 2410
2410 2604 2412
2603 2601 2409
2603 2409 2411
2612 2614 2420
2420 2614 2422
2613 2611 2419
2613 2419 2421
4756 2418 2610
4754 2418 4756
4756 2420 4754
4756 2612 2420
2611 62 2419
2611 64 62
2609 62 64
2417 62 2609
2608 2610 2416
2416 2610 2418
2609 2607 2415
2609 2415 2417
4534 2424 2616
4532 2424 4534
4534 2426 4532
4534 2618 2426
2617 260 2425
2617 262 260
2615 260 262
2423 260 2615
4652 2422 2614
4650 2422 4652
4652 2424 4650
4652 2616 2424
2615 150 2423
2615 152 150
2613 150 152
2421 150 2613
4262 2428 2620
4260 2428 4262
4262 2430 4260
4262 2622 2430
2621 516 2429
2621 518 516
2619 516 518
2427 516 2619
4404 2426 2618
4402 2426 4404
4404 2428 4402
4404 2620 2428
2619 382 2427
2619 384 382
2617 382 384
2425 382 2617
3774 2434 3772
3774 2626 2434
2625 988 2433
2625 990 988
988 990 822
988 822 820
2623 820 822
2431 820 2623
4108 2430 2622
4106 2430 4108
4108 2432 4106
4108 2624 2432
2623 662 2431
2623 664 662
2621 662 664
2429 662 2621
3414 3416 3236
3414 3236 3234
3236 2436 3234
3236 2628 2436
2627 1518 2435
2627 1520 1518
1518 1520 1340
1518 1340 1338
1338 1340 1160
1338 1160 1158
2625 1158 1160
2433 1158 2625
3942 2432 2624
3940 2432 3942
3940 3942 3774
3940 3774 3772
2660 2662 2470
2660 2470 2468
2468 2470 2278
2468 2278 2276
2276 2278 2086
2276 2086 2084
2084 2086 1894
2084 1894 1892
1892 1894 1702
1892 1702 1700
2627 1700 1702
2435 1700 2627
3596 2434 2626
3594 2434 3596
3594 3596 3416
3594 3416 3414
2471 2469 2279
2279 2469 2277
2279 2277 2087
2087 2277 2085
2087 2085 1895
1895 2085 1893
1895 1893 1703
1703 1893 1701
2565 1703 1701
2757 1703 2565
3046 2436 2628
3044 2436 3046
3044 3046 2854
3044 2854 2852
2852 2854 2662
2852 2662 2660
2565 1521 2757
2565 1519 1521
1521 1519 1341
1341 1519 1339
1341 1339 1161
1161 1339 1159
2567 1161 1159
2759 1161 2567
3045 2758 2566
3047 2758 3045
3047 3045 2855
2855 3045 2853
2855 2853 2663
2663 2853 2661
2663 2661 2471
2471 2661 2469
3773 2760 3775
3773 2568 2760
2567 991 2759
2567 989 991
991 989 821
991 821 850
2761 991 850
850 821 2569
3595 2760 2568
3597 2760 3595
3597 3595 3417
3417 3595 3415
3417 3415 3237
3237 3415 3235
3235 2758 3237
3235 2566 2758
4107 2764 2572
4109 2764 4107
4109 4107 3943
3943 4107 3970
4107 2570 3970
3943 3970 2762
2761 850 823
665 823 663
663 823 2569
823 850 2569
2571 665 663
2763 665 2571
3970 2570 3941
3941 3773 3775
3941 3775 2762
3970 3941 2762
4403 2768 2576
4405 2768 4403
4403 2766 4405
4403 2574 2766
2573 385 2765
2573 383 385
2575 385 383
2767 385 2575
4261 2766 2574
4263 2766 4261
4261 2764 4263
4261 2572 2764
2571 519 2763
2571 517 519
2573 519 517
2765 519 2573
4670 2580 4651
2770 2772 2578
2578 2772 4651
2772 4670 4651
2769 2577 2771
2771 2577 170
2577 151 170
170 151 2579
4533 2770 2578
4535 2770 4533
4533 2768 4535
4533 2576 2768
2575 263 2767
2575 261 263
2577 263 261
2769 263 2577
4755 2776 2584
4757 2776 4755
4755 2774 4757
4755 2582 2774
2581 65 2773
2581 63 65
2583 65 63
2775 65 2583
2774 2582 2580
2774 2580 4670
4653 2774 4670
4653 4670 2772
2771 170 153
2579 2581 2773
2579 2773 153
170 2579 153
4833 2782 2590
4835 2782 4833
4833 2780 4835
4833 2588 2780
2587 11 2779
2587 9 11
2589 11 9
2781 11 2589
2778 2780 2586
2586 2780 2588
2779 2777 2585
2779 2585 2587
2776 2778 2584
2584 2778 2586
2777 2775 2583
2777 2583 2585
2788 2790 2596
2596 2790 2598
2789 2787 2595
2789 2595 2597
2786 2788 2594
2594 2788 2596
2787 2785 2593
2787 2593 2595
2784 2786 2592
2592 2786 2594
2785 2783 2591
2785 2591 2593
2782 2784 2590
2590 2784 2592
2783 2781 2589
2783 2589 2591
2797 10 2605
2797 12 10
2795 10 12
2603 10 2795
2794 2796 2602
2602 2796 2604
2795 2793 2601
2795 2601 2603
2792 2794 2600
2600 2794 2602
2793 2791 2599
2793 2599 2601
2790 2792 2598
2598 2792 2600
2791 2789 2597
2791 2597 2599
2803 64 2611
2803 66 64
2801 64 66
2609 64 2801
2800 2802 2608
2608 2802 2610
2801 2799 2607
2801 2607 2609
2798 2800 2606
2606 2800 2608
2799 2797 2605
2799 2605 2607
4836 2604 2796
4834 2604 4836
4836 2606 4834
4836 2798 2606
2807 2805 2615
2615 2805 152
2805 204 152
152 204 2613
2614 2612 2804
2614 2804 4654
4704 2614 4654
4654 2806 4704
2805 154 204
2803 2611 2613
2803 2613 204
154 2803 204
4758 2610 2802
4756 2610 4758
4758 2612 4756
4758 2804 2612
2811 384 2619
2811 386 384
2809 384 386
2617 384 2809
4536 2616 2808
4534 2616 4536
4536 2618 4534
4536 2810 2618
2809 262 2617
2809 264 262
2807 262 264
2615 262 2807
2614 4704 4652
2808 2616 2806
2806 2616 4704
2616 4652 4704
824 664 904
664 2623 904
2813 664 666
2621 664 2813
4264 2620 2812
4262 2620 4264
4264 2622 4262
4264 2814 2622
2813 518 2621
2813 520 518
2811 518 520
2619 518 2811
4406 2618 2810
4404 2618 4406
4406 2620 4404
4406 2812 2620
3776 2626 3774
3776 2818 2626
2817 990 2625
2817 992 990
822 990 992
822 992 2815
904 822 2815
822 904 2623
4110 2622 2814
4108 2622 4110
4110 3944 4108
4108 3944 2624
3944 4024 2624
3944 2816 4024
2815 824 904
666 664 824
3416 3418 3238
3416 3238 3236
3238 2628 3236
3238 2820 2628
2819 1520 2627
2819 1522 1520
1520 1522 1342
1520 1342 1340
1340 1342 1162
1340 1162 1160
2817 1160 1162
2625 1160 2817
2624 4024 3942
3776 3774 3942
3776 3942 4024
2816 3776 4024
2662 2664 2472
2662 2472 2470
2470 2472 2280
2470 2280 2278
2278 2280 2088
2278 2088 2086
2086 2088 1896
2086 1896 1894
1894 1896 1704
1894 1704 1702
2819 1702 1704
2627 1702 2819
3598 2626 2818
3596 2626 3598
3596 3598 3418
3596 3418 3416
2473 2471 2281
2281 2471 2279
2281 2279 2089
2089 2279 2087
2089 2087 1897
1897 2087 1895
1897 1895 1703
1897 1703 1734
2949 1897 1734
1734 1703 2757
3048 2628 2820
3046 2628 3048
3046 3048 2856
3046 2856 2854
2854 2856 2664
2854 2664 2662
1521 1705 2757
1705 1734 2757
1523 1521 1343
1343 1521 1341
1343 1341 1161
1343 1161 1190
2951 1343 1190
1190 1161 2759
3078 2758 3047
3047 2855 2857
3047 2857 2950
3078 3047 2950
2857 2855 2665
2665 2855 2663
2665 2663 2473
2473 2663 2471
991 1163 2759
1163 1190 2759
2761 993 991
2953 993 2761
3626 2760 3597
3597 3417 3419
3597 3419 2952
3626 3597 2952
3419 3417 3239
3239 3417 3237
3239 3237 3049
3049 3237 3078
3237 2758 3078
3049 3078 2950
2949 1734 1705
1523 1705 1521
3943 2954 3945
3943 2762 2954
2761 825 2953
2761 823 825
825 823 667
667 823 665
2763 667 665
2955 667 2763
3775 2954 2762
3777 2954 3775
3777 3775 3599
3599 3775 3626
3775 2760 3626
3599 3626 2952
2951 1190 1163
993 1163 991
2765 387 2957
2765 385 387
2767 387 385
2959 387 2767
4263 2958 2766
4265 2958 4263
4263 2956 4265
4263 2764 2956
2763 521 2955
2763 519 521
2765 521 519
2957 521 2765
4109 2956 2764
4111 2956 4109
4111 4109 3945
3945 4109 3943
2962 2964 2770
2770 2964 2772
2963 2961 2769
2963 2769 2771
4535 2962 2770
4537 2962 4535
4535 2960 4537
4535 2768 2960
2767 265 2959
2767 263 265
2769 265 263
2961 265 2769
4405 2960 2768
4407 2960 4405
4405 2958 4407
4405 2766 2958
4770 2776 4757
2966 2968 2774
2774 2968 4757
2968 4770 4757
2965 2773 2967
2967 2773 78
2773 65 78
78 65 2775
4653 2966 2774
4655 2966 4653
4653 2964 4655
4653 2772 2964
2771 155 2963
2771 153 155
2773 155 153
2965 155 2773
2971 2779 2973
2973 2779 18
2779 11 18
18 11 2781
2970 2972 2778
2778 2972 2780
2971 2969 2777
2971 2777 2779
2970 2778 2776
2970 2776 4770
4759 2970 4770
4759 4770 2968
2967 78 67
2775 2777 2969
2775 2969 67
78 2775 67
2976 2978 2784
2784 2978 2786
2977 2975 2783
2977 2783 2785
2976 2784 2782
2976 2782 4842
4837 2976 4842
4837 4842 2974
2973 18 13
2781 2783 2975
2781 2975 13
18 2781 13
4842 2782 4835
2972 2974 2780
2780 2974 4835
2974 4842 4835
2984 2986 2792
2792 2986 2794
2985 2983 2791
2985 2791 2793
2982 2984 2790
2790 2984 2792
2983 2981 2789
2983 2789 2791
2980 2982 2788
2788 2982 2790
2981 2979 2787
2981 2787 2789
2978 2980 2786
2786 2980 2788
2979 2977 2785
2979 2785 2787
2796 4856 4836
2990 2798 2988
2988 2798 4856
2798 4836 4856
2989 2987 2797
2797 2987 12
2987 32 12
12 32 2795
2796 2794 2986
2796 2986 4838
4856 2796 4838
4838 2988 4856
2987 14 32
2985 2793 2795
2985 2795 32
14 2985 32
2995 2993 2803
2803 2993 66
2993 104 66
66 104 2801
2802 2800 2992
2802 2992 4760
4796 2802 4760
4760 2994 4796
2993 68 104
2991 2799 2801
2991 2801 104
68 2991 104
2990 2992 2798
2798 2992 2800
2991 2989 2797
2991 2797 2799
2998 3000 2806
2806 3000 2808
2999 2997 2805
2999 2805 2807
4656 2804 2996
4654 2804 4656
4656 2806 4654
4656 2998 2806
2997 154 2805
2997 156 154
2995 154 156
2803 154 2995
2802 4796 4758
2996 2804 2994
2994 2804 4796
2804 4758 4796
4408 2810 3002
4406 2810 4408
4408 2812 4406
4408 3004 2812
3003 386 2811
3003 388 386
3001 386 388
2809 386 3001
4538 2808 3000
4536 2808 4538
4538 2810 4536
4538 3002 2810
3001 264 2809
3001 266 264
2999 264 266
2807 264 2999
3946 2816 3944
3946 3008 2816
3007 824 2815
3007 826 824
824 826 668
824 668 666
3005 666 668
2813 666 3005
4266 2812 3004
4264 2812 4266
4266 2814 4264
4266 3006 2814
3005 520 2813
3005 522 520
3003 520 522
2811 520 3003
3778 2816 3008
3776 2816 3778
3778 3600 3776
3776 3600 2818
3600 3684 2818
3600 3010 3684
3009 1164 1248
994 992 1164
1164 992 1248
992 2817 1248
3007 992 994
2815 992 3007
4112 2814 3006
4110 2814 4112
4110 4112 3946
4110 3946 3944
3418 3420 3240
3418 3240 3238
3240 3050 3238
3238 3050 2820
3050 3140 2820
3050 3012 3140
3011 1706 1796
1524 1522 1706
1706 1522 1796
1522 2819 1796
1522 1524 1344
1522 1344 1342
1162 1342 1344
1162 1344 3009
1248 1162 3009
1162 1248 2817
2664 2666 2474
2664 2474 2472
2472 2474 2282
2472 2282 2280
2280 2282 2090
2280 2090 2088
2088 2090 1898
2088 1898 1896
1704 1896 1898
1704 1898 3011
1796 1704 3011
1704 1796 2819
2818 3684 3598
3420 3418 3598
3420 3598 3684
3010 3420 3684
2667 2665 2475
2475 2665 2473
2475 2473 2283
2283 2473 2281
2283 2281 2091
2091 2281 2089
2091 2089 1897
2091 1897 1926
3141 2091 1926
1926 1897 2949
2820 3140 3048
2858 2856 3048
2858 3048 3140
3012 2858 3140
2856 2858 2666
2856 2666 2664
3049 2950 2886
2859 2886 3142
3141 1926 1899
1707 1899 1705
1705 1899 2949
1899 1926 2949
1707 1705 1525
1525 1705 1523
1525 1523 1345
1345 1523 1343
2951 1345 1343
3143 1345 2951
2886 2950 2857
2857 2665 2667
2857 2667 3142
2886 2857 3142
3599 3144 3601
3599 2952 3144
2951 1165 3143
2951 1163 1165
1165 1163 995
995 1163 993
2953 995 993
3145 995 2953
3419 3144 2952
3421 3144 3419
3421 3419 3241
3241 3419 3239
3241 3239 3051
3051 3239 3049
3051 3049 2859
2859 3049 2886
4134 2956 4111
4111 3945 3947
4111 3947 3148
4134 4111 3148
3945 3146 3947
3945 2954 3146
2953 827 3145
2953 825 827
827 825 667
827 667 690
3147 827 690
690 667 2955
3777 3146 2954
3779 3146 3777
3779 3777 3601
3601 3777 3599
2957 389 3149
2957 387 389
2959 389 387
3151 389 2959
4265 3150 2958
4267 3150 4265
4267 4265 4113
4113 4265 4134
4265 2956 4134
4113 4134 3148
3147 690 669
523 669 521
521 669 2955
669 690 2955
2957 523 521
3149 523 2957
3153 282 267
2961 2963 3155
2961 3155 267
282 2961 267
4554 2962 4537
3152 3154 2960
2960 3154 4537
3154 4554 4537
3151 2959 3153
3153 2959 282
2959 265 282
282 265 2961
4407 3152 2960
4409 3152 4407
4407 3150 4409
4407 2958 3150
3158 3160 2966
2966 3160 2968
3159 3157 2965
3159 2965 2967
4655 3158 2966
4657 3158 4655
4655 3156 4657
4655 2964 3156
2963 157 3155
2963 155 157
2965 157 155
3157 157 2965
3156 2964 2962
3156 2962 4554
4539 3156 4554
4539 4554 3154
3164 3166 2972
2972 3166 2974
3165 3163 2971
3165 2971 2973
3162 3164 2970
2970 3164 2972
3163 3161 2969
3163 2969 2971
4759 3162 2970
4761 3162 4759
4759 3160 4761
4759 2968 3160
2967 69 3159
2967 67 69
2969 69 67
3161 69 2969
3170 2978 2976
3170 2976 4844
4839 3170 4844
4839 4844 3168
3167 20 15
2975 2977 3169
2975 3169 15
20 2975 15
4844 2976 4837
3166 3168 2974
2974 3168 4837
3168 4844 4837
3165 2973 3167
3167 2973 20
2973 13 20
20 13 2975
3177 16 30
3175 2983 2985
3175 2985 30
16 3175 30
3174 3176 2982
2982 3176 2984
3175 3173 2981
3175 2981 2983
3172 3174 2980
2980 3174 2982
3173 3171 2979
3173 2979 2981
3170 3172 2978
2978 3172 2980
3171 3169 2977
3171 2977 2979
3180 3182 2988
2988 3182 2990
3181 3179 2987
3181 2987 2989
2986 4854 4838
3180 2988 3178
3178 2988 4854
2988 4838 4854
3179 3177 2987
2987 3177 14
3177 30 14
14 30 2985
2986 2984 3176
2986 3176 4840
4854 2986 4840
4840 3178 4854
3186 3188 2994
2994 3188 2996
3187 3185 2993
3187 2993 2995
4762 2992 3184
4760 2992 4762
4762 2994 4760
4762 3186 2994
3185 68 2993
3185 70 68
3183 68 70
2991 68 3183
3182 3184 2990
2990 3184 2992
3183 3181 2989
3183 2989 2991
3000 2998 3190
3000 3190 4540
4592 3000 4540
4540 3192 4592
3191 268 320
3189 2997 2999
3189 2999 320
268 3189 320
4658 2996 3188
4656 2996 4658
4658 2998 4656
4658 3190 2998
3189 156 2997
3189 158 156
3187 156 158
2995 156 3187
4410 3002 3194
4408 3002 4410
4410 3004 4408
4410 3196 3004
3195 388 3003
3195 390 388
3193 388 390
3001 388 3193
3000 4592 4538
3194 3002 3192
3192 3002 4592
3002 4538 4592
3193 3191 3001
3001 3191 266
3191 320 266
266 320 2999
668 826 828
668 828 3197
740 668 3197
668 740 3005
4268 3004 3196
4266 3004 4268
4268 4114 4266
4266 4114 3006
4114 4184 3006
4114 3198 4184
3197 670 740
524 522 670
670 522 740
522 3005 740
3195 522 524
3003 522 3195
3602 3010 3600
3602 3202 3010
3201 1164 3009
3201 1166 1164
1164 1166 996
1164 996 994
3199 994 996
3007 994 3199
3006 4184 4112
3948 3946 4112
3948 4112 4184
3198 3948 4184
3948 3008 3946
3948 3200 3008
3199 826 3007
3199 828 826
2860 2948 3012
2860 3204 2948
3203 1900 1988
1708 1706 1900
1900 1706 1988
1706 3011 1988
1706 1708 1526
1706 1526 1524
1524 1526 1346
1524 1346 1344
3201 1344 1346
3009 1344 3201
3780 3008 3200
3778 3008 3780
3778 3780 3602
3778 3602 3600
2474 2476 2284
2474 2284 2282
2282 2284 2092
2282 2092 2090
1898 2090 2092
1898 2092 3203
1988 1898 3203
1898 1988 3011
3422 3010 3202
3420 3010 3422
3420 3422 3242
3420 3242 3240
3240 3242 3052
3240 3052 3050
3052 2860 3050
3050 2860 3012
3325 1527 1370
1370 1345 3143
2694 3142 2667
2502 2667 2475
2694 2667 2502
2310 2475 2283
2502 2475 2310
2118 2283 2091
2310 2283 2118
2118 2091 3141
3012 2948 2858
2668 2666 2858
2668 2858 2948
3204 2668 2948
2666 2668 2476
2666 2476 2474
2859 3142 2694
2502 2669 2694
2502 2477 2669
2310 2477 2502
2310 2285 2477
2118 2285 2310
2118 2093 2285
1901 2093 1899
1899 2093 3141
2093 2118 3141
1901 1899 1709
1709 1899 1707
1709 1707 1527
1527 1707 1525
1527 1525 1345
1527 1345 1370
1165 1347 3143
1347 1370 3143
1167 1165 995
1167 995 1018
3327 1167 1018
1018 995 3145
3446 3144 3421
3421 3241 3243
3421 3243 3326
3446 3421 3326
3243 3241 3053
3053 3241 3051
3053 3051 2861
2861 3051 2859
2861 2859 2669
2669 2859 2694
3327 1018 997
829 997 827
827 997 3145
997 1018 3145
3147 829 827
3329 829 3147
3802 3146 3779
3779 3601 3603
3779 3603 3328
3802 3779 3328
3603 3601 3423
3423 3601 3446
3601 3144 3446
3423 3446 3326
3325 1370 1347
1167 1347 1165
4267 4115 3332
4286 4267 3332
4113 3330 4115
4113 3148 3330
3147 671 3329
3147 669 671
671 669 523
671 523 542
3331 671 542
542 523 3149
3947 3330 3148
3949 3330 3947
3949 3947 3781
3781 3947 3802
3947 3146 3802
3781 3802 3328
3151 3335 391
406 3151 391
4426 3152 4409
4286 4269 3150
4269 3334 3150
3334 4409 3150
3334 4426 4409
4269 4286 3332
3331 542 525
406 3333 389
3333 525 389
525 3149 389
525 542 3149
406 389 3151
4286 3150 4267
4267 4113 4115
3155 157 172
172 157 3157
4539 3338 3156
4541 3338 4539
4539 3336 4541
4539 3154 3336
3153 269 3335
3153 267 269
3155 269 267
3337 269 3155
3336 3154 3152
3336 3152 4426
4411 3336 4426
4411 4426 3334
3333 406 391
3151 3153 3335
3159 69 80
80 69 3161
3342 3160 3158
3342 3158 4672
4659 3342 4672
4659 4672 3340
3339 172 159
3157 3159 3341
3157 3341 159
172 3157 159
4672 3158 4657
3338 3340 3156
3156 3340 4657
3340 4672 4657
3337 3155 3339
3339 3155 172
3347 3345 3163
3347 3163 3165
3346 3164 3162
3346 3162 4772
4763 3346 4772
4763 4772 3344
3343 80 71
3161 3163 3345
3161 3345 71
80 3161 71
4772 3162 4761
3342 3344 3160
3160 3344 4761
3344 4772 4761
3341 3159 3343
3343 3159 80
3169 24 22
3171 24 3169
4846 3170 4839
3350 3352 3168
3168 3352 4839
3352 4846 4839
3349 3167 3351
3351 3167 22
3167 15 22
22 15 3169
3348 3350 3166
3166 3350 3168
3349 3347 3165
3349 3165 3167
3346 3348 3164
3164 3348 3166
3173 28 26
3175 28 3173
3174 4848 4850
3172 4848 3174
3356 4848 3354
3356 4850 4848
3353 26 3355
3353 24 26
3171 26 24
3173 26 3171
3172 4846 4848
3170 4846 3172
3354 4846 3352
3354 4848 4846
3351 24 3353
3351 22 24
3361 3359 3177
3361 3177 3179
3176 4852 4840
3360 3178 3358
3358 3178 4852
3178 4840 4852
3359 3357 3177
3177 3357 16
3357 28 16
16 28 3175
3176 4850 4852
3174 4850 3176
3358 4850 3356
3358 4852 4850
3355 28 3357
3355 26 28
3365 102 70
70 102 3183
3184 3182 3364
3184 3364 4764
4794 3184 4764
4764 3366 4794
3365 72 102
3363 3181 3183
3363 3183 102
72 3363 102
3362 3364 3180
3180 3364 3182
3363 3361 3179
3363 3179 3181
3360 3362 3178
3178 3362 3180
3369 202 158
158 202 3187
3188 3186 3368
3188 3368 4660
4702 3188 4660
4660 3370 4702
3369 160 202
3367 3185 3187
3367 3187 202
160 3367 202
3184 4794 4762
3368 3186 3366
3366 3186 4794
3186 4762 4794
3367 3365 3185
3185 3365 70
3373 3193 448
392 3373 448
4542 3190 3372
4540 3190 4542
4542 3192 4540
4542 3374 3192
3373 268 3191
3373 270 268
3371 268 270
3189 268 3371
3188 4702 4658
3372 3190 3370
3370 3190 4702
3190 4658 4702
3371 3369 3189
3189 3369 158
4410 4468 4332
4468 4270 4332
4468 3376 4270
4270 3378 4332
3377 526 588
448 390 3195
3375 448 3195
588 3375 3195
526 3375 588
390 448 3193
3194 3192 3374
3194 3374 4412
4468 3194 4412
4412 3376 4468
3375 392 448
3373 3191 3193
3379 828 830
3197 828 3379
3196 4332 4268
4116 4114 4268
4116 4268 4332
3378 4116 4332
4116 3198 4114
4116 3380 3198
3379 670 3197
3379 672 670
524 670 672
524 672 3377
588 524 3377
524 588 3195
3194 4468 4410
3196 4410 4332
1348 1166 1428
1166 3201 1428
996 1166 1168
996 1168 3381
1072 996 3381
996 1072 3199
3950 3198 3380
3948 3198 3950
3950 3782 3948
3948 3782 3200
3782 3856 3200
3782 3382 3856
3381 998 1072
830 828 998
998 828 1072
828 3199 1072
1708 1710 1528
1708 1528 1526
1346 1526 1528
1346 1528 3383
1428 1346 3383
1346 1428 3201
3200 3856 3780
3604 3602 3780
3604 3780 3856
3382 3604 3856
3604 3424 3602
3602 3424 3202
3424 3504 3202
3424 3384 3504
3383 1348 1428
1168 1166 1348
3052 3054 2862
3052 2862 2860
2862 2670 2860
2860 2670 3204
2670 2756 3204
2478 2756 2670
2478 2564 2756
2286 2564 2478
2286 2372 2564
2094 2372 2286
2094 2180 2372
1902 1900 2094
2094 1900 2180
1900 3203 2180
1900 1902 1710
1900 1710 1708
3505 1711 1550
1550 1527 3325
3204 2756 2668
2476 2756 2564
2668 2756 2476
2284 2564 2372
2476 2564 2284
2092 2372 2180
2284 2372 2092
2092 2180 3203
3202 3504 3422
3244 3242 3422
3244 3422 3504
3384 3244 3504
3242 3244 3054
3242 3054 3052
3055 3053 2863
2863 3053 2861
2863 2861 2671
2671 2861 2669
2671 2669 2479
2479 2669 2477
2479 2477 2287
2287 2477 2285
2287 2285 2095
2095 2285 2093
2095 2093 1903
1903 2093 1901
1903 1901 1711
1711 1901 1709
1711 1709 1527
1711 1527 1550
3425 3423 3245
3245 3423 3266
3423 3326 3266
3245 3266 3506
3505 1550 1529
1349 1529 1347
1347 1529 3325
1529 1550 3325
1349 1347 1169
1169 1347 1167
3327 1169 1167
3507 1169 3327
3266 3326 3243
3243 3053 3055
3243 3055 3506
3266 3243 3506
3972 3330 3949
3949 3781 3783
3949 3783 3510
3972 3949 3510
3781 3508 3783
3781 3328 3508
3327 999 3507
3327 997 999
999 997 829
999 829 852
3509 999 852
852 829 3329
3603 3508 3328
3605 3508 3603
3605 3603 3425
3425 3603 3423
3331 527 3511
3331 525 527
3333 527 525
3513 527 3333
4115 3512 3332
4117 3512 4115
4117 4115 3951
3951 4115 3972
4115 3330 3972
3951 3972 3510
3509 852 831
673 831 671
671 831 3329
831 852 3329
3331 673 671
3511 673 3331
3515 3335 3517
3517 3335 284
3335 269 284
284 269 3337
4411 3516 3336
4413 3516 4411
4411 3514 4413
4411 3334 3514
3333 393 3513
3333 391 393
3335 393 391
3515 393 3335
4269 3514 3334
4271 3514 4269
4269 3512 4271
4269 3332 3512
3339 161 3519
3339 159 161
3341 161 159
3521 161 3341
3520 3340 3338
3520 3338 4556
4543 3520 4556
4543 4556 3518
3517 284 271
3337 3339 3519
3337 3519 271
284 3337 271
4556 3338 4541
3516 3518 3336
3336 3518 4541
3518 4556 4541
4774 3346 4763
3524 3526 3344
3344 3526 4763
3526 4774 4763
3523 3343 3525
3525 3343 82
3343 71 82
82 71 3345
3522 3524 3342
3342 3524 3344
3523 3521 3341
3523 3341 3343
4659 3522 3342
4661 3522 4659
4659 3520 4661
4659 3340 3520
3530 3532 3350
3350 3532 3352
3531 3529 3349
3531 3349 3351
3528 3530 3348
3348 3530 3350
3529 3527 3347
3529 3347 3349
3528 3348 3346
3528 3346 4774
4765 3528 4774
4765 4774 3526
3525 82 73
3345 3347 3527
3345 3527 73
82 3345 73
3538 3540 3358
3358 3540 3360
3539 3537 3357
3539 3357 3359
3536 3538 3356
3356 3538 3358
3537 3535 3355
3537 3355 3357
3534 3536 3354
3354 3536 3356
3535 3533 3353
3535 3353 3355
3532 3534 3352
3352 3534 3354
3533 3531 3351
3533 3351 3353
3545 3543 3365
3365 3543 72
3543 100 72
72 100 3363
3364 3362 3542
3364 3542 4766
4792 3364 4766
4766 3544 4792
3543 74 100
3541 3361 3363
3541 3363 100
74 3541 100
3540 3542 3360
3360 3542 3362
3541 3539 3359
3541 3359 3361
4662 3368 3548
4660 3368 4662
4662 3370 4660
4662 3550 3370
3549 160 3369
3549 162 160
3547 160 162
3367 160 3547
3546 3548 3366
3366 3548 3368
3547 3545 3365
3547 3365 3367
3364 4792 4764
3546 3366 3544
3544 3366 4792
3366 4764 4792
3372 4590 4542
3554 3374 3552
3552 3374 4590
3374 4542 4590
3553 3551 3373
3373 3551 270
3551 318 270
270 318 3371
3372 3370 3550
3372 3550 4544
4590 3372 4544
4544 3552 4590
3551 272 318
3549 3369 3371
3549 3371 318
272 3549 318
4272 3376 3556
4270 3376 4272
4272 3378 4270
4272 3558 3378
3557 526 3377
3557 528 526
3555 526 528
3375 526 3555
4414 3374 3554
4412 3374 4414
4414 3376 4412
4414 3556 3376
3555 392 3375
3555 394 392
3553 392 394
3373 392 3553
830 998 1000
830 1000 3559
902 830 3559
830 902 3379
4118 3378 3558
4116 3378 4118
4118 3952 4116
4116 3952 3380
3952 4022 3380
3952 3560 4022
3559 832 902
674 672 832
832 672 902
672 3379 902
3557 672 674
3377 672 3557
3563 1530 1608
1350 1348 1530
1530 1348 1608
1348 3383 1608
1348 1350 1170
1348 1170 1168
3561 1168 1170
3381 1168 3561
3380 4022 3950
3784 3782 3950
3784 3950 4022
3560 3784 4022
3784 3382 3782
3784 3562 3382
3561 998 3381
3561 1000 998
2094 2096 1904
2094 1904 1902
1902 1904 1712
1902 1712 1710
1528 1710 1712
1528 1712 3563
1608 1528 3563
1528 1608 3383
3606 3382 3562
3604 3382 3606
3604 3606 3426
3604 3426 3424
3426 3246 3424
3424 3246 3384
3246 3324 3384
3246 3564 3324
1928 1903 1736
1736 1711 3505
3384 3324 3244
3056 3054 3244
3056 3244 3324
3564 3056 3324
3054 3056 2864
3054 2864 2862
2862 2864 2672
2862 2672 2670
2670 2672 2480
2670 2480 2478
2478 2480 2288
2478 2288 2286
2286 2288 2096
2286 2096 2094
3080 3506 3055
2888 3055 2863
3080 3055 2888
2863 2671 2673
2863 2673 3686
2888 2863 3686
2673 2671 2481
2481 2671 2479
2481 2479 2289
2289 2479 2287
2289 2287 2097
2097 2287 2095
2097 2095 1903
2097 1903 1928
3685 2097 1928
1736 1903 1711
3245 3506 3080
2888 3057 3080
2888 2865 3057
2865 2888 3686
3685 1928 1905
1736 1905 1928
1736 1713 1905
1531 1713 1529
1529 1713 3505
1713 1736 3505
1531 1529 1351
1351 1529 1349
1351 1349 1169
1351 1169 1192
3687 1351 1192
1192 1169 3507
3783 3508 3628
3607 3628 3688
3687 1192 1171
1001 1171 999
999 1171 3507
1171 1192 3507
3509 1001 999
3689 1001 3509
3628 3508 3605
3605 3425 3427
3605 3427 3688
3628 3605 3688
3427 3425 3247
3247 3425 3245
3247 3245 3057
3057 3245 3080
4136 3512 4117
4117 3951 3953
4117 3953 3692
4136 4117 3692
3951 3690 3953
3951 3510 3690
3509 833 3689
3509 831 833
833 831 673
833 673 692
3691 833 692
692 673 3511
3783 3690 3510
3785 3690 3783
3785 3783 3607
3607 3783 3628
3695 529 393
529 3513 393
529 544 3513
408 393 3515
4288 3514 4271
4136 4119 3512
4119 3694 3512
3694 4271 3512
3694 4288 4271
4119 4136 3692
3691 692 675
544 3693 527
3693 675 527
675 3511 527
675 692 3511
544 527 3513
3698 3518 3516
3698 3516 4428
4415 3698 4428
4415 4428 3696
3695 408 395
3515 3517 3697
3515 3697 395
408 3515 395
4428 3516 4413
4288 4273 3514
4273 3696 3514
3696 4413 3514
3696 4428 4413
4273 4288 3694
3693 544 529
408 3695 393
4674 3522 4661
3700 3702 3520
3520 3702 4661
3702 4674 4661
3699 3519 3701
3701 3519 174
3519 161 174
174 161 3521
4543 3700 3520
4545 3700 4543
4543 3698 4545
4543 3518 3698
3517 273 3697
3517 271 273
3519 273 271
3699 273 3519
3705 3525 3707
3707 3525 84
3525 73 84
84 73 3527
3704 3706 3524
3524 3706 3526
3705 3703 3523
3705 3523 3525
3704 3524 3522
3704 3522 4674
4663 3704 4674
4663 4674 3702
3701 174 163
3521 3523 3703
3521 3703 163
174 3521 163
3709 86 75
3529 3531 3711
3529 3711 75
86 3529 75
3530 4776 4778
3528 4776 3530
3710 4776 3708
3710 4778 4776
3707 86 3709
3707 84 86
3527 86 84
3529 86 3527
4776 3528 4765
3706 3708 3526
3526 3708 4765
3708 4776 4765
3716 3718 3536
3536 3718 3538
3717 3715 3535
3717 3535 3537
3714 3716 3534
3534 3716 3536
3715 3713 3533
3715 3533 3535
3712 3714 3532
3532 3714 3534
3713 3711 3531
3713 3531 3533
3712 3532 3530
3712 3530 4778
4767 3712 4778
4767 4778 3710
3542 4788 4790
3540 4788 3542
3722 4788 3720
3722 4790 4788
3719 98 3721
3719 96 98
3539 98 96
3541 98 3539
3540 3538 3718
3540 3718 4768
4788 3540 4768
4768 3720 4788
3719 76 96
3717 3537 3539
3717 3539 96
76 3717 96
3727 164 200
3725 3545 3547
3725 3547 200
164 3725 200
3724 3726 3544
3544 3726 3546
3725 3723 3543
3725 3543 3545
3542 4790 4766
3724 3544 3722
3722 3544 4790
3544 4766 4790
3723 3721 3543
3543 3721 74
3721 98 74
74 98 3541
3731 272 3551
3731 274 272
3729 272 274
3549 272 3729
3548 4700 4662
3730 3550 3728
3728 3550 4700
3550 4662 4700
3729 3727 3549
3549 3727 162
3727 200 162
162 200 3547
3548 3546 3726
3548 3726 4664
4700 3548 4664
4664 3728 4700
3733 446 3555
586 3733 3555
530 3733 586
394 446 3553
3554 3552 3732
3554 3732 4416
4466 3554 4416
4416 3734 4466
3733 396 446
3731 3551 3553
3731 3553 446
396 3731 446
4546 3550 3730
4544 3550 4546
4546 3552 4544
4546 3732 3552
4330 3736 4120
4120 3738 4182
3737 676 738
586 528 3557
3735 586 3557
738 3735 3557
676 3735 738
528 586 3555
3554 4466 4414
3556 4414 4330
4414 4466 4330
4466 4274 4330
4466 3734 4274
4274 3736 4330
3735 530 586
446 394 3555
3558 4182 4118
3954 3952 4118
3954 4118 4182
3738 3954 4182
3954 3560 3952
3954 3740 3560
3739 832 3559
3739 834 832
674 832 834
674 834 3737
738 674 3737
674 738 3557
3556 4330 4272
3558 4272 4182
4272 4330 4182
4330 4120 4182
1170 1350 1352
1170 1352 3741
1246 1170 3741
1170 1246 3561
3786 3560 3740
3784 3560 3786
3786 3608 3784
3784 3608 3562
3608 3682 3562
3608 3742 3682
3741 1172 1246
1002 1000 1172
1172 1000 1246
1000 3561 1246
3739 1000 1002
3559 1000 3739
3426 3428 3248
3426 3248 3246
3248 3058 3246
3246 3058 3564
3058 3138 3564
2866 3138 3058
2866 2946 3138
2866 3744 2946
3743 1906 1986
1714 1986 1906
1714 1794 1986
1532 1530 1714
1714 1530 1794
1530 3563 1794
1530 1532 1352
1530 1352 1350
2672 2674 2482
2672 2482 2480
2480 2482 2290
2480 2290 2288
2288 2290 2098
2288 2098 2096
1904 2096 2098
1904 2098 3743
1986 1904 3743
1712 1986 1794
1904 1986 1712
1712 1794 3563
3562 3682 3606
3428 3426 3606
3428 3606 3682
3742 3428 3682
1552 1531 1372
1372 1351 3687
2696 3686 2673
2504 2673 2481
2696 2673 2504
2312 2481 2289
2504 2481 2312
2120 2289 2097
2312 2289 2120
2120 2097 3685
3564 3138 3056
2864 3138 2946
3056 3138 2864
2674 2672 2864
2674 2864 2946
3744 2674 2946
2865 3686 2696
2504 2675 2696
2504 2483 2675
2312 2483 2504
2312 2291 2483
2120 2291 2312
2120 2099 2291
1907 2099 1905
1905 2099 3685
2099 2120 3685
1907 1905 1715
1715 1905 1713
1715 1713 1531
1715 1531 1552
3857 1715 1552
1372 1531 1351
1171 1353 3687
1353 1372 3687
1173 1171 1001
1173 1001 1020
3859 1173 1020
1020 1001 3689
3448 3688 3427
3268 3427 3247
3448 3427 3268
3247 3057 3059
3247 3059 3858
3268 3247 3858
3059 3057 2867
2867 3057 2865
2867 2865 2675
2675 2865 2696
1003 1020 3689
854 833 3691
3804 3690 3785
3785 3607 3609
3785 3609 3860
3804 3785 3860
3609 3607 3429
3429 3607 3448
3607 3688 3448
3268 3429 3448
3268 3249 3429
3249 3268 3858
3857 1552 1533
1372 1533 1552
1372 1353 1533
1173 1353 1171
3861 854 835
694 3863 675
3863 835 675
835 3691 675
835 854 3691
694 675 3693
3974 3692 3953
3804 3787 3690
3787 3862 3690
3862 3953 3690
3862 3974 3953
3787 3804 3860
3859 1020 1003
854 3861 833
3861 1003 833
1003 3689 833
4121 3866 3694
3866 4273 3694
3866 4290 4273
4121 4138 3864
3863 694 677
546 3865 529
3865 677 529
677 3693 529
677 694 3693
546 529 3695
4138 3694 4119
3974 3955 3692
3955 3864 3692
3864 4119 3692
3864 4138 4119
3955 3974 3862
397 410 3697
286 273 3699
4430 3698 4415
4290 4275 3696
4275 3868 3696
3868 4415 3696
3868 4430 4415
4275 4290 3866
3865 546 531
410 3867 395
3867 531 395
531 3695 395
531 546 3695
410 395 3697
4290 3696 4273
4138 4121 3694
4547 3872 4558
4547 4558 3870
3869 286 275
3699 3701 3871
3699 3871 275
286 3699 275
4558 3700 4545
4430 4417 3698
4417 3870 3698
3870 4545 3698
3870 4558 4545
4417 4430 3868
3867 410 397
286 3869 273
3869 397 273
397 3697 273
3876 4676 3874
3876 4678 4676
3873 178 3875
3873 176 178
3703 178 176
3705 178 3703
4676 3704 4663
3872 3874 3702
3702 3874 4663
3874 4676 4663
3871 3701 3873
3873 3701 176
3701 163 176
176 163 3703
3872 3702 3700
3872 3700 4558
3709 75 88
88 75 3711
3878 3880 3708
3708 3880 3710
3879 3877 3707
3879 3707 3709
3878 3708 3706
3878 3706 4678
4665 3878 4678
4665 4678 3876
3875 178 165
3705 3707 3877
3705 3877 165
178 3705 165
3706 4676 4678
3704 4676 3706
3713 92 90
3715 92 3713
3714 4780 4782
3712 4780 3714
3884 4780 3882
3884 4782 4780
3881 90 3883
3881 88 90
3711 90 88
3713 90 3711
4780 3712 4767
3880 3882 3710
3710 3882 4767
3882 4780 4767
3879 3709 3881
3881 3709 88
3887 94 76
76 94 3717
3718 4784 4786
3716 4784 3718
3888 4784 3886
3888 4786 4784
3885 94 3887
3885 92 94
3715 94 92
3717 94 3715
3716 4782 4784
3714 4782 3716
3886 4782 3884
3886 4784 4782
3883 92 3885
3883 90 92
4696 3724 4666
4666 3894 4696
3893 166 196
3891 3721 3723
3891 3723 196
166 3891 196
3890 3892 3720
3720 3892 3722
3891 3889 3719
3891 3719 3721
3718 4786 4768
3890 3720 3888
3888 3720 4786
3720 4768 4786
3889 3887 3719
3719 3887 76
3896 3728 4698
3728 4664 4698
3897 3895 3727
3727 3895 164
3895 198 164
164 198 3725
3726 4696 4698
3724 4696 3726
3896 4696 3894
3896 4698 4696
3893 198 3895
3893 196 198
3723 198 196
3725 198 3723
3724 3722 3892
3724 3892 4666
3901 398 444
316 274 3731
3899 316 3731
444 3899 3731
398 3899 444
274 316 3729
3730 3728 3898
3730 3898 4548
4588 3730 4548
4548 3900 4588
3899 276 316
3897 3727 3729
3897 3729 316
276 3897 316
3726 4698 4664
3898 3728 3896
4416 4464 4328
4464 4276 4328
4464 3902 4276
4276 3904 4328
3903 532 584
444 396 3733
3901 444 3733
584 3901 3733
532 3901 584
396 444 3731
3730 4588 4546
3732 4546 4464
4546 4588 4464
4588 4418 4464
4588 3900 4418
4418 3902 4464
836 3905 900
676 736 3735
3734 4328 4274
3736 4274 4180
4274 4328 4180
4328 4122 4180
4328 3904 4122
4122 3906 4180
3905 678 736
584 530 3735
3903 584 3735
736 3903 3735
678 3903 736
530 584 3733
3732 4464 4416
3734 4416 4328
3909 1004 1070
900 834 3739
3907 900 3739
1070 3907 3739
1004 3907 1070
834 900 3737
3736 4180 4120
3738 4120 4020
4120 4180 4020
4180 3956 4020
4180 3906 3956
3956 3908 4020
3907 836 900
736 676 3737
3905 736 3737
900 3905 3737
3911 1534 1606
1354 1606 1534
1354 1426 1606
1174 1172 1354
1354 1172 1426
1172 3741 1426
1002 1172 1174
1002 1174 3909
1070 1002 3909
1002 1070 3739
3738 4020 3954
3740 3954 3854
3954 4020 3854
4020 3788 3854
4020 3908 3788
3788 3910 3854
1532 1714 1716
1532 1716 3911
1606 1532 3911
1352 1606 1426
1532 1606 1352
1352 1426 3741
3740 3854 3786
3610 3608 3786
3610 3786 3854
3910 3610 3854
3610 3430 3608
3608 3430 3742
3430 3502 3742
3250 3502 3430
3250 3322 3502
3250 3912 3322
3058 3060 2868
3058 2868 2866
2868 2676 2866
2866 2676 3744
2676 2754 3744
2484 2754 2676
2484 2562 2754
2292 2562 2484
2292 2370 2562
2100 2370 2292
2100 2178 2370
1908 1906 2100
2100 1906 2178
1906 3743 2178
1906 1908 1716
1906 1716 1714
1930 1907 1738
1738 1715 3857
3744 2754 2674
2482 2754 2562
2674 2754 2482
2290 2562 2370
2482 2562 2290
2098 2370 2178
2290 2370 2098
2098 2178 3743
3742 3502 3428
3248 3502 3322
3428 3502 3248
3060 3058 3248
3060 3248 3322
3912 3060 3322
3082 3858 3059
2890 3059 2867
3082 3059 2890
2698 2867 2675
2890 2867 2698
2675 2483 2485
2675 2485 4026
2698 2675 4026
2485 2483 2293
2293 2483 2291
2293 2291 2099
2293 2099 2122
4025 2293 2122
1930 2099 1907
2122 2099 1930
1738 1907 1715
2698 2677 2869
2677 2698 4026
4025 2122 2101
1930 2101 2122
1930 1909 2101
1738 1909 1930
1738 1717 1909
1535 1717 1533
1533 1717 3857
1717 1738 3857
1535 1533 1353
1535 1353 1374
4027 1535 1374
1194 1353 1173
1374 1353 1194
1194 1173 3859
4029 1175 1003
1175 3859 1003
1175 1194 3859
1022 1003 3861
3630 3860 3609
3450 3609 3429
3630 3609 3450
3429 3249 3251
3429 3251 4028
3450 3429 4028
3251 3249 3061
3061 3249 3082
3249 3858 3082
2890 3061 3082
2890 2869 3061
2698 2869 2890
835 1005 3861
1005 1022 3861
3863 837 835
4031 837 3863
3806 3862 3787
3630 3611 3860
3611 4030 3860
4030 3787 3860
4030 3806 3787
3450 3611 3630
3450 3431 3611
3431 3450 4028
4027 1374 1355
1194 1355 1374
1194 1175 1355
1022 4029 1003
4121 4034 3866
4123 4034 4121
4121 4032 4123
4121 3864 4032
3863 679 4031
3863 677 679
3865 679 677
4033 679 3865
3955 4032 3864
3957 4032 3955
3957 3955 3789
3789 3955 3806
3955 3862 3806
3789 3806 4030
4029 1022 1005
837 1005 835
4432 3870 4417
4036 4038 3868
3868 4038 4417
4038 4432 4417
4035 3867 4037
4037 3867 412
3867 397 412
412 397 3869
4275 4036 3868
4277 4036 4275
4275 4034 4277
4275 3866 4034
3865 533 4033
3865 531 533
3867 533 531
4035 533 3867
4039 290 4041
4039 288 290
3871 290 288
3873 290 3871
4560 3872 4547
4432 4419 3870
4419 4040 3870
4040 4547 3870
4040 4560 4547
4419 4432 4038
4037 412 399
288 4039 275
4039 399 275
399 3869 275
399 412 3869
288 275 3871
4043 3875 4045
4045 3875 180
3875 165 180
180 165 3877
4044 3876 3874
4044 3874 4562
4549 4044 4562
4549 4562 4042
4041 290 277
3873 3875 4043
3873 4043 277
290 3873 277
3874 4560 4562
3872 4560 3874
4042 4560 4040
4042 4562 4560
4047 184 4049
4047 182 184
3879 184 182
3881 184 3879
3880 4680 4682
3878 4680 3880
4048 4680 4046
4048 4682 4680
4045 182 4047
4045 180 182
3877 182 180
3879 182 3877
4680 3878 4665
4044 4046 3876
3876 4046 4665
4046 4680 4665
4052 4054 3884
3884 4054 3886
4053 4051 3883
4053 3883 3885
4052 3884 3882
4052 3882 4684
4667 4052 4684
4667 4684 4050
4049 184 167
3881 3883 4051
3881 4051 167
184 3881 167
3882 4682 4684
3880 4682 3882
4050 4682 4048
4050 4684 4682
3890 4690 4692
3888 4690 3890
4058 4690 4056
4058 4692 4690
4055 192 4057
4055 190 192
3887 192 190
3889 192 3887
3888 3886 4054
3888 4054 4668
4690 3888 4668
4668 4056 4690
4055 168 190
4053 3885 3887
4053 3887 190
168 4053 190
3892 4694 4666
4062 3894 4060
4060 3894 4694
3894 4666 4694
4061 4059 3893
3893 4059 166
4059 194 166
166 194 3891
3892 4692 4694
3890 4692 3892
4060 4692 4058
4060 4694 4692
4057 194 4059
4057 192 194
3889 194 192
3891 194 3889
3898 4584 4586
3896 4584 3898
4066 4584 4064
4066 4586 4584
4063 314 4065
4063 312 314
3895 314 312
3897 314 3895
3896 3894 4062
3896 4062 4550
4584 3896 4550
4550 4064 4584
4063 278 312
4061 3893 3895
4061 3895 312
278 4061 312
4069 4067 3901
3901 4067 398
4067 442 398
398 442 3899
3898 4586 4548
3900 4548 4462
4548 4586 4462
4586 4420 4462
4586 4066 4420
4420 4068 4462
4067 400 442
314 276 3899
4065 314 3899
442 4065 3899
400 4065 442
276 314 3897
4073 678 3905
4073 680 678
4071 678 680
3903 678 4071
4278 3902 4070
4276 3902 4278
4278 3904 4276
4278 4072 3904
4071 532 3903
4071 534 532
4069 532 534
3901 532 4069
3900 4462 4418
4070 3902 4068
4068 3902 4462
3902 4418 4462
3958 3906 4074
3956 3906 3958
3958 3790 3956
3956 3790 3908
3790 3852 3908
3790 4076 3852
4075 1006 1068
838 836 1006
1006 836 1068
836 3907 1068
4073 836 838
3905 836 4073
4124 3904 4072
4122 3904 4124
4124 3906 4122
4124 4074 3906
3908 3852 3788
3910 3788 3680
3788 3852 3680
3852 3612 3680
3852 4076 3612
3432 3680 3612
3432 3500 3680
3432 4078 3500
4077 1356 1424
1176 1424 1356
1176 1244 1424
1068 1004 3909
4075 1068 3909
1244 4075 3909
1176 4075 1244
1004 1068 3907
2678 2752 2944
2678 4080 2752
4079 2102 2176
1910 2176 2102
1910 1984 2176
1718 1984 1910
1718 1792 1984
1536 1534 1718
1718 1534 1792
1534 3911 1792
1354 1534 1536
1354 1536 4077
1424 1354 4077
1174 1424 1244
1354 1424 1174
1174 1244 3909
2100 2176 1908
1716 1984 1792
1908 1984 1716
1716 1792 3911
3910 3680 3610
3430 3680 3500
3610 3680 3430
3252 3250 3430
3252 3430 3500
4078 3252 3500
3252 3062 3250
3250 3062 3912
3062 3136 3912
2870 3136 3062
2870 2944 3136
2678 2944 2870
2506 2485 2314
2314 2293 4025
3912 3136 3060
2868 3136 2944
3060 3136 2868
2676 2944 2752
2868 2944 2676
2486 2484 2676
2486 2676 2752
4080 2486 2752
2484 2486 2294
2484 2294 2292
2100 2292 2294
2100 2294 4079
2176 2100 4079
1908 2176 1984
2677 4026 2506
2314 2487 2506
2314 2295 2487
2103 2295 2101
2101 2295 4025
2295 2314 4025
2103 2101 1911
1911 2101 1909
1911 1909 1717
1911 1717 1740
4185 1911 1740
1554 1717 1535
1740 1717 1554
1554 1535 4027
2506 4026 2485
2314 2485 2293
1355 1537 4027
1537 1554 4027
1357 1355 1175
1357 1175 1196
4187 1357 1196
1196 1175 4029
3270 4028 3251
3084 3251 3061
3270 3251 3084
3061 2869 2871
3061 2871 4186
3084 3061 4186
2871 2869 2679
2679 2869 2677
2679 2677 2487
2487 2677 2506
1024 1005 856
856 837 4031
3632 4030 3611
3611 3431 3433
3611 3433 4188
3632 3611 4188
3433 3431 3253
3253 3431 3270
3431 4028 3270
3084 3253 3270
3084 3063 3253
3063 3084 4186
4185 1740 1719
1554 1719 1740
1554 1537 1719
1357 1537 1355
839 856 4031
696 679 4033
3976 4032 3957
3808 3957 3789
3976 3957 3808
3632 3613 4030
3613 4190 4030
4190 3789 4030
4190 3808 3789
3613 3632 4188
4187 1196 1177
1024 4189 1005
4189 1177 1005
1177 4029 1005
1177 1196 4029
856 1005 837
681 696 4033
548 533 4035
4140 4034 4123
3976 3959 4032
3959 4192 4032
4192 4123 4032
4192 4140 4123
3808 3959 3976
3808 3791 3959
3791 3808 4190
4189 1024 1007
856 1007 1024
856 839 1007
696 4191 679
4191 839 679
839 4031 679
4196 4292 4194
4196 4294 4292
4193 550 4195
4193 548 550
4035 550 548
4037 550 4035
4292 4036 4277
4140 4125 4034
4125 4194 4034
4194 4277 4034
4194 4292 4277
4125 4140 4192
4191 696 681
548 4193 533
4193 681 533
681 4033 533
4039 4199 401
414 4039 401
4434 4040 4419
4294 4279 4038
4279 4198 4038
4198 4419 4038
4198 4434 4419
4279 4294 4196
4195 550 535
414 4197 399
4197 535 399
535 4037 399
535 550 4037
414 399 4039
4038 4292 4294
4036 4292 4038
4043 294 292
4045 294 4043
4564 4044 4549
4200 4202 4042
4042 4202 4549
4202 4564 4549
4199 4041 4201
4201 4041 292
4041 277 292
292 277 4043
4200 4042 4040
4200 4040 4434
4421 4200 4434
4421 4434 4198
4197 414 401
4039 4041 4199
4207 4205 4047
4207 4047 4049
4206 4048 4046
4206 4046 4566
4551 4206 4566
4551 4566 4204
4203 294 279
4045 4047 4205
4045 4205 279
294 4045 279
4046 4564 4566
4044 4564 4046
4204 4564 4202
4204 4566 4564
4201 294 4203
4201 292 294
4212 4686 4210
4212 4688 4686
4209 188 4211
4209 186 188
4051 188 186
4053 188 4051
4686 4052 4667
4208 4210 4050
4050 4210 4667
4210 4686 4667
4207 4049 4209
4209 4049 186
4049 167 186
186 167 4051
4206 4208 4048
4048 4208 4050
4215 4059 308
280 4215 308
4214 4216 4056
4056 4216 4058
4215 4213 4055
4215 4055 4057
4054 4688 4668
4214 4056 4212
4212 4056 4688
4056 4668 4688
4213 4211 4055
4055 4211 168
4211 188 168
168 188 4053
4054 4686 4688
4052 4686 4054
4219 310 278
278 310 4061
4062 4580 4582
4060 4580 4062
4220 4580 4218
4220 4582 4580
4217 310 4219
4217 308 310
4059 310 308
4061 310 4059
4060 4058 4216
4060 4216 4552
4580 4060 4552
4552 4218 4580
4217 280 308
4215 4057 4059
536 4223 580
400 440 4065
4066 4064 4222
4066 4222 4422
4460 4066 4422
4422 4224 4460
4223 402 440
4221 4063 4065
4221 4065 440
402 4221 440
4062 4582 4550
4222 4064 4220
4220 4064 4582
4064 4550 4582
4221 4219 4063
4063 4219 278
4228 4324 4226
4228 4326 4324
4225 582 4227
4225 580 582
4067 582 580
4069 582 4067
4066 4460 4420
4068 4420 4324
4420 4460 4324
4460 4280 4324
4460 4224 4280
4280 4226 4324
4225 536 580
440 400 4067
4223 440 4067
580 4223 4067
840 4229 898
680 734 4071
4070 4326 4278
4072 4278 4178
4278 4326 4178
4326 4126 4178
4326 4228 4126
4126 4230 4178
4229 682 734
582 534 4071
4227 582 4071
734 4227 4071
682 4227 734
534 582 4069
4070 4324 4326
4068 4324 4070
1006 1066 838
838 898 4073
4072 4178 4124
4074 4124 4018
4124 4178 4018
4178 3960 4018
4178 4230 3960
3792 4018 3960
3792 3850 4018
3792 4232 3850
4231 1008 1066
840 1066 1008
840 898 1066
734 680 4073
4229 734 4073
898 4229 4073
1242 1176 4233
1176 1242 4075
4074 4018 3958
3790 4018 3850
3958 4018 3790
4076 3790 3678
3790 3850 3678
3850 3614 3678
3850 4232 3614
3614 4234 3678
4233 1178 1242
1066 1006 4075
4231 1066 4075
1242 4231 4075
1178 4231 1242
838 1066 898
3434 3612 3678
4234 3434 3678
3434 3254 3432
3432 3254 4078
3254 3320 4078
3064 3320 3254
3064 3134 3320
3064 4236 3134
4235 1720 1790
1538 1790 1720
1538 1604 1790
1358 1356 1538
1538 1356 1604
1356 4077 1604
1176 1356 1358
1176 1358 4233
2488 2560 4080
2296 2560 2488
2296 2368 2560
2104 2102 2296
2296 2102 2368
2102 4079 2368
2102 2104 1912
2102 1912 1910
1718 1910 1912
1718 1912 4235
1790 1718 4235
1536 1790 1604
1718 1790 1536
1536 1604 4077
4076 3678 3612
3434 3432 3612
2124 2103 1932
1932 1911 4185
4080 2560 2486
2294 2560 2368
2486 2560 2294
2294 2368 4079
4078 3320 3252
3062 3320 3134
3252 3320 3062
2872 2870 3062
2872 3062 3134
4236 2872 3134
2870 2872 2680
2870 2680 2678
2680 2488 2678
2678 2488 4080
1721 1719 1537
1721 1537 1556
4333 1721 1556
1376 1537 1357
1556 1537 1376
1376 1357 4187
2892 4186 2871
2700 2871 2679
2892 2871 2700
2508 2679 2487
2700 2679 2508
2316 2487 2295
2508 2487 2316
2124 2295 2103
2316 2295 2124
1932 2103 1911
3065 3063 2873
2873 3063 2892
3063 4186 2892
2700 2873 2892
2700 2681 2873
2508 2681 2700
2508 2489 2681
2316 2489 2508
2316 2297 2489
2124 2297 2316
2124 2105 2297
1932 2105 2124
1932 1913 2105
1721 1913 1719
1719 1913 4185
1913 1932 4185
3272 3255 3435
3255 3272 4334
4333 1556 1539
1376 1539 1556
1376 1359 1539
1198 4335 1177
4335 1359 1177
1359 4187 1177
1359 1376 4187
1198 1177 4189
3452 4188 3433
3272 3433 3253
3452 3433 3272
3253 3063 3065
3253 3065 4334
3272 3253 4334
4338 3810 3791
3615 3634 4336
4335 1198 1179
1026 4337 1007
4337 1179 1007
1179 4189 1007
1179 1198 4189
858 1007 839
1026 1007 858
858 839 4191
3634 4190 3613
3452 3435 4188
3435 4336 4188
4336 3613 4188
4336 3634 3613
3272 3435 3452
3810 3793 3961
3793 3810 4338
4337 1026 1009
858 1009 1026
858 841 1009
698 4339 681
4339 841 681
841 4191 681
841 858 4191
698 681 4193
3978 4192 3959
3810 3959 3791
3978 3959 3810
3634 3615 4190
3615 4338 4190
4338 3791 4190
683 700 4195
552 535 4197
4196 4142 4144
4194 4142 4196
4342 4142 4340
4342 4144 4142
4339 700 4341
4339 698 700
4193 700 698
4195 700 4193
4142 4194 4125
3978 3961 4192
3961 4340 4192
4340 4125 4192
4340 4142 4125
3810 3961 3978
4343 552 537
416 4345 401
4345 537 401
537 4197 401
537 552 4197
416 401 4199
4296 4198 4279
4144 4127 4196
4127 4344 4196
4344 4279 4196
4344 4296 4279
4127 4144 4342
4341 700 683
552 4343 535
4343 683 535
683 4195 535
4201 4349 403
418 4201 403
4202 4436 4438
4200 4436 4202
4348 4436 4346
4348 4438 4436
4345 418 4347
4345 416 418
4199 418 416
4201 418 4199
4436 4200 4421
4296 4281 4198
4281 4346 4198
4346 4421 4198
4346 4436 4421
4281 4296 4344
4205 298 296
4207 298 4205
4568 4206 4551
4350 4352 4204
4204 4352 4551
4352 4568 4551
4349 4203 4351
4351 4203 296
4203 279 296
296 279 4205
4350 4204 4202
4350 4202 4438
4423 4350 4438
4423 4438 4348
4347 418 403
4201 4203 4349
4209 302 300
4211 302 4209
4210 4570 4572
4208 4570 4210
4356 4570 4354
4356 4572 4570
4353 300 4355
4353 298 300
4207 300 298
4209 300 4207
4208 4568 4570
4206 4568 4208
4354 4568 4352
4354 4570 4568
4351 298 4353
4351 296 298
4213 306 304
4215 306 4213
4214 4574 4576
4212 4574 4214
4360 4574 4358
4360 4576 4574
4357 304 4359
4357 302 304
4211 304 302
4213 304 4211
4212 4572 4574
4210 4572 4212
4358 4572 4356
4358 4574 4572
4355 302 4357
4355 300 302
4363 4219 436
404 4363 436
4216 4578 4552
4364 4218 4362
4362 4218 4578
4218 4552 4578
4363 4361 4217
4217 4361 280
4361 306 280
280 306 4215
4216 4576 4578
4214 4576 4216
4362 4576 4360
4362 4578 4576
4359 306 4361
4359 304 306
538 4367 578
402 438 4221
4222 4456 4458
4220 4456 4222
4368 4456 4366
4368 4458 4456
4365 438 4367
4365 436 438
4219 438 436
4221 438 4219
4220 4218 4364
4220 4364 4424
4456 4220 4424
4424 4366 4456
4365 404 436
4363 4217 4219
4371 684 730
578 536 4225
4369 578 4225
730 4369 4225
684 4369 730
536 578 4223
4222 4458 4422
4224 4422 4322
4422 4458 4322
4458 4282 4322
4458 4368 4282
4282 4370 4322
4369 538 578
438 402 4223
4367 438 4223
578 4367 4223
842 4373 896
682 732 4227
4228 4174 4176
4226 4174 4228
4374 4174 4372
4374 4176 4174
4371 732 4373
4371 730 732
4225 732 730
4227 732 4225
4224 4322 4280
4226 4280 4174
4280 4322 4174
4322 4128 4174
4322 4370 4128
4128 4372 4174
1008 1064 840
840 896 4229
4228 4176 4126
4230 4126 4016
4126 4176 4016
4176 3962 4016
4176 4374 3962
3794 4016 3962
3794 3848 4016
3794 4376 3848
4375 1010 1064
842 1064 1010
842 896 1064
732 682 4229
4373 732 4229
896 4373 4229
1360 4377 1422
1178 1240 4231
4230 4016 3960
3792 4016 3848
3960 4016 3792
4232 3792 3676
3792 3848 3676
3848 3616 3676
3848 4376 3616
3616 4378 3676
4377 1180 1240
1064 1008 4231
4375 1064 4231
1240 4375 4231
1180 4375 1240
840 1064 896
1538 1602 1358
1358 1422 4233
4232 3676 3614
4234 3614 3498
3614 3676 3498
3676 3436 3498
3676 4378 3436
3256 3498 3436
3256 3318 3498
3256 4380 3318
4379 1540 1602
1360 1602 1540
1360 1422 1602
1240 1178 4233
4377 1240 4233
1422 4377 4233
2682 2750 2942
2490 2750 2682
2490 2558 2750
2298 2558 2490
2298 2366 2558
2106 2366 2298
2106 2174 2366
1914 2174 2106
1914 1982 2174
1722 1720 1914
1914 1720 1982
1720 4235 1982
1538 1720 1722
1538 1722 4379
1602 1538 4379
1358 1602 1422
2488 2558 2296
2104 2366 2174
2296 2366 2104
1912 2174 1982
2104 2174 1912
1912 1982 4235
4234 3498 3434
3254 3498 3318
3434 3498 3254
3066 3064 3254
3066 3254 3318
4380 3066 3318
3066 2874 3064
3064 2874 4236
2874 2942 4236
2682 2942 2874
2702 2681 2510
2318 2489 2297
2510 2489 2318
2126 2297 2105
2318 2297 2126
1934 2105 1913
2126 2105 1934
1742 1913 1721
1934 1913 1742
1742 1721 4333
4236 2942 2872
2680 2942 2750
2872 2942 2680
2488 2750 2558
2680 2750 2488
2296 2558 2366
1934 1915 2107
1742 1915 1934
1742 1723 1915
1558 4469 1539
4469 1723 1539
1723 4333 1539
1723 1742 4333
1378 1539 1359
1558 1539 1378
1378 1359 4335
3086 4334 3065
2894 3065 2873
3086 3065 2894
2702 2873 2681
2894 2873 2702
2510 2681 2489
3454 3435 3274
3086 3067 4334
3067 4470 4334
4470 3255 4334
4470 3274 3255
2894 3067 3086
2894 2875 3067
2702 2875 2894
2702 2683 2875
2510 2683 2702
2510 2491 2683
2318 2491 2510
2318 2299 2491
2126 2299 2318
2126 2107 2299
1934 2107 2126
3437 4472 4336
4472 3615 4336
4472 3636 3615
3274 3437 3454
3274 3257 3437
3257 3274 4470
4469 1558 1541
1378 1541 1558
1378 1361 1541
1200 4471 1179
4471 1361 1179
1361 4335 1179
1361 1378 4335
1200 1179 4337
3454 4336 3435
3274 3435 3255
3980 3961 3812
3636 3617 4338
3617 4474 4338
4474 3793 4338
4474 3812 3793
3617 3636 4472
4471 1200 1181
1028 4473 1009
4473 1181 1009
1181 4337 1009
1181 1200 4337
860 1009 841
1028 1009 860
860 841 4339
3636 4338 3615
3454 3437 4336
843 862 4341
702 683 4343
4342 3980 3982
4340 3980 4342
3980 3812 3982
3982 3812 4476
3812 3795 4476
3795 3812 4474
4473 1028 1011
860 862 1028
1028 862 1011
862 4475 1011
4339 862 860
4341 862 4339
3980 4340 3961
3812 3961 3793
4477 702 685
554 4479 537
4479 685 537
685 4343 537
685 702 4343
554 537 4345
4146 4344 4127
3982 3963 4342
3963 4478 4342
4478 4127 4342
4478 4146 4127
3963 3982 4476
4475 862 843
702 4477 683
4477 843 683
843 4341 683
539 556 4347
420 403 4349
4348 4298 4300
4346 4298 4348
4482 4298 4480
4482 4300 4298
4479 556 4481
4479 554 556
4345 556 554
4347 556 4345
4298 4346 4281
4146 4129 4344
4129 4480 4344
4480 4281 4344
4480 4298 4281
4129 4146 4478
4486 4440 4484
4486 4442 4440
4483 422 4485
4483 420 422
4349 422 420
4351 422 4349
4440 4350 4423
4300 4283 4348
4283 4484 4348
4484 4423 4348
4484 4440 4423
4283 4300 4482
4481 556 539
420 4483 403
4483 539 403
539 4347 403
4490 4444 4488
4490 4446 4444
4487 426 4489
4487 424 426
4353 426 424
4355 426 4353
4354 4442 4444
4352 4442 4354
4488 4442 4486
4488 4444 4442
4485 424 4487
4485 422 424
4351 424 422
4353 424 4351
4352 4440 4442
4350 4440 4352
4494 4448 4492
4494 4450 4448
4491 430 4493
4491 428 430
4357 430 428
4359 430 4357
4358 4446 4448
4356 4446 4358
4492 4446 4490
4492 4448 4446
4489 428 4491
4489 426 428
4355 428 426
4357 428 4355
4356 4444 4446
4354 4444 4356
4498 4452 4496
4498 4454 4452
4495 434 4497
4495 432 434
4361 434 432
4363 434 4361
4362 4450 4452
4360 4450 4362
4496 4450 4494
4496 4452 4450
4493 432 4495
4493 430 432
4359 432 430
4361 432 4359
4360 4448 4450
4358 4448 4360
4365 576 574
4367 576 4365
4364 4454 4424
4366 4424 4318
4424 4454 4318
4454 4284 4318
4454 4498 4284
4284 4500 4318
4499 540 574
434 404 4365
4497 434 4365
574 4497 4365
540 4497 574
404 434 4363
4364 4452 4454
4362 4452 4364
4282 4320 4172
4320 4130 4172
4320 4502 4130
4130 4504 4172
4503 686 728
576 538 4369
4501 576 4369
728 4501 4369
686 4501 728
538 576 4367
4368 4318 4320
4366 4318 4368
4502 4318 4500
4502 4320 4318
4499 576 4501
4499 574 576
4371 894 892
4373 894 4371
4370 4172 4128
4372 4128 4012
4128 4172 4012
4172 3964 4012
4172 4504 3964
3964 4506 4012
4505 844 892
728 684 4371
4503 728 4371
892 4503 4371
844 4503 892
684 728 4369
4368 4320 4282
4370 4282 4172
4507 1062 4375
1238 4507 4375
1182 4507 1238
842 1062 894
1010 1062 842
842 894 4373
4374 4012 4014
4372 4012 4374
4014 4012 3846
3846 4012 3796
4012 4506 3796
3796 4508 3846
4507 1012 1062
894 1062 892
892 1062 4505
1062 1012 4505
1362 1420 1600
1238 1180 4377
4509 1238 4377
1420 4509 4377
1362 4509 1420
1180 1238 4375
4374 4014 3962
3794 4014 3846
3962 4014 3794
4376 3794 3674
3794 3846 3674
3846 3618 3674
3846 4508 3618
3618 4510 3674
4509 1182 1238
1062 1010 4375
4511 1600 4379
1788 4511 4379
1724 4511 1788
1360 1600 1420
1540 1600 1360
1360 1420 4377
4376 3674 3616
4378 3616 3496
3616 3674 3496
3674 3438 3496
3674 4510 3438
3258 3496 3438
3258 3316 3496
3258 4512 3316
4511 1542 1600
1362 1600 1542
3316 4512 3068
2876 3132 3068
2876 2940 3132
2684 2940 2876
2684 2748 2940
2492 2748 2684
2492 2556 2748
2300 2556 2492
2300 2364 2556
2108 2364 2300
2108 2172 2364
1916 2172 2108
1916 1980 2172
1724 1980 1916
1724 1788 1980
1600 1540 4379
2682 2748 2490
2298 2556 2364
2490 2556 2298
2106 2364 2172
2298 2364 2106
1914 2172 1980
2106 2172 1914
1722 1980 1788
1914 1980 1722
1722 1788 4379
4378 3496 3436
3256 3496 3316
3436 3496 3256
4380 3256 3132
3256 3316 3132
3316 3068 3132
2704 2683 2512
2320 2491 2299
2512 2491 2320
2128 2299 2107
2320 2299 2128
1936 2107 1915
2128 2107 1936
1744 1915 1723
1936 1915 1744
1744 1723 4469
4380 3132 3066
2874 3132 2940
3066 3132 2874
2682 2940 2748
2874 2940 2682
2490 2748 2556
1936 1917 2109
1744 1746 1936
1936 1746 1917
1746 4593 1917
1560 1746 1744
1560 1744 4469
1541 1560 4469
1380 1541 1361
1560 1541 1380
1380 1361 4471
3088 4470 3067
2896 3067 2875
3088 3067 2896
2704 2875 2683
2896 2875 2704
2512 2683 2491
3456 3437 3276
3088 3090 3276
3088 3276 3257
4470 3088 3257
3088 2896 3090
3090 2896 4594
2896 2877 4594
2704 2877 2896
2704 2685 2877
2512 2685 2704
2512 2493 2685
2320 2493 2512
2320 2301 2493
2128 2301 2320
2128 2109 2301
1936 2109 2128
3276 3259 4596
3090 3259 3276
3090 3069 3259
3069 3090 4594
4593 1746 1725
1560 1725 1746
1560 1543 1725
1380 1382 1560
1560 1382 1543
1382 4595 1543
1202 1382 1380
1202 1380 4471
1181 1202 4471
1202 1181 4473
3456 4472 3437
3276 3437 3257
3458 3439 3619
3439 3458 4596
4595 1382 1363
1202 1363 1382
1202 1183 1363
1030 4597 1011
4597 1183 1011
1183 4473 1011
1183 1202 4473
1030 1011 4475
3638 4474 3617
3456 3458 3638
3456 3638 3617
4472 3456 3617
3456 3276 3458
3458 3276 4596
3797 4600 4476
4600 3963 4476
4600 3984 3963
3797 3814 4598
4597 1030 1013
864 4599 843
4599 1013 843
1013 4475 843
1013 1030 4475
864 843 4477
3814 4476 3795
3638 3619 4474
3619 4598 4474
4598 3795 4474
4598 3814 3795
3458 3619 3638
4479 706 704
4481 706 4479
4148 4480 4129
3984 3986 4148
3984 4148 4129
4478 3984 4129
4602 3984 4600
4602 3986 3984
4599 866 4601
4599 864 866
704 866 864
704 864 4477
685 704 4477
704 685 4479
3984 4478 3963
3814 3797 4476
4603 708 4605
4603 706 708
558 708 706
558 706 4481
539 558 4481
558 539 4483
4482 4148 4150
4480 4148 4482
4148 3986 4150
4150 3986 4604
3986 3965 4604
3965 3986 4602
4601 866 845
704 706 866
866 706 845
706 4603 845
4302 4152 4304
4304 4152 4608
4152 4131 4608
4131 4152 4606
4605 708 687
558 560 708
708 560 687
560 4607 687
4483 560 558
4485 560 4483
4302 4484 4283
4150 4152 4302
4150 4302 4283
4482 4150 4283
4606 4150 4604
4606 4152 4150
4612 4306 4610
4612 4308 4306
4609 564 4611
4609 562 564
4487 564 562
4489 564 4487
4488 4304 4306
4486 4304 4488
4610 4304 4608
4610 4306 4304
4607 562 4609
4607 560 562
4485 562 560
4487 562 4485
4486 4302 4304
4484 4302 4486
4616 4310 4614
4616 4312 4310
4613 568 4615
4613 566 568
4491 568 566
4493 568 4491
4492 4308 4310
4490 4308 4492
4614 4308 4612
4614 4310 4308
4611 566 4613
4611 564 566
4489 566 564
4491 566 4489
4490 4306 4308
4488 4306 4490
4619 688 722
572 722 570
570 722 4617
722 688 4617
4495 572 570
4497 572 4495
4496 4312 4314
4494 4312 4496
4618 4312 4616
4618 4314 4312
4615 570 4617
4615 568 570
4493 570 568
4495 570 4493
4494 4310 4312
4492 4310 4494
4316 4168 4500
4284 4316 4500
4622 4166 4620
4622 4168 4166
4619 724 4621
4619 722 724
724 722 572
724 572 540
4499 724 540
540 572 4497
4498 4314 4316
4496 4314 4498
4316 4314 4166
4166 4314 4132
4314 4618 4132
4132 4620 4166
4503 890 686
686 726 4501
4502 4168 4170
4500 4168 4502
4170 4168 4008
4008 4168 3966
4168 4622 3966
3966 4624 4008
4623 846 888
726 888 724
724 888 4621
888 846 4621
4499 726 724
4501 726 4499
4498 4316 4284
4316 4166 4168
4627 1014 1060
890 844 4505
4625 890 4505
1060 4625 4505
1014 4625 1060
844 890 4503
4502 4170 4130
4170 4008 4010
4170 4010 4504
4130 4170 4504
4626 4008 4624
4626 4010 4008
4623 890 4625
4623 888 890
890 888 726
890 726 686
3440 3492 3672
3440 4630 3492
4629 1364 1416
1184 1416 1364
1184 1236 1416
1060 1012 4507
4627 1060 4507
1236 4627 4507
1184 4627 1236
1012 1060 4505
4504 4010 3964
4506 3964 3844
3964 4010 3844
4010 3798 3844
4010 4626 3798
3798 4628 3844
4631 1726 1784
1544 1784 1726
1544 1598 1784
1418 1598 1416
1416 1598 4629
1598 1544 4629
1418 1416 1236
1418 1236 1182
4509 1418 1182
1182 1236 4507
4506 3844 3796
4508 3796 3672
3796 3844 3672
3844 3620 3672
3844 4628 3620
3440 3672 3620
1786 1784 1598
1786 1598 1542
4511 1786 1542
1362 1598 1418
1542 1598 1362
1362 1418 4509
4508 3672 3618
3672 3492 3494
3672 3494 4510
3618 3672 4510
3494 3492 3314
3314 3492 3260
3492 4630 3260
3070 3314 3260
3070 3128 3314
3070 4632 3128
3130 3128 2938
2938 3128 2878
3128 4632 2878
2686 2938 2878
2686 2746 2938
2494 2746 2686
2494 2554 2746
2302 2554 2494
2302 2362 2554
2110 2362 2302
2110 2170 2362
1918 2170 2110
1918 1978 2170
1786 1978 1784
1784 1978 4631
1978 1918 4631
2684 2746 2492
2300 2554 2362
2492 2554 2300
2108 2362 2170
2300 2362 2108
1916 2170 1978
2108 2170 1916
1724 1978 1786
1916 1978 1724
1724 1786 4511
4510 3494 3438
3258 3494 3314
3438 3494 3258
3314 3128 3130
3314 3130 4512
3258 3314 4512
2898 2877 2706
2514 2685 2493
2706 2685 2514
2322 2493 2301
2514 2493 2322
2130 2301 2109
2322 2301 2130
1938 2109 1917
2130 2109 1938
1938 1917 4593
4512 3130 3068
2876 3130 2938
3068 3130 2876
2684 2938 2746
2876 2938 2684
2492 2746 2554
2514 2495 4706
2322 2495 2514
2322 2303 2495
2130 2132 2322
2322 2132 2303
2132 4705 2303
2130 1938 2132
2132 1938 1940
1748 1940 1938
1748 1938 4593
1725 1748 4593
1562 1725 1543
1748 1725 1562
1562 1543 4595
2898 4594 2877
2706 2877 2685
1384 1564 1562
1384 1562 4595
1363 1384 4595
1204 1363 1183
1384 1363 1204
1204 1183 4597
3278 4596 3259
3092 3259 3069
3278 3259 3092
2898 2900 3092
2898 3092 3069
4594 2898 3069
2898 2706 2900
2900 2706 2708
2706 2514 2708
2708 2514 4706
3278 3092 3280
3280 3092 4708
3092 3071 4708
2900 3071 3092
2900 2879 3071
2708 2879 2900
2708 2687 2879
2687 2708 4706
4705 2132 2111
1940 2111 2132
1940 1919 2111
1748 1919 1940
1748 1727 1919
1562 1564 1748
1748 1564 1727
1564 4707 1727
4707 1564 1545
1384 1545 1564
1384 1365 1545
1204 1206 1384
1384 1206 1365
1206 4709 1365
1032 1206 1204
1032 1204 4597
1013 1032 4597
1032 1013 4599
3640 4598 3619
3460 3619 3439
3640 3619 3460
3278 3280 3460
3278 3460 3439
4596 3278 3439
4709 1206 1185
1032 1034 1206
1206 1034 1185
1034 4711 1185
4599 1034 1032
4601 1034 4599
3816 4600 3797
3640 3642 3816
3640 3816 3797
4598 3640 3797
3640 3460 3642
3642 3460 4710
3460 3441 4710
3280 3441 3460
3280 3261 3441
3261 3280 4708
3818 3988 3965
4602 3818 3965
4714 3818 4712
4714 3820 3818
4711 1036 4713
4711 1034 1036
868 1036 1034
868 1034 4601
845 868 4601
868 845 4603
4602 3816 3818
4600 3816 4602
3816 3642 3818
3818 3642 4712
3642 3621 4712
3621 3642 4710
687 710 4605
710 687 4607
4606 3988 3990
4604 3988 4606
3988 3820 3990
3990 3820 4716
3820 3799 4716
3799 3820 4714
4713 1036 1015
868 870 1036
1036 870 1015
870 4715 1015
4603 870 868
4605 870 4603
3988 4604 3965
3818 3820 3988
4717 874 4719
4717 872 874
872 710 874
874 710 712
4607 712 710
4609 712 4607
4154 4608 4131
3990 3992 4154
3990 4154 4131
4606 3990 4131
4718 3990 4716
4718 3992 3990
4715 872 4717
4715 870 872
710 872 870
710 870 4605
4156 3994 4158
4158 3994 4722
3994 3967 4722
3967 3994 4720
4719 874 847
712 714 874
874 714 847
714 4721 847
4609 714 712
4611 714 4609
4610 4154 4156
4608 4154 4610
4154 3992 4156
4156 3992 3994
4720 3992 4718
4720 3994 3992
4725 848 880
718 880 716
716 880 4723
880 848 4723
4613 718 716
4615 718 4613
4614 4158 4160
4612 4158 4614
4724 4158 4722
4724 4160 4158
4721 716 4723
4721 714 716
4611 716 714
4613 716 4611
4612 4156 4158
4610 4156 4612
4162 4000 4164
4164 4000 4002
4728 4000 4726
4728 4002 4000
4725 882 4727
4725 880 882
880 718 882
882 718 720
4615 720 718
4617 720 4615
4616 4160 4162
4614 4160 4616
4162 4160 4000
4000 4160 3968
4160 4724 3968
3968 4726 4000
4619 886 884
4621 886 4619
4618 4164 4132
4164 4002 4004
4164 4004 4620
4132 4164 4620
4730 4002 4728
4730 4004 4002
4727 884 4729
4727 882 884
884 882 720
884 720 688
4619 884 688
688 720 4617
4618 4162 4164
4616 4162 4618
4731 1056 4733
4731 1054 1056
1056 1054 886
1056 886 846
4623 1056 846
846 886 4621
4622 4004 4006
4620 4004 4622
4006 4004 3838
3838 4004 3800
4004 4730 3800
3800 4732 3838
4731 1016 1054
886 1054 884
884 1054 4729
1054 1016 4729
3842 3840 3668
3668 3840 3622
3840 4734 3622
3622 4736 3668
4735 1186 1232
1058 1232 1056
1056 1232 4733
1232 1186 4733
4623 1058 1056
4625 1058 4623
4622 4006 3966
4006 3838 3840
4006 3840 4624
3966 4006 4624
4734 3838 4732
4734 3840 3838
3668 4736 3442
3262 3490 3442
3262 3310 3490
3262 4738 3310
4737 1546 1594
1366 1594 1546
1366 1414 1594
1234 1414 1232
1232 1414 4735
1414 1366 4735
1234 1232 1058
1234 1058 1014
4627 1234 1014
1014 1058 4625
4626 3840 3842
4624 3840 4626
1728 1782 1974
1596 1782 1594
1594 1782 4737
1782 1728 4737
1596 1594 1414
1596 1414 1364
4629 1596 1364
1184 1414 1234
1364 1414 1184
1184 1234 4627
4626 3842 3798
3842 3668 3670
3842 3670 4628
3798 3842 4628
3670 3668 3490
3490 3668 3442
3620 3670 3440
3490 3310 3312
3490 3312 4630
3440 3490 4630
3312 3310 3126
3126 3310 3072
3310 4738 3072
2880 3126 3072
2880 2934 3126
2688 2934 2880
2688 2742 2934
2688 4740 2742
4739 2112 2166
1920 2166 2112
1920 1974 2166
1728 1974 1920
2742 4740 2496
2304 2552 2496
2304 2360 2552
2168 2360 2166
2166 2360 4739
2360 2304 4739
2166 1974 2168
2168 1974 1976
1976 1974 1782
1976 1782 1726
4631 1976 1726
1544 1782 1596
1726 1782 1544
1544 1596 4629
4628 3670 3620
3440 3670 3490
2494 2552 2302
2110 2360 2168
2302 2360 2110
1918 2168 1976
2110 2168 1918
1918 1976 4631
4630 3312 3260
3070 3312 3126
3260 3312 3070
3126 2934 2936
3126 2936 4632
3070 3126 4632
2934 2742 2936
2936 2742 2744
2744 2742 2552
2552 2742 2496
2111 2134 4705
1942 2111 1919
2134 2111 1942
1750 1919 1727
1942 1919 1750
1750 1727 4707
2516 4706 2495
2324 2495 2303
2516 2495 2324
2324 2303 4705
4632 2936 2878
2686 2936 2744
2878 2936 2686
2494 2744 2552
2686 2744 2494
2302 2552 2360
1545 1566 4707
1386 1545 1365
1566 1545 1386
1386 1365 4709
3094 4708 3071
2902 3071 2879
3094 3071 2902
2710 2879 2687
2902 2879 2710
2516 2518 2710
2516 2710 2687
4706 2516 2687
2516 2324 2518
2518 2324 2326
2134 2326 2324
2134 2324 4705
2902 2710 2904
2904 2710 4798
2710 2689 4798
2518 2689 2710
2518 2497 2689
2326 2497 2518
2326 2305 2497
2134 2305 2326
2134 2113 2305
1942 1944 2134
2134 1944 2113
1944 4797 2113
1942 1750 1944
1944 1750 1752
1566 1752 1750
1566 1750 4707
1752 1568 1729
1568 4799 1729
1566 1386 1568
1568 1386 1388
1208 1388 1386
1208 1386 4709
1185 1208 4709
1208 1185 4711
3462 4710 3441
3282 3441 3261
3462 3441 3282
3094 3096 3282
3094 3282 3261
4708 3094 3261
3094 2902 3096
3096 2902 2904
3644 4712 3621
3462 3464 3644
3462 3644 3621
4710 3462 3621
3462 3282 3464
3464 3282 3284
3282 3096 3284
3284 3096 4800
3096 3073 4800
2904 3073 3096
2904 2881 3073
2881 2904 4798
4797 1944 1921
1752 1921 1944
1752 1729 1921
1566 1568 1752
4714 3644 3646
4712 3644 4714
3644 3464 3646
3646 3464 3466
3464 3284 3466
3466 3284 4802
3284 3263 4802
3263 3284 4800
4799 1568 1547
1388 1390 1568
1568 1390 1547
1390 4801 1547
1388 1208 1390
1390 1208 1210
4711 1210 1208
4713 1210 4711
3822 4716 3799
3646 3648 3822
3646 3822 3799
4714 3646 3799
3646 3466 3648
3648 3466 4804
3466 3443 4804
3443 3466 4802
4801 1390 1367
1210 1212 1390
1390 1212 1367
1212 4803 1367
1038 1212 1210
1038 1210 4713
1015 1038 4713
1038 1015 4715
1214 1042 1187
1042 4807 1187
4717 1042 1040
4719 1042 4717
4718 3822 3824
4716 3822 4718
3822 3648 3824
3824 3648 3650
4806 3648 4804
4806 3650 3648
4803 1214 4805
4803 1212 1214
1212 1038 1214
1214 1038 1040
4715 1040 1038
4717 1040 4715
4810 3826 4808
4810 3828 3826
4807 1044 4809
4807 1042 1044
876 1044 1042
876 1042 4719
847 876 4719
876 847 4721
4720 3824 3826
4718 3824 4720
3824 3650 3826
3826 3650 4808
3650 3623 4808
3623 3650 4806
4805 1214 1187
1040 1042 1214
4724 3996 3998
4722 3996 4724
3996 3828 3998
3998 3828 3830
4812 3828 4810
4812 3830 3828
4809 1046 4811
4809 1044 1046
1044 876 1046
1046 876 878
4721 878 876
4723 878 4721
3996 4722 3967
3826 3828 3996
3826 3996 3967
4720 3826 3967
1048 1224 4813
1224 1188 4813
4725 1050 1048
4727 1050 4725
4724 3998 3968
3998 3830 3832
3998 3832 4726
3968 3998 4726
4814 3830 4812
4814 3832 3830
4811 1048 4813
4811 1046 1048
1048 1046 878
1048 878 848
4725 1048 848
848 878 4723
4818 3660 4816
4818 3662 3660
4815 1226 4817
4815 1224 1226
1224 1050 1226
1226 1050 1052
4727 1052 1050
4729 1052 4727
4728 3832 3834
4726 3832 4728
3834 3832 3660
3660 3832 3624
3832 4814 3624
3624 4816 3660
4815 1188 1224
1050 1224 1048
3664 3662 3484
3484 3662 3444
3662 4818 3444
3444 4820 3484
4819 1368 1408
1228 1408 1226
1226 1408 4817
1408 1368 4817
1228 1226 1052
1228 1052 1016
4731 1228 1016
1016 1052 4729
4730 3834 3836
4728 3834 4730
3834 3660 3836
3836 3660 3662
3486 3484 3306
3306 3484 3264
3484 4820 3264
3264 4822 3306
4821 1548 1590
1410 1590 1408
1408 1590 4819
1590 1548 4819
1408 1228 1410
1410 1228 1230
4731 1230 1228
4733 1230 4731
4730 3836 3800
3836 3662 3664
3836 3664 4732
3800 3836 4732
4823 1922 1970
1730 1970 1922
1730 1778 1970
1592 1778 1590
1590 1778 4821
1778 1730 4821
1590 1410 1592
1592 1410 1412
1412 1410 1230
1412 1230 1186
4735 1412 1186
1186 1230 4733
4734 3664 3666
4732 3664 4734
3664 3484 3666
3666 3484 3486
4737 1780 1546
1366 1592 1412
1546 1592 1366
1366 1412 4735
4734 3666 3622
3666 3486 3488
3666 3488 4736
3622 3666 4736
3486 3306 3488
3488 3306 3308
3308 3306 3122
3122 3306 3074
3306 4822 3074
2882 3122 3074
2882 2930 3122
2882 4824 2930
2932 2930 2740
2740 2930 2690
2930 4824 2690
2498 2740 2690
2498 2548 2740
2306 2548 2498
2306 2356 2548
2114 2356 2306
2114 2164 2356
1972 2164 1970
1970 2164 4823
2164 2114 4823
1970 1778 1972
1972 1778 1780
1780 1778 1592
1780 1592 1546
2358 2356 2164
2358 2164 2112
4739 2358 2112
1920 2164 1972
2112 2164 1920
1728 1972 1780
1920 1972 1728
1728 1780 4737
4736 3488 3442
3262 3488 3308
3442 3488 3262
3308 3122 3124
3308 3124 4738
3262 3308 4738
3122 2930 3124
3124 2930 2932
2328 2305 2136
2136 2113 4797
4740 2550 2496
2304 2550 2358
2496 2550 2304
2304 2358 4739
4738 3124 3072
2880 3124 2932
3072 3124 2880
2688 2932 2740
2880 2932 2688
2740 2548 2550
2740 2550 4740
2688 2740 4740
2548 2356 2550
2550 2356 2358
2520 2328 2522
2522 2328 2330
2328 2136 2330
2330 2136 2138
1946 2138 2136
1946 2136 4797
1921 1946 4797
1754 1921 1729
1946 1921 1754
1754 1729 4799
2712 4798 2689
2520 2689 2497
2712 2689 2520
2328 2497 2305
2520 2497 2328
2136 2305 2113
2138 1946 2140
2140 1946 1948
1946 1754 1948
1948 1754 1756
1570 1756 1754
1570 1754 4799
1547 1570 4799
1570 1547 4801
3098 4800 3073
2906 3073 2881
3098 3073 2906
2712 2714 2906
2712 2906 2881
4798 2712 2881
2712 2520 2714
2714 2520 2522
1367 1392 4801
1392 1367 4803
3286 4802 3263
3098 3100 3286
3098 3286 3263
4800 3098 3263
3098 2906 3100
3100 2906 2908
2906 2714 2908
2908 2714 2716
2714 2522 2716
2716 2522 2524
2522 2330 2524
2524 2330 2332
2330 2138 2332
2332 2138 2140
2716 2691 4858
2524 2691 2716
2524 2499 2691
2332 2499 2524
2332 2307 2499
2140 2307 2332
2140 2115 2307
1948 1950 2140
2140 1950 2115
1950 4857 2115
1948 1756 1950
1950 1756 1758
1756 1570 1758
1758 1570 1572
1392 1572 1570
1392 1570 4801
1758 1572 1760
1760 1572 1574
1572 1392 1574
1574 1392 1394
4803 1394 1392
4805 1394 4803
3468 4804 3443
3286 3288 3468
3286 3468 3443
4802 3286 3443
3286 3100 3288
3288 3100 3102
3100 2908 3102
3102 2908 2910
2908 2716 2910
2910 2716 4858
1187 1216 4805
1216 1187 4807
4806 3468 3470
4804 3468 4806
3468 3288 3470
3470 3288 3290
3288 3102 3290
3290 3102 3104
3102 2910 3104
3104 2910 4860
2910 2883 4860
2883 2910 4858
4857 1950 1923
1758 1760 1950
1950 1760 1923
1760 4859 1923
3470 3652 3623
4806 3470 3623
3470 3290 3472
3472 3290 3292
3290 3104 3292
3292 3104 4862
3104 3075 4862
3075 3104 4860
4859 1760 1731
1574 1576 1760
1760 1576 1731
1576 4861 1731
1574 1394 1576
1576 1394 1396
1216 1396 1394
1216 1394 4805
3652 3472 3654
3654 3472 3474
3472 3292 3474
3474 3292 3294
4864 3292 4862
4864 3294 3292
4861 1578 4863
4861 1576 1578
1576 1396 1578
1578 1396 1398
1396 1216 1398
1398 1216 1218
4807 1218 1216
4809 1218 4807
3652 4808 3623
3470 3472 3652
3654 3474 3656
3656 3474 3476
3474 3294 3476
3476 3294 3296
4866 3294 4864
4866 3296 3294
4863 1580 4865
4863 1578 1580
1578 1398 1580
1580 1398 1400
1398 1218 1400
1400 1218 1220
4809 1220 1218
4811 1220 4809
4810 3652 3654
4808 3652 4810
3656 3476 3658
3658 3476 3478
3476 3296 3478
3478 3296 3298
4868 3296 4866
4868 3298 3296
4865 1582 4867
4865 1580 1582
1580 1400 1582
1582 1400 1402
1400 1220 1402
1402 1220 1222
4811 1222 1220
4813 1222 4811
4812 3654 3656
4810 3654 4812
3300 3298 3114
3114 3298 3076
3298 4868 3076
3076 4870 3114
4869 1732 1770
1584 1770 1582
1582 1770 4867
1770 1732 4867
1582 1402 1584
1584 1402 1404
1404 1402 1222
1404 1222 1188
4815 1404 1188
1188 1222 4813
4814 3656 3658
4812 3656 4814
4871 1924 1964
1772 1964 1770
1770 1964 4869
1964 1924 4869
1770 1584 1772
1772 1584 1586
1584 1404 1586
1586 1404 1406
4815 1406 1404
4817 1406 4815
4814 3658 3624
3658 3478 3480
3658 3480 4816
3624 3658 4816
3478 3298 3480
3480 3298 3300
1772 1586 1774
1774 1586 1588
1588 1586 1406
1588 1406 1368
4819 1588 1368
1368 1406 4817
4818 3480 3482
4816 3480 4818
3480 3300 3482
3482 3300 3302
3300 3114 3302
3302 3114 3116
3116 3114 2924
2924 3114 2884
3114 4870 2884
2884 4872 2924
3116 2924 3118
3118 2924 2926
2926 2924 2734
2734 2924 2692
2924 4872 2692
2500 2734 2692
2500 2542 2734
2308 2542 2500
2308 2350 2542
2116 2350 2308
2116 2158 2350
1966 2158 1964
1964 2158 4871
2158 2116 4871
1964 1772 1966
1966 1772 1774
2350 2158 2352
2352 2158 2160
2158 1966 2160
2160 1966 1968
1966 1774 1968
1968 1774 1776
1776 1774 1588
1776 1588 1548
4821 1776 1548
1548 1588 4819
4818 3482 3444
3482 3302 3304
3482 3304 4820
3444 3482 4820
3302 3116 3304
3304 3116 3118
4823 2162 1922
1730 1968 1776
1922 1968 1730
1730 1776 4821
4820 3304 3264
3304 3118 3120
3304 3120 4822
3264 3304 4822
3118 2926 3120
3120 2926 2928
2926 2734 2928
2928 2734 2736
2734 2542 2736
2736 2542 2544
2542 2350 2544
2544 2350 2352
2306 2354 2114
2114 2162 4823
4822 3120 3074
2882 3120 2928
3074 3120 2882
2928 2736 2738
2928 2738 4824
2882 2928 4824
2736 2544 2738
2738 2544 2546
2544 2352 2546
2546 2352 2354
2352 2160 2354
2354 2160 2162
2162 2160 1968
2162 1968 1922
1923 1952 4857
1952 1923 4859
2718 4858 2691
2526 2691 2499
2718 2691 2526
2334 2499 2307
2526 2499 2334
2142 2307 2115
2334 2307 2142
2142 2115 4857
4824 2738 2690
2498 2738 2546
2690 2738 2498
2306 2546 2354
2498 2546 2306
2114 2354 2162
1762 1954 1952
1762 1952 4859
1731 1762 4859
1762 1731 4861
2912 4860 2883
2718 2720 2912
2718 2912 2883
4858 2718 2883
2718 2526 2720
2720 2526 2528
2526 2334 2528
2528 2334 2336
2334 2142 2336
2336 2142 2144
1952 2144 2142
1952 2142 4857
4861 1764 1762
4863 1764 4861
3106 4862 3075
2912 2914 3106
2912 3106 3075
4860 2912 3075
2912 2720 2914
2914 2720 2722
2720 2528 2722
2722 2528 2530
2528 2336 2530
2530 2336 2338
2336 2144 2338
2338 2144 2146
2144 1952 2146
2146 1952 1954
4864 3106 3108
4862 3106 4864
3106 2914 3108
3108 2914 2916
2914 2722 2916
2916 2722 2724
2722 2530 2724
2724 2530 2532
2530 2338 2532
2532 2338 2340
2338 2146 2340
2340 2146 2148
2146 1954 2148
2148 1954 1956
1954 1762 1956
1956 1762 1764
3108 2916 3110
3110 2916 2918
2916 2724 2918
2918 2724 2726
2724 2532 2726
2726 2532 2534
2532 2340 2534
2534 2340 2342
2340 2148 2342
2342 2148 2150
2148 1956 2150
2150 1956 1958
1956 1764 1958
1958 1764 1766
4863 1766 1764
4865 1766 4863
2918 2726 2920
2920 2726 2728
2726 2534 2728
2728 2534 2536
2534 2342 2536
2536 2342 2344
2342 2150 2344
2344 2150 2152
2150 1958 2152
2152 1958 1960
1958 1766 1960
1960 1766 1768
4865 1768 1766
4867 1768 4865
4866 3108 3110
4864 3108 4866
2728 2536 2730
2730 2536 2538
2536 2344 2538
2538 2344 2346
2344 2152 2346
2346 2152 2154
2152 1960 2154
2154 1960 1962
1962 1960 1768
1962 1768 1732
4869 1962 1732
1732 1768 4867
4868 3110 3112
4866 3110 4868
3110 2918 3112
3112 2918 2920
2335 2527 2529
2335 2529 2337
2143 2335 2337
2143 2337 2145
1951 2143 2145
1951 2145 1953
1951 1953 1761
1951 1761 1669
35 1951 1669
37 1669 1761
2821 36 2911
2911 2719 2717
2911 2717 34
2821 2911 34
2525 2717 2719
2525 2719 2527
2922 2732 4872
2922 2730 2732
4870 2922 2884
2116 2156 4871
2308 2348 2116
2116 2348 2156
2500 2540 2308
2308 2540 2348
2692 2732 2500
2500 2732 2540
4872 2732 2692
33 2053 2141
