9471 9145 7574
9146 3793 3738
9475 8152 8314
7782 7780 8152
8152 7780 8314
7780 9147 8314
7374 7780 7782
7374 7782 9473
7574 7374 9473
7374 7574 9145
3737 9474 3793
9144 9472 9146
9146 9472 3793
9472 3737 3793
9473 7378 7574
9471 9143 9145
9476 9146 3738
7378 9471 7574
9470 9472 9144
9470 9144 3477
3543 9470 3477
3543 3477 9142
2635 9141 2539
2635 2539 9140
9469 7562 7377
9139 9143 9471
9139 9471 7377
7562 9139 7377
3483 9470 3543
3185 3269 9142
3269 9468 9142
9468 3543 9142
9477 8320 8328
9481 8336 8150
8150 8336 9153
2987 9480 2882
9154 9152 9482
9482 9152 2882
9152 2987 2882
9479 8336 9481
9479 8328 8336
9151 8336 8328
9153 8336 9151
9150 9478 9480
9150 9480 2987
2876 9150 2987
2876 2987 9152
9477 8328 9479
9468 3483 3543
9149 8328 8320
9151 8328 9149
3484 9148 9476
3478 9148 3484
3478 3484 3194
3478 3194 3186
3194 9150 3186
3194 9478 9150
9475 8320 9477
9475 8314 8320
9147 8320 8314
9149 8320 9147
3793 9474 3738
9148 9146 9476
3191 3261 9462
2544 2627 2880
2279 2273 2627
2279 2627 2544
9466 2279 2544
2279 9134 2273
2279 9136 9134
9133 8151 9463
9133 8149 8151
9135 8151 8149
9465 8151 9135
3481 9464 3531
3531 3191 3481
3261 3191 3531
3261 2963 2959
3261 2959 9462
2880 2627 2963
2963 2627 2959
2959 2627 9132
2627 2538 9132
2538 2273 2184
2538 2627 2273
2184 2273 9134
15499 9131 15311
15499 14863 15055
15499 15311 14863
15055 14863 9130
9129 8513 9461
9129 8511 8513
9133 8513 8511
9463 8513 9133
3527 9460 3480
2633 2545 2971
3269 2875 2971
3269 3185 2875
2633 2971 2635
2635 2971 9141
2971 2875 9141
2635 9138 2633
2635 9140 9138
9467 9137 9469
9469 9137 7562
9137 7373 7562
7562 7373 9139
3193 9468 3269
3269 2881 3193
2971 2881 3269
2971 2545 2881
9155 9481 8150
2185 2279 9138
2279 9466 9138
9466 2633 9138
9466 2545 2633
2279 2185 9136
9135 7781 9465
9135 7779 7781
9137 7781 7779
9467 7781 9137
3531 9464 3482
3482 3261 3531
3192 3261 3482
3192 2963 3261
2880 2963 3192
44 46 15756
9173 628 9169
9172 13460 13464
9168 13460 9172
9502 13460 9498
9502 13464 13460
9501 9497 9167
9501 9167 9171
9496 9500 9170
9496 9170 2541
2685 9496 2541
2685 2541 9166
9499 418 624
46 44 418
418 44 624
44 9169 624
9169 628 624
44 15756 15754
15754 15756 15316
15754 15316 15312
9495 15312 15316
9165 15312 9495
9168 9164 9494
9168 9494 13272
13460 9168 13272
13272 9498 13460
9497 10676 9167
9497 10678 10676
10310 10676 10678
10310 10678 9493
10510 10310 9493
9950 10510 10156
416 806 9503
9507 9181 1386
1190 9507 1386
9506 9510 9176
9176 9510 9180
9509 11048 9179
9509 11050 11048
9505 11048 11050
9175 11048 9505
9178 9174 9504
9178 9504 2884
3030 9178 2884
2884 9508 3030
9507 804 9177
9507 806 804
416 804 806
10310 10510 9950
628 416 9503
416 628 9173
9172 13464 13270
9506 9176 9502
9502 9176 13464
9176 13270 13464
9505 9501 9171
9505 9171 9175
2877 9504 9174
2883 9504 2877
2877 9500 2883
2877 9170 9500
9499 628 9503
9499 624 628
2540 2673 9158
13646 14024 14208
9486 13646 14208
13646 9160 13644
13646 9490 9160
9489 9952 10148
9770 10148 9762
9762 10148 9485
10148 9952 9485
9770 9762 9392
9770 9392 9234
9159 9770 9234
9234 9392 9157
9156 9484 9488
9156 9488 2673
2540 9156 2673
13646 13644 14024
9487 14026 14208
14026 9486 14208
9485 9582 9762
9238 9762 9582
9238 9392 9762
8888 8884 9238
9238 8884 9392
8884 9157 9392
8884 8888 8514
8884 8514 8512
9483 8512 8514
9155 8512 9483
9482 9484 9154
9154 9484 9156
9483 9481 9155
10156 10148 9770
9950 10156 9163
2547 9496 2685
9162 9492 9166
9166 9492 2685
9492 2547 2685
9165 9495 9161
9161 9495 15113
9495 14868 15113
15113 14868 9491
9490 9494 9160
9160 9494 9164
9493 10312 10510
10156 10510 10148
10148 10510 9489
10510 10312 9489
3480 3247 3527
10156 9770 9578
9163 10156 9578
9578 9770 9159
2673 9488 2546
9162 9158 9492
9492 9158 2546
9158 2673 2546
9161 15113 14864
14434 14864 14436
14436 14864 9491
14864 15113 9491
14024 14434 14436
14024 14436 9487
14208 14024 9487
13645 14023 13643
415 9434 9106
417 9434 415
415 9432 417
415 9104 9432
9103 15755 9431
9103 15751 15755
15755 15751 15313
15313 15751 15309
15313 15309 14865
14865 15309 14861
14865 14861 14435
14435 14861 14431
14435 14431 14025
14025 14431 14023
14025 14023 13645
9231 9107 9341
13643 9430 13645
13643 9102 9430
9697 9101 9575
9575 9105 9341
9697 9575 9341
9235 9697 9341
9429 9697 9235
9433 9235 9341
43 9432 9104
45 9432 43
9103 45 43
9431 45 9103
13269 9430 9102
13271 9430 13269
13271 13269 12891
803 9436 805
1187 9110 9440
9005 9111 9007
9005 9109 9111
9005 9443 9439
9007 9443 9005
7375 9442 7531
7531 7151 7149
7531 7149 9438
7375 7531 9438
6755 7149 7151
6755 7151 6757
6755 9441 9437
6757 9441 6755
803 9440 9110
805 9440 803
12891 13269 12889
803 9108 9436
9107 9109 9435
9435 9109 8885
9109 9005 8885
9439 8885 9005
6999 9438 7149
7149 6625 6999
6755 6625 7149
9437 6625 6755
9434 9436 9106
9106 9436 9108
9341 9105 9231
9107 9435 9433
9107 9433 9341
12164 12166 11796
12033 11798 9191
3035 9190 2878
8842 8840 9194
9194 8840 2878
8840 3035 2878
9193 1858 8841
9193 1860 1858
9189 1858 1860
8839 1858 9189
13105 9188 12890
12890 12725 13105
12522 12725 12890
12522 12166 12164
12522 12164 8838
12725 12522 8838
12033 9192 11798
11796 12166 12033
12166 9192 12033
11426 11659 8837
9191 11426 8837
11796 9191 8837
12033 9191 11796
11659 11426 9187
8836 9186 9190
8836 9190 3035
2872 8836 3035
2872 3035 8840
8839 9189 8835
8835 9189 1711
9189 1532 1711
1711 1532 9185
11049 11425 11047
12891 12889 12523
12523 12889 12521
12523 12521 12167
12167 12521 12165
12165 9428 12167
12165 9100 9428
9099 9101 9427
9427 9101 9579
9101 9697 9579
9429 9579 9697
11797 9428 9100
11799 9428 11797
11799 11797 11427
11427 11797 11425
11427 11425 11049
1187 9440 1189
11049 11047 10677
10677 11047 10675
10677 10675 10311
10311 10675 10309
10311 10309 9951
9951 10309 9947
9099 9951 9947
9427 9951 9099
2542 8842 9194
2536 8842 2542
2536 2542 2186
2536 2186 2182
9193 2182 2186
8841 2182 9193
9357 9237 9725
9456 3189 3247
9127 15899 15752
9459 9455 9123
9459 9123 15752
15899 9459 15752
14597 9454 9458
14591 9454 14597
14597 9122 14591
14597 9126 9122
10097 9121 9949
9949 9125 9725
10097 9949 9725
9581 10097 9725
9453 10097 9581
9725 9237 9581
9128 9456 3247
9457 9237 9357
9456 9124 9120
9456 9120 2938
2879 9456 2938
2879 2938 9452
9123 9455 9119
9119 9455 15487
9455 15314 15487
15314 15043 15487
14866 15043 15314
9454 14591 14432
14866 9454 14432
9118 14866 14432
15043 14866 9118
14432 14591 9122
9458 15055 9130
3190 3247 3480
9462 2959 2874
3190 9462 2874
9128 3190 2874
3247 3190 9128
2874 2959 9132
15899 9127 15753
15753 9131 15499
15899 15753 15499
15315 15899 15499
9459 15899 15315
15499 14867 15315
15055 14867 15499
14433 14597 9130
14597 9458 9130
9121 10097 9948
9458 14867 15055
14597 14433 9126
9725 9125 9577
9725 9233 9357
9725 9577 9233
8883 8887 9233
9233 8887 9357
8887 9457 9357
9129 8887 8883
9461 8887 9129
3479 9460 3527
3527 3189 3479
3247 3189 3527
9124 9456 9128
9446 7153 7376
7153 9446 7000
7000 6759 7153
6626 6759 7000
6759 6626 9445
9448 9114 9112
9448 9112 2602
2543 9448 2602
2543 2602 9444
9007 9111 8881
9113 9447 9443
9113 9443 9007
8881 9113 9007
7531 9442 7376
7153 7151 7531
7153 7531 7376
9011 9449 8882
6757 7151 7153
6757 7153 6759
6757 9445 9441
6759 9445 6757
2602 9112 2537
2537 2183 2187
2537 2187 9444
2602 2537 9444
2187 2183 1861
1861 2183 1859
1861 1859 1533
1533 1859 1531
1533 1531 1189
1189 1531 1187
9351 9713 9717
9580 9717 9117
9453 9580 9117
9948 9453 9117
10097 9453 9948
9717 9580 9451
2938 9120 2873
9450 9452 9116
9116 9452 2873
9452 2938 2873
9119 15487 15310
15310 15043 14862
15310 15487 15043
14862 15043 9118
9713 9117 9717
9713 9115 9117
9507 9177 9181
9351 9717 9451
9236 9351 9451
9236 9011 9351
8886 9011 9236
9011 8886 9449
9448 9450 9114
9114 9450 9116
9115 9713 9576
9576 9351 9232
9576 9713 9351
9232 9011 8882
9232 9351 9011
9449 9447 9113
9449 9113 8882
2544 2631 9466
9465 7785 9837
9465 7781 7785
9467 7785 7781
9839 7785 9467
3773 9836 3740
9838 3533 3482
3740 9838 3482
9464 3740 3482
3773 3740 9464
3482 3265 3192
3482 3533 3265
3192 2969 2880
3192 3265 2969
2880 2631 2544
2880 2969 2631
2631 2545 9466
9835 8654 8517
8155 8517 8151
8151 8517 9463
8517 8654 9463
9465 8155 8151
9837 8155 9465
3773 9834 9836
3771 9834 3773
3771 3773 3529
3529 3773 3481
3773 9464 3481
3529 3191 3253
3529 3481 3191
3253 3191 9462
9833 9020 8891
9840 9842 9470
3787 3737 9472
9845 7786 7952
7568 7378 9473
9843 7568 9473
7952 9843 9473
7786 9843 7952
7378 7568 9471
3741 9844 3787
9470 9842 9472
9472 9842 3787
9842 3741 3787
9841 9469 9843
9843 9469 7568
9469 7377 7568
7568 7377 9471
8654 9835 8513
9840 9470 3483
3537 9840 3483
3537 3483 9468
9841 9839 9467
9841 9467 9469
3537 9838 9840
3533 9838 3537
3533 3537 3265
3265 3537 3193
3537 9468 3193
3265 2881 2969
3265 3193 2881
2969 2545 2631
2969 2881 2545
2939 9828 9456
15047 15495 15051
15051 9454 15047
15051 9458 9454
9721 9453 9581
9721 9237 9355
9721 9581 9237
9015 9831 8890
9015 9355 9237
9831 9015 9237
9457 9831 9237
9015 8890 9829
3485 9830 3523
3523 3195 3485
3245 3195 3523
2879 2939 9456
15047 15491 15495
9828 3245 9456
9828 3195 3245
2939 2879 9452
9455 15491 15314
15314 15047 14866
15314 15491 15047
14866 15047 9454
9453 9721 9580
9355 9353 9721
9721 9353 9580
9353 9451 9580
9013 9353 9355
9013 9355 9015
9013 9829 9827
9015 9829 9013
15051 14867 9458
9835 8891 8513
8891 9461 8513
8891 9020 9461
8654 8513 9463
3771 9832 9834
3769 9832 3771
3771 3529 3769
3769 3529 9460
3529 3480 9460
3480 3253 3190
3480 3529 3253
3190 3253 9462
15495 9459 15315
15495 14867 15051
15495 15315 14867
3787 9844 3737
9831 9457 9833
9833 9457 9020
9457 8887 9020
9020 8887 9461
3739 9832 3769
3479 3523 9460
3523 9830 9460
9830 3769 9460
9830 3739 3769
3523 3189 3245
3523 3479 3189
3245 3189 9456
15491 9459 15495
15491 9455 9459
9488 2886 2546
48 230 620
48 9868 230
9867 14868 9495
9867 14870 14868
9863 14868 14870
9491 14868 9863
9862 9866 9490
9490 9866 9494
9493 10511 10312
9865 9861 9489
9865 9489 10312
10511 9865 10312
3007 9860 2886
9864 2679 2546
2886 9864 2546
48 620 420
3007 2886 9488
2546 2679 9492
9863 14436 9491
9863 14438 14436
9859 14436 14438
9487 14436 9859
13648 9486 9858
13646 9486 13648
13648 9490 13646
13648 9862 9490
9861 9952 9489
9861 9954 9952
9857 9952 9954
9485 9952 9857
3307 9856 3198
13274 9494 9866
9496 9874 9500
9873 808 1016
620 418 9499
9869 620 9499
1016 9869 9499
808 9869 1016
46 620 230
418 620 46
15758 15756 46
15758 46 230
9868 15758 230
15756 15758 15318
15756 15318 15316
9867 15316 15318
9495 15316 9867
3007 2999 3307
13272 9494 13274
13274 9498 13272
13274 9872 9498
9497 10889 10678
10314 10511 9493
9871 10314 9493
10678 9871 9493
10889 9871 10678
10511 10314 9865
9864 9870 9496
9864 9496 2547
2679 9864 2547
2679 2547 9492
9869 420 620
9477 9849 9475
2882 2993 9482
9853 9851 9479
9853 9479 9481
3291 9850 3196
9480 9478 9852
9852 9478 3196
9478 3291 3196
9851 9849 9477
9851 9477 9479
3486 9476 9848
3484 9476 3486
3484 3486 3194
3194 3486 3291
3486 9850 3291
3194 3291 9478
2882 9480 2993
9475 9849 8315
9849 8156 8315
8315 8156 9847
3742 9474 9846
3738 9474 3742
3742 9476 3738
3742 9848 9476
9475 8315 8152
9847 8152 8315
9847 9845 7952
8152 9847 7952
7782 8152 7952
7782 7952 9473
9844 9846 9474
9844 9474 3737
8514 8892 9855
3007 3307 3198
9860 3007 3198
3007 9484 2999
3007 9488 9484
9859 14026 9487
9859 14028 14026
14028 9486 14026
14028 9858 9486
9857 9582 9485
9857 9584 9582
9582 9584 9240
9582 9240 9238
9238 9240 8892
9238 8892 8888
8514 8888 8892
2885 9828 2939
8696 8514 9855
8514 8696 9483
3197 9856 3307
3307 2999 2993
3307 2993 9854
3197 3307 9854
2999 9482 2993
2999 9484 9482
9855 8518 8696
9853 9481 9483
9853 9483 8696
8518 9853 8696
9480 9852 9854
9480 9854 2993
11051 11049 10679
12523 12167 12169
12523 12169 9806
12648 12523 9806
12167 9804 12169
12167 9428 9804
9693 9427 9579
9429 9805 9803
9429 9803 9693
9579 9429 9693
11799 9804 9428
11801 9804 11799
11801 11799 11429
11429 11799 11427
11429 11427 11051
11051 11427 11049
9807 12893 12648
10679 11049 10677
10679 10677 10313
10313 10677 10311
10313 10311 9953
9953 10311 9951
9583 9953 9951
9583 9951 9427
9693 9583 9427
9803 9583 9693
9194 2712 2542
2186 2712 2360
2542 2712 2186
2186 2360 9193
11800 9192 9522
11798 9192 11800
13645 9430 9808
9811 47 15755
47 9431 15755
47 152 9431
15466 15755 15313
15872 15755 15466
15022 15313 14865
15466 15313 15022
14568 14865 14435
15022 14865 14568
14435 14025 14027
14435 14027 9810
14568 14435 9810
14027 14025 13647
13647 14025 13645
13645 9808 13647
9521 11798 11800
9807 12648 12525
12525 12648 9806
9429 9239 9805
9429 9235 9239
9433 9239 9235
9809 9239 9433
152 9432 45
152 45 9431
13271 9808 9430
13273 9808 13271
13273 13271 12893
12893 13271 12891
12893 12891 12523
12893 12523 12648
9516 3034 3032
1862 1532 2020
1532 9189 2020
9515 1532 1534
9185 1532 9515
9188 9184 9514
9188 9514 12892
13106 9188 12892
12892 9518 13106
9517 9513 9183
9517 9183 9187
9182 3326 3188
3326 3032 3034
3326 3034 9186
3188 3326 9186
9516 3032 9512
1534 1532 1862
9515 9511 9185
9185 9511 1188
9511 1386 1188
1188 1386 9181
9510 9514 9180
9180 9514 9184
9513 9509 9179
9513 9179 9183
3326 9182 3187
3030 3032 3326
3030 3326 3187
9178 3030 3187
9512 3030 9508
9512 3032 3030
9511 1190 1386
12524 12890 13106
9191 11798 9521
9190 3036 2878
9194 2878 2712
2878 3036 2712
3036 2548 2712
3036 9520 2548
2188 2712 2548
2188 2360 2712
2020 1860 9193
9519 2020 9193
2360 9519 9193
2188 9519 2360
1860 2020 9189
9188 13106 12890
12524 12522 12890
15872 9811 15755
9518 12524 13106
12522 12524 12168
12522 12168 12166
12168 9192 12166
12168 9522 9192
9521 11426 9191
9521 11428 11426
9517 11426 11428
9187 11426 9517
9190 3034 3036
9186 3034 9190
9520 3034 9516
9520 3036 3034
9519 1862 2020
8275 8637 8277
7155 7000 9446
7000 6761 6626
7000 7155 6761
6284 6395 9445
9823 6284 9445
6626 9823 9445
6761 9823 6626
6395 6284 9821
2543 9822 9448
2549 9822 2543
2543 9820 2549
2543 9444 9820
8635 9447 8637
8635 9443 9447
8275 8635 8637
7533 7155 9446
7913 8275 8277
7913 8277 7915
7915 7533 7913
7913 7533 9442
7533 7376 9442
7376 7533 9446
6391 9445 6395
6391 9441 9445
6391 9821 9819
6395 9821 6391
2187 9820 9444
2189 9820 2187
2189 2187 1863
1863 2187 1861
1863 1861 1535
6628 6761 7002
9450 9826 9452
9452 9826 2939
9826 2885 2939
9451 9353 9236
9236 9013 8886
9236 9353 9013
9827 9825 9449
9827 9449 8886
9013 9827 8886
7917 9824 7784
7784 7535 7917
7380 7535 7784
7380 7155 7535
7002 7155 7380
7002 6761 7155
1535 1861 1533
6761 6628 9823
9822 9826 9448
9448 9826 9450
9449 9825 9447
9447 9825 8637
9825 8516 8637
8516 8277 8637
8154 8277 8516
7917 7915 8277
7917 8277 8154
9824 7917 8154
7533 7915 7917
7533 7917 7535
7535 7155 7533
15466 15317 15757
7911 7379 7783
7529 7379 7911
6999 7001 7379
6999 7379 7529
9438 6999 7529
7001 6999 6627
6627 6999 6625
9437 6627 6625
9815 6627 9437
9814 9436 9434
9814 9434 530
419 9814 530
419 530 9812
9811 15872 15757
15466 15757 15872
7783 9816 7911
15022 15317 15466
15022 14869 15317
14568 14869 15022
14568 14437 14869
14437 14568 9810
9433 9435 9809
9809 9435 8889
9435 9001 8889
9813 8889 9001
530 9434 417
152 47 9432
47 9812 9432
9812 417 9432
9812 530 417
7529 7913 7375
1535 1533 1191
1191 1533 1189
1191 1189 807
807 1189 928
1189 9440 928
807 928 9818
9439 9443 9817
9817 9443 8515
9443 8635 8515
8635 8153 8515
8275 8153 8635
8275 7913 7911
8275 7911 9816
8153 8275 9816
7911 7913 7529
8834 9184 9188
7913 9442 7375
7529 7375 9438
9437 9441 9815
9815 9441 6283
9441 6391 6283
9819 6283 6391
928 9440 805
9814 9818 9436
9436 9818 805
9818 928 805
9001 9435 8885
9439 9817 9813
9439 9813 9001
8885 9439 9001
9942 9574 9570
8817 14859 14423
14859 8447 14423
14859 15116 8447
14216 14220 14650
14216 14650 14423
8446 14216 14423
14216 13834 14220
14220 13834 8816
13834 13641 8816
13641 13834 8812
8815 10306 8449
8815 10308 10306
10306 10308 9946
10306 9946 9942
9942 9946 9574
14650 8817 14423
8811 9570 9574
8445 9570 8811
2335 8810 8814
2329 8810 2335
2335 8444 2329
2335 8448 8444
8809 15116 8813
8809 15112 15116
8443 15116 15112
8447 15116 8443
8446 14212 14216
8442 14212 8446
14216 14212 13834
13834 14212 13640
14212 8808 13640
8821 8815 8449
15748 15956 8454
15572 15568 15124
15124 15568 14860
15568 8818 14860
14654 15124 14650
14650 15124 8817
15124 14860 8817
14654 14650 14220
14654 14220 14020
8453 14654 14020
8452 14020 13842
14020 14220 13842
14220 13642 13842
14220 8816 13642
13642 8822 13842
13640 8812 13834
8821 8449 8451
2341 8814 8820
2335 8814 2341
2341 8448 2335
2341 8450 8448
8819 42 234
15750 234 42
15750 15956 234
15308 15956 15750
15308 15568 15956
15568 15116 14859
15568 14859 8818
15116 15568 8813
15568 15308 8813
8436 2986 2992
8510 8508 8880
8880 8508 9062
8508 8439 9062
8508 8510 8148
8508 8148 8146
8801 8146 8148
8437 8146 8801
8438 2992 2998
8436 2992 8438
8802 2992 8800
8802 2998 2992
8801 7774 8437
8801 7778 7774
8799 7774 7778
8435 7774 8799
8803 8880 9062
8434 2986 8436
8800 2986 8798
8800 2992 2986
8799 8797 8433
8799 8433 8435
8432 3560 3474
3182 3180 3474
3182 3474 3560
8796 3182 3560
3182 2870 3180
3180 2870 8434
2870 2986 8434
2870 8798 2986
8431 7777 8795
8431 7773 7777
14636 14022 14212
8811 9226 8445
8811 9230 9226
8807 9226 9230
8441 9226 8807
8440 8806 8810
8440 8810 2329
2176 8440 2329
2176 2329 8444
8809 14858 15112
14636 14422 8443
8805 14636 8443
15112 8805 8443
14858 8805 15112
8442 14422 14212
14422 14636 14212
15956 15572 8454
14636 8804 14022
14022 8808 14212
8807 8803 8441
8441 8803 8878
8803 9062 8878
8878 9062 8439
8438 2998 2864
2534 2528 2864
2534 2864 2998
8802 2534 2998
2534 8440 2528
2534 8806 8440
8805 14430 14636
14430 8804 14636
40 246 8463
12027 8837 11794
11655 11424 8833
3325 8832 3184
8470 8466 8836
8836 8466 3184
8466 3325 3184
8469 2017 1854
1530 1707 8465
8835 1530 8465
1854 8835 8465
2017 8835 1854
1707 1530 8831
8464 636 412
40 636 246
412 636 40
11794 8837 8467
12887 8834 13101
8462 8830 8468
8468 8830 13101
8830 12887 13101
8467 11655 11422
8833 8829 8461
8833 8461 11422
11655 8833 11422
3325 8828 8832
3323 8828 3325
3325 8460 3323
3325 8466 8460
8465 1707 1528
1184 1528 1186
1186 1528 8831
2872 8840 2709
1858 2019 8473
8841 1858 8473
2178 8841 8473
2359 8841 2178
2019 1858 8839
12164 8472 8838
12162 8472 12164
12162 12164 11796
12162 11796 12027
8471 12162 12027
12027 11796 8837
2872 8470 8836
2866 8470 2872
2866 2872 2530
2530 2872 2709
1528 1707 8831
2530 2709 8474
2017 8473 2019
2017 8469 8473
2017 8839 8835
2019 8839 2017
13101 8834 12888
12888 12520 12518
12888 12518 8468
13101 12888 8468
12520 8472 12518
12520 8838 8472
8471 12027 11794
11424 11655 8467
8837 11424 8467
8825 10672 8457
632 414 8823
8455 242 238
8459 242 8455
8454 15572 15304
14852 15572 15124
15304 15572 14852
14424 15124 14654
14852 15124 14424
14424 14654 8453
8452 13842 13638
13268 13266 13638
13268 13638 13842
8822 13268 13842
13268 8458 13266
13268 8826 8458
238 632 8823
8825 10674 10672
8821 10672 10674
8451 10672 8821
2535 8824 2695
2177 2341 8456
2341 8820 8456
8820 2695 8456
8820 2535 2695
2341 2177 8450
8819 238 8823
8819 234 238
238 234 15956
238 15956 15748
8455 238 15748
15956 15568 15572
8829 11046 11044
800 1184 1186
800 1186 8827
1024 800 8827
1024 632 636
1024 636 8464
800 1024 8464
632 242 636
636 242 246
8459 246 242
8463 246 8459
12886 8458 8826
12884 8458 12886
12886 8462 12884
12886 8830 8462
8829 11044 8461
8433 7777 7773
8825 11044 11046
8457 11044 8825
3183 8828 3323
2865 2871 3183
2865 3183 3323
8460 2865 3323
2865 2529 2871
2871 2529 8824
2529 2695 8824
2695 2529 8456
8827 802 1024
414 1024 802
414 632 1024
242 632 238
1855 1851 1529
2605 2173 2253
2605 2525 2173
2253 2173 8396
8397 8761 8395
8395 8761 10079
8761 9944 10079
10079 9944 8759
2531 8760 2605
2605 2253 2249
2605 2249 8758
2531 2605 8758
2249 1855 8757
1851 1855 8396
1855 2249 8396
2249 2253 8396
8760 2867 2929
1529 1851 1527
1527 1183 1529
1529 1183 8756
1183 1307 8756
1307 799 935
1307 1183 799
935 799 8394
8395 10079 9940
9572 9707 8393
8759 9572 8393
9940 8759 8393
10079 8759 9940
9572 9347 9707
9228 9347 9572
9347 9228 8755
8762 8400 2861
8769 15302 8403
8769 15306 15302
14850 15302 15306
14850 15306 8765
15042 14850 8765
14420 15042 14584
14850 15042 14420
8768 8402 8764
8764 8402 14584
8402 14420 14584
8763 10096 8767
8763 10090 10096
8399 10096 10090
8401 10096 8399
8762 8766 8400
2179 8758 2249
2929 8762 2861
2929 2861 8398
8765 14856 15042
14428 15042 14856
14428 14584 15042
14428 8764 14584
8761 8397 8763
8763 8397 10090
8397 9941 10090
10090 9941 8399
2867 8762 2929
2525 2605 8398
2605 8760 8398
8760 2929 8398
12519 8747 13027
157 39 15747
15747 8389 15471
15871 15747 15471
15305 15871 15471
8749 15871 15305
14849 14855 15305
14849 15305 15471
8388 14849 15471
14855 14849 14427
14427 14849 14419
14419 8748 14427
14419 8386 8748
13027 8385 12883
12517 12519 12883
12883 12519 13027
157 15747 15871
12517 12161 12519
12519 12161 8746
12161 12305 8746
12305 12161 8384
8751 8745 8383
8751 8383 8387
41 8750 157
157 15749 41
15871 15749 157
8749 15749 15871
14019 8748 8386
14021 8748 14019
14021 14019 13639
13639 14019 13637
13637 13265 13639
543 8752 8754
8757 2179 2249
1185 8756 1307
1307 801 1185
935 801 1307
411 543 8394
543 8754 8394
8754 935 8394
8754 801 935
543 411 8392
8393 9707 9568
9347 9345 9707
9707 9345 9568
9345 8391 9568
9345 8755 8753
9347 8755 9345
8400 8770 8404
537 8752 543
543 8390 537
543 8392 8390
15471 8389 15301
15471 15301 8388
8387 8391 8751
8751 8391 9227
8391 9345 9227
8753 9227 9345
413 8752 537
39 157 8390
157 8750 8390
8750 537 8390
8750 413 537
8785 8423 6997
8427 8791 8423
8423 8791 7179
8791 6998 7179
7179 6998 8787
3473 8790 8426
3475 8790 3473
3475 3473 3181
3181 3473 3179
3181 3179 2869
2869 3179 2863
8425 2869 2863
8789 2869 8425
8786 8788 8422
8422 8788 8424
8421 8423 8785
2175 8424 8788
8423 7179 6997
8787 6997 7179
8784 8786 8422
8784 8422 1853
1965 8784 1853
1965 1853 8420
8419 7371 8783
8419 7369 7371
8421 7371 7369
8785 7371 8421
1857 8784 1965
8418 8782 8420
8420 8782 1965
8782 1857 1965
8417 7775 8781
8429 7955 7772
8797 7777 8433
8430 3798 3734
8432 3734 3560
3734 3798 3560
3798 3476 3560
3798 8794 3476
3476 8796 3560
8431 8795 8429
8429 8795 7955
8795 7776 7955
7955 7776 8793
8430 8428 8792
8430 8792 3736
3798 8430 3736
3736 8794 3798
8417 7771 7775
7370 7772 7372
7372 7772 8793
7772 7955 8793
8791 7370 7372
8427 7370 8791
3733 8792 8428
3735 8792 3733
3733 8790 3735
3733 8426 8790
8425 2533 8789
8425 2527 2533
2533 2527 2181
2181 2527 2175
2175 8788 2181
8409 9229 9225
8779 8509 8653
8774 8778 8408
8408 8778 8414
8413 2269 2174
2174 2269 8412
8777 8773 8407
8777 8407 8411
14421 8776 8410
14429 8776 14421
14421 8772 14429
14421 8406 8772
8405 9573 8771
8405 9569 9573
9573 9569 9229
9229 9569 9225
8653 8509 8415
8775 9229 8409
2868 8404 8770
2862 8404 2868
2868 8408 2862
2868 8774 8408
8773 8769 8403
8773 8403 8407
8768 8772 8402
8402 8772 8406
8767 10096 9945
8401 8405 8771
8401 8771 9945
10096 8401 9945
8766 8770 8400
2180 1856 1852
8419 7775 7771
8783 7775 8419
8780 8782 8416
8416 8782 8418
8653 8415 8507
8145 8147 8507
8507 8147 8653
8147 8779 8653
8417 8147 8145
8781 8147 8417
2532 8414 8778
2526 8414 2532
2526 2532 2180
2526 2180 2269
8413 2526 2269
2359 2178 8474
2180 1852 8412
2269 2180 8412
1856 8416 1852
1856 8780 8416
8411 15307 8777
8411 15303 15307
15307 15303 14857
14857 15303 14851
14851 8776 14857
14851 8410 8776
8409 8879 8775
8409 8877 8879
8509 8879 8877
8509 8877 8415
2876 8798 2870
7976 7778 8801
9153 7976 8801
8344 9153 8801
8150 9153 8344
7778 7976 8799
9152 9154 8798
8798 9154 8800
9151 7976 9153
9151 7968 7976
8797 7976 7968
8799 7976 8797
8796 3290 3182
2876 2870 3182
2876 3182 3290
9150 2876 3290
9155 8150 8344
2876 9152 8798
9149 8795 9151
9151 8795 7968
8795 7777 7968
7968 7777 8797
3478 8794 9148
3476 8794 3478
3478 3186 3476
3476 3186 8796
3186 3290 8796
3186 9150 3290
9149 9147 8795
8795 9147 7776
9147 7956 7776
7776 7956 8793
2534 8802 2540
14858 14864 14434
14858 14434 14637
8805 14858 14637
14434 14024 14022
14434 14022 8804
14637 14434 8804
14024 13644 14022
14022 13644 8808
13644 13830 8808
13644 9160 13830
9159 9234 9400
9157 8803 8807
9157 8807 9400
9234 9157 9400
2540 8802 9156
8792 3792 3736
2540 8806 2534
2540 9158 8806
8805 14637 14430
14430 14637 8804
9157 8880 8803
9157 8884 8880
8880 8884 8512
8880 8512 8510
8148 8510 8512
8148 8512 9155
8344 8148 9155
8148 8344 8801
9154 9156 8800
8800 9156 8802
2283 9138 2285
9141 2973 2539
2641 2289 2285
2641 2285 9140
2539 2641 9140
2289 8786 2285
2289 8788 8786
9139 8785 9143
9143 8785 7180
8785 6997 7180
7180 6997 8787
3185 9142 3275
3275 2875 3185
2973 2875 3275
9141 2875 2973
2285 9138 9140
2539 2973 2641
2285 8784 2283
2285 8786 8784
8783 7373 9137
8783 7371 7373
8785 7373 7371
9139 7373 8785
2185 9138 2283
1857 1963 8784
1963 9136 8784
9136 2283 8784
9136 2185 2283
1963 1857 8782
8781 7779 9135
8781 7775 7779
8783 7779 7775
2641 2533 2181
9148 8794 9146
9146 8794 3792
8794 3736 3792
9147 7780 7956
7374 7372 7780
7780 7372 7956
7372 8793 7956
9145 7372 7374
8791 7372 9145
3792 8792 3735
9144 9146 8790
8790 9146 3735
9146 3792 3735
2641 8789 2533
2641 2181 2289
9161 14864 14858
2289 2181 8788
9145 9143 8791
8791 9143 6998
9143 7180 6998
6998 7180 8787
3475 9144 8790
3477 9144 3475
3475 3181 3477
3477 3181 9142
3181 3275 9142
3275 2869 2973
3275 3181 2869
2869 8789 2641
2973 2869 2641
3027 2871 8824
9181 8827 1186
1385 9181 1186
8826 9176 9180
8826 9180 13097
12886 8826 13097
12886 13097 8830
9179 11046 8829
9179 11048 11046
9175 11046 11048
8825 11046 9175
3324 8828 3183
3183 9178 3324
9174 9178 3027
9178 3183 3027
3183 2871 3027
9181 9177 8827
9177 802 8827
9177 804 802
802 804 416
802 416 414
9173 414 416
8823 414 9173
13270 8822 9172
13268 8822 13270
13270 8826 13268
13270 9176 8826
9175 9171 8825
8825 9171 10674
9171 10892 10674
10674 10892 8821
2877 9174 3027
9185 1188 8831
8834 9188 13105
12888 8834 13105
12888 12725 12520
12888 13105 12725
12520 12725 8838
8837 11659 11424
9187 9183 8833
9187 8833 11424
11659 9187 11424
3188 8832 9182
3184 8832 3188
3188 8836 3184
3188 9186 8836
8835 1711 1530
1188 1385 8831
2535 2691 8824
1530 9185 8831
1711 9185 1530
1385 1188 9181
9180 9184 8834
9180 8834 12887
13097 9180 12887
13097 12887 8830
9183 9179 8829
9183 8829 8833
9182 8832 8828
9182 8828 3324
3187 9182 3324
3187 3324 9178
8831 1385 1186
9165 9161 8809
9164 9168 8812
8812 9168 13641
9168 13838 13641
9167 10676 10888
10310 10308 10676
10676 10308 10888
10308 8815 10888
10308 10310 9950
10308 9950 9946
9574 9946 9950
9574 9950 9163
9778 9574 9163
9574 9778 8811
9162 9166 8810
8810 9166 8814
13838 8816 13641
9165 8809 8813
8808 13830 13640
9164 8812 9160
9160 8812 13830
8812 13640 13830
9163 9578 9778
9400 9230 8811
9159 9400 8811
9778 9159 8811
9578 9159 9778
9230 9400 8807
9158 9162 8806
8806 9162 8810
9161 14858 8809
8821 10892 8815
2691 9170 8824
9170 3027 8824
9170 2877 3027
2691 2535 8820
9173 9169 8819
9173 8819 8823
8818 15120 14860
14860 15120 8817
8816 13838 13642
9172 8822 9168
9168 8822 13838
8822 13642 13838
9167 10892 9171
9167 10888 10892
8815 10892 10888
9137 7779 8783
2541 9170 2691
8814 9166 8820
8820 9166 2691
9166 2541 2691
9169 42 8819
9169 44 42
42 44 15754
42 15754 15750
15750 15754 15312
15750 15312 15308
15120 8818 14859
9165 8813 15308
15312 9165 15308
15120 14859 8817
15751 9103 151
15021 14855 14427
14567 14427 8748
12655 8747 12519
12655 12519 8746
8745 8751 9105
9105 8751 9231
8751 9343 9231
9107 9231 9343
415 9106 529
41 151 8750
151 9104 8750
9104 529 8750
9104 415 529
15749 15751 41
41 15751 151
15021 14427 14567
15309 15751 15749
15309 15749 8749
15465 15309 8749
15465 14861 15309
15021 14861 15465
15021 14431 14861
14567 14431 15021
14021 14023 14431
14021 14431 14567
8748 14021 14567
14023 14021 13643
13643 14021 13639
13639 9102 13643
13639 8744 9102
13023 8743 12885
803 9110 927
8758 2179 2601
1859 2183 2179
1859 2179 8757
1939 1859 8757
1939 1531 1859
1623 1531 1939
1185 1187 1531
1185 1531 1623
8756 1185 1623
1185 801 1187
1187 801 9110
801 927 9110
927 801 8754
9111 9109 8753
9111 8753 8755
12647 13023 12655
8752 9108 8754
8754 9108 927
9108 803 927
9343 8751 9227
8753 9109 9107
8753 9107 9343
9227 8753 9343
9106 9108 8752
9106 8752 413
529 9106 413
529 413 8750
15465 8749 15305
15465 14855 15021
15465 15305 14855
14996 14544 15000
11047 11423 11045
11047 11045 10675
10675 11045 10673
10675 10673 10309
10309 10673 10307
9947 10309 10307
9947 10307 8739
10061 9947 8739
9099 9947 10061
8738 15000 14854
14426 15000 14548
14854 15000 14426
14426 14548 8737
8738 14996 15000
8736 14996 8738
11425 11423 11047
15000 14544 14548
8735 14548 14544
8737 14548 8735
14996 8736 14853
14544 14853 14425
14996 14853 14544
14544 14425 8735
2711 8842 2536
2536 2359 2711
2182 2359 2536
2359 2182 8841
2711 8840 8842
2709 8840 2711
2711 2359 2709
2709 2359 8474
13023 12521 12889
12655 13023 8747
13023 12885 8747
12655 8742 12647
12655 8746 8742
8741 9575 9101
8741 9571 9575
8745 9575 9571
9105 9575 8745
43 9104 151
9103 43 151
13267 9102 8744
13269 9102 13267
12889 13269 13267
12889 13267 8743
13023 12889 8743
2179 2537 2601
12647 12521 13023
12163 12165 12521
12163 12521 12647
8742 12163 12647
12163 9100 12165
12163 8740 9100
10061 8739 9943
8741 9101 9099
8741 9099 10061
9943 8741 10061
11795 9100 8740
11797 9100 11795
11797 11795 11425
11425 11795 11423
9019 8883 8775
8774 2955 2874
9127 15898 15753
8773 8777 9131
8773 9131 15753
15898 8773 15753
14429 9130 8776
14433 9130 14429
14429 9126 14433
14429 8772 9126
8771 9577 9125
8771 9573 9577
9577 9573 9233
9233 9573 9229
8883 9233 9229
8883 9229 8775
9132 8774 2874
9129 8883 9019
8770 9124 9128
8770 9128 2955
2868 8770 2955
2868 2955 8774
9127 15752 15898
9123 8769 8773
9123 8773 15898
15752 9123 15898
9122 9126 8768
8768 9126 8772
8767 9949 9121
8767 9945 9949
8771 9949 9945
9125 9949 8771
1856 1961 8780
1963 9134 9136
1961 9134 1963
1963 8780 1961
1963 8782 8780
8779 8149 9133
8779 8147 8149
8781 8149 8147
9135 8149 8781
2538 8778 9132
2532 8778 2538
2532 2538 2184
2532 2184 2180
2180 2184 1856
1856 2184 1961
2184 9134 1961
9120 9124 8766
8777 15311 9131
8777 15307 15311
15311 15307 14863
14863 15307 14857
14857 9130 14863
14857 8776 9130
9019 8775 8879
8509 8511 8879
8879 8511 9019
8511 9129 9019
8779 8511 8509
9133 8511 8779
2955 9128 2874
8778 8774 9132
2601 2531 8758
8760 9116 2867
9116 2930 2867
8761 10085 9944
9576 9709 8759
9115 9576 8759
9944 9115 8759
10085 9115 9944
9576 9349 9709
9232 9349 9576
9232 9009 9349
8882 9009 9232
9009 8882 9113
9112 9114 8760
9112 8760 2531
2601 9112 2531
9114 9116 8760
1939 8757 1855
1939 1529 1623
1939 1855 1529
1623 1529 8756
8759 9709 9572
9572 9349 9228
9572 9709 9349
9009 8881 9111
9111 8755 9228
9009 9111 9228
9349 9009 9228
9113 8881 9009
2537 9112 2601
2179 2183 2537
2873 9120 2930
8766 9124 8770
9123 9119 8769
8769 9119 15306
9119 15486 15306
15306 15486 8765
14585 9118 14432
8768 8764 9122
9122 8764 14432
8764 14585 14432
8767 9121 8763
8763 9121 10091
9121 9948 10091
10091 9948 9117
9120 8766 8762
9120 8762 2930
9870 9874 9496
2873 2930 9116
9119 15310 15486
14862 14856 15310
15310 14856 15486
14856 8765 15486
14856 14862 14428
14428 14862 14585
14862 9118 14585
14428 14585 8764
10085 8763 10091
10085 8761 8763
10085 9117 9115
10091 9117 10085
2930 8762 2867
2195 2555 2250
6634 7006 10933
7006 7157 10933
10931 6632 6634
10567 6632 10931
2932 10568 2889
10930 10932 10566
10566 10932 2889
10932 2932 2889
10567 10931 10565
10565 10931 6397
10931 6288 6397
6397 6288 10929
2555 10930 10566
2557 10930 2555
2557 2555 2195
6632 7006 6634
2555 10564 2250
1940 2195 2250
1940 1869 2195
1869 1940 10928
10563 10565 10927
10927 10565 6287
10565 6397 6287
10929 6287 6397
2250 10564 2193
1940 2193 1867
2250 2193 1940
1867 1539 1541
1867 1541 10928
1940 1867 10928
1541 1539 1199
7388 7537 7796
3201 3203 3495
3201 3495 3525
10572 3201 3525
3203 3201 2891
2891 3201 2940
3201 10570 2940
2891 2940 10934
10571 8643 8524
8166 8281 10569
10935 8166 10569
8524 10935 10569
8643 10935 8524
8166 7919 8281
7796 7919 8166
7796 7537 7919
1199 1539 1195
7388 7157 7537
7010 7157 7388
7157 7010 10933
10570 2932 2940
10568 2932 10570
10934 2932 10932
10934 2940 2932
10569 8281 8162
8162 7919 7792
8162 8281 7919
7792 7537 7384
7792 7919 7537
7384 7157 7006
7384 7537 7157
14569 10918 10556
10923 6633 10559
1289 10920 1198
919 913 1289
919 1289 1198
10922 919 1198
919 10554 913
919 10558 10554
15873 10553 15761
15761 10557 15473
15873 15761 15473
15325 15873 15473
10919 15873 15325
15473 14879 15325
15029 14879 15473
14445 14569 10556
10559 6633 6631
10918 15029 10556
10918 14879 15029
14569 14445 10552
10921 10917 10551
10921 10551 10555
1289 10916 10920
1285 10916 1289
909 1285 1289
909 1289 913
913 10550 909
913 10554 10550
153 10549 51
51 10553 15873
153 51 15873
15763 153 15873
15473 14875 15029
1195 10926 1199
1195 10562 10926
10561 8527 10925
10561 8523 8527
8527 8523 8165
8165 8523 8161
8161 10924 8165
8161 10560 10924
10927 10923 10559
10927 10559 10563
10922 10926 10562
10922 10562 811
919 10922 811
919 811 10558
15473 10557 15321
3495 10936 3525
15473 15321 14875
15029 14875 10556
10555 8901 10921
10555 8897 8901
10561 8901 8897
10925 8901 10561
7791 10924 10560
7795 10924 7791
7795 7791 7387
7387 7791 7383
7387 7383 7009
7009 7383 7005
7009 7005 6633
6633 7005 6631
7185 10587 10589
3492 3556 3292
3556 3204 3292
3556 10954 3204
3204 10956 3292
7191 10589 7007
7007 10591 6801
7191 7007 6801
6635 7191 6801
10953 7191 6635
10955 6635 6801
10590 10588 10952
10590 10952 3498
3556 10590 3498
3498 10954 3556
7185 10589 7191
10592 3492 3292
7185 10953 10951
7191 10953 7185
10950 10952 10586
10586 10952 10588
7181 10587 7185
7181 10585 10587
7181 10951 10949
7185 10951 7181
10948 10950 10584
10584 10950 10586
7563 10583 7385
7385 10585 7181
7563 7385 7181
7011 7563 7181
10947 7563 7011
6803 7197 7199
8164 7798 7794
7794 7798 7390
7794 7390 7593
10595 7794 7593
7390 7199 7593
7012 7199 7390
7199 7012 10959
10596 3298 3304
10594 3298 10596
10960 3298 10958
10960 3304 3298
10595 7593 7386
7199 7197 7593
7593 7197 7386
7197 10593 7386
10949 7011 7181
6803 7199 10959
6636 6803 10959
6803 6636 10957
10594 3292 3298
10592 3292 10594
10958 3292 10956
10958 3298 3292
10593 7197 7008
6803 6801 7197
7197 6801 7008
6801 10591 7008
6801 10957 10955
6803 10957 6801
10590 3556 3492
10939 8902 10573
8899 10579 9025
10940 10942 10576
10576 10942 10578
9363 10575 9247
9247 10577 9025
9363 9247 9025
8903 9363 9025
10939 9363 8903
10941 8903 9025
3965 10940 10576
3967 10940 3965
3965 10938 3967
3965 10574 10938
10575 9363 9246
8902 9017 10573
10579 10941 9025
9246 10939 10573
9363 10939 9246
9017 8902 10937
3747 10938 10574
3749 10938 3747
3747 3491 3749
3749 3491 10936
3491 3525 10936
3525 3491 10572
10573 9017 8898
8528 8643 10571
10937 8528 10571
8898 10937 10571
9017 10937 8898
8643 8528 10935
3748 3496 10582
10948 10584 10582
10948 10582 3538
3497 10948 3538
3497 3538 10946
7943 10581 7793
7793 10583 7563
7943 7793 7563
7389 7943 7563
10945 7943 7389
10947 7389 7563
3968 10580 10944
3966 10580 3968
3966 3968 3750
3966 3750 3748
3750 3496 3748
10915 153 15763
3496 3538 10582
3496 10946 3538
10579 8529 10943
10579 8525 8529
8529 8525 8167
8167 8525 8163
7797 8167 8163
7797 8163 10581
7943 7797 10581
10945 7797 7943
10942 10944 10578
10578 10944 10580
9025 10577 8899
10579 10943 10941
12016 11804 10619
1029 10257 1194
1029 10625 10621
1031 10625 1029
15323 10624 15583
15583 14877 15323
15135 14877 15583
14443 14661 10260
14661 10620 10260
10620 15135 10260
10620 14877 15135
14661 14443 10256
10623 12172 10259
10623 12174 12172
11804 12172 12174
11804 12174 10619
1389 1029 1194
11432 12016 11652
11804 12016 11432
11432 11652 10255
10254 2700 2554
10622 10258 10618
10618 10258 2700
10258 2554 2700
1025 10257 1029
1025 10253 10257
1025 10621 10617
1029 10621 1025
14661 10616 10620
14659 10616 14661
14661 10252 14659
14661 10256 10252
15583 10628 14873
13481 10267 13485
13481 10263 10267
13481 10631 10627
13485 10631 13481
10626 10630 10262
10262 10630 10266
1389 10265 1391
1389 10261 10265
1031 1389 1391
1031 1391 1033
1031 10629 10625
1033 10629 1031
15583 10624 15324
15583 15324 10628
10628 10264 14873
13847 10251 13653
15135 15583 14873
15135 14873 10260
10263 13481 13280
12896 13280 12898
12898 13280 10627
13280 13481 10627
12896 12898 12530
12896 12530 12528
10623 12528 12530
10259 12528 10623
10622 10626 10258
10258 10626 10262
10261 1389 1194
1031 1029 1389
14651 10608 14655
11054 11056 10684
11054 10684 10893
10245 11054 10893
10893 10684 10611
10610 10614 10244
10244 10614 10248
1017 10247 1021
1017 10243 10247
625 1017 1021
625 1021 10613
424 625 10613
424 235 625
52 235 424
235 52 10609
14655 10608 10612
11054 10249 11648
14221 14651 14655
14221 14655 14225
14225 13843 14221
14221 13843 10242
13843 13652 10242
13652 13465 13278
13652 13843 13465
13278 13465 10246
10245 10893 10682
10316 10682 10318
10318 10682 10611
10682 10893 10611
10316 10318 9958
10316 9958 10165
10241 10316 10165
14659 10612 10616
13847 13653 10250
10619 11806 12016
11652 12016 11648
11648 12016 10615
12016 11806 10615
10249 11652 11648
10255 11652 10249
2700 10254 2553
10614 10618 10248
10248 10618 2553
10618 2700 2553
1021 10253 1025
1021 10247 10253
1021 10617 10613
1025 10617 1021
14874 15141 10268
14655 10612 14659
14655 14659 14225
14225 14659 14033
14659 10252 14033
13843 14225 13847
13847 14225 10251
14225 14033 10251
13843 13847 13465
13465 13847 13279
13847 10250 13279
13465 13279 10246
10615 11434 11648
11056 11054 11434
11434 11054 11648
13655 13657 14037
10541 10547 10909
10909 10547 9589
10547 9699 9589
10913 9589 9699
813 10912 905
423 425 813
423 813 905
10546 423 905
53 425 423
53 423 10545
145 53 10545
10911 53 145
14447 10910 14557
14557 14037 14447
14145 14037 14557
11937 11805 10542
13655 14037 14145
10544 13655 14145
13657 13655 13283
13283 13655 13281
13281 12897 13283
13283 12897 10908
12897 13015 10908
12529 12531 12897
12897 12531 13015
12531 10907 13015
12175 12531 12529
12175 12529 10543
12293 12175 10543
12293 11807 12175
11937 11807 12293
909 10546 905
10919 15763 15873
14569 10914 10918
14563 10914 14569
14569 10548 14563
14569 10552 10548
9699 10547 9587
9245 9249 9587
9587 9249 9699
9249 10913 9699
10551 9249 9245
10917 9249 10551
1197 10916 1285
1285 909 905
1285 905 10912
1197 1285 10912
11433 11435 11807
909 10550 10546
145 10549 153
145 10545 10549
145 10915 10911
153 10915 145
14563 10910 10914
14557 10910 14563
14557 14563 14145
14145 14563 14035
14563 10548 14035
14145 14035 10544
12293 10543 12173
12293 11805 11937
12293 12173 11805
10266 10630 10634
1393 1196 10633
15143 10632 10636
15141 10632 15143
15143 14673 15141
15141 14673 10268
14673 14444 10268
14444 14243 14034
14444 14673 14243
14034 13865 13654
14034 14243 13865
13282 13485 10267
10635 13282 10267
13654 10635 10267
13865 10635 13654
13485 13282 10631
1196 1393 1540
10266 10634 2361
2192 10266 2361
2192 2361 10270
10269 1715 1538
1393 1391 1715
1715 1391 1538
1391 10265 1538
1033 1391 1393
1033 1393 10633
812 1033 10633
1033 812 10629
10264 10628 10632
10264 10632 15141
14874 10264 15141
14878 14673 15143
11433 11807 11937
10542 11433 11937
11435 11433 11057
11057 11433 11055
11057 11055 10685
10685 11055 10683
10685 10683 10319
10319 10683 10317
10319 10317 9959
9959 10317 9957
10541 9959 9957
10909 9959 10541
12899 10908 13015
10907 12899 13015
15143 10636 14878
8164 8168 7798
14446 14673 14878
14446 14243 14673
14036 14243 14446
14036 13865 14243
13656 13865 14036
13865 13656 10635
2361 10634 2194
2194 1868 1866
2194 1866 10270
2361 2194 10270
1866 1868 1540
1866 1540 1715
10269 1866 1715
1540 1393 1715
8625 8997 8999
8629 11311 8627
11308 11310 10916
10916 11310 10920
15867 10915 15763
15461 15867 15467
15467 15867 10919
15867 15763 10919
15017 15461 15467
15017 15467 15023
15023 10914 15017
15023 10918 10914
9339 10913 9249
8997 9339 8999
8999 9339 10917
9339 9249 10917
8627 11311 11309
8625 8999 8627
8625 11309 11307
8627 11309 8625
1197 11308 10916
1201 11308 1197
1197 11306 1201
1197 10912 11306
15863 10915 15867
15863 10911 10915
15455 15863 15867
15455 15867 15461
15455 15461 15017
15455 15017 14881
11305 15455 14881
15017 10914 14881
6637 7009 6633
9003 10921 8901
8629 9003 8633
8633 9003 10925
9003 8901 10925
8629 8633 8273
8629 8273 8169
11311 8629 8169
7795 7799 8169
7795 8169 8273
10924 7795 8273
7799 7795 7391
7391 7795 7387
7391 7387 7013
7013 7387 7009
7013 7009 6637
14449 14881 14558
10923 6637 6633
11313 6637 10923
1202 10920 11310
1198 10920 1202
1202 10922 1198
1202 11312 10922
15467 10919 15325
15467 14879 15023
15467 15325 14879
15023 14879 10918
8999 10921 9003
8999 10917 10921
8627 8999 9003
8627 9003 8629
10319 10321 10685
13657 13283 13659
13659 13283 11302
13283 13391 11302
13391 13283 10908
12639 10907 12531
12639 12175 12289
12639 12531 12175
12289 11807 11931
12289 12175 11807
11931 11435 11569
11931 11807 11435
11569 11057 11189
11569 11435 11057
11189 10685 10811
11189 11057 10685
13659 14037 13657
10685 10321 10811
10321 11301 10811
10321 10319 9961
9961 10319 9959
9591 9961 9959
9591 9959 10909
9695 9591 10909
9695 9251 9591
9337 9251 9695
9337 8905 9251
8995 8905 9337
8995 8531 8905
8623 8531 8995
11303 8531 8623
13285 11302 13391
815 813 427
14881 10914 14558
10914 10910 14558
14449 14558 11304
9695 10909 9589
9337 9695 9339
9339 9695 10913
9695 9589 10913
8995 9337 9339
8995 9339 8997
8623 8995 8997
8623 8997 8625
8623 11307 11303
8625 11307 8623
813 11306 10912
815 11306 813
10922 11314 10926
427 813 425
427 425 55
55 425 53
15767 55 53
15767 53 10911
15863 15767 10911
15863 15329 15767
15455 15329 15863
11305 15329 15455
14558 10910 14447
14447 14037 14039
14447 14039 11304
14558 14447 11304
14039 14037 13659
2948 2893 3207
11328 3967 10938
11328 3982 3967
3751 3770 11326
11327 8902 10939
11327 8906 8902
11325 8902 8906
10937 8902 11325
3770 10938 3749
3526 3499 10936
3499 11326 10936
11326 3749 10936
11326 3770 3749
3246 3499 3526
3246 3207 3499
2948 3207 3246
3751 11328 10938
2893 2948 11324
11325 8528 10937
11325 8532 8528
8528 8532 8170
8528 8170 8283
10935 8528 8283
8170 7921 8283
7800 7921 8170
7800 7539 7921
7392 7539 7800
7392 7159 7539
7014 7159 7392
7159 7014 11323
3526 10936 3495
3246 3495 3203
3500 11332 3534
10943 8533 11331
10943 8529 8533
8533 8529 8171
8171 8529 8167
8171 8167 7801
7801 8167 7797
10945 7801 7797
11333 7801 10945
10944 3984 3986
10942 3984 10944
3986 3984 3776
3776 3984 3752
3984 11330 3752
3500 3776 3752
3500 3534 3776
3526 3495 3246
11329 9026 8907
10941 10943 11331
10941 11331 8907
9026 10941 8907
10942 3982 3984
10940 3982 10942
11330 3982 11328
11330 3984 3982
11327 10939 11329
11329 10939 9026
10939 8903 9026
9026 8903 10941
3982 10940 3967
3770 3751 10938
11317 10927 6398
11319 11317 10931
10931 11317 6288
11317 6398 6288
6288 6398 10929
2606 10930 2557
2254 2557 2195
2606 2557 2254
2195 1869 1871
2195 1871 11318
2254 2195 11318
1871 1869 1543
1543 1869 1624
1869 10928 1624
1543 1624 11316
11315 10927 11317
2199 2254 11318
10927 6287 6398
6398 6287 10929
1624 10928 1541
1541 1199 1203
1541 1203 11316
1624 1541 11316
1199 11314 1203
1199 10926 11314
8633 10925 8527
8633 8165 8273
8633 8527 8165
8273 8165 10924
11315 11313 10923
11315 10923 10927
11312 11314 10922
11323 10933 7010
2948 3203 2891
3246 3203 2948
2616 2559 10934
2559 11324 10934
11324 2891 10934
11324 2948 2891
2559 2616 11322
10935 8283 8166
8166 7921 7796
8166 8283 7921
7796 7539 7388
7796 7921 7539
7388 7159 7010
7388 7539 7159
11323 11321 10933
12899 13009 10908
7159 11323 7010
10934 2610 2616
10932 2610 10934
11322 2610 11320
11322 2616 2610
11321 6634 10933
11321 6638 6634
11319 6634 6638
10931 6634 11319
10932 2606 2610
10930 2606 10932
2606 2254 2610
2610 2254 11320
2254 2199 11320
10173 9960 10971
15129 10972 10976
15125 10972 15129
15129 10612 15125
15129 10616 10612
10975 11434 10615
10975 11436 11434
11434 11436 11058
11434 11058 11056
11056 11058 10686
11056 10686 10684
10684 10686 10320
10684 10320 10521
10611 10684 10521
10320 10173 10521
9960 10173 10320
243 10977 239
10614 2342 2346
10610 2342 10614
10974 2342 10970
10974 2346 2342
10613 629 424
424 239 52
424 629 239
15764 15957 10609
10973 15764 10609
52 10973 10609
239 10973 52
15764 15569 15957
15326 15569 15764
15125 15121 15569
15125 15569 15326
15131 10616 15129
10983 12176 12174
10979 12174 12176
10619 12174 10979
10978 10982 10618
10618 10982 10622
633 10621 637
633 10617 10621
243 633 637
243 637 10981
54 243 10981
243 54 10977
15327 10980 15581
15581 15131 15129
15581 15129 10976
15327 15581 10976
10972 15125 15326
15131 10620 10616
10979 11806 10619
10979 11808 11806
10975 11806 11808
10615 11806 10975
10978 10618 10614
10978 10614 2346
2197 10978 2346
2197 2346 10974
629 10617 633
629 10613 10617
239 629 633
239 633 243
239 10977 10973
10962 10600 3570
2892 10968 10606
10605 15565 15322
15322 15565 10604
10967 10965 10601
10967 10601 10603
10602 10600 10964
10602 10964 3206
3316 10602 3206
3206 10966 3316
10965 9248 10601
10965 9250 9248
10963 9248 9250
10599 9248 10963
10598 3570 3494
10964 10600 10962
2892 10606 2890
10600 3494 3570
10963 8900 10599
10963 8904 8900
10961 8900 8904
10597 8900 10961
3570 10598 3493
3304 3205 10596
3205 10962 10596
10962 3493 10596
10962 3570 3493
3205 3304 10960
10961 8526 10597
10961 8530 8526
8526 8530 8168
8526 8168 8164
15569 15565 15957
15125 10608 15121
15125 10612 10608
10611 10521 10318
10318 10173 9958
10318 10521 10173
10971 10969 10607
10971 10607 9958
10173 10971 9958
2558 10606 10968
2556 10606 2558
2558 2196 2556
2556 2196 10610
2196 2342 10610
2196 10970 2342
10609 15957 15762
10983 12174 10623
15957 15565 15762
15565 10605 15762
15569 15121 15565
15565 15121 10604
15121 14876 10604
14876 15121 10608
10969 9588 10607
10969 9590 9588
10967 9588 9590
10603 9588 10967
10602 3316 3202
2892 2890 3202
2892 3202 3316
10966 2892 3316
10803 11295 11293
11181 11565 11185
10805 11181 11185
10805 11185 10807
10805 11299 11295
10807 11299 10805
12901 11298 13005
13005 12533 12901
12631 12533 13005
11297 12533 12631
11437 11296 11561
11561 11181 11177
11561 11177 11294
11437 11561 11294
10803 11177 11181
10803 11181 10805
11181 11561 11565
10805 11295 10803
11059 11294 11177
11177 10687 11059
10803 10687 11177
11293 10687 10803
14880 10636 10996
14878 10636 14880
14878 14880 14448
14878 14448 14446
14446 14448 14038
14446 14038 14036
14036 14038 13658
14036 13658 13656
10995 13656 13658
10635 13656 10995
10807 11189 10811
13009 11300 10908
11300 13391 10908
11300 13285 13391
12635 13009 12639
12639 13009 10907
13009 12899 10907
12285 12635 12639
12285 12639 12289
11927 12285 12289
11927 12289 11931
11565 11927 11931
11565 11931 11569
11185 11565 11569
11185 11569 11189
10807 11185 11189
2198 10634 10994
10807 11301 11299
10811 11301 10807
13009 11298 11300
13005 11298 13009
12631 13005 13009
12631 13009 12635
12631 12635 12285
12631 12285 12177
11297 12631 12177
12285 11809 12177
11927 11809 12285
11927 11565 11561
11927 11561 11296
11809 11927 11296
10623 12530 10983
10629 10989 10625
10625 10989 639
10989 426 639
639 426 10985
15969 10984 15766
10988 15587 15324
15766 10988 15324
10624 15766 15324
15969 15766 10624
15324 15587 10628
10627 13107 12898
12530 12898 12532
12532 12898 10987
12898 13107 10987
10983 12530 12532
10626 10990 10630
10982 10986 10622
10622 10986 10626
637 10625 639
637 10621 10625
637 10985 10981
639 10985 637
15765 10984 15969
15323 15581 10624
15581 10980 10624
10980 15969 10624
10980 15765 15969
15581 14877 15131
15581 15323 14877
15131 14877 10620
10990 10994 10630
2194 10634 2198
2194 2198 1870
2194 1870 1868
1868 1870 1542
1868 1542 1540
1540 1542 1200
1540 1200 1196
10993 1196 1200
10633 1196 10993
10992 10996 10632
10632 10996 10636
10995 13282 10635
10995 13284 13282
10991 13282 13284
10631 13282 10991
10165 9958 10607
10630 10994 10634
10993 812 10633
10993 814 812
10989 812 814
10629 812 10989
15587 10988 15328
10632 10628 10992
10992 10628 15328
10628 15587 15328
10631 10991 10627
10627 10991 13107
10991 12900 13107
13107 12900 10987
10986 10990 10626
10217 10215 9841
3746 10222 9848
7953 9847 7957
7953 9845 9847
7953 10221 10219
7957 10221 7953
10218 10220 9844
9844 10220 9846
9845 7953 7786
10219 10217 9843
10219 9843 7786
7953 10219 7786
10216 10218 9844
10216 9844 3741
3779 10216 3741
3779 3741 9842
3746 9848 3742
10217 9841 9843
3745 10216 3779
9840 10214 9842
9842 10214 3779
10214 3745 3779
10213 7942 7789
9839 9841 10215
9839 10215 7789
7942 9839 7789
3775 10212 3744
9840 9838 10214
10214 9838 3744
9838 3775 3744
10211 8300 8159
7942 10213 7785
7961 8329 7969
3303 9852 3297
3303 9854 9852
8329 9853 8337
8329 9851 9853
7969 8329 8337
7969 8337 10227
7790 7969 10227
7969 7790 10225
9850 10224 10226
9850 10226 3297
3196 9850 3297
3196 3297 9852
8321 9851 8329
8321 9849 9851
7961 8321 8329
10213 8159 7785
7961 10225 10223
7969 10225 7961
3488 9848 10222
3486 9848 3488
3488 9850 3486
3488 10224 9850
9849 8321 8156
7961 7957 8321
8321 7957 8156
7957 9847 8156
7957 10223 10221
7961 10223 7957
3746 9846 10220
3742 9846 3746
3524 3485 10204
10205 9833 9362
9242 10205 9362
3739 10206 9832
3743 10206 3739
3743 3739 3487
3487 3739 3524
3739 9830 3524
3487 3524 10204
10205 8890 9831
10205 8894 8890
10203 8890 8894
9829 8890 10203
3524 9830 3485
3485 3195 3199
3485 3199 10204
10205 9831 9833
3195 10202 3199
3195 9828 10202
9829 10203 9827
9827 10203 8641
10203 8520 8641
8641 8520 10201
10200 10202 9828
10200 9828 2885
2931 10200 2885
2931 2885 9826
8639 9827 8641
8639 9825 9827
8279 8639 8641
8279 8641 10201
8158 8279 10201
10211 8521 8300
8159 9837 7785
8159 8300 9837
7942 7785 9839
3983 10210 3964
10212 3775 3740
3964 10212 3740
9836 3964 3740
3983 3964 9836
3740 3775 9838
10209 9024 8895
8521 8895 8517
8517 8895 9835
8895 9024 9835
8521 8517 8155
8521 8155 8300
3297 10226 3303
8300 8155 9837
3963 10210 3983
9834 10208 9836
9836 10208 3983
10208 3963 3983
10207 9362 9243
9024 10209 8891
10209 9243 8891
9243 9833 8891
9243 9362 9833
9024 8891 9835
10206 10208 9832
9832 10208 9834
10207 9242 9362
13461 13274 9866
808 422 621
9869 808 621
422 231 621
50 231 422
50 15760 15758
50 15758 9868
231 50 9868
15318 15758 15760
15318 15760 10239
15564 15318 10239
15318 15564 9867
13839 10238 10242
13835 10238 13839
13839 13461 13835
13835 13461 9866
808 810 422
13274 13461 9872
9871 10517 10314
9956 10157 9865
10241 9956 9865
10314 10241 9865
10517 10241 10314
10157 9956 10237
3013 10236 2888
9870 9864 10240
10240 9864 2888
9864 3013 2888
9869 621 420
420 231 48
420 621 231
48 231 9868
9876 9872 10246
9880 10246 13469
10246 13279 13469
10249 11054 11278
10245 9875 9879
10245 9879 11278
11054 10245 11278
9878 2692 2696
9874 2692 9878
10248 2692 10244
10248 2696 2692
10247 10243 9873
10247 9873 9877
13839 10242 13652
13652 13461 13839
13278 13461 13652
10239 15320 15564
10246 9872 13278
9872 13461 13278
10245 10680 9875
10245 10682 10680
10680 10682 10316
10680 10316 10517
9871 10680 10517
10517 10316 10241
9874 9870 10240
9874 10240 2552
2692 9874 2552
2552 10244 2692
10243 808 9873
10243 810 808
9240 8896 8892
10233 9857 9954
10149 10233 9954
3569 10230 3490
10232 3311 3198
3490 10232 3198
9856 3490 3198
3569 3490 9856
3198 3311 9860
9859 14209 14028
14028 14209 9858
10231 9584 9857
10231 9586 9584
9584 9586 9244
9584 9244 9240
9240 9244 8896
10233 10231 9857
10229 8892 8896
9855 8892 10229
3489 10230 3569
3197 3303 9856
3303 10228 9856
10228 3569 9856
10228 3489 3569
3303 3197 9854
10229 8518 9855
10229 8522 8518
8518 8522 8160
8518 8160 8337
9853 8518 8337
8337 8160 10227
3303 10226 10228
3200 10236 2886
14872 14870 15320
15320 14870 15564
14870 9867 15564
10235 14870 14872
9863 14870 10235
13651 10238 13835
9862 10234 9866
9866 10234 13835
10234 13651 13835
10149 9865 10157
10149 9861 9865
10149 10237 10233
10157 10237 10149
3311 10232 3200
10236 3013 2886
8158 7788 7784
9860 3200 2886
3311 3200 9860
2886 3013 9864
10235 14438 9863
10235 14442 14438
14438 14442 14032
14438 14032 14209
9859 14438 14209
14032 13650 13648
14032 13648 9858
14209 14032 9858
13650 9862 13648
13650 10234 9862
9861 10149 9954
9516 2708 9520
14030 14237 14440
14237 14030 9893
9518 12726 12524
12168 12726 12380
12524 12726 12168
9522 12168 12034
12168 12380 12034
12380 11802 12034
12380 9892 11802
11430 11428 11802
11802 11428 12034
11428 9521 12034
9891 11428 11430
9517 11428 9891
9520 2708 2710
14440 14237 14667
9896 2708 9890
9896 2710 2708
9895 1862 9519
9895 1864 1862
1862 1864 1536
1862 1536 1534
9889 1534 1536
9515 1534 9889
14439 9894 14667
14667 14029 14439
14237 14029 14667
9893 14029 14237
13477 9888 13276
13276 12894 12892
13276 12892 9514
10315 10313 9955
9803 9805 10187
9803 10187 9585
9694 9803 9585
12895 10186 13019
10185 12895 13019
11936 9804 11801
11801 11429 11431
11801 11431 10184
11936 11801 10184
11431 11429 11053
11053 11429 11051
11053 11051 10681
10681 11051 10679
10681 10679 10315
10315 10679 10313
13477 13276 9514
9955 10313 9953
9955 9953 9583
9955 9583 9694
10183 9955 9694
9694 9583 9803
9522 12034 11800
11800 12034 9521
9520 2710 2548
2190 2188 2548
2190 2548 2710
9896 2190 2710
9895 2188 2190
9519 2188 9895
14667 9894 14440
9879 9875 9501
9880 13275 13473
9509 11283 11050
9883 9879 9505
9883 9505 11050
11283 9883 11050
9504 3028 2884
9882 9508 9878
9878 9508 3028
9508 2884 3028
9881 9877 9507
9507 9877 806
9877 1020 806
806 1020 9503
9876 9880 9502
9502 9880 9506
9510 9880 13473
9879 9501 9505
3028 9504 2883
9874 9878 9500
9500 9878 2883
9878 3028 2883
9873 1020 9877
9873 1016 1020
9499 1020 1016
9503 1020 9499
9872 9876 9498
9498 9876 9502
9501 9875 9497
9497 9875 10889
9875 10680 10889
10889 10680 9871
13473 9884 13477
12894 12526 12892
12892 12526 9518
12526 12726 9518
12170 12726 12526
12170 12380 12726
12170 9892 12380
9891 9887 9513
9891 9513 9517
9516 9512 9886
9516 9886 2550
2708 9516 2550
2550 9890 2708
9889 9885 9511
9889 9511 9515
13477 9884 9888
10183 9694 9585
13477 9510 13473
13477 9514 9510
9513 9887 9509
9509 9887 11283
9887 11052 11283
11283 11052 9883
9882 9886 9508
9508 9886 9512
9885 1190 9511
9885 1192 1190
9881 1190 1192
9507 1190 9881
13275 9884 13473
9506 9880 9510
8631 8515 8153
2189 2191 2551
2189 2551 2603
9820 2189 2603
2191 2189 1865
1865 2189 1863
1865 1863 1537
1537 1863 1535
1537 1535 1193
1193 1535 1191
1193 1191 809
809 1191 807
807 10194 809
807 9818 10194
8631 9817 8515
8631 8153 8271
2551 10196 2603
8271 8153 9816
6387 9815 6283
9819 10195 10193
9819 10193 6387
6283 9819 6387
10194 9818 9814
10194 9814 538
421 10194 538
421 538 10192
9813 9817 10191
10191 9817 8519
9817 8631 8519
8631 8157 8519
8271 8157 8631
7783 7787 8157
8516 8279 8154
8158 7784 9824
8279 8158 9824
7784 7788 7382
7784 7382 7380
7380 7382 7004
7380 7004 7002
7002 7004 6630
7002 6630 6628
10199 6628 6630
9823 6628 10199
2887 10200 2931
9822 10198 9826
9826 10198 2931
10198 2887 2931
9825 8639 8516
7783 8157 8271
8516 8639 8279
8154 8279 9824
10199 10197 9823
9823 10197 6284
10197 6396 6284
6284 6396 9821
10196 10198 9822
10196 9822 2549
2603 10196 2549
2603 2549 9820
10197 6286 6396
10195 9819 9821
10195 9821 6396
6286 10195 6396
13277 10188 13273
158 9812 47
158 47 9811
14027 10190 9810
14031 10190 14027
14031 14027 13649
13649 14027 13647
13647 10188 13649
13647 9808 10188
12649 9807 12525
12649 12525 9806
9805 9241 10187
9805 9239 9241
9809 9241 9239
10189 9241 9809
13273 10188 9808
10191 8893 9813
13273 12893 13277
13277 12893 10186
12893 13019 10186
12893 9807 12649
13019 12893 12649
12527 13019 12649
10185 13019 12527
12169 12171 12527
12169 12527 12649
9806 12169 12649
12171 12169 11803
11803 12169 11936
12169 9804 11936
11803 11936 10184
10192 538 419
9816 7783 8271
7787 7783 7381
7381 7783 7379
7381 7379 7003
7003 7379 7001
7003 7001 6629
6629 7001 6627
6285 6629 6627
6285 6627 9815
6387 6285 9815
10193 6285 6387
538 9814 419
158 49 9812
49 10192 9812
10192 419 9812
9876 10246 9880
15759 49 15757
15757 49 9811
49 158 9811
15759 15757 15319
15319 15757 15317
15319 15317 14871
14871 15317 14869
14871 14869 14441
14441 14869 14437
14437 10190 14441
14437 9810 10190
9809 8893 10189
9809 8889 8893
9813 8893 8889
8660 8521 10211
10579 8660 8525
8163 8525 8159
8159 8525 10211
8525 8660 10211
10213 8163 8159
10581 8163 10213
10210 10578 10580
10210 10580 3985
3964 10210 3985
3964 3985 10212
10209 8899 10577
10209 8895 8899
8899 8895 8521
8899 8521 8660
10579 8899 8660
3748 10582 10214
10576 10578 10210
10576 10210 3963
3981 10576 3963
3981 3963 10208
10207 9247 10575
10207 9243 9247
10209 9247 9243
10577 9247 10209
3965 10576 3981
10206 10574 10208
10208 10574 3981
10574 3965 3981
10575 9242 10207
10575 9246 9242
10573 9242 9246
10217 7569 7385
7579 10589 7575
10220 3788 3794
10218 3788 10220
10588 3788 10586
10588 3794 3788
7569 10219 7575
7569 10217 10219
7569 10587 10585
7575 10587 7569
10218 3780 3788
10216 3780 10218
10586 3780 10584
10586 3788 3780
10215 10217 10583
10583 10217 7385
10205 9242 10573
10585 7385 7569
3780 10216 3745
10582 10584 10214
10214 10584 3745
10584 3780 3745
10213 7793 10581
10213 7789 7793
10215 7793 7789
10583 7793 10215
3985 10580 3966
3966 3748 3744
3966 3744 10212
3985 3966 10212
3748 10214 3744
2604 10196 2551
10199 6630 10567
2887 10568 10200
2889 10568 2887
2887 10566 2889
2887 10198 10566
10567 10565 10197
10567 10197 10199
10566 10198 10196
10566 10196 2604
2555 10566 2604
2555 2604 10564
10565 10563 10197
10197 10563 6286
10563 6392 6286
6286 6392 10195
10567 6630 6632
2551 2191 2193
2551 2193 10564
2604 2551 10564
2193 2191 1867
1867 2191 1865
1867 1865 1539
1539 1865 1537
1539 1537 1195
1195 1537 1193
1193 809 1195
1195 809 10562
809 929 10562
929 809 10194
10561 8632 8523
8272 8523 8632
10571 8524 8520
3743 10574 10206
3747 10574 3743
3747 3743 3491
3491 3743 3487
3487 10572 3491
3487 10204 10572
10573 8894 10205
10573 8898 8894
10571 8894 8898
10203 8894 10571
3199 10572 10204
3201 10572 3199
3199 10570 3201
3199 10202 10570
10571 8520 10203
7575 10589 10587
10569 8520 8524
10201 8520 10569
10568 10570 10200
10200 10570 10202
10569 8158 10201
10569 8162 8158
8158 8162 7792
8158 7792 7788
7788 7792 7384
7788 7384 7382
7382 7384 7006
7382 7006 7004
7004 7006 6632
7004 6632 6630
14217 10238 13651
3315 3202 10236
2890 10240 2888
2890 10606 10240
10605 15320 10239
10605 15322 15320
15320 15322 14872
14872 15322 15117
15322 10604 15117
14647 14643 15117
15117 14643 14872
14643 10235 14872
14213 14643 14647
14213 14647 14217
14213 14217 13831
13831 14217 13651
3202 2888 10236
13831 13651 10234
9771 10237 9779
9771 10233 10237
9771 10603 10601
9779 10603 9771
10232 10600 10602
10232 10602 3315
3200 10232 3315
3200 3315 10236
10235 14643 14442
14442 14213 14032
14442 14643 14213
14032 13831 13650
14032 14213 13831
13650 13831 10234
14651 14647 15117
2556 10240 10606
2552 10240 2556
2556 10244 2552
2556 10610 10244
10243 1017 810
810 625 422
810 1017 625
422 235 50
422 625 235
15760 50 15762
15762 50 10609
50 235 10609
10605 15760 15762
10239 15760 10605
15117 10604 14876
9763 10233 9771
14651 15117 14876
10608 14651 14876
14217 14647 14651
14217 14651 14221
14221 10238 14217
14221 10242 10238
10241 10165 9956
9588 9779 10237
10607 9588 10237
9956 10607 10237
10165 10607 9956
9779 9588 10603
3315 10602 3202
3202 2890 2888
3488 10222 3492
10227 7977 7790
7386 7589 10225
10595 7386 10225
7790 10595 10225
7977 10595 7790
7589 7386 10593
10592 10594 10224
10224 10594 10226
7585 10225 7589
7585 10223 10225
7195 7585 7589
7195 7589 10593
7008 7195 10593
7195 7008 10591
3492 10222 10590
10226 10596 10228
3492 10224 3488
3492 10592 10224
7579 10223 7585
7579 10221 10223
7579 7585 7195
7579 7195 7007
10589 7579 7007
10591 7007 7195
10220 3794 3746
10590 10222 10588
10588 10222 3794
10222 3746 3794
7575 10221 7579
7575 10219 10221
10597 8896 8900
9763 10231 10233
9393 9763 9771
9393 9771 10601
9248 9393 10601
9393 9248 10599
3494 10230 10598
3490 10230 3494
3494 10232 3490
3494 10600 10232
10231 9763 9586
9586 9393 9244
9586 9763 9393
8896 9244 8900
8900 9244 10599
9244 9393 10599
8272 8161 8523
10229 8896 10597
3489 10598 10230
3493 10598 3489
3489 10596 3493
3489 10228 10596
10597 8522 10229
10597 8526 8522
8522 8526 8164
8522 8164 8160
8160 8164 7794
8160 7794 7977
10227 8160 7977
7977 7794 10595
10594 10596 10226
14665 14439 14029
11430 11660 9891
10262 10266 9890
9890 10266 9896
9895 2021 1864
1864 1713 1536
1864 2021 1713
10265 10261 9889
10265 9889 1536
1713 10265 1536
14873 10264 15137
14439 14665 9894
14665 10260 9894
10260 15137 9894
10260 14873 15137
14665 14029 14235
11802 12028 11430
13855 14235 13859
13859 14235 9893
14235 14029 9893
13276 9888 13855
13855 13859 10263
13276 13855 10263
13280 13276 10263
13276 13280 12896
13276 12896 12894
12894 12896 12528
12894 12528 12526
12170 12526 12528
12170 12528 10259
12374 12170 10259
12374 12020 12028
1713 1538 10265
14669 10268 14444
14444 14239 14669
14034 14239 14444
14034 13863 14239
13654 13863 14034
13863 13654 10267
2192 9896 10266
2190 9896 2192
2190 2021 9895
2190 2192 10270
2021 2190 10270
2023 2021 10270
1713 2021 2023
1713 2023 10269
1538 1713 10269
12374 12028 9892
15137 10264 14874
10268 14669 14440
14874 10268 14440
9894 14874 14440
15137 14874 9894
14440 14239 14030
14440 14669 14239
13863 13859 14239
14239 13859 14030
13859 9893 14030
13859 10267 10263
13863 10267 13859
9892 12028 11802
11430 12028 11660
10250 13851 9884
9886 9882 10254
9886 10254 2554
2704 9886 2554
2554 10258 2704
9885 1387 1192
10257 10253 9881
10257 9881 1192
1387 10257 1192
14233 10252 10256
14229 10252 14233
14229 14233 13851
14229 13851 13653
10251 14229 13653
13275 13469 9884
13469 10250 9884
11052 11284 9883
10250 13653 13851
13469 13275 9880
10249 11284 10255
10249 11278 11284
9879 11284 11278
9883 11284 9879
10254 9882 9878
10254 9878 2696
2553 10254 2696
2553 2696 10248
10253 10247 9877
10253 9877 9881
14033 10252 14229
10251 14033 14229
13279 10250 13469
14665 14233 10256
12170 12374 9892
12020 11656 12028
12028 11656 11660
9887 11660 11656
9891 11660 9887
9886 2704 2550
10262 9890 10258
10258 9890 2704
9890 2550 2704
9889 10261 9885
9885 10261 1387
10261 1194 1387
1387 1194 10257
14443 10260 14665
14665 14235 14233
2023 1866 10269
14443 14665 10256
13851 14233 14235
13851 14235 13855
13855 9884 13851
13855 9888 9884
10259 12172 12374
11804 12374 12172
11804 12020 12374
11432 12020 11804
11432 11656 12020
11284 11052 9887
10255 11284 9887
11656 10255 9887
11432 10255 11656
15028 15319 14871
6631 6629 6285
6631 6285 6388
10559 6631 6388
6388 6285 10193
539 10554 10558
531 10554 539
531 539 159
159 539 49
539 10192 49
15759 15761 49
49 15761 159
15761 10553 159
15761 15759 15319
15761 15319 15472
10557 15761 15472
6631 7003 6629
15472 15319 15028
14871 14441 14445
14871 14445 10556
15028 14871 10556
14441 10552 14445
14441 10190 10552
10551 10189 10555
10555 10189 9002
10189 8893 9002
9002 8893 10191
531 10550 10554
521 10550 531
521 531 159
521 159 51
10549 521 51
10555 9002 8897
8161 8272 10560
10559 6392 10563
10559 6388 6392
10193 6392 6388
10195 6392 10193
811 10562 929
421 539 10194
539 10558 10194
10558 929 10194
10558 811 929
539 421 10192
10557 15472 15321
15028 15321 15472
15028 14875 15321
14875 15028 10556
10553 51 159
8632 10561 8519
10561 8897 8519
8897 10191 8519
8897 9002 10191
8272 8519 8157
8632 8519 8272
8157 7787 7791
8157 7791 10560
8272 8157 10560
7791 7787 7383
7383 7787 7381
7383 7381 7005
7005 7381 7003
7005 7003 6631
12643 12529 10185
11803 10184 10542
10541 10183 10547
10547 10183 9698
10183 9585 9698
9698 9585 10187
423 10546 515
10545 423 515
13655 10544 13773
13773 13281 13655
13395 13281 13773
12895 12897 13281
12895 13281 13395
10186 12895 13395
12529 12897 12895
12529 12895 10185
11803 10542 11805
10543 12529 12643
11431 10542 10184
11433 10542 11431
11433 11431 11055
11055 11431 11053
11055 11053 10683
10683 11053 10681
10683 10681 10317
10317 10681 10315
10317 10315 9957
9957 10315 9955
10183 9957 9955
10541 9957 10183
2023 10270 1866
521 10549 515
10548 10552 10190
10548 10190 14031
14151 10548 14031
14151 13649 13777
14151 14031 13649
13777 13649 10188
10547 9698 9587
9245 9587 9241
9241 9587 10187
9587 9698 10187
10189 9245 9241
10551 9245 10189
521 10546 10550
515 10546 521
515 10549 10545
13639 13265 8744
14035 10548 14151
14151 13777 13773
14151 13773 10544
14035 14151 10544
13773 13777 13395
13395 13777 13277
13777 10188 13277
13395 13277 10186
12643 10185 12527
12171 12173 12527
12527 12173 12643
12173 10543 12643
12173 12171 11805
11805 12171 11803
6844 15460 6846
10825 10829 10449
10825 10449 10297
7249 10825 10297
7251 10297 10449
6848 15464 15470
6846 15464 6848
7250 15464 7248
7250 15470 15464
6845 6847 7247
7247 6847 11037
6847 11209 11037
11209 10665 11037
10825 10665 11209
7249 10665 10825
6846 15460 15464
11209 11035 6849
7248 15460 7246
7248 15464 15460
7245 11942 11787
11576 11787 11942
11576 11415 11787
6843 6845 7247
6843 7247 11415
11576 6843 11415
6844 15454 15460
6842 15454 6844
7246 15454 7244
7246 15460 15454
7243 11942 7245
7243 11934 11942
11934 11572 11942
10829 6851 10833
10083 7257 10077
7254 7256 6852
6852 7256 6854
10833 6851 10663
10833 10295 10453
10833 10663 10295
10295 6853 10077
10453 10295 10077
9927 10453 10077
7253 10453 9927
7255 9927 10077
6850 15032 14824
7254 6852 7252
7252 6852 15032
6852 14824 15032
11942 11572 11576
10829 6849 6851
10449 10829 10833
10449 10833 10453
10449 7253 7251
10453 7253 10449
6848 15470 15272
6850 15272 15032
15272 15470 15032
15470 14830 15032
15470 7250 14830
14830 7252 15032
11209 6847 11035
10825 11209 10829
10829 11209 6849
12875 6834 13000
6837 11184 6835
15279 7238 15437
14823 14991 6836
14991 7236 6836
7236 15437 6836
7236 15279 15437
14991 14399 14539
14991 14823 14399
14539 14003 14127
14539 14399 14003
14127 13627 13751
14127 14003 13627
13751 13253 13377
13751 13627 13253
12875 13253 6834
6835 11184 11180
13253 12875 13377
12875 7235 13377
12626 12875 13000
12626 12511 12875
12276 12511 12626
12276 12155 12511
11918 12155 12276
11918 11785 12155
11560 7237 11413
7237 11785 11413
11785 6833 11413
11785 11918 6833
11180 11413 11033
11560 11413 11180
11180 11033 6835
11568 11930 11564
6841 11576 11572
6843 11576 6841
15454 6842 15271
7242 7244 6840
6840 7244 15271
7244 15454 15271
7241 11934 7243
7241 11930 11934
11930 11568 11934
11934 11568 11572
6839 11572 11568
6841 11572 6839
7240 7242 6838
6838 7242 6840
7241 11786 11930
10077 7257 7255
11564 11930 7239
11930 11786 7239
11568 11564 11184
11568 11184 11034
6839 11568 11034
11034 11184 6837
15437 7238 15280
6838 6836 7240
7240 6836 15280
6836 15437 15280
7237 11564 7239
7237 11560 11564
11560 11180 11564
11564 11180 11184
15054 15494 6869
7275 15498 15281
15054 15281 15498
15054 14831 15281
14831 15054 7274
7273 6871 7277
7277 6871 9732
6871 9549 9732
9732 9549 6873
3169 7276 3251
6870 7272 6872
6872 7272 3251
7272 3169 3251
7271 15498 7275
7271 15494 15498
15054 15498 15494
392 7278 576
14825 15054 6869
14825 14401 14407
14825 14407 7274
15054 14825 7274
14401 7270 14407
14401 6868 7270
7273 7269 6867
7273 6867 6871
7268 7272 6866
6866 7272 6870
7267 15494 7271
7267 15490 15494
6865 15494 15490
6869 15494 6865
14005 7270 6868
3259 7276 7280
2158 2630 2512
2158 2278 2630
1960 1836 6879
7279 1960 6879
2278 7279 6879
2158 7279 2278
1836 1960 6875
6874 576 386
7282 6878 7278
7278 6878 576
6878 386 576
7277 9732 9553
6873 6877 7281
6873 7281 9553
9732 6873 9553
14009 7270 14005
3251 7276 3259
3259 6872 3251
3259 6876 6872
7279 1840 1960
1516 1512 1840
1840 1512 1960
1512 6875 1960
1512 1516 1174
1512 1174 1168
1168 1174 782
1168 782 776
782 392 776
776 392 6874
392 576 6874
1839 1835 1515
15731 25 15727
6861 15731 15727
7263 15731 6861
14579 7258 14406
6860 6856 7262
7262 6856 14406
6856 14579 14406
10083 6859 10089
10083 6855 6859
10083 7261 7257
10089 7261 10083
2153 7260 6858
2157 7260 2153
2157 2153 1839
1839 2153 1835
27 25 15731
1515 1835 1511
1515 1511 1173
1173 1511 1167
1173 1167 781
781 1167 775
781 775 391
391 775 385
6857 391 385
7259 391 6857
6854 7256 7258
6854 7258 14579
14400 6854 14579
14400 14579 6856
10077 6855 10083
10077 6853 6855
14004 6860 14008
14005 7266 14009
14005 6864 7266
10095 6863 9923
6867 7269 7265
6867 7265 10095
9923 6867 10095
7268 6866 6862
7268 6862 2936
2849 7268 2936
2849 2936 7264
7263 6861 7267
7267 6861 15490
6861 15273 15490
15490 15273 6865
14008 6860 7262
14829 7236 14991
14008 6864 14004
14008 7266 6864
10089 6863 10095
10089 6859 6863
10089 7265 7261
10095 7265 10089
2936 6862 2845
2845 2505 2511
2845 2511 7264
2936 2845 7264
2505 7260 2511
2505 6858 7260
6857 27 7259
6857 25 27
14404 6948 14231
6565 10662 6947
6568 6564 6946
6568 6946 2510
2702 6568 2510
2510 6950 2702
6949 1166 6567
6949 1172 1166
6945 1166 1172
6563 1166 6945
14828 6562 6944
14822 6562 14828
14822 14828 14404
14822 14404 14398
14398 14404 14002
14002 14404 14231
6947 10662 10664
14002 14231 6566
6947 10294 6565
6947 10296 10294
6943 10294 10296
6561 10294 6943
6942 6946 6560
6560 6946 6564
6945 6941 6559
6945 6559 6563
15571 6940 15278
6562 6558 6944
6944 6558 15278
6558 15571 15278
6943 9922 6561
6943 9926 9922
1834 1514 1510
13626 6570 13857
13626 13857 6574
6573 6953 6569
6569 6953 12019
6953 11784 12019
12019 11784 6951
6568 2702 2504
6572 2504 2354
2504 2702 2354
2702 2156 2354
2702 6950 2156
1838 1834 2156
2156 1834 2354
1834 6571 2354
1834 1838 1514
6939 9922 9926
6949 1510 1514
6567 1510 6949
14231 6948 14006
6570 6566 6952
6952 6566 14006
6566 14231 14006
6569 12019 11782
11412 11782 11414
11414 11782 6951
11782 12019 6951
11412 11414 11036
11412 11036 11032
11032 11036 10664
11032 10664 10662
8868 9398 9066
774 780 390
774 390 384
6929 384 390
6547 384 6929
15563 6928 6932
15559 6928 15563
15563 6546 15559
15563 6550 6546
6927 10154 6931
6927 10146 10154
10154 10146 9768
10154 9768 9548
6549 10154 9548
9214 9768 9398
9548 9768 9214
6933 780 774
9214 9398 8868
8868 9066 6545
2508 6544 6926
2502 6544 2508
2508 6548 2502
2508 6930 6548
6929 6925 6547
6547 6925 24
6925 224 24
24 224 6543
15277 6928 15559
6542 6924 6546
6546 6924 15559
6924 15277 15559
6927 9924 10146
6552 6938 2503
6557 9922 6939
6942 6560 6556
6942 6556 2690
2509 6942 2690
2509 2690 6938
6941 6937 6555
6941 6555 6559
15571 6936 6940
15567 6936 15571
15571 6554 15567
15571 6558 6554
6939 6935 6553
6939 6553 6557
2690 6556 2503
6934 6938 6552
6570 6954 13857
6938 2690 2503
6937 6933 6551
6937 6551 6555
15567 6932 6936
15563 6932 15567
15567 6550 15563
15567 6554 6550
6931 10154 9925
6549 6553 6935
6549 6935 9925
10154 6549 9925
6930 6934 6548
6548 6934 6552
6933 774 6551
14976 15532 15084
11622 11990 11897
6588 11622 11897
11622 11254 11624
11624 11254 11258
6587 11258 11254
6589 11258 6587
11622 6588 11533
11254 11533 11155
11622 11533 11254
11254 11155 6587
6586 210 134
15844 210 15936
134 210 15844
15424 15936 15532
15844 15936 15424
11622 11624 11990
15424 15532 14976
14976 15084 6585
6586 206 210
6584 206 6586
210 206 15936
15936 206 15846
206 6966 15846
15532 15936 15526
15526 15936 6965
15936 15846 6965
15532 15526 15084
15084 15526 14978
15526 6964 14978
14616 14526 6585
6963 14616 6585
12276 12153 11918
14991 14405 14829
14539 14405 14991
14539 14007 14405
14127 14007 14539
14127 13629 14007
13751 13629 14127
13751 13255 13629
13377 13255 13751
13255 13377 7235
6834 12873 13000
12626 12873 12509
13000 12873 12626
12276 12509 12153
12626 12509 12276
11918 12153 11783
15084 6963 6585
11918 11783 6833
6592 11630 11534
11156 11630 11262
11534 11630 11156
11156 11262 6591
6590 11990 11898
11990 11624 11630
11990 11630 6592
11898 11990 6592
11624 11258 11630
11630 11258 11262
6589 11262 11258
6591 11262 6589
11990 6590 11897
13628 13252 6576
15514 15843 15423
15918 15843 15514
15070 15423 14975
15514 15423 15070
15070 14975 6579
12874 6578 6958
12872 6578 12874
12872 12874 12510
12872 12510 12508
12508 12510 12154
12508 12154 12152
6957 12152 12154
6577 12152 6957
13861 6956 13628
13628 13254 13252
15918 6580 15843
13861 13628 6576
13254 6578 13252
13254 6958 6578
6957 6955 6575
6957 6575 6577
13861 6954 6956
13857 6954 13861
13861 6574 13857
13861 6576 6574
6955 6953 6573
6955 6573 6575
6572 2354 2152
2152 2354 6571
6570 6952 6954
15918 15845 6580
14978 6963 15084
14526 14616 6583
6584 202 206
6582 202 6584
6966 202 6962
6966 206 202
6961 15526 6965
6961 15520 15526
6964 15520 6960
6964 15526 15520
6959 14616 6963
6959 14612 14616
6581 14616 14612
6583 14616 6581
202 6582 133
2512 2630 6880
15845 6962 6580
6962 133 6580
6962 202 133
15514 15520 15918
15918 15520 15845
15520 6961 15845
15514 15070 15520
15520 15070 6960
15070 14977 6960
14612 6959 14525
6959 14977 14525
14977 6579 14525
14977 15070 6579
14612 14525 6581
14408 6948 14404
1172 6949 1706
1172 1176 786
1172 786 1023
6945 1172 1023
786 631 1023
398 631 786
631 398 7333
15963 7332 15734
15734 15575 15963
15284 15575 15734
15284 14832 14828
15284 14828 6944
15575 15284 6944
14828 14832 14408
14828 14408 14404
1518 1172 1706
14408 7336 6948
6947 10535 10296
7335 7331 6943
7335 6943 10296
10535 7335 10296
7334 6946 6942
7334 6942 2694
2515 7334 2694
2515 2694 7330
1019 6945 1023
1019 6941 6945
627 1019 1023
627 1023 631
237 627 631
237 631 7333
11036 10666 10664
6950 2350 2156
1838 2350 2012
2156 2350 1838
1514 2012 1706
1838 2012 1514
1514 1706 6949
14010 6948 7336
14006 6948 14010
14010 6952 14006
14010 7338 6952
7337 11414 6951
7337 11416 11414
11414 11416 11038
11414 11038 11036
11036 11038 10666
30 237 7333
10664 10666 10298
10664 10298 10535
6947 10664 10535
10535 10298 7335
2516 6946 7334
2510 6946 2516
2516 2160 2510
2510 2160 6950
2160 2350 6950
1842 2350 2160
1842 2012 2350
1518 2012 1842
1518 1706 2012
1176 1172 1518
10164 9925 6935
7324 7328 6934
6934 7328 6938
1013 6937 1015
1013 6933 6937
619 1013 1015
619 1015 7327
396 619 7327
619 396 7323
15955 7322 7326
15953 7322 15955
15955 6932 15953
15955 6936 6932
7321 6931 7325
7325 6931 10164
6931 9925 10164
6939 10172 6935
7320 7324 6930
6930 7324 6934
6933 1013 780
780 619 390
780 1013 619
7323 7319 6929
7323 6929 390
619 7323 390
15733 7322 15953
15953 6932 15733
15283 15733 15560
15733 6932 15560
6932 6928 15560
15283 15560 7318
7321 7317 6927
1015 6941 1019
15963 15959 237
15963 237 30
7332 15963 30
15963 15575 15959
15959 15575 6940
15575 15278 6940
15278 15575 6944
7331 7329 6943
6943 7329 9926
7329 10172 9926
9926 10172 6939
2694 6942 2509
7328 7330 6938
6938 7330 2509
7330 2694 2509
12025 7339 11784
1015 6937 6941
1015 1019 627
1015 627 397
7327 1015 397
627 29 397
237 29 627
237 15959 15955
237 15955 7326
29 237 7326
15959 6936 15955
15959 6940 6936
7325 10172 7329
7325 10164 10172
6935 10172 10164
13004 12630 13008
12634 12638 13008
13008 12638 12877
12638 7635 12877
12634 12284 12638
12638 12284 12288
12288 12284 11926
12288 11926 11786
7241 12288 11786
11786 11926 7239
15286 7238 7632
15280 7238 15286
15286 7240 15280
15286 7634 7240
7631 13008 7633
7631 13004 13008
7633 13008 12877
13008 12630 12634
12630 12280 12634
12634 12280 12284
12280 11922 12284
12284 11922 11926
7237 11926 11922
7239 11926 7237
15279 7632 7238
15285 7632 15279
15279 7630 15285
15279 7236 7630
7629 7235 7631
7631 7235 13004
7235 12875 13004
12630 12875 12511
12292 7243 12157
7639 10443 9929
7645 9929 10065
7246 7244 7638
7246 7638 14834
15016 7246 14834
14834 7644 15016
7637 13022 7643
7637 13018 13022
13018 12642 13022
13022 12642 7642
12642 12513 7642
12292 12513 12642
12292 12157 12513
7243 7245 7641
7243 7641 12157
13004 12875 12630
10299 7640 10443
7639 10299 10443
7636 7638 7242
7242 7638 7244
7637 12878 13018
12642 13018 12638
12638 13018 7635
13018 12878 7635
12638 12288 12642
12642 12288 12292
7241 12292 12288
7243 12292 7241
7634 7636 7240
7240 7636 7242
13256 7344 6958
15074 6960 14977
15074 14977 6959
12876 6958 7344
12874 6958 12876
12874 12876 12512
12874 12512 12510
12510 12512 12156
12510 12156 12154
7343 12154 12156
6957 12154 7343
13630 6956 7342
13628 6956 13630
13628 13630 13256
13628 13256 13254
13256 6958 13254
15924 15845 6961
6957 7343 6955
6955 7343 12031
7343 11788 12031
12031 11788 7341
7340 7342 6954
6954 7342 6956
12025 6955 12031
12025 6953 6955
12025 7341 7339
12031 7341 12025
7338 7340 6952
6952 7340 6954
6953 12025 11784
7339 7337 6951
7339 6951 11784
7235 13257 13255
12280 12511 12155
12630 12511 12280
11922 12155 11785
12280 12155 11922
11922 11785 7237
14829 7630 7236
14833 7630 14829
14833 14829 14409
14409 14829 14405
14409 14405 14011
14011 14405 14007
14011 14007 13631
13631 14007 13629
13631 13629 13257
13257 13629 13255
7321 6927 6931
7629 13257 7235
6966 15930 15846
15846 15930 6965
6964 15078 14978
14978 15078 6963
6966 15924 15930
6962 15924 6966
6961 15930 15924
6965 15930 6961
6964 15074 15078
6960 15074 6964
6959 15078 15074
6963 15078 6959
15924 6962 15845
7293 2513 2645
15087 6896 15081
15087 6902 6896
9745 6895 9551
6901 7295 7291
6901 7291 9745
9551 6901 9745
3467 7294 3551
3167 3279 6900
3279 7290 6900
7290 3551 6900
7290 3467 3551
3279 3167 6894
6893 6899 7289
7289 6899 2513
6899 2645 2513
15081 15533 15087
7288 7292 6892
6892 7292 6898
15523 6897 15527
15523 6891 6897
15077 15523 15527
15077 15527 15081
15077 15081 14615
14615 15081 14403
15081 6896 14403
14615 14403 6890
6889 6895 7287
7287 6895 9555
6895 9745 9555
7291 9555 9745
3171 7290 3279
1667 1517 1975
8501 8869 6907
8679 8501 6907
7297 8501 8679
3555 7294 7296
3551 7294 3555
3555 6900 3551
3555 6906 6900
2645 6899 2507
2155 2159 2507
2507 2159 2645
2159 7293 2645
1841 2159 2155
1841 2155 6905
1975 1841 6905
1975 1517 1841
2847 2851 3171
1667 7292 1517
1667 1359 1170
7292 1667 1170
6898 7292 1170
1170 987 778
1170 1359 987
778 591 388
778 987 591
388 591 6904
6903 15937 15730
15533 15527 15937
15937 15527 15730
15527 6897 15730
15081 15527 15533
6883 15913 15728
15069 15517 15073
15073 14611 15069
15069 14611 6882
14611 14402 6882
14402 14611 6886
7285 7283 6881
7285 6881 6885
6880 2630 2506
2154 2630 2278
2506 2630 2154
2154 2278 6879
387 7284 6884
393 7284 387
387 7282 393
387 6878 7282
15069 15511 15517
15728 15511 15274
15728 15913 15511
15274 15069 14826
15274 15511 15069
14826 15069 6882
7283 9550 6881
7283 9554 9550
7281 9550 9554
6877 9550 7281
3259 7280 3170
3170 2850 2846
3170 2846 6876
3259 3170 6876
2850 2512 2846
2846 2512 6880
15073 15523 15077
2847 3171 3279
6894 2847 3279
6893 2851 2847
7289 2851 6893
1169 7288 6892
1175 7288 1169
1169 777 1175
1175 777 7286
777 981 7286
981 777 6888
15921 6887 15729
15517 15921 15523
15523 15921 6891
15921 15729 6891
15073 15517 15523
8501 8871 8869
14611 15073 15077
14611 15077 14615
14615 6886 14611
14615 6890 6886
7287 7285 6885
7287 6885 6889
783 7286 981
6884 7284 6888
6888 7284 981
7284 783 981
15913 6887 15921
15913 6883 6887
15511 15913 15921
15511 15921 15517
15552 6920 15275
7314 6924 7310
7310 6924 15552
6924 15276 15552
7313 8870 6923
7313 8872 8870
7309 8870 8872
6919 8870 7309
3301 7308 3172
6922 6918 7312
7312 6918 3172
6918 3301 3172
7307 6917 7311
7311 6917 608
6917 389 608
608 389 6921
6920 15552 15276
7306 7310 6916
6916 7310 15275
7310 15552 15275
7309 8500 6919
7309 8502 8500
7305 8500 8502
6915 8500 7305
3563 7304 3468
7308 3301 3168
3468 7308 3168
6914 3468 3168
3563 3468 6914
3168 3301 6918
7303 994 785
6913 6917 7307
7317 9928 9924
3005 7316 2852
2852 2514 2508
2852 2508 6926
3005 2852 6926
2514 6930 2508
2514 7320 6930
7315 612 395
6925 6929 7319
6925 7319 395
612 6925 395
15560 6928 15277
7314 7318 6924
6924 7318 15277
7318 15560 15277
7317 9924 6927
6913 7307 785
9924 9928 9556
9924 9556 9552
9552 9556 9218
9552 9218 9216
7313 9216 9218
6923 9216 7313
6922 7312 7316
6922 7316 3005
2848 6922 3005
2848 3005 6926
7311 612 7315
7311 608 612
6921 612 608
6925 612 6921
28 26 7299
3555 7296 3465
3555 3465 6906
1975 6905 1837
1667 1975 1671
1671 1975 6909
1975 1837 6909
1359 1667 1671
1359 1671 1361
987 1359 1361
987 1361 989
591 987 989
591 989 593
26 6904 591
591 593 7299
26 591 7299
7296 6910 3465
26 28 15732
26 15732 15937
6903 26 15937
15732 15533 15937
15282 15533 15732
15095 15087 15533
15095 15533 15282
7298 15095 15282
15095 6902 15087
15095 6908 6902
6901 9217 7295
6901 9215 9217
9217 9215 8871
8871 9215 8869
994 7303 779
994 6913 785
7302 7306 6912
6912 7306 6916
7305 7301 6911
7305 6911 6915
6910 7300 7304
6910 7304 3563
3466 6910 3563
3466 3563 6914
1671 6909 1513
1671 1171 1361
1671 1513 1171
7303 989 1361
989 7303 784
7303 1361 1171
9552 10146 9924
7303 1171 779
6913 994 779
593 989 784
394 593 784
593 394 7299
7298 7302 6912
7298 6912 14827
15095 7298 14827
15095 14827 6908
8679 6907 8499
6911 7301 7297
6911 7297 8679
8499 6911 8679
7296 7300 6910
6567 6219 1710
12719 13103 12723
12373 12719 12723
12373 12723 12379
12373 6573 6569
12379 6573 12373
6218 10182 9920
9920 10182 6217
6220 6216 6568
6220 6568 2504
2706 6220 2504
2504 6572 2706
6571 1834 2016
1510 2016 1834
1510 1710 2016
6567 6215 6219
12719 13099 13103
1510 6567 1710
6214 6566 6570
6214 6570 13853
13624 6214 13853
13624 13475 13250
13624 13853 13475
13250 13099 12870
13250 13475 13099
12870 12719 12504
12870 13099 12719
12504 12373 12150
12504 12719 12373
11780 12150 11782
11782 12150 6569
12150 12373 6569
2152 2148 2496
12383 6577 6575
12387 6577 12383
13483 6574 6576
13479 6574 13483
13103 13479 13483
13103 13483 13111
13103 13111 12723
12723 13111 12505
13111 6222 12505
12379 12723 12383
12383 12723 6221
12723 12505 6221
12379 6575 6573
12383 6575 12379
6220 2706 2496
11780 11782 11412
2152 2496 2706
6572 2152 2706
1830 2148 2152
1830 2152 6571
2016 1830 6571
1506 2016 1710
1830 2016 1506
1506 1710 6219
13853 6570 13626
13479 13475 13853
13479 13853 13626
6574 13479 13626
13099 13475 13479
13099 13479 13103
14223 14657 14227
6209 10180 10178
6213 10180 6209
6208 3026 2840
6564 6212 6560
6560 6212 3026
6212 2840 3026
6211 1383 1162
6563 6559 6207
6563 6207 1162
1383 6563 1162
15127 6558 6562
15123 6558 15127
14653 15123 15127
14653 15127 14657
14223 14653 14657
10534 10294 6561
14223 14227 13841
13841 14227 13623
14227 6210 13623
13841 13249 13463
13841 13623 13249
13463 13249 6206
6561 9922 10178
9792 9544 6209
6557 9792 6209
10178 6557 6209
9922 6557 10178
9544 9792 6205
6208 3024 3026
6204 3024 6208
6560 3024 6556
6215 6567 6211
11780 11412 11410
11410 11412 11032
11410 11032 11028
11028 11032 10662
11028 10662 10660
10292 10660 10662
10292 10662 6565
10534 10292 6565
10534 10180 10182
10534 10182 6218
10292 10534 6218
6213 10182 10180
6217 10182 6213
6564 6568 6212
6212 6568 6216
12383 6221 12506
15792 244 15966
6567 1166 1383
1383 1166 6563
15127 6562 14822
14822 14657 15127
14398 14657 14822
14398 14227 14657
14002 14227 14398
6214 6210 6566
6566 6210 14002
6210 14227 14002
6565 10294 10534
10180 10534 10178
10178 10534 6561
15424 14976 15422
11620 11984 6237
11531 11620 6237
11620 11531 6239
6236 15092 14974
14974 15092 6235
12340 6238 12259
11984 12259 11895
12340 12259 11984
11984 11895 6237
134 6234 6586
132 6234 134
132 134 15844
132 15844 15842
15842 15844 15424
15842 15424 15422
11620 11986 11984
15422 14976 6236
14976 15092 6236
14620 14524 6235
6585 14620 6235
15092 6585 6235
14976 6585 15092
14116 14620 14192
14524 14620 14116
14116 14192 6233
6584 6586 6232
6232 6586 6234
6585 14526 14620
14192 14620 14188
14188 14620 6583
14620 14526 6583
12344 11986 11988
12344 11988 12346
12346 11988 6590
11988 11897 6590
11897 11988 6588
6587 6243 6589
6589 6243 10872
6243 10779 10872
10872 10779 6245
6242 13064 12986
13064 6241 12986
12611 12694 6244
12342 12344 12694
12342 12694 12611
6240 12342 12611
12342 11986 12344
14192 14188 13808
11986 11620 11988
11988 11620 6588
11620 11533 6588
11155 11533 11153
11153 11533 6239
11533 11620 6239
6243 11155 11153
6587 11155 6243
13064 6242 12985
13064 12985 6241
6240 12340 12342
6238 12340 6240
12340 11984 12342
12342 11984 11986
14178 14115 6223
14973 15423 6225
15423 15508 6225
14975 14973 14523
14975 14523 14608
6579 14975 14608
14178 14180 14608
14178 14608 14523
6224 14178 14523
13804 14180 14178
13804 14178 6223
13739 13804 6223
13804 13739 6227
15508 6226 15421
15508 15421 6225
14178 6224 14115
14975 15423 14973
13115 6578 12872
12872 12735 13115
12508 12735 12872
12508 12387 12735
12152 12387 12508
12387 12152 6577
13483 6576 13252
13115 13111 13483
13115 13483 13252
6578 13115 13252
13115 12735 13111
13111 12735 6222
12735 12506 6222
12387 12383 12735
12735 12383 12506
6579 14608 14525
14192 13808 13740
6233 14192 13740
13740 13808 6231
6582 6584 6230
6230 6584 6232
6581 14188 6583
6581 14184 14188
14184 13806 14188
14188 13806 13808
6229 13808 13806
6231 13808 6229
6582 6230 6228
6582 6228 198
133 6582 198
133 198 6580
6560 3026 3024
14180 14184 14608
14608 14184 14525
14184 6581 14525
14180 13804 14184
14184 13804 13806
6227 13806 13804
6229 13806 6227
198 6228 131
131 15841 15843
131 15843 6580
198 131 6580
15843 15841 15423
15423 15841 15508
15841 6226 15508
6526 15094 14813
9749 6173 9543
9749 9209 9379
9749 9543 9209
9379 9209 6172
8677 6171 8495
6175 6529 6525
6175 6525 8677
8495 6175 8677
2843 6528 2981
2981 2499 2843
2653 2499 2981
6527 2499 2653
15094 6174 14813
6524 6526 6170
6170 6526 14813
14821 15094 6526
6169 6173 6523
6523 6173 9547
6173 9749 9547
9749 9213 9547
9379 9213 9749
8865 8867 9213
8865 9213 9379
6172 8865 9379
8497 8867 8865
8497 8865 6171
8677 8497 6171
6525 8497 8677
14391 6524 6170
14397 6524 14391
14391 6522 14397
6533 6175 8496
1505 1509 1829
1829 1509 1985
1509 6531 1985
1509 1505 1165
1165 1505 1161
1165 1161 773
773 1161 769
773 769 379
773 379 602
6535 773 602
602 379 6179
6530 6534 6176
6176 6534 6178
6177 8689 8496
6533 6529 6175
14391 6168 6522
8689 6533 8496
2985 6528 6532
2981 6528 2985
2653 2981 2985
2653 2985 2657
2653 2657 2311
2653 2311 2151
6527 2653 2151
2311 1833 2151
1985 1833 2311
6531 1833 1985
6530 6176 6174
6530 6174 15094
14821 6530 15094
6513 6509 6157
2498 2277 2629
2150 2277 2498
2277 2150 6511
6158 6510 6516
6158 6516 583
378 6158 583
378 583 6162
6515 15722 6161
6515 15726 15722
15722 15726 15270
15722 15270 15266
15266 15270 14820
15266 14820 14812
14820 6160 14812
14820 6514 6160
2498 2629 2842
6513 6157 6159
6156 6508 6512
6156 6512 2965
2838 6156 2965
2838 2629 2494
2838 2965 2629
2494 2277 2146
2494 2629 2277
6511 6507 6155
6511 6155 2146
2277 6511 2146
6154 974 768
6510 6158 6506
6506 6158 974
6158 768 974
382 22 18
6523 6521 6167
6523 6167 6169
6520 6522 6168
6520 6168 13999
14187 6520 13999
14187 13999 6166
6521 6519 6165
6521 6165 6167
6164 6518 6520
6164 6520 14187
13998 6164 14187
13998 14187 6166
6519 6517 6163
6519 6163 6165
583 6516 382
2315 6180 1829
382 18 6162
583 382 6162
6515 18 22
6161 18 6515
14396 6160 6514
14390 6160 14396
14396 6164 14390
14396 6518 6164
6517 9542 6163
6517 9546 9542
6513 9542 9546
6159 9542 6513
2965 6512 2842
2842 2629 2965
6552 2678 6548
13833 6195 6201
13837 13459 13833
13833 13459 6194
13459 13248 6194
13248 13459 6200
6549 9784 6553
6549 9776 9784
9784 9776 9404
9784 9404 9210
6199 9784 9210
8866 9404 9070
9210 9404 8866
8866 9070 6193
6198 2678 2684
6192 2678 6198
13833 6201 13837
6552 2684 2678
6551 770 6197
6551 774 770
770 774 384
770 384 615
6191 770 615
615 384 6547
6546 6550 6196
6546 6196 14815
15111 6546 14815
15111 14815 6190
6195 13833 13622
13622 13833 6194
6549 9548 9776
9214 9776 9548
13463 6206 6200
6559 6555 6203
6559 6203 6207
6202 6554 6558
6202 6558 15123
14816 6202 15123
14816 14653 14392
14816 15123 14653
14392 14223 14000
14392 14653 14223
13841 13837 14223
14223 13837 14000
13837 6201 14000
13459 13837 13841
13459 13841 13463
13463 6200 13459
9214 9404 9776
6553 9792 6557
6553 9784 9792
6199 9792 9784
6205 9792 6199
3024 6204 2839
2684 2503 6198
2503 6556 6198
6556 2839 6198
6556 3024 2839
2503 2684 6552
6555 6551 6197
6555 6197 6203
6550 6554 6196
6196 6554 6202
220 19 6183
14814 6182 15107
14814 15107 6186
6541 6537 6181
6541 6181 6185
2661 6536 2500
2661 2500 6540
6540 6184 2147
2661 6540 2147
2315 2661 2147
2315 2147 6180
6535 602 383
220 6539 19
6539 383 19
383 6179 19
383 602 6179
6182 6542 15107
6534 6538 6178
6178 6538 6182
6181 6537 6177
6177 6537 8689
6537 8498 8689
8689 8498 6533
2985 6532 2844
2661 2657 2985
2661 2985 2844
6536 2661 2844
2311 2657 2661
2311 2661 2315
2311 2315 1985
1985 2315 1829
15111 6542 6546
8868 9404 9214
8868 9070 9404
6545 6189 6193
6545 6193 9070
8868 6545 9070
6192 6188 6544
6192 6544 2502
2678 6192 2502
2502 6548 2678
6191 615 380
20 380 24
24 380 6547
380 615 6547
6543 20 24
6187 20 6543
12696 12344 12346
15107 6542 15111
15111 6186 15107
15111 6190 6186
6545 6541 6185
6545 6185 6189
2495 6544 6188
2501 6544 2495
2495 6540 2501
2495 6184 6540
6539 220 23
6183 6187 6543
6183 6543 23
220 6183 23
6182 6538 6542
6895 6519 6521
983 1355 1357
983 1357 985
587 983 985
587 985 589
203 587 589
203 589 207
15925 203 207
15925 207 15931
15925 6897 6891
15931 6897 15925
14403 6896 14619
6520 6890 6522
6522 6890 14619
6890 14403 14619
6895 6889 6519
1355 6892 1357
2847 6894 2975
6893 2847 2975
1169 6892 1355
1355 777 1169
983 777 1355
983 587 585
983 585 6888
777 983 6888
199 585 587
199 587 203
199 203 15925
199 15925 15729
6887 199 15729
6891 15729 15925
6886 6890 6518
6896 6902 6524
2649 2155 2507
2301 2155 2649
6905 2155 2301
1357 6898 1170
1170 985 1357
778 985 1170
778 589 985
388 589 778
211 207 589
211 589 388
6904 211 388
15931 207 211
15931 211 6903
15730 15931 6903
15931 15730 6897
6518 6890 6520
6896 6524 14397
14619 6896 14397
14619 14397 6522
6521 6523 6895
6895 6523 9551
6523 9747 9551
6901 9551 9747
3167 6900 3281
3281 2977 2975
3281 2975 6894
3167 3281 6894
2975 6899 6893
2977 6899 2975
1357 6892 6898
6511 6879 6507
6883 15728 15726
15726 15728 15274
15726 15274 15270
15270 15274 14826
15270 14826 14820
14826 6514 14820
14826 6882 6514
6881 9550 9738
6877 6509 6513
6877 6513 9738
9550 6877 9738
6512 6508 6876
6512 6876 2846
2966 6512 2846
2846 6880 2966
6883 15726 6515
6507 6879 1959
6879 1836 1959
1959 1836 6875
6510 6506 6874
6510 6874 386
580 6510 386
386 6878 580
6877 6873 6505
6877 6505 6509
6872 6876 6504
6504 6876 6508
6507 1959 1832
1508 1832 1512
1512 1832 6875
1832 1959 6875
6517 6881 9546
6889 6885 6517
6889 6517 6519
6516 6884 6888
6516 6888 585
382 6516 585
382 199 22
382 585 199
6887 6883 6515
6887 6515 22
199 6887 22
14402 6514 6882
14396 6514 14402
14402 6518 14396
14402 6886 6518
6885 6881 6517
6899 2977 2507
6881 9738 9546
9546 9738 6513
6512 2966 2842
2506 2498 2842
2506 2842 2966
6880 2506 2966
2498 2506 2154
2498 2154 2150
6879 2150 2154
6511 2150 6879
6884 6516 6510
6884 6510 580
387 6884 580
387 580 6878
3168 6918 2844
2500 2667 6540
6535 389 6917
6535 383 389
6539 389 383
6921 389 6539
15275 6920 15551
6534 6916 6538
6538 6916 15551
6916 15275 15551
6919 8498 6537
6919 8500 8498
6915 8498 8500
6533 8498 6915
3295 6914 3168
6918 2991 2844
2667 2500 6536
6532 3168 2844
3295 3168 6532
2844 2991 6536
1677 6531 1509
1677 1165 1365
1677 1509 1165
1365 773 993
1365 1165 773
6535 6917 6913
6535 6913 993
773 6535 993
6912 6916 6530
6530 6916 6534
6915 6911 6529
6915 6529 6533
6925 6539 224
9552 9768 10146
9216 9768 9552
9216 9398 9768
9066 9398 9060
9060 9398 6923
9398 9216 6923
6541 9066 9060
6545 9066 6541
2997 6922 2848
2997 2848 6926
6926 6544 2501
2997 6926 2501
2667 2997 2501
2667 2501 6540
6921 6539 6925
3559 6910 3466
6539 23 224
224 23 6543
15551 6920 15276
6542 6538 6924
6924 6538 15276
6538 15551 15276
6923 8870 9060
6919 6537 6541
6919 6541 9060
8870 6919 9060
2997 6918 6922
2991 6918 2997
2997 2667 2991
2991 2667 6536
9213 9215 9547
3289 6528 2843
2979 2499 2649
2979 2843 2499
2301 2649 2307
2307 2649 6527
2649 2499 6527
2301 2307 1981
2301 1981 1837
6905 2301 1837
6909 1837 1981
211 6904 26
211 26 6903
6902 6908 6524
6524 6908 6526
9747 6523 9547
2979 3289 2843
9547 9215 9747
9215 6901 9747
9215 9213 8869
8869 9213 8867
8869 8867 8497
8869 8497 8678
6907 8869 8678
8678 8497 6525
3285 6900 6906
3281 6900 3285
2977 3281 3285
2977 3285 2979
2977 2979 2649
2977 2649 2507
993 779 1365
3295 3289 3559
3295 3559 3466
6914 3295 3466
3295 6528 3289
3295 6532 6528
2307 6527 2151
2307 1833 1981
2307 2151 1833
1833 6531 1677
1981 1833 1677
1513 1981 1677
6909 1981 1513
1677 1171 1513
1365 1171 1677
1365 779 1171
1508 1512 1168
6913 779 993
14821 6912 6530
14827 6912 14821
14821 6908 14827
14821 6526 6908
6907 8678 8499
6525 6529 6911
6525 6911 8499
8678 6525 8499
3465 6910 3559
3559 3289 3285
3559 3285 6906
3465 3559 6906
3285 3289 2979
6839 11034 11188
11030 11192 6473
6842 6474 6472
6842 6472 15446
15271 6842 15446
15271 15446 6840
6839 11192 6841
6839 11188 11192
6471 11192 11188
6473 11192 6471
15446 6472 15267
15267 6840 15446
6838 6840 14999
6840 15267 14999
15267 14817 14999
14999 14817 6470
6841 11192 11030
6837 6469 6471
6837 6471 11188
11034 6837 11188
14999 6836 6838
14995 6836 14999
14999 6468 14995
14999 6470 6468
6837 6835 6467
6837 6467 6469
14823 6836 14995
14393 14399 14823
14393 14823 14995
6468 14393 14995
14399 14393 14003
14003 14393 14001
6848 6480 6846
14824 6484 14818
14824 6852 6484
11213 6483 11217
11213 6481 6483
11213 6851 6849
11217 6851 11213
6482 6480 6848
6482 6848 15272
15476 6482 15272
15272 6850 15476
6479 6481 6847
6847 6481 11035
6481 11213 11035
6849 11035 11213
6478 15870 15724
14003 14001 13627
6846 6480 15870
6480 15724 15870
6847 6845 6477
6847 6477 6479
15870 6478 15723
6844 6846 6476
6476 6846 15723
6846 15870 15723
6845 6843 6475
6845 6475 6477
6842 6844 6474
6474 6844 6476
6843 6841 6475
6475 6841 11030
10780 10878 6247
6248 12704 12612
12260 12704 12352
12612 12704 12260
12352 11994 12002
12352 12002 6250
12260 12352 6250
12002 11994 11638
11638 11994 11534
11994 6592 11534
11156 11638 11534
11156 11270 11638
10878 10780 6249
6591 10878 6249
11270 6591 6249
11156 6591 11270
11154 11270 6249
6248 12696 12704
6246 12696 6248
12696 12346 12704
12704 12346 12352
12352 12346 11994
11994 12346 11898
12346 6590 11898
11898 6592 11994
6589 10878 6591
6589 10872 10878
6245 10878 10872
6247 10878 6245
6246 12694 12696
6244 12694 6246
12694 12344 12696
12871 6464 12622
13627 14001 13625
13627 13625 13253
13253 13625 13251
13251 6834 13253
13251 6466 6834
6465 11413 6833
6465 11411 11413
11413 11411 11033
11033 11411 11029
6467 11033 11029
6835 11033 6467
12871 6834 6466
12873 6834 12871
12873 12871 12509
12509 12871 12622
6850 14824 15476
12153 12509 12151
12151 12509 6463
12509 12622 6463
12153 12151 11783
11783 12151 11781
6465 11783 11781
6833 11783 6465
12622 6464 12507
12622 12507 6463
6250 12002 11896
11532 12002 11638
11896 12002 11532
11154 11638 11270
11532 11638 11154
15273 6861 15889
14005 6868 6498
6868 14395 6498
6868 14594 14395
14005 14168 6864
6863 10094 9923
9724 6867 9545
6867 9923 9545
9923 6497 9545
9923 10094 6497
9724 9545 6501
6862 6866 6496
6496 6866 6500
15889 6495 15725
15269 15273 15725
15725 15273 15889
14168 14005 6498
15273 15269 14819
15273 14819 15046
6865 15273 15046
15046 14819 6499
6498 6494 6860
6498 6860 14004
14168 6498 14004
14004 6864 14168
6859 6493 6863
6863 6493 10094
6493 9921 10094
10094 9921 6497
2841 6862 6496
2845 6862 2841
2845 2841 2505
14594 14401 14825
1508 1168 1164
1164 1168 776
1164 776 772
776 6506 772
776 6874 6506
6871 9728 9549
9549 9728 6873
6505 6873 9212
6873 9728 9212
9728 9360 9212
9212 9360 6503
6870 6872 6502
6502 6872 6504
6869 15050 14825
14594 14825 15050
2505 2841 2497
14401 14594 6868
6867 9728 6871
6867 9724 9728
9360 9728 9724
9360 9724 6501
9211 9360 6501
9360 9211 6503
6866 6870 6500
6500 6870 6502
6865 15050 6869
6865 15046 15050
14594 15050 15046
14594 15046 6499
14395 14594 6499
6484 6852 6854
6490 771 1321
775 771 385
385 771 381
6489 385 381
6857 385 6489
14577 6854 14400
6488 6486 6856
6856 6486 14400
6486 14577 14400
10837 6485 10661
10457 10837 10461
10461 10837 6487
10837 10661 6487
10457 6855 6853
10461 6855 10457
771 1167 1321
6484 6854 14577
14394 6484 14577
14394 14577 6486
11217 6483 11031
11031 6485 10837
11217 11031 10837
10663 11217 10837
6851 11217 10663
10837 10295 10663
10457 10295 10837
6853 10295 10457
6482 15476 15268
14824 14818 15268
14824 15268 15476
6488 6860 6494
2497 2149 2505
2505 2149 6858
2149 2257 6858
2257 1831 1947
2257 2149 1831
1947 1831 6492
1321 6491 1163
1321 1163 6490
6489 25 6857
6489 21 25
15727 25 21
15727 21 6495
15889 15727 6495
6861 15727 15889
6856 6860 6488
10443 10065 9929
10461 6487 10293
6493 6859 6855
6493 6855 10461
10293 6493 10461
2153 6858 2257
2257 1835 2153
1947 1835 2257
1507 1511 1835
1507 1835 1947
6492 1507 1947
1167 1511 1507
1167 1507 6491
1321 1167 6491
771 775 1167
11793 8382 11943
12159 8384 12304
8382 8384 11943
8384 12159 11943
12159 11791 11943
11943 11419 11577
11943 11791 11419
11577 11041 11199
11577 11419 11041
11199 11041 8022
8021 9567 8381
8021 9563 9567
8023 9567 9563
8383 9567 8023
8020 13772 13634
13634 13772 8019
12304 8024 12159
11943 11577 11573
11943 11573 8380
11793 11943 8380
11193 11573 11577
11193 11577 11199
11193 10671 8379
10669 10671 8022
10671 11193 8022
11193 11199 8022
10671 10669 10305
10305 10669 10303
10305 10303 9939
9939 10303 9935
8021 9939 9935
8381 9939 8021
12517 12881 12515
8391 8027 9564
9705 8391 9564
39 8390 163
163 15747 39
15877 15747 163
8389 15747 15877
14849 8388 15027
14415 14419 14849
14415 14849 15027
8028 14415 15027
14415 8386 14419
14415 8026 8386
8025 12883 8385
8025 12881 12883
12883 12881 12517
8018 15006 14842
12517 12515 12161
12161 12515 12304
12515 8024 12304
12161 12304 8384
8387 8383 8023
8387 8023 8027
14015 8386 8026
14019 8386 14015
14019 14015 13637
13637 14015 13635
13637 13635 13265
13265 13635 13261
8025 13265 13261
8385 13265 8025
15299 8374 15291
15300 8016 15292
15300 8378 8016
8375 13764 8377
8375 13758 13764
13386 13764 13758
13386 13758 8013
13259 13386 8013
13386 13259 8015
8374 8376 8012
8012 8376 8014
8373 8011 8375
8375 8011 13758
8011 13633 13758
13758 13633 8013
15291 8374 8012
15292 8014 15300
15299 15291 14847
14847 15291 14841
14841 8372 14847
14841 8010 8372
8009 14017 8371
8009 14013 14017
8011 14017 14013
8373 14017 8011
14413 8372 8010
14417 8372 14413
8009 14417 14413
8371 14417 8009
7748 12736 12514
12158 12736 12388
12514 12736 12158
8018 8016 8378
14414 15006 14552
14842 15006 14414
14014 14552 14140
14414 14552 14014
14140 13768 13772
14140 13772 8020
14014 14140 8020
13772 13768 13390
13772 13390 13260
8019 13772 13260
13260 13390 8017
11421 8380 11573
11573 11043 11421
11193 11043 11573
8379 11043 11193
8391 8387 8027
8018 8378 14848
15006 8018 14848
14418 15006 14848
14418 14552 15006
14018 14552 14418
14018 14140 14552
13768 14140 13764
13764 14140 8377
14140 14018 8377
13764 13386 13768
13768 13386 13390
8015 13390 13386
8017 13390 8015
15300 8014 8376
15294 15302 14850
15897 8407 15893
8046 14590 14596
8042 14590 8046
8406 14590 8402
8406 14596 14590
8405 8401 8041
8405 8041 8045
8400 8404 8044
8400 8044 2857
2937 8400 2857
2937 2857 8040
8043 15893 15742
15294 15742 15302
15302 15742 8403
15742 15893 8403
15893 8407 8403
15294 14850 14844
14850 14420 14844
14844 14420 8042
14420 14590 8042
14420 8402 14590
8401 8399 8039
8401 8039 8041
2861 8400 2937
2521 2609 8040
2609 8398 8040
8398 2937 8040
8398 2861 2937
2609 2521 8038
8037 9941 8397
8037 9937 9941
8410 8046 14596
9361 9365 9023
9361 9023 8877
8409 9361 8877
8415 8877 9023
8052 2954 2958
8048 2954 8052
8414 2954 8408
8414 2958 2954
8413 2174 2268
2174 8412 2268
15897 8051 15903
15897 8047 8051
15897 8411 8407
15903 8411 15897
8410 8050 8046
8039 9941 9937
14421 8410 14596
14421 14596 8406
8045 8049 8405
8405 8049 9569
8049 9729 9569
9729 9225 9569
9361 9225 9729
8409 9225 9361
8048 8044 8404
8048 8404 2862
2954 8048 2862
2862 8408 2954
15893 8047 15897
15893 8043 8047
8029 8393 9705
8393 9936 9940
8031 9936 8393
411 8394 547
35 167 8034
167 8392 8034
8392 547 8034
8392 411 547
167 15741 15879
167 35 15741
15477 15879 15479
15479 15879 8033
15879 15741 8033
15479 8030 15477
15479 8032 8030
8031 8393 8029
8395 9940 9936
8393 9568 9705
9705 9568 8391
167 8390 8392
163 8390 167
15877 163 167
15877 167 15879
15877 15879 15477
15877 15477 15301
8389 15877 15301
14843 15027 8030
15027 8388 8030
8388 15477 8030
8388 15301 15477
15027 14843 8028
8029 9705 9564
1851 8396 1945
8399 9941 8039
2525 8398 2609
2167 2173 2525
2167 2525 2609
8038 2167 2609
2167 1847 2173
2173 1847 8396
1847 1945 8396
1945 1523 1629
1945 1847 1523
1629 1181 1313
1629 1523 1181
1313 1181 8036
8397 8395 8035
8397 8035 8037
12158 12388 7747
1945 1527 1851
1629 1527 1945
1629 1183 1527
1313 1183 1629
793 799 1183
793 1183 1313
8036 793 1313
793 405 799
799 405 8394
405 547 8394
547 405 8034
15479 8033 15293
15479 15293 8032
8395 9936 8035
2524 8092 2672
15297 8094 15561
7718 8090 7722
7722 8090 15561
8090 15297 15561
7721 9769 9562
9562 9399 9220
9562 9769 9399
8093 8089 7717
8093 7717 9220
9399 8093 9220
2860 7716 8088
2856 7716 2860
2860 2524 2856
2856 2524 7720
2524 2672 7720
8095 37 227
7715 7719 8087
8087 7719 797
7719 1009 797
8091 797 1009
8086 8090 7714
7714 8090 7718
8089 8874 7717
8089 8876 8874
8874 8876 8506
8874 8506 8504
8085 8504 8506
7713 8504 8085
8084 8088 7712
7712 8088 7716
8087 8083 7711
9224 9399 9566
15739 15745 33
33 15745 227
15745 8095 227
15739 15289 15745
15745 15289 8094
15289 15561 8094
15561 15289 7722
8097 10300 7725
8097 10304 10300
10300 10304 9938
10300 9938 9934
9934 9938 9566
9934 9566 9769
7721 9934 9769
9566 9399 9769
8087 7711 7715
9399 9224 8093
7720 2672 2520
7724 2520 2328
2520 2672 2328
2672 2170 2328
2672 8092 2170
2170 8096 2328
1009 7719 791
791 7723 617
1009 791 617
409 1009 617
8091 1009 409
617 37 409
227 37 617
3732 7700 8074
8079 796 790
790 796 408
790 408 595
7703 790 595
408 213 595
36 213 408
8078 15943 15738
36 8078 15738
7702 36 15738
213 36 7702
15738 15943 7706
7705 8327 8142
8077 8075 7701
8077 7701 8142
8327 8077 8142
8079 790 7707
3730 7700 3732
3732 7704 3730
3732 8076 7704
7703 595 402
402 213 32
402 595 213
32 213 7702
8075 8073 7699
8075 7699 7701
8072 8074 7698
7698 8074 7700
9375 7697 9219
9375 8873 9037
9375 9219 8873
9037 8503 8669
8083 7707 7711
15547 8082 15296
7714 7710 8086
8086 7710 15296
7710 15547 15296
7713 8085 7709
7709 8085 8335
8085 8144 8335
8335 8144 8081
7708 3564 3470
3178 3176 3470
3178 3470 3564
8080 3178 3564
3178 7712 3176
3178 8084 7712
8083 8079 7707
617 403 33
15943 8078 15744
8082 15547 15288
15744 8082 15288
7706 15744 15288
15943 15744 7706
15288 15547 7710
8327 7709 8335
8327 7705 7709
8327 8081 8077
8335 8081 8327
7708 7704 8076
7708 8076 3472
3564 7708 3472
3472 8080 3564
7736 14232 14012
13263 13476 8110
8111 11792 12026
8109 7741 7743
8109 7743 12026
11792 8109 12026
798 7740 8108
792 7740 798
792 798 410
792 410 404
404 410 38
404 38 34
8107 34 38
7739 34 8107
7738 15580 15290
15290 15580 7737
13476 13263 8112
14232 13850 13854
14232 13854 7742
14012 14232 7742
13850 13472 13854
13854 13472 13476
8110 13472 8106
8110 13476 13472
8109 11418 7741
8109 11420 11418
11418 11420 11042
11418 11042 11040
10668 11040 11042
10668 11042 8105
10900 10668 8105
10668 10900 7735
11790 12032 7745
13264 7746 8116
13258 7746 13264
13258 13264 12882
13258 12882 12880
12882 8115 12732
12732 12736 7748
12882 12732 7748
12880 12882 7748
12736 12732 12388
12388 12732 12160
12732 8114 12160
12032 11790 7747
8113 12032 7747
12388 8113 7747
12160 8113 12388
2172 7734 8104
7744 13858 13632
8116 7746 8112
8112 7746 13858
7746 13632 13858
8115 12516 12732
12516 8114 12732
8111 12032 8113
8111 12026 12032
7743 12032 12026
7745 12032 7743
7744 13854 13858
7742 13854 7744
13854 13476 13858
13858 13476 8112
10528 10301 7731
8103 10528 7735
10900 8103 7735
10670 8103 10900
10302 10528 7731
2165 8104 7734
2171 8104 2165
2009 7730 8102
7730 2009 1846
2009 8102 2171
7733 2009 2165
2009 2171 2165
1846 2009 7732
8101 7729 8103
8103 7729 10528
7729 10301 10528
10528 10302 7735
8100 8102 7728
7728 8102 7730
8101 8099 7727
8101 7727 7729
8098 8100 7726
7726 8100 7728
8099 8097 7725
8099 7725 7727
7724 2328 2164
8098 7726 8096
8096 7726 2328
7726 2164 2328
617 7723 403
617 33 227
15298 15580 7738
2166 7734 2172
2166 2172 1850
2166 1850 2009
7733 2166 2009
1850 1526 1522
1850 1522 7732
2009 1850 7732
1522 1526 1182
1522 1182 1180
1182 7740 1180
1182 8108 7740
8107 15740 7739
8107 15746 15740
15746 15298 15740
15740 15298 7738
9361 9733 9365
14846 14840 15298
15298 14840 15580
14840 7737 15580
14840 14846 14416
14840 14416 14412
14416 14016 14412
14412 14016 7736
14016 14232 7736
13636 14232 14016
13636 13850 14232
13262 13850 13636
13262 13472 13850
13262 8106 13472
8105 10670 10900
8107 8459 15746
2703 2351 2699
2699 2351 8104
2351 2172 8104
2172 2013 1850
2172 2351 2013
1526 1850 1528
1528 1850 8465
1850 2013 8465
1526 1528 1184
1526 1184 1182
1184 800 1182
1182 800 8108
800 1028 8108
800 8464 1028
8463 8459 8107
2699 3031 2703
8459 15964 15746
15298 15964 15576
15746 15964 15298
14846 15576 15128
15298 15576 14846
14416 15128 14658
14846 15128 14416
14016 14658 14228
14416 14658 14016
13636 14228 13846
14016 14228 13636
13262 13846 13468
13636 13846 13262
8106 13262 13096
13262 13468 13096
8463 38 40
3031 8466 3033
2703 3031 3033
2703 3033 2707
2351 2703 2707
2351 2707 2355
2013 2351 2355
2013 2355 8469
1854 2013 8469
2013 1854 8465
8108 1028 798
412 410 798
412 798 1028
8464 412 1028
410 412 40
410 40 38
13468 12884 13096
8107 38 8463
8110 13096 13100
8106 13096 8110
8468 13096 8462
8468 13100 13096
8467 11420 8109
8467 11422 11420
11042 11420 11422
11042 11422 8461
11282 11042 8461
11042 11282 8105
3031 8460 8466
3029 8460 3031
2699 3029 3031
8451 8449 8099
13266 13846 13638
13266 13468 13846
13266 8458 13468
8457 10672 10896
8451 8101 8103
8451 8103 10896
10672 8451 10896
2177 8456 2345
8100 8450 8102
8102 8450 2345
8450 2177 2345
8455 15748 15960
15748 8454 15960
8453 14020 14224
14020 8452 14224
14224 8452 13638
8451 8099 8101
8448 8450 8098
8098 8450 8100
8447 14646 14423
14423 14646 8446
8099 8449 8097
8097 8449 10509
8449 10306 10509
10306 10155 10509
9942 10155 10306
9942 9777 10155
9570 9777 9942
9777 9570 8445
8444 8448 8096
8096 8448 8098
2345 2171 8102
13468 8458 12884
12884 8462 13096
8461 11044 11282
10896 10670 8105
8457 10896 8105
11282 8457 8105
11044 8457 11282
10670 10896 8103
2865 8460 3029
3029 2529 2865
2699 2529 3029
2171 2345 8104
2345 8456 8104
8456 2699 8104
8456 2529 2699
3033 8466 8470
8455 15964 8459
8455 15960 15964
15964 15960 15576
15576 15960 15304
15960 8454 15304
14852 15576 15304
14852 15128 15576
14424 15128 14852
14424 14658 15128
14228 14658 14224
14224 14658 8453
14658 14424 8453
14228 14224 13846
13846 14224 13638
14018 14418 14426
11421 11423 11795
11421 11795 11935
8380 11421 11935
11423 11421 11045
11045 11421 11043
10673 11045 11043
10673 11043 8379
10815 10673 8379
10815 10307 10673
10441 10307 10815
8739 10307 10441
14854 8378 8738
14848 8378 14854
14848 14854 14426
14848 14426 14418
11795 8740 11935
14018 14426 8737
14136 14018 8737
14018 14136 8377
8376 15438 15300
8738 8378 8736
8736 8378 15438
8378 15300 15438
8735 14136 8737
8735 14132 14136
8375 14136 14132
8377 14136 8375
8376 15434 15438
8374 15434 8376
15434 14992 15438
15438 14992 8736
8743 13267 13399
13265 13399 8744
13265 8385 13027
13399 13265 13027
12885 13399 13027
8743 13399 12885
8747 12885 13027
12305 8742 8746
12299 8742 12305
12305 8382 12299
12305 8384 8382
8381 9571 8741
8381 9567 9571
8383 9571 9567
8745 9571 8383
13267 8744 13399
14992 14853 8736
12163 8742 12299
11793 11935 8382
11935 8740 8382
8740 12299 8382
8740 12163 12299
11935 11793 8380
10815 8379 10671
10815 10305 10441
10815 10671 10305
9939 9943 10305
10305 9943 10441
9943 8739 10441
8381 9943 9939
8741 9943 8381
8474 2357 2530
13112 13104 12724
13112 12724 12516
8115 13112 12516
8114 12516 12384
12516 12724 12384
12724 12162 12384
12724 8472 12162
8471 8111 8113
8471 8113 12384
12162 8471 12384
3033 8470 2866
2866 2707 3033
2530 2707 2866
2357 2355 2707
2357 2707 2530
13484 13104 13112
2355 8473 8469
2357 8473 2355
13480 8112 13263
13100 13104 13480
13100 13480 13263
8110 13100 13263
13104 13100 12724
12724 13100 12518
13100 8468 12518
12518 8472 12724
8471 11792 8111
8471 11794 11792
8467 11792 11794
8109 11792 8467
14017 14128 8371
14540 14853 14992
14540 14425 14853
14128 14132 14540
14540 14132 14425
14132 8735 14425
8373 14132 14128
8375 14132 8373
15434 8374 15299
14992 15299 14847
15434 15299 14992
14536 14540 14992
14536 14992 14847
8372 14536 14847
14128 14540 14536
14128 14536 8371
15951 8095 15745
14128 14017 8373
14536 8372 14417
14536 14417 8371
8116 13484 13264
12882 13484 13112
13264 13484 12882
12882 13112 8115
8114 12384 12160
12160 12384 8113
2357 8474 2178
2357 2178 8473
8116 13480 13484
8112 13480 8116
13480 13104 13484
3542 8068 3471
2288 2523 2169
2640 2523 2288
2169 8424 2288
8422 8424 1967
8424 2169 1967
2169 1849 1967
1967 1849 8066
9371 8065 9223
9371 9223 8064
8069 7949 7770
7567 7561 7949
7949 7561 7770
7561 8063 7770
7561 8423 8421
7567 8423 7561
8425 2863 2640
3274 3471 3177
3542 3471 3274
3274 3177 8067
1853 8422 1967
1525 1657 8066
1657 8420 8066
8420 1967 8066
8420 1853 1967
1657 1525 8062
8065 9371 9222
9222 9371 8064
8061 8063 8419
8419 8063 7369
8063 7561 7369
8421 7369 7561
7567 7951 7573
8429 7772 7951
7772 7573 7951
7370 7573 7772
7573 7370 8427
8428 8072 8070
8428 8070 3786
3733 8428 3786
3733 3786 8426
8425 2640 2527
2288 2527 2640
2288 2175 2527
2175 2288 8424
7949 8071 7951
7949 8069 8071
7567 7949 7951
1657 8418 8420
7567 8427 8423
7573 8427 7567
3786 8070 3731
3542 3473 8068
3473 8426 8068
8426 3731 8068
8426 3786 3731
3274 3473 3542
3274 3179 3473
2863 3179 2859
2859 3179 8067
3179 3274 8067
2863 2859 2523
2863 2523 2640
1852 8416 8056
8145 8507 8505
8145 8505 8057
8299 8145 8057
8417 8145 8299
8052 2958 2858
2526 2522 2858
2526 2858 2958
8414 2526 2958
2168 2522 2526
2168 2526 8413
2268 2168 8413
1852 1848 2168
1852 2168 2268
8412 1852 2268
1852 8056 1848
8507 8415 9023
8055 975 794
794 577 406
794 975 577
406 577 8054
15903 8051 15743
15295 15303 15743
15743 15303 15903
15303 8411 15903
15303 15295 14851
14851 15295 14845
14845 8410 14851
14845 8050 8410
9729 8053 9733
9729 8049 8053
9361 9729 9733
1524 8056 1655
1655 8418 1657
1657 8060 1655
1657 8062 8060
977 8059 795
977 407 581
977 795 407
581 407 8058
8299 8057 8143
7769 7771 8143
8143 7771 8299
7771 8417 8299
8061 7771 7769
8419 7771 8061
8056 8416 8418
8056 8418 1655
8071 8429 7951
1524 1655 8060
975 8059 977
975 8055 8059
577 975 977
577 977 581
581 8054 577
581 8058 8054
9733 8053 9565
9733 9221 9365
9733 9565 9221
9365 8875 9023
9365 9221 8875
8505 8507 8875
8875 8507 9023
221 613 225
8093 8441 8089
8089 8441 9061
8441 8878 9061
9061 8878 8439
2864 8088 8438
2860 8088 2864
2860 2864 2528
2860 2528 2524
2528 8092 2524
2528 8440 8092
1005 8087 797
609 1005 613
613 1005 8091
1005 797 8091
221 609 613
14422 8442 14642
15947 221 225
15947 225 15949
15553 15947 15949
15553 15949 15557
15557 8086 15553
15557 8090 8086
8089 9061 8876
8506 8876 8508
8508 8876 8439
8876 9061 8439
8506 8508 8146
8506 8146 8343
8085 8506 8343
8343 8146 8437
8436 8438 8084
2176 8092 8440
15951 15745 8094
8443 14646 8447
8443 14642 14646
8446 14642 8442
8446 14646 14642
8097 10509 10304
10304 10155 9938
10304 10509 10155
9938 9777 9566
9938 10155 9777
9224 9566 9226
9226 9566 8445
9566 9777 8445
8441 9224 9226
8093 9224 8441
8084 8438 8088
2170 8092 2176
2176 8096 2170
2176 8444 8096
613 8091 409
613 37 225
613 409 37
15949 225 15951
15951 225 8095
225 37 8095
15949 15951 15557
15557 15951 15297
15951 8094 15297
15557 15297 8090
8443 14422 14642
408 597 215
15744 15945 8082
7967 8081 7975
7967 8077 8081
7967 8435 8433
7975 8435 7967
3474 8076 8432
3472 8076 3474
3474 3180 3472
3472 3180 8080
3180 3296 8080
3180 8434 3296
8079 995 796
796 597 408
796 995 597
408 215 36
15945 15744 8078
36 215 8078
8075 8077 8431
8431 8077 7773
8077 7967 7773
8433 7773 7967
3734 8074 8430
3732 8074 3734
3734 8076 3732
3734 8432 8076
8431 8429 8073
8431 8073 8075
8428 8430 8072
8072 8430 8074
8073 8429 8071
8144 8437 8081
1001 8087 1005
1001 8083 8087
603 1001 1005
603 1005 609
217 603 609
217 609 221
15945 217 221
15945 221 15947
15947 15553 15945
15945 15553 8082
15553 15296 8082
15296 15553 8086
8085 8343 8144
7774 7975 8081
8437 7774 8081
9037 8873 8503
8343 8437 8144
7975 7774 8435
8080 3296 3178
8436 8084 8434
8434 8084 3296
8084 3178 3296
995 8083 1001
995 8079 8083
597 995 1001
597 1001 603
215 597 603
215 603 217
217 15945 215
215 15945 8078
7300 7708 7304
3470 3176 3468
3468 3176 7308
3176 3302 7308
3176 7712 3302
7707 7303 7711
7711 7303 1000
7303 785 1000
1000 785 7307
15543 7706 15288
7306 7302 7710
7710 7302 15288
7302 15543 15288
7709 7705 7301
7709 7301 7305
7704 7708 7300
3468 7304 3470
7707 784 7303
7707 790 784
394 784 790
394 790 7703
594 394 7703
394 594 7299
15941 7702 15738
15543 15539 15941
15543 15941 15738
7706 15543 15738
15543 7298 15539
15543 7302 7298
7301 7705 7297
7297 7705 8319
7705 8142 8319
7308 3302 3172
7316 7716 2856
3006 7316 2856
2856 7720 3006
7715 1008 7719
7715 1004 1008
7311 1008 1004
7315 1008 7311
7714 7718 7310
7310 7718 7314
7717 8872 7313
7717 8874 8872
8872 8874 8504
8872 8504 8695
7309 8872 8695
8695 8504 7713
8319 8142 7701
7716 7312 7712
7712 7312 3302
7312 3172 3302
7711 1004 7715
7711 1000 1004
7307 1004 1000
7311 1004 7307
7710 7714 7306
7306 7714 7310
7309 8695 8502
7713 7709 7305
7713 7305 8502
8695 7713 8502
3470 7304 7708
3785 3791 3547
1971 1517 1663
1971 1841 1517
1663 1517 7292
7291 7295 7697
7697 7295 9219
7295 9377 9219
9377 8873 9219
9039 8873 9377
9039 8503 8873
8671 8503 9039
8671 8141 8503
8313 8141 8671
7699 8141 8313
3791 7696 7698
3785 7696 3791
2293 2159 1841
3547 3791 3467
3791 7294 3467
3547 3467 7290
2639 7289 2513
2513 7293 2293
2639 2513 2293
2163 2639 2293
7695 2639 2163
2293 1845 2163
1971 1845 2293
1971 1663 1661
1971 1661 7694
1845 1971 7694
1663 7288 1661
1663 7292 7288
9377 8871 9039
3797 7700 3730
7300 7296 7704
7704 7296 3730
7296 3797 3730
7703 402 594
32 28 402
402 28 594
28 7299 594
28 32 15732
15732 32 15941
32 7702 15941
15732 15539 15282
15732 15941 15539
15282 15539 7298
9377 7295 9217
7316 7312 7716
9377 9217 8871
9039 8501 8671
9039 8871 8501
8313 8671 8319
8319 8671 7297
8671 8501 7297
8313 7701 7699
8319 7701 8313
3797 7698 7700
3791 7698 3797
3797 7294 3791
3797 7296 7294
2293 7293 2159
2293 1841 1971
2344 2008 2165
14832 14840 14412
14832 14412 14408
14412 7336 14408
14412 7736 7336
7735 10302 10536
7731 7331 7335
7731 7335 10536
10302 7731 10536
2698 7334 2515
2344 2165 7330
2165 7734 7330
7734 2515 7330
7734 2698 2515
2008 2344 7730
2008 7730 1846
15284 15579 7737
2008 7733 2165
1846 7732 2008
7333 241 30
30 241 7332
7729 10520 10301
7329 7331 7731
7329 7731 10301
10520 7329 10301
7330 2340 2344
7328 2340 7330
7730 2340 7728
7730 2344 2340
623 7327 397
623 29 233
623 397 29
1180 7740 1027
10298 10536 7335
7334 2698 2516
2166 2160 2516
2166 2516 2698
7734 2166 2698
1842 2160 2166
1842 2166 7733
2008 1842 7733
1522 1518 1842
1522 1842 2008
7732 1522 2008
1518 1522 1180
1518 1180 1176
1176 1180 786
786 1180 1027
233 29 7326
786 635 398
786 1027 635
245 241 635
635 241 398
241 7333 398
15734 7332 241
241 245 7739
15734 241 7739
15740 15734 7739
15734 15740 15284
15284 15740 15579
15740 7738 15579
14832 15284 14840
14840 15284 7737
7719 1008 791
15289 15733 15283
15283 7722 15289
15283 7318 7722
7725 10300 10508
7321 10508 10300
10300 9934 10147
7321 10300 10147
7317 7321 10147
10147 9934 7721
7316 3006 2852
2520 2514 2852
2520 2852 3006
7720 2520 3006
2520 7320 2514
2520 7724 7320
15739 15733 15289
616 7723 395
7723 791 395
791 7315 395
791 1008 7315
616 395 7319
7718 7722 7314
7314 7722 7318
7317 10147 9928
9556 9928 9562
9562 9928 7721
9928 10147 7721
9556 9562 9220
9556 9220 9218
7717 9218 9220
7313 9218 7717
7725 10508 10516
7727 10520 7729
7727 10516 10520
7325 10520 10516
7329 10520 7325
7328 2334 2340
7324 2334 7328
7728 2334 7726
7728 2340 2334
7327 623 396
233 229 623
623 229 396
229 7323 396
233 7322 229
233 7326 7322
7725 10516 7727
7287 9561 7693
7321 10516 10508
7325 10516 7321
7324 7320 7724
7324 7724 2164
2334 7324 2164
2164 7726 2334
7723 616 403
7319 403 616
7319 7323 229
403 7319 229
33 403 229
15733 15739 33
15733 33 229
7322 15733 229
1843 1839 1519
7661 15735 7263
15039 7656 14838
7660 14583 14406
14838 7660 14406
7258 14838 14406
15039 14838 7258
14406 14583 7262
7655 10084 9931
7257 7261 7659
7257 7659 9931
10084 7257 9931
2157 7658 7260
2161 7658 2157
2161 2157 1843
1843 2157 1839
7263 15735 15731
1519 1839 1515
1519 1515 1177
1177 1515 1173
1177 1173 787
787 1173 781
787 781 399
399 781 391
31 399 391
31 391 7259
175 31 7259
7657 31 175
15039 7654 7656
15037 7654 15039
15039 7256 15037
15039 7258 7256
14583 7660 14589
14589 7664 14410
14589 14410 7668
7668 7270 14009
14589 7668 14009
14169 14589 14009
14169 14009 7266
7667 7663 7265
7667 7265 7269
2946 7268 2849
7662 7666 7264
7264 7666 2849
7666 2946 2849
7665 7661 7263
7665 7263 7267
14589 7660 7664
7653 10084 7655
14589 14169 14583
14583 14169 7262
14169 14008 7262
14008 14169 7266
7663 7659 7261
7663 7261 7265
2511 7662 7264
2517 7662 2511
2511 7658 2517
2511 7260 7658
175 7259 27
15731 15735 27
27 15735 175
15735 7657 175
14835 15016 7644
11205 7247 11037
11205 10665 10821
11205 11037 10665
10445 10821 10447
10447 10821 7249
10821 10665 7249
10065 10445 10447
10065 10447 10067
10065 10067 9703
10065 9703 9557
7645 10065 9557
7647 9557 9703
7646 7248 7246
7646 7246 15016
14835 7646 15016
7248 7648 7250
7643 13022 12879
12879 13022 7642
7245 11789 7641
7245 11787 11789
11789 11787 11417
11417 11787 11415
11039 11417 11415
11039 11415 7247
11205 11039 7247
11205 10667 11039
10821 10667 11205
10821 10445 10443
10821 10443 7640
10667 10821 7640
10443 10445 10065
7651 9930 10069
7653 10078 10084
7255 10084 10078
7257 10084 7255
14837 7654 15037
7254 7652 7256
7256 7652 15037
7652 14837 15037
7651 7253 7653
7653 7253 10078
7253 9927 10078
10078 9927 7255
7650 7652 7252
7252 7652 7254
7253 7651 7251
7251 7651 10069
15736 7665 15896
10069 9930 7649
14836 7250 7648
14830 7250 14836
14836 7252 14830
14836 7650 7252
10447 7249 10297
10067 10447 10069
10069 10447 7251
10447 10297 7251
9703 10067 10069
9703 10069 7649
9558 9703 7649
9703 9558 7647
7646 7648 7248
3170 7280 3174
783 7688 789
783 7284 7688
7689 7687 7283
7689 7283 7285
2967 7686 2854
2967 2854 7685
393 7688 7284
401 7688 393
393 7684 401
393 7282 7684
7687 9554 7283
7687 9560 9554
7683 9554 9560
7281 9554 7683
3174 7280 7682
789 7690 783
3170 3174 2850
2850 3174 2967
3174 7686 2967
2512 2850 2518
2518 2850 7685
2850 2967 7685
2512 2518 2162
2512 2162 2158
7681 2158 2162
7279 2158 7681
1653 7680 1520
1653 1520 7679
7678 7684 7278
7278 7684 7282
7677 15502 15287
2639 2519 7289
7287 9555 9561
7291 9561 9555
7697 9561 7291
3729 7696 3785
3785 3547 3541
3785 3541 7692
3729 3785 7692
3541 3547 3273
3273 3547 3171
3547 7290 3171
2851 2855 3171
3171 2855 3273
2855 7691 3273
2519 2855 2851
2519 2851 7289
15058 15287 15502
7695 2519 2639
1521 7694 1661
1175 1179 1521
1175 1521 1661
7288 1175 1661
1175 7690 1179
1175 7286 7690
7693 7689 7285
7693 7285 7287
3469 7692 3541
3541 3175 3469
3273 3175 3541
7691 3175 3273
783 7690 7286
14600 7274 14407
7676 14831 7274
7676 15058 14831
14411 14600 7672
7671 10108 7675
7671 10104 10108
7273 10108 10104
7277 10108 7273
3169 7674 7276
3173 7674 3169
3169 7670 3173
3169 7272 7670
7669 15896 15737
7271 7275 7673
7271 7673 15737
15896 7271 15737
14411 7676 7274
7668 7672 7270
7270 7672 14407
7672 14600 14407
7671 9932 10104
7667 7269 7273
7667 7273 10104
9932 7667 10104
7670 7272 7268
7670 7268 2946
2853 7670 2946
2853 2946 7666
7669 15736 15896
7665 7267 7271
7665 7271 15896
1174 1516 1178
15058 14839 15287
14839 15058 7676
7675 10108 9933
9559 9933 9553
9553 9933 7277
9933 10108 7277
7281 9559 9553
7683 9559 7281
7674 7682 7276
7276 7682 7280
7681 1840 7279
7681 1844 1840
1840 1844 1516
1516 1844 1653
1844 7680 1653
10536 10298 7735
1178 1516 7679
1516 1653 7679
1174 1178 788
1174 788 782
782 788 400
782 400 392
400 7278 392
400 7678 7278
7673 7275 7677
7677 7275 15502
7275 15281 15502
15058 15281 14831
15502 15281 15058
14600 14411 7274
406 7678 400
2522 2962 2858
2522 2626 2962
2168 2626 2522
2168 2272 2626
1848 1844 2168
2168 1844 2272
1844 7681 2272
1848 7680 1844
1848 8056 7680
7679 1347 1178
788 1178 794
794 1178 8055
1178 1347 8055
788 794 406
788 406 400
3252 8052 2858
406 8054 7678
8051 15902 15743
7673 15743 15902
7673 7677 15503
15743 7673 15503
15295 15743 15503
15503 14845 15295
15059 14845 15503
14411 14601 7676
14601 8050 7676
8050 15059 7676
8050 14845 15059
14601 14411 7672
10105 7675 10109
10105 7671 7675
9559 9565 9933
1524 7680 8056
1520 7680 1524
1520 1347 7679
1520 1524 8060
1347 1520 8060
1349 1347 8060
1347 8059 8055
1349 8059 1347
8054 8058 7678
7678 8058 7684
15503 7677 15287
15503 14839 15059
15503 15287 14839
15059 14839 7676
10109 7675 9933
10105 8053 8049
9933 9565 10109
9565 8053 10109
9221 9565 9559
9221 9559 7683
9367 9221 7683
9367 8875 9221
9029 8875 9367
9029 8505 8875
8659 8505 9029
8057 8505 8659
7682 3252 3260
7674 3252 7682
3260 3252 2962
2962 3252 2858
8041 7659 7663
2857 8044 2947
7662 8040 7666
7666 8040 2947
8040 2857 2947
8043 15742 15892
7665 15892 15742
15742 15294 15485
7665 15742 15485
7661 7665 15485
15294 15041 15485
14844 15041 15294
7664 7660 8042
8042 7660 14844
7660 15041 14844
8041 8039 7659
8045 7663 7667
2517 8040 7662
2521 8040 2517
2517 8038 2521
2517 7658 8038
15885 7657 15735
15483 15885 15485
15485 15885 7661
15885 15735 7661
15485 15041 15483
15483 15041 7656
15041 14838 7656
14838 15041 7660
7655 9937 8037
7655 9931 9937
7659 9937 9931
8049 7667 9932
10109 8053 10105
3252 7674 3173
8048 8052 7670
7670 8052 3173
8052 3252 3173
8047 7669 8051
8051 7669 15902
7669 15737 15902
15902 15737 7673
14601 8046 8050
14595 8046 14601
14601 7668 14595
14601 7672 7668
7671 10105 9932
8049 8045 7667
2162 2272 7681
10105 8049 9932
8044 8048 7670
8044 7670 2853
2947 8044 2853
2947 2853 7666
8047 8043 7669
7669 8043 15736
8043 15892 15736
15736 15892 7665
7664 8042 8046
7664 8046 14595
14410 7664 14595
14410 14595 7668
8045 8041 7663
9741 9373 9223
2169 2523 2519
2169 2519 7695
2287 2169 7695
2287 1849 2169
1969 1849 2287
1521 1659 7694
1659 8066 7694
8066 1969 7694
8066 1849 1969
1659 1179 1353
1659 1521 1179
1353 1179 7690
9741 7693 9743
9741 7689 7693
9741 9743 9373
2523 2855 2519
8065 9741 9223
9373 9035 9033
9373 9033 8064
9223 9373 8064
8665 9033 9035
8665 9035 8667
8307 8665 8667
8307 8667 8309
7947 8307 8309
7947 8309 8069
7770 7947 8069
7947 7770 8063
3469 8068 7692
3471 8068 3469
3471 3469 3177
9035 9373 9375
8669 8141 8311
8669 8503 8141
7699 8073 8071
7699 8071 8311
8141 7699 8311
8070 8072 7696
7696 8072 7698
2287 7695 2163
2287 1845 1969
2287 2163 1845
1969 1845 7694
9743 7693 9561
9373 9743 9375
9375 9743 7697
9743 9561 7697
3177 3469 3175
9035 9375 9037
8667 9035 9037
8667 9037 8669
8309 8667 8669
8309 8669 8311
8309 8071 8069
8311 8071 8309
3729 8070 7696
3731 8070 3729
3729 8068 3731
3729 7692 8068
7691 2859 8067
7691 2855 2859
2859 2855 2523
8659 8663 8305
1349 979 795
8059 1349 795
401 407 795
401 795 979
7688 401 979
401 8058 407
401 7684 8058
7687 9739 9560
9369 9367 9739
9739 9367 9560
9367 7683 9560
9029 9367 9369
9029 9369 9031
8659 9029 9031
8659 9031 8663
1349 1351 979
8659 8305 8143
8057 8659 8143
8305 7769 8143
7941 7769 8305
8061 7769 7941
7682 3260 3174
3260 2962 2968
3260 2968 7686
3174 3260 7686
2968 2962 2626
2968 2626 2518
7685 2968 2518
2162 2626 2272
2518 2626 2162
9033 9031 9369
7691 3177 3175
8067 3177 7691
1525 8066 1659
1659 1353 1351
1659 1351 8062
1525 1659 8062
1351 1353 979
979 1353 789
1353 7690 789
979 789 7688
9739 7689 9741
9739 7687 7689
9369 9739 9741
9369 9741 8065
9222 9369 8065
8039 9937 7659
9033 9369 9222
8064 9033 9222
8663 9031 9033
8663 9033 8665
8305 8663 8665
8305 8665 8307
7941 8305 8307
7941 8307 7947
7941 8063 8061
7947 8063 7941
7686 2968 2854
2854 2968 7685
1351 8060 8062
1349 8060 1351
13382 7631 13259
13260 8017 13394
12878 13014 7635
8016 8018 7634
7634 8018 7636
8015 7633 8017
8017 7633 13014
7633 12877 13014
13014 12877 7635
15292 7632 8014
15286 7632 15292
15292 7634 15286
15292 8016 7634
8013 13382 13259
7631 7633 8015
7631 8015 13259
13394 8017 7637
8012 8014 7632
8012 7632 15285
15433 8012 15285
15433 15285 7630
8011 13752 13633
13378 13382 13752
13752 13382 13633
13382 8013 13633
7629 13382 13378
7631 13382 7629
15291 8012 15433
14833 14841 15291
14833 15291 15433
7630 14833 15433
14833 14409 14841
9935 10303 10299
13776 14144 13634
14144 8020 13634
13398 13776 13394
13394 13776 8019
13776 13634 8019
7637 13398 13394
7643 13398 7637
12646 7642 12513
12298 12513 12157
12646 12513 12298
12298 12157 7641
10669 8022 10817
10299 10303 10669
10299 10669 10817
7640 10299 10817
14841 14409 8010
9935 10299 7639
10063 9935 7639
8021 9935 10063
7638 7636 8018
7638 8018 14842
15012 7638 14842
14414 15012 14842
14414 14556 15012
14014 14556 14414
14014 14144 14556
14014 8020 14144
8019 13260 13394
13014 12878 7637
8017 13014 7637
34 245 404
7341 11788 7745
7342 7340 7744
7342 7744 13632
13862 7342 13632
13632 7746 13862
7745 7743 7339
7745 7339 7341
7742 7744 7338
7338 7744 7340
7743 7741 7337
7743 7337 7339
1027 7740 792
792 635 1027
404 635 792
404 245 635
7745 11788 11790
245 34 7739
15579 7738 15290
15579 15290 7737
14012 7336 7736
14010 7336 14012
14012 7338 14010
14012 7742 7338
7741 11416 7337
7741 11418 11416
11416 11418 11040
11416 11040 11038
11038 11040 10668
11038 10668 10666
10298 10666 10668
10298 10668 7735
7748 12514 13116
14409 14535 8010
14011 14013 14409
14409 14013 14535
14013 8009 14535
14013 14011 13631
14013 13631 13752
8011 14013 13752
13378 13631 13257
13752 13631 13378
13378 13257 7629
14413 8010 14535
8009 14413 14535
7344 13116 12876
12514 12512 12876
12514 12876 13116
14150 14144 13776
12512 12514 12158
12512 12158 12156
7747 12156 12158
7343 12156 7747
7342 13862 13630
13258 13256 13630
13258 13630 13862
7746 13258 13862
13258 12880 13256
13256 12880 7344
12880 13116 7344
12880 7748 13116
7747 11788 7343
7747 11790 11788
15881 15741 171
15881 173 15883
15881 15883 15481
15881 15481 15293
8033 15881 15293
14837 15035 7654
15035 8032 7654
8032 15481 7654
8032 15293 15481
15035 14837 7652
7653 8035 7651
7651 8035 10073
8035 9936 10073
10073 9936 8031
35 8034 171
171 15741 35
15881 171 173
8033 15741 15881
15035 8030 8032
15033 8030 15035
15035 7650 15033
15035 7652 7650
7651 10073 9930
8031 8029 7649
8031 7649 9930
10073 8031 9930
7648 15026 14836
14843 8030 15033
7650 8028 14843
7650 14843 15033
8028 7650 15026
7650 14836 15026
15883 173 15885
2161 8038 7658
2167 8038 2161
2167 2161 1847
1847 2161 1843
1847 1843 1523
1523 1843 1519
1523 1519 1181
1181 1519 1177
1177 787 1181
1181 787 8036
787 939 8036
939 399 551
939 787 399
551 31 173
551 399 31
8029 9558 7649
15885 173 7657
173 31 7657
15481 15883 15885
15481 15885 15483
15483 7654 15481
15483 7656 7654
8037 8035 7653
8037 7653 7655
793 8036 939
939 405 793
551 405 939
551 173 171
551 171 8034
405 551 8034
11041 10667 8022
13261 13398 7643
12646 12654 13026
12646 13026 12879
7642 12646 12879
12646 12298 12654
12654 12298 8024
12298 12159 8024
11791 12159 11789
11789 12159 7641
12159 12298 7641
11791 11789 11419
11419 11789 11417
11419 11417 11041
11041 11417 11039
11039 10667 11041
13261 7643 12879
10667 10817 8022
10817 10667 7640
10063 7639 9929
9929 7645 9701
10063 9929 9701
9563 10063 9701
8021 10063 9563
8023 9563 9701
7638 15012 14834
15012 14556 14562
15012 14562 7644
14834 15012 7644
14556 14144 14562
14562 14144 14150
7647 8023 9701
8029 9564 9558
8027 9558 9564
7647 9558 8027
7648 15020 15026
7646 15020 7648
15020 14566 15026
15026 14566 8028
14566 14415 8028
14415 14566 8026
8025 13026 12881
12654 12881 13026
12654 12515 12881
12515 12654 8024
9701 7645 9557
7647 8027 8023
3208 11334 3270
9557 7647 9701
15020 7646 14835
14562 14566 15020
14562 15020 14835
7644 14562 14835
14562 14150 14566
14566 14150 8026
14150 14015 8026
13776 14015 14150
13776 13635 14015
13398 13635 13776
13398 13261 13635
13026 8025 12879
8025 13261 12879
9270 9794 9614
9612 9794 9268
9268 9416 14341
3236 14340 14762
3232 14340 3236
14761 3232 3236
14339 3232 14761
14342 14338 14760
14342 14760 1570
1700 14342 1570
1222 1700 1570
1222 1382 1700
1222 14764 1382
14763 9980 10176
9614 10176 9980
9614 9794 10176
9268 9794 9416
9270 9416 9794
9078 8926 14341
14759 9078 14341
9416 14759 14341
9270 14759 9416
8926 9078 14337
3520 14336 14758
3518 14336 3520
3520 14340 3518
3520 14762 14340
14761 2912 14339
14761 2916 2912
2912 2916 2578
2912 2578 2576
2576 2578 2220
10346 10538 10902
10344 10902 10538
10706 10902 10344
10344 10538 14345
14766 14770 14344
14344 14770 14346
14769 14900 15132
14468 15132 14900
14468 14662 15132
14468 14768 14662
14767 11456 11654
11078 11654 11456
11078 11286 11654
10708 11286 11078
10708 10902 11286
10346 10902 10708
2576 2220 2218
14765 14343 14345
14765 14345 10538
10346 14765 10538
14342 1700 1568
1220 1700 1382
1568 1700 1220
14766 14344 14764
14764 14344 1382
14344 1220 1382
14765 14763 14343
14343 14763 9978
14763 10176 9978
9612 10176 9794
9978 10176 9612
14323 8692 8686
14749 8692 8698
14327 8698 8692
14329 8698 14327
14328 3804 3806
14326 3804 14328
14325 3517 3804
3806 3804 14750
3804 3517 14750
3517 3519 14750
3519 3517 3235
3235 3517 3300
3517 14324 3300
3235 3300 14748
14747 8692 14749
14747 8686 8692
14749 8698 14751
14327 8692 14323
14322 3994 3980
3994 3802 3804
3994 3804 14326
3980 3994 14326
14321 3804 3802
14325 3804 14321
14324 3294 3300
14320 3294 14324
14748 3294 14746
14748 3300 3294
14747 8554 8686
8324 8190 14323
14745 8324 14323
8686 14745 14323
3768 14756 14334
2218 2220 1898
2218 1898 1896
1898 14338 1896
1898 14760 14338
14759 8928 9078
14757 14335 14337
14757 14337 9078
8928 14757 9078
14756 14758 14334
14334 14758 14336
14757 14755 14333
14757 14333 14335
3768 14332 14754
3766 14332 3768
3768 14334 3766
14347 11292 10706
14755 14753 14333
14333 14753 8552
14753 8702 8552
8552 8702 14331
14752 14754 14330
14330 14754 14332
14751 8702 14753
14751 8698 8702
14329 8702 8698
14331 8702 14329
14752 14330 14328
14752 14328 3806
3767 14752 3806
3767 3806 14750
10709 15146 10707
14679 9317 9271
15149 9271 9317
11900 14678 11829
11536 11829 11455
11900 11829 11536
11455 11077 11079
11455 11079 15148
11536 11455 15148
11077 15146 11079
11077 14676 15146
14675 9615 15145
14675 9613 9615
14677 9615 9613
15147 9615 14677
10707 15146 14676
15147 14679 9271
10709 10707 10347
10347 10707 10345
10347 10345 9981
9981 10345 9979
14675 9981 9979
15145 9981 14675
15786 14358 14780
15784 14358 15786
14779 15784 15786
14357 15784 14779
14356 1034 834
448 1034 642
834 1034 448
84 82 448
84 448 642
12197 15152 12262
14529 14059 14469
14119 14059 14529
14119 13685 14059
13743 13685 14119
15155 13685 13743
12551 15154 14684
12553 15154 12551
12551 15152 12553
12551 14682 15152
14681 14683 15151
15151 14683 9273
14683 9321 9273
15153 9273 9321
15152 14682 14680
15152 14680 12262
14778 84 642
12197 12262 15150
14681 15151 14679
14679 15151 9317
15151 9272 9317
9317 9272 15149
12262 14680 12195
11900 11831 14678
11831 15150 14678
15150 12195 14678
15150 12262 12195
11536 11831 11900
11536 11457 11831
11457 11536 15148
14677 14679 15147
14058 14466 14662
12194 12378 14349
14348 11658 11454
11076 11658 11292
11454 11658 11076
11076 11292 14347
14352 14346 14770
14352 14770 836
1032 14352 836
836 14774 1032
14773 14769 14351
14351 14769 14898
14769 15132 14898
14466 15132 14662
14898 15132 14466
14058 14056 14466
12552 14771 12730
14768 14058 14662
14058 14350 14056
14058 14772 14350
14771 12196 12378
11830 11828 12196
12196 11828 12378
11828 14349 12378
11830 14767 11654
11654 11658 14348
11830 11654 14348
11828 11830 14348
11654 11286 11658
11658 11286 11292
11292 11286 10902
11292 10902 10706
642 1032 452
84 14358 82
84 14780 14358
14779 15346 14357
14779 15348 15346
14777 15346 15348
14355 15346 14777
12920 14354 14776
12918 14354 12920
12550 12918 12920
12550 12920 14775
12730 12550 14775
12550 12730 14353
14356 1032 1034
14352 1032 14356
1034 1032 642
8554 14745 8686
1032 14774 452
452 14778 642
14777 14773 14351
14777 14351 14355
13684 14350 14772
13682 14350 13684
13682 13684 13304
13682 13304 13302
13304 14354 13302
13304 14776 14354
14775 12552 12730
12378 12194 14353
14771 12378 14353
12730 14771 14353
1569 1567 1221
5020 4774 4772
14719 4772 4774
14295 4772 14719
2577 14720 2613
2217 2219 2577
2217 2577 2613
14296 2217 2613
2219 2217 1897
1897 2217 1895
1895 14718 1897
1895 14294 14718
14719 14717 14293
14719 14293 14295
1567 14718 14294
1569 14718 1567
5020 5022 4774
1221 1567 1219
1221 1219 835
835 1219 833
835 833 451
451 833 447
447 14716 451
447 14292 14716
4815 14291 4771
14293 14717 14715
14293 14715 4815
4771 14293 4815
14714 14716 14292
14714 14292 81
169 14714 81
169 81 14290
14297 5966 14723
14727 6660 14301
14727 6664 6660
6306 6660 6664
6306 6664 14725
6406 6306 14725
6306 6406 14299
2913 14726 2951
14298 14724 14300
14300 14724 2951
14724 2913 2951
14725 6308 6406
5970 5966 6308
6308 5966 6406
5966 14299 6406
14723 5966 5970
4813 14291 4815
5389 14722 5316
5389 5316 14721
14720 14724 14298
14720 14298 2575
2613 14720 2575
2613 2575 14296
14723 5642 14297
14723 5646 5642
5642 5646 5312
5312 5646 5389
5646 14722 5389
5020 5312 5022
5022 5312 14721
5312 5389 14721
445 14280 14704
14706 14708 14282
14282 14708 14284
14281 5969 14705
14281 5965 5969
5969 5965 5641
5969 5641 5708
14707 5969 5708
5370 5641 5311
5708 5641 5370
5058 5311 5019
5370 5311 5058
5058 5019 14283
445 14706 14282
449 14706 445
445 14704 449
14285 5062 14283
14705 14703 14279
14705 14279 14281
79 14704 14280
83 14704 79
79 15783 83
83 15783 14702
15783 15853 14702
15853 15783 14278
14549 14277 14465
14549 14055 14137
14549 14465 14055
14137 14055 14276
14703 5964 14279
14703 5968 5964
14701 5964 5968
14709 5062 5021
4813 14289 14291
4813 14715 14713
4815 14715 4813
14288 14712 14714
14288 14714 169
80 14288 169
80 169 14290
14287 14289 14711
14711 14289 4773
14289 4813 4773
14713 4773 4813
533 14710 450
14288 14286 14712
14712 14286 450
14286 533 450
2951 2911 14300
14285 14287 14711
14285 14711 5021
5062 14285 5021
14284 14708 14710
14284 14710 533
446 14284 533
446 533 14286
14707 5708 5645
5370 5645 5708
5370 5315 5645
5058 5062 5370
5370 5062 5315
5062 14709 5315
14283 5062 5058
14742 2978 2976
3284 2978 3288
3288 2978 14744
2978 2915 14744
2915 2978 14742
14317 6799 6662
6429 6427 6799
6799 6427 6662
6427 14315 6662
6427 14743 14741
6429 14743 6427
14316 3280 3284
14314 3280 14316
3280 2976 3284
3284 2976 2978
14742 2976 14740
14316 3284 3515
6425 14315 6427
6425 14313 14315
6425 14741 14739
6427 14741 6425
14312 3546 3514
3546 3278 3280
3546 3280 14314
3514 3546 14314
3280 3278 2976
2976 3278 2914
3278 14738 2914
2914 14740 2976
14311 14313 14737
14737 14313 6309
14313 6425 6309
7828 7964 8324
7824 8324 7964
8190 8324 7824
7824 7964 14319
3994 14322 3979
3802 3979 3765
3994 3979 3802
3802 3765 14321
14318 3558 3516
3558 3288 3294
3558 3294 14320
3516 3558 14320
14746 3288 14744
14746 3294 3288
14745 8194 8324
7828 8324 8194
14739 6309 6425
7428 7424 7828
7828 7424 7964
7424 14319 7964
7424 7428 7046
7424 7046 7042
7042 7046 6666
7042 6666 6799
14317 7042 6799
6666 6429 6799
6310 6429 6666
6429 6310 14743
3558 14318 3515
3284 3288 3558
3284 3558 3515
3231 14728 3233
7554 7934 14305
7423 7554 14305
7554 7423 14307
14730 14732 14304
14304 14732 14306
14729 8296 14731
14729 8292 8296
8292 7930 8296
8296 7930 7934
7934 7930 7546
7934 7546 7422
14305 7934 7422
7422 7546 14303
3231 14730 14304
3233 14730 3231
7554 7938 7934
3231 14302 14728
14729 8192 8292
7826 8292 8192
7826 7930 8292
7426 7930 7826
7426 7546 7930
7044 7040 7426
7426 7040 7546
7040 14303 7546
14727 7040 7044
14301 7040 14727
14726 14728 14302
14726 14302 2911
2951 14726 2911
7045 7427 7041
14312 3540 3546
14310 3540 14312
3546 3540 3278
3278 3540 3234
3540 14736 3234
3234 14738 3278
14737 14735 14309
14737 14309 14311
14310 3536 3540
14308 3536 14310
14736 3536 14734
14736 3540 3536
14733 7938 7827
7554 7827 7938
7554 7427 7827
14529 14469 14979
7041 7427 14307
7427 7554 14307
7045 7041 6665
6665 7041 6661
14309 6665 6661
14735 6665 14309
3536 14308 3513
14732 14734 14306
14306 14734 3513
14734 3536 3513
14731 8296 8193
7934 7938 8296
8296 7938 8193
7938 14733 8193
2636 15208 2222
15213 14741 14743
14742 2642 2646
14740 2642 14742
2642 2290 2646
2646 2290 2294
15212 2290 15210
15212 2294 2290
15211 15209 14739
15211 14739 14741
14738 2974 2914
2974 2636 2642
2974 2642 14740
2914 2974 14740
2642 2636 2290
2290 2636 2222
15213 15211 14741
2222 15210 2290
6423 14737 6309
14739 15209 15207
14739 15207 6423
6309 14739 6423
14736 3272 3234
3272 2972 2974
3272 2974 14738
3234 3272 14738
2974 2972 2636
2636 2972 2580
2972 15206 2580
2580 15208 2636
14735 14737 15205
15205 14737 6315
7428 7050 7046
15215 8554 8558
14745 8554 15215
14746 2980 2984
14744 2980 14746
2980 2650 2984
2984 2650 15216
2650 2581 15216
2581 2650 15214
15215 8194 14745
15215 8198 8194
8194 8198 7832
8194 7832 7828
7828 7832 7432
7828 7432 7428
7428 7432 7050
14737 6423 6315
7046 7050 6670
7046 6670 6666
6666 6670 6316
6666 6316 6310
15213 6310 6316
14743 6310 15213
2980 14744 2915
2646 2650 2980
2646 2980 2915
14742 2646 2915
2646 2294 2650
2650 2294 15214
2294 2223 15214
2223 2294 15212
7826 7430 7426
14729 8656 8650
14731 8656 14729
3233 15200 14730
3237 15200 3233
3233 15198 3237
3233 14728 15198
15197 8650 15199
15197 8646 8650
8650 8646 8288
8650 8288 8192
14729 8650 8192
7830 7826 8192
7830 8192 8288
15196 7830 8288
7826 7830 7430
15199 8650 8656
7426 7430 7048
7426 7048 7044
15195 7044 7048
14727 7044 15195
15194 15198 14726
14726 15198 14728
15197 8556 8646
8196 8646 8556
8196 8288 8646
8196 15196 8288
15195 6664 14727
15195 6668 6664
15193 6664 6668
14725 6664 15193
2913 15194 14726
7049 7045 6669
15207 6315 6423
14736 14734 15204
14736 15204 3238
3272 14736 3238
2918 3272 3238
2918 2972 3272
2918 15206 2972
15203 8302 8197
7831 8197 7827
7827 8197 14733
8197 8302 14733
7831 7827 7431
7431 7827 7427
7431 7427 7049
7049 7427 7045
15217 8558 8554
6669 7045 6665
14735 6669 6665
15205 6669 14735
15202 15204 14732
14732 15204 14734
15201 8656 8557
8302 15203 8193
15203 8557 8193
8557 14731 8193
8557 8656 14731
8302 8193 14733
15200 15202 14730
14730 15202 14732
15199 8656 15201
2578 2584 2224
9614 10168 9786
9980 10168 9614
9270 9786 9410
9614 9786 9270
9270 9410 14759
14758 3578 3520
14762 3520 3322
3520 3578 3322
3578 3240 3322
3578 15232 3240
2922 2916 3240
3240 2916 3322
2916 14761 3322
2916 2922 2584
2916 2584 2578
10348 15233 10524
2578 2224 2220
2220 2224 1900
2220 1900 1898
1900 14760 1898
1900 15234 14760
15233 9982 10168
9616 10168 9982
9616 9786 10168
9274 9786 9616
9274 9410 9786
9072 8928 14759
15231 9072 14759
9410 15231 14759
9274 15231 9410
8928 9072 14757
15235 10524 10532
11832 11456 12018
11456 14767 12018
11456 11458 11080
11456 11080 11078
11078 11080 10710
11078 10710 10708
10346 10708 10710
10346 10710 15237
10532 10346 15237
10346 10532 14765
14766 14764 15236
14766 15236 838
1026 14766 838
838 15238 1026
15235 10532 15237
14758 3576 3578
14763 10532 10524
14765 10532 14763
14762 3322 3236
3236 3322 14761
1572 14760 15234
1570 14760 1572
1570 1572 1224
1570 1224 1222
1224 14764 1222
1224 15236 14764
15235 10348 10524
10168 9980 14763
15233 10168 14763
10524 15233 14763
15222 3310 3306
3310 15222 2920
2582 3010 2920
2582 2676 3010
2582 15226 2676
15225 15221 14751
15225 14751 14753
3808 14752 3767
3568 3521 14750
3521 15224 14750
15224 3767 14750
15224 3808 3767
3306 3310 3568
3568 3310 3521
3310 15223 3521
15222 3306 15220
3010 3310 2920
15221 15219 14749
15221 14749 14751
3568 14750 3519
3306 3519 3235
3568 3519 3306
15218 15220 14748
14748 15220 3235
15220 3306 3235
15219 15217 14747
15219 14747 14749
15218 14748 14746
15218 14746 2984
2919 15218 2984
2919 2984 15216
15217 8554 14747
3576 3522 15227
14756 3576 14758
15232 3576 15230
15232 3578 3576
15231 8930 9072
15229 14755 14757
15229 14757 9072
8930 15229 9072
14754 3810 3768
14756 3768 3576
3768 3810 3576
3810 3522 3576
3810 15228 3522
3576 3314 3239
3576 3239 15230
3314 3576 15227
2917 15194 2913
3010 3239 3314
3010 2921 3239
2676 2921 3010
2676 2583 2921
2583 2676 15226
15229 15225 14753
15229 14753 14755
14754 3808 3810
14752 3808 14754
15228 3808 15224
15228 3810 3808
15223 3314 15227
15223 3310 3314
3314 3310 3010
15165 15163 14695
14699 5644 5365
5365 5318 15167
15166 15168 14700
15166 14700 14467
14541 15166 14467
14541 14467 14698
5361 14699 5365
5361 14697 14699
5361 15167 15165
5365 15167 5361
14541 15164 15166
14537 15164 14541
14541 14696 14537
14541 14698 14696
14697 5361 5314
5644 5318 5365
15165 14695 5314
5361 15165 5314
14983 15162 14902
14537 14533 14983
14537 14983 14902
15164 14537 14902
14537 14694 14533
14537 14696 14694
7885 14693 7825
7885 7425 7501
7885 7825 7425
7501 7425 14692
14691 5317 15161
14691 5313 5317
14695 5317 5313
6312 15169 6368
85 142 15172
15171 6374 15173
15171 6368 6374
14703 6374 6368
14705 6374 14703
142 14704 83
15854 15787 14702
15787 15172 14702
15172 83 14702
15172 142 83
15787 15854 15170
15171 6312 6368
6024 5968 14703
15169 6024 14703
6368 15169 14703
15163 5317 14695
5968 6024 14701
15854 14702 15785
15785 15347 15349
15785 15349 15170
15854 15785 15170
15349 15347 14903
14903 15347 14899
14899 15168 14903
14899 14700 15168
15169 5972 6024
5648 5644 5972
5972 5644 6024
5644 14701 6024
5644 5648 5318
9321 8929 15153
14529 14981 14531
14529 14531 14119
14119 14531 14057
14531 14690 14057
14119 13683 13743
14119 14057 13683
13303 13305 13683
13683 13305 13743
13305 15155 13743
13305 13303 12921
12921 13303 12919
12919 15154 12921
12919 14684 15154
9321 14689 9323
9321 14683 14689
14529 14979 14981
8927 8929 14688
8929 9321 14688
9321 9323 14688
8929 8927 8555
8555 8927 8553
14687 8555 8553
15159 8555 14687
7047 15158 7117
6663 6667 7047
6663 7047 7117
14686 6663 7117
14685 6667 6663
15157 6667 14685
14901 15156 14979
14979 14469 14901
7043 7117 14692
14983 15160 15162
14981 15160 14983
14531 14981 14983
14531 14983 14533
14533 14690 14531
14533 14694 14690
9323 14689 9269
9323 9269 14688
14687 8195 15159
14687 8191 8195
7829 8195 8191
7829 8191 14693
7885 7829 14693
7885 7429 7829
7501 7429 7885
15174 518 449
7117 15158 14692
15158 7501 14692
15158 7429 7501
7117 7043 14686
14685 6311 15157
14685 6307 6311
6311 6307 5971
5971 6307 5967
5971 5967 5647
5647 5967 5643
14691 5647 5643
15161 5647 14691
14981 15156 15160
14979 15156 14981
1899 1897 1571
5022 4821 4774
5022 5075 4821
4583 4581 4821
4821 4581 4774
4581 14719 4774
4393 4581 4583
4393 4583 15189
4366 4393 15189
4393 4366 15187
2614 14720 2577
2577 2219 2221
2577 2221 15188
2614 2577 15188
2221 2219 1899
1899 2219 1897
14721 5075 5022
1571 1897 1632
1897 14718 1632
1316 1571 1632
1316 1223 1571
942 1223 1316
942 837 1223
837 942 15186
4579 14719 4581
4579 14717 14719
4579 4581 4393
4579 4393 4365
15185 4579 4365
15187 4365 4393
1632 14718 1569
1316 1569 1221
5024 4821 5075
2913 15192 2917
2913 14724 15192
15193 6308 14725
15193 6314 6308
5970 6308 6314
5970 6314 15191
6056 5970 15191
5970 6056 14723
15190 5650 5731
5650 5320 5316
5650 5316 14722
5731 5650 14722
5316 5320 5024
5316 5024 5075
14721 5316 5075
1632 1569 1316
4776 4821 5024
4776 4583 4821
4542 4583 4776
4583 4542 15189
15192 14724 14720
15192 14720 2614
2579 15192 2614
2579 2614 15188
15191 5974 6056
5646 5974 15190
5646 15190 5731
5974 5646 6056
5646 14723 6056
5646 5731 14722
15177 5319 14709
450 14710 541
450 541 14712
14709 5023 15177
14709 5021 5023
14711 5023 5021
15179 5023 14711
15176 15178 14708
14708 15178 14710
15175 6036 5973
5649 5973 5645
5645 5973 14707
5973 6036 14707
5649 5645 5319
5319 5645 5315
14709 5319 5315
14710 15180 541
15176 14708 14706
15176 14706 518
453 15176 518
453 518 15174
15173 6374 6313
6036 15175 5969
15175 6313 5969
6313 14705 5969
6313 6374 14705
6036 5969 14707
518 14706 449
142 85 14704
85 15174 14704
15174 449 14704
4573 14715 4577
942 1221 835
1316 1221 942
835 15186 942
15184 15186 549
15186 835 549
835 451 549
549 451 14716
4577 14717 4579
4577 14715 14717
4577 15185 15183
4579 15185 4577
455 15184 549
14714 15182 14716
14716 15182 549
15182 455 549
14275 5964 14701
4573 14713 14715
4573 15183 15181
4577 15183 4573
541 15180 454
14714 14712 15182
15182 14712 454
14712 541 454
14711 4775 15179
14711 4773 4775
4541 4775 4773
4541 4773 14713
4573 4541 14713
15181 4541 4573
14710 15178 15180
7421 14266 7503
12915 12917 13301
12915 13301 13373
13888 12915 13373
12915 14264 12917
12915 13884 14264
9325 13887 9327
9325 13883 13887
9325 14269 14263
9327 14269 9325
8613 14262 14268
8611 14262 8613
8611 8613 8251
8611 8251 8189
14261 8611 8189
14267 8189 8251
13373 13301 13749
7035 7123 13886
7123 14260 13886
14260 7503 13886
14260 7421 7503
7123 7035 13882
14259 13881 14265
14265 13881 5356
13881 5307 5356
5356 5307 13885
14258 14264 13880
13880 14264 13884
14257 9678 9611
13879 9611 9678
13879 13883 9325
9611 13879 9325
8251 8615 8253
13755 14270 14272
13749 14270 13755
13749 13755 13373
13373 13755 13299
13755 13892 13299
13373 13299 13888
9327 13887 9265
9265 13891 8987
9327 9265 8987
8925 9327 8987
14269 9327 8925
8987 8615 8613
8987 8613 14268
8925 8987 14268
8251 8613 8615
9267 9611 9325
8251 7823 14267
7821 7823 13890
7823 8251 13890
8251 8253 13890
7821 7419 7823
7823 7419 14266
7419 7503 14266
7503 7419 13886
14265 5360 14271
14265 5356 5360
13885 5360 5356
13889 5360 13885
13681 14270 13749
13749 13301 13681
12261 12191 13870
12547 14254 13876
12549 14254 12547
12547 14252 12549
12547 13872 14252
13875 10789 10702
10702 10419 10340
10702 10789 10419
10340 10419 13874
13873 14253 13871
13871 14253 9673
14253 9610 9673
9673 9610 14251
14250 14252 13872
14250 13872 12191
12261 14250 12191
5688 5637 13877
9671 13871 9673
9671 13869 13871
9671 14251 14249
9673 14251 9671
12193 14250 12261
11825 11899 13870
11899 14248 13870
14248 12261 13870
14248 12193 12261
11899 11451 11535
11899 11825 11451
11535 11073 11157
11535 11451 11073
11157 10701 10783
11157 11073 10701
10789 13875 10703
14263 9267 9325
8551 14262 8611
14261 8551 8611
7039 14260 7123
6655 6659 7039
6655 7039 7123
13882 6655 7123
6655 14256 6659
6655 13878 14256
14255 5688 5639
13877 13881 14259
13877 14259 5639
5688 13877 5639
14254 14258 13876
13876 14258 13880
5308 5360 13889
10789 10341 10419
10789 10703 10341
10419 10341 13874
14253 13873 14257
14257 13873 9678
13873 9607 9678
9678 9607 13879
6303 14256 13878
6305 14256 6303
6305 6303 5963
5963 6303 5961
5963 5961 5637
5963 5637 5688
14255 5963 5688
14286 13902 446
76 13906 80
80 13908 76
80 14290 13908
14289 14287 13907
13907 14287 4770
14287 4810 4770
4770 4810 13905
14286 14288 13904
13904 14288 13906
14285 13903 14287
14287 13903 4810
13903 4769 4810
4810 4769 13905
523 14284 446
13904 13902 14286
80 13906 14288
13902 523 446
14285 14283 13901
14285 13901 13903
523 14282 14284
517 14282 523
523 13900 517
523 13902 13900
14281 6030 5965
5704 5965 6030
5704 5641 5965
5368 5641 5704
5368 5311 5641
5019 5311 5017
5017 5311 13899
5311 5368 13899
5071 5069 5385
4817 5071 5073
4817 5073 4819
4817 14295 14293
4819 14295 4817
1567 14294 1631
1631 1219 1567
1315 1219 1631
831 833 1219
831 1219 1315
13912 831 1315
833 831 447
447 831 443
443 14292 447
443 13910 14292
13911 5385 5310
13901 5019 5017
5385 5069 5310
5069 13909 5310
5069 5071 4817
5069 4817 4771
14291 5069 4771
14293 4771 4817
77 14292 13910
81 14292 77
77 14290 81
77 13908 14290
13909 5069 5018
14291 14289 13907
14291 13907 5018
5069 14291 5018
14273 13893 13895
14279 5964 6026
5702 6026 5698
5698 6026 14275
6026 5964 14275
13895 5702 5698
13897 5702 13895
15345 14278 15441
15441 14897 15345
15001 14897 15441
14277 14897 15001
14274 14276 13896
14274 13896 13679
13761 14274 13679
13761 13679 13894
14275 5640 5698
14053 13896 14276
14273 13895 5698
5640 14273 5698
13761 14272 14274
13755 14272 13761
13761 13892 13755
13761 13894 13892
8987 13891 8923
8987 8549 8615
8987 8923 8549
8615 8187 8253
8615 8549 8187
8253 8187 13890
14273 14271 13893
13893 14271 5308
14271 5360 5308
79 14280 141
14283 5019 13901
445 14282 517
75 141 13900
141 14280 13900
14280 517 13900
14280 445 517
141 75 13898
14279 6030 14281
14279 6026 6030
6026 5702 6030
6030 5702 5704
5368 5704 5702
5368 5702 13897
5309 5368 13897
5368 5309 13899
10783 10339 10413
15781 15783 79
15781 79 141
13898 15781 141
15781 15343 15783
15783 15343 14278
15343 15441 14278
15441 14895 15001
15441 15343 14895
14463 14465 14895
14895 14465 15001
14465 14277 15001
14465 14463 14055
14055 14463 14053
14053 14276 14055
13569 7820 13941
3764 13572 13944
3760 13572 3764
3764 13574 3760
3764 13946 13574
13945 13943 13573
13573 13943 8186
13943 8346 8186
8186 8346 13571
13942 13944 13570
13570 13944 13572
13943 8188 8346
7822 7820 8188
8188 7820 8346
7820 13571 8346
13941 7820 7822
13947 13573 13575
13568 4118 4114
3978 3976 4114
3978 4114 4118
13940 3978 4118
3978 13570 3976
3978 13942 13570
13941 13939 13567
13941 13567 13569
13568 4116 4118
13566 4116 13568
13940 4116 13938
13940 4118 4116
13939 7418 13567
13939 7420 7418
13937 7418 7420
13948 13580 3812
2908 2574 2572
13951 2572 2574
13579 2572 13951
2001 13950 1894
13954 1693 1562
1894 13954 1562
13578 1894 1562
2001 1894 13578
1562 1693 13582
13953 8548 13581
13953 8550 8548
13949 8548 8550
13577 8548 13949
13576 3812 3762
13952 13580 13948
13565 7418 13937
13580 3762 3812
13951 2214 13579
13951 2216 2214
2214 2216 1892
1892 2216 2001
2216 13950 2001
1892 2001 13578
13949 13947 13575
13949 13575 13577
3812 13576 3761
13946 13948 13574
13574 13948 3761
13948 3812 3761
13947 13945 13573
13927 7557 7037
7177 7565 7183
7183 7565 13559
7565 7417 13559
7177 7183 6789
7177 6789 6657
13929 7177 6657
13931 6657 6789
3783 13928 13930
3777 13928 3783
3783 13556 3777
3783 13558 13556
7557 13557 7565
7557 13555 13557
7557 7565 7177
7557 7177 7037
7565 13557 7417
13929 7037 7177
3763 13928 3777
13554 13926 13556
13556 13926 3777
13926 3763 3777
13555 7557 7416
13927 13925 13553
13927 13553 7416
7557 13927 7416
3509 13926 13554
3511 13926 3509
3509 13924 3511
3509 13552 13924
13925 13923 13551
13925 13551 13553
6795 6658 13933
4116 13566 4113
13936 13938 13564
13564 13938 4113
13938 4116 4113
13937 13935 13563
13937 13563 13565
13936 13564 13562
13936 13562 3990
3977 13936 3990
3977 3990 13934
13563 13935 13561
13561 13935 7187
13935 7038 7187
7038 6795 7187
6658 6795 7038
2908 2910 2574
3990 13562 3975
13932 13934 13560
13560 13934 3975
13934 3990 3975
7183 13561 7187
7183 13559 13561
6789 7183 7187
6789 7187 6795
6789 13933 13931
6795 13933 6789
13930 13932 13560
13930 13560 3759
3783 13930 3759
3783 3759 13558
14666 14462 13963
830 13594 832
830 832 444
830 444 442
444 13596 442
444 13968 13596
13967 15342 13595
13967 15344 15342
13965 15342 15344
13593 15342 13965
13964 13966 13592
13592 13966 13594
13965 14894 13593
13965 14896 14894
14462 14894 14896
14462 14896 13963
832 13594 13966
14052 14666 14236
14462 14666 14052
13680 13678 14052
13680 14052 14236
13962 13680 14236
13678 13680 13300
13678 13300 13298
13298 13300 12916
13298 12916 12914
12914 12916 12548
12914 12548 12721
13591 12914 12721
12548 12377 12721
12192 12377 12548
12192 12023 12377
10783 10413 10411
10783 10701 10339
10413 9975 10039
10413 10339 9975
9975 13869 9671
10039 9975 9671
9609 10039 9671
14247 10039 9609
14249 9609 9671
11827 14248 11899
11899 11453 11827
11535 11453 11899
11535 11075 11453
11157 11075 11535
11157 10705 11075
10783 10705 11157
11826 12023 12192
10783 10411 14246
10705 10783 14246
10411 10413 10039
10411 10039 9977
14245 10411 9977
14247 9977 10039
10343 14246 10411
14245 10343 10411
78 13596 13968
74 13596 78
74 78 15782
74 15782 15780
13967 15780 15782
13595 15780 13967
1693 1563 13582
13587 10537 10338
13959 13957 13585
13959 13585 10338
10537 13959 10338
13586 13584 13956
13586 13956 1566
1704 13586 1566
1566 13958 1704
13957 9974 13585
13957 9976 9974
13955 9974 9976
13583 9974 13955
13954 13956 13584
13954 13584 1563
1693 13954 1563
13588 1564 1704
13955 9606 13583
13955 9608 9606
9606 9608 9266
9606 9266 9264
9264 9266 8924
9264 8924 8922
13953 8922 8924
13581 8922 13953
3512 13580 13952
3510 13580 3512
3510 3512 3230
3510 3230 3228
3228 3230 2910
3228 2910 2908
13591 12721 12546
11826 11452 11450
11826 11450 13590
12023 11826 13590
11450 11452 11074
11450 11074 11072
13961 11072 11074
13589 11072 13961
1218 13588 13960
1216 13588 1218
1218 13592 1216
1218 13964 13592
13963 14464 14666
14054 14666 14464
14054 14236 14666
14054 13962 14236
5071 5387 5073
12546 12377 12190
12546 12721 12377
12190 12023 11824
12190 12377 12023
11824 12023 13590
13961 10700 13589
13961 10704 10700
10700 10704 10342
10700 10342 10537
13587 10700 10537
10537 10342 13959
13586 1704 1564
13960 13588 13958
13958 13588 1704
14246 10343 10781
11455 11453 11077
11077 11453 11075
11075 10705 11077
11077 10705 14676
10705 10781 14676
10781 10705 14246
10037 14245 9977
9977 14247 9669
10037 9977 9669
9613 10037 9669
14675 10037 9613
14677 9613 9669
10707 14676 10781
10343 10345 10707
10343 10707 10781
11455 11827 11453
9979 10345 10343
9979 10343 14245
10037 9979 14245
14675 9979 10037
13968 256 78
15784 15782 78
15784 78 256
14358 15784 256
14357 15782 15784
13967 15782 14357
834 13966 14356
832 13966 834
832 834 448
832 448 444
448 82 444
14680 14682 14250
14687 8553 8609
6663 14686 6723
6663 6723 14685
14256 6305 6352
6014 6305 5963
6352 6305 6014
6014 5963 14255
12549 14684 14254
12551 14684 12549
12549 14682 12551
12549 14252 14682
14253 9675 9610
14683 14681 14251
14683 14251 9610
9675 14683 9610
444 82 13968
14250 14682 14252
14681 14679 14249
14681 14249 14251
12193 14680 14250
12195 14680 12193
12193 14678 12195
12193 14248 14678
9669 14247 9609
14249 14679 14677
14249 14677 9669
9609 14249 9669
11827 14678 14248
11829 14678 11827
11829 11827 11455
14464 14466 14056
11454 11452 11826
11454 11826 12024
14348 11454 12024
11452 11454 11076
11452 11076 11074
14347 11074 11076
13961 11074 14347
13960 1388 1218
14352 13964 14346
14346 13964 1388
13964 1218 1388
14351 14898 15136
14466 14464 14898
14898 14464 15136
14464 13963 15136
12024 11826 14349
14464 14056 14054
14056 13962 14054
14056 14350 13962
14349 11828 12024
11828 14348 12024
14347 10704 13961
14347 10706 10704
10704 10706 10344
10704 10344 10342
14345 10342 10344
13959 10342 14345
13960 1384 1388
13958 1384 13960
14346 1384 14344
14346 1388 1384
14896 15136 13963
82 256 13968
82 14358 256
14357 15344 13967
14357 15346 15344
14355 15344 15346
13965 15344 14355
13109 14354 12918
12918 12729 13109
12550 12729 12918
12729 12550 14353
14352 14356 13964
13964 14356 13966
14355 14351 13965
13965 14351 14896
14351 15136 14896
8609 8553 8979
13682 13962 14350
13680 13962 13682
13680 13682 13302
13680 13302 13300
13300 13302 12916
12916 13302 13109
13302 14354 13109
12916 12729 12548
12916 13109 12729
12192 12548 12194
12194 12548 14353
12548 12729 14353
11826 12192 12194
11826 12194 14349
13371 13301 12917
8983 8925 14268
7887 14267 7823
7887 7823 14266
14271 14697 14265
14265 14697 5357
14697 5314 5357
5357 5314 14695
14125 14694 14696
14123 14694 14125
14123 14125 13747
13747 14125 13681
14125 14270 13681
13747 13301 13371
13747 13681 13301
13371 12917 12995
8983 14269 8925
12995 12917 14264
8981 14269 8983
8981 14263 14269
8983 14262 8981
8983 14268 14262
8249 14261 8189
8189 14267 7887
8249 8189 7887
7825 8249 7887
14693 8249 7825
7421 7425 7825
7421 7825 7887
14266 7421 7887
7421 14692 7425
7421 14260 14692
14701 5644 5640
15785 14702 15853
15345 15347 15785
15345 15785 15853
14278 15345 15853
15347 15345 14899
14899 15345 14897
14700 14899 14545
14549 14545 14277
14545 14899 14277
14899 14897 14277
14133 14545 14549
14133 14549 14137
14137 14274 14133
14137 14276 14274
14701 5640 14275
14259 14265 14691
14699 5640 5644
14273 5640 14699
14467 14700 14545
14545 14133 14129
14545 14129 14698
14467 14545 14698
14133 14272 14129
14133 14274 14272
14699 14697 14271
14699 14271 14273
14129 14696 14698
14125 14696 14129
14129 14270 14125
14129 14272 14270
14121 13683 14057
7039 6659 7043
7043 6659 14686
6659 6723 14686
6307 6659 14256
6307 14256 6352
6659 6307 6723
6307 14685 6723
6014 6307 6352
6014 5967 6307
5643 5967 5639
5639 5967 14255
5967 6014 14255
14259 5643 5639
14691 5643 14259
14057 14690 14121
7043 14692 7039
13745 13683 14121
13745 13303 13683
13369 13303 13745
13369 12919 13303
12991 12919 13369
14254 14684 14258
14258 14684 12991
14684 12919 12991
9675 14257 9679
9675 14253 14257
9675 14689 14683
9679 14689 9675
8927 14688 8979
8979 8553 8927
9611 9269 9679
14691 14265 5313
14265 5357 5313
14695 5313 5357
14123 14690 14694
14121 14690 14123
13745 14121 14123
13745 14123 13747
13369 13745 13747
13369 13747 13371
12991 13369 13371
12991 13371 12995
12995 14258 12991
12995 14264 14258
9679 14257 9611
9267 9269 9611
14345 14343 13957
9269 14689 9679
14688 9269 8979
8981 8979 14263
8979 9269 14263
9269 9267 14263
8979 8981 8609
8609 8981 8551
8981 14262 8551
8551 14261 8249
8609 8551 8249
8191 8609 8249
14687 8609 8191
14693 8191 8249
7039 14692 14260
13927 7173 7041
13928 3778 13930
14312 3778 14310
14312 3784 3778
7173 13927 7037
6779 7173 6785
6785 7173 13929
7173 7037 13929
6779 14311 14309
6785 14311 6779
3778 13928 3763
14308 14310 13926
13926 14310 3763
14310 3778 3763
13925 13927 14307
14307 13927 7041
13930 3778 3784
7173 6661 7041
6779 6661 7173
14309 6661 6779
3511 14308 13926
3513 14308 3511
3511 14306 3513
3511 13924 14306
14305 7550 7423
13923 13925 14307
13923 14307 7423
7550 13923 7423
14304 14306 13922
13922 14306 13924
14305 7422 7550
14303 13921 13923
3796 3550 3554
3796 3992 3977
13934 3796 3977
3796 3554 3800
3800 3554 14318
3554 3515 14318
3515 3554 14316
13935 7193 7038
6658 7038 6662
6662 7038 14317
7038 7193 14317
14315 6658 6662
13933 6658 14315
13934 3790 3796
13932 3790 13934
3790 3550 3796
14303 13923 7550
14316 3550 14314
14316 3554 3550
14315 14313 13931
14315 13931 13933
13932 3784 3790
13930 3784 13932
3790 3784 3550
3550 3784 3514
3784 14312 3514
3514 14314 3550
6785 13929 6657
13931 14313 14311
13931 14311 6785
6657 13931 6785
4819 4772 14295
2215 2259 14296
2259 1893 1949
2259 2215 1893
1949 1893 13914
13915 6055 5962
5642 5729 13913
14297 5642 13913
5962 14297 13913
6055 14297 5962
5642 5387 5729
5312 5387 5642
5312 5073 5387
5020 5073 5312
5020 4819 5073
4772 4819 5020
2575 2215 14296
2217 14296 2259
2259 1895 2217
1949 1895 2259
1565 1631 13914
1631 14294 13914
14294 1949 13914
14294 1895 1949
1631 1217 1315
1631 1565 1217
1315 1217 13912
13913 5729 5638
5387 5385 5729
5729 5385 5638
5385 13911 5638
5071 5385 5387
14301 6660 6768
7422 14303 7550
3229 14304 13922
3231 14304 3229
3229 14302 3231
3229 13920 14302
14303 7036 13921
14303 7040 7036
6656 7036 7040
6656 7040 14301
6768 6656 14301
6656 6768 13919
2909 14302 13920
2911 14302 2909
2909 14300 2911
2909 13918 14300
3796 3800 3992
6306 6304 6660
6660 6304 6768
6304 13919 6768
14299 6304 6306
13917 6304 14299
14298 14300 13916
13916 14300 13918
13917 14299 13915
13915 14299 6055
14299 5966 6055
6055 5966 14297
2573 14298 13916
2575 14298 2573
2573 2215 2575
13953 14335 8550
3518 14340 3321
2910 3230 2912
2912 3230 14339
3230 3321 14339
2910 2912 2576
2910 2576 2574
2574 2576 2218
2574 2218 2337
13951 2574 2337
2218 1896 1894
2218 1894 13950
2337 2218 13950
1896 13954 1894
1896 14338 13954
14337 14335 13953
3230 3518 3321
14335 8714 8550
8550 8714 13949
14334 14336 13948
13948 14336 13952
13951 2337 2216
2216 2337 13950
14333 8714 14335
14333 8708 8714
13947 8714 8708
13949 8714 13947
3809 14332 3766
13948 13946 14334
14334 13946 3766
13946 3809 3766
14333 8552 8708
3321 14340 3232
14345 13957 13959
1568 13956 14342
1566 13956 1568
1568 1220 1566
1566 1220 13958
1220 1384 13958
1220 14344 1384
14343 9976 13957
14343 9978 9976
9976 9978 9612
9976 9612 9793
13955 9976 9793
9612 9415 9793
9268 9415 9612
9415 9268 14341
14331 13945 13947
3321 3232 14339
14338 14342 13954
13954 14342 13956
13955 9793 9608
9608 9415 9266
9608 9793 9415
8924 9266 8926
8926 9266 14341
9266 9415 14341
14337 8924 8926
13953 8924 14337
3518 13952 14336
3512 13952 3518
3512 3518 3230
3979 14322 3992
3980 14326 3996
14321 3566 14325
14321 3562 3566
14324 3562 14320
14324 3566 3562
14323 8190 8332
7824 8332 8190
7824 7972 8332
7588 7420 13939
14319 7588 13939
7972 14319 13939
7824 14319 7972
7420 7588 13937
14322 13938 13936
14322 13936 3992
3996 13940 3980
3800 3979 3992
3800 3765 3979
3562 3800 14318
3562 14318 3516
3800 3562 3765
3562 14321 3765
3516 14320 3562
14319 7424 7588
13937 7588 7424
7424 7042 7193
13937 7424 7193
13935 13937 7193
7193 7042 14317
3992 13936 3977
7822 7980 13941
14331 13947 8708
8552 14331 8708
13944 14330 14332
13944 14332 3809
3764 13944 3809
3764 3809 13946
14331 14329 13943
14331 13943 13945
14328 14330 13942
13942 14330 13944
14329 14327 13943
13943 14327 8188
14327 8340 8188
7822 8340 7980
8188 8340 7822
11458 11456 11832
13940 3996 3978
14328 13942 14326
14326 13942 3996
13942 3978 3996
14325 3566 3517
3517 3566 14324
14323 8340 14327
14323 8332 8340
8332 7972 8340
8340 7972 7980
13939 7980 7972
13941 7980 13939
13940 13938 14322
13940 14322 3980
12202 12556 12716
88 15696 90
88 90 15792
88 15792 15790
15792 15700 15790
15792 16076 15700
16075 14062 15699
16075 14064 14062
13688 14062 14064
13688 14064 16073
13848 13688 16073
13308 13848 13470
13688 13848 13308
13308 13470 15695
15694 12716 12556
12202 12200 12556
90 15696 16074
16072 12202 12716
12200 12202 11836
12200 11836 11834
11834 11836 11462
11834 11462 11460
11462 11084 11460
11460 11084 15698
11084 11288 15698
10714 10712 11084
11084 10712 11288
10712 15697 11288
16071 10712 10714
15693 10712 16071
16070 16074 15692
15692 16074 15696
10353 9985 10040
15978 260 11083
260 11160 11083
257 10040 9987
9670 9987 10040
9670 9621 9987
9318 259 9279
259 9621 9279
9621 15977 9279
9621 9670 15977
9318 9279 15979
10713 258 15978
10715 258 10713
10715 10713 10353
10353 10713 10351
10353 10351 9985
16073 13690 13848
257 10353 10040
9670 9985 9619
10040 9985 9670
9670 9619 15977
15358 15700 16076
15354 15700 15358
15354 15358 14912
15354 14912 14908
14908 14912 14474
14908 14474 14472
16075 14472 14474
15699 14472 16075
15698 11288 11082
11082 11288 15697
1018 622 626
9278 9280 8934
9278 8934 9079
15687 9278 9079
9079 8934 16067
15686 2338 2230
1902 2338 2002
2230 2338 1902
2002 1688 1694
2002 1694 15690
1902 2002 15690
1688 1378 1694
1694 1378 1380
1378 1014 1380
1380 1014 1018
1014 622 1018
9787 9620 15688
16068 622 16066
16068 626 622
15689 10169 9984
9984 9787 9618
9984 10169 9787
9618 9787 15688
15687 9079 8932
16067 16065 15685
16067 15685 8932
9079 16067 8932
15686 2332 2338
15684 2332 15686
2332 1998 2338
2338 1998 2002
1998 1686 2002
1574 1694 1226
13310 13848 13690
13310 13470 13848
12926 12924 13310
13310 12924 13470
12924 15695 13470
12926 12558 12924
12924 12558 15694
12558 12716 15694
12558 16072 12716
16071 10350 15693
16071 10352 10350
16069 10350 10352
15691 10350 16069
15690 1694 1574
1226 1694 1380
258 260 15978
840 1380 1018
1226 1380 840
460 1018 626
840 1018 460
16070 15692 16068
16068 15692 626
15692 460 626
15691 16069 15689
15689 16069 10169
16069 9986 10169
9986 9787 10169
9620 9787 9986
9620 9280 9278
9620 9278 15688
6681 6675 6325
5692 5657 15993
15992 15990 272
15992 272 15360
15430 15992 15360
15360 274 15430
15989 7841 271
15989 7837 7841
7837 7437 7841
7841 7437 270
7437 7499 270
7055 7059 7437
7437 7059 7499
7059 269 7499
7059 7055 6681
6681 7055 6675
15991 5657 5692
6325 6675 6354
6675 15988 6354
5985 6325 5981
5981 6325 15987
6325 6354 15987
15991 5985 5981
273 5985 15991
272 15990 15986
272 15986 15426
15359 272 15426
15359 15426 268
267 11906 11837
11542 11837 11906
11542 11463 11837
11463 11542 266
14914 278 15996
6682 6736 7130
6326 6736 6682
6326 6362 6736
6022 6362 6020
6020 6362 277
6362 6326 277
6020 5694 6022
6022 5694 5696
5694 5362 5696
5696 5362 5366
15995 5366 5362
15997 5366 15995
14914 15994 276
14910 15994 14914
14914 15996 14910
15985 8935 265
277 5986 6020
5694 6020 5692
5692 6020 275
6020 5986 275
5362 5694 5692
5362 5692 15993
5325 5362 15993
5362 5325 15995
15992 15430 15356
276 15994 274
274 15994 15430
15994 15356 15430
273 15991 275
275 15991 5692
12987 12559 12927
12201 11904 267
11904 11906 267
11904 11540 11906
11906 11540 11542
266 11540 262
266 11542 11540
265 261 15981
265 15981 15985
13742 15984 13689
13689 13309 13311
13689 13311 264
13742 13689 264
12927 13311 13309
12927 13309 15983
12987 12927 15983
12203 12201 267
12613 12559 12987
263 12559 12613
11904 15982 11835
11540 11835 11461
11904 11835 11540
11160 11085 15980
11085 262 15980
262 11461 15980
262 11540 11461
11085 11160 260
259 9318 9281
15979 15981 261
15979 261 9281
9318 15979 9281
11160 15980 11083
14913 14909 14475
15985 8933 8935
8935 8933 8571
8571 8933 8565
8571 8565 8207
8207 8565 8203
15989 8207 8203
271 8207 15989
7441 270 7499
269 7441 7499
6354 15988 6321
6354 6321 15987
15426 15986 15355
15355 14909 14913
15355 14913 268
15426 15355 268
2002 1686 1688
14475 14909 14473
14475 14473 14065
14065 14473 14063
14065 14063 13691
13691 14063 13742
14063 15984 13742
13691 13742 264
12987 15983 12925
12987 12557 12613
12987 12925 12557
12201 12203 12557
12557 12203 12613
12203 263 12613
11904 12201 15982
15655 8561 8567
7558 7435 7174
6776 6679 15658
6679 16042 15658
16042 7053 15658
16042 7174 7053
6679 6776 16038
15661 16041 15657
15657 16041 6075
16041 5984 6075
6075 5984 16037
2926 15656 16036
2924 15656 2926
2926 15660 2924
2926 16040 15660
15655 8567 16035
7174 7435 7053
8567 8561 8205
8205 8561 8201
15659 8205 8201
16039 8205 15659
6776 15658 6673
16034 16038 15654
15654 16038 6673
16038 6776 6673
15657 6075 5980
5660 5741 15653
16037 5660 15653
5980 16037 15653
6075 16037 5980
5741 5660 16033
3244 15652 16032
16043 7558 7439
7058 7576 7440
7058 7188 7576
6680 7188 7058
6680 6796 7188
6324 6796 6680
6324 6428 6796
16047 15665 15667
16047 15667 6428
6324 16047 6428
16046 16048 15664
15664 16048 15666
16047 16045 15663
16047 15663 15665
16044 16046 15662
15662 16046 15664
3242 15652 3244
7174 7439 7558
7174 7057 7439
7057 7174 16042
16045 16041 15661
16045 15661 15663
2590 15660 16040
2586 15660 2590
2590 15662 2586
2590 16044 15662
15659 7839 16039
15659 7835 7839
7839 7835 7435
7839 7435 7558
16043 7839 7558
7838 15646 7834
5735 5655 15649
5081 5395 5397
5081 5397 5083
5081 16029 16023
5083 16029 5081
3250 15648 3241
16022 16028 15642
15642 16028 3241
16028 3250 3241
16027 8560 15647
16027 8566 8560
8560 8566 8204
8560 8204 8200
8200 8204 7838
8200 7838 7834
5397 5735 15649
7838 16026 15646
16025 7052 15645
16025 7056 7052
7056 15644 7052
7056 16024 15644
6061 15641 5979
5733 6061 5735
5735 6061 15643
6061 5979 15643
5735 5395 5733
5733 5395 15640
5395 5324 15640
5324 5081 5026
5324 5395 5081
16023 16021 15639
16032 15648 3250
3244 15656 3242
3244 16036 15656
16035 16031 15651
16035 15651 15655
16030 16034 15650
15650 16034 15654
15653 5741 5656
5328 5397 15649
16033 5328 15649
5656 16033 15649
5741 16033 5656
5328 5083 5397
5028 5083 5328
5083 5028 16029
16032 15652 15648
16049 7440 7576
3243 16032 3250
3243 3250 16028
16031 16027 15647
16031 15647 15651
7438 15646 16026
7434 15646 7438
16025 7434 7438
15645 7434 16025
6678 15644 16024
6672 15644 6678
6678 15650 6672
6678 16030 15650
5735 15643 5655
5395 5735 5397
1370 1229 1577
16062 1994 1990
15679 8569 16059
15679 8563 8569
15681 8569 8563
16061 8569 15681
15678 2664 2588
2228 2664 2316
2588 2664 2228
2316 1988 1990
2316 1990 15680
2228 2316 15680
1988 1680 1990
1990 1680 16060
1680 1577 16060
1370 1577 1680
16062 1990 16060
1002 1229 1370
1002 843 1229
843 1002 16058
16059 16057 15677
16059 15677 15679
2664 15678 2587
2312 2316 2664
2312 2664 2587
15676 2312 2587
2312 1986 2316
2316 1986 1988
1986 1678 1988
1988 1678 1680
1678 1366 1680
1680 1366 1370
15682 1994 2229
1686 1376 1688
1688 1376 1378
1376 1012 1378
1378 1012 1014
1012 618 1014
1014 618 622
16066 618 16064
16066 622 618
16065 8564 15685
16065 8570 8564
16063 8564 8570
15683 8564 16063
2332 15684 2229
1994 1998 2332
1994 2332 2229
1370 1366 1002
1998 1994 1686
1686 1994 1578
1994 16062 1578
1230 1686 1578
1230 1376 1686
844 1376 1230
844 1012 1376
464 1012 844
464 618 1012
464 16064 618
16063 16061 15681
16063 15681 15683
15682 1990 1994
15680 1990 15682
2232 16052 15672
8568 8202 8682
8202 15673 8682
8202 8206 7840
8202 7840 7836
16051 7836 7840
15671 7836 16051
15670 7194 7054
6674 7194 6800
7054 7194 6674
6320 6800 6430
6674 6800 6320
6320 6430 15669
2232 15668 16050
2226 15668 2232
2232 15672 2226
8206 8202 8568
16051 16049 15671
15671 16049 7436
16049 7576 7436
7576 7188 7194
7576 7194 15670
7436 7576 15670
7188 6796 7194
7194 6796 6800
6796 6428 6800
6800 6428 6430
15667 6430 6428
15669 6430 15667
16048 16050 15666
15666 16050 15668
16055 16053 15675
1002 1366 842
1366 16056 842
842 16058 1002
16057 16055 15675
16057 15675 15677
15676 2308 2312
15674 2308 15676
2308 1982 2312
2312 1982 1986
1982 1672 1986
1986 1672 1678
1672 1362 1678
1678 1362 1366
16056 1362 16054
16056 1366 1362
6682 7130 7060
15675 16053 8562
16053 8682 8562
8562 8682 15673
2308 15674 2227
1904 1982 16052
15672 16052 2227
16052 1982 2227
1982 2308 2227
1576 1982 1904
1576 1672 1982
1228 1672 1576
1228 1362 1672
1228 16054 1362
16053 8568 8682
332 1580 1976
335 9050 8937
16055 16057 337
16055 337 8937
9050 16055 8937
16056 990 996
16054 990 16056
336 990 334
336 996 990
333 9050 335
333 9046 9050
16053 9050 9046
16055 9050 16053
16052 1976 1904
1580 1576 1904
1580 1904 1976
466 338 604
1576 1580 1234
1576 1234 1228
1234 848 1228
1228 848 16054
848 990 16054
848 334 990
333 8936 9046
8674 8568 16053
331 8674 16053
9046 331 16053
8936 331 9046
8206 8674 8318
8568 8674 8206
7840 8318 7958
8206 8318 7840
1682 1577 1372
16060 1682 16062
1682 1372 1684
1684 1372 1374
1372 1006 1374
1374 1006 1010
1010 1006 614
614 1006 468
1006 340 468
468 342 614
339 16059 341
341 16059 8704
16059 8569 8704
8704 8569 16061
1682 16060 1577
1372 1577 1229
7840 7958 16051
1006 1229 843
1372 1229 1006
604 467 16058
467 340 16058
340 843 16058
340 1006 843
467 604 338
339 337 16057
339 16057 16059
16056 996 842
16058 842 604
842 996 604
996 466 604
996 336 466
7057 16042 6780
326 2593 2643
327 6686 6790
6426 6790 6424
6424 6790 325
6790 6686 325
16045 6426 6424
16047 6426 16045
324 326 16044
16044 326 16046
16043 7445 323
16043 7439 7445
7445 7439 7063
7063 7439 7057
7063 7057 6685
6685 7057 6780
16048 326 2643
6422 6424 6780
6780 6424 6685
6424 325 6685
16041 6424 6422
16045 6424 16041
16040 2632 2590
324 16044 322
322 16044 2632
16044 2590 2632
16039 7843 321
16039 7839 7843
16043 7843 7839
323 7843 16043
6780 16042 6679
6418 6422 6780
16050 16048 330
2234 16050 330
2232 16050 2234
2234 1906 2232
2232 1906 16052
1906 1976 16052
1906 332 1976
331 8574 8674
8210 8674 8574
8210 8318 8674
7844 8318 8210
7844 7958 8318
329 16049 16051
329 16051 7958
7844 329 7958
2643 328 2594
16062 1682 1684
330 16048 2594
16048 2643 2594
329 7440 16049
329 7446 7440
7440 7446 7064
7440 7064 7058
6680 7058 7064
6680 7064 327
6790 6680 327
6324 6790 6426
6680 6790 6324
6324 6426 16047
2593 328 2643
16046 326 16048
13690 13692 13312
10714 11086 355
10898 10714 355
10714 10898 16071
16074 240 244
16070 240 16074
240 15962 244
244 15962 15966
15966 15962 15578
15578 15962 15362
15962 354 15362
15362 358 15578
357 14066 14230
13692 13690 14066
14066 13690 14230
13690 16073 14230
10714 11084 11086
13690 13312 13310
13310 13312 12928
13310 12928 12926
12926 12928 12560
12926 12560 12558
12560 12204 12558
12558 12204 16072
12204 12370 16072
11838 12370 12204
11838 12014 12370
11838 356 12014
355 10716 10898
10526 10352 16071
353 10526 16071
10898 353 16071
10786 10788 11162
90 244 15792
15966 15578 15582
15966 15582 16076
15792 15966 16076
263 12561 12559
356 11464 12014
260 10784 10786
647 9283 261
15582 15578 15134
10414 10353 257
16076 15582 15358
14912 15582 15134
16074 244 90
649 12561 263
11162 262 11085
10716 353 10898
10786 11162 11085
260 10786 11085
648 10786 646
648 10788 10786
645 10042 9989
9672 9989 10042
9672 9623 9989
9283 9623 9281
9281 9623 259
9623 9672 259
261 9283 9281
14474 15134 14664
11462 11464 11086
11462 11086 11084
1230 1684 1374
9622 9788 10170
9622 348 9788
347 8938 9080
345 16065 16067
345 16067 9080
8938 345 9080
16066 228 232
16064 228 16066
346 228 344
346 232 228
345 343 16065
16065 343 8570
343 8710 8570
8570 8710 16063
16062 1684 1578
9622 10170 9988
1578 1684 1230
844 1374 1010
1230 1374 844
464 1010 614
844 1010 464
16064 464 228
464 614 228
614 92 228
614 342 92
92 344 228
341 8710 343
341 8704 8710
16061 8710 8704
16063 8710 16061
9986 10170 9620
10352 10526 16069
16070 236 240
16068 236 16070
240 236 15962
15962 236 15794
236 352 15794
15794 354 15962
351 14652 14477
14477 14652 350
353 10354 10526
10170 9986 16069
349 10170 16069
10526 349 16069
10354 349 10526
9620 10170 9788
6418 6780 6679
9282 9280 9620
9282 9620 9788
348 9282 9788
8934 9280 9282
8934 9282 347
9080 8934 347
8934 9080 16067
16068 232 236
16066 232 16068
352 232 346
352 236 232
351 14476 14652
14476 350 14652
349 9988 10170
5659 5987 16007
931 16012 16010
295 293 16009
295 16009 16011
1231 294 1297
1297 845 1231
921 845 1297
461 535 16010
535 292 16010
292 921 16010
292 845 921
535 461 16008
291 6382 6327
6040 6327 6382
6040 5987 6327
5661 5987 5659
931 16010 921
5987 6040 16007
5659 5327 5661
5661 5327 290
5327 5377 290
5377 5027 5063
5377 5327 5027
4779 4781 5027
5027 4781 5063
4781 289 5063
16009 4781 4779
293 4781 16009
465 292 535
16006 288 16008
16008 288 535
288 465 535
299 16013 16015
4548 4584 4822
301 16017 16019
301 16019 4584
4548 301 4584
300 302 16018
300 16018 463
553 300 463
553 463 16016
301 299 16015
301 16015 16017
16014 298 300
16014 300 553
462 16014 553
462 553 16016
299 297 16013
287 16005 291
1303 296 1232
1232 931 1303
846 931 1232
16014 16012 298
298 16012 846
16012 931 846
16011 4547 295
16011 4545 4547
16013 4547 4545
297 4547 16013
1303 294 296
1297 294 1303
921 1297 1303
921 1303 931
7514 7442 279
284 15002 282
284 15008 15002
281 7514 7443
7134 7138 7514
7514 7138 7443
7138 283 7443
15999 7138 7134
16001 7138 15999
15002 16000 14911
280 282 15998
15998 282 14911
282 15002 14911
281 7442 7514
7134 7514 7130
7130 7514 279
16000 15002 16002
7134 7130 6736
7134 6736 6676
15999 7134 6676
6322 6736 6362
6676 6736 6322
5982 6362 6022
6322 6362 5982
5658 6022 5696
5982 6022 5658
5326 5696 5366
5658 5696 5326
5326 5366 15997
278 280 15996
15996 280 15998
279 7060 7130
15357 286 15361
291 16005 6382
16005 6323 6382
6040 6323 5983
6382 6323 6040
6040 5983 16007
5329 290 5377
5377 5029 5329
5063 5029 5377
289 5029 5063
89 288 16006
91 288 89
91 89 15793
15793 89 15791
15793 15791 15361
15361 15791 15357
4548 4822 4782
15357 16004 286
16003 6683 285
16003 6677 6683
16005 6683 6677
287 6683 16005
286 16004 16002
286 16002 15008
14915 286 15008
14915 15008 284
283 7138 7061
16001 16003 285
16001 285 7061
7138 16001 7061
16002 15002 15008
5028 5330 313
2960 2624 2964
2964 2624 2628
320 2624 316
320 2628 2624
16031 16035 315
315 16035 8573
16035 8657 8573
319 8573 8657
6771 314 6684
16034 16030 318
318 16030 6684
16030 6771 6684
317 5328 16033
317 5330 5328
5028 5328 5330
3244 3258 16036
5084 5028 313
5028 5084 16029
3258 16032 3243
2956 2960 3258
2956 3258 3243
16028 2956 3243
2960 2956 2624
2624 2956 2592
2956 312 2592
2592 316 2624
16031 315 16027
16027 315 8647
315 8572 8647
8647 8572 311
16026 7542 7438
16039 8209 8205
16038 6418 6679
6422 6418 6076
6422 6076 5984
16041 6422 5984
5984 6076 16037
16036 2964 2926
2964 2628 2632
2964 2632 16040
2926 2964 16040
322 2628 320
322 2632 2628
8657 16035 8567
8205 8209 8567
8567 8209 8657
8209 319 8657
7438 7542 16025
321 8209 16039
16038 16034 318
16038 318 6328
6418 16038 6328
5988 6418 6328
5988 6076 6418
5662 5660 5988
5988 5660 6076
5660 16037 6076
317 5660 5662
16033 5660 317
16032 3258 3244
3258 2960 2964
3258 2964 16036
2591 2589 2233
308 16020 2944
2927 308 2944
2927 2944 306
305 1952 1905
1905 1952 304
307 303 16021
16021 303 4780
303 4822 4780
4546 4822 4584
4780 4822 4546
4546 4584 16019
2944 16020 2925
2925 2589 2591
2925 2591 306
2944 2925 306
308 16022 16020
2233 2589 2231
2233 2231 1903
2233 1903 1952
305 2233 1952
1903 1575 1579
1903 1579 304
1952 1903 304
1579 1575 1233
1233 1575 1227
1233 1227 847
847 1227 841
841 302 847
841 16018 302
303 4782 4822
8204 8566 8208
310 7062 7165
314 6771 6678
7062 314 6678
16024 7062 6678
7165 7062 16024
6678 6771 16030
313 5030 5084
309 16023 16029
309 16029 5084
5030 309 5084
16028 16022 308
16028 308 2928
2956 16028 2928
2928 312 2956
16027 8647 8566
16023 15639 5026
8208 8566 311
8566 8647 311
8204 8208 7842
8204 7842 7838
7842 7444 7838
7838 7444 16026
7444 7542 16026
7056 7444 310
7056 310 7165
7444 7056 7542
7056 16025 7542
7056 7165 16024
309 307 16021
309 16021 16023
1322 1573 1636
4778 5024 15639
5024 5077 15639
4776 4778 4544
4776 4544 4542
15637 4542 4544
15189 4542 15637
2923 15638 2943
2579 2585 2923
2579 2923 2943
15192 2579 2943
2579 15636 2585
2579 15188 15636
15635 1950 1901
1636 1901 1950
1636 1573 1901
4776 5024 4778
1322 1225 1573
948 1225 1322
948 839 1225
839 948 15634
15191 6057 5974
5974 6057 15190
15637 4366 15189
15637 4368 4366
15633 4366 4368
15187 4366 15633
2221 15636 15188
2225 15636 2221
2225 2221 1899
2225 1899 1950
15635 2225 1950
2943 15638 2917
7052 6668 7164
6668 15195 7164
6409 6407 6769
6769 6407 6668
6407 15193 6668
6407 6409 6063
6407 6063 5979
15641 6407 5979
15643 5979 6063
5391 15640 5324
5324 5077 5391
5026 5077 5324
5077 5026 15639
15638 15642 15194
15638 15194 2917
1636 1899 1571
2943 2917 15192
15193 6407 6314
5978 6057 15191
15641 5978 15191
6314 15641 15191
6407 15641 6314
5978 5654 5650
5978 5650 15190
6057 5978 15190
5650 5654 5320
5320 5654 5391
5654 15640 5391
5320 5077 5024
5320 5391 5077
457 15624 524
454 545 15182
15179 4777 15625
15179 4775 4777
4777 4775 4543
4543 4775 4541
15181 4543 4541
15627 4543 15181
15624 15626 15178
15178 15626 15180
15177 5025 15623
15177 5023 5025
15179 5025 5023
15625 5025 15179
15624 15178 15176
15624 15176 524
454 15180 545
457 524 15622
15175 5977 15621
15175 5973 5977
5977 5973 5653
5653 5973 5649
5653 5649 5323
5323 5649 5319
15177 5323 5319
15623 5323 15177
524 15176 453
15620 15622 15174
15174 15622 453
15622 524 453
15173 6319 15619
15173 6313 6319
15186 15630 458
1950 1899 1636
1322 1571 1223
1636 1571 1322
948 1223 837
1322 1223 948
552 459 15186
459 15634 15186
15634 837 15186
15634 948 837
459 552 15632
4389 15185 4365
15187 15633 15631
15187 15631 4389
4365 15187 4389
15186 15184 15630
6668 15644 6769
552 15186 458
458 15632 552
15183 15185 15629
15629 15185 4367
15185 4389 4367
15631 4367 4389
15628 15630 15184
15628 15184 455
545 15628 455
545 455 15182
15629 15627 15181
15629 15181 15183
15180 15626 15628
15180 15628 545
7053 6669 15658
3238 3268 2918
15206 2918 2634
2918 2970 2634
2970 2586 2634
2970 15660 2586
2586 15662 2634
8303 15203 8197
7831 7835 8197
8197 7835 8303
7835 15659 8303
7835 7831 7435
7435 7831 7431
7435 7431 7053
7053 7431 7049
7049 6669 7053
2918 3268 2970
6669 6775 15658
6417 6775 6421
6421 6775 15205
6775 6669 15205
6417 15661 15657
6421 15661 6417
15204 3264 3268
15202 3264 15204
3268 3264 2970
2970 3264 2924
3264 15656 2924
2924 15660 2970
15201 8561 15655
15201 8557 8561
8201 8561 8557
15208 15664 15666
2302 15214 2223
15212 15672 2302
15212 2302 2223
15672 15212 2226
15212 2295 2226
15671 7436 7582
7436 15670 7582
15669 15667 15211
15669 15211 15213
2295 15666 15668
2291 15666 2295
2295 15210 2291
2295 15212 15210
15667 15665 15209
15667 15209 15211
8201 8557 15203
15208 15666 2291
2222 15208 2291
2222 2291 15210
15665 15663 15207
15665 15207 15209
15206 2634 2580
15664 15208 15662
15662 15208 2634
15208 2580 2634
6421 15205 6315
15207 15663 15661
15207 15661 6421
6315 15207 6421
15204 3268 3238
15643 6063 5655
7434 7430 7830
7434 7830 7926
15646 7434 7926
7048 7430 7434
7048 7434 15645
7164 7048 15645
7048 7164 15195
15644 6672 6769
6411 6409 6769
6411 6769 6672
15650 6411 6672
6063 6409 6411
6063 6411 6067
6063 6067 5739
6063 5739 5655
15196 7926 7830
15649 5655 5739
3241 15648 3249
15194 15642 15198
15198 15642 3249
15642 3241 3249
15647 8556 15197
15647 8560 8556
8556 8560 8200
8556 8200 8196
8200 7834 8196
8196 7834 15196
7834 7926 15196
7834 15646 7926
15645 7052 7164
6668 7052 15644
15655 15199 15201
8303 8201 15203
15659 8201 8303
6673 15658 6775
6775 6417 6413
6775 6413 15654
6673 6775 15654
6071 6413 6417
6071 6417 15657
5980 6071 15657
6071 5980 15653
15202 15200 15652
15202 15652 3242
3264 15202 3242
3242 15656 3264
15655 15651 15199
15175 6319 6313
6413 15650 15654
6411 15650 6413
6067 6411 6413
6067 6413 6071
5739 6067 6071
5739 6071 15653
5656 5739 15653
5739 5656 15649
15648 15652 15200
15648 15200 3237
3249 15648 3237
3249 3237 15198
15651 15647 15197
15651 15197 15199
10412 10347 10038
10412 10711 10782
10412 10349 10711
10038 10349 10412
10038 9983 10349
9617 9983 9615
9615 9983 15145
9983 10038 15145
9275 9617 9615
9275 9615 15147
9315 9275 15147
15591 9275 9315
10782 15146 10709
10412 10709 10347
10782 10709 10412
10038 10347 9981
15592 11158 11079
10038 9981 15145
14780 15976 15786
15786 15976 14779
14778 252 84
252 15974 15976
252 15976 14780
84 252 14780
15976 15974 15590
15976 15590 15348
14779 15976 15348
15348 15590 14777
14776 13110 12920
12920 13110 14775
14774 640 452
14778 452 252
11831 11457 11459
15153 9277 9273
15599 9277 15153
14471 15598 14527
15597 14471 14527
12197 15596 15152
12199 15596 12197
12199 12197 11833
11833 12197 11902
12197 15150 11902
11833 11902 15594
15595 9272 15151
15595 9276 9272
15593 9272 9276
15149 9272 15593
11902 15150 11831
452 640 252
11831 11459 15594
11902 11831 15594
11459 11457 11081
11081 11457 11158
11457 15148 11158
11081 11158 15592
9315 15147 9271
15149 15593 15591
15149 15591 9315
9271 15149 9315
11158 15148 11079
10782 10711 15146
10711 15592 15146
15592 11079 15146
11830 12198 15239
14768 14234 14058
14772 14058 13856
14058 14234 13856
14234 13686 13856
14234 15240 13686
13306 13856 13686
13306 13478 13856
12922 13478 13306
12922 13102 13478
12554 13102 12922
12554 12722 13102
12198 12196 12554
12554 12196 12722
12196 14771 12722
11830 12196 12198
15350 15241 15586
12018 11830 15239
11830 12018 14767
14770 1026 1030
14766 1026 14770
15242 1026 15238
15242 1030 1026
15241 14900 14769
15241 14904 14900
14900 14904 14470
14900 14470 14468
14470 14060 14468
14468 14060 14768
14060 14234 14768
14060 15240 14234
15239 11832 12018
13110 13102 12722
640 86 252
640 15244 86
15974 252 15972
15972 252 15243
252 86 15243
15972 15586 15974
15974 15586 15590
14773 15590 15586
14777 15590 14773
14772 13856 13684
13304 13856 13478
13684 13856 13304
13478 13102 13110
13478 13110 14776
13304 13478 14776
15151 9273 9277
13110 12722 12552
14775 13110 12552
12552 12722 14771
14770 1030 836
14774 836 640
836 1030 640
1030 456 640
1030 15242 456
456 15244 640
15243 15788 15972
15350 15972 15788
15350 15586 15972
15241 14769 14773
15241 14773 15586
15164 14987 14906
5972 5976 5648
5648 5976 5699
5976 15614 5699
5318 5648 5322
5322 5648 15613
5648 5699 15613
15611 5318 5322
15167 5318 15611
15610 15612 15166
15166 15612 15168
15611 15609 15165
15611 15165 15167
14987 15608 14906
15166 15164 15610
15610 15164 14906
15615 5976 5972
15609 15607 15163
15609 15163 15165
15429 15606 15352
15608 14987 14902
15352 15608 14902
15162 15352 14902
15429 15352 15162
14902 14987 15164
15161 5321 15605
15161 5317 5321
15163 5321 5317
15607 5321 15163
15429 15604 15606
15427 15604 15429
15429 15160 15427
15618 15442 15616
15621 6319 15175
85 15620 15174
87 15620 85
87 85 15789
15789 85 15860
85 15172 15860
15450 15789 15860
15450 15353 15789
15353 15450 15618
15619 15617 15171
15619 15171 15173
15860 15172 15787
15442 15450 15860
15442 15860 15787
15170 15442 15787
15429 15162 15160
15618 15450 15442
15617 6312 15171
15617 6318 6312
15615 6312 6318
15169 6312 15615
5699 15614 5652
5699 5652 15613
15442 15170 15349
15349 14903 14907
15349 14907 15616
15442 15349 15616
14903 15612 14907
14903 15168 15612
15615 5972 15169
14469 14061 14527
7047 7051 7433
7047 7433 7497
15158 7047 7497
7051 7047 6671
6671 7047 6667
15157 6671 6667
15601 6671 15157
15351 15600 15425
14901 14905 15351
14901 15351 15425
15156 14901 15425
14901 14469 14905
14905 14469 15598
14469 14527 15598
14059 14061 14469
7433 15602 7497
14061 15597 14527
14061 14059 13687
13687 14059 13685
13307 13687 13685
13307 13685 15155
13367 13307 15155
13367 12923 13307
12989 12923 13367
12553 12555 12923
12553 12923 12989
15154 12553 12989
12553 15596 12555
12553 15152 15596
15151 9277 15595
15605 5651 15161
15159 8199 15603
15159 8195 8199
8199 8195 7833
7833 8195 7829
7829 7429 7833
7833 7429 15602
7429 7497 15602
7497 7429 15158
15157 6317 15601
15157 6311 6317
6317 6311 5975
5975 6311 5971
5975 5971 5651
5651 5971 5647
15161 5651 5647
15668 2226 2295
15427 15600 15604
15425 15600 15427
15427 15156 15425
15427 15160 15156
13367 15155 13305
13367 12921 12989
13367 13305 12921
12989 12921 15154
15153 8931 15599
15153 8929 8931
8931 8929 8559
8559 8929 8555
15159 8559 8555
15603 8559 15159
15990 15992 15604
14910 15996 15610
15993 5358 5325
15607 15609 15995
15607 15995 5325
5358 15607 5325
15356 15606 15992
15352 15606 15356
15356 15608 15352
15356 15994 15608
15991 5690 5657
5358 15993 5321
15993 5657 5321
5657 15605 5321
5657 5690 15605
5358 5321 15607
14910 15610 14906
15604 15992 15606
8247 15603 8199
7833 7837 8199
8199 7837 8247
7837 15989 8247
7837 7833 7437
7437 7833 7498
7833 15602 7498
7118 7437 7498
7118 7055 7437
6724 7055 7118
6724 6675 7055
6317 6675 6724
6317 6724 15601
6675 6317 15988
5976 15615 6364
6742 6738 6364
6742 6364 6318
15617 6742 6318
6318 6364 15615
15614 5700 5652
5652 5700 15613
14907 16000 15616
14911 16000 14907
14907 15998 14911
14907 15612 15998
15999 6676 6738
6322 6738 6676
6322 6364 6738
5982 5976 6322
6322 5976 6364
6317 6353 15988
5982 5658 5976
5976 5658 15614
5658 5700 15614
5326 5322 5658
5658 5322 5700
5322 15613 5700
15997 5322 5326
15611 5322 15997
15996 15998 15610
15610 15998 15612
15997 15995 15609
15997 15609 15611
14910 15608 15994
14906 15608 14910
12201 12555 12264
14905 15598 14528
14063 14473 14061
14061 14473 15597
14473 14528 15597
14061 13687 14063
14063 13687 15984
13687 13741 15984
13741 13307 13365
13741 13687 13307
12923 12925 13307
13307 12925 13365
12925 15983 13365
12925 12923 12557
12557 12923 12555
12557 12555 12201
14473 14905 14528
12555 15596 12264
12201 12264 15982
9319 15595 9277
15599 15985 15981
15599 15981 9319
9277 15599 9319
14528 15598 14471
14528 14471 15597
13689 15984 13741
13741 13309 13689
13365 13309 13741
15983 13309 13365
12264 15596 12199
12199 11833 11835
12199 11835 15982
8247 8203 15603
5975 5981 6317
6317 5981 6353
5981 15987 6353
5981 5975 5651
5981 5651 5690
15991 5981 5690
5690 5651 15605
15986 15990 15600
15600 15990 15604
15599 8933 15985
15599 8931 8933
8933 8931 8565
8565 8931 8559
8203 8565 8559
8203 8559 15603
15999 6738 6742
15989 8203 8247
7498 15602 7433
7118 7433 7051
7498 7433 7118
6724 7051 6671
7118 7051 6724
6321 15988 6353
6724 6671 15601
15987 6321 6353
15351 15986 15600
15355 15986 15351
15355 15351 14909
14909 15351 14905
14909 14905 14473
458 15630 462
16019 16017 15637
15637 16017 4368
16017 4394 4368
4368 4394 15633
2260 15636 2225
2260 2225 15635
459 16018 15634
463 16018 459
459 16016 463
459 15632 16016
16015 4394 16017
16015 4390 4394
15631 4394 4390
15633 4394 15631
462 15630 16014
839 15634 16018
462 15632 458
462 16016 15632
16013 15629 16015
16015 15629 4390
15629 4367 4390
4390 4367 15631
16012 16014 15628
15628 16014 15630
16011 4574 4545
15627 15629 16013
15627 16013 4545
4574 15627 4545
16010 16012 15626
15626 16012 15628
4811 15625 4777
2925 2923 2589
5081 16023 5026
16020 16022 15638
15638 16022 15642
15641 6061 5978
5978 5733 5654
5978 6061 5733
5654 5733 15640
16021 4778 15639
16021 4780 4778
4778 4780 4546
4778 4546 4544
16019 4544 4546
15637 4544 16019
2923 16020 15638
2925 16020 2923
16009 4811 4777
2589 2923 2585
2589 2585 2231
2231 2585 2260
2585 15636 2260
1903 2231 1901
1901 2231 15635
2231 2260 15635
1903 1901 1575
1575 1901 1573
1575 1573 1227
1227 1573 1225
1227 1225 841
841 1225 839
839 16018 841
148 15620 87
5376 5323 15623
16006 15622 15620
16006 15620 148
89 16006 148
15864 89 148
15864 15791 89
15456 15791 15864
15456 15357 15791
15357 15456 16004
16003 6746 6677
6378 16005 6319
16005 6677 6319
6677 15619 6319
6677 6746 15619
6378 6319 15621
5714 5653 5376
15864 87 15789
148 87 15864
15456 15789 15353
15864 15789 15456
16002 16004 15618
15618 16004 15353
16004 15456 15353
16001 6746 16003
16001 6742 6746
15617 6746 6742
15619 6746 15617
16000 16002 15616
15616 16002 15618
15999 6742 16001
4779 5025 15625
4777 4543 4574
16009 4777 4574
16011 16009 4574
4574 4543 15627
16010 15626 15624
16010 15624 534
461 16010 534
461 534 16008
16007 5714 5659
5376 5659 5714
5376 5327 5659
5027 5327 5025
5025 5327 15623
5327 5376 15623
4779 5027 5025
12264 12199 15982
4811 4779 15625
16009 4779 4811
534 15624 457
16006 16008 15622
15622 16008 457
16008 534 457
16005 6378 6323
5983 6323 5977
5977 6323 15621
6323 6378 15621
5983 5977 5653
5983 5653 5714
16007 5983 5714
5376 5653 5323
2682 2921 2583
3016 2682 3020
3020 2682 2688
15686 2682 15684
15686 2688 2682
15231 9073 8930
8564 8709 15229
15685 8564 15229
8930 15685 15229
9073 15685 8930
8709 8564 15683
15228 3574 3522
3574 15227 3522
3239 3318 15230
3016 3239 2921
3318 3239 3016
3320 3016 3020
3016 2921 2682
2326 2229 15226
2229 15684 15226
15684 2583 15226
15684 2682 2583
2229 2326 15682
8703 15229 8709
8703 15225 15229
8703 15683 15681
8709 15683 8703
15228 3572 3574
15224 3572 15228
15223 3574 3572
15227 3574 15223
15222 3002 2920
15689 9982 15233
10525 15691 10348
9411 15688 9278
9411 9278 15687
15232 3320 3240
2922 3320 3020
3240 3320 2922
2584 3020 2688
2922 3020 2584
2230 2224 2584
2230 2584 2688
15686 2230 2688
2224 2230 1902
2224 1902 1900
1902 15234 1900
1902 15690 15234
2582 3002 2670
15689 9984 9982
9982 9984 9618
9982 9618 9616
9616 9618 9274
9274 9618 9411
9618 15688 9411
8932 9073 15231
15687 8932 15231
9274 15687 15231
9411 15687 9274
9073 8932 15685
15232 3318 3320
15230 3318 15232
3318 3016 3320
15673 8198 15215
2654 2658 2990
2654 2990 2919
15216 2654 2919
15676 2654 15674
15676 2658 2654
15675 8558 15217
15675 8562 8558
15673 8558 8562
15215 8558 15673
2654 15216 2581
2302 2227 15214
2227 15674 15214
15674 2581 15214
15674 2654 2581
2227 2302 15672
2990 15218 2919
15673 8202 8198
8198 8202 7836
8198 7836 7832
7432 7832 7836
7432 7836 15671
7582 7432 15671
7054 7050 7432
7054 7432 7582
15670 7054 7582
7050 7054 6674
7050 6674 6670
6670 6674 6320
6670 6320 6316
15669 6316 6320
15213 6316 15669
2670 2996 2588
2920 3002 2582
2670 2322 2326
2670 2326 15226
2582 2670 15226
15682 2322 15680
15682 2326 2322
15221 15225 15679
15679 15225 8563
15225 8703 8563
15681 8563 8703
3572 15224 3521
3572 3521 15223
15222 2996 3002
15220 2996 15222
3002 2996 2670
15691 15233 10348
2996 15678 2588
2228 2670 2588
2228 2322 2670
2228 15680 2322
15679 15677 15219
15679 15219 15221
15220 2990 2996
15218 2990 15220
2990 2658 2996
2996 2658 15678
2658 2587 15678
2587 2658 15676
15677 15675 15217
15677 15217 15219
14472 14663 14908
86 250 15243
15242 638 456
638 248 250
638 250 15244
456 638 15244
250 248 15968
250 15968 15788
15243 250 15788
15354 15350 15788
15354 15788 15968
15700 15354 15968
15350 15354 14908
15350 14908 15133
15241 15350 15133
14908 14663 15133
15244 250 86
14663 14472 15699
15240 13852 13686
13306 13852 13474
13686 13852 13306
12922 13474 13098
13306 13474 12922
12554 13098 12718
12922 13098 12554
12198 12718 12372
12554 12718 12198
12198 12372 15239
11287 15698 11082
11287 11082 15697
15242 634 638
15238 634 15242
15591 15593 15979
11835 11833 11461
11461 11833 11538
11833 15594 11538
11461 11538 15980
15595 9319 9276
15981 15979 15593
15981 15593 9276
9319 15981 9276
11538 15594 11459
11459 11081 11083
11459 11083 15980
11538 11459 15980
11081 15978 11083
11081 15592 15978
15977 9316 9279
638 634 248
15591 15979 9279
9316 15591 9279
10711 15978 15592
10713 15978 10711
10713 10711 10351
10351 10711 10349
10351 10349 9985
9985 10349 9983
9985 9983 9619
9619 9983 9617
9619 9617 9275
9619 9275 9316
15977 9619 9316
9316 9275 15591
15235 15693 10525
11460 15698 11287
10710 11080 10712
10712 11080 15697
11080 11287 15697
15693 10710 10712
15237 10710 15693
15236 1022 838
1022 630 634
1022 634 15238
838 1022 15238
15696 630 15692
15696 634 630
15695 12924 13094
12924 15694 13094
15237 15693 15235
11080 11460 11287
15693 10350 10525
10525 10350 15691
1574 15234 15690
1572 15234 1574
1572 1574 1226
1572 1226 1224
1226 840 1224
1224 840 15236
840 1022 15236
460 1022 840
460 630 1022
460 15692 630
15235 10525 10348
15691 15689 15233
13308 13474 13852
248 634 88
634 15696 88
15790 248 88
15790 15968 248
15790 15700 15968
15241 15133 14904
14904 14663 14470
14904 15133 14663
14060 14470 14062
14062 14470 15699
14470 14663 15699
14062 13688 14060
14060 13688 15240
13688 13852 15240
13308 13852 13688
13922 13924 13552
13098 13474 13094
13094 13474 15695
13474 13308 15695
13098 13094 12718
12718 13094 12556
13094 15694 12556
12200 12718 12556
12200 12372 12718
11834 11832 12200
12200 11832 12372
11832 15239 12372
11832 11834 11460
11832 11460 11458
11458 11460 11080
12125 60 251
12385 11751 12536
12385 12127 12123
12389 12127 12385
11756 2022 2024
11750 2022 11756
2024 2022 1716
1716 2022 1550
2022 12122 1550
1208 1206 1550
1550 1206 1716
1206 11755 1716
1208 11754 1206
1208 12126 11754
11753 12125 11749
11749 12125 251
12737 12385 12536
251 60 12121
14454 11748 12120
14452 11748 14454
14454 14044 14452
14452 14044 11752
14044 14240 11752
14044 12124 14240
11751 12385 12180
12123 12119 11747
12123 11747 12180
12385 12123 12180
11750 2018 2022
11746 2018 11750
12122 2018 12118
12122 2022 2018
1546 1716 11755
13666 12130 13288
11758 13666 13288
13867 13666 11758
12904 13288 12906
12906 13288 12129
13288 13489 12129
12904 12906 12538
12904 12538 12737
11757 12904 12737
12538 12389 12737
12182 12389 12538
12389 12182 12127
11756 2024 1878
1546 2024 1716
1878 2024 1546
11749 251 58
820 11754 12126
818 11754 820
818 820 432
818 432 430
12125 430 432
11753 430 12125
11752 14240 14042
14240 12124 14042
13662 14042 13867
14042 12124 13867
12124 12128 13867
13662 13867 11758
11757 12737 12536
12389 12385 12737
1549 1690 12108
1877 12112 11742
1881 12112 1877
1877 12110 1881
1877 11740 12110
12111 11062 11741
12111 11064 11062
11062 11064 10692
11062 10692 10690
10326 10690 10692
10326 10692 12109
10522 10326 12109
10326 10522 11739
12110 11740 11738
12110 11738 1690
1549 12110 1690
11741 11440 12111
12109 10330 10522
12107 11737 11739
12107 11739 10522
10330 12107 10522
11736 2000 1876
11738 1876 1690
1876 2000 1690
2000 1548 1690
2000 12106 1548
1548 12108 1690
12107 12105 11735
12107 11735 11737
11736 1996 2000
11734 1996 11736
12106 1996 12104
2018 11746 1882
12121 58 251
12121 12117 15970
58 12121 15970
15770 58 15970
15332 15970 15584
15770 15970 15332
14886 14884 15332
14886 15332 15584
12116 14886 15584
14886 11748 14884
14886 12120 11748
12119 12115 11745
12119 11745 11747
11746 11744 12114
11746 12114 1882
12130 13489 13288
1882 12118 2018
12117 15772 15970
15334 15970 15772
15334 15584 15970
15334 12116 15584
12115 11812 11745
12115 11814 11812
12113 11812 11814
11743 11812 12113
12112 12114 11742
11742 12114 11744
12113 11440 11743
12113 11442 11440
12111 11440 11442
61 59 15773
15013 14455 14887
14559 14455 15013
14559 14045 14455
14147 14045 14559
13665 13669 14045
13665 14045 14147
12052 13665 14147
13665 12400 13669
13665 12048 12400
12047 7811 12399
12047 7807 7811
12051 7811 7807
12403 7811 12051
59 12402 12050
61 12402 59
12053 15013 14887
15773 59 15771
15773 15771 15335
15335 15771 15333
12049 15335 15333
12401 15335 12049
12398 12400 12046
12046 12400 12048
8991 12045 8913
8991 8539 8619
8991 8913 8539
8177 8179 8539
8539 8179 8619
8179 12397 8619
12047 8179 8177
12399 8179 12047
15013 14453 14559
12055 12409 7813
7904 12055 7813
5951 12408 6039
6039 5625 5951
5713 5625 6039
5713 5295 5625
5375 5295 5713
12407 5295 5375
1286 12056 1207
1207 819 821
1207 821 12406
1286 1207 12406
819 12404 821
819 12054 12404
15013 12053 14885
13668 12044 12396
15013 14885 14453
14559 14043 14147
14559 14453 14043
14147 14043 12052
12405 7812 7904
12403 12051 12055
12403 12055 7904
7812 12403 7904
431 12404 12054
433 12404 431
431 12402 433
431 12050 12402
12049 12053 12401
12401 12053 14887
10693 11063 10691
13667 12394 13753
13289 13291 13667
13289 13667 13753
12040 13289 13753
13289 12905 13291
13291 12905 12392
12905 12997 12392
12997 12905 12038
12037 11815 12391
12037 11813 11815
11815 11813 11443
11443 11813 11441
11443 11441 11065
11065 11441 11063
11065 11063 10693
12395 8915 8989
10331 10693 10691
10331 10691 12039
10433 10331 12039
12393 10331 10433
12907 12392 12997
12537 12539 12907
12537 12907 12997
12038 12537 12997
12539 12537 12183
12183 12537 12181
12037 12183 12181
12391 12183 12037
13489 12130 13290
13489 13290 12129
13867 12128 13666
13753 12394 13663
13664 12044 13668
13668 12046 13664
13668 12398 12046
10055 12043 9965
10055 9965 12042
9331 12041 9255
8989 9331 8991
8991 9331 12045
9331 9255 12045
8989 8991 8619
8989 8619 8541
12395 8989 8541
12397 8541 8619
12394 12396 12044
12394 12044 13663
12106 2000 1996
13753 13663 12040
10433 12039 10327
10327 12043 10055
10433 10327 10055
9967 10433 10055
12393 10433 9967
9597 9599 9967
9597 9967 10055
12042 9597 10055
9257 9599 9597
9257 9597 12041
9331 9257 12041
9331 8915 9257
8989 8915 9331
12074 3211 2949
12076 3248 12074
12076 3254 3248
11701 9021 8910
8649 8645 9021
9021 8645 8910
8645 11699 8910
8287 8645 8649
8287 8649 8291
7925 8287 8291
7925 8291 7929
7925 12075 12073
7929 12075 7925
3248 11700 3211
3211 12074 3248
12072 12074 2949
11700 3248 11702
3211 2897 2949
2949 2897 11698
11699 8645 8536
8536 8287 8174
8536 8645 8287
8174 7925 7804
8174 8287 7925
7396 7804 7400
7400 7804 12073
7804 7925 12073
12071 7396 7400
11697 7396 12071
2949 12070 12072
2941 12070 2949
2941 2949 2617
11702 3254 3212
11707 12081 12079
11707 12079 8301
8175 11707 8301
12078 12080 11704
11704 12080 11706
9027 11703 8911
9027 8537 8655
9027 8911 8537
8295 8655 8301
8301 8655 11705
8655 8537 11705
7933 8295 8301
7933 8301 12079
7808 7933 12079
7933 7808 12077
2617 2949 2561
12078 11704 12076
12076 11704 3254
11704 3212 3254
9021 11703 9027
9021 11701 11703
8649 9021 9027
8649 9027 8655
8291 8649 8655
8291 8655 8295
7929 8291 8295
7929 8295 7933
7929 12077 12075
7933 12077 7929
11702 3248 3254
5719 11689 5721
1941 1875 11690
11691 6049 5948
5723 5721 6049
6049 5721 5948
5721 11689 5948
5721 12065 12063
5723 12065 5721
2205 12064 2251
2251 1941 1935
2251 1935 12062
2205 2251 12062
1935 1941 1619
1619 1941 1545
1941 11690 1545
1619 1545 11688
2251 2203 1875
5719 11687 11689
5719 12063 12061
5721 12063 5719
1879 12062 1935
1935 1619 1615
1935 1615 12060
1879 1935 12060
1619 11686 1615
1619 11688 11686
7527 11685 7395
7527 7017 7147
7527 7395 7017
7147 6641 6753
7147 7017 6641
6753 6641 11684
11693 6642 12067
2949 11698 2561
2617 2561 11696
12071 7018 11697
12071 7022 7018
12069 7018 7022
11695 7018 12069
2899 12070 2941
2941 2563 2899
2617 2563 2941
11694 12068 11696
11696 12068 2617
12068 2563 2617
12069 6642 11695
12069 6646 6642
12067 6642 6646
8301 11705 8175
12066 12068 11692
11692 12068 11694
12067 6290 11693
12067 6292 6290
6290 6292 5950
6290 5950 6049
11691 6290 6049
5950 5723 6049
5624 5723 5950
5723 5624 12065
12064 12066 11692
12064 11692 2203
2251 12064 2203
2251 1875 1941
12095 8912 11725
2564 12098 11728
12097 9256 9384
12095 11725 11727
12095 11727 9384
9256 12095 9384
11724 7590 7398
7020 7590 7198
7398 7590 7020
7020 7198 11723
3293 12094 3218
3218 2900 2898
3218 2898 11722
3293 3218 11722
2900 11726 2898
2900 12096 11726
2564 11728 2562
12095 8914 8912
12093 8912 8914
11721 8912 12093
11720 7962 7806
7962 7586 7590
7962 7590 11724
7806 7962 11724
7586 7196 7590
7590 7196 7198
7198 7196 6802
7198 6802 6644
11723 7198 6644
6644 6802 11719
3293 12092 12094
3287 12092 3293
12101 9966 9964
12103 10502 10329
11733 11735 12105
11733 12105 10329
10502 11733 10329
11734 11732 12102
11734 12102 1880
1996 11734 1880
1880 12104 1996
12103 10328 10502
12101 11731 11733
12101 11733 10502
10328 12101 10502
12100 12102 11730
11730 12102 11732
12101 9964 11731
3293 11718 3287
9964 9966 9598
9964 9598 9596
12099 9596 9598
11729 9596 12099
2206 11728 12098
2204 11728 2206
2206 11730 2204
2206 12100 11730
12099 12097 11729
11729 12097 9254
12097 9384 9254
9254 9384 11727
2564 11726 12096
2562 11726 2564
7182 7397 7019
3216 11712 12086
3214 11712 3216
3216 11714 3214
3216 12088 11714
12085 7570 7401
7182 7186 7570
7570 7186 7401
7186 12087 7401
11711 7186 7182
11713 7186 11711
12084 12086 11710
11710 12086 11712
12083 11709 12085
12085 11709 7570
11709 7397 7570
11715 7192 11713
7570 7397 7182
7182 7019 11711
12082 12084 11710
12082 11710 3213
3271 12082 3213
3271 3213 11708
11707 7809 12081
11707 7805 7809
11709 7809 7805
12083 7809 11709
3215 12082 3271
11706 12080 11708
11708 12080 3271
12080 3215 3271
3217 12092 3287
3293 11722 11718
12093 12091 11717
12093 11717 11721
11720 11716 12090
11720 12090 7810
7962 11720 7810
7586 7962 7580
7580 7962 12089
7962 7810 12089
7580 7192 7586
7586 7192 7196
6802 7196 7192
6802 7192 11715
6643 6802 11715
6802 6643 11719
12055 12057 12409
11714 12088 11718
11718 12088 3287
12088 3217 3287
12091 8538 11717
12091 8540 8538
8538 8540 8178
8538 8178 8176
8178 11716 8176
8178 12090 11716
12089 7402 7580
7192 7580 7186
7186 7580 12087
7580 7402 12087
11713 7192 7186
1208 1395 12126
14241 12476 14046
14046 12124 14241
12128 12124 13868
12124 14046 13868
14046 13670 13868
13670 12480 13868
12127 12479 12123
12123 12479 12035
12479 11818 12035
12035 11818 12475
1552 12122 12474
1550 12122 1552
1550 1552 1208
1208 1552 1395
1552 12478 1395
253 62 12477
12125 253 60
12477 12473 12121
12477 12121 60
253 12477 60
14456 12120 12472
14454 12120 14456
14454 14456 14044
14044 14456 14241
14456 12476 14241
14044 14241 12124
12119 12123 12471
12471 12123 11817
12123 12035 11817
12475 11817 12035
12470 12474 12118
12906 12908 12540
12741 12541 12619
5953 12740 6015
6015 5627 5953
5689 5627 6015
12739 5627 5689
12130 13490 13290
13290 13490 12129
12128 13868 13666
12130 13666 13490
13666 13868 13490
13868 13292 13490
13868 12480 13292
12908 12906 13292
13292 12906 13490
12906 12129 13490
12118 12474 12122
12906 12540 12538
12538 12540 12184
12538 12184 12182
12479 12182 12184
12127 12182 12479
1395 12478 1210
1210 822 820
1210 820 12126
1395 1210 12126
820 822 434
820 434 432
432 434 62
432 62 253
12125 432 253
1691 12460 1549
11442 11066 11279
12111 11442 11279
11279 11066 12463
2010 12112 1881
12462 12464 12110
12110 12464 1881
12464 2010 1881
12111 11279 11064
10692 11064 10694
10694 11064 12463
11064 11279 12463
12461 10692 10694
12109 10692 12461
12460 12462 12110
12460 12110 1549
11442 11444 11066
1691 1549 12108
12461 10330 12109
12461 10332 10330
12459 10330 10332
12107 10330 12459
12106 12458 12460
12106 12460 1691
1548 12106 1691
1548 1691 12108
12459 12457 12105
12459 12105 12107
12456 12458 12104
12104 12458 12106
10503 12103 10329
12105 12457 12455
12469 15774 15772
12473 12469 12117
12473 12117 12121
14888 12116 12468
14886 12116 14888
14888 12120 14886
14888 12472 12120
12119 12471 12115
12115 12471 12021
12471 11816 12021
12021 11816 12467
12114 2014 1882
12470 12118 12466
12466 12118 2014
12118 1882 2014
12469 15772 12117
12619 12541 12993
15772 15774 15336
15772 15336 15334
15336 12116 15334
15336 12468 12116
12115 12021 11814
12467 12465 12113
12467 12113 11814
12021 12467 11814
12114 2010 2014
12112 2010 12114
12466 2010 12464
12466 2014 2010
12465 11442 12113
12465 11444 11442
10053 9599 9685
8617 12395 8541
12397 12759 12755
12397 12755 8617
8541 12397 8617
6363 12754 12758
6361 12754 6363
6021 6361 6363
6021 6363 12757
5954 6021 12757
6021 5954 12753
12756 12396 12394
12756 12394 13754
13671 12756 13754
13671 13754 12752
10053 12393 9967
13672 12760 12398
10053 9967 9599
9257 9259 9599
9599 9259 9685
9259 12751 9685
9257 8915 9259
9259 8915 12750
8915 8985 12750
8915 12395 8617
8985 8915 8617
8543 8985 8617
12749 8985 8543
12755 8543 8617
6361 12748 12754
6359 12748 6361
6019 6359 6361
15007 14889 12401
7900 12767 7811
12767 8181 7811
8181 12399 7811
8181 8260 12399
7900 7811 12403
5297 12766 5367
12765 5297 5367
140 12402 61
61 15773 15775
61 15775 12764
140 61 12764
15775 15773 15337
15337 15773 15335
14889 15337 15335
14889 15335 12401
6019 6361 6021
12763 14889 15007
13673 12762 13769
12398 12760 12400
12400 12760 13769
12760 13673 13769
12759 12397 12761
12761 12397 8260
12397 8179 8260
8260 8179 12399
6363 12758 6296
6363 6296 12757
13672 12396 12756
13668 12396 13672
13672 12398 13668
11549 11445 11913
5691 6019 12747
5628 5691 12747
5691 5628 12743
12742 12746 12392
12742 12392 12907
12993 12742 12907
12993 12539 12619
12993 12907 12539
12183 12185 12539
12539 12185 12619
12185 12741 12619
11819 12185 12183
11819 12183 12391
11913 11819 12391
11913 11445 11819
5691 6017 6019
11549 11067 11445
11173 11067 11549
11173 10695 11067
10801 10695 11173
10801 10333 10695
10431 10333 10801
12745 10333 10431
6017 12740 12744
6015 12740 6017
5689 6015 6017
5689 6017 5691
5689 12743 12739
5691 12743 5689
12909 12742 12993
12993 12541 12909
10801 10331 10431
6019 12753 12747
6021 12753 6019
13754 12394 13667
13667 13291 13293
13667 13293 12752
13754 13667 12752
13291 12746 13293
13291 12392 12746
11913 12391 11815
11913 11443 11549
11913 11815 11443
11549 11065 11173
11549 11443 11065
11173 10693 10801
11173 11065 10693
12105 12455 10503
10801 10693 10331
10331 12393 10053
10431 10331 10053
9969 10431 10053
12745 10431 9969
10053 9601 9969
9685 9601 10053
12751 9601 9685
8917 12750 8985
12749 8917 8985
6295 12748 6359
6359 6019 6017
6359 6017 12744
6295 6359 12744
2899 2563 2901
12072 12426 12074
12073 7541 7400
7024 7161 12071
12425 7024 12071
7400 12425 12071
7541 12425 7400
7161 7024 12423
12422 12424 12070
12070 12424 12072
12071 7161 7022
12423 12421 12069
12423 12069 7022
7161 12423 7022
2899 12422 12070
2901 12422 2899
12424 12426 12072
2901 2563 12420
2563 2611 12420
2611 2563 12068
12421 6646 12069
12421 6648 6646
6646 6648 6294
6646 6294 6401
12067 6646 6401
6294 6051 6401
5952 6051 6294
6051 5952 12419
2611 12418 12420
2607 12418 2611
2611 12066 2607
2611 12068 12066
7937 12431 7808
12083 12433 7945
7809 12083 7945
3215 12434 12082
3221 12434 3215
3215 12432 3221
3215 12080 12432
7937 12081 7945
7937 12079 12081
7937 12433 12431
7945 12433 7937
12430 12432 12078
12078 12432 12080
12079 7937 7808
12431 12429 12077
12431 12077 7808
12067 6401 6292
3255 12428 3220
12078 12076 12430
12430 12076 3220
12076 3255 3220
12429 12427 12075
12429 12075 12077
3219 12428 3255
12074 12426 12076
12076 12426 3255
12426 3219 3255
12075 12427 12073
12073 12427 7541
12427 7404 7541
7541 7404 12425
6293 6645 6291
5379 12413 12411
5381 12413 5379
1883 12412 1931
1547 1551 1883
1547 1883 1931
12060 1547 1931
1547 12410 1551
1547 12058 12410
12057 7403 12409
12057 7399 7403
7403 7399 7023
7023 7399 7021
7023 7021 6647
6647 7021 6645
6647 6645 6293
5717 5623 12061
6291 5949 6293
6293 5949 12408
5949 6039 12408
5713 6039 5717
5717 6039 12059
6039 5949 12059
5375 5713 5717
5375 5717 5379
5375 12411 12407
5379 12411 5375
12410 12058 12056
12410 12056 1286
1209 12410 1286
1209 1286 12406
12405 7904 7813
2247 12414 2205
6292 6051 5950
6292 6401 6051
5624 5950 5626
5626 5950 12419
5950 6051 12419
12417 5624 5626
12065 5624 12417
2565 12418 2607
12064 12416 12066
12066 12416 2607
12416 2565 2607
12417 12415 12063
12417 12063 12065
12414 12416 12064
12414 12064 2205
12083 12435 12433
2247 2205 12062
12063 12415 12061
12061 12415 5381
12415 5296 5381
5381 5296 12413
2207 12414 2247
1879 1931 12062
1931 12412 12062
12412 2247 12062
12412 2207 2247
1931 1879 12060
5717 12059 5623
5379 5717 5381
5381 5717 12061
12448 2663 2564
2663 2566 12098
2206 2321 12100
9385 12099 9389
9385 12097 12099
9385 12451 12447
9389 12451 9385
3803 12446 3754
3567 3565 3803
3567 3803 3754
12450 3567 3754
3299 3565 3567
3299 3567 3305
2989 3299 3305
2989 3305 12449
2902 2989 12449
12098 2566 2206
2902 12448 2564
12096 2902 2564
2989 2902 12096
2564 2663 12098
12097 9385 9256
8916 9049 12095
12447 8916 12095
9256 12447 12095
9385 12447 9256
9049 8916 12445
3753 12446 3803
3803 3565 3561
3803 3561 12444
3753 3803 12444
3565 3299 3561
12453 9966 12101
10329 12105 10503
12102 1992 1880
12456 12104 12454
12454 12104 1992
12104 1880 1992
12103 10503 10328
12455 12453 12101
12455 12101 10328
10503 12455 10328
2321 12452 2208
2208 12100 2321
12102 12100 1992
12100 2208 1992
2208 1884 1992
1884 12454 1992
3561 3299 12094
12453 9968 9966
9966 9968 9600
9966 9600 9598
9598 9600 9258
9598 9258 9389
12099 9598 9389
9389 9258 12451
3567 12450 3504
3504 3305 3567
3222 3305 3504
3305 3222 12449
2663 12448 2566
12452 2321 2206
2566 12452 2206
12087 12437 7571
3283 3217 12088
12091 8673 8540
8540 8317 8178
8540 8673 8317
8178 8317 12090
12441 7402 12089
12441 7406 7402
12439 7402 7406
12087 7402 12439
12086 12438 12440
12086 12440 3283
3216 12086 3283
3216 3283 12088
7571 12085 7401
12087 12439 12437
3283 12440 3217
7401 12087 7571
3545 12436 3502
12086 12084 12438
12438 12084 3502
12084 3545 3502
12083 12085 12435
12435 12085 7405
12085 7571 7405
12437 7405 7571
3501 12436 3545
12082 12434 12084
12084 12434 3545
12434 3501 3545
7945 12081 7809
12092 12442 12094
3299 3218 12094
3218 2989 2900
3218 3299 2989
2900 2989 12096
12095 9049 8914
8542 8681 12093
12445 8542 12093
8914 12445 12093
9049 12445 8914
8542 8323 8681
8180 8323 8542
8180 7963 8323
7814 7963 8180
7963 7814 12443
3503 12444 3561
6043 11683 5947
12094 12442 3561
12442 3503 3561
8673 12093 8681
8673 12091 12093
8317 8673 8681
8317 8681 8323
8323 7963 8317
8317 7963 12090
7963 7810 12090
12443 12441 12089
12443 12089 7810
7963 12443 7810
12440 12442 12092
12440 12092 3217
12281 11809 11923
11299 11301 11667
11667 11301 10325
11301 10439 10325
11671 10325 10439
9253 11670 9335
9335 8909 9253
8993 8909 9335
8993 8535 8909
8621 8535 8993
11669 8535 8621
13387 11666 11668
13383 11666 13387
13387 11298 13383
13387 11300 11298
12281 11297 12177
13387 13285 11300
12281 12177 11809
11923 11809 11296
11299 11667 11295
11295 11667 10435
11667 10324 10435
10435 10324 11665
13287 11666 13383
12901 12903 13287
12901 13287 13383
11298 12901 13383
12901 12533 12903
12903 12533 11664
12533 12627 11664
12533 11297 12281
12627 12533 12281
9251 9335 11670
11677 15331 11305
14146 11304 14039
14039 13659 13661
14039 13661 11676
14146 14039 11676
13659 11672 13661
13659 11302 11672
10439 11301 10321
9961 9963 10321
10321 9963 10439
9963 11671 10439
9963 9961 9595
9595 9961 9591
9591 9251 9595
9595 9251 11670
12179 12627 12281
9335 8905 8993
9335 9251 8905
8993 8531 8621
8993 8905 8531
8531 11303 8263
8621 8531 8263
8173 8621 8263
11669 8621 8173
11675 8173 8263
15769 11674 15857
11673 15769 15857
11668 11672 11302
11668 11302 13285
13387 11668 13285
14040 14244 14674
11378 1874 2362
1870 1874 1544
1870 1544 1542
1542 1544 1204
1542 1204 1200
1200 1204 816
1200 816 1035
10993 1200 1035
1035 816 11377
10996 15142 15144
10992 15142 10996
15144 15142 14674
14674 15142 14450
15142 11376 14450
14040 14674 14450
1874 2198 2362
13660 14244 14040
13660 13866 14244
13286 13284 13660
13660 13284 13866
13284 10995 13866
11375 13284 13286
10991 13284 11375
10994 2358 2362
10990 2358 10994
11378 2358 11374
11378 2362 2358
10993 1035 814
428 641 10989
11377 428 10989
814 11377 10989
11061 11662 11059
11663 12627 12179
12281 11811 12179
11923 11811 12281
11437 11439 11811
11437 11811 11923
11296 11437 11923
11437 11662 11439
11437 11294 11662
11293 11295 11661
11661 11295 10323
11295 10435 10323
11665 10323 10435
12535 11664 12627
11663 12535 12627
11059 11662 11294
11305 15331 15329
11061 11059 10689
10689 11059 10687
11293 10689 10687
11661 10689 11293
10996 15144 14880
14448 15144 14674
14880 15144 14448
14038 14674 14244
14448 14674 14038
13658 14244 13866
14038 14244 13658
13658 13866 10995
10994 2362 2198
1874 1870 2198
11688 1625 11316
1871 2203 2255
11318 1871 2255
1871 1543 1875
1875 1543 11690
1543 1625 11690
1625 1543 11316
6393 11317 6399
6393 11315 11317
6047 6393 6399
6047 6399 11691
5948 6047 11691
6047 5948 11689
1545 11690 1625
1203 1301 11316
1301 11688 11316
1871 1875 2203
11688 1545 1625
1301 1203 11314
6389 11315 6393
6389 11313 11315
6045 6389 6393
6045 6393 6047
6045 11689 11687
6047 11689 6045
1301 11686 11688
1295 11686 1301
1301 11312 1295
1301 11314 11312
8269 11311 8169
8269 7799 7909
8269 8169 7799
11694 11696 11320
8170 7804 7800
7800 7804 7396
7800 7396 7392
7014 7392 7396
7014 7396 11697
7160 7014 11697
7014 7160 11323
2559 11698 11324
2561 11698 2559
2559 11696 2561
2559 11322 11696
11697 7018 7160
11695 11321 11323
11695 11323 7160
7018 11695 7160
7391 7395 7799
11320 11696 11322
11695 6638 11321
11695 6642 6638
11693 6638 6642
11319 6638 11693
11692 11694 11320
11692 11320 2199
2255 11692 2199
2255 2199 11318
11319 11693 11317
11317 11693 6399
11693 6290 6399
6399 6290 11691
2203 11692 2255
8263 11307 8265
8265 7907 7803
11679 8265 7803
11681 7803 7907
1201 11680 11308
1205 11680 1201
1201 11678 1205
1201 11306 11678
11305 14883 11677
11305 14881 14883
14883 14881 14451
14451 14881 14449
14451 14449 14041
14041 14449 14146
14449 11304 14146
14041 14146 11676
8265 8267 7907
8263 11303 11307
8263 11679 11675
8265 11679 8263
815 11678 11306
817 11678 815
817 815 429
429 815 427
429 427 57
57 427 55
55 15767 57
57 15767 11674
15767 15857 11674
15329 15331 15767
15767 15331 15857
15331 11673 15857
11310 11686 1295
7799 7395 7909
7395 11685 7909
7395 7391 7017
7017 7391 7013
7017 7013 6641
6641 7013 6637
11684 6641 6385
6389 6385 11313
6385 6641 11313
6641 6637 11313
6385 6389 6045
6385 6045 5947
11683 6385 5947
11687 5947 6045
11310 11682 11686
1035 11377 814
1202 11310 1295
1202 1295 11312
8267 11311 8269
8267 11309 11311
7907 8267 8269
7907 8269 7909
7907 11685 11681
7909 11685 7907
6289 11684 6385
11683 6289 6385
11680 11682 11308
11308 11682 11310
8265 11309 8267
8265 11307 11309
7390 7394 7016
11352 3308 3205
11351 9252 9388
8908 9388 9252
8908 9056 9388
8534 8530 8908
8908 8530 9056
8530 10961 9056
8168 8530 8534
8168 8534 11349
8338 8168 11349
7798 8338 7978
8168 8338 7798
7394 7390 7798
7394 7798 7978
11348 7394 7978
10960 11352 3205
7390 7016 7012
11347 7012 7016
10959 7012 11347
11350 10960 10958
11350 10958 2988
2895 11350 2988
2895 2988 11346
11349 8172 8338
7802 8338 8172
7802 7978 8338
7802 11348 7978
11347 6636 10959
11347 6640 6636
11345 6636 6640
10957 6636 11345
3008 3308 2896
3312 3014 10966
3206 3312 10966
3008 2674 3014
3014 2674 2680
11356 2674 11354
11356 2680 2674
11353 9764 9593
9593 9764 11355
10965 11355 9250
11355 9764 9250
9764 9394 9250
9250 9394 10963
10964 3308 3312
10962 3308 10964
3312 3308 3008
10958 2982 2988
3308 11352 2896
2560 3008 2896
2560 2674 3008
2560 11354 2674
11353 9592 9764
9394 9764 9388
9388 9764 11351
9764 9592 11351
9394 9388 9056
9394 9056 8904
10963 9394 8904
8904 9056 10961
3308 10962 3205
11350 11352 10960
10946 3270 3497
10951 6793 6639
11339 6639 6793
10950 3544 3548
10948 3544 10950
3544 3276 3548
3548 3276 11338
3276 3209 11338
3209 3276 11336
10947 7015 11335
10947 7011 7015
10949 7015 7011
11337 7015 10949
3544 10948 3497
3270 3276 3544
3270 3544 3497
11337 10951 6639
11336 3270 11334
11336 3276 3270
10945 7393 11333
10945 7389 7393
10947 7393 7389
11335 7393 10947
10944 3986 3968
3750 3986 3776
3968 3986 3750
3496 3776 3534
3750 3776 3496
10946 3496 3270
3496 3534 3270
3534 3208 3270
3534 11332 3208
10952 3552 3498
10956 2982 10958
11346 2982 11344
11346 2988 2982
11345 11343 10955
11345 10955 10957
10954 3286 3204
10956 3204 2982
3204 3286 2982
3286 2894 2982
3286 11342 2894
2894 11344 2982
6797 10953 6635
10955 11343 11341
10955 11341 6797
6635 10955 6797
3312 3008 3014
10954 3498 3286
3498 3552 3286
3552 3210 3286
3552 11340 3210
3210 11342 3286
6793 10953 6797
6793 10951 10953
6793 11341 11339
6797 11341 6793
10952 3548 3552
10950 3548 10952
11340 3548 11338
11340 3552 3548
10949 10951 11337
11368 10978 2348
12727 11371 12532
12375 12178 11369
11368 11370 10982
10982 11370 10986
247 10985 249
247 10981 10985
247 249 15967
15967 249 15765
249 10984 15765
15967 15765 10980
10983 12375 12176
11369 11367 10979
11369 10979 12176
12375 11369 12176
11368 10982 10978
12532 11371 10983
2201 11368 2348
2201 2348 11366
10981 247 54
15967 15965 247
247 15965 54
15965 10977 54
15965 15967 15577
15577 15967 15327
15967 10980 15327
15577 15327 10976
11367 11808 10979
11367 11810 11808
11365 11808 11810
10975 11808 11365
10529 11364 10322
2358 10990 2202
641 428 11373
15330 10988 11372
15328 10988 15330
15330 14882 15328
15328 14882 10992
14882 15142 10992
14882 11376 15142
11375 12900 10991
11375 12902 12900
12900 12902 12534
12900 12534 12727
10987 12900 12727
12727 12534 11371
10990 10986 11370
10990 11370 2202
10529 10322 11363
2202 11374 2358
10989 641 426
56 249 10985
11373 56 10985
426 11373 10985
641 11373 426
56 15768 15766
56 15766 10984
249 56 10984
15768 10988 15766
15768 11372 10988
10987 12727 12532
12178 12375 10983
11371 12178 10983
11357 9780 9590
15764 15573 15326
15764 15961 15573
15326 15573 10972
11361 11359 10969
11361 10969 10971
10968 2686 2558
2196 2686 2336
2558 2686 2196
10970 2196 2004
2196 2336 2004
2336 1872 2004
2336 11358 1872
1872 11360 2004
11359 11357 10969
10969 11357 9590
10973 15961 15764
9590 9780 10967
10966 3014 2892
3014 2680 2686
3014 2686 10968
2892 3014 10968
2686 2680 2336
2336 2680 2200
2680 11356 2200
2200 11358 2336
11357 9594 9780
11355 10965 10967
11355 10967 9780
9594 11355 9780
10964 3312 3206
11436 11060 11058
2348 10978 2197
2006 1873 10974
1873 11366 10974
11366 2197 10974
11366 2348 2197
1873 2006 11362
15961 10977 15965
15961 10973 10977
15573 15961 15965
15573 15965 15577
15577 10972 15573
15577 10976 10972
11365 11436 10975
11365 11438 11436
11436 11438 11060
8170 8174 7804
11058 11060 10688
11058 10688 10686
10686 10688 10320
10320 10688 10529
10688 11364 10529
9960 10320 9962
9962 10320 11363
10320 10529 11363
11361 9960 9962
10971 9960 11361
10974 2004 2006
10970 2004 10974
11362 2004 11360
11362 2006 2004
1204 1544 1546
10691 11061 10689
11661 10691 10689
12039 10691 11661
12537 12038 12623
12623 12181 12537
12273 12181 12623
12037 12181 12273
13487 11758 13288
13288 13117 13487
12904 13117 13288
13117 12904 11757
1878 11378 11756
1874 11378 1878
1874 1878 1546
1874 1546 1544
11063 11061 10691
1204 1546 11755
1394 1204 11755
818 816 1204
818 1204 1394
11754 818 1394
816 818 430
816 430 643
11377 816 643
643 430 11753
11376 14670 14450
14042 14040 14450
14042 14450 14670
11752 14042 14670
14040 14042 13662
14040 13662 13660
12535 12623 11664
12277 11663 12179
12277 11811 11919
12277 12179 11811
11919 11439 11555
11919 11811 11439
11555 11439 11662
11661 10327 12039
11661 10323 10327
11665 10327 10323
12043 10327 11665
9597 12042 9687
12041 9597 9687
13289 12040 13379
13379 12905 13289
13001 12905 13379
13660 13662 13286
12623 12038 11664
12038 13001 11664
12038 12905 13001
12273 12623 12277
12277 12623 11663
12623 12535 11663
12273 12277 11919
12273 11919 11813
12037 12273 11813
11919 11441 11813
11555 11441 11919
11061 11063 11441
11061 11441 11555
11662 11061 11555
14884 11748 15138
12733 11751 12534
12381 12180 11747
11370 2356 2202
11750 11374 11746
11746 11374 2356
11374 2202 2356
11749 56 11373
11749 58 56
56 58 15770
56 15770 15768
15770 15332 15768
15768 15332 11372
15332 15588 11372
14884 15588 15332
14884 15138 15588
12534 11751 11371
11371 12381 12178
11747 11745 11369
11747 11369 12178
12381 11747 12178
11370 2352 2356
11368 2352 11370
11746 2352 11744
11746 2356 2352
11369 11745 11367
11367 11745 12017
11745 11812 12017
12017 11812 11743
2352 11368 2201
11742 11744 11366
11366 11744 2201
11753 11373 428
13286 13662 13487
13662 11758 13487
13117 13113 13487
13487 13113 13286
13113 11375 13286
12733 13113 13117
12733 13117 11757
12536 12733 11757
12733 12536 11751
11750 11756 11374
11374 11756 11378
11755 1206 1394
1206 11754 1394
11377 643 428
11753 11749 11373
13001 12903 11664
643 11753 428
11372 15588 15330
14882 15588 15138
15330 15588 14882
11376 14882 14670
14882 15138 14670
15138 14452 14670
15138 11748 14452
14452 11752 14670
11375 13113 12902
12902 12733 12534
12902 13113 12733
12180 12381 11371
11751 12180 11371
7903 12055 7899
1207 1205 819
819 1205 906
1205 11678 906
819 906 12054
11677 14885 12053
11677 14883 14885
14885 14883 14453
14453 14883 14451
14453 14451 14043
14043 14451 14041
14041 12052 14043
14041 11676 12052
7899 11679 7903
7899 11675 11679
7899 12055 12051
1207 12056 1205
906 11678 817
817 429 431
817 431 12054
906 817 12054
429 57 431
431 57 12050
57 139 12050
139 57 11674
15447 11673 15331
11677 12053 12049
11677 12049 15447
15331 11677 15447
13661 12052 11676
13665 12052 13661
13661 12048 13665
6753 6645 7147
5947 11687 5719
6043 5947 5719
5623 6043 5719
12059 6043 5623
12061 5623 5719
1547 12060 1615
11682 12058 11686
11686 12058 1615
12058 1547 1615
11681 11685 12057
12057 11685 7399
11685 7527 7399
7527 7021 7399
7147 7021 7527
7147 6645 7021
13661 11672 12048
6289 6291 6645
6289 6645 6753
11684 6289 6753
5949 6291 6289
5949 6289 11683
6043 5949 11683
12059 5949 6043
12056 12058 11680
11680 12058 11682
7903 11679 7803
11681 12057 12055
11681 12055 7903
7803 11681 7903
1205 12056 11680
10437 10057 10324
8913 12045 9333
8913 8909 8539
8539 8909 8535
8177 8539 8535
8177 8535 11669
8259 8177 11669
12047 8177 8259
13759 12044 13664
11668 11666 12046
12046 11666 13664
11666 13759 13664
11667 10437 10324
10057 9965 12043
12043 11665 10324
10057 12043 10324
9253 8913 9333
10057 9689 9687
10057 9687 12042
9965 10057 12042
9687 9689 9333
9687 9333 9255
12041 9687 9255
12045 9255 9333
13663 12044 13759
13287 13379 11666
13379 12040 11666
12040 13759 11666
12040 13663 13759
13379 12903 13001
13379 13287 12903
15333 15769 11673
10059 11671 9963
10059 9595 9691
10059 9963 9595
9691 9595 11670
8259 11669 8173
8173 11675 7899
8259 8173 7899
7807 8259 7899
12047 8259 7807
12051 7807 7899
59 12050 139
15769 15771 59
15769 59 139
11674 15769 139
15333 15771 15769
11744 2352 2201
15447 15333 11673
12049 15333 15447
12046 12048 11668
11668 12048 11672
10437 11667 10325
10057 10437 10059
10059 10437 11671
10437 10325 11671
9689 10057 10059
9689 10059 9691
9689 9691 9333
9333 9691 9253
9691 11670 9253
8909 8913 9253
6794 6639 11339
11717 8538 8672
8176 8672 8538
8176 8316 8672
8176 11716 8316
11713 6798 11715
11713 6794 6798
11339 6798 6794
11341 6798 11339
11340 11338 11712
11340 11712 3214
3282 11340 3214
3214 11714 3282
11711 11337 11713
11713 11337 6794
11337 6639 6794
11342 3210 3282
11710 11712 11338
11710 11338 3209
3277 11710 3209
3277 3209 11336
11709 7564 7397
7019 7397 7015
7015 7397 11335
7397 7564 11335
11337 7019 7015
11711 7019 11337
3213 11710 3277
11334 11708 11336
11336 11708 3277
11708 3213 3277
11707 7944 7805
2894 11342 2983
8684 9048 8680
8680 9048 11721
9048 8912 11721
8680 8322 8684
8684 8322 8330
8330 8322 7970
7970 8322 7806
8322 11720 7806
7806 11724 7970
11723 6644 6804
11719 11343 11345
11719 11345 6804
6644 11719 6804
11342 11718 11722
11342 11722 2983
7564 11709 7393
2894 2983 11344
11717 8680 11721
11717 8672 8680
8672 8316 8680
8680 8316 8322
11720 8316 11716
11720 8322 8316
11715 6798 6643
11341 11343 11719
11341 11719 6643
6798 11341 6643
11340 3282 3210
11718 11342 11714
11714 11342 3282
11701 8906 11327
11328 3772 11330
3772 3530 3774
3774 3530 3532
3532 3530 3262
3262 3530 3212
3530 11702 3212
3212 11704 3262
11703 11701 11327
11703 11327 11329
3772 11328 3751
3528 3530 3772
3528 3772 3751
11326 3528 3751
11702 3528 11700
11702 3530 3528
11330 3772 3774
11701 8910 8906
11699 8906 8910
11325 8906 11699
3528 11326 3499
3499 3207 3211
3499 3211 11700
3528 3499 11700
3211 3207 2897
2897 3207 2893
2893 11698 2897
2893 11324 11698
11699 8532 11325
11699 8536 8532
8532 8536 8174
8532 8174 8170
7944 7801 11333
11709 7805 7393
7805 11333 7393
7805 7944 11333
7564 7393 11335
11332 3266 3208
11708 11334 11706
11706 11334 3266
11334 3208 3266
8661 11331 8533
8171 8175 8533
8533 8175 8661
8175 11705 8661
8175 8171 7801
8175 7801 7944
11707 8175 7944
11725 8912 9048
11330 3774 3752
3500 3774 3532
3752 3774 3500
3532 3262 3266
3532 3266 11332
3500 3532 11332
11706 3262 11704
11706 3266 3262
11329 8911 11703
11329 8907 8911
8537 8911 8907
8537 8907 11331
8661 8537 11331
11705 8537 8661
10158 10150 9772
11361 10174 11359
1876 11358 11736
1872 11358 1876
1876 11360 1872
1876 11738 11360
11735 10166 11737
11735 10158 10166
11357 10166 10158
11359 10166 11357
11356 2330 2200
11736 11358 11734
11734 11358 2330
11358 2200 2330
11733 10158 11735
11733 10150 10158
11359 10174 10166
10158 9772 9594
11357 10158 9594
9594 9772 11355
11356 2324 2330
11354 2324 11356
11734 2324 11732
11734 2330 2324
11731 10150 11733
11731 10140 10150
9772 10150 10140
9772 10140 11353
9593 9772 11353
9772 9593 11355
11352 3000 2896
2560 3000 2668
11438 11649 11741
11367 12017 11810
11440 11649 11365
11743 11440 11365
11810 11743 11365
12017 11743 11810
11649 11440 11741
11364 10530 10322
10322 10530 11363
1873 11742 11366
1877 11742 1873
1873 11740 1877
1873 11362 11740
11365 11649 11438
11060 11438 11062
11062 11438 11741
2896 3000 2560
11060 11062 10690
11060 10690 10688
10690 10326 10688
10688 10326 11364
10326 10530 11364
10174 9962 11363
11739 10174 11363
10530 11739 11363
10326 11739 10530
9962 10174 11361
11738 11740 11360
11360 11740 11362
11737 10174 11739
11737 10166 10174
11348 7802 7594
2994 11350 2895
2562 2662 11726
11346 11726 2895
11726 2662 2895
2662 2994 2895
2562 11728 2662
11725 9052 11727
11725 9048 9052
9048 8684 9052
9052 8684 8690
8690 8684 8330
8690 8330 8172
11349 8690 8172
7802 8330 7970
8172 8330 7802
7016 7200 11347
7802 7970 7594
7970 7398 7594
7970 11724 7398
7020 7594 7398
7020 7200 7594
6804 6640 11347
11723 6804 11347
7200 11723 11347
7020 11723 7200
6640 6804 11345
2983 11722 2898
11346 11344 11726
11726 11344 2898
11344 2983 2898
2668 2662 2320
2668 2320 2324
2668 2324 11354
2560 2668 11354
11732 2320 11730
11732 2324 2320
11731 9964 10140
9596 9592 9964
9964 9592 10140
9592 11353 10140
11729 9592 9596
11351 9592 11729
11352 2994 3000
11350 2994 11352
2994 2662 3000
3000 2662 2668
12761 8260 8181
2320 2662 2204
2662 11728 2204
2204 11730 2320
11729 9252 11351
11729 9254 9252
8908 9252 9254
8908 9254 11727
9052 8908 11727
8534 9052 8690
8908 9052 8534
8534 8690 11349
11348 7594 7394
7016 7594 7200
7394 7594 7016
7521 7901 7523
72 13158 13530
68 13158 72
72 13160 68
72 13532 13160
7523 13157 7411
7523 7031 7143
7523 7411 7031
7143 7031 13156
13531 13529 13155
13531 13155 13159
67 13530 13158
71 13530 67
67 13528 71
67 13154 13528
7901 13153 7817
13533 13159 13161
7523 7901 13157
7901 7817 13157
7141 7521 7523
7141 7523 7143
7143 13152 7141
7143 13156 13152
13151 5015 13527
13151 5013 5015
13155 5015 5013
13529 5015 13155
15777 13528 13154
15779 13528 15777
15777 15339 15779
15779 15339 13526
15339 15449 13526
5302 5306 5016
5636 13537 5724
13166 1936 1888
1558 1936 1620
1888 1936 1558
1558 1620 13165
936 13168 827
548 827 439
936 827 548
439 69 73
439 73 13538
548 439 13538
69 13536 73
69 13164 13536
13537 5302 13167
13537 5306 5302
15449 15339 13150
5302 5016 5014
13535 5014 5016
13163 5014 13535
1936 13166 1887
1620 1887 1557
1936 1887 1620
1620 1557 13165
13534 13536 13162
13162 13536 13164
13535 13533 13161
13535 13161 13163
13532 13534 13160
13160 13534 13162
13533 13531 13159
13139 13143 13515
13520 14051 14141
8257 13147 8261
8257 13143 13147
8257 13523 13519
8261 13523 8257
7517 13518 13522
7513 13518 7517
7517 13142 7513
7517 13146 13142
5697 13141 5633
13145 13521 13517
13145 13517 5697
5633 13145 5697
13516 13520 13140
13140 13520 13144
13148 13520 14141
13515 13143 8185
13143 8257 8185
13519 8185 8257
7513 13514 13518
7509 13514 7513
7509 7513 7129
7129 7513 7029
7513 13142 7029
7129 7029 13138
13141 5697 5632
5304 5363 13137
13517 5304 13137
5632 13517 13137
5697 13517 5632
5363 5304 13513
7517 7141 13146
13149 14461 13525
13149 14459 14461
14459 14049 14461
14461 14049 13524
14049 14141 13524
14141 14049 13148
8261 13147 8183
8183 13153 7901
8261 8183 7901
7819 8261 7901
13523 8261 7819
7901 7521 7517
7901 7517 13522
7819 7901 13522
7521 7141 7517
13537 13169 5724
7141 7030 13146
7030 7141 13152
13145 5305 13521
13145 5301 5305
13151 5305 5301
13527 5305 13151
15341 13526 15449
14891 14893 15341
14891 15341 15449
13150 14891 15449
13149 14893 14891
13525 14893 13149
14051 13524 14141
13144 13520 13148
3509 13554 3507
13189 7417 7413
13559 7417 13189
3782 13188 3757
13556 13558 13186
13186 13558 3757
13558 3782 3757
13557 13555 13185
13557 13185 13187
13554 13556 13184
13184 13556 13186
13555 7412 13185
13555 7416 7412
13553 7412 7416
13183 7412 13553
3507 13554 13184
13187 7413 7417
3507 13552 3509
3507 13182 13552
13553 13551 13181
13553 13181 13183
3225 13552 13182
3227 13552 3225
3225 13550 3227
3225 13180 13550
13551 13549 13179
13551 13179 13181
13548 13550 13178
13178 13550 13180
13179 13549 13177
13177 13549 7163
13549 7034 7163
13563 13561 13191
7414 7592 13197
13566 13568 13196
13196 13568 13198
13567 7418 7592
13565 13195 13197
13565 13197 7592
7418 13565 7592
4111 13566 13196
4113 13566 4111
4111 13564 4113
4111 13194 13564
13565 13563 13193
13565 13193 13195
13562 13564 13192
13192 13564 13194
7163 7034 13547
13563 13191 13193
13562 13192 13190
13562 13190 3988
3975 13562 3988
3975 3988 13560
13561 13559 13189
13561 13189 13191
3988 13190 3973
3782 3759 13188
3759 13560 13188
13560 3973 13188
13560 3988 3973
3759 3782 13558
13187 7417 13557
13541 13539 13171
13543 13171 13173
2612 13172 2569
2258 2569 2211
2612 2569 2258
1948 2211 1889
2258 2211 1948
1630 1561 13170
1561 13542 13170
13542 1889 13170
13542 1948 1889
1314 1561 1630
1314 1215 1561
940 1215 1314
940 829 1215
829 940 13540
13543 13541 13171
13171 13539 5634
13539 5724 5634
5634 5724 13169
1630 13170 1559
1314 1559 1213
1630 1559 1314
936 940 1314
936 1314 1213
13168 936 1213
936 548 940
940 548 13540
548 441 13540
441 548 13538
13539 5636 5724
13537 13167 13169
13174 2942 13176
13548 13178 13176
13548 13176 2950
2907 13548 2950
2907 2950 13546
13177 7163 7032
6652 7032 6654
6654 7032 13547
7032 7163 13547
6652 6654 6302
6652 6302 6300
6300 6302 5960
6300 5960 5958
13545 5958 5960
13175 5958 13545
13176 2942 2950
13675 13516 13140
13546 2942 13544
13546 2950 2942
13545 13543 13173
13545 13173 13175
2942 13174 2905
2612 2571 13172
2571 13544 13172
13544 2905 13172
13544 2942 2905
2258 2571 2612
2258 2213 2571
1948 2213 2258
1948 1891 2213
1891 1948 13542
12844 12840 14672
13224 1214 1714
1214 828 1212
1212 828 12846
828 1036 12846
440 1036 828
440 644 1036
70 66 440
440 66 644
66 12845 644
66 70 15778
66 15778 15973
12841 66 15973
15973 15778 13223
15139 13222 14892
14892 12840 15139
1214 1556 1714
12840 14892 14672
14892 14460 14672
14460 13226 14672
13221 13486 13225
13221 13482 13486
13482 13108 13486
13486 13108 13114
13108 12728 13114
13114 12728 12734
12728 12382 12734
12734 12382 12386
12386 12382 12030
12386 12030 11820
12843 12386 11820
11820 12030 12839
14048 13676 13674
11449 13492 11537
13491 11449 11537
12848 12738 12542
12186 12738 12390
12542 12738 12186
12186 12390 12847
12846 1036 826
438 1036 644
826 1036 438
438 644 12845
12844 14672 14458
14050 14048 14458
14050 14458 14672
13226 14050 14672
14048 14050 13676
1714 12842 1555
13294 13674 13676
13294 13676 13225
13486 13294 13225
12910 13486 13114
13294 13486 12910
13114 12734 12738
13114 12738 12848
12910 13114 12848
12734 12386 12738
12738 12386 12390
12843 12390 12386
12847 12390 12843
12842 1714 1556
1214 1212 1556
12830 13216 12832
15776 15971 15585
15338 15585 12836
13219 11068 12835
13219 11070 11068
11068 11070 10698
11068 10698 10901
12833 11068 10901
10901 10698 13217
13216 13218 12832
12832 13218 12834
12833 10901 10696
13217 13215 12831
13217 12831 10696
10901 13217 10696
13214 13216 12830
15776 15585 15338
13215 10334 12831
13215 10336 10334
13213 10334 10336
12829 10334 13213
13212 13214 12828
12828 13214 12830
13213 13211 12827
13213 12827 12829
1560 12826 13210
1554 12826 1560
1560 12828 1554
1560 13212 12828
13211 9970 12827
13211 9972 9970
13209 9970 9972
12912 13108 13482
13220 13224 12838
12838 13224 1555
13224 1714 1555
15971 12841 15973
15971 12837 12841
15585 15971 15973
15585 15973 13223
15340 15585 13223
13222 15139 14890
15340 13222 14890
12836 15340 14890
15585 15340 12836
14890 15139 12840
13221 13296 13482
12912 13482 13296
11539 13493 11537
12544 13108 12912
12544 12728 13108
12188 12728 12544
12188 12382 12728
11822 12382 12188
11822 12030 12382
11448 11446 11822
11822 11446 12030
11446 12839 12030
13219 11446 11448
12835 11446 13219
13218 13220 12834
12834 13220 12838
12837 15971 15776
10427 9971 10049
7125 13506 13134
13506 7505 13134
13506 7415 7505
7125 7027 13130
13509 13505 13129
13509 13129 13133
13508 13132 13128
13508 13128 12994
12913 13508 12994
12913 12994 13504
11169 13127 11069
11169 10697 10797
11169 11069 10697
10797 10335 10427
10797 10697 10335
7027 7125 13134
10427 10335 9971
9681 10049 9683
9683 10049 13131
10049 9971 13131
9681 13507 13503
9683 13507 9681
7033 13506 7125
6651 6727 13130
6727 13502 13130
13502 7125 13130
13502 7033 7125
6727 6651 13126
13125 5303 13501
13125 5299 5303
13129 5303 5299
13137 5363 5300
13677 13516 13675
13675 13512 13677
13675 13136 13512
13135 8921 13511
13135 8919 8921
8921 8919 8547
8547 8919 8545
13139 8547 8545
13515 8547 13139
7509 13510 13514
7505 13510 7509
7509 7129 7505
7505 7129 13134
7129 7028 13134
7028 7129 13138
13505 5303 13129
13513 13509 13133
13513 13133 5300
5363 13513 5300
13295 13512 13136
13297 13512 13295
13295 13508 13297
13295 13132 13508
9683 13131 9603
9261 9263 9603
9603 9263 9683
9263 13507 9683
13135 9263 9261
13511 9263 13135
7415 13510 7505
13494 12545 12615
12615 12543 13122
11541 13121 11447
13123 13499 13495
13123 13495 11541
11447 13123 11541
6301 13498 6351
6351 5959 6301
6013 5959 6351
6013 5635 5959
5687 5635 6013
13497 5635 5687
12545 13496 12615
12187 12263 13122
12263 13494 13122
13494 12615 13122
12615 13496 12543
12263 12187 13120
11539 13121 11541
11539 13119 13121
11539 13495 13493
11541 13495 11539
12189 13494 12263
11821 11823 12189
11821 12189 12263
13120 11821 12263
13492 11823 11537
11539 11537 13119
11537 11823 13119
11823 11821 13119
11537 13493 13491
13503 9605 9681
12994 13128 12911
13500 13504 13124
13124 13504 12911
13504 12994 12911
13123 13127 13499
13499 13127 11071
13127 11169 11071
11169 10699 11071
10797 10699 11169
10797 10337 10699
10427 10337 10797
10427 9973 10337
10049 9973 10427
10049 9605 9973
9681 9605 10049
13567 7592 7414
6653 13502 6727
6299 6351 13126
6351 13498 13126
13498 6727 13126
13498 6653 6727
6351 5957 6013
6351 6299 5957
6013 5631 5687
6013 5957 5631
13125 13501 13497
13125 13497 5687
5631 13125 5687
13496 13500 13124
13496 13124 12543
7891 13510 7889
5304 5364 13513
13760 13516 13677
13892 13894 13512
13512 13894 13677
13894 13760 13677
13511 8923 13891
13511 8921 8923
8923 8921 8549
8549 8921 8547
8187 8549 8547
8187 8547 13515
8255 8187 13515
8255 7891 7889
8255 7889 13890
8187 8255 13890
13893 5364 5304
7891 13514 13510
13893 5308 5364
13889 13509 13513
13889 13513 5364
5308 13889 5364
13297 13892 13512
13299 13892 13297
13297 13888 13299
13297 13508 13888
13507 9265 13887
13507 9263 9265
13511 9265 9263
13891 9265 13511
7821 13890 7889
7415 7419 7821
7897 13522 13518
15341 15781 15859
13526 15341 15859
15343 15341 14895
14895 15341 14893
14463 14895 14893
14463 14893 13525
14553 14463 13525
14051 14053 14463
14051 14463 14553
13524 14051 14553
14051 13896 14053
14051 13520 13896
7895 13523 7897
7895 13519 13523
7897 13518 7895
7415 7821 7889
13897 13895 13517
13897 13517 13521
13896 13520 13516
13896 13516 13760
13679 13896 13760
13679 13760 13894
8255 13515 8185
7891 8255 7895
7895 8255 13519
8255 8185 13519
7895 13514 7891
7895 13518 13514
13895 13893 13517
13517 13893 5304
10793 10341 10703
13503 13879 9677
9605 13503 9677
6653 13882 13502
6655 13882 6653
6653 13878 6655
6653 13498 13878
13881 13877 13497
13881 13497 13501
13876 13880 13496
13496 13880 13500
11163 13499 11165
11163 13495 13499
11163 11165 10793
11163 10793 10703
13875 11163 10703
13503 13883 13879
10423 10341 10793
10423 10047 10045
10423 10045 13874
10341 10423 13874
10045 10047 9677
10045 9677 9607
13873 10045 9607
13879 9607 9677
6301 13878 13498
6303 13878 6301
6303 6301 5961
5961 6301 5959
5961 5959 5637
5637 5959 5635
13497 5637 5635
13501 5307 13881
13510 7415 7889
7415 13886 7419
7415 13506 13886
13889 13885 13505
13889 13505 13509
12913 13888 13508
12915 13888 12913
12913 13884 12915
12913 13504 13884
13887 13883 13503
13887 13503 13507
7033 13886 13506
7035 13886 7033
7033 13882 7035
7033 13502 13882
15341 15343 15781
13501 5303 5307
13505 5307 5303
13885 5307 13505
13880 13884 13500
13500 13884 13504
11165 13499 11071
11165 10699 10793
11165 11071 10699
10793 10337 10423
10793 10699 10337
10423 9973 10047
10423 10337 9973
10047 9605 9677
10047 9973 9605
1565 13914 1561
13543 6060 6054
13545 6060 13543
2571 13916 13544
2573 13916 2571
2573 2571 2215
2215 2571 2213
2215 2213 1893
1893 2213 1891
1891 13914 1893
1891 13542 13914
13915 5962 6054
13913 13541 13543
13913 13543 6054
5962 13913 6054
1561 13914 13542
13915 6054 6060
1565 1561 1217
1217 1561 1215
1215 829 1217
1217 829 13912
829 941 13912
941 829 13540
13541 13913 13539
13539 13913 5725
13913 5638 5725
5725 5638 13911
831 13912 941
441 443 831
441 831 941
13540 441 941
441 13910 443
2907 13920 13548
13922 13552 3227
3257 13922 3227
3257 3227 13550
13923 13921 13549
13923 13549 13551
3229 13922 3257
13548 13920 13550
13550 13920 3257
13920 3229 3257
13921 7034 13549
13921 7036 7034
7034 7036 6656
7034 6656 6767
13547 7034 6767
6767 6656 13919
441 13538 13910
2909 13920 2907
2907 13918 2909
2907 13546 13918
13547 6767 6654
6302 6654 6304
6304 6654 13919
6654 6767 13919
5960 6302 6304
5960 6304 13917
6060 5960 13917
5960 6060 13545
13916 13918 13544
13544 13918 13546
13915 6060 13917
75 13900 147
13905 4769 4809
13530 13902 13904
13530 13904 161
72 13530 161
72 161 13532
13903 13901 13529
13903 13529 13531
13900 13902 13530
13900 13530 71
147 13900 71
147 71 13528
13527 5017 13899
13527 5015 5017
13529 5017 5015
13901 5017 13529
13533 4809 4769
15779 15859 13528
15859 13898 13528
13898 147 13528
13898 75 147
15859 15779 13526
14553 13525 14461
14553 14461 13524
7897 13523 7819
7897 7819 13522
13521 5309 13897
13521 5305 5309
13527 5309 5305
13899 5309 13527
15781 13898 15859
13535 5016 13907
13539 5725 5636
5310 5383 13537
13911 5310 13537
5636 13911 13537
5725 13911 5636
5383 5310 13909
73 13910 13538
77 13910 73
73 13908 77
73 13536 13908
13537 5383 5306
5016 5306 5018
5018 5306 13909
5306 5383 13909
13907 5016 5018
13877 5637 13497
165 13906 76
13536 13534 13908
13908 13534 76
13534 165 76
13535 13907 13533
13533 13907 4809
13907 4770 4809
4809 4770 13905
165 13904 13906
161 13904 165
165 13532 161
165 13534 13532
13531 13533 13903
13903 13533 4769
1560 13210 1562
9606 9785 13583
9606 9409 9785
9264 9409 9606
9264 9077 9409
8922 9077 9264
9077 8922 13581
3577 13580 3510
3510 3319 3577
3228 3319 3510
3228 3019 3319
2908 3019 3228
2908 2687 3019
2572 2687 2908
2687 2572 13579
1562 13210 13578
9785 10175 13583
1562 13212 1560
1562 13582 13212
13211 10167 9972
9785 9781 10167
10167 9781 9972
9781 13209 9972
9405 9781 9785
9405 9785 9409
9071 9405 9409
9071 9409 9077
8713 9071 9077
8713 9077 13581
8548 8713 13581
8713 8548 13577
3811 13576 3762
1703 13214 1699
10698 11070 10700
10700 11070 13589
11070 11291 13589
13587 10698 10700
13217 10698 13587
1703 13586 1564
13218 13216 13588
13588 13216 1564
13216 1703 1564
13217 13587 13215
13215 13587 10531
13587 10338 10531
10531 10338 13585
1703 13584 13586
1699 13584 1703
13580 3577 3508
1703 13216 13214
13215 10531 10336
9974 10175 13213
13585 9974 13213
10336 13585 13213
10531 13585 10336
10175 9974 13583
1563 13584 1699
13212 13582 13214
13214 13582 1699
13582 1563 1699
10167 13213 10175
10167 13211 13213
9785 10167 10175
13571 8184 8186
13574 3761 3811
13207 2331 2212
2212 2331 13206
8701 13205 8707
8701 13203 13205
8701 13575 13573
8707 13575 8701
3760 13202 13572
3758 13202 3760
3760 13204 3758
3760 13574 13204
13203 8701 8546
8184 8546 8186
8186 8546 13573
8546 8701 13573
13208 13574 3811
13201 8184 13571
13570 13572 13200
13200 13572 13202
13571 7818 13201
13571 7820 7818
13569 7818 7820
13199 7818 13569
4114 13198 13568
4112 13198 4114
4112 4114 3976
4112 3976 3974
3976 13200 3974
3976 13570 13200
13569 13567 13199
13199 13567 7414
2331 2214 13206
3762 13580 3508
13208 3762 3508
3811 3762 13208
3508 3319 3226
3508 3577 3319
3226 3019 2906
3226 3319 3019
2906 2687 2570
2906 3019 2687
2214 2331 13207
13579 2214 13207
2570 13579 13207
2687 13579 2570
2214 1892 1890
2214 1890 13206
13219 11291 11070
1892 13210 1890
1892 13578 13210
13209 9781 9604
9604 9405 9262
9604 9781 9405
9262 9071 8920
9262 9405 9071
8713 8707 9071
9071 8707 8920
8707 13205 8920
8707 13577 13575
8713 13577 8707
3761 13576 3811
13204 13574 13208
255 13596 74
10043 13871 10041
11825 13870 11901
11449 11451 11825
11449 11825 11901
13492 11449 11901
11073 11451 11449
11073 11449 13491
11159 11073 13491
11159 10701 11073
10785 10701 11159
10785 10339 10701
10415 10339 10785
10415 9975 10339
10041 9975 10415
13869 9975 10041
10041 13871 13869
74 15975 255
15780 15975 74
15975 15780 13595
13226 14242 14050
13676 14242 13864
14050 14242 13676
13676 13864 13225
13224 1392 1214
830 828 1214
830 1214 1392
13594 830 1392
828 830 442
828 442 440
440 442 70
70 442 255
10045 13873 10043
12545 13876 13496
12547 13876 12545
12545 13872 12547
12545 13494 13872
11161 13495 11163
11161 13493 13495
10787 11161 11163
10787 11163 13875
10702 10787 13875
10702 10417 10787
10340 10417 10702
10045 10043 10417
10045 10417 10340
13874 10045 10340
10043 13873 13871
442 13596 255
12189 13872 13494
12191 13872 12189
12189 11823 12191
12191 11823 13870
11823 11901 13870
11901 11823 13492
11159 13493 11161
11159 13491 13493
10785 11159 11161
10785 11161 10787
10415 10785 10787
10415 10787 10417
10041 10415 10417
10041 10417 10043
13590 11450 12022
13678 13860 14238
13298 13296 13678
13678 13296 13860
13296 13221 13860
13296 13298 12914
13296 12914 12912
12544 12912 12914
12544 12914 13591
12720 12544 13591
12188 12720 12376
12544 12720 12188
11822 12376 12022
12188 12376 11822
11450 11448 11822
11450 11822 12022
13678 14238 14052
11448 11450 11072
11448 11072 11291
13219 11448 11291
11291 11072 13589
13220 13218 13588
13220 13588 1216
1390 13220 1216
1216 13592 1390
13591 12546 12720
12190 12720 12546
12190 12376 12720
11824 12376 12190
11824 12022 12376
11824 13590 12022
13221 13864 13860
70 15975 15778
70 255 15975
15342 15589 13223
13595 15342 13223
15778 13595 13223
15975 13595 15778
15342 13593 15589
15140 14892 13222
14460 15140 14668
14892 15140 14460
14668 14238 14242
14668 14242 13226
14460 14668 13226
14238 13860 14242
14242 13860 13864
12825 9970 13209
13225 13864 13221
13224 1390 1392
13220 1390 13224
13594 1390 13592
13594 1392 1390
13223 15589 15340
15340 14894 15140
15340 15140 13222
14894 15340 13593
15340 15589 13593
14462 15140 14894
14462 14668 15140
14052 14668 14462
14052 14238 14668
9765 10141 10151
10159 12825 10151
3313 12822 3224
3224 3009 3313
2904 3009 3224
2904 2675 3009
2568 2675 2904
2568 2325 2675
2210 2325 2568
2210 1993 2325
1886 1993 2210
12456 12454 12824
12824 12454 1886
12454 1993 1886
10141 12455 10151
10141 12453 12455
10151 12825 12823
9765 10151 12823
9602 9765 12823
9602 9395 9765
9260 9395 9602
9260 9063 9395
8918 9063 9260
9063 8918 12821
3571 12820 3506
3313 3309 3571
3313 3571 3506
12822 3313 3506
3001 3309 3313
3001 3313 3009
2669 3001 3009
2669 3009 2675
12829 12827 12459
12464 1698 1702
12462 1698 12464
12832 1698 12830
12832 1702 1698
12463 10897 10694
10334 10523 12461
12831 10334 12461
10694 12831 12461
10897 12831 10694
10523 10334 12829
12462 1692 1698
12460 1692 12462
12830 1692 12828
12830 1698 1692
12461 10523 10332
2675 2325 2669
12829 12459 10332
10523 12829 10332
12460 12458 12826
12460 12826 1554
1692 12460 1554
1554 12828 1692
12459 12827 12457
12457 12827 10159
12827 9970 10159
10159 9970 12825
12824 12826 12456
12456 12826 12458
10151 12457 10159
10151 12455 12457
8331 8691 12817
8691 9053 9057
8691 9057 12819
8544 8691 12819
8691 8544 12817
12446 12816 12818
12446 12818 3805
3754 12446 3805
3754 3805 12450
12449 2995 2902
2902 2995 12448
12447 9053 8916
8691 8685 9053
9053 8685 8916
8685 12445 8916
8331 8685 8691
9053 12447 12451
8182 8331 12817
8182 7971 8331
7816 7971 8182
7816 7591 7971
7410 7591 7816
7591 7410 12815
3993 12814 3972
3993 3972 12816
12816 12446 3753
3993 12816 3753
3801 3993 3753
3801 3753 12444
12445 8685 8542
8542 8331 8180
8542 8685 8331
3805 12818 3756
2669 2325 12452
2325 2208 12452
2208 1993 1884
2208 2325 1993
1884 1993 12454
12453 10141 9968
9968 9765 9600
9968 10141 9765
9600 9395 9258
9600 9765 9395
9063 9057 9395
9395 9057 9258
9057 12451 9258
9057 12821 12819
9063 12821 9057
10897 10696 12831
12820 3571 3504
3756 12820 3504
12450 3756 3504
3805 3756 12450
3504 3309 3222
3504 3571 3309
3001 2995 3309
3309 2995 3222
2995 12449 3222
3001 2669 2995
2995 2669 12448
2669 2566 12448
2566 2669 12452
9053 12451 9057
14671 12844 14458
12848 12542 13118
12540 12542 12186
12540 12186 12184
12847 12184 12186
12479 12184 12847
12478 1396 1210
826 822 1210
826 1210 1396
12846 826 1396
822 826 438
822 438 434
62 434 438
62 438 12845
254 62 12845
62 254 12477
12542 12908 13118
14458 14048 14046
14458 14046 12476
14671 14458 12476
14046 14048 13674
14046 13674 13670
13674 13294 13670
13670 13294 12480
13294 13488 12480
12910 13488 13294
12910 13118 13488
12910 12848 13118
12847 12843 12479
12479 12843 11818
12843 12036 11818
11818 12036 12475
11905 11543 11447
6299 13126 6355
5953 5957 6299
5953 6299 6355
12740 5953 6355
5957 5953 5631
5631 5953 5627
12739 5631 5627
13125 5631 12739
12543 13124 12617
12617 12267 12265
12617 12265 13122
12543 12617 13122
11905 12265 12267
11905 12267 11909
11905 11909 11543
1556 12474 12842
13121 11905 11447
13123 11447 11543
12187 13122 12265
12265 11905 11903
12265 11903 13120
12187 12265 13120
11903 13121 13119
11905 13121 11903
11821 13120 11903
13119 11821 11903
12480 13488 13292
12908 13488 13118
13292 13488 12908
12542 12540 12908
11653 12465 12467
12839 11446 12467
11816 12839 12467
12029 12839 11816
11657 11446 12835
12470 1708 1712
12466 1708 12470
12838 1708 12834
12838 1712 1708
12837 15774 12469
12837 15776 15774
15774 15776 15338
15774 15338 15336
15338 12468 15336
15338 12836 12468
11653 12467 11657
11446 11657 12467
11285 11653 11657
11285 11657 12835
11068 11285 12835
11285 11068 12833
12466 1702 1708
12464 1702 12466
12834 1702 12832
12834 1708 1702
12465 11653 11444
11444 11285 11066
11444 11653 11285
10696 10897 12463
12833 10696 12463
11066 12833 12463
11285 12833 11066
12471 12843 12029
1552 12474 1556
1556 1212 1552
1552 1212 12478
1212 1396 12478
1212 12846 1396
12845 66 254
12841 12473 12477
12841 12477 254
66 12841 254
12472 12840 12844
12472 12844 14671
14456 12472 14671
14456 14671 12476
12843 12471 11817
12843 11817 12036
8180 7971 7814
12843 11820 12029
12839 12029 11820
11817 12475 12036
12842 12474 12470
12842 12470 1712
1555 12842 1712
1555 1712 12838
12841 12837 12469
12841 12469 12473
14890 12468 12836
14888 12468 14890
14890 12472 14888
14890 12840 12472
12471 12029 11816
64 540 436
5065 12781 12777
5067 12781 5065
1883 12780 12412
1885 12780 1883
1885 1883 1553
1553 1883 1551
1553 1551 1211
1211 1551 1290
1551 12410 1290
920 1290 12776
920 12776 824
1290 920 1211
920 12779 1211
436 920 824
436 540 920
5065 12411 12413
64 164 540
64 12778 164
12409 7407 12775
12409 7403 7407
7407 7403 7025
7025 7403 7023
7023 6647 7025
7025 6647 12774
6647 6751 12774
6751 6293 6381
6751 6647 6293
6381 6293 12408
5061 12411 5065
5061 12407 12411
5061 12777 12773
5296 5298 5012
2567 2608 12786
12419 5727 5626
12787 12785 12417
12787 12417 5626
5727 12787 5626
2608 12418 2565
12784 12786 12416
12416 12786 2565
12786 2608 2565
12785 12783 12415
12785 12415 12417
12782 12784 12414
12414 12784 12416
12783 5296 12415
12783 5298 5296
5065 12777 5061
5296 5012 5067
12413 5296 5067
5067 5012 12781
2207 12782 12414
2209 12782 2207
2207 12780 2209
2207 12412 12780
12779 920 825
540 825 920
540 437 825
164 437 540
164 65 437
65 164 12778
5065 12413 5067
433 12768 12404
12405 12767 7812
12767 7900 7812
7812 7900 12403
6297 12770 6377
6377 5955 6297
6035 5955 6377
6035 5629 5955
5707 5629 6035
5707 5369 5367
5707 5367 12766
5629 5707 12766
5367 5369 5057
5367 5057 5011
12765 5367 5011
12769 5011 5057
12771 12767 12405
435 12768 433
435 433 63
63 433 140
433 12402 140
63 140 12764
15007 12401 14887
14455 14457 14887
14887 14457 15007
14457 12763 15007
14457 14455 14047
14047 14455 14045
14045 13669 14047
14047 13669 12762
13669 13769 12762
13769 13669 12400
6035 6381 5951
1290 12410 1209
910 823 12406
823 12776 12406
12776 1209 12406
12776 1290 1209
823 910 12772
12405 7815 12771
12405 7813 7815
12409 7815 7813
12775 7815 12409
6649 12774 6751
6751 6381 6377
6751 6377 12770
6649 6751 12770
6377 6381 6035
12420 12418 2608
6381 12408 5951
6035 5625 5707
6035 5951 5625
5707 5295 5369
5707 5625 5295
5057 5369 5061
5061 5369 12407
5369 5295 12407
5057 12773 12769
5061 12773 5057
910 12406 821
12768 12772 12404
12404 12772 821
12772 910 821
12435 7409 12805
3989 3795 3789
3989 3789 12808
3969 3989 12808
3549 3789 3795
3549 3795 3553
3553 12438 3549
3553 12440 12438
12809 12807 12437
12809 12437 12439
3755 12808 3789
3789 12806 3755
3789 3549 3502
12806 3789 3502
12436 12806 3502
3502 3549 12438
3969 12810 3989
12435 7405 7409
12437 7409 7405
12807 7409 12437
3501 12806 12436
3505 12806 3501
3501 12804 3505
3501 12434 12804
12805 12803 12433
12805 12433 12435
12802 12804 12434
12802 12434 3221
3267 12802 3221
3267 3221 12432
12803 12801 12431
12803 12431 12433
7581 12441 12443
8180 8331 7971
7591 7587 7971
7971 7587 7814
7587 12443 7814
7587 12815 12813
7591 12815 7587
3971 12814 3993
3993 3801 3799
3993 3799 12812
3971 3993 12812
3799 3801 3557
3557 3801 3503
3801 12444 3503
3557 3503 12442
7581 12443 7587
3223 12802 3267
7581 12813 12811
7587 12813 7581
3989 12810 3970
3799 3795 3989
3799 3989 3970
12812 3799 3970
3553 3795 3799
3553 3799 3557
3557 12440 3553
3557 12442 12440
12441 7581 7406
12811 12809 12439
12811 12439 7406
7581 12811 7406
2933 2901 12420
12790 12794 12422
12422 12794 12424
12423 12793 12421
12421 12793 6763
12793 6650 6763
6405 6403 6763
6405 6763 6650
12792 6405 6650
6053 6403 6405
6053 6405 12791
5956 6053 12791
6053 5956 12789
12788 12790 12422
12788 12422 2901
2933 12788 2901
6405 6298 12791
12421 6763 6648
6648 6403 6294
6648 6763 6403
6294 6053 5952
6294 6403 6053
5630 5727 12419
12789 5630 12419
5952 12789 12419
6053 12789 5952
5727 5630 12787
2903 12788 2933
2933 12420 2903
2567 2903 2608
2903 12420 2608
3256 12428 3219
12430 12800 12432
12432 12800 3267
12800 3223 3267
12431 12801 12429
12429 12801 7549
12801 7408 7549
7549 7408 12799
12428 3256 3220
12800 12430 12798
12798 12430 3256
12430 3220 3256
7545 12429 7549
7545 12427 12429
7545 12799 12797
7549 12799 7545
11545 13127 11543
12796 12798 12426
12426 12798 3219
12798 3256 3219
12427 7545 7404
12797 12795 12425
12797 12425 7404
7545 12797 7404
12794 12796 12424
12424 12796 12426
12795 7024 12425
12795 7026 7024
12793 7024 7026
12423 7024 12793
6405 12792 6298
12790 13176 12794
13176 13178 12794
12794 13178 12796
13177 7026 12795
13177 7032 7026
7026 7032 6652
7026 6652 6765
12793 7026 6765
6652 6300 6298
6652 6298 12792
6765 6652 12792
6298 6300 5958
6298 5958 6059
12791 6298 6059
6059 5958 13175
13174 13176 12790
13179 12795 12797
12793 6765 6650
6650 6765 12792
12791 6059 5956
13175 13173 12789
13175 12789 5956
6059 13175 5956
13174 12790 12788
13174 12788 2934
2905 13174 2934
2905 2934 13172
13173 13171 12789
12789 13171 5630
13171 5728 5630
5630 5728 12787
2934 12788 2903
13182 3507 3535
3539 3505 12804
13187 13185 12803
13187 12803 12805
3539 13184 13186
3535 13184 3539
3539 12802 3535
3539 12804 12802
12803 13185 12801
12801 13185 7553
13185 7412 7553
7553 7412 13183
3507 13184 3535
3223 3263 12802
3263 13182 12802
13182 3535 12802
2903 2567 2569
3263 3223 12800
12801 7553 7408
13183 13181 12799
13183 12799 7408
7553 13183 7408
3225 13182 3263
12798 13180 12800
12800 13180 3263
13180 3225 3263
13181 13179 12797
13181 12797 12799
13178 13180 12796
12796 13180 12798
13179 13177 12795
13163 5012 5014
1308 1626 1302
1302 1626 13165
1626 1558 13165
1302 930 1308
1308 930 13168
930 827 13168
544 827 930
544 439 827
168 439 544
168 69 439
69 168 13164
13167 5298 12783
13167 5302 5298
5298 5302 5014
5298 5014 5012
1558 1626 1942
12781 5012 13163
2248 12782 2209
1932 1887 12780
1887 13166 12780
13166 2209 12780
13166 2248 2209
1616 1887 1932
1616 1557 1887
1296 1302 1616
1616 1302 1557
1302 13165 1557
930 1302 1296
930 1296 12779
825 930 12779
544 825 437
2256 1942 1946
2903 2569 13172
2934 2903 13172
2569 2567 2211
2211 2567 2256
2567 12786 2256
1946 2211 2256
1946 1889 2211
1889 1946 13170
13171 5634 5728
13169 12785 12787
13169 12787 5728
5634 13169 5728
12786 2252 2256
12784 2252 12786
2252 1942 2256
13186 3757 3781
1942 1626 1946
1946 1626 13170
1626 1559 13170
1308 1559 1626
1308 1213 1559
1213 1308 13168
13169 13167 12783
13169 12783 12785
12784 2248 2252
12782 2248 12784
2252 2248 1942
1942 2248 1888
2248 13166 1888
1558 1942 1888
3758 13204 3506
2568 2681 13207
2210 2212 1886
1886 2212 1997
2212 13206 1997
1886 1997 12824
12823 9773 9602
9602 9401 9260
9602 9773 9401
9260 9067 8918
9260 9401 9067
13205 13203 12821
13205 12821 8918
9067 13205 8918
3807 13202 3758
13204 3573 3506
2212 2568 13207
12820 3758 3506
3807 3758 12820
3506 3573 12822
12821 13203 12819
12819 13203 8697
13203 8546 8697
8546 8345 8697
8184 8345 8546
8345 8184 13201
12818 13200 13202
12818 13202 3807
3756 12818 3807
3756 3807 12820
12819 8697 8544
8345 8339 8697
9604 9401 9773
3575 13208 3508
3508 3317 3575
3226 3317 3508
3226 3015 3317
2906 3015 3226
2906 2681 3015
2570 2681 2906
2681 2570 13207
1997 13206 1890
12826 12824 13210
13210 12824 1890
12824 1997 1890
12825 13209 12823
12823 13209 9773
13209 9604 9773
8697 8339 8544
9262 9401 9604
9262 9067 9401
8920 9067 9262
9067 8920 13205
3575 13204 13208
3573 13204 3575
3575 3317 3573
3573 3317 12822
3317 3224 12822
3224 3015 2904
3224 3317 3015
2904 2681 2568
2904 3015 2681
2210 2568 2212
13191 12807 12809
13194 4111 4115
3991 3971 12812
13195 13193 12811
13195 12811 12813
12810 13192 13194
12810 13194 3991
3970 12810 3991
3970 3991 12812
13193 13191 12809
13193 12809 12811
13190 13192 12810
13190 12810 3969
3987 13190 3969
3987 3969 12808
13191 13189 12807
13194 4115 12814
3973 13190 3987
3755 3781 12808
3781 13188 12808
13188 3987 12808
13188 3973 3987
3781 3755 12806
12805 7413 13187
12805 7409 7413
12807 7413 7409
13189 7413 12807
3757 13188 3781
3505 3539 12806
3539 13186 12806
13186 3781 12806
7414 7816 13199
8339 12817 8544
7979 8339 8345
7979 8345 13201
7818 7979 13201
7979 7818 13199
4117 13198 4112
4112 3995 4117
3974 3995 4112
12818 12816 13200
13200 12816 3974
12816 3995 3974
12817 8339 8182
8182 7979 7816
8182 8339 7979
7410 7816 7414
930 825 544
7816 7979 13199
13197 7410 7414
12815 7410 13197
4117 13196 13198
4115 13196 4117
4117 3995 4115
4115 3995 12814
3995 3972 12814
3972 3995 12816
13197 13195 12813
13197 12813 12815
4111 13196 4115
3971 3991 12814
3991 13194 12814
6735 7127 7028
13675 13140 13671
13671 13136 13675
13671 12752 13136
9329 12751 9259
8919 9259 12750
8919 12750 8986
9259 8919 9329
8919 13135 9329
8545 8919 8543
8543 8919 12749
8919 8986 12749
12755 8545 8543
13139 8545 12755
7127 13134 7028
6735 6733 7127
13671 13140 12756
13138 6735 7028
6735 12748 6733
6735 12754 12748
5693 12753 5695
5693 12747 12753
5359 5693 5695
5359 5695 13137
5300 5359 13137
5359 5300 13133
13293 13136 12752
13295 13136 13293
13293 13132 13295
13293 12746 13132
10051 12745 9969
9601 9603 9969
13672 13765 12760
6737 7133 7137
6737 7137 6741
6741 6367 6737
6737 6367 12758
6367 6296 12758
6025 6023 6367
6367 6023 6296
6023 12757 6296
6023 6025 5701
6023 5701 5633
13141 6023 5633
13145 5633 5701
12756 13140 13144
12756 13144 13765
13672 12756 13765
9969 9603 10051
13143 13139 12755
13143 12755 12759
7029 13142 7133
7133 6737 6735
7133 6735 13138
7029 7133 13138
6737 12754 6735
6737 12758 12754
12757 6023 5954
5632 5695 12753
13141 5632 12753
5954 13141 12753
6023 13141 5954
5695 5632 13137
13125 12743 5299
11069 11067 10697
10697 11067 10695
10697 10695 10335
10335 10695 10333
9971 10335 10333
9971 10333 12745
10051 9971 12745
13131 9971 10051
6651 13130 6731
6731 6357 6355
6731 6355 13126
6651 6731 13126
6357 12740 6355
6357 12744 12740
12739 12743 13125
11069 13127 11545
12743 5355 5299
13129 5299 5355
12909 13128 12742
12911 13128 12909
12909 12541 12911
12911 12541 13124
12541 12617 13124
12267 12617 12269
12269 12617 12741
12617 12541 12741
11909 12267 12269
11909 12269 11911
11543 11909 11911
11543 11911 11545
11543 13127 13123
12747 5693 5628
9603 13131 10051
9261 9603 9601
9261 9601 12751
9329 9261 12751
9261 9329 13135
12750 8917 8986
8986 8917 12749
7027 13134 7127
7127 6733 6731
7127 6731 13130
7027 7127 13130
6731 6733 6357
6357 6733 6295
6733 12748 6295
6357 6295 12744
7133 13142 7137
5359 5355 5693
5693 5355 5628
5355 12743 5628
5355 13133 13129
5359 13133 5355
13128 13132 12742
12742 13132 12746
12269 12741 12185
12269 11819 11911
12269 12185 11819
11911 11445 11545
11911 11819 11445
11067 11069 11445
11445 11069 11545
6749 6649 12770
532 522 160
160 522 68
522 13158 68
68 13160 160
7905 12771 7815
7815 12775 7525
7905 7815 7525
7411 7905 7525
13157 7905 7411
7525 7031 7411
7145 7031 7525
6649 6749 12774
6749 13156 12774
13156 7145 12774
13156 7031 7145
12772 522 823
13159 13155 12769
13159 12769 12773
12772 516 522
12768 516 12772
516 146 522
522 146 13158
146 67 13158
67 146 13154
12767 12771 13153
13153 12771 7817
12771 7905 7817
13157 7817 7905
6749 13152 13156
6745 13152 6749
6745 6749 6373
824 914 436
168 437 65
544 437 168
13162 13164 12778
12778 13164 65
13164 168 65
13163 13161 12777
13163 12777 12781
1932 12780 1885
1616 1885 1553
1932 1885 1616
1296 1553 1211
1616 1553 1296
1296 1211 12779
12776 914 824
436 914 532
6373 6749 6297
64 532 160
436 532 64
13162 12778 13160
13160 12778 160
12778 64 160
7525 12775 7407
7525 7025 7145
7525 7407 7025
7145 7025 12774
13161 13159 12773
13161 12773 12777
914 12776 823
522 532 914
522 914 823
15858 12764 15775
6745 6741 7137
6745 7137 7030
13152 6745 7030
6367 6741 6745
6367 6745 6373
6025 6367 6373
6025 6373 6029
5701 6025 6029
5701 6029 5703
5701 5301 13145
5297 5301 12766
5301 5701 12766
5701 5703 12766
12765 5301 5297
13151 5301 12765
7137 13146 7030
15448 15775 15337
15858 15775 15448
15337 14889 14891
15337 14891 13150
15448 15337 13150
12763 14891 14889
13149 14891 12763
13144 13148 12762
13144 12762 13673
13765 13144 13673
13765 13673 12760
13147 13143 12759
13147 12759 12761
7137 13142 13146
13154 63 12764
6749 12770 6297
6373 5955 6029
6373 6297 5955
6029 5629 5703
6029 5955 5629
5703 5629 12766
12765 5013 13151
12765 5011 5013
12769 5013 5011
13155 5013 12769
516 12768 435
146 435 63
516 435 146
15858 15777 12764
15777 13154 12764
6211 6567 1383
13154 146 63
15448 15777 15858
15448 15339 15777
15339 15448 13150
12763 14459 13149
12763 14457 14459
14459 14457 14049
14049 14457 14047
14047 13148 14049
14047 12762 13148
12761 8183 13147
12761 8181 8183
12767 8183 8181
13153 8183 12767
3106 881 1311
3407 4564 3109
3407 4566 4564
3405 4564 4566
3107 4564 3405
1319 3404 3406
1311 3404 1319
1319 3106 1311
1319 3108 3106
3405 3403 3107
3107 3403 4384
3403 4388 4384
4384 4388 3105
1265 3404 1311
881 885 1265
881 1265 1311
7102 3408 7156
881 3402 885
881 3104 3402
3401 4388 3403
3401 4386 4388
3103 4388 4386
3105 4388 3103
925 3400 884
3104 3102 3402
3402 3102 884
3102 925 884
3399 3101 3401
3401 3101 4386
3101 4383 4386
4386 4383 3103
1264 3100 3398
7870 3409 7920
10008 9648 9644
9644 9648 9308
9644 9308 9304
9304 9308 8966
9304 8966 8962
8966 8594 8962
8962 8594 3114
8594 8642 3114
8234 8642 8594
8234 8282 8642
7870 8282 8234
7870 7920 8282
7536 7474 3113
3409 7536 3113
7920 3409 3113
1260 3100 1264
7536 7156 7158
7536 7158 3112
7474 7536 3112
3412 7156 3408
3412 7158 7156
3411 3407 3109
3411 3109 3111
1319 3406 1266
3110 3108 3410
3410 3108 1266
3108 1319 1266
3409 7478 7536
7102 7536 7478
7102 7156 7536
3395 11487 11200
4808 5060 3097
4797 4808 3097
4570 4797 4563
4808 4797 4570
4570 4563 3099
3392 3396 3096
3096 3396 3098
3391 12644 12579
12579 12644 3390
3389 11938 11859
11487 11859 11483
11483 11859 3095
11859 11938 3095
11487 11483 11103
11487 11103 11200
4808 5064 5060
10818 11103 10733
11200 11103 10818
3388 3394 3094
3094 3394 10733
3394 10818 10733
3387 5712 3393
3387 5706 5712
5374 5712 5706
5374 5706 3093
5345 5374 3093
5060 5345 5047
5374 5345 5060
5060 5047 3097
3392 3096 3092
3392 3092 1610
4570 3099 4565
1260 1264 880
880 1264 925
1264 3400 925
880 925 3102
3397 5716 5679
5378 5679 5716
5378 5347 5679
5064 5347 5378
5064 5049 5347
4808 5049 5064
4808 4799 5049
4570 4799 4808
4570 4565 4799
3099 3101 3399
3099 3399 4565
10008 10012 9648
1606 3098 3396
1604 3098 1606
1606 3100 1604
1606 3398 3100
3395 11200 11109
10818 11109 11200
10818 10739 11109
10739 10818 3394
3393 5716 3397
3393 5712 5716
5712 5374 5716
5716 5374 5378
5374 5060 5378
5378 5060 5064
10848 10735 3129
7932 8298 8231
3128 7932 8231
3428 7932 3424
3428 7936 7932
3427 6008 6074
3423 3127 3131
3423 3131 6074
6008 3423 6074
3422 3426 3126
3126 3426 3130
3421 11230 11111
10848 3425 10735
3425 11111 10735
11111 3125 10735
11111 11230 3125
7932 7936 8298
3124 8290 8230
8290 7928 7932
8290 7932 3128
8230 8290 3128
7928 7544 7932
7932 7544 3424
7544 7479 3424
7479 7544 3420
3423 3419 3127
3127 3419 5678
3419 5738 5678
5678 5738 3123
3418 3422 3126
3418 3126 1261
1335 3418 1261
886 976 3134
8662 3433 8967
8658 8298 8662
8662 8298 8304
8298 7936 8304
8304 7936 7940
3432 7936 3428
3432 7940 7936
3431 3427 3135
3135 3427 6006
3427 6074 6006
6006 6074 3131
1268 3130 3426
1262 3130 1268
1268 886 1262
1262 886 3134
1335 1261 3122
886 3430 976
3425 10848 10741
10379 10741 10375
10375 10741 3129
10741 10848 3129
3133 10379 10375
3429 10379 3133
9366 3132 9305
9028 9305 8963
9366 9305 9028
8658 8963 8591
9028 8963 8658
8298 8591 8231
8658 8591 8298
3112 7158 7096
3414 1267 1335
3417 11488 11598
11224 11104 3121
3413 11224 3121
11598 3413 3121
11488 3413 11598
11104 11224 3115
3114 8642 8590
8642 8282 8286
8642 8286 3120
8590 8642 3120
8282 7920 8286
8286 7920 7924
3113 7924 7920
3119 7924 3113
3122 3414 1335
3416 3118 3412
3412 3118 7158
3118 7096 7158
3415 3411 3111
3415 3111 3117
3410 3414 3110
3110 3414 3116
3413 11110 11224
10740 10734 11110
11110 10734 11224
10734 3115 11224
10734 10740 10378
10734 10378 10374
10374 10378 10012
10374 10012 10008
7544 7475 3420
3417 11598 11489
11230 3421 11105
3421 11489 11105
11489 3121 11105
11489 11598 3121
11230 11105 3125
3124 8286 8290
3120 8286 3124
8286 7924 8290
8290 7924 7928
7544 7928 7924
7544 7924 3119
7475 7544 3119
7475 7097 7103
7475 7103 3420
1605 3392 1610
7097 3416 7103
7097 3118 3416
3419 5680 5738
5348 5346 5680
5680 5346 5738
5346 3123 5738
5346 5348 5050
5346 5050 5048
5048 5050 4800
5048 4800 4798
3415 4798 4800
3117 4798 3415
1267 3418 1335
3116 3414 3122
8961 3354 8965
3359 3059 3065
14120 3064 14083
13744 14083 13707
14120 14083 13744
13368 13707 13327
13744 13707 13368
13368 13327 3063
10731 3358 3062
10737 3358 10731
10737 10731 10373
10737 10373 10422
3357 10737 10422
10422 10373 3061
8961 3356 3060
8965 3356 8961
3359 3355 3059
8961 3058 3354
3057 7099 3353
3057 7093 7099
3059 7099 7093
3355 7099 3059
8589 3354 3058
8593 3354 8589
8593 8589 8233
8233 8589 8229
8233 8229 7869
7869 8229 7867
7869 7867 7477
7477 7867 7473
3057 7477 7473
3353 7477 3057
3067 13370 3063
3363 7094 3069
3363 7100 7094
3359 7094 7100
3065 7094 3359
14493 3362 3068
14495 3362 14493
14495 14493 14085
14085 14493 14120
14493 3064 14120
13744 14085 14120
13744 13709 14085
13368 13370 13744
13744 13370 13709
13370 3361 13709
3063 13370 13368
7225 3352 6978
11101 3360 3066
11107 3360 11101
11101 3358 11107
11101 3062 3358
3357 10422 10377
10011 10377 10007
10007 10377 3061
10377 10422 3061
10011 10007 9647
9647 10007 9643
9647 9643 9307
9307 9643 9303
9303 3356 9307
9303 3060 3356
3343 3341 3051
3054 7610 7350
3346 3056 3344
3344 3056 7610
3056 7350 7610
3055 5759 5600
5270 5415 3053
3345 5270 3053
5600 3345 3053
5759 3345 5600
5415 5270 3343
3054 7606 7610
3052 7606 3054
3344 7606 3342
3344 7610 7606
3053 5415 5268
5761 3347 5759
3343 3051 5268
5415 3343 5268
7606 3052 7349
7210 6977 3050
6977 3342 3050
3342 7349 3050
3342 7606 7349
6977 7210 3340
3341 3339 3049
3341 3049 3051
7210 3050 6975
6975 6601 6603
6975 6603 3340
7210 6975 3340
6603 6601 6261
5602 5761 5926
7225 6978 3351
7225 3350 3352
7223 3350 7225
7223 3351 3349
7225 3351 7223
7223 3348 3350
7221 3348 7223
6819 7221 7223
6819 7223 3349
6604 6819 3349
6604 6447 6819
6262 6447 6604
6262 6099 6447
5926 6099 6262
5926 5761 6099
11481 3066 3360
5761 5602 3347
3056 3346 3348
3056 3348 7221
6976 3056 7221
6976 6819 6602
6976 7221 6819
6602 6447 6260
6602 6819 6447
6260 6099 5922
6260 6447 6099
5761 5759 6099
6099 5759 5922
5759 3055 5922
5759 3347 3345
3381 12949 3087
3086 10808 10732
3384 3090 3380
3380 3090 10808
3090 10732 10808
3085 6007 3379
3085 6005 6007
3089 6007 6005
3383 6007 3089
1608 3088 1603
3378 3382 3084
3084 3382 1603
3382 1608 1603
3083 12949 3377
3083 12947 12949
3087 12949 12947
12290 12219 3091
11108 3082 3376
11102 3082 11108
11108 10738 11102
11102 10738 3086
10738 10808 3086
10738 3380 10808
3375 7132 7101
6711 7101 6709
6709 7101 3081
7101 7132 3081
6711 6709 6345
6345 6709 6343
3085 6345 6343
3379 6345 3085
1259 3378 3084
3383 3089 3387
1605 1610 3386
3385 13016 12951
12640 12644 13016
13016 12644 12951
12644 3391 12951
12640 12290 12644
12644 12290 3390
12290 12221 3390
11938 3389 11855
3389 12221 11855
12221 3091 11855
12221 12290 3091
11938 11855 3095
3384 3388 3090
3090 3388 3094
1263 3378 1259
3387 3089 5706
3089 5677 5706
5706 5677 3093
3092 1608 1610
3088 1608 3092
3386 1608 3382
3386 1610 1608
3385 12950 13016
3381 13016 12950
12640 13016 12577
13016 3381 12577
3381 3087 12577
12290 12577 12219
12640 12577 12290
11853 3368 3074
13329 3079 13375
11858 3074 3368
11854 3074 11858
11858 3078 11854
11858 3372 3078
3371 3367 3073
3371 3073 3077
3366 3370 3072
3072 3370 3076
3075 3365 13372
3075 13372 13328
3365 3075 13331
3075 13375 13331
3369 13331 13375
13372 3071 13328
3079 3369 13375
11857 3368 11853
11853 3364 11857
11853 3070 3364
3367 3363 3069
3367 3069 3073
3362 3366 3068
3068 3366 3072
3361 13372 3365
3361 13370 13372
3067 13372 13370
3071 13372 3067
11481 3364 3070
11485 3364 11481
11481 3360 11485
11482 3078 11486
1263 1259 883
883 1259 879
883 879 497
497 879 493
497 493 115
115 493 113
115 113 15817
15817 113 15815
15817 15815 15387
15387 15815 15436
15815 3080 15436
15387 15436 3374
3377 3373 3079
3377 3079 3083
11486 3078 3372
9028 8662 8967
11486 3082 11482
11486 3376 3082
3371 3077 3375
3375 3077 7132
3077 7095 7132
7132 7095 3081
15436 3080 15383
15383 14939 14941
15383 14941 3374
15436 15383 3374
14939 3370 14941
14939 3076 3370
13375 3075 13329
3079 3373 3369
7227 3606 6980
7494 7871 7880
7494 7481 7871
7116 3607 7099
3607 7481 7099
7481 3353 7099
7481 7494 3353
7116 7099 3355
8606 3354 8593
8244 8593 8233
8606 8593 8244
7880 8233 7869
8244 8233 7880
7494 7869 7477
7880 7869 7494
7494 7477 3353
7880 7871 8235
6980 6825 7227
6606 6825 6980
6825 6606 3605
8001 3604 7750
7750 7621 8001
7352 7621 7750
3606 7227 6978
7352 3606 6978
3352 7352 6978
7621 7352 3352
6825 6823 7227
7227 6823 6978
6823 3351 6978
6823 3605 3603
6825 3605 6823
3607 7116 7122
10381 10377 10015
10015 10377 10011
10015 10011 9651
9651 10011 9647
9651 9647 9311
9311 9647 9307
8978 9307 3356
9311 9307 3613
9307 8978 3613
8978 8980 3613
8978 8608 8980
8980 8608 3612
8608 8597 3612
8597 8608 3608
3607 7122 3611
8363 3602 8118
3355 7122 7116
3359 7122 3355
10737 3610 3358
10743 3610 10737
3357 10743 10737
3609 10743 3357
8978 3356 8965
8606 8608 8978
8606 8978 8965
3354 8606 8965
8606 8244 8608
8608 8244 3608
8244 8235 3608
7880 8235 8244
5417 3597 5270
7749 3600 7997
7997 7351 7749
7617 7351 7997
3346 3598 3348
3348 3598 7617
3598 7351 7617
3347 3599 3345
3345 3599 5417
3599 5272 5417
5417 5272 3597
3596 3598 3344
3344 3598 3346
3345 5417 5270
3597 3595 3343
3597 3343 5270
3347 5602 3599
3596 3344 3342
3596 3342 7214
6979 3596 7214
6979 7214 3594
3595 3593 3341
3595 3341 3343
7214 3342 6977
3592 3594 3340
3340 3594 6977
3594 7214 6977
3593 3591 3339
3593 3339 3341
6603 3592 3340
6605 3592 6603
6603 6261 6605
8363 7997 3600
8001 7999 8363
8001 8363 8118
3604 8001 8118
7619 7999 8001
7619 8001 7621
7621 3350 7619
7621 3352 3350
6821 3351 6823
6821 3349 3351
6449 6821 6823
6449 6823 3603
6264 6449 3603
6449 6264 3601
8117 3602 8363
8363 7999 7997
3357 10377 10381
8117 8363 3600
7617 7997 7999
7617 7999 7619
7619 3348 7617
7619 3350 3348
3349 6821 6604
6604 6449 6262
6604 6821 6449
5926 6262 5928
5928 6262 3601
6262 6449 3601
5926 5928 5604
5926 5604 5602
3599 5602 5604
15440 15817 15387
7101 7136 3375
6740 7101 6711
7136 7101 6740
6366 6711 6345
6740 6711 6366
6366 6345 3379
1278 3378 1263
900 1263 883
1278 1263 900
510 883 497
900 883 510
136 497 115
510 497 136
15852 115 15817
136 115 15852
7136 7512 3375
15852 15817 15440
3628 3634 3374
3374 3634 15387
3634 15440 15387
3633 3627 3373
3633 3373 3377
11492 3372 3626
11486 3372 11492
11492 3376 11486
11492 3632 3376
3631 10016 10056
10016 3630 10056
3629 7872 7894
7512 7894 7508
7508 7894 3625
10382 10438 3380
138 15852 15856
15852 15440 15856
15856 15440 15444
3638 15440 3634
3638 15444 15440
3633 3377 3637
3637 3377 13012
3377 12949 13012
13012 12949 3381
11114 3376 3632
11108 3376 11114
11108 11114 10744
11108 10744 10738
10744 10382 10738
10738 10382 3380
7894 7872 3625
10058 10438 10056
10056 10438 3631
10438 10382 3631
10058 10056 9690
9690 10056 9652
10056 3630 9652
9652 3636 9690
3635 8236 8258
7896 8258 7894
7894 8258 3629
8258 8236 3629
7894 7512 7896
7896 7512 7516
7136 7516 7512
3611 7122 7100
3621 3363 3367
3616 3620 3362
3362 3620 3366
3615 13746 13711
3361 3365 3619
3361 3619 13711
13746 3361 13711
11548 3364 11485
3614 3618 3360
3360 3618 11485
3618 11548 11485
3613 8980 8969
8969 8980 3612
3617 3611 3363
3363 3611 7100
3621 3617 3363
7100 7122 3359
14495 3616 3362
14497 3616 14495
14497 14495 14087
14087 14495 14085
14087 14085 13709
14087 13709 13746
3615 14087 13746
13746 13709 3361
11107 3614 3360
11113 3614 11107
11107 3610 11113
11107 3358 3610
3357 10381 3609
3621 3367 3371
3371 7512 7508
3375 7512 3371
14941 3628 3374
14943 3628 14941
14941 3624 14943
14941 3370 3624
3623 13376 13333
3369 3373 3627
3369 3627 13333
13376 3369 13333
3368 11916 11858
3626 3372 3622
3622 3372 11916
3372 11858 11916
3625 7482 7508
6605 6261 3590
3621 3371 7508
7482 3621 7508
3620 3624 3366
3366 3624 3370
3619 3365 3623
3623 3365 13376
3365 13331 13376
13376 13331 3369
11916 3368 11857
11548 11491 3364
11491 3622 3364
3622 11857 3364
3622 11916 11857
11491 11548 3618
3443 9374 9376
3448 3146 15388
3146 15529 15388
3447 9650 9748
9376 9306 3147
3445 9376 3147
9748 3445 3147
9650 3445 9748
8964 9376 9038
9306 9376 8964
8964 9038 3145
15529 3444 3446
15525 3444 15529
15529 3144 15525
15529 3146 3144
3443 9376 3445
3148 3146 3448
9374 9036 9376
9376 9036 9038
9038 9036 8668
9038 8668 8592
3145 9038 8592
8592 8668 3143
3142 3442 3444
3142 3444 15525
15384 3142 15525
15384 15525 3144
3441 9374 3443
3441 9372 9374
9374 9372 9036
9036 9372 8968
9372 3440 8968
15544 3154 15385
496 600 3155
3154 15544 15386
15389 3454 15549
3158 3452 15389
3158 15389 15549
3452 3158 15544
3158 15386 15544
3453 10014 10132
3451 3153 3157
3451 3157 10132
10014 3451 10132
3156 596 600
3152 596 3156
3151 600 596
3155 600 3151
8596 9036 8968
3450 3452 3150
3150 3452 15385
3452 15544 15385
3451 3449 3149
3451 3149 3153
596 3152 495
596 495 3151
3448 3450 3148
3148 3450 3150
3449 3447 3149
3149 3447 9646
3447 9748 9646
9646 9748 3147
15529 3446 15388
3134 976 882
8664 8304 8306
8306 8304 7940
8306 7940 7868
3139 8306 7868
7480 7476 7868
7480 7868 7940
3432 7480 7940
7480 3138 7476
7480 3436 3138
3137 6783 6710
6344 6710 6346
6346 6710 3435
6710 6783 3435
3431 6344 6346
3135 6344 3431
8662 8304 8664
3136 882 582
882 976 582
976 498 582
976 3430 498
498 3434 582
3133 10013 3429
3133 10009 10013
10013 10009 9649
9649 10009 9645
9649 9645 9309
9309 9645 9366
9645 3132 9366
9028 9309 9366
9028 8967 9309
8658 8662 9028
8232 8306 3139
8596 8668 9036
3439 3141 3143
3439 3143 8668
8596 3439 8668
15818 3140 3438
15816 3140 15818
15818 3142 15816
15818 3442 3142
3441 9310 9372
9310 3440 9372
3437 8664 8595
8595 8664 3439
3141 3439 8232
3439 8664 8232
8664 8306 8232
3156 600 496
7104 3138 3436
7098 3138 7104
7098 7104 6712
7098 6712 6783
3137 7098 6783
6783 6712 3435
3136 582 494
116 114 494
116 494 582
3434 116 582
116 3140 114
116 3438 3140
3433 8664 3437
3433 8662 8664
3579 4588 4533
5924 6083 3334
3585 3583 3331
3585 3331 3333
3582 3584 3332
3582 3332 5923
6079 3582 5923
6079 5923 3330
3583 3581 3329
3583 3329 3331
5927 3582 6079
5601 5603 5927
5601 5927 6079
3330 5601 6079
5601 3580 5603
5601 3328 3580
5924 3332 6083
3327 3329 3581
3327 3581 4533
4588 3327 4533
5269 3580 3328
5271 3580 5269
5271 5269 4987
4987 5269 4985
4987 4985 4757
4757 4985 4755
4757 4755 4531
4757 4531 4588
3579 4757 4588
4588 4531 3327
11999 3464 11860
11999 11860 3463
4986 3589 4836
6261 6437 3590
6437 6261 3338
3339 3591 3337
3337 3591 5095
3591 4988 5095
5095 4988 3589
6263 3590 6437
5925 6087 3338
6087 3588 3338
3588 6437 3338
3588 6263 6437
6087 5925 3336
3337 5095 4986
3589 4986 5095
3589 3587 4836
3166 10882 10736
4756 4986 4836
4756 4836 3335
6087 3586 3588
6083 3586 6087
6087 3334 6083
6087 3336 3334
3587 4758 4836
4534 4532 4758
4758 4532 4836
4532 3335 4836
3585 4532 4534
3333 4532 3585
3332 3584 3586
3332 3586 6083
3162 3158 3458
14086 14494 3461
14494 14639 3461
14084 14086 13710
14084 13710 13823
3161 14084 13823
13823 13710 3457
3160 3456 3460
3160 3460 12701
12578 3160 12701
12578 12701 3164
3459 10380 10498
3455 3159 3163
3455 3163 10498
10380 3455 10498
15549 3454 15390
14084 14494 14086
3458 3158 15390
3158 15549 15390
3161 13823 13708
13330 13708 13332
13332 13708 3457
13708 13823 3457
13330 13332 12952
13330 12952 12948
12952 3160 12948
12952 3456 3160
3455 3453 3159
3159 3453 10010
3453 10132 10010
10010 10132 3157
11484 11490 11112
10736 10882 3165
15109 3462 14942
14942 14639 15109
14496 14639 14942
14639 14496 3461
12701 3460 12580
12580 12222 12220
12580 12220 3164
12701 12580 3164
12220 12222 11856
11856 12222 11999
12222 3464 11999
11484 11856 11490
11490 11856 3463
11856 11999 3463
6261 6601 6436
11484 11112 11106
11112 10742 11106
11106 10742 3166
10742 10882 3166
10498 10376 3165
3459 10498 3165
10882 3459 3165
10742 3459 10882
10376 10498 3163
3162 3458 3462
3162 3462 15109
14940 3162 15109
14940 14639 14494
14940 15109 14639
14491 14081 14083
10791 10729 10369
10007 10369 2732
10007 2732 10046
10369 10007 10421
10007 3061 10421
9676 10007 10046
9676 9643 10007
9322 9643 9676
9322 9303 9643
9303 9322 3060
7115 2735 7121
7115 2731 2735
7115 3065 3059
7121 3065 7115
14530 2734 14491
10791 10369 10421
14491 14083 3064
14530 14491 3064
14083 14081 13707
13707 14081 13705
13707 13705 13327
13327 13705 13325
2733 13327 13325
3063 13327 2733
10731 3062 10791
10791 10373 10731
10421 10373 10791
10373 10421 3061
2732 10003 10046
9676 10003 9637
10046 10003 9676
2739 3069 2735
3070 11915 2744
3070 11853 11915
11547 11477 2740
3073 3069 2739
3073 2739 2743
3068 3072 2738
2738 3072 2742
3071 3067 2737
3071 2737 2741
11481 3070 11547
11099 11167 2740
11167 3066 2740
3066 11547 2740
3066 11481 11547
11167 11099 2736
9322 9637 9299
2735 3069 7121
3069 7094 7121
7121 7094 3065
3068 2738 2734
3068 2734 14530
14493 3068 14530
14493 14530 3064
3067 3063 2733
3067 2733 2737
11101 3066 11167
10729 10791 2736
10791 3062 2736
3062 11167 2736
3062 11101 11167
3053 5598 5600
6600 6260 6445
2727 6600 6445
6260 6097 6445
5922 6097 6260
6097 5922 3055
2728 2726 3054
2728 3054 7350
7614 2728 7350
7350 3056 7614
2727 6445 6258
6258 6097 5920
6258 6445 6097
5598 5920 5600
5600 5920 3055
5920 6097 3055
6600 6602 6260
2725 5598 3053
3052 3054 2724
2724 3054 2726
2725 3053 2723
2723 3053 5413
3053 5268 5413
5413 5268 3051
7347 3052 2724
7349 3052 7347
7347 3050 7349
7347 2722 3050
2723 5413 5266
3051 3049 2721
3051 2721 5266
5413 3051 5266
8589 3058 8587
9676 9637 9322
9299 8957 8961
9299 8961 3060
9322 9299 3060
8957 3058 8961
8957 2730 3058
7879 2729 7865
7879 7471 7493
7879 7865 7471
7471 2731 7115
7493 7471 7115
7093 7493 7115
3057 7493 7093
3059 7093 7115
8587 3058 2730
11547 3070 2744
8589 8587 8229
8229 8587 8227
7867 8229 8227
7867 8227 2729
7879 7867 2729
7879 7473 7867
7493 7473 7879
3057 7473 7493
2728 7614 7348
6976 6974 7348
6976 7348 7614
3056 6976 7614
6974 6976 6602
6974 6602 6600
6365 6341 6027
11570 11851 11479
11932 11851 11570
11186 11190 11570
11186 11570 11479
2758 11186 11479
11190 11186 10812
10812 11186 10732
11186 3086 10732
10732 3090 10812
7135 2757 7091
7135 6707 6739
7135 7091 6707
6739 6341 6365
6739 6707 6341
6341 2761 6027
3091 12219 11932
6005 6365 6027
3085 6365 6005
3089 6005 6027
1599 3088 2760
1603 3088 1599
1599 3084 1603
1599 2756 3084
2755 2759 3083
3083 2759 12947
2759 13011 12947
3087 12947 13011
2758 2754 3082
2758 3082 11102
11186 2758 11102
11102 3086 11186
5677 6027 5705
3092 2764 1930
2764 1928 1930
3091 11932 11855
11570 11574 11932
11932 11574 11855
11574 3095 11855
11570 11190 11574
11574 11190 11194
11190 10812 11194
11194 10812 10816
3094 10812 3090
3094 10816 10812
6027 2761 6003
6003 2763 5705
6027 6003 5705
7131 2757 7135
3089 6027 5677
3093 5677 5705
1930 2762 1927
3088 3092 2760
2760 3092 1927
3092 1930 1927
13011 2759 12945
12575 12577 12945
12945 12577 13011
12577 3087 13011
12577 12575 12219
12219 12575 12217
12219 12217 11851
12219 11851 11932
2744 11854 11478
898 2752 873
898 873 2751
15379 3080 2750
15383 3080 15379
15383 15379 14939
14939 15379 14990
15379 2746 14990
14939 14990 3076
3075 13374 13329
2745 2749 3079
2745 3079 13329
13374 2745 13329
11915 3074 11854
3078 11557 11478
11854 3078 11478
3081 7095 7131
11915 11854 2744
11478 11557 2748
3077 3073 2743
3077 2743 2747
14990 2746 14935
3072 3076 2742
2742 3076 14935
3076 14990 14935
3075 13328 13374
3071 2741 2745
3071 2745 13374
13328 3071 13374
11853 3074 11915
11477 11547 2744
493 489 113
7131 2753 2757
7131 7135 6739
7131 6739 6709
3081 7131 6709
6739 6343 6709
6365 6343 6739
3085 6343 6365
1253 3084 2756
1259 3084 1253
1259 1253 879
879 1253 898
1253 2752 898
493 879 489
489 879 2751
879 898 2751
6973 3050 2722
113 489 109
113 109 15815
15815 109 15811
15811 3080 15815
15811 2750 3080
3083 3079 2749
3083 2749 2755
11557 3078 11482
2754 2748 3082
3082 2748 11482
2748 11557 11482
2747 2753 3077
3077 2753 7095
2753 7131 7095
15377 2814 15381
15382 2820 2466
2817 9752 9641
2463 2465 2819
2463 2819 9641
9752 2463 9641
1602 2462 2816
1598 2462 1602
1602 1258 1598
1598 1258 2464
1258 1368 2464
1258 2818 1368
2815 15942 15813
15381 15813 15377
15377 15813 2461
15813 15942 2461
15382 2466 15378
15377 2460 2814
2817 9640 9752
2813 2459 2463
2813 2463 9752
9640 2813 9752
2458 1978 1926
2816 2462 2812
2812 2462 1978
2462 1926 1978
2811 212 111
15942 2815 15809
2815 111 15809
111 2457 15809
111 212 2457
15942 15809 2461
2821 2465 2469
2821 9636 9642
2469 9636 2821
2468 606 488
488 606 2467
14938 2466 2820
14934 2466 14938
14938 2470 14934
14938 2824 2470
2823 13706 13822
13326 13822 13706
13326 13448 13822
12946 13448 13326
12946 13072 13448
12946 2822 13072
2821 2819 2465
14933 2814 2460
2464 1368 1252
878 872 1252
878 1252 1368
2818 878 1368
878 492 872
872 492 2468
492 606 2468
112 108 492
492 108 606
108 2467 606
108 112 15814
108 15814 15810
15810 15814 15382
15810 15382 15378
1358 1256 2805
8588 8956 2809
8956 9043 2809
8226 8586 8588
8226 8588 2807
8312 8226 2807
8226 8312 2451
2450 1970 1924
1970 1662 1664
1970 1664 2454
1924 1970 2454
1664 1662 1358
1358 1662 1256
1662 2806 1256
986 1358 984
984 1358 2805
8586 8956 8588
984 588 986
986 588 590
2449 590 588
2453 590 2449
2804 2808 2448
2448 2808 2452
2807 8228 8312
7950 7864 2451
2803 7950 2451
8312 2803 2451
8228 2803 8312
7864 7950 2447
2446 7184 7090
7090 7184 2445
1970 2450 1923
1358 1257 1601
14937 2814 14933
14933 2810 14937
14933 2456 2810
2813 9298 2459
2813 9302 9298
9298 9302 8960
9298 8960 9043
2455 9298 9043
9043 8960 2809
1978 2458 1925
1664 1601 2454
1601 2812 2454
2812 1925 2454
2812 1978 1925
1358 1601 1664
9636 2471 10142
986 1257 1358
986 877 1257
590 877 986
590 491 877
212 2811 107
2811 491 107
491 2453 107
491 590 2453
212 107 2457
14936 2452 2808
14932 2452 14936
14936 2456 14932
14936 2810 2456
2455 9043 8956
4752 4833 3043
5091 5405 5407
5091 5407 5093
4833 5091 5093
4833 5093 4835
4833 3045 3043
4835 3045 4833
5405 3042 3044
5403 3042 5405
5405 5091 5403
5403 5091 2718
5091 4982 2718
4982 4833 4752
4982 5091 4833
4528 4752 4530
4530 4752 3043
5599 5749 3044
3041 4528 4530
2717 4528 3041
2716 3040 3042
2716 3042 5403
5264 2716 5403
5264 5403 2718
3041 3039 2715
3041 2715 2717
3038 3040 2714
2714 3040 2716
4587 2713 4527
2715 3039 3037
2715 3037 4587
4527 2715 4587
5263 3038 2714
5919 5597 5921
6975 3050 6973
6975 6973 6601
6601 6973 6808
6973 2720 6808
6601 6808 3048
5409 2719 5265
2721 3049 3047
2721 3047 5409
5265 2721 5409
6808 2720 6599
6599 6257 6259
6599 6259 3048
6808 6599 3048
6259 6257 5921
5921 6257 5919
5267 3038 5263
5921 5597 3046
5597 5749 3046
5407 5749 5409
5409 5749 2719
5749 5597 2719
5093 5407 5409
5093 5409 3047
4984 5093 3047
4984 4835 5093
4754 4835 4984
4835 4754 3045
5599 3046 5749
5749 5407 5405
5749 5405 3044
14490 14492 14082
2477 10162 2473
2472 13080 12944
12576 12574 12944
12576 12944 13080
2826 12576 13080
12576 2476 12574
12576 2828 2476
2475 11633 11476
11476 11633 2474
2825 10152 2827
2825 10142 10152
2471 10152 10142
2473 10152 2471
14492 2470 2824
14490 2470 14492
2473 10162 10152
14490 14082 14080
13704 14080 14082
13704 14082 2823
13822 13704 2823
13324 13822 13448
13704 13822 13324
13448 13072 13080
13448 13080 2472
13324 13448 2472
2826 13072 2822
2826 13080 13072
2825 10006 10142
9642 9636 10006
10006 9636 10142
12216 11852 11850
5267 5263 4983
4983 5263 4981
4983 4981 4753
4753 4981 4751
4529 4753 4751
4529 4751 2713
4587 4529 2713
3037 4529 4587
2478 10514 10368
10002 10514 10162
10368 10514 10002
10002 10162 2477
12218 2476 2828
12216 2476 12218
12216 12218 11852
3096 2764 3092
11850 11852 11480
11850 11480 11633
2475 11850 11633
11480 11100 11098
11480 11098 2474
11633 11480 2474
11098 11100 10730
11098 10730 10728
10730 10372 10728
10728 10372 2478
10372 10514 2478
10162 10514 10152
10152 10514 2827
10514 10372 2827
992 592 3152
15813 15385 3154
15944 15813 3154
15381 3150 15385
15381 2814 3150
3153 3149 2817
2817 3149 9640
3149 9750 9640
9640 9750 2813
2816 1668 1674
2812 1668 2816
1668 1360 1674
1674 1360 1364
1360 988 1364
1364 988 992
988 592 992
15813 15381 15385
592 495 3152
214 3151 111
3151 495 111
495 2811 111
495 592 2811
214 111 2815
3148 3150 2814
3148 2814 14937
15089 3148 14937
15089 14937 2810
3149 9646 9750
9378 9302 2813
3147 9378 2813
9750 3147 2813
9646 3147 9750
2817 9641 9754
496 492 878
496 878 998
3156 496 998
112 492 496
112 496 3155
216 112 3155
15814 216 15944
112 216 15814
15386 15382 15814
15386 15814 15944
3154 15386 15944
15386 2820 15382
15386 3158 2820
3153 2817 3157
3157 2817 9754
8960 9378 9044
9754 9641 2819
2816 1674 1602
1258 1674 1364
1602 1674 1258
1364 992 998
1364 998 2818
1258 1364 2818
3156 992 3152
3156 998 992
3151 216 3155
3151 214 216
15944 216 214
15944 214 2815
15813 15944 2815
2802 1352 1354
8228 8310 2803
2806 1354 1356
2802 1354 2806
1356 1354 982
1356 982 876
2805 1356 876
876 982 2801
15384 2800 3142
15380 2800 15384
15384 2804 15380
15384 3144 2804
3141 8310 3143
3141 8308 8310
2799 8310 8308
2803 8310 2799
8592 3143 8670
2798 1352 2802
1352 980 1354
1354 980 982
982 980 584
982 584 490
2801 982 490
110 584 196
490 584 110
15816 15812 110
15816 110 196
3140 15816 196
15816 2800 15812
15816 3142 2800
3141 8232 8308
7946 7866 2799
8964 9378 9306
9302 9378 8960
8960 9044 2809
1668 2812 1601
1360 1601 1257
1668 1601 1360
988 1257 877
1360 1257 988
592 877 491
988 877 592
592 491 2811
2808 3146 3148
2808 3148 15089
14936 2808 15089
14936 15089 2810
3147 9306 9378
2818 998 878
8964 9044 9378
8670 8588 2809
3145 8670 2809
9044 3145 2809
8964 3145 9044
8588 8670 2807
2806 1356 1256
1256 1356 2805
3144 3146 2804
2804 3146 2808
3145 8592 8670
8310 8228 2807
3143 8310 2807
8670 3143 2807
3329 3327 3037
3333 3331 3041
3333 3041 4530
4593 3333 4530
5923 3332 6081
6081 5745 5743
6081 5743 3330
5923 6081 3330
5745 3040 5743
5745 3042 3040
3331 3329 3039
3331 3039 3041
5601 3330 5743
3038 3328 3040
3040 3328 5743
3328 5601 5743
3043 4593 4530
3329 3037 3039
5267 3328 3038
5269 3328 5267
5269 5267 4985
4985 5267 4983
4985 4983 4755
4755 4983 4753
4755 4753 4531
4531 4753 4529
3037 4531 4529
3327 4531 3037
2828 12356 12218
11852 12356 11998
12218 12356 11852
11480 11998 11634
3045 4754 3335
6601 3048 6436
6261 6436 3338
3339 3337 3047
3339 3047 3049
6436 3048 6259
6259 5921 5925
6259 5925 3338
6436 6259 3338
5921 3336 5925
5921 3046 3336
3337 4984 3047
3337 4986 4984
4984 4986 4756
4984 4756 4754
3335 4754 4756
11852 11998 11480
3334 3336 3046
3334 3046 5599
5747 3334 5599
5747 5599 3044
3045 3335 3043
3043 3335 4593
3335 4532 4593
4593 4532 3333
6081 3332 5924
5747 5745 6081
5747 6081 5924
3334 5747 5924
5747 3042 5745
5747 3044 3042
14938 15105 2824
3161 14082 14084
2823 14082 3161
2826 2822 3160
2826 3160 12578
12700 2826 12578
12578 3164 12700
3163 3159 2825
2825 3159 10006
3159 10136 10006
9642 10136 9758
10006 10136 9642
9642 9758 2821
2820 3158 3162
2820 3162 15105
14938 2820 15105
14492 14084 14082
3161 13706 2823
3161 13708 13706
13706 13708 13330
13706 13330 13326
13326 13330 12948
13326 12948 12946
12948 2822 12946
12948 3160 2822
3159 10010 10136
9758 10136 9754
9754 10136 3157
10136 10010 3157
2819 9758 9754
2821 9758 2819
11856 11998 12356
11100 11634 11266
11480 11634 11100
10736 10730 11100
10736 11100 11266
3166 10736 11266
10372 10730 10736
10372 10736 3165
10506 10372 3165
10372 10506 2827
2826 12700 12576
2828 12576 12356
12576 12700 12356
12700 12220 12356
12700 3164 12220
11856 12356 12220
3139 7946 2799
11484 11998 11856
11484 11634 11998
11106 11634 11484
11106 11266 11634
11106 3166 11266
3165 10376 10506
3163 2825 2827
3163 2827 10506
10376 3163 10506
15105 3162 14940
14940 14494 14492
14940 14492 2824
15105 14940 2824
14492 14494 14084
3109 4582 4562
10374 10842 10734
10374 10466 10842
10008 10466 10374
10008 10092 10466
9644 10092 10008
9644 9718 10092
9304 9718 9644
9304 9354 9718
8962 9354 9304
8962 9014 9354
8962 3114 9014
3113 7474 7538
7474 3112 7538
3111 3109 2779
2779 3109 4562
3115 10734 10842
4562 4582 2777
2776 3108 3110
2776 3110 951
874 2776 951
874 951 2778
3109 4564 4582
4392 4382 2777
3107 4392 2777
4582 3107 2777
4564 3107 4582
4382 4392 2775
3106 3108 2774
2774 3108 2776
3107 4384 4392
4240 4236 2775
3113 7538 7540
2783 10844 10370
10004 10466 10092
10370 10466 10004
9638 10092 9718
10004 10092 9638
9300 9718 9354
9638 9718 9300
8958 9354 9014
9300 9354 8958
2782 8958 8644
8958 9014 8644
9014 8590 8644
9014 3114 8590
8590 3120 8644
3113 7540 3119
3105 4240 2775
7540 7538 7162
7162 7538 7096
7538 3112 7096
7096 3118 7162
2781 5079 5046
5046 4825 4796
5046 5079 4825
3117 3111 2779
3117 2779 4796
4825 3117 4796
957 3110 3116
951 3110 957
957 2778 951
957 2780 2778
11194 11483 11574
1604 2766 3098
1600 2766 1604
1600 1604 1254
1254 1604 1293
1604 3100 1293
1254 1293 2768
3097 4806 4797
2765 4797 4806
2765 2767 4569
4797 2765 4569
4563 4797 4569
3099 4563 4569
3096 3098 2764
2764 3098 2766
3095 11574 11483
4561 2769 4569
11194 11103 11483
10816 11103 11194
10816 10733 11103
10733 10816 3094
5705 2763 5675
5343 5345 5675
5675 5345 5705
5345 3093 5705
5345 5343 5047
5047 5343 5045
5047 5045 4795
5047 4795 4806
3097 5047 4806
4806 4795 2765
2762 1930 1928
2769 4383 3101
4392 3105 2775
4384 3105 4392
4236 4240 2773
3106 2774 2772
3106 2772 932
881 3106 932
881 932 3104
3103 4240 3105
3103 4238 4240
2771 4240 4238
2773 4240 2771
2772 924 932
2770 924 2772
3104 924 3102
3104 932 924
10844 10466 10370
2769 4381 4383
4383 4381 4235
4383 4235 4238
3103 4383 4238
4238 4235 2771
1293 3100 1260
1260 2768 1293
2770 2768 924
2768 1260 924
1260 880 924
880 3102 924
4569 2767 4561
2769 3101 3099
2769 3099 4569
6006 3131 6078
6078 6004 3135
6004 6078 2795
2796 1348 1350
2794 1348 2796
1350 1348 978
978 1348 882
1348 3134 882
882 3136 978
3133 10110 10009
9734 10009 10110
9734 9645 10009
9645 9734 3132
3135 6006 6078
3131 2793 2795
3131 2795 6078
6004 6344 3135
2794 2792 3130
2794 3130 1262
1348 2794 1262
1262 3134 1348
3129 10472 10375
10110 3133 10005
3133 10375 10005
10375 2791 10005
10375 10472 2791
9734 10005 9639
10110 10005 9734
9639 9301 9305
9639 9305 3132
9734 9639 3132
9305 9301 8963
980 978 584
8308 3139 2799
8232 3139 8308
7472 7946 7560
7866 7946 7472
7098 7092 7472
7098 7472 7560
3138 7098 7560
6708 7092 7098
6708 7098 3137
6782 6708 3137
6708 6782 2797
2798 1350 1352
2796 1350 2798
1350 978 1352
1352 978 980
8963 9301 8959
584 978 494
978 3136 494
114 584 494
114 196 584
114 3140 196
3139 7868 7946
7476 7946 7868
7476 7560 7946
7476 3138 7560
3137 6710 6782
6344 6342 6710
6710 6342 6782
6342 2797 6782
6004 6342 6344
5344 5346 5048
10844 10846 11228
11228 10846 11105
10846 3125 11105
2783 10846 10844
2787 10846 2783
2786 8644 8648
2782 8644 2786
3124 8644 3120
3124 8648 8644
3119 7540 7475
7162 7475 7540
7162 7097 7475
7097 7162 3118
3123 5344 2785
3123 5346 5344
3121 11228 11105
5344 5048 5079
2781 5344 5079
5048 4825 5079
4798 4825 5048
4825 4798 3117
3116 3122 2784
3116 2784 875
957 3116 875
957 875 2780
3121 11104 11228
10844 11228 10842
10842 11228 3115
11228 11104 3115
10844 10842 10466
10472 10371 2791
8963 8959 8591
8591 8959 8652
8959 2790 8652
8294 8591 8652
8294 8231 8591
8231 8294 3128
3131 3127 2789
3131 2789 2793
3126 3130 2788
2788 3130 2792
3125 10846 10735
10472 3129 10371
3129 10735 10371
10735 2787 10371
10735 10846 2787
136 15852 138
2790 8648 8652
2786 8648 2790
8652 8648 8294
8294 8648 8230
8648 3124 8230
8230 3128 8294
3127 5676 2789
3127 5678 5676
3123 5676 5678
2785 5676 3123
1255 3126 2788
1261 3126 1255
1255 3122 1261
1255 2784 3122
10474 3694 10385
6348 6416 3691
3690 1346 1274
892 888 1274
892 1274 1346
3926 892 1346
892 504 888
888 504 3696
504 578 3696
122 578 504
122 190 578
122 3928 190
3689 11123 3925
3689 11117 11123
3695 11123 11117
3927 11123 3695
3697 6778 6348
10474 10385 3693
7552 3692 7485
7168 7170 7552
7168 7552 7485
3688 7168 7485
7170 7168 6774
6774 7168 6720
7168 3924 6720
6416 6774 6412
6412 6774 3923
6774 6720 3923
6416 6412 6070
6416 6070 6010
3691 6416 6010
6010 6070 3687
10391 10747 10474
7176 7172 6778
7176 6778 6716
3701 7176 6716
6716 6778 3697
3696 578 502
120 578 190
502 578 120
3932 3700 3928
3928 3700 190
3700 120 190
3931 11500 11606
11500 3930 11606
3695 10753 3927
3695 10747 10753
10753 10747 10391
3690 1340 1346
10747 3694 10474
10025 10391 10019
10019 10391 3693
10391 10474 3693
3699 10025 10019
3929 10025 3699
3698 7552 7556
3692 7552 3698
7552 7170 7556
7556 7170 7172
7170 6774 7172
7172 6774 6778
6778 6774 6416
6778 6416 6348
3920 964 958
6410 6408 6066
6066 6408 6012
6408 3918 6012
5684 5682 6012
6012 5682 6066
5682 3683 6066
5350 5682 5684
5350 5684 3917
5394 5350 3917
5350 5394 3679
1336 3682 1273
958 964 1336
958 1336 1273
3678 958 1273
3920 958 3916
6770 6408 6410
3919 3915 3677
3919 3677 3681
6766 3680 6715
6404 6408 6766
6404 6766 6715
3676 6404 6715
3918 6404 3914
3918 6408 6404
3917 5352 5394
5076 5052 3679
3913 5076 3679
5394 3913 3679
5352 3913 5394
5052 5076 3675
3674 1326 1272
3683 6070 6066
3686 1340 3690
3926 1340 3922
3926 1346 1340
3925 3921 3685
3925 3685 3689
7168 3688 7107
6770 6719 3684
6719 3924 3684
3924 7107 3684
3924 7168 7107
6410 6412 6770
6770 6412 6719
6412 3923 6719
6410 6066 6412
6412 6066 6070
7486 7556 3702
3687 6070 3683
3686 1336 1340
3682 1336 3686
1336 964 1340
1340 964 3922
964 891 3922
891 964 3920
3681 11499 3919
3681 11495 11499
3685 11499 11495
3921 11499 3685
3684 6766 6770
3680 6766 3684
6766 6408 6770
3950 3952 3716
3954 13336 13824
13336 3722 13334
13336 3958 3722
3957 10386 3721
3957 10392 10386
3953 10386 10392
3719 10386 3953
3720 3718 3952
3720 3952 15396
15556 3720 15396
15396 3956 15556
3955 13714 13824
13714 3954 13824
3953 3951 3717
3953 3717 3719
13336 13712 13824
3716 3952 3718
3951 10020 3717
3951 10026 10020
3949 10020 10026
3715 10020 3949
3948 3950 3716
3948 3716 15393
15541 3948 15393
15541 15393 3714
3949 3947 3713
3949 3713 3715
15939 3946 15824
15541 15535 15939
15541 15939 15824
3948 15541 15824
3721 10748 3957
11496 11502 11126
11496 11126 11267
3725 11496 11267
11267 11126 3959
3724 15110 14944
14498 15110 14640
14944 15110 14498
14498 14640 3723
3958 3960 3722
3722 3960 3726
3725 11267 11118
10748 11118 10754
10754 11118 3959
11118 11267 3959
3957 10748 10754
15541 3712 15535
3720 15556 15394
3724 15394 15110
15394 15556 15110
15556 14946 15110
15556 3956 14946
14500 15110 14946
14500 14640 15110
14090 14088 14500
14500 14088 14640
14088 3723 14640
13712 14088 14090
13712 14090 3955
13824 13712 3955
13336 13334 13712
3700 3936 15915
3940 3704 15822
3704 15915 15822
3935 11610 3939
3935 11608 11610
11608 11238 11610
11610 11238 11240
3938 11238 3934
3938 11240 11238
3937 9662 9742
3933 3703 3705
3933 3705 9742
9662 3933 9742
3702 7176 7108
7108 7176 3701
3700 3932 3936
3706 3704 3940
15820 3700 15915
15820 15915 3704
3931 11608 3935
3931 11606 11608
11608 11606 11238
11238 11606 11124
11606 3930 11124
11124 3934 11238
3699 9661 3929
3699 9655 9661
3703 9661 9655
3933 9661 3703
3698 7556 7486
7556 7172 7176
7556 7176 3702
3710 3942 15933
15541 3714 3712
3947 3945 3711
3947 3711 3713
15939 3944 3946
15933 3944 15939
15939 15535 15933
15933 15535 3710
15535 15392 3710
15392 15535 3712
3945 9656 3711
3945 9664 9656
3943 9656 9664
3709 9656 3943
15823 3944 15933
3708 3942 3710
3678 1272 958
3942 15823 15933
3943 3941 3707
3943 3707 3709
3940 3942 3706
3706 3942 3708
3939 11610 11501
11240 11501 11610
11240 11125 11501
11125 11240 3938
3937 9742 9663
3705 3707 3941
3705 3941 9663
9742 3705 9663
15915 3936 15822
1275 3662 918
6754 7150 3889
7150 7110 3889
6754 6386 6756
6756 6386 6390
3894 6386 3888
3894 6390 6386
3887 5380 5351
5066 5068 5380
5380 5068 5351
5068 3893 5351
3661 5068 5066
3663 5068 3661
1275 3892 1299
1299 3662 1275
889 1275 918
6756 7150 6754
3662 3660 918
536 889 918
536 503 889
503 536 3886
3885 15874 15821
15821 15874 3884
3883 8268 8241
7908 7910 8268
8268 7910 8241
7910 3891 8241
7908 7526 7910
7910 7526 3890
7526 7489 3890
7489 7526 3882
3881 6754 3889
3663 3897 5053
8636 8604 3895
8274 7912 8276
8276 7912 7914
7912 7530 7914
7914 7530 7532
7530 7150 7532
7532 7150 7152
7150 6756 7152
7152 6756 6758
6756 6390 6758
6758 6390 3898
6390 6349 3898
6349 6390 3894
3893 5068 5053
3663 3665 3897
3881 6752 6754
5068 3663 5053
3892 3896 3664
3892 3664 1271
1299 3892 1271
1299 1271 3662
3895 8242 8274
7912 8274 7910
7910 8274 3891
8274 8242 3891
7912 7910 7530
7530 7910 7490
7910 3890 7490
7110 7530 7490
7110 7150 7530
9700 9659 10023
12225 12581 12223
12225 12223 11863
11863 12223 11861
11863 11861 11497
11497 11861 11493
11497 11493 11121
11121 11493 11115
11121 11115 10751
10751 11115 10745
10751 10745 10389
10389 10745 10444
10745 3656 10444
10064 10389 10444
10064 10023 10389
9700 10023 10064
12583 12581 12225
9659 9700 3878
3877 8626 8603
8266 8268 8626
8626 8268 8603
8268 3883 8603
8266 7906 8268
8268 7906 7908
7906 7524 7908
7908 7524 7526
7524 7144 7526
7526 7144 3882
7144 7109 3882
6750 6752 7144
7144 6752 7109
6752 3881 7109
536 887 501
6752 6384 6754
6754 6384 6386
6384 6042 6386
6386 6042 3888
6042 6011 3888
5683 6011 5681
5681 6011 3659
6011 6042 3659
5683 5681 5349
5683 5349 5380
3887 5683 5380
5066 5349 5051
5380 5349 5066
5066 5051 3661
918 3660 887
8274 8636 3895
918 887 536
501 119 121
501 121 3886
536 501 3886
15868 119 3658
121 119 3885
119 15868 3885
15868 15874 3885
15868 15462 15874
15874 15462 3884
15462 15395 3884
15395 15462 3880
3657 12583 3879
3657 12581 12583
11494 11592 11116
3909 3669 3675
3909 3675 5076
5054 3909 5076
3674 1320 1326
3668 1320 3674
3912 1320 3908
3912 1326 1320
3907 12316 3911
3907 12314 12316
12314 11958 12316
12316 11958 11960
11960 11958 11592
11960 11592 11494
3673 11960 11494
11116 11592 11220
3913 5054 5076
10746 11220 10838
11116 11220 10746
10838 10458 10462
10838 10462 3672
10746 10838 3672
10458 10080 10462
10462 10080 10086
10086 10080 9714
9714 10080 9660
10080 3906 9660
9314 9714 9660
9314 9352 9714
8972 9352 9314
8972 9012 9352
8640 9012 8638
9312 9714 9352
1272 1326 958
1326 890 958
1326 3912 890
890 3916 958
3911 12316 12227
11960 12227 12316
11960 11865 12227
3673 3677 3915
3673 3915 11865
11960 3673 11865
3672 10462 10384
10018 10462 10086
10384 10462 10018
9654 10086 9714
10018 10086 9654
8638 9012 3905
9654 9714 9312
8970 9352 9012
9312 9352 8970
8600 9012 8640
8970 9012 8600
8238 8640 8280
8600 8640 8238
8238 8280 3671
6718 3670 3910
6714 3670 6718
6718 6350 6714
6714 6350 3676
6350 6404 3676
6350 3914 6404
7534 7152 7154
10752 10838 11220
10390 10838 10752
10390 10458 10838
10024 10458 10390
10024 10080 10458
10024 3906 10080
3899 8638 3905
3899 8636 8638
8636 8276 8638
8638 8276 8278
8276 7914 8278
8278 7914 7916
7914 7532 7916
7916 7532 7534
7532 7152 7534
10752 11220 11122
7152 6758 7154
7154 6758 3904
6758 6717 3904
6717 6758 3898
3897 3665 3903
3903 3665 4818
3665 4801 4818
4818 4801 3667
3896 3902 3664
3664 3902 3666
3901 11498 11588
11498 3900 11588
3899 8604 8636
8276 8636 8274
3903 4818 4802
9012 8972 3905
8638 8278 8640
8640 8278 8280
8280 8278 7916
8280 7916 7874
3671 8280 7874
7484 7916 7534
7874 7916 7484
7106 7534 7154
7484 7534 7106
3910 3670 3904
3904 3670 7154
3670 7106 7154
3909 3903 3669
3669 3903 4802
3961 11502 11496
4802 4818 3667
3668 3666 3902
3668 3902 1276
1320 3668 1276
1276 3908 1320
3907 12226 12314
11864 12314 12226
11864 11958 12314
11592 11958 11588
11588 11958 3901
11958 11864 3901
11592 11588 11220
11220 11588 11122
11588 3900 11122
14501 14542 4034
3869 13392 13388
3871 13392 3869
4036 4038 3868
3868 4038 3870
4035 13388 4037
4035 13384 13388
3867 13388 13384
3869 13388 3867
3866 11182 11120
10750 11182 10806
11120 11182 10750
10750 10806 3865
4036 3868 3864
4036 3864 14542
14501 4036 14542
4037 13388 13392
4033 13756 13715
13380 13384 13756
13756 13384 13715
13384 4035 13715
3863 13384 13380
3867 13384 3863
3866 11178 11182
3862 11178 3866
11178 10804 11182
11182 10804 10806
10806 10804 10434
10806 10434 10388
3865 10806 10388
10022 10434 10054
10388 10434 10022
4039 13392 13337
11945 11503 11867
11579 11503 11945
11579 11127 11503
11201 11127 11579
11201 10755 11127
10819 10755 11201
4045 10755 10819
3878 9338 9340
3874 9338 3878
9338 8996 9340
9340 8996 8998
3873 8998 8996
3877 8998 3873
4040 4044 3872
3872 4044 3876
10022 10054 3861
3871 3875 4043
3871 4043 13337
13392 3871 13337
12229 4042 12295
4041 12229 12295
9338 3874 9313
8996 9313 8971
9338 9313 8996
8996 8971 3873
14945 4040 3872
14947 4040 14945
14945 4038 14947
14945 3870 4038
4037 13392 4039
3856 8612 8614
8254 7888 7876
3859 8254 7876
7488 7888 7504
7876 7888 7488
7488 7504 3855
3858 10800 10802
3854 10800 3858
10800 10430 10802
10802 10430 10432
10430 10050 10432
10432 10050 10052
10050 9682 10052
10052 9682 9684
3853 9684 9682
3857 9684 3853
8254 8252 7888
3852 8612 3856
8612 8250 8614
8614 8250 8252
8250 7886 8252
8252 7886 7888
7886 7502 7888
7888 7502 7504
3851 7504 7502
3855 7504 3851
3854 10796 10800
3850 10796 3854
10796 10426 10800
10800 10426 10430
10050 10430 10426
10050 10426 3849
10802 10804 11178
3860 8616 8602
8240 8616 8254
8602 8616 8240
8240 8254 3859
14542 3864 14499
14499 14089 14091
14499 14091 4034
14542 14499 4034
14091 14089 13713
14091 13713 13756
4033 14091 13756
13380 13713 13335
13756 13713 13380
13380 13335 3863
11178 3862 11119
4041 12295 11867
10802 11178 11119
3858 10802 11119
10802 10432 10804
10804 10432 10434
10432 10052 10434
10434 10052 10054
10054 10052 9684
10054 9684 9658
3861 10054 9658
9658 9684 3857
3860 8614 8616
3856 8614 3860
8614 8252 8616
8616 8252 8254
15821 123 3885
5382 4053 5351
4053 5685 5351
5685 3887 5351
5685 5718 3887
5382 5351 3893
1300 3892 1275
1275 889 893
1275 893 4052
1300 1275 4052
893 889 505
505 889 503
505 503 123
123 503 162
503 3886 162
15825 123 15821
5718 5685 4054
123 162 3885
15821 4048 15825
15821 3884 4048
4047 10068 4051
4047 10066 10068
10066 9702 10068
10068 9702 9704
9702 9342 9704
9704 9342 9344
9342 9000 9344
9344 9000 4050
9000 8973 4050
8628 8630 9000
9000 8630 8973
8630 4049 8973
8634 9006 8630
4056 1300 4052
4056 1306 1300
4055 10756 10830
10394 10830 10756
10394 10450 10830
10070 10450 10068
10068 10450 4051
10450 10394 4051
10068 9704 10070
10070 9704 9706
9704 9344 9706
9706 9344 9346
9346 9344 9006
9006 9344 8974
9344 4050 8974
8270 8630 8628
8630 9006 4049
9006 8974 4049
8634 8630 8270
8634 8270 8242
3895 8634 8242
8242 8270 3891
3890 7528 7490
7110 7528 7148
7490 7528 7110
7110 7148 3889
3894 6044 6046
3888 6044 3894
6044 5718 6046
6046 5718 4054
8628 8603 3883
10751 10393 10819
10393 4045 10819
10393 10389 10023
10393 10023 10066
4047 10393 10066
9702 10023 9659
10066 10023 9702
9340 9342 9702
9340 9702 9659
3878 9340 9659
9340 8998 9342
9342 8998 9000
8628 9000 8998
8628 8998 3877
8603 8628 3877
10389 10393 10751
7146 3882 7109
7146 7109 3881
4044 4046 3876
3876 4046 3880
3875 12957 4043
3875 12955 12957
12585 12957 12955
12585 12955 3879
12651 12585 3879
12651 12301 12295
12651 12295 4042
12585 12651 4042
12295 12301 11945
12295 11945 11867
15395 4048 3884
8270 8628 3883
8241 8270 3883
8270 8241 3891
7528 3890 7489
7146 7148 7528
7146 7528 7489
3882 7146 7489
3881 7148 7146
3889 7148 3881
6044 3888 6011
5718 6011 5683
6044 6011 5718
5718 5683 3887
162 3886 121
162 121 3885
10021 10050 3849
15397 4048 15395
15395 4046 15397
15395 3880 4046
12651 3879 12583
12651 12225 12301
12651 12583 12225
12301 11863 11945
12301 12225 11863
11945 11497 11579
11945 11863 11497
11579 11121 11201
11579 11497 11121
11201 10751 10819
11201 11121 10751
4839 3825 4841
4843 4762 4013
6983 4014 7215
3826 4012 3828
3828 4012 7215
4012 6983 7215
3827 5099 4990
4843 4841 5099
5099 4841 4990
4841 3825 4990
4597 4841 4843
4597 4843 4013
4538 4597 4013
4597 4538 4011
4010 4012 3824
3824 4012 3826
4762 4843 4992
4839 3823 3825
4595 4839 4841
4595 4841 4597
4595 4011 4009
4597 4011 4595
6607 4010 3824
6609 4010 6607
6607 4008 6609
6607 3822 4008
3823 4839 4760
4595 4537 4007
4007 3821 4760
4595 4007 4760
4839 4595 4760
4009 4537 4595
7615 3832 3830
8119 7751 8121
8121 7751 4018
7751 7995 4018
7995 7353 7615
7995 7751 7353
7615 7353 3832
5419 3833 5421
5419 3831 3833
5419 4019 4017
5421 4019 5419
7753 4018 7995
7995 7615 7611
7995 7611 4016
7753 7995 4016
7615 3830 7611
6265 4008 3822
3831 5419 5274
4017 4015 3829
4017 3829 5274
5419 4017 5274
7355 4016 7611
6981 7215 3830
7215 4014 3830
4014 7611 3830
4014 7355 7611
7215 6981 3828
3829 4015 3827
3827 4015 5099
4015 4992 5099
4992 4843 5099
3997 14359 14605
4001 4991 4759
4991 3813 4759
4991 5086 3813
4830 4759 3815
5400 3814 5273
5086 5273 4989
5400 5273 5086
5086 4989 3813
14607 4000 14360
14607 14360 3999
14607 3998 4000
14605 3998 14607
14605 3999 3997
14607 3999 14605
14359 3998 14605
4830 4001 4759
12363 3962 12228
12228 11866 11862
12228 11862 3728
12363 12228 3728
3961 11862 11866
3727 11862 3961
12956 3726 3960
12954 3726 12956
12954 12956 12584
12954 12584 12582
12582 12584 12224
12224 12584 12363
12584 3962 12363
12224 12363 3728
3961 11496 3727
3816 4004 5929
6267 4008 6265
6265 4006 6267
6265 3820 4006
4007 4005 3819
4007 3819 3821
4006 3820 3818
4006 3818 6082
5931 4006 6082
5931 6082 4004
4005 4003 3819
3819 4003 4536
4003 4592 4536
4536 4592 3817
6082 3818 5929
4002 4004 3816
3834 8119 8723
4004 6082 5929
4001 4830 4761
4592 4003 4535
4003 4761 4535
4761 3815 4535
4761 4830 3815
4592 4535 3817
5605 4002 3816
5607 4002 5605
5607 5605 5275
5275 5605 5400
5605 3814 5400
5086 5275 5400
5086 4991 5275
5431 5773 4031
7627 4030 7356
7233 7231 7627
7233 7627 7356
4032 7233 7356
6829 7231 7233
6829 7233 6831
6831 6459 6829
6829 6459 3846
6459 6266 3846
6266 6111 5930
6266 6459 6111
5773 5771 6111
6111 5771 5930
5771 3845 5930
5431 5771 5773
5773 5608 4031
5278 5431 4031
5278 5111 5431
4994 5111 5278
5111 4994 4029
8478 3844 4028
6509 6505 6153
8476 8478 8122
8476 8122 8120
8120 8122 7754
8120 7754 7752
7752 7625 3843
7752 7754 4030
7625 7752 4030
7627 7625 4030
7229 7625 7627
10796 10749 10426
9682 10021 9657
10050 10021 9682
9682 9657 3853
3852 8610 8612
3848 8610 3852
8610 8248 8612
8612 8248 8250
7886 8250 8248
7886 8248 3847
7875 7886 3847
7502 7875 7487
7886 7875 7502
7502 7487 3851
10796 3850 10749
10426 10749 10387
7229 7627 7231
10426 10387 3849
8610 3848 8601
8248 8601 8239
8610 8601 8248
8248 8239 3847
7233 4032 6984
6984 6831 7233
6610 6831 6984
6610 6459 6831
6268 6459 6610
6268 6111 6459
5932 6111 6268
5932 5773 6111
5608 5773 5932
9091 4020 4022
8844 9095 3840
3839 5767 5606
5427 5425 5767
5767 5425 5606
5425 3837 5606
5425 4025 4023
5427 4025 5425
4022 4024 3838
4022 3838 8843
9091 4022 8843
9091 8843 3836
3835 3837 4021
4021 3837 5277
3837 5425 5277
4023 5277 5425
8844 3838 9095
9089 4020 9091
9089 9091 8723
8723 9091 8475
9091 3836 8475
8723 8475 3834
3835 4021 3833
3833 4021 5421
4021 5276 5421
5421 5276 4019
8845 4020 9089
9089 8477 8845
8723 8477 9089
8119 8121 8477
8119 8477 8723
3840 9095 8846
7231 6829 7229
7229 6829 3842
6829 6608 3842
6608 6829 3846
5769 3845 5771
5769 3841 3845
5429 5769 5771
5429 5771 5431
5109 5429 5431
5109 5431 5111
5109 4029 4027
5111 4029 5109
9095 4026 8846
3844 3840 4028
4028 3840 8846
6750 6380 6752
3843 7625 7354
7354 7229 6982
7354 7625 7229
6982 7229 3842
5767 3841 5769
5767 3839 3841
5427 5767 5769
5427 5769 5429
5427 5429 5109
5427 5109 4993
4025 5427 4993
4027 4993 5109
3838 4024 4026
3838 4026 9095
3685 3421 3689
10741 10379 10385
10741 10385 3694
10850 10741 3694
3429 10385 10379
3693 10385 3429
3692 3428 3424
3692 3424 7548
7485 3692 7548
7485 7548 3688
3691 6008 3427
3691 6010 6008
3687 6008 6010
3423 6008 3687
3686 3690 3422
3422 3690 3426
11117 11232 3425
3689 3421 11232
3421 11111 11232
11232 11111 3425
7548 3424 7479
7166 7107 3420
7107 3688 3420
3688 7479 3420
3688 7548 7479
7107 7166 3684
3687 3683 3419
3687 3419 3423
3682 3686 3418
3418 3686 3422
3417 11495 3681
3417 11489 11495
3428 3698 3432
120 194 3434
120 3700 194
3695 10850 10747
10747 10850 3694
3429 10019 3693
3429 10013 10019
10019 10013 9649
10019 9649 9736
3699 10019 9736
9368 9649 9309
9736 9649 9368
9030 9309 8967
9368 9309 9030
9030 8967 3433
3692 3698 3428
3421 11495 11489
3697 6348 6420
3691 3427 3431
3691 3431 6420
6348 3691 6420
1274 3426 3690
1268 3426 1274
1268 1274 888
1268 888 886
888 3430 886
888 3696 3430
3689 11232 11117
10850 3695 10741
3695 11117 10741
11117 3425 10741
3672 10384 10840
3411 4826 4824
3415 4826 3411
1325 3674 1272
3414 3410 3678
3678 3410 1272
3410 1325 1272
3673 11596 3677
3673 11594 11596
11596 11594 11222
11596 11222 11110
3413 11596 11110
10740 11222 10840
11110 11222 10740
10384 10378 10740
10384 10740 10840
5080 5052 3675
10378 10384 10018
10378 10018 10012
10012 10018 9654
10012 9654 9648
9648 9654 9312
9648 9312 9308
9308 9312 8970
9308 8970 8966
8966 8970 8600
8966 8600 8594
8594 8600 8238
8594 8238 8234
7870 8234 8238
7870 8238 3671
7918 7870 3671
1267 3682 3418
3685 11495 3421
7166 3420 7103
3680 3684 3416
3416 3684 7103
3684 7166 7103
3683 5680 3419
3683 5682 5680
5680 5682 5350
5680 5350 5348
5050 5348 5350
5050 5350 3679
5080 5050 3679
4800 5080 4826
5050 5080 4800
4800 4826 3415
498 120 3434
1273 3682 1267
1267 3678 1273
1267 3414 3678
3681 3677 3417
3417 3677 11488
3677 11596 11488
11488 11596 3413
3680 3416 3412
3680 3412 6764
6715 3680 6764
6715 6764 3676
3679 5052 5080
4826 5080 4824
4824 5080 3675
3451 10014 3715
15390 3454 15555
15390 15555 3458
3457 13449 13332
13332 13073 12952
13332 13449 13073
12952 13073 3456
3719 3717 3453
3719 3453 3455
3716 3718 3454
3716 3454 15389
15545 3716 15389
15545 15389 3452
3717 10014 3453
3717 10020 10014
3715 10014 10020
3454 3720 15555
15393 3716 15545
3450 3714 3452
3452 3714 15545
3714 15393 15545
3715 3713 3449
3715 3449 3451
3712 3714 3448
3448 3714 3450
3713 3711 3447
3713 3447 3449
15392 3446 3710
15388 3446 15392
15392 3448 15388
15392 3712 3448
3711 9650 3447
14086 14088 13712
12222 12357 3464
3463 11635 11490
11112 11490 11118
11118 11490 3725
11490 11635 3725
11112 11118 10748
11112 10748 10742
3721 10742 10748
3459 10742 3721
15555 3720 15394
3462 3458 3724
3724 3458 15394
3458 15555 15394
3723 14086 3461
3723 14088 14086
3711 9656 9650
14086 13712 13710
13710 13712 13334
13710 13334 13449
3457 13710 13449
13081 13073 13449
13081 13449 13334
3722 13081 13334
13081 3456 13073
13081 3460 3456
3721 10380 3459
3721 10386 10380
3719 10380 10386
3455 10380 3719
3454 3718 3720
3433 9032 9030
6712 7108 3701
6784 6712 3701
6712 6784 3435
3434 194 116
3438 116 15914
116 194 15914
194 15820 15914
194 3700 15820
15820 3704 15914
3699 9736 9655
9368 9370 9736
9736 9370 9655
9370 3703 9655
9368 9030 9370
9370 9030 9032
6712 7104 7108
3437 9032 3433
7486 3432 3698
7480 3432 7486
7486 3436 7480
7486 3702 3436
3701 6716 6784
6420 6346 3435
3697 6420 3435
6784 3697 3435
6716 3697 6784
6346 6420 3431
502 3430 3696
498 3430 502
502 120 498
3706 3442 3704
3709 9650 9656
3445 9650 3709
3708 3710 3444
3444 3710 3446
3709 3707 3443
3709 3443 3445
3706 3708 3442
3442 3708 3444
3707 3705 3441
3707 3441 3443
3440 9034 8968
8596 9034 8666
8968 9034 8596
8596 8666 3439
3438 15914 15818
7870 7918 3409
3704 3442 15914
3442 15818 15914
3705 3703 3441
3441 3703 9310
3703 9370 9310
9370 9032 9034
9370 9034 3440
9310 9370 3440
8666 9034 9032
8666 9032 3437
8595 8666 3437
8666 8595 3439
7108 3436 3702
7104 3436 7108
13020 12951 3391
908 904 520
520 904 500
904 3646 500
118 520 500
118 150 520
150 15862 15819
150 15819 3652
15862 150 3645
150 118 3645
15452 15819 15862
15452 15391 15819
15391 15452 3644
3643 3385 3651
3651 3385 13020
3385 12951 13020
908 3653 1269
12294 3390 12221
12294 12221 3389
3388 10440 10442
3384 10440 3388
10440 10060 10442
10442 10060 3650
10060 10017 3650
9692 10017 10060
9692 9653 10017
9653 9692 3642
3641 8622 8599
8262 8264 8622
8622 8264 8599
8264 3649 8599
8262 7898 8264
10383 3656 10442
12650 3657 12579
3657 12953 12579
12953 3391 12579
12953 13020 3391
12294 12300 12650
12294 12650 12579
3390 12294 12579
11944 12300 12294
11944 12294 3389
11859 11944 3389
11578 11859 11487
11944 11859 11578
11578 11487 3395
3656 3394 3388
3656 3388 10442
8264 7898 3648
10383 10442 3650
3649 8264 8237
8237 8264 3648
3647 6038 3655
3647 6034 6038
3387 6038 6034
3393 6038 3387
1612 3392 1605
1282 1269 3386
1269 3654 3386
3654 1605 3386
3654 1612 1605
904 908 1282
1282 908 1269
6740 6713 7105
10060 9690 9692
3642 9690 3636
3642 9692 9690
3641 8598 8622
8262 8622 8258
8258 8622 3635
8622 8598 3635
8258 7896 8262
8262 7896 7898
7896 7516 7898
7898 7516 3640
7516 7483 3640
7136 7483 7516
7136 7105 7483
6740 7105 7136
10058 9690 10060
6366 6713 6740
6366 6347 6713
6028 3639 6007
3639 6347 6007
6347 3379 6007
6347 6366 3379
6028 6007 3383
3382 1278 1280
3378 1278 3382
1278 900 1280
1280 900 902
900 510 902
902 510 512
510 136 512
512 136 138
15856 15862 138
7898 7873 3648
7873 7898 3640
3639 6034 3647
3639 6028 6034
3383 6034 6028
3387 6034 3383
3386 1280 1282
3382 1280 3386
1280 902 1282
1282 902 904
902 512 904
904 512 3646
512 499 3646
138 499 512
138 117 499
3651 13020 12953
138 15862 117
15862 3645 117
15856 15444 15862
15862 15444 15452
3644 15444 3638
3644 15452 15444
3643 3637 3385
3385 3637 12950
3637 13012 12950
12950 13012 3381
3384 10438 10440
3380 10438 3384
10438 10058 10440
10440 10058 10060
3663 4816 3665
4566 4580 3405
3666 3668 3404
3404 3668 3406
3665 4816 4801
4578 4580 4816
4816 4580 4801
4580 3667 4801
3403 4580 4578
3405 4580 3403
3664 3666 3404
3664 3404 1265
1305 3664 1265
1305 885 933
1305 1265 885
933 885 3402
4802 3667 4820
3663 4814 4816
4814 4576 4816
4816 4576 4578
3401 4578 4576
3403 4578 3401
1271 3664 1305
1305 3662 1271
1305 933 884
3662 1305 884
3400 3662 884
884 933 3402
3661 4814 3663
3661 4812 4814
4812 4572 4814
4814 4572 4576
10746 11222 11116
3412 3408 3670
3412 3670 6714
6764 3412 6714
6714 3676 6764
3669 4824 3675
3669 4820 4824
3407 4824 4820
3411 4824 3407
3406 3668 3674
3406 3674 1325
1266 3406 1325
1266 1325 3410
3673 11494 11594
11116 11594 11494
11116 11222 11594
3399 4576 4572
10746 10840 11222
10746 3672 10840
3671 7874 7918
7484 7478 7874
7874 7478 7918
7478 3409 7918
7478 7484 7106
7478 7106 7102
7106 3408 7102
7106 3670 3408
3669 4802 4820
4580 4566 3407
3667 4580 3407
4820 3667 3407
6038 3393 6009
12300 12223 12581
11944 12223 12300
11944 11861 12223
11578 11861 11944
11578 11493 11861
11115 11493 11109
11109 11493 3395
11493 11578 3395
11115 11109 10745
10745 11109 10739
10739 3656 10745
10739 3394 3656
3655 6038 6009
3393 3397 3659
3393 3659 6009
12300 12581 12650
3396 1612 1614
3392 1612 3396
1614 1612 1288
1288 1612 1270
1612 3654 1270
912 1288 908
908 1288 3653
1288 1270 3653
908 520 912
912 520 528
520 150 528
528 150 156
3658 150 3652
3658 156 150
4812 4799 4572
3401 4576 3399
3398 1294 1264
3662 3400 3660
3660 3400 1294
3400 1264 1294
3397 5681 3659
3397 5679 5681
5681 5679 5349
5349 5679 5347
5349 5347 5051
5051 5347 5049
5051 5049 4799
5051 4799 4812
3661 5051 4812
4572 4799 4565
12580 12707 12357
4572 4565 3399
3396 1614 1606
1614 1288 1294
1614 1294 3398
1606 1614 3398
1288 912 1294
1294 912 3660
912 887 3660
528 887 912
528 501 887
156 501 528
156 119 501
119 156 3658
3657 12650 12581
3864 14994 14943
9332 8988 8990
8990 8988 8618
8618 8988 8602
8988 3860 8602
8240 8618 8602
8240 8256 8618
7890 7872 3629
3859 7890 3629
8256 3859 3629
8240 3859 8256
7872 7890 3625
14994 3628 14943
14538 14499 3624
14499 3864 3624
3864 14943 3624
9330 8988 9332
14126 14499 14538
14126 14089 14499
13750 14089 14126
13750 13713 14089
13335 13713 13333
13333 13713 3623
13713 13750 3623
3627 13335 13333
3863 13335 3627
3626 11552 11558
3622 11552 3626
11552 11176 11558
11558 11176 3862
11176 11119 3862
11119 11176 3858
3867 3627 3633
9688 9334 3636
9652 9688 3636
9332 8990 9334
9334 8990 8992
8990 8618 8992
8992 8618 8620
8620 8618 8256
8620 8256 8236
3635 8620 8236
8236 8256 3629
3634 14994 14998
3628 14994 3634
3868 14994 3864
3868 14998 14994
3867 3863 3627
3861 9658 9686
3626 11558 11492
3866 3632 3862
3862 3632 11558
3632 11492 11558
3865 10388 10436
10022 10016 10388
10388 10016 10436
10016 3631 10436
10022 3861 9686
9686 9688 3630
10022 9686 3630
10016 10022 3630
9686 9330 9688
9688 9330 9332
3854 11172 11168
3856 8982 3852
3856 8984 8982
3855 3851 3617
3855 3617 3621
3620 14532 14534
3616 14532 3620
14532 14122 14534
14534 14122 14124
13748 14124 14122
13748 14122 3615
13711 13748 3615
13748 13711 3619
3618 11168 11172
3614 11168 3618
3854 11168 3850
9328 8982 8984
3849 10048 10021
9680 10021 10048
9680 9657 10021
9324 9326 9680
9680 9326 9657
9326 3853 9657
8982 9326 9324
8982 9324 3613
8969 8982 3613
3848 3852 3612
3612 3852 8969
3852 8982 8969
3847 7884 7875
7500 7875 7884
7500 7487 7875
14534 14124 14538
9330 9686 9328
9328 9686 3857
9686 9658 3857
9328 8984 9330
9330 8984 8988
3860 8984 3856
3860 8988 8984
3859 7876 7890
7488 7482 7876
7876 7482 7890
7482 3625 7890
3855 7482 7488
3621 7482 3855
3624 14534 14538
3620 14534 3624
9688 9332 9334
14538 14124 14126
14124 13748 14126
14126 13748 13750
3619 13750 13748
3623 13750 3619
11552 3622 11491
11172 11176 11552
11172 11552 11491
3618 11172 11491
3858 11172 3854
3858 11176 11172
3853 9328 3857
3853 9326 9328
9326 8982 9328
118 514 144
7902 8266 8237
3648 7902 8237
7902 7522 7906
7906 7522 7524
7522 7142 7524
7524 7142 7144
7142 6748 7144
7144 6748 6750
6748 6376 6750
6750 6376 6380
3647 6380 6376
3655 6380 3647
1284 3654 1269
1284 1269 3653
3646 514 500
7902 7906 8266
500 514 118
144 3645 118
15819 15866 3652
15458 15819 15391
15866 15819 15458
3872 3876 3644
3644 3876 15391
3876 15458 15391
3875 3871 3643
3875 3643 3651
10062 3650 10017
9696 10017 9653
10062 10017 9696
9336 9313 3642
9313 3874 3642
3657 12955 12953
6752 6380 6384
6042 6384 6380
6042 6380 3655
6009 6042 3655
6042 6009 3659
3654 1284 1270
1270 1284 3653
3658 15866 15868
3652 15866 3658
15866 15458 15868
15868 15458 15462
3880 15458 3876
3880 15462 15458
3651 12955 3875
3651 12953 12955
3874 9653 3642
3879 12955 3657
10444 3656 10383
10062 10064 10444
10062 10444 10383
3650 10062 10383
10062 9696 10064
10064 9696 9700
3878 9696 3874
3878 9700 9696
3873 8626 3877
3873 8624 8626
8266 8626 8624
8266 8624 3649
8237 8266 3649
3638 14998 15004
3636 9334 3642
9334 8992 9336
9336 8992 8994
8994 8992 8620
8994 8620 8598
3641 8994 8598
8598 8620 3635
7520 3640 7483
7140 7483 7105
7520 7483 7140
6744 7105 6713
7140 7105 6744
6372 6713 6347
6744 6713 6372
6372 6347 3639
3642 9334 9336
3634 14998 3638
3870 14998 3868
3870 15004 14998
3869 3867 3633
3869 3633 3637
11120 3632 3866
11114 3632 11120
11114 11120 10750
11114 10750 10744
10382 10744 10750
10382 10750 3865
10436 10382 3865
10382 10436 3631
3630 9688 9652
7142 6744 6748
3874 9696 9653
8994 9313 9336
8994 8971 9313
8624 3873 8599
3873 8971 8599
8971 3641 8599
8971 8994 3641
8624 8599 3649
7902 3648 7873
7520 7522 7902
7520 7902 7873
3640 7520 7873
7520 7140 7522
7522 7140 7142
7140 6744 7142
3611 3617 3851
6744 6372 6748
6748 6372 6376
3639 6376 6372
3647 6376 3639
514 3646 499
144 499 117
514 499 144
144 117 3645
3872 3644 3638
3872 3638 15004
14945 3872 15004
14945 15004 3870
3871 3869 3637
3871 3637 3643
3822 6809 3590
3593 3827 3591
3591 3827 5097
3827 4990 5097
5097 4990 3825
3824 3826 3592
3824 3592 6605
6809 3824 6605
6809 6605 3590
3591 5097 4988
3825 3823 3589
3825 3589 4988
5097 3825 4988
6607 3824 6809
6263 6431 3590
6431 3822 3590
3592 3828 3594
3822 6607 6809
6431 6263 3588
3589 3823 3587
3587 3823 4837
3823 4760 4837
4837 4760 3821
6265 3822 6431
3586 3820 3588
3588 3820 6431
3820 6265 6431
3587 4837 4758
3821 4758 4837
3821 3819 4594
4758 3821 4594
4534 4758 4594
3831 5418 5272
5928 5763 5604
5928 6101 5763
3835 3833 3599
3835 3599 5604
5763 3835 5604
8119 3834 8361
7749 7751 8119
7749 8119 8361
3600 7749 8361
7751 7749 7353
7353 7749 7351
7351 3832 7353
7351 3598 3832
3833 3831 3599
3599 3831 5272
4534 4594 3585
5272 5418 3597
3830 3832 3596
3596 3832 3598
3831 5274 5418
3829 3595 3597
3829 3597 5418
5274 3829 5418
6979 3830 3596
6981 3830 6979
6979 3828 6981
6979 3594 3828
3829 3827 3593
3829 3593 3595
3826 3828 3592
3727 11496 3463
4989 4757 4828
3813 4989 4828
4828 4757 3579
12005 3728 11862
12005 11862 3727
13085 3726 12954
12954 12707 13085
12582 12707 12954
12582 12357 12707
12224 12357 12582
3728 12005 11860
12224 3728 11860
3464 12224 11860
12357 12224 3464
11496 11635 3463
4989 4987 4757
11860 3727 3463
12005 3727 11860
11635 11496 3725
14944 3462 3724
14942 3462 14944
14942 14944 14498
14942 14498 14496
3723 14496 14498
3461 14496 3723
13085 3722 3726
13081 3722 13085
13085 12707 13081
13081 12707 3460
12707 12580 3460
12580 12357 12222
5927 5603 5605
3818 3820 3584
3584 3820 3586
3819 4536 4594
3817 3583 3585
3817 3585 4594
4536 3817 4594
3818 3584 3582
3818 3582 6080
5929 3818 6080
5929 6080 3816
3815 4590 4535
3581 3583 3817
3581 3817 4535
4590 3581 4535
6080 3582 5927
3601 6101 5928
5927 5605 3816
6080 5927 3816
5603 3814 5605
5603 3580 3814
3813 4828 4759
4590 3815 4533
3815 4759 4533
4759 3579 4533
4759 4828 3579
4590 4533 3581
5271 3814 3580
5273 3814 5271
5273 5271 4989
4989 5271 4987
8731 3844 8476
7884 7496 7500
3607 7500 7496
3611 7500 3607
10792 3610 10743
10792 10743 3609
8246 3608 8235
7882 8235 7871
8246 8235 7882
7496 7871 7481
7882 7871 7496
7496 7481 3607
6457 3846 6266
6266 6109 6457
5930 6109 6266
6109 5930 3845
7882 7496 7884
8476 8369 8731
8120 8369 8476
8120 8005 8369
7752 8005 8120
8005 7752 3843
6827 3842 6608
6457 6455 6827
6457 6827 6608
3846 6457 6608
6107 6455 6457
6107 6457 6109
6107 3845 3841
6109 3845 6107
8731 3840 3844
8729 3840 8731
10387 10015 10048
3611 3851 7487
7500 3611 7487
14532 3616 14497
14122 14497 14087
14532 14497 14122
14122 14087 3615
11168 3614 11113
10792 10749 3610
10749 3850 3610
3850 11113 3610
3850 11168 11113
10387 10749 10381
10381 10749 3609
10749 10792 3609
10387 10381 10015
8367 8729 8731
3849 10387 10048
9680 10015 9651
10048 10015 9680
9324 9651 9311
9680 9651 9324
9324 9311 3613
8597 3848 3612
8601 3848 8597
8601 8597 8239
8239 8597 8246
8597 3608 8246
7882 7884 8246
8246 7884 8239
7884 3847 8239
8118 8365 3604
6451 3605 6453
6451 3603 3605
6103 6451 6453
6103 6453 6105
5765 6103 6105
5765 6105 3839
5606 5765 3839
5765 5606 3837
8843 3838 9093
9093 8727 8725
9093 8725 3836
8843 9093 3836
8727 8365 8725
8725 8365 3602
8365 8118 3602
7352 7623 3606
3603 6451 6264
6103 6101 6451
6451 6101 6264
6101 3601 6264
5763 6101 6103
5763 6103 5765
5763 3837 3835
5765 3837 5763
8475 3836 8725
8117 8361 3602
8361 3834 3602
3834 8725 3602
3834 8475 8725
8361 8117 3600
6105 6453 6455
8367 8731 8369
8003 8367 8369
8003 8369 8005
7623 8003 8005
7623 8005 3843
7354 7623 3843
7354 6982 6980
7354 6980 3606
7623 7354 3606
6980 6982 6606
6606 6982 6827
6982 3842 6827
6455 6453 6827
6827 6453 6606
6453 3605 6606
1660 1662 1970
6105 6455 6107
6105 3841 3839
6107 3841 6105
9093 3838 8844
8729 8727 9093
8729 9093 8844
3840 8729 8844
8365 8727 8729
8365 8729 8367
8367 8003 8365
8365 8003 3604
8003 7750 3604
7750 7623 7352
7750 8003 7623
1415 7460 7454
1055 7857 7851
1419 7857 1055
1416 1418 1052
1052 1418 1054
1417 7850 1053
1417 7856 7850
1415 7850 7856
1051 7850 1415
15365 1416 1052
15367 1416 15365
15367 15365 14925
14925 15365 14923
14923 1414 14925
14923 1050 1414
1415 7454 1051
1053 7851 7857
1413 7454 7460
1049 7454 1413
1412 1414 1048
1048 1414 1050
1411 11546 11469
11469 11546 1410
1413 7072 1049
1413 7078 7072
7072 7078 6694
7072 6694 6729
1047 7072 6729
6729 6694 1409
1408 1412 1046
1046 1412 1048
1407 11546 1411
1420 1422 1056
5335 5665 5333
5335 5333 5037
5037 5333 5035
4787 5037 5035
4787 5035 1061
4803 4787 1061
1425 4787 4803
1422 1424 1058
1058 1424 1060
6369 1057 6331
6331 1059 6031
6369 6331 6031
5993 6369 6031
1421 6369 5993
1423 5993 6031
1407 11544 11546
1056 1422 1058
1055 7461 1419
1055 7455 7461
7461 7455 7079
7079 7455 7073
7079 7073 6695
6695 7073 6691
6333 6695 6691
6333 6691 1057
6369 6333 1057
1421 6333 6369
1418 1420 1054
1054 1420 1056
1053 7857 1417
8243 8215 7849
1039 12207 12209
12209 12207 11841
12209 11841 11908
1403 12209 11908
11908 11841 1043
10719 1402 1042
10721 1402 10719
10719 1398 10721
10719 1038 1398
8975 1037 8943
8975 8577 8605
8975 8943 8577
8605 8215 8243
8605 8577 8215
8243 7849 7877
1039 12209 1399
7877 7453 7491
7877 7849 7453
7491 7071 7111
7491 7453 7071
6689 6693 7071
7071 6693 7111
6693 1397 7111
1041 6693 6689
1401 6693 1041
13315 1400 1040
13317 1400 13315
13317 13315 12935
12935 13315 12931
12935 12931 12565
12565 12931 12563
11166 11467 11089
11544 11166 11546
11546 11166 1410
11166 11091 1410
11091 11166 1406
1047 6729 6690
1409 1405 1045
1409 1045 6690
6729 1409 6690
1404 1408 1044
1044 1408 1046
1403 11908 11843
11544 1407 11467
1407 11843 11467
11843 1043 11467
11843 11908 1043
5667 5665 5335
11544 11467 11166
1402 1406 1042
1042 1406 11089
1406 11166 11089
1405 1401 1041
1405 1041 1045
14481 1404 1044
14483 1404 14481
14483 14481 14073
14073 14481 14069
14073 14069 13697
13697 14069 13695
13695 1400 13697
13695 1040 1400
474 962 854
1081 8289 8216
8216 7927 7852
8216 8289 7927
7852 7543 7456
7852 7927 7543
7456 7543 1080
1445 1441 1079
1079 1441 5334
1441 5392 5334
5334 5392 1077
1913 1444 1078
1917 1444 1913
1913 1440 1917
1913 1076 1440
1443 854 962
1446 570 566
474 566 962
474 1442 566
1441 5336 5392
5038 5036 5336
5336 5036 5392
5036 1077 5392
5036 5038 4788
5036 4788 4823
1075 5036 4823
4788 4585 4823
4554 4585 4788
4585 4554 1439
1438 1440 1074
1074 1440 1076
1075 4823 4786
7547 7167 7543
5992 1087 6414
5666 5992 5994
5666 5994 1449
5740 5666 1449
5666 5740 1083
1448 1450 1082
1082 1450 1086
1447 570 475
475 570 1446
8289 1085 8293
8289 1081 1085
7927 8289 8293
7927 8293 7931
7543 7927 7931
7543 7931 7547
4786 4585 4552
7543 7167 1080
7167 7074 1080
7074 7167 1084
1449 5668 5740
1445 1079 1083
1445 1083 5740
5668 1445 5740
1444 1448 1078
1078 1448 1082
1443 962 855
566 570 962
962 570 855
570 1447 855
1446 566 1442
4803 1061 4785
1585 1064 1428
4567 1063 4551
1065 1429 1427
1065 1427 4567
4551 1065 4567
1237 1428 1064
1239 1428 1237
1239 1237 853
853 1237 851
853 851 473
473 851 471
473 471 97
97 471 154
471 1062 154
97 154 1426
1585 1428 1587
4785 1063 4567
4803 4785 4567
4553 4803 4567
1425 4803 4553
1427 4553 4567
154 1062 95
95 15797 15799
95 15799 1426
154 95 1426
15797 1424 15799
15797 1060 1424
6031 1059 5991
5665 5667 5991
5991 5667 6031
5667 1423 6031
1435 1069 1071
4786 4823 4585
4372 4552 4374
4374 4552 1439
4552 4585 1439
1437 4372 4374
1073 4372 1437
1436 1438 1072
1072 1438 1074
1437 1435 1071
1437 1071 1073
1916 1070 1434
1912 1070 1916
1916 1072 1912
1916 1436 1072
1435 1433 1069
1039 12565 12563
1432 1434 1068
1068 1434 1070
1067 4373 1431
1067 4371 4373
1069 4373 4371
1433 4373 1069
1430 1432 1066
1066 1432 1068
1431 1429 1065
1431 1065 1067
1911 1430 1066
1915 1430 1911
1915 1911 1587
1587 1911 1585
11260 11256 10874
15798 1122 15950
1113 14638 1121
1113 14632 14638
14632 14204 14638
14638 14204 14210
1120 14204 1112
1120 14210 14204
1119 12932 13078
12564 13078 12932
12564 12698 13078
12564 1118 12698
1117 11468 11626
11260 11626 11256
11256 11626 1111
11626 11468 1111
222 1114 15798
10874 11256 10720
11256 1110 10720
10720 1116 10874
1115 1109 725
1115 725 727
726 724 1108
726 1108 96
222 726 96
96 1114 222
1113 14482 14632
14070 14632 14482
14070 14204 14632
14070 1112 14204
1111 11090 11256
11090 1110 11256
11996 11842 1117
14638 14210 14480
14210 1126 14480
1126 730 14480
14071 14210 1120
1119 13084 1125
1119 13078 13084
13078 12698 13084
13084 12698 12706
12706 12698 12354
12354 12698 12208
12698 1118 12208
11842 12354 12208
11842 11996 12354
11632 11996 11626
11626 11996 1117
723 8945 1107
11626 11260 11632
11632 11260 11264
11260 10874 11264
11264 10874 10880
10880 10874 10504
10504 10874 10358
10874 1116 10358
10358 1124 10504
1123 1115 727
1123 727 729
726 222 94
728 94 15950
94 222 15950
222 15798 15950
2238 2297 716
1101 8940 717
1101 8944 8940
8940 8944 8578
8940 8578 8576
8576 8578 8218
8576 8218 8214
8214 8218 7854
8214 7854 7848
7848 7854 7458
7848 7458 7452
1099 7452 7458
715 7452 1099
714 1098 1100
714 1100 2297
2238 714 2297
1914 1102 718
1099 7070 715
1099 7076 7070
1097 7070 7076
713 7070 1097
1096 1098 712
712 1098 714
1097 1095 711
1097 711 713
1094 1096 710
710 1096 712
7175 709 7069
711 1095 1093
711 1093 7175
7069 711 7175
1094 710 708
1586 718 1102
723 8941 8945
725 8945 8941
1109 8945 725
599 1106 472
724 722 1108
1108 722 472
722 599 472
1107 1105 721
1107 721 723
720 1104 1106
720 1106 599
470 720 599
470 599 722
1105 1103 719
1105 719 721
1126 14210 14071
1584 718 1586
1584 1586 1238
1584 1238 1236
1236 1238 852
1236 852 850
852 720 850
852 1104 720
1103 1101 717
1103 717 719
2297 1100 2240
2240 1914 1910
2240 1910 716
2297 2240 716
1914 718 1910
12562 12712 741
744 11646 11466
11646 11276 11280
11646 11280 748
11466 11646 748
743 11280 11276
747 11280 743
746 742 1134
746 1134 13696
13844 746 13696
13696 1136 13844
1135 1133 745
745 1133 12930
1133 13090 12930
12562 13090 12712
12930 13090 12562
745 13314 1135
744 11644 11646
740 11644 744
11644 11274 11646
11646 11274 11276
739 11276 11274
743 11276 739
9626 738 1132
9624 738 9626
1131 9624 9626
737 9624 1131
14072 736 1130
14068 736 14072
14072 742 14068
14072 1134 742
1133 12934 13090
8243 8219 8605
1399 12565 1039
10357 1398 1038
10359 1398 10357
10359 10357 9993
9993 10357 9991
9993 9991 9627
9627 9991 9625
9627 9625 9287
9287 9625 9285
8947 9287 9285
8947 9285 1037
8975 8947 1037
8975 8579 8947
8605 8579 8975
8605 8219 8579
12712 13090 12710
8243 7855 8219
7877 7855 8243
7877 7459 7855
7491 7459 7877
7491 7077 7459
7111 7077 7491
1397 7077 7111
748 11280 11088
11088 11280 747
746 13844 13694
13316 13314 13694
13316 13694 13844
1136 13316 13844
1135 13314 13316
1127 8942 733
12710 12354 12362
12354 11996 12362
12362 11996 12004
11996 11632 12004
12004 11632 11640
11632 11264 11640
11640 11264 11272
11272 11264 10880
11272 10880 10718
735 11272 10718
10356 10880 10504
10718 10880 10356
1128 734 1124
1124 734 10504
734 10356 10504
12706 12354 12710
1127 8946 8942
1123 8942 8946
729 8942 1123
728 15950 15796
732 15796 15562
15796 15950 15562
15950 15366 15562
15950 1122 15366
14924 14922 15366
15366 14922 15562
14922 731 15562
14480 14922 14924
14480 14924 1121
14638 14480 1121
9990 734 9992
12710 13090 1129
13090 12934 1129
12712 12710 12362
12712 12362 12206
741 12712 12206
11840 12362 12004
12206 12362 11840
12004 11640 11644
12004 11644 740
11840 12004 740
11640 11272 11644
11644 11272 11274
735 11274 11272
739 11274 735
9992 734 1128
6334 5992 6414
9992 738 9990
9992 1132 738
1131 9284 737
1131 9286 9284
1127 9284 9286
733 9284 1127
732 15562 15364
15364 15562 731
1126 1130 730
730 1130 736
1125 13084 12933
12706 12710 13084
13084 12710 12933
12710 1129 12933
14483 1730 1404
1735 1405 1409
1730 1734 1404
1404 1734 1408
1729 12266 12211
11910 1733 11843
1733 12211 11843
12211 1403 11843
12211 12266 1403
11910 11843 1407
1406 10790 10794
1402 10790 1406
1732 10790 1728
1732 10794 10790
1731 1727 1401
1731 1401 1405
1735 1731 1405
14485 1730 14483
14483 14073 14485
14485 14073 1726
14073 14117 1726
13697 13699 14073
14073 13699 14117
13699 1725 14117
13697 1724 13699
13697 1400 1724
1723 12614 12567
12266 1729 12209
1729 12567 12209
12567 1399 12209
12567 12614 1399
12266 12209 1403
7078 6700 6694
1737 11914 1741
1737 11912 11914
11550 11914 11912
11550 11912 1411
11469 11550 1411
11170 11174 11550
11170 11550 11469
1410 11170 11469
11170 10798 11174
11174 10798 1740
10798 10723 1740
10723 10798 1736
1739 7078 1413
1739 7082 7078
7078 7082 6700
10790 1402 10721
1735 6694 6700
1409 6694 1735
1734 1738 1408
1408 1738 1412
1733 11912 1737
1733 11910 11912
1407 11912 11910
1411 11912 1407
11170 1410 11091
10794 10798 11170
10794 11170 11091
1406 10794 11091
1736 10794 1732
1736 10798 10794
7209 6811 6807
8221 8219 7859
7859 8219 7855
7859 7855 7463
7463 7855 7459
7463 7459 7081
7081 7459 7077
1397 7081 7077
1721 7081 1397
7209 1720 6968
6968 6811 7209
6594 6811 6968
6594 6439 6811
6252 6439 6594
6439 6252 1719
6967 1720 7209
8221 8579 8219
7209 6807 1718
6967 7209 1718
6435 6807 6811
6435 6811 6439
6435 1719 1717
6439 1719 6435
6593 1718 6807
6807 6251 6593
6435 6251 6807
1717 6251 6435
1136 13466 13316
13316 13466 1135
1134 13840 13696
13840 13462 13466
13840 13466 1136
1723 12937 12614
1722 1728 1398
1398 1728 10721
1728 10790 10721
1397 6699 1721
1397 6693 6699
1401 6699 6693
1727 6699 1401
14075 1726 14117
1725 14075 14117
13317 1724 1400
13319 1724 13317
13319 13317 12937
12937 13317 12935
12937 12935 12565
12937 12565 12614
1738 14927 14989
12614 12565 1399
10359 1722 1398
10361 1722 10359
10361 10359 9995
9995 10359 9993
9995 9993 9629
9629 9993 9627
9629 9627 9289
9289 9627 9287
9289 9287 8949
8949 9287 8947
8949 8947 8581
8581 8947 8579
8581 8579 8221
5372 5667 5335
5372 5337 5669
5337 5372 1756
1425 4555 1755
1425 4553 4555
1427 4555 4553
1759 4555 1427
1754 1758 1426
1754 1426 15799
15865 1754 15799
15865 15799 1424
1753 6032 5995
5710 1757 5667
1757 5995 5667
5995 1423 5667
5995 6032 1423
5372 5669 5710
5710 5667 5372
5335 5037 5039
5335 5039 1756
5372 5335 1756
5039 5037 4789
4789 5037 4787
1425 4789 4787
1755 4789 1425
15865 1752 1754
15861 1752 15865
15865 1422 15861
15865 1424 1422
1751 6370 6335
6032 1753 5993
1753 6335 5993
1762 916 1760
1622 1298 1764
1298 1241 1764
922 1241 1298
922 857 1241
857 922 1762
1763 1761 1429
1763 1429 1431
1934 1430 1915
1618 1915 1587
1934 1915 1618
1292 1298 1618
1292 1618 1587
1428 1292 1587
1292 916 1298
1298 916 922
6335 1421 5993
1762 922 916
1761 1759 1427
1761 1427 1429
1292 1428 1239
916 1239 853
1292 1239 916
853 473 477
853 477 1760
916 853 1760
477 473 99
99 473 97
97 1758 99
97 1426 1758
1757 5710 5669
11914 11550 11920
11845 11920 1744
1417 7893 7856
7464 7507 1415
1747 7464 1415
7856 1747 1415
7893 1747 7856
7507 7464 1743
1742 1746 1416
1742 1416 15367
15431 1742 15367
15431 14925 14989
15431 15367 14925
14989 14925 1414
1741 11920 1745
1741 11914 11920
1745 11920 11845
11920 11550 1744
11550 11471 1744
11174 11471 11550
11174 11093 11471
11093 11174 1740
1415 7507 7460
1743 1739 1413
1743 1413 7460
7507 1743 7460
15369 1742 15431
15431 14927 15369
14989 14927 15431
1412 1738 1414
1414 1738 14989
6370 6333 1421
6335 6370 1421
6032 5993 1423
15861 1750 1752
15855 1750 15861
15861 1420 15855
15861 1422 1420
7515 1419 7461
7079 7083 7461
7461 7083 7515
7083 1749 7515
7083 7079 6701
6701 7079 6695
6701 6695 6333
6701 6333 6370
1751 6701 6370
13696 13840 1136
15855 1748 1750
15851 1748 15855
15855 1418 15851
15855 1420 1418
7893 1417 7857
7857 1419 7515
7893 7857 7515
7465 7893 7515
1747 7893 7465
1749 7465 7515
15801 1748 15851
1416 1746 1418
1418 1746 15851
1746 15801 15851
2240 1977 1914
1586 1588 1238
1238 1588 1363
1588 1466 1363
1238 991 852
1238 1363 991
852 991 1104
1103 1465 1101
1101 1465 9041
1465 8948 9041
9041 8948 1463
2647 1462 2598
1464 2303 2240
2598 1464 2240
1100 2598 2240
2647 2598 1100
1977 1918 1102
2240 2303 1977
1914 1977 1102
1101 9041 8944
8578 8944 8580
8580 8944 1463
8944 9041 1463
8578 8580 8220
8578 8220 8218
8218 8220 7858
8218 7858 7854
7854 7858 7462
7854 7462 7458
7458 7462 7080
7458 7080 7189
1099 7458 7189
1469 1467 1105
12936 1474 13070
1473 11090 1111
1473 11092 11090
11092 1110 11090
11092 1472 1110
1469 1107 1471
1471 1107 9058
1107 8945 9058
9058 8945 1109
997 1468 856
1470 605 472
856 1470 472
1106 856 472
997 856 1106
472 605 1108
7189 7080 1461
1469 1105 1107
1363 1466 1240
997 991 1363
997 1363 1240
1468 997 1240
997 1104 991
997 1106 1104
1467 1465 1103
1467 1103 1105
2303 1464 2242
2242 1977 2303
1918 1977 2242
1918 1588 1586
1918 1586 1102
2241 1452 2275
6777 6696 1453
2281 1452 1454
2275 1452 2281
2281 1090 2275
2281 1092 1090
7935 1089 7853
7935 7457 7551
7935 7853 7457
7551 7457 1088
1091 6777 6692
1453 6692 6777
1453 1451 6414
6692 1453 6414
6332 6692 6414
6332 6414 1087
1455 6696 6777
1086 1450 1090
1090 1450 2275
1450 2241 2275
8293 1085 8217
7931 8293 7935
7935 8293 1089
8293 8217 1089
7547 7931 7935
7547 7935 7551
7547 7551 7167
7167 7551 7075
7551 1088 7075
7167 7075 1084
1451 6334 6414
5994 5992 6334
6787 6698 1457
2597 1462 2647
1098 1460 1100
1100 1460 2647
1460 2597 2647
1099 7189 7076
1461 1459 1097
1461 1097 7076
7189 1461 7076
2637 1458 2596
1098 1096 1460
1460 1096 2596
1096 2637 2596
1097 1459 1095
1095 1459 6787
1459 6698 6787
1475 12936 13070
2595 1458 2637
1094 1456 1096
1096 1456 2637
1456 2595 2637
1093 1095 1455
1455 1095 6697
1095 6787 6697
1457 6697 6787
1454 1456 1094
1454 1094 2239
2281 1454 2239
2281 2239 1092
1093 1455 1091
1091 1455 6777
15366 15558 14924
13088 12933 1129
1128 1124 1482
1128 1482 9994
10160 1128 9994
9628 10160 9994
9628 9782 10160
9288 9782 9628
9288 9406 9782
9068 8946 1127
1481 9068 1127
9406 1481 1127
9288 1481 9406
8946 9068 1123
1122 15558 15366
14924 15558 15108
12933 13088 1125
14924 15108 1121
14214 1126 14071
13828 13832 14214
13828 14214 14071
1120 13828 14071
13828 13452 13832
13832 13452 13456
1119 13456 13452
1125 13456 1119
1118 12348 12208
11844 11842 12208
11844 12208 12348
1480 11844 12348
1479 11842 11844
1117 11842 1479
10160 9782 9790
1133 13466 13462
1135 13466 1133
1132 9790 9626
9626 9790 1131
1130 14218 14072
14218 13836 13840
14218 13840 1134
14072 14218 1134
13836 13458 13840
13840 13458 13462
13462 13458 13088
13462 13088 12934
1133 13462 12934
12934 13088 1129
1128 10160 9992
10360 1116 1478
10160 9790 1132
9992 10160 1132
9790 9782 9406
9790 9406 9286
1131 9790 9286
9286 9406 1127
1130 14214 14218
1126 14214 1130
14214 13832 14218
14218 13832 13836
13832 13456 13836
13836 13456 13458
13088 13458 13456
13088 13456 1125
605 476 1108
1479 11468 1117
1479 11470 11468
1473 11468 11470
1111 11468 1473
10722 1110 1472
10720 1110 10722
10722 1116 10720
10722 1478 1116
1471 9064 1477
1471 9058 9064
1109 9064 9058
1115 9064 1109
605 1470 476
476 98 96
476 96 1108
12210 1480 12348
98 15800 96
96 15800 1114
15800 15948 1114
15368 15948 15800
15368 15554 15948
14926 15554 15368
14926 15104 15554
14484 14482 14926
14926 14482 15104
14482 1113 15104
14482 14484 14074
14482 14074 14070
14074 1112 14070
14074 1476 1112
1120 1112 1476
10358 1116 10360
10360 1124 10358
10360 1482 1124
1477 9068 1481
1477 9064 9068
1115 9068 9064
1123 9068 1115
1114 15948 15798
15948 15554 15558
15948 15558 1122
15798 15948 1122
15554 15104 15558
15558 15104 15108
1113 15108 15104
1121 15108 1113
1094 708 2280
1120 1476 13698
13828 1120 13698
13318 13828 13698
13318 13452 13828
13070 12932 1119
1475 13070 1119
13452 1475 1119
13318 1475 13452
12566 12564 12932
12566 12932 13070
1474 12566 13070
12566 12210 12564
12564 12210 1118
12210 12348 1118
307 309 695
2952 2622 312
2928 2952 312
698 2620 694
698 2622 2620
697 693 311
311 693 8208
693 8284 8208
7842 8284 7922
8208 8284 7842
7450 7444 7842
7450 7842 7922
692 7450 7922
7450 310 7444
7450 696 310
691 5078 5033
2952 2620 2622
307 695 5033
5078 307 5033
2952 308 2927
2618 2620 2952
2618 2952 2927
306 2618 2927
2618 2262 2620
2620 2262 694
2262 2235 694
1909 2235 1905
1905 2235 305
2235 2262 305
1905 690 1909
1905 304 690
693 8212 8284
2622 698 2236
705 8213 8297
314 700 704
314 704 6773
6684 314 6773
6684 6773 318
703 5664 5742
5332 5330 5664
5664 5330 5742
5330 317 5742
699 5330 5332
313 5330 699
312 2622 2592
316 2592 2270
2592 2622 2270
2622 2236 2270
7846 8284 8212
2236 702 2270
315 8651 8572
701 697 311
701 311 8572
8651 701 8572
7068 310 696
7062 310 7068
7068 314 7062
7068 700 314
699 5030 313
699 5034 5030
695 5030 5034
309 5030 695
308 2952 2928
4387 299 4391
949 302 300
4391 301 4395
4391 299 301
4391 687 685
4395 687 4391
1943 684 1908
1908 1627 1943
1582 1627 1908
1317 1309 1627
1317 1627 1582
686 1317 1582
937 1309 1317
937 1317 943
943 298 937
943 300 298
949 300 943
4387 297 299
4387 685 683
4391 685 4387
1943 682 684
1937 682 1943
1621 1937 1943
1621 1943 1627
1627 1309 1621
1621 1309 296
1309 1232 296
1232 937 846
1232 1309 937
846 937 298
4575 295 4547
4547 297 4387
1323 847 949
7846 7922 8284
7846 692 7922
691 5032 5078
689 303 307
689 307 5078
5032 689 5078
2618 306 2591
2262 2591 2233
2618 2591 2262
2262 2233 305
1579 690 304
1583 690 1579
1579 1233 1583
1583 1233 688
1233 1323 688
701 8651 8213
1323 1233 847
949 847 302
689 4782 303
689 4784 4782
4782 4784 4550
4782 4550 4548
4548 4550 4370
4548 4370 4395
301 4548 4395
4395 4370 687
1323 686 688
1317 686 1323
943 1317 1323
943 1323 949
717 8940 9040
1580 1236 1234
1234 1236 850
1234 850 848
850 334 848
850 720 334
719 717 333
333 717 8936
717 9040 8936
8936 9040 331
330 2296 2234
1910 1906 2234
1910 2234 2296
716 1910 2296
1910 332 1906
1910 718 332
1580 1584 1236
8576 8574 8940
8940 8574 9040
8574 331 9040
8574 8576 8214
8574 8214 8210
8210 8214 7848
8210 7848 7844
7844 7848 7452
7844 7452 7577
329 7844 7577
7577 7452 715
328 2644 2594
330 2594 2296
2594 2644 2296
2644 2238 2296
724 338 722
468 610 226
610 94 226
610 726 94
94 728 226
727 725 339
727 339 341
610 340 467
724 726 338
338 726 467
726 610 467
723 9054 8941
337 339 725
337 725 8941
9054 337 8941
336 598 466
2644 714 2238
722 338 598
338 466 598
721 335 723
723 335 9054
335 8937 9054
9054 8937 337
336 334 720
336 720 470
598 336 470
470 722 598
721 719 333
721 333 335
1584 332 718
1580 332 1584
6773 6688 318
707 7939 7451
709 7451 7559
708 322 320
708 320 2274
2237 708 2274
2237 2274 706
8297 319 8209
8209 321 7939
8297 8209 7939
7847 8297 7939
705 8297 7847
707 7847 7939
6773 704 6688
6688 6330 6328
6688 6328 318
7451 7939 7559
6328 6330 5990
6328 5990 5988
5662 5988 5990
5662 5990 703
5742 5662 703
5662 5742 317
320 2270 2274
316 2270 320
706 2270 702
706 2274 2270
8651 315 8573
8573 319 8297
8651 8573 8297
8213 8651 8297
710 712 324
2238 716 2296
329 7577 7446
7064 7446 7070
7070 7446 715
7446 7577 715
713 7064 7070
327 7064 713
2644 328 2593
712 714 326
326 714 2593
714 2644 2593
713 711 327
327 711 6686
711 6786 6686
6686 6786 325
4575 4547 4387
324 712 326
7559 323 7445
7063 7069 7445
7445 7069 7559
7069 709 7559
7069 7063 6685
7069 6685 6786
711 7069 6786
6786 6685 325
708 710 322
322 710 324
7939 321 7843
7843 323 7559
7939 7843 7559
11465 11463 11087
6356 6681 6325
6728 6681 6356
6016 6325 5985
6356 6325 6016
6016 5985 273
15428 272 15359
14980 14917 268
14917 656 268
656 15359 268
656 15428 15359
14917 14980 654
267 11839 653
267 11837 11839
11839 11837 11465
11465 11837 11463
657 655 6728
11087 11463 11164
11463 266 11164
11087 11164 652
265 8939 651
265 8935 8939
8939 8935 8575
8575 8935 8571
8575 8571 8211
8211 8571 8207
7845 8211 8207
7845 8207 271
7883 7845 271
7441 7447 7845
7441 7845 7883
270 7441 7883
6358 6016 6018
6732 6358 6734
6734 6358 6360
6360 6358 6018
6360 6018 5986
277 6360 5986
5986 6018 275
660 276 274
660 274 14984
14919 660 14984
14919 14984 658
657 6732 659
657 6728 6732
6728 6356 6732
6732 6356 6358
6356 6016 6358
7065 7447 7441
273 6018 6016
275 6018 273
272 15428 15360
274 15360 14984
15360 15428 14984
15428 14918 14984
15428 656 14918
14918 658 14984
7883 271 7841
7883 7841 270
7119 269 7059
655 7119 7059
7059 6681 6728
655 7059 6728
14474 14664 16075
15358 15582 14912
258 10784 260
10784 10414 10786
10786 10414 646
10414 10355 646
10042 645 9987
645 10355 9987
10355 257 9987
10355 10414 257
9672 9987 9621
10042 9987 9672
9672 9621 259
10784 258 10715
10414 10715 10353
10784 10715 10414
12561 12927 12559
14912 15134 14474
15134 15578 14916
15578 358 14916
14478 15134 14916
14478 14664 15134
14230 14064 16075
357 14230 16075
14664 357 16075
14478 357 14664
14064 14230 16073
16072 12370 12202
11836 12370 12014
12202 12370 11836
11464 11462 11836
11464 11836 12014
267 12205 12203
7065 7441 269
7119 7065 269
655 7065 7119
14980 268 14913
14913 14475 14479
14913 14479 654
14980 14913 654
14479 14475 14067
14067 14475 14065
14067 14065 13693
13693 14065 13691
13691 650 13693
13691 264 650
263 12205 649
263 12203 12205
7128 7066 659
653 12205 267
266 11162 11164
262 11162 266
11162 10788 11164
11164 10788 652
10788 10717 652
10717 10788 648
651 647 261
651 261 265
13311 650 264
13313 650 13311
13313 13311 12929
12929 13311 12927
12929 12927 12561
672 290 5329
4807 289 4781
4781 293 4571
4807 4781 4571
4549 4807 4571
675 4807 4549
679 4549 4571
849 678 915
465 525 292
525 674 292
674 915 292
674 849 915
525 465 288
677 673 287
677 287 291
672 676 290
5661 290 676
5371 672 5329
5371 5029 5059
5371 5329 5029
5029 289 4807
5059 5029 4807
4783 5059 4807
671 5059 4783
675 4783 4807
469 674 525
91 93 469
91 469 525
288 91 525
93 91 15795
15795 91 15793
15795 15793 15363
1617 1581 1933
4369 4575 4387
681 4575 4369
683 4369 4387
1937 680 682
1933 680 1937
1617 1933 1937
1617 1937 1621
1621 294 1617
1621 296 294
4571 295 4575
4571 293 295
4571 681 679
4575 681 4571
1907 680 1933
1933 1581 1907
15363 15793 15361
1231 1235 1581
1231 1581 1617
294 1231 1617
1231 845 1235
1235 845 678
845 915 678
915 845 292
291 6329 677
291 6327 6329
6329 6327 5989
5989 6327 5987
5989 5987 5663
5663 5987 5661
5661 676 5663
279 7510 7060
282 280 666
666 280 14920
280 14997 14920
665 663 281
281 663 7442
663 7510 7442
7442 7510 279
14997 662 664
14993 662 14997
14997 278 14993
14997 280 278
661 7510 663
661 7506 7510
7510 7506 7128
7510 7128 7060
14997 664 14920
6682 7128 6734
7060 7128 6682
6326 6734 6360
6682 6734 6326
6326 6360 277
276 660 662
276 662 14993
14914 276 14993
14914 14993 278
661 7448 7506
7066 7506 7448
7066 7128 7506
6734 7128 6732
6732 7128 659
7067 7449 7061
15361 670 15363
15361 286 670
6747 285 6683
287 673 669
287 669 6747
6683 287 6747
5331 672 5371
5371 5031 5331
5059 5031 5371
671 5031 5059
668 670 286
668 286 14915
15009 668 14915
15009 14915 284
667 7518 7449
342 468 226
7061 7449 283
7449 7518 283
6687 7067 7061
6687 7061 285
6747 6687 285
669 6687 6747
14921 668 15009
282 666 284
284 666 15009
666 14921 15009
665 281 667
667 281 7518
281 7443 7518
7518 7443 283
1063 4785 675
851 849 471
471 849 526
849 674 526
471 526 1062
6379 677 6383
6379 673 677
6037 6379 6383
6037 6383 6041
5709 6037 6041
5709 6041 5715
5715 672 5709
5715 676 672
671 4785 1061
671 4783 4785
675 4785 4783
678 849 1291
526 674 469
469 93 95
469 95 1062
526 469 1062
95 93 15797
15797 93 15795
15795 15363 15797
15797 15363 1060
15363 15457 1060
15457 15363 670
6375 673 6379
6375 669 673
6375 6379 6037
6375 6037 5991
1059 6375 5991
1235 1291 1064
682 1070 684
681 4371 1067
681 4369 4371
683 4371 4369
1069 4371 683
1066 1068 680
680 1068 682
1067 1065 679
1067 679 681
1907 1066 680
1911 1066 1907
1911 1907 1585
1585 1907 1581
1581 1235 1585
1585 1235 1064
6037 5665 5991
1291 1235 678
6383 677 6329
6383 5989 6041
6383 6329 5989
6041 5663 5715
6041 5989 5663
5715 5663 676
675 4551 1063
675 4549 4551
679 4551 4549
1065 4551 679
1237 1064 1291
849 851 1237
849 1237 1291
15439 1052 1054
7519 7073 7455
7139 7073 7519
7139 6691 7073
6743 6691 7139
1057 6691 6743
15443 1054 1056
15439 1054 15443
15443 15003 15439
15439 15003 664
15003 14920 664
14920 15003 666
1053 7892 7851
663 665 1055
663 1055 7851
7892 663 7851
667 7519 7455
15435 1052 15439
15439 662 15435
15439 664 662
1053 7850 7892
1051 661 663
1051 663 7892
7850 1051 7892
15365 1052 15435
15435 662 15365
14923 15365 14988
15365 662 14988
662 660 14988
14923 14988 1050
1051 7448 661
1051 7454 7448
7139 6687 6743
5709 5665 6037
5331 5333 5665
5331 5665 5709
672 5331 5709
5333 5331 5035
5035 5331 5031
671 5035 5031
1061 5035 671
15457 1058 1060
15451 1058 15457
15457 668 15451
15457 670 668
7519 667 7449
7519 7067 7139
7519 7449 7067
1068 1070 682
7139 7067 6687
6687 669 6375
6743 6687 6375
6331 6743 6375
1057 6743 6331
1059 6331 6375
15451 1056 1058
15443 1056 15451
15443 15451 15003
15003 15451 14921
15451 668 14921
15003 14921 666
665 667 1055
1055 667 7455
5398 5332 1083
702 1090 706
701 8217 1085
701 8213 8217
705 8217 8213
1089 8217 705
7075 1088 7169
700 1084 704
704 1084 7169
1084 7075 7169
1087 5992 6072
5666 5664 5992
5992 5664 6072
5664 703 6072
5332 5664 5666
5332 5666 1083
1086 1090 702
5332 5398 699
698 2266 2236
1086 702 1082
1082 702 2266
702 2236 2266
1085 1081 697
1085 697 701
7074 696 1080
7068 696 7074
7074 700 7068
7074 1084 700
1079 5398 1083
1079 5396 5398
5398 5396 5082
5398 5082 5034
7457 7847 707
2239 1094 2280
2239 2280 1092
7555 707 7451
7171 7555 7175
7175 7555 709
7555 7451 709
7171 1093 1091
7175 1093 7171
2280 708 2237
1090 1092 706
706 1092 2237
1092 2280 2237
705 7853 1089
705 7847 7853
7457 7853 7847
699 5398 5034
7555 7457 707
7555 7171 7169
7555 7169 1088
7457 7555 1088
6688 704 7169
7169 7171 1091
6688 7169 1091
6692 6688 1091
6688 6692 6332
6688 6332 6330
5990 6330 6332
5990 6332 1087
6072 5990 1087
5990 6072 703
687 4370 1073
1077 5032 691
1077 5036 5032
1075 5032 5036
689 5032 1075
1074 1076 690
1074 690 1583
1637 1074 1583
1637 1583 688
1075 4784 689
1075 4786 4784
4784 4786 4552
4784 4552 4550
4550 4552 4372
4550 4372 4370
1073 4370 4372
7846 7923 692
1637 1072 1074
1633 1072 1637
1637 686 1633
1637 688 686
1073 1071 685
1073 685 687
1912 684 1070
1908 684 1912
1908 1912 1582
1582 1912 1633
1912 1072 1633
1582 1633 686
1071 1069 683
1071 683 685
1079 5334 5396
5034 5082 695
698 2264 2266
694 2264 698
1082 2264 1078
1082 2266 2264
697 1081 693
693 1081 8285
1081 8216 8285
8216 7923 8285
7852 7923 8216
7852 7456 7450
7852 7450 692
7923 7852 692
7456 696 7450
7456 1080 696
7066 7448 7454
1077 5396 5334
5082 5396 5033
5396 1077 5033
1077 691 5033
5082 5033 695
2264 694 2235
2235 1909 1913
2235 1913 1078
2264 2235 1078
1909 1076 1913
1909 690 1076
693 8285 8212
8212 7923 7846
8212 8285 7923
10894 10890 10518
350 14222 14477
746 14222 742
746 14226 14222
745 12930 13092
12562 13092 12930
12562 12714 13092
12368 12714 12366
12366 12714 741
12714 12562 741
12366 12010 12368
12368 12010 12012
744 12010 740
744 12012 12010
739 10894 743
739 10890 10894
14222 14656 14477
10894 10518 10354
353 10894 10354
10354 10518 349
9789 738 9624
9624 737 9789
9412 9282 348
9282 9412 347
352 15954 15958
346 15954 352
15954 15566 15958
15958 15566 15570
15566 15118 15570
15570 15118 15122
15122 15118 14648
15122 14648 14476
11466 748 11650
13692 13694 13314
13692 13314 13312
12928 13312 13314
12928 13314 745
13092 12928 745
12560 13092 12714
12928 13092 12560
12204 12714 12368
12560 12714 12204
11838 12368 12012
12204 12368 11838
356 11838 11650
11838 12012 11650
12012 11466 11650
12012 744 11466
351 15122 14476
747 743 355
355 743 10716
743 10894 10716
10716 10894 353
352 15958 15794
15958 15570 15574
15958 15574 354
15794 15958 354
15570 15122 15574
15574 15122 15126
14656 15126 15122
14656 15122 351
14477 14656 351
14222 14226 14656
729 343 345
15954 15952 15566
15566 15952 15364
15952 732 15364
15118 15566 15114
15114 15566 731
15566 15364 731
15114 14644 15118
15118 14644 14648
736 14644 730
736 14648 14644
735 10718 10886
10356 10886 10718
10356 10512 10886
10356 734 10512
733 8942 9074
344 15952 346
729 345 9074
8942 729 9074
342 226 92
344 92 15952
92 226 15952
226 15796 15952
226 728 15796
15796 732 15952
731 14922 15114
14480 15114 14922
14480 14644 15114
14480 730 14644
729 727 341
729 341 343
340 610 468
10512 9990 349
350 14476 14222
14476 14648 14222
14648 14068 14222
14648 736 14068
14068 742 14222
741 12206 12366
11840 12366 12206
11840 12010 12366
11840 740 12010
735 10890 739
735 10886 10890
10886 10512 10890
10890 10512 10518
9990 10512 734
9990 9988 349
746 13694 14226
10518 10512 349
9988 9990 9622
9622 9990 9789
9990 738 9789
9622 9284 9412
9622 9412 348
9284 9622 737
9622 9789 737
9074 8938 347
733 9074 347
9412 733 347
9284 733 9412
8938 9074 345
346 15952 15954
6725 1045 6721
8977 651 8939
8977 8575 8607
8977 8939 8575
8607 8211 8245
8607 8575 8211
8245 7845 7881
8245 8211 7845
7881 7447 7495
7881 7845 7447
7495 7065 7113
7495 7447 7065
6721 7113 6725
6725 7113 655
7113 7065 655
6721 1045 1041
11087 652 1042
14479 1044 654
14481 1044 14479
14481 14479 14069
14069 14479 14067
14069 14067 13695
13695 14067 13693
13693 1040 13695
13693 650 1040
649 12207 1039
649 12205 12207
11841 12207 12205
11841 12205 653
11907 11841 653
1043 11841 11907
10717 1042 652
657 1047 655
7066 7454 1049
7126 7066 1049
7066 7126 659
14988 660 14919
1048 1050 658
658 1050 14919
1050 14988 14919
1049 7072 7126
1047 657 659
1047 659 7126
7072 1047 7126
656 14982 14918
1048 658 1046
1046 658 14982
658 14918 14982
10719 1042 10717
655 1047 6725
1047 6690 6725
6725 6690 1045
14982 656 14917
1044 1046 654
654 1046 14917
1046 14982 14917
11907 653 11839
11465 11467 11839
11839 11467 11907
11467 1043 11907
11467 11465 11089
11089 11465 11087
11087 1042 11089
11088 11464 11650
10357 10416 645
9991 9989 9625
9625 9989 9623
9625 9623 9285
9285 9623 9283
647 9285 9283
1037 9285 647
10416 646 10355
10416 10355 645
358 15130 14916
14478 15130 14660
14916 15130 14478
14478 14660 357
356 11650 11464
11088 11086 11464
9989 10357 645
748 11088 11650
747 11086 11088
355 11086 747
354 15574 15362
15574 15126 15130
15574 15130 358
15362 15574 358
15126 14656 15130
15130 14656 14660
14660 14656 14226
14660 14226 14066
357 14660 14066
13694 13692 14066
13694 14066 14226
7113 6689 7071
10717 1038 10719
10717 648 1038
647 651 1037
1037 651 8943
651 8977 8943
8977 8577 8943
8607 8577 8977
8607 8215 8577
8245 8215 8607
8245 7849 8215
7881 7849 8245
7881 7453 7849
7495 7453 7881
7495 7071 7453
7113 7071 7495
1618 1298 1622
6721 6689 7113
1041 6689 6721
13313 1040 650
13315 1040 13313
13315 13313 12931
12931 13313 12929
12931 12929 12563
12563 12929 12561
649 12563 12561
1039 12563 649
1038 648 646
1038 646 10416
10357 1038 10416
9991 10357 9989
7572 7954 2447
1972 2292 1924
2292 2450 1924
1924 2454 1972
2449 208 2453
2449 204 208
208 204 15926
208 15926 15804
2101 208 15804
15372 15926 15524
15804 15926 15372
2452 2100 2448
2448 2100 15524
2100 15372 15524
2451 7864 7954
7578 7954 7572
2298 2292 1972
7954 7864 2447
7578 7572 7190
7190 7572 7090
7572 2446 7090
6792 6704 2099
2445 6792 2099
7190 2445 2099
7090 2445 7190
6704 6792 2097
2098 2286 2292
2096 2286 2098
2286 1968 2292
2292 1968 2450
1968 1923 2450
1923 1968 2444
8952 8586 8584
2453 208 107
15938 2457 15805
2457 107 15805
107 2101 15805
107 208 2101
15534 15805 15373
15938 15805 15534
14932 15088 2452
2100 2452 15373
2452 15088 15373
15088 15534 15373
14932 2456 15088
2455 8952 2105
2455 8956 8952
8952 8956 8586
2449 106 204
8584 8586 8226
8584 8226 8224
7862 8224 8226
7862 8226 2451
7954 7862 2451
7954 7578 7584
7954 7584 2104
7862 7954 2104
7584 7578 7190
7584 7190 7088
2103 7584 7088
7088 7190 2099
2102 2292 2298
2098 2292 2102
9730 10001 10106
1597 2440 1654
1597 1654 2438
6415 2091 6419
6415 2089 2091
6073 6415 6419
6073 6419 6077
6073 2439 2437
6077 2439 6073
1654 2090 1593
1593 1247 1251
1593 1251 2438
1654 1593 2438
1247 2436 1251
1247 2088 2436
2435 10106 10001
2440 2090 1654
9730 9635 10001
9364 9635 9730
9364 9297 9635
9022 9297 9364
9022 8955 9297
8955 9022 2434
2089 6415 6338
6073 6001 2433
2433 2087 6338
6073 2433 6338
6415 6073 6338
2437 6001 6073
865 2436 2088
871 2436 865
865 483 871
2444 1966 2442
15808 204 106
15808 15926 204
15376 15926 15808
15376 15524 15926
15376 2448 15524
2447 7470 7572
7470 2446 7572
2445 6706 6792
2443 2095 2097
2443 2097 6792
6706 2443 6792
2286 2096 2245
1966 1968 2286
1966 2286 2245
2094 1966 2245
1925 1972 2454
2444 1968 1966
2443 2441 2093
2443 2093 2095
1966 2094 1921
2440 2442 2092
2092 2442 1921
2442 1966 1921
2093 2441 2091
2091 2441 6419
2441 6340 6419
6340 6077 6419
6002 6077 6340
6077 6002 2439
2440 2092 2090
13447 13324 2116
11096 11265 2122
2473 2471 2119
2473 2119 2121
14633 2470 14490
14490 14080 14078
14490 14078 2118
14633 14490 2118
14078 14080 13704
14078 13704 13702
13702 13704 13324
13702 13324 13447
2117 13702 13447
2472 13079 12940
13324 2472 12940
2116 13324 12940
11476 2474 11265
12940 13079 2120
2471 9632 2119
2471 9636 9632
9294 9632 9636
9294 9636 2469
9390 9294 2469
9294 9390 2115
488 2114 2468
484 2114 488
104 484 488
104 488 2467
218 104 2467
104 218 2113
14934 2112 2466
14930 2112 14934
10728 2478 2126
10366 10368 10002
10366 10002 10161
2125 10366 10161
10161 10002 2477
12216 2124 2476
12214 2124 12216
12214 12216 11850
12214 11850 11848
2475 11848 11850
2123 11848 2475
11265 2474 11098
11098 10728 10726
11098 10726 2122
11265 11098 2122
10728 2126 10726
14930 14934 14488
2125 10161 9998
2477 2473 2121
2477 2121 9998
10161 2477 9998
13079 2472 12944
12944 12574 12572
12944 12572 2120
13079 12944 2120
12574 2124 12572
12574 2476 2124
2475 11474 2123
2475 11476 11474
11474 11476 11096
11096 11476 11265
15540 2461 15809
2461 15540 15377
15377 15540 2460
2459 2107 2463
2463 2107 9382
2107 9293 9382
9382 9293 2109
2106 2304 2246
1926 1922 2246
1926 2246 2304
2458 1926 2304
1926 2108 1922
1926 2462 2108
2457 15938 15809
15534 15540 15938
15938 15540 15809
1598 2464 2110
15534 15088 15540
15540 15088 2460
15088 14933 2460
14933 15088 2456
2459 9292 2107
2459 9298 9292
2455 9292 9298
2105 9292 2455
2104 7584 7468
7468 7584 2103
2106 2298 2304
2102 2298 2106
2298 1972 2304
2304 1972 2458
1972 1925 2458
2467 108 218
14488 14934 14633
14934 2470 14633
14488 14633 2118
2117 13447 13322
13322 13447 2116
2465 9390 2469
2465 9386 9390
2111 9390 9386
2115 9390 2111
1252 2110 2464
1248 2110 1252
1248 1252 872
1248 872 866
872 2114 866
872 2468 2114
871 483 2432
15810 15806 108
108 15806 218
15806 2113 218
15806 15810 15378
15806 15378 15374
15378 2112 15374
15378 2466 2112
2463 9386 2465
2463 9382 9386
2109 9386 9382
2111 9386 2109
1598 2108 2462
1594 2108 1598
1598 2110 1594
899 1279 901
12286 12215 12573
11928 12215 12286
11928 11849 12215
11849 11928 2402
2059 7089 2401
2059 7087 7089
7089 7087 6705
6705 7087 6703
2061 6705 6703
2405 6705 2061
1595 2404 1607
1607 1279 1277
1607 1277 2400
1595 1607 2400
899 1277 1279
12286 12573 12636
509 899 901
509 901 511
511 2058 509
511 2060 2058
2399 13006 12943
12632 12636 13006
13006 12636 12943
12636 2403 12943
12286 12636 12632
12286 12632 2057
12213 12286 2057
11928 12213 11847
12286 12213 11928
11847 11473 11475
11847 11475 2402
2061 6339 2405
5711 5341 5673
5373 5341 5711
5041 5043 5341
5041 5341 5373
2066 5041 5373
5043 5041 4791
5043 4791 4804
2409 5043 4804
4804 4791 2065
1611 2406 2408
1609 2406 1611
1609 1611 1281
1281 1611 1245
1611 2064 1245
1281 1245 2062
11928 11847 2402
2061 6337 6339
2063 6339 6337
2407 6339 2063
1609 2404 2406
1607 2404 1609
1279 1607 1609
1279 1609 1281
1279 1281 901
901 1281 861
1281 2062 861
901 481 511
901 861 481
511 481 2060
2403 12636 12573
15371 2386 15375
15807 15848 2390
2389 13002 2393
2389 12998 13002
2049 13002 12998
2053 13002 2049
11095 2392 2052
11097 2392 11095
11095 2388 11097
11095 2048 2388
2391 2387 2047
2391 2047 2051
15848 2050 15803
15803 15371 15375
15803 15375 2390
15848 15803 2390
15807 2394 15848
15371 2046 2386
2389 12942 12998
12620 12570 2049
2385 12620 2049
12998 2385 2049
12942 2385 12998
12570 12620 2045
10725 2388 2048
10727 2388 10725
10725 10365 10727
10727 10365 2384
10365 10429 2384
10429 10365 2044
2387 2383 2047
2047 2383 7086
103 2054 2394
11473 2398 11475
11473 2056 2398
2401 2397 2055
2401 2055 2059
1249 2400 1277
1277 899 897
1277 897 2396
1249 1277 2396
897 899 509
897 509 485
2395 897 485
103 105 485
103 485 509
2058 103 509
103 2394 105
5711 5673 2067
2393 13006 2399
2393 13002 13006
12632 13006 13002
12632 13002 2053
12571 12632 2053
12632 12571 2057
2392 2398 2052
2052 2398 2056
2397 2391 2051
2397 2051 2055
867 2396 897
2395 867 897
2394 2054 2050
2394 2050 15848
4558 4792 4794
5998 5674 5672
2425 5672 5674
2083 5672 2425
486 2082 2424
482 2082 486
486 2084 482
486 2428 2084
2427 9296 9356
9296 2426 9356
2425 5340 2083
2425 5342 5340
5340 5342 5044
5340 5044 5042
5042 5044 4794
5042 4794 4792
5998 6000 5674
4558 4794 2423
4586 4558 2423
4378 4586 4398
4558 4586 4378
4378 4398 2081
870 2080 2422
864 2080 870
870 2082 864
870 2424 2082
2423 4560 4586
4380 4586 4560
4380 4398 4586
4244 4232 2081
2421 4244 2081
4398 2421 2081
2084 2428 2086
483 571 2432
571 483 2086
2431 10106 2435
2431 10102 10106
10102 9726 10106
10106 9726 9730
9726 9358 9730
9730 9358 9364
9358 9018 9364
9364 9018 9022
2434 9018 2430
2434 9022 9018
2433 2429 2085
2433 2085 2087
487 2432 571
4380 2421 4398
2086 2428 571
2428 487 571
2431 10000 10102
9634 10102 10000
9634 9726 10102
9358 9726 9356
9356 9726 2427
9726 9634 2427
9358 9356 9018
9018 9356 8954
9356 2426 8954
8954 2430 9018
2429 5998 2085
2429 6000 5998
5373 5339 2066
2412 2414 2070
2070 2414 2072
2069 4559 2411
2069 4557 4559
2071 4559 4557
2413 4559 2071
1287 2410 1250
1250 868 862
1250 862 2068
1287 1250 2068
868 2070 862
868 2412 2070
5711 2067 5671
5711 5339 5373
5711 5671 5339
2415 4233 4237
2409 4804 4793
2065 2069 2411
2065 2411 4793
4804 2065 4793
1611 2408 1596
2410 1287 1246
1596 2410 1246
2064 1596 1246
1611 1596 2064
1246 1287 2068
2063 5999 2407
2063 5997 5999
5673 5999 5997
5673 5997 2067
4385 2073 4377
4232 4244 2079
2420 2422 2078
2078 2422 2080
2421 4234 4244
2419 2077 2079
2419 2079 4244
4234 2419 4244
2418 2420 2076
2076 2420 2078
4239 2075 4231
2077 2419 2417
2077 2417 4239
4231 2077 4239
2416 2418 2074
2074 2418 2076
10366 2126 10368
4237 4385 4239
4239 4385 2075
4385 4377 2075
4237 2417 2415
4239 2417 4237
863 2416 2074
869 2416 863
863 2414 869
863 2072 2414
2071 2073 2413
2413 2073 4379
2073 4385 4379
4385 4233 4379
4237 4233 4385
4242 4234 2421
2422 950 870
2780 2424 2778
2778 2424 950
2424 870 950
2779 4560 2423
2779 4562 4560
4380 4560 4562
4380 4562 2777
4396 4380 2777
4380 4396 2421
2422 2420 2776
2422 2776 874
950 2422 874
874 2778 950
2777 4382 4396
2423 4794 2779
2775 4242 2421
4396 2775 2421
4382 2775 4396
4234 4242 2419
2774 2776 2418
2418 2776 2420
2775 4236 4242
2773 2417 2419
2773 2419 4242
4236 2773 4242
2772 2774 2416
2416 2774 2418
2773 2771 2415
2773 2415 2417
2770 2772 2416
9638 9722 10098
5344 5393 2425
2785 5344 2425
5674 2785 2425
5737 2785 5674
5393 5344 2781
875 2784 963
963 2780 875
963 567 486
2780 963 486
2424 2780 486
486 567 2428
2783 10370 10468
10004 10468 10370
10004 10098 10468
9638 10098 10004
2770 2416 869
9300 9296 9638
9638 9296 9722
9296 2427 9722
9300 8958 9296
9296 8958 2426
8958 9016 2426
8958 2782 9016
2425 5393 5342
5044 5342 5046
5046 5342 2781
5342 5393 2781
5044 5046 4796
5044 4796 4794
2779 4794 4796
2764 2406 1928
1596 1613 2410
6033 2407 5999
5673 5675 5999
5999 5675 6033
5675 2763 6033
5675 5673 5343
5343 5673 5341
5343 5341 5045
5045 5341 5043
4795 5045 5043
4795 5043 2409
4805 4795 2409
2765 4795 4805
1929 2762 1928
2408 2406 2764
1596 2408 1613
2406 1929 1928
6371 2405 6339
6339 2407 6033
6371 6339 6033
6003 6371 6033
2761 6371 6003
2763 6003 6033
1927 2762 1929
2404 2760 2406
2406 2760 1929
2760 1927 1929
2759 13010 12945
12575 12945 12573
12573 12945 2403
12945 13010 2403
2769 4561 2413
923 2770 869
923 869 2414
2413 4381 2769
2413 4379 4381
4381 4379 4235
4235 4379 4233
2415 4235 4233
2771 4235 2415
923 2768 2770
917 2768 923
923 2412 917
923 2414 2412
2411 4561 2767
2411 4559 4561
2413 4561 4559
6000 6065 5737
1613 2766 1600
1600 1254 1250
1600 1250 2410
1613 1600 2410
1250 1254 868
868 1254 917
1254 2768 917
868 917 2412
4805 2409 4793
2411 2767 2765
2411 2765 4805
4793 2411 4805
2408 2764 2766
2408 2766 1613
6708 6788 7178
2442 1658 2444
2802 1658 2798
2802 1660 1658
2801 490 586
110 586 490
110 200 586
15812 200 110
15812 15922 200
15812 2800 15922
2799 7866 7948
7472 7948 7866
7472 7566 7948
7092 7566 7472
7092 7178 7566
6708 7178 7092
2444 1658 1660
2797 2441 2443
2797 2443 6788
6708 2797 6788
2442 1656 1658
2440 1656 2442
2798 1656 2796
2798 1658 1656
2797 6340 2441
2797 6342 6340
6340 6342 6004
6340 6004 6002
2795 6002 6004
2439 6002 2795
1656 2440 1597
2794 2796 2438
2800 15380 15922
1660 1970 1923
2444 1660 1923
2806 1660 2802
2806 1662 1660
2805 876 984
588 984 586
586 984 2801
984 876 2801
588 586 200
588 200 106
2449 588 106
15808 200 15922
106 200 15808
15380 15376 15808
15380 15808 15922
2438 2796 1597
15380 2448 15376
15380 2804 2448
2799 7950 2803
2799 7948 7950
7950 7948 7566
7950 7566 7470
2447 7950 7470
7566 7178 7184
7566 7184 2446
7470 7566 2446
7184 7178 6788
7184 6788 6706
2445 7184 6706
6706 6788 2443
567 487 2428
2786 2790 2430
2430 2790 2434
6065 2433 6069
6065 2429 2433
5737 6065 6069
5737 6069 2789
5676 5737 2789
5737 5676 2785
1255 2788 1339
1339 967 963
1339 963 2784
1255 1339 2784
963 967 567
567 967 487
967 2432 487
10470 2431 10371
2783 10470 2787
2783 10468 10470
10470 10468 10098
10470 10098 10000
2431 10470 10000
9634 10098 9722
10000 10098 9634
9634 9722 2427
2426 9016 8954
2786 2430 2782
2782 2430 9016
2430 8954 9016
2429 6065 6000
6000 5737 5674
8955 2790 8959
2796 1656 1597
2795 2793 2437
2795 2437 2439
2792 2794 2438
2792 2438 1251
1345 2792 1251
1345 1251 2436
2435 10005 2791
2435 10001 10005
10005 10001 9639
9639 10001 9635
9639 9635 9301
9301 9635 9297
9301 9297 8959
8959 9297 8955
12575 12573 12217
8955 2434 2790
6069 2433 6001
2437 2793 2789
2437 2789 6069
6001 2437 6069
1345 2788 2792
1339 2788 1345
1339 1345 967
967 1345 871
1345 2436 871
967 871 2432
2787 10470 10371
2431 2435 2791
2431 2791 10371
6256 6258 5920
7348 7219 7613
6974 7219 7348
6974 6817 7219
6600 6817 6974
6817 6600 2727
2372 2726 2728
2372 2728 7613
7346 2372 7613
7346 7219 6972
7346 7613 7219
6972 6817 6598
6972 7219 6817
6256 6598 6258
6258 6598 2727
6598 6817 2727
7613 2728 7348
6256 5920 6095
2371 6256 6095
5920 5757 6095
5598 5757 5920
5757 5598 2725
2724 2726 2370
2370 2726 2372
2371 6095 5918
5918 5757 5596
5918 6095 5757
2725 2723 2369
2725 2369 5596
5757 2725 5596
7345 2724 2370
7347 2724 7345
7865 7878 2373
2377 13325 13323
2733 13325 2377
9999 2732 2376
10003 2732 9999
10003 9999 9637
9637 9999 9633
9637 9633 9299
9299 9633 9320
9633 2374 9320
8976 9299 9320
8976 8957 9299
8957 8976 2730
2729 7878 7865
7471 7865 7469
7469 7865 2373
7345 2722 7347
2375 7471 7469
2731 7471 2375
9320 2374 9295
8976 9295 8953
9320 9295 8976
8953 8585 8587
8953 8587 2730
8976 8953 2730
8587 8585 8227
8227 8585 8225
8227 8225 7863
8227 7863 7878
2729 8227 7878
7878 7863 2373
5399 2714 5401
4752 4831 4982
4752 4591 4831
4528 4591 4752
4591 4528 2717
5401 2716 5264
5089 5087 5401
5089 5401 5264
2718 5089 5264
4829 5087 5089
4829 5089 4831
4589 4829 4831
4589 4831 4591
4589 2717 2715
4591 2717 4589
5401 2714 2716
4982 4831 5089
5085 5399 5401
5085 5401 5087
4827 5085 5087
4827 5087 4829
4827 4829 4589
4827 4589 4527
2713 4827 4527
2715 4527 4589
5263 2714 5399
5399 4981 5263
5085 4981 5399
5085 4751 4981
4827 4751 5085
2713 4751 4827
10368 2126 2478
6971 6599 2720
7345 2368 2722
2369 2723 2367
2367 2723 5411
2723 5266 5411
5411 5266 2721
2722 2368 2366
2722 2366 7206
6973 2722 7206
6973 7206 2720
2365 2367 2719
2719 2367 5265
2367 5411 5265
2721 5265 5411
7206 2366 6971
6971 6597 6599
13325 13703 13323
7206 6971 2720
6599 6597 6257
6257 6597 6255
6257 6255 5919
5919 6255 6086
6255 2364 6086
5597 5919 5595
5595 5919 2363
5919 6086 2363
2365 5597 5595
2719 5597 2365
6086 2364 5917
6086 5917 2363
5089 2718 4982
2753 2391 2397
1249 2752 1253
1249 2396 2752
2395 489 2751
2395 485 489
489 485 109
109 485 105
109 105 15811
15811 105 15850
105 2394 15850
15811 15850 2750
2755 2749 2393
2755 2393 2399
2748 2754 2392
2392 2754 2398
2753 2747 2391
1253 2756 1249
867 2752 2396
873 2752 867
2395 873 867
2751 873 2395
15850 2394 15807
15432 15379 2390
15379 2750 2390
2750 15807 2390
2750 15850 15807
15379 15432 2746
2749 2745 2389
2749 2389 2393
11551 2744 11478
11551 11478 2748
2748 2392 11097
1595 2760 2404
12217 12573 12215
12217 12215 11851
11851 12215 11849
11851 11849 11479
11479 11849 11566
11849 2402 11566
11479 11566 2758
2401 7091 2757
2401 7089 7091
7091 7089 6707
6707 7089 6705
6341 6707 6705
6341 6705 2405
6371 6341 2405
2761 6341 6371
11551 2748 11097
1599 2760 1595
1595 2756 1599
1595 2400 2756
2755 2399 2759
2759 2399 13010
2399 12943 13010
13010 12943 2403
11566 2402 11475
2754 2758 2398
2398 2758 11475
2758 11566 11475
2757 2753 2397
2757 2397 2401
1249 2756 2400
10729 2736 10795
2385 12996 2381
11099 2740 11171
11171 10799 10795
11171 10795 2736
11099 11171 2736
10799 2380 10795
10799 2384 2380
2739 2735 2379
2739 2379 2383
2734 2738 2378
2378 2738 2382
2733 2377 2737
2737 2377 12992
2377 12941 12992
12992 12941 2381
2381 12996 12992
10367 10369 10729
10367 10729 10795
2380 10367 10795
10367 2732 10369
10367 2376 2732
2735 2731 2375
2735 2375 2379
14489 2734 2378
14491 2734 14489
14491 14489 14081
14081 14489 14079
14081 14079 13705
13705 14079 13703
13705 13703 13325
11551 11175 11171
11175 11551 11097
11175 11097 2388
2747 2743 2387
2747 2387 2391
15432 2390 15375
14986 14935 2386
14935 2746 2386
2746 15375 2386
2746 15432 15375
14935 14986 2742
2745 2741 2389
2389 2741 12942
2741 12996 12942
12942 12996 2385
11477 2744 11551
2383 7124 7086
11551 11171 2740
11477 11551 2740
11171 11175 10799
10799 11175 10727
11175 2388 10727
10799 10727 2384
2743 2739 2383
2743 2383 2387
14986 2386 14931
2738 2742 2382
2382 2742 14931
2742 14986 14931
2737 12996 2741
2737 12992 12996
6596 6813 6970
8951 9289 8949
8951 8949 8583
8583 8949 8581
8583 8581 8223
8223 8581 8221
8223 8221 7861
7861 8221 7859
7861 7859 7467
7467 7859 7463
7467 7463 7081
7467 7081 7112
2031 7467 7112
7112 7081 1721
7213 2030 6970
6970 6813 7213
9291 9289 8951
6596 6441 6813
6254 6441 6596
6441 6254 2029
1720 2028 2030
1720 2030 7213
6968 1720 7213
6968 6813 6594
6968 7213 6813
6594 6441 6252
6594 6813 6441
5916 6091 1719
2029 5916 1719
6252 2029 1719
6441 2029 6252
6091 5916 2027
14077 2034 14075
2037 12939 12567
12939 1723 12567
12939 12988 1723
12616 12567 1729
2036 1728 1722
2036 1722 10418
10363 2036 10418
10363 10418 2032
2031 7112 7085
6722 2035 6699
2035 7085 6699
7085 1721 6699
7085 7112 1721
6722 6699 1727
14075 2034 1726
2026 2028 1720
1725 14077 14075
2033 14077 1725
13366 1724 13319
12988 13319 12937
13366 13319 12988
12988 12937 1723
10418 1722 10361
10361 9995 9997
10361 9997 2032
10418 10361 2032
9997 9995 9631
9631 9995 9629
9631 9629 9291
9291 9629 9289
9774 9630 1807
12349 1810 12212
12212 11846 11844
12212 11844 1480
12349 12212 1480
1809 11844 11846
1479 11844 1809
10875 1808 10724
1812 10505 10360
10724 1812 10360
1478 10724 10360
10875 10724 1478
10360 10505 1482
1811 9630 9774
9402 9774 9396
9396 9774 1807
9288 9402 1481
1477 9402 9396
1481 9402 1477
1476 13820 13698
13318 13820 13446
13698 13820 13318
13318 13446 1475
1806 12938 13071
12938 12568 12566
12938 12566 1474
13071 12938 1474
12566 12568 12210
12210 12568 12349
12568 1810 12349
12210 12349 1480
1809 11470 1479
5915 6253 6251
2026 1720 6967
7205 2026 6967
7205 6967 1718
6089 1719 6091
6089 1717 1719
5751 6089 6091
5751 6091 2027
5594 5751 2027
5751 5594 2025
6969 2026 7205
6593 6595 6969
6593 6969 7205
1718 6593 7205
6595 6593 6253
6253 6593 6251
12616 2037 12567
5915 6251 1717
6089 5915 1717
6089 5593 5915
5751 5593 6089
2025 5593 5751
10505 1812 10362
10362 9996 9994
10362 9994 1482
10505 10362 1482
9628 9994 9996
9628 9996 1811
9774 9628 1811
9288 9774 9402
9628 9774 9288
1745 12278 1741
2056 11556 2052
2056 11562 11556
1747 7511 7464
2055 2051 1743
2055 1743 7464
7511 2055 7464
15849 2050 2054
15847 2050 15849
15849 1742 15847
15849 1746 1742
2049 12628 2053
2049 12624 12628
12624 12274 12628
12628 12274 12278
1741 12278 12274
1744 11556 11845
11556 1744 11471
11471 11093 11095
11471 11095 2052
11556 11471 2052
11093 2048 11095
11093 1740 2048
2051 2047 1739
2051 1739 1743
15803 2050 15847
15369 15371 15803
15369 15803 15847
1742 15369 15847
15369 14927 15371
15371 14927 2046
14927 14985 2046
103 2058 135
2061 6703 1751
137 2058 2060
135 2058 137
137 1748 135
137 1750 1748
2057 12282 12213
11924 12213 12282
11924 11847 12213
11562 11847 11924
11562 11473 11847
11473 11562 2056
7511 1747 7465
1749 2059 2055
1749 2055 7511
7465 1749 7511
14985 14927 1738
15801 15849 1748
15849 2054 1748
2054 135 1748
2054 103 135
15849 15801 1746
2053 12628 12571
12278 12282 12628
12628 12282 12571
12282 2057 12571
11924 12282 12278
11924 12278 1745
11845 11924 1745
11556 11562 11924
11556 11924 11845
2035 6726 2039
2039 6726 6730
1731 6730 6726
1735 6730 1731
2038 2042 1730
1730 2042 1734
2037 12616 12569
12268 2041 12211
2041 12569 12211
12569 1729 12211
12569 12616 1729
12268 12211 1733
1732 1728 2036
1732 2036 10364
10424 1732 10364
10364 2040 10424
2039 6730 2043
2035 6722 6726
1727 6726 6722
1731 6726 1727
14485 2038 1730
14487 2038 14485
14485 2034 14487
14485 1726 2034
1725 13701 2033
1725 13699 13701
13701 13699 13321
13321 13699 13366
13699 1724 13366
12988 13321 13366
12988 12939 13321
6700 7086 2043
2049 12570 12624
12274 12624 12270
12270 12624 2045
12624 12570 2045
1737 12274 12270
1741 12274 1737
10723 2048 1740
10725 2048 10723
10725 10723 10365
10365 10723 10428
10723 1736 10428
10365 10428 2044
2047 7082 1739
2047 7086 7082
6700 7082 7086
1809 11472 11470
6730 6700 2043
6700 6730 1735
14929 2046 14985
1734 2042 1738
1738 2042 14985
2042 14929 14985
2041 12270 2045
2041 12268 12270
1733 12270 12268
1737 12270 1733
1736 10424 10428
1732 10424 1736
2044 10424 2040
2044 10428 10424
5670 1773 5736
1775 1334 1243
966 1779 855
1779 1243 855
1243 1443 855
1243 1334 1443
966 855 1447
1778 1446 1442
1778 1442 182
101 1778 182
101 182 1774
1777 5996 6064
5670 6064 5996
5670 5736 6064
1773 1441 1445
1773 1445 5736
1780 1956 1954
1954 1444 1917
1640 1591 1440
1591 1776 1440
1776 1917 1440
1776 1954 1917
1330 1334 1640
1640 1334 1591
1334 1775 1591
1334 1330 956
1334 956 854
1443 1334 854
474 956 562
854 956 474
1442 474 182
474 562 182
1779 966 859
1785 1451 1453
2276 1452 2241
1782 1784 1450
1450 1784 2241
1784 2276 2241
1783 6334 1451
1783 6336 6334
5994 6334 6336
5994 6336 1781
6068 5994 1781
5994 6068 1449
1782 1450 1448
1782 1448 1956
1919 1782 1956
1919 1956 1780
562 100 182
479 859 475
475 859 1447
859 966 1447
475 1778 479
475 1446 1778
1777 6068 1781
1777 6064 6068
6068 6064 5736
6068 5736 5668
1449 6068 5668
5668 5736 1445
1448 1954 1956
1444 1954 1448
1780 1954 1776
1435 4241 4229
1438 1768 1590
1638 1438 1590
1242 1638 1590
1242 1324 1638
1242 1770 1324
4241 1437 4243
4241 1435 1437
4241 1769 1767
4243 1769 4241
1434 1944 1916
1768 1436 1766
1766 1436 1944
1436 1916 1944
1433 1435 1765
1765 1435 4229
1438 1436 1768
1767 4229 4241
1434 1938 1944
1432 1938 1434
1938 1622 1944
1944 1622 1766
1622 1589 1766
1589 1622 1764
1431 4375 1763
1431 4373 4375
1433 4375 4373
1765 4375 1433
1432 1934 1938
1430 1934 1432
1934 1618 1938
1938 1618 1622
1438 1638 1440
562 1772 100
100 1774 182
1773 5336 1441
1773 5338 5336
5336 5338 5040
5336 5040 5038
5038 5040 4790
5038 4790 4788
4788 4790 4556
4788 4556 4554
4554 4556 4376
4554 4376 4397
1439 4554 4397
4397 4376 1771
1440 1638 1640
1785 1783 1451
1638 1324 1640
1640 1324 1330
1330 1324 956
956 1324 858
1324 1770 858
478 956 858
478 562 956
478 1772 562
1439 4397 4374
4230 4243 1437
1771 4230 1437
4374 1771 1437
4397 1771 4374
4243 4230 1769
1244 1466 1800
12936 13320 1806
12936 1806 13071
13320 12936 13446
12936 1475 13446
12936 13071 1474
1473 11257 11092
11092 11257 1472
1805 1803 1469
1805 1469 1471
860 1468 1802
856 1468 860
860 1470 856
860 1804 1470
1803 1801 1467
1803 1467 1469
13320 13446 13820
1240 1466 1244
1244 1468 1240
1244 1802 1468
1801 1799 1465
1801 1465 1467
2244 1464 1798
2242 1464 2244
2242 2244 1920
2242 1920 1918
1918 1920 1592
1918 1592 1588
1592 1466 1588
1592 1800 1466
1799 1797 1465
1465 1797 8948
476 102 98
11470 11472 11094
11470 11094 11257
1473 11470 11257
1808 10875 10722
11094 1808 10722
1472 11094 10722
11257 11094 1472
10722 10875 1478
1807 9290 9396
1805 1471 1477
1805 1477 9396
9290 1805 9396
480 1470 1804
476 1470 480
476 480 102
1797 9042 8948
98 102 15802
98 15802 15800
15800 15802 15370
15800 15370 15368
15368 15370 14928
15368 14928 14926
14926 14928 14486
14926 14486 14484
14484 14486 14076
14484 14076 14074
14076 13700 14074
14074 13700 1476
13700 13820 1476
13320 13820 13700
1457 1789 1787
1793 6702 6791
6791 6702 1791
1458 2638 2596
1792 1460 1790
1790 1460 2638
1460 2596 2638
1459 6791 6698
1791 1789 1457
1791 1457 6698
6791 1791 6698
2638 1458 2595
1788 1790 1456
1456 1790 2595
1790 2638 2595
6781 1455 6697
1459 1793 6791
1457 1787 6781
6697 1457 6781
1788 1456 1454
1788 1454 2282
2243 1788 2282
2243 2282 1786
1455 6781 6696
1787 1785 1453
1787 1453 6696
6781 1787 6696
1454 2276 2282
1452 2276 1454
1786 2276 1784
1786 2282 2276
8220 8222 7858
8948 9042 1463
7959 1796 7860
7860 7583 7959
7466 7583 7860
7583 7466 1795
2600 1462 1794
2598 1462 2600
2600 1464 2598
2600 1798 1464
1797 8950 9042
8582 8580 8950
8950 8580 9042
8580 1463 9042
8580 8582 8222
8580 8222 8220
1751 6703 6701
7858 8222 7959
8222 1796 7959
7858 7583 7462
7858 7959 7583
7080 7462 7084
7084 7462 1795
7462 7583 1795
1793 7080 7084
1461 7080 1793
2597 1794 1462
2599 1794 2597
2597 1792 2599
2597 1460 1792
1461 1793 1459
11261 11096 1808
2124 12355 12212
12572 2124 12212
1810 12572 12212
12699 12572 1810
12212 11997 11846
12212 12355 11997
11474 11627 1809
2123 11474 1809
11846 2123 1809
11997 2123 11846
11474 11261 11627
11096 11261 11474
2122 10881 10724
11096 2122 10724
1808 11096 10724
12699 2120 12572
10724 10881 1812
2121 2119 1811
1811 2119 9630
2119 9766 9630
9630 9766 1807
14205 2118 14078
14078 13821 14205
13702 13821 14078
13821 13702 2117
12940 1806 2116
12938 1806 12940
12938 12940 12568
12568 12940 12699
12940 2120 12699
12568 12699 1810
10513 10366 2125
6971 6969 6597
6597 6969 6595
6597 6595 6255
6255 6595 6253
6253 5915 6255
6255 5915 2364
5915 6085 2364
5593 5595 5915
5915 5595 6085
5595 2363 6085
2025 5595 5593
2365 5595 2025
5917 2364 6085
2363 5917 6085
10513 2126 10366
1809 11627 11472
12355 2124 12214
12214 11997 12355
11848 11997 12214
11997 11848 2123
10881 2122 10726
2126 10513 10362
10726 2126 10362
1812 10726 10362
10881 10726 1812
9996 10362 9998
9998 10362 2125
10362 10513 2125
2121 9996 9998
1811 9996 2121
2111 1801 1803
13322 1806 13320
13322 2116 1806
2115 2111 1803
2115 1803 1805
1367 2110 1248
1248 866 860
1248 860 1802
1367 1248 1802
866 1804 860
866 2114 1804
2113 15806 15946
15374 15946 15806
15374 15548 15946
15374 2112 15548
2111 2109 1801
13700 13821 2117
1673 2108 1594
2110 1367 1244
1594 2110 1244
1800 1594 1244
1673 1594 1800
1244 1367 1802
2107 9380 9293
1799 1801 2109
1799 2109 9293
9380 1799 9293
2246 1798 2106
2244 1798 2246
2244 2246 1922
2244 1922 1920
1920 1922 1592
15946 15802 2113
11472 11261 11094
11472 11627 11261
11094 11261 1808
2119 9632 9766
9294 9290 9632
9632 9290 9766
9290 1807 9766
2115 9290 9294
1805 9290 2115
484 1804 2114
480 1804 484
480 484 104
480 104 102
15802 102 104
15802 104 2113
6971 2366 6969
15370 15946 15548
15802 15946 15370
14930 14928 15370
14930 15370 15548
2112 14930 15548
14928 14930 14488
14928 14488 14486
14486 14488 14076
14076 14488 14205
14488 2118 14205
14076 13821 13700
14076 14205 13821
13320 13700 13322
13322 13700 2117
13323 12939 12990
2375 7120 2379
2375 7114 7120
2035 7120 7114
2039 7120 2035
14487 2378 2038
14489 2378 14487
14489 14487 14079
14079 14487 14118
14487 2034 14118
13703 14079 13701
13701 14079 2033
14079 14118 2033
13703 13701 13323
13323 13701 13321
13323 13321 12939
2040 10364 10420
2377 13323 12990
12990 12939 2037
10420 2036 10363
10044 9999 2032
9999 2376 2032
2376 10363 2032
2376 10420 10363
9674 9999 10044
9674 9633 9999
9633 9674 2374
2373 7492 7469
7114 2375 7085
2375 7469 7085
7469 2031 7085
7469 7492 2031
2039 7124 7120
7086 7124 2043
14929 2386 2046
14931 2386 14929
14929 2382 14931
14929 2042 2382
2381 12620 2385
2381 12618 12620
2041 12620 12618
2045 12620 2041
10429 2380 2384
10425 2380 10429
10429 2040 10425
10429 2044 2040
2379 7124 2383
2379 7120 7124
7114 7085 2035
2043 7124 2039
2378 2382 2038
2038 2382 2042
2377 12990 12941
12618 2381 12569
2381 12941 12569
12941 2037 12569
12941 12990 2037
12618 12569 2041
2036 10420 10364
10367 2380 10425
2040 2376 10367
2040 10367 10425
2376 2040 10420
2030 2368 7605
7605 7217 2030
7217 6970 2030
6970 6815 6596
6970 7217 6815
6596 6443 6254
6596 6815 6443
5918 6093 2029
2371 5918 2029
6254 2371 2029
6443 2371 6254
5918 5755 6093
5596 5755 5918
5755 5596 2369
7345 2370 7605
2028 2368 2030
7609 7217 7605
2368 7345 7605
2029 6093 5916
5755 5753 6093
6093 5753 5916
5753 2027 5916
5753 2369 2367
5755 2369 5753
2366 2368 2026
2026 2368 2028
2027 5753 5594
2367 2365 2025
2367 2025 5594
5753 2367 5594
6969 2366 2026
7863 8223 7861
14118 2034 14077
14118 14077 2033
10044 2032 9997
9674 9997 9631
10044 9997 9674
9631 9291 9295
9631 9295 2374
9674 9631 2374
9295 9291 8953
8953 9291 8951
8953 8951 8585
8585 8951 8583
8585 8583 8225
8225 8583 8223
8225 8223 7863
1592 1922 1673
7863 7861 7467
7863 7467 7492
2373 7863 7492
7492 7467 2031
7609 2372 7346
7346 7217 7609
6972 7217 7346
6972 6815 7217
6598 6815 6972
6598 6443 6815
6256 6443 6598
6443 6256 2371
7609 2370 2372
7605 2370 7609
2075 4377 1765
2078 1310 2076
2078 1318 1310
1765 4231 2075
1765 4229 4231
1767 4231 4229
2077 4231 1767
1628 1766 1589
1304 1310 1628
1304 1628 1589
1764 1304 1589
2076 1304 2074
2076 1310 1304
1763 4377 2073
1763 4375 4377
1765 4377 4375
1634 1310 1318
1304 1764 1241
1241 857 863
1241 863 2074
1304 1241 2074
857 2072 863
857 1762 2072
2073 2071 1761
2073 1761 1763
2070 2072 1760
1760 2072 1762
2069 4568 4557
1759 1761 2071
1759 2071 4557
4568 1759 4557
911 2068 862
2081 4230 1771
5338 5042 5040
5040 5042 4792
5040 4792 4790
4790 4792 4558
4790 4558 4556
4556 4558 4378
4556 4378 4376
2081 4376 4378
1771 4376 2081
864 1770 2080
858 1770 864
858 864 478
478 864 563
864 2082 563
478 563 1772
911 862 2070
2081 4232 4230
2079 4230 4232
1769 4230 2079
1768 1634 1590
1242 1634 1318
1590 1634 1242
2080 1770 2078
2078 1770 1318
1770 1242 1318
2079 2077 1767
2079 1767 1769
1768 1628 1634
1766 1628 1768
1628 1310 1634
1751 6337 2061
5041 2066 5039
5041 5039 4791
4791 5039 4789
1755 4791 4789
2065 4791 1755
1245 2064 1283
1283 907 903
1283 903 2062
1245 1283 2062
513 903 907
513 907 519
143 513 519
143 519 149
149 1752 143
149 1754 1752
5039 2066 1756
1751 6335 6337
1753 6337 6335
2063 6337 1753
861 2062 903
903 481 861
513 481 903
513 143 137
513 137 2060
481 513 2060
143 1750 137
143 1752 1750
1749 7087 2059
1749 7083 7087
7087 7083 6703
6703 7083 6701
4568 4555 1759
2070 1760 477
911 2070 477
527 911 477
527 99 155
527 477 99
155 99 1758
1757 5671 2067
1757 5669 5671
5671 5669 5339
5339 5669 5337
5337 2066 5339
5337 1756 2066
2065 1755 2069
2069 1755 4568
1755 4555 4568
5338 5340 5042
1283 2064 1246
911 907 1283
911 1283 1246
2068 911 1246
519 907 911
519 911 527
149 519 527
149 527 155
155 1754 149
155 1758 1754
1753 5997 2063
1753 5995 5997
1757 5997 5995
2067 5997 1757
2096 2098 1790
2103 7088 7084
2099 7084 7088
1793 7084 2099
2648 1794 2599
2098 2102 1792
1792 2102 2599
2102 2648 2599
2101 15804 15932
15372 15932 15804
15372 15528 15932
15372 2100 15528
2099 6702 1793
2099 6704 6702
2097 6702 6704
1791 6702 2097
2103 7084 1795
1790 2098 1792
2097 2095 1789
2097 1789 1791
2096 1790 1788
2096 1788 2284
2245 2096 2284
2245 2284 2094
2095 2093 1787
2095 1787 1789
2284 1788 2243
1964 1921 1786
1921 2094 1786
2094 2243 1786
2094 2284 2243
1921 1964 2092
1798 2600 2648
1922 2108 1673
1592 1673 1800
2107 9292 9380
2105 1797 1799
2105 1799 9380
9292 2105 9380
1796 7960 7860
7468 7466 7860
7468 7860 7960
2104 7468 7960
2103 7466 7468
1795 7466 2103
1794 2648 2600
2106 1798 2102
2102 1798 2648
2093 2091 1785
2101 15932 15805
15528 15805 15932
15528 15373 15805
15373 15528 2100
2105 8950 1797
2105 8952 8950
8950 8952 8584
8950 8584 8582
8582 8584 8224
8582 8224 8222
8224 7862 8222
8222 7862 1796
7862 7960 1796
7862 2104 7960
2085 5998 5996
479 2086 483
479 1778 2086
2087 2085 1777
2087 1777 1781
1780 1644 1650
1776 1644 1780
1338 1650 1644
1338 1644 1775
1243 1338 1775
1338 1243 1779
2084 2086 1778
2084 1778 101
183 2084 101
183 101 1774
2085 5996 1777
483 859 479
5996 5998 5672
5996 5672 5670
2083 5670 5672
1773 5670 2083
1644 1776 1591
1644 1591 1775
563 2082 482
2084 183 100
482 2084 100
1772 482 100
563 482 1772
100 183 1774
2083 5338 1773
2083 5340 5338
2089 6336 1783
2093 1785 1787
1786 1962 1964
1784 1962 1786
2092 1962 2090
2092 1964 1962
2091 2089 1783
2091 1783 1785
1784 1958 1962
1782 1958 1784
1958 1652 1962
1962 1652 2090
1652 1593 2090
1344 1593 1652
1344 1247 1593
1247 1344 2088
8476 3844 8478
2089 6338 6336
2087 6336 6338
1781 6336 2087
1958 1782 1919
1650 1652 1958
1650 1958 1919
1780 1650 1919
1650 1338 1652
1652 1338 1344
1779 859 1338
1344 1338 2088
1338 859 2088
859 865 2088
865 859 483
11010 5134 11016
5139 9720 5133
5133 9720 9716
9720 5467 9911
10088 9720 9911
9716 9720 10088
5461 10088 9911
11016 5468 5140
11016 5140 11010
178 5138 11
11016 5134 5462
13041 5469 13039
13039 5469 5463
13039 5135 5141
13039 5141 13041
14795 5136 5464
14795 5464 14799
14799 15255 14795
11 15711 15713
11 15713 5466
178 11 5466
5137 15713 15711
5465 15713 5137
14373 5464 5136
14377 5464 14373
14373 5460 14377
14373 5132 5460
5131 13239 5459
5131 13235 13239
12863 13239 13235
12863 13235 5135
13039 12863 5135
5463 12863 13039
9906 5471 9720
960 761 1151
761 960 5470
13041 5141 12857
5143 5473 5469
5143 5469 13041
12857 5143 13041
10652 5140 5468
10646 5140 10652
10646 10652 10282
10646 10282 10278
10278 10282 9906
9906 10282 10101
10282 5472 10101
5471 9906 10101
5471 5467 9720
11772 5130 5458
9532 9906 9720
9532 9720 5139
1332 5142 1147
960 1147 759
1332 1147 960
759 369 371
759 371 5470
960 759 5470
371 369 13
13 369 178
369 5138 178
13 178 5466
5137 15257 5465
5137 15255 15257
15257 15255 14799
5450 5452 5124
12140 12494 12313
12494 5456 12313
12140 12313 5128
5455 5453 5125
5455 5125 5127
12861 5454 13033
5124 5452 5126
5126 5452 13033
5452 12861 13033
5123 10281 5451
5123 10277 10281
10281 10277 9909
9909 10277 9905
5125 9909 9905
5453 9909 5125
12490 12494 12140
5450 5124 12489
12657 5450 12489
12657 12489 5122
5451 5449 5121
5451 5121 5123
5120 5448 5450
5120 5450 12657
12488 5120 12657
12488 12657 5122
11203 5119 11009
10645 10651 11009
11009 10651 11203
10651 5447 11203
5121 10651 10645
5449 10651 5121
5131 13613 13609
11768 5130 11772
11768 11772 11400
11768 11400 11394
11400 5134 11394
11400 5462 5134
5457 10088 5461
5457 10082 10088
10082 9712 10088
10088 9712 9716
5129 9716 9712
5133 9716 5129
13979 5460 5132
13985 5460 13979
13985 13979 13613
13613 13979 13609
960 1151 1332
5459 13613 5131
12313 5456 12144
5130 5128 5458
5458 5128 12144
5128 12313 12144
5457 9910 10082
5455 10082 9910
9712 10082 9531
10082 5455 9531
5455 5127 9531
9712 9531 5129
13033 5454 12862
12862 12494 12490
12862 12490 5126
13033 12862 5126
5158 5488 13981
5485 5483 5155
5156 5486 5158
5484 5486 5156
10859 5487 10648
5487 5157 10648
5487 5485 5157
5159 10859 10648
5488 14190 13981
5485 5155 5157
5486 5488 5158
14190 5160 13981
10861 5489 10859
10859 5489 5487
10859 5159 5161
10859 5161 10861
13987 14190 5488
14375 5160 14190
15258 5154 5482
15256 5154 15258
15256 15258 14800
15256 14800 14796
14796 14800 14378
14796 14378 14374
14374 14378 13986
14374 13986 13980
13986 5156 13980
13986 5484 5156
12679 5153 12491
12679 12141 12329
12679 12491 12141
12329 12141 5152
11237 5151 11011
5490 5492 5162
8137 8491 8133
8133 8491 5163
8491 8676 5163
8137 8133 7765
8137 7765 7966
5493 8137 7966
7966 7765 5169
2652 5168 2487
2306 2487 2137
2652 2487 2306
1980 2137 1821
2306 2137 1980
1670 1821 1497
1980 1821 1670
1670 1497 5167
11237 10647 10853
5162 5492 5166
10861 5165 10863
10861 5161 5165
10861 10863 10487
10861 10487 10283
5489 10861 10283
5491 10283 10487
8676 5164 8489
8676 8489 5163
14797 5490 5162
14801 5490 14797
14801 14797 14379
14379 14797 14375
14379 14375 13987
13987 14375 14190
12673 12325 12145
12675 5149 12677
12675 5147 5149
12325 12675 12677
12325 12677 12327
12325 12327 11971
12325 11971 11773
5477 12325 11773
11971 11401 11773
11605 11401 11971
5479 11401 11605
5476 5478 5146
5146 5478 5148
12673 5147 12675
12673 5145 5147
12673 12675 12325
14 5480 5150
5475 12673 12145
5477 12145 12325
1152 5144 5474
1148 5144 1152
1152 5146 1148
1152 5476 5146
5143 5145 5473
5473 5145 12495
5145 12673 12495
5475 12495 12673
10101 5472 9912
10101 9912 5471
5474 5144 5142
5474 5142 1332
1151 5474 1332
11971 11395 11605
11237 11011 10647
5155 5483 5481
5155 5481 10853
10647 5155 10853
15714 5150 5480
15712 5150 15714
15714 5154 15712
15714 5482 5154
12677 5153 12679
12677 5149 5153
12327 12677 12679
12327 12679 12329
12327 12329 11971
11971 12329 11769
12329 5152 11769
14149 5446 13984
11971 11769 11395
11395 5151 11237
11605 11395 11237
11017 11605 11237
5479 11605 11017
11237 10653 11017
10853 10653 11237
5481 10653 10853
762 5148 5478
760 5148 762
760 762 372
760 372 370
370 372 14
370 14 12
14 5150 12
15413 15519 4964
5245 12253 4963
4963 12253 12251
4961 12251 12253
4961 12253 5243
15519 15413 4962
5244 15835 15929
5244 15929 4964
15519 5244 4964
15519 5242 5244
15835 5246 15929
5247 4963 4965
5247 5245 4963
14966 15083 4966
15414 15531 15083
15414 15083 14966
15531 15414 4964
15929 15531 4964
15513 5242 15519
15519 4960 15513
15519 4962 4960
4959 12605 5241
4959 12603 12605
4961 12605 12603
5243 12605 4961
15415 5242 15513
14965 15065 4960
15065 5240 4960
5240 15513 4960
5240 15415 15513
15065 14965 4958
4957 12977 5239
4957 12975 12977
14968 14518 14516
4969 11525 5249
4969 11523 11525
11525 11523 11147
11147 11523 11248
11523 4968 11248
10866 5251 10771
5251 11147 10771
11147 4967 10771
11147 11248 4967
10866 10771 4971
15935 5248 15836
15836 15531 15935
15416 15531 15836
15416 15083 15531
14968 15083 15416
4959 12977 12975
14968 14516 4966
15083 14968 4966
14516 14518 14108
14108 14518 14195
14518 5250 14195
14108 14195 4970
4965 11889 5247
4965 11887 11889
4969 11889 11887
5249 11889 4969
11248 4968 11145
11248 11145 4967
15935 5246 5248
15929 5246 15935
15935 15531 15929
6278 6450 5942
9530 4952 9534
9534 9202 9530
9530 9202 4954
9202 9426 4954
8860 9426 9202
8860 9094 9426
8490 9094 8860
8490 8728 9094
8490 5236 8728
5231 8002 5235
5231 8000 8002
4951 8002 8000
4953 8002 4951
4950 6450 6278
5942 6450 6102
9534 4952 5232
5618 6102 5764
5942 6102 5618
5618 5764 4949
11014 4948 5230
11008 4948 11014
11008 11014 10644
10644 11014 10905
11014 5234 10905
10280 10539 4947
5233 10280 4947
10644 5233 4947
10905 5233 10644
10280 10181 10539
9908 10181 10280
4952 4946 5232
4955 13357 13355
5241 12977 4959
14967 5240 15065
14515 14517 14967
14515 14967 15065
4958 14515 15065
14515 5238 14517
14515 4956 5238
5239 5237 4955
5239 4955 4957
14107 5238 4956
14109 5238 14107
14109 14107 13733
13733 14107 13731
13733 13731 13357
13357 13731 13355
4970 14195 14110
5237 13357 4955
4954 9426 9200
8858 9426 9094
9200 9426 8858
8488 9094 8728
8858 9094 8488
8136 8132 8488
8136 8488 8728
5236 8136 8728
7764 8132 8136
7764 8136 5235
8002 7764 5235
7764 8002 4953
10905 5234 10650
10905 10650 5233
12633 12487 12139
12859 5440 13007
11393 5113 11563
5113 5439 11563
5113 5441 5439
11925 11767 11393
11925 11393 11563
12283 12139 11767
12283 11767 11925
13007 12633 12629
12633 12139 12283
13007 12855 12487
13007 12487 12633
5440 13237 13389
5440 13389 5114
13007 5440 5114
12855 13007 5114
13237 5442 13389
13007 12629 5438
12859 13007 5438
12279 12629 12633
12279 12633 12283
12279 12283 11925
12279 11925 11771
5437 12279 11771
11925 11563 11559
11925 11559 5436
11771 11925 5436
11559 5439 5435
11563 5439 11559
12493 5438 12629
12629 12143 12493
12279 12143 12629
13775 13611 14149
13984 13775 14149
13612 13775 13984
13612 13397 13775
13238 13397 13612
13238 13021 13397
12860 13021 13238
5120 5118 5448
5448 5118 12860
5118 13021 12860
5117 5119 5445
5445 5119 11015
5119 11203 11015
5447 11015 11203
13983 5446 14149
14149 13611 13983
5437 12143 12279
13775 13397 13393
13775 13393 5444
13611 13775 5444
13397 13021 13393
13393 13021 5116
13021 12856 5116
12856 13021 5118
5445 5443 5115
5445 5115 5117
13393 5442 5444
13389 5442 13393
13393 5114 13389
13393 5116 5114
5443 5441 5113
5443 5113 5115
5255 4973 4975
12978 4976 5256
12976 4976 12978
12978 4978 12976
12978 5258 4978
5257 10036 10138
5255 4975 4977
5255 4977 10138
10036 5255 10138
4974 13816 13732
13358 13356 13732
13358 13732 13816
5254 13358 13816
13358 4976 13356
13358 5256 4976
5255 5253 4973
10034 10138 4977
4974 4972 5252
4974 5252 13734
13816 4974 13734
13734 5254 13816
5251 10866 10773
10407 10773 10405
10405 10773 4971
10773 10866 4971
10407 10405 10035
10035 10405 10033
4973 10035 10033
5253 10035 4973
14195 5250 14110
4972 4970 5252
5252 4970 14110
11146 11524 11148
11399 5436 11559
5435 11399 11559
12001 5262 11890
11890 11637 12001
11526 11637 11890
11637 11526 5261
12703 5260 12606
12606 12254 12252
12606 12252 4980
12703 12606 4980
12252 12254 11888
11888 12254 12001
12254 5262 12001
11888 11637 11524
11888 12001 11637
8859 5164 8676
11148 11524 5261
11524 11637 5261
11146 11148 10774
11146 10774 10772
10772 10774 10408
10772 10408 10406
5259 10406 10408
4979 10406 5259
4978 5258 5260
4978 5260 12703
12604 4978 12703
12604 12703 4980
5259 5257 4979
4979 5257 10034
5257 10138 10034
6282 5556 6448
2697 5548 2701
2701 5548 5554
5227 5422 5221
5221 5422 5420
5762 5622 5549
5420 5762 5549
5422 5762 5420
5555 5622 5762
2701 5220 2697
6818 5550 6282
6818 6282 6448
6622 6818 6448
5228 6622 6448
5222 6818 6622
5229 8362 5223
5223 8362 8360
5551 8360 8362
2701 5226 5220
2007 5225 2011
2007 5219 5225
2007 5553 5547
2011 5553 2007
12715 5546 12500
12715 12500 5545
12013 5544 11776
5224 5218 5552
5552 5218 11776
5218 12013 11776
5551 8140 8360
5543 5217 5223
5543 5223 8360
8140 5543 8360
5294 5762 5422
9914 9536 9908
9908 9536 5232
9536 9802 5232
9536 5560 9802
5557 8364 5559
5557 8362 8364
5229 8364 8362
5231 8364 5229
5228 6448 6280
5946 5944 6280
5946 6280 6448
5556 5946 6448
5620 5944 5946
5620 5946 5555
5762 5620 5555
5216 7218 6996
5620 5762 5294
5294 5422 5227
2701 5554 2490
2490 2142 2138
2490 2138 5226
2701 2490 5226
2138 2142 1824
2138 1824 2011
5225 2138 2011
2011 1824 5553
11404 5224 5552
11398 5224 11404
11404 5230 11398
11404 5558 5230
5551 8362 5557
5534 5540 5208
5217 5537 7768
5537 7992 7768
7768 7992 5211
5216 7216 7218
5210 7216 5216
7216 6814 7218
7218 6814 5542
6814 6623 5542
6623 6814 5536
5535 5756 5621
5414 5416 5756
5756 5416 5621
5416 5541 5621
5209 5416 5414
5215 5416 5209
5543 5537 5217
5208 5540 5214
5213 1697 1498
1498 1381 1150
1498 1697 1381
5539 5533 5207
5539 5207 1150
1381 5539 1150
12499 5538 12713
12713 12367 12365
12713 12365 5532
12499 12713 5532
12009 12365 12367
12009 12367 12011
12009 12011 11643
11643 12011 11397
5547 1500 5213
5222 6996 6818
6996 7218 6818
7218 6624 6818
7218 5542 6624
6624 5550 6818
5541 5420 5549
5541 5416 5420
5215 5420 5416
5221 5420 5215
5214 5540 5548
5214 5548 2697
2488 5214 2697
2488 2697 5220
5219 2007 1822
1500 1697 5213
10280 9914 9908
1822 5547 5213
2007 5547 1822
1500 1381 1697
1154 1381 1500
1381 1154 5539
12715 5538 5546
12713 5538 12715
12367 12713 12715
12367 12715 5545
12146 12367 5545
12013 12011 12367
12013 12367 12146
5544 12013 12146
12013 5212 12011
12013 5218 5212
15416 15418 14968
14518 14623 5577
14112 14518 5577
14518 14196 5250
14518 14112 14196
14968 15091 14623
14968 14623 14518
15418 5578 15091
14968 15418 15091
14112 5576 14196
15836 15418 15416
15836 15838 15418
15836 5248 15838
15838 5248 5574
5579 11149 5251
5251 11149 11147
11149 11525 11147
11527 11525 11149
5573 12336 12255
11982 5575 11889
5575 12255 11889
12255 5247 11889
12255 12336 5247
11982 11889 5249
5572 5574 5246
5246 5574 5248
5571 12336 5573
5571 12334 12336
5245 12336 12334
5247 12336 5245
5570 5572 5246
5570 5246 15835
15923 5570 15835
5581 10409 10130
13358 13443 5256
5581 10134 5583
5581 10130 10134
5253 10134 10130
5255 10134 5253
5252 13814 13734
5582 5254 5580
5580 5254 13814
5254 13734 13814
5251 10775 5579
5251 10773 10775
10775 10773 10409
10409 10773 10407
10409 10407 10035
10409 10035 10130
15923 15835 5244
10130 10035 5253
15091 5578 14970
14970 14623 15091
14520 14623 14970
14520 5577 14623
14196 14110 5250
5252 14110 13814
14110 14196 13814
14196 13736 13814
14196 5576 13736
13736 5580 13814
5575 11982 11891
11527 11891 11525
11525 11891 5249
11891 11982 5249
9202 8862 8860
13735 13733 13359
13359 13733 13357
5237 13359 13357
5563 13359 5237
5236 8366 8136
8136 8366 5235
10654 5234 5562
10650 5234 10654
5561 10650 10654
5233 10650 5561
5232 9802 9534
9204 9202 9534
9204 9534 9802
5560 9204 9802
9202 9204 8862
13735 14109 13733
8860 8862 8492
8860 8492 8490
8492 5559 8364
8364 8366 5236
8492 8364 5236
8490 8492 5236
5231 8366 8364
5235 8366 5231
11020 5230 5558
11014 5230 11020
11020 5234 11014
11020 5562 5234
5561 10280 5233
5561 10284 10280
10280 10284 9914
15415 5240 5566
5569 5243 5571
5571 5243 12334
5243 12253 12334
12334 12253 5245
15837 5570 15923
5242 5568 5244
5244 5568 15923
5568 15837 15923
5241 12607 5567
5241 12605 12607
5243 12607 12605
5569 12607 5243
15415 5568 5242
15417 5568 15415
15415 5566 15417
12011 5212 11397
5239 12979 5565
5239 12977 12979
5241 12979 12977
5567 12979 5241
14967 5566 5240
14969 5566 14967
14969 14967 14519
14519 14967 14517
14517 5564 14519
14517 5238 5564
5565 5563 5237
5565 5237 5239
14109 5564 5238
14111 5564 14109
14111 14109 13735
12864 12496 12492
11987 5177 12142
12345 11987 12142
11989 11987 12345
12496 5504 12345
12142 12496 12345
12492 12496 12142
13067 12864 5178
12864 12492 5178
11621 11987 11989
13445 5505 13236
13236 5505 5179
5505 12864 5179
12864 13067 5179
5185 13445 13236
15101 5186 5180
15101 5180 15099
15099 5500 15101
11621 11989 11623
11253 11621 11623
11253 11623 11255
11255 5176 11253
11255 5184 5176
5499 7982 5503
5499 7974 7982
5175 7982 7974
5183 7982 5175
5182 2656 2660
5174 2656 5182
2660 2656 2314
2314 2656 2140
2656 5498 2140
2140 5502 2314
11259 5190 5184
13610 13614 13240
13610 13240 13445
5185 13610 13445
13445 13240 5505
12347 5504 5512
12345 5504 12347
11989 12345 12347
11989 12347 5511
11774 11989 5511
11774 11623 11989
11402 11623 11774
11259 11255 11623
11259 11623 11402
5510 11259 11402
11259 5184 11255
5501 5497 5173
5503 7984 5509
5503 7982 7984
5183 7984 7982
5189 7984 5183
5188 2660 2666
5182 2660 5188
2660 2314 2666
2666 2314 5508
2314 2141 5508
2141 2314 5502
5181 5187 5501
5501 5187 1153
5187 1371 1153
5507 1153 1371
15101 5500 5506
11396 11619 11251
5168 2652 5174
2652 2306 2656
2656 2306 5498
2306 2139 5498
1980 2139 2306
1980 1823 2139
1670 1823 1980
1670 1499 1823
5167 5173 5497
5167 5497 1499
1670 5167 1499
5492 5496 5166
5166 5496 5172
5171 11619 11396
11396 11251 11012
5174 2652 2656
10867 10863 11251
11251 10863 11012
10863 5165 11012
10487 10863 10867
10487 10867 10491
10487 10491 10127
10487 10127 9913
5491 10487 9913
5495 9913 10127
9203 5494 9381
8859 8861 9203
8859 9203 9381
5170 8859 9381
8861 8859 8491
8491 8859 8676
11253 5176 10649
5501 5173 5181
5172 5496 5500
5172 5500 15099
14798 5172 15099
14798 15099 5180
5179 13067 12858
12858 13067 5178
5177 11987 11770
11621 11619 11987
11987 11619 11770
11619 5171 11770
11251 11619 11621
11251 11621 11253
11251 11253 10867
10867 11253 10649
13982 13614 13610
10867 10279 10491
10867 10649 10279
10491 9907 10127
10491 10279 9907
9533 9535 9907
9907 9535 10127
9535 5495 10127
9533 9201 9535
9535 9201 5494
9201 9381 5494
9381 9201 5170
5493 7974 5499
5493 7966 7974
5169 7974 7966
5175 7974 5169
11013 5524 11019
7602 7212 5204
7602 7208 7212
5198 7602 7368
8134 8352 5199
5523 8352 8134
5205 5523 8134
5531 5523 5205
11013 5200 5524
7368 7602 5204
5206 11013 11643
11013 11403 11643
11013 11019 11403
5525 12003 11403
12003 11643 11403
12003 12009 11643
12003 12365 12009
12003 12361 12365
7208 6810 7212
7212 6810 6812
6440 6812 6810
6440 6810 5197
6279 6440 5197
6279 5943 5945
6279 5945 5530
6440 6279 5530
5945 5943 5619
5945 5619 5754
5529 5945 5754
5754 5619 5203
3018 5202 2835
5522 5528 5196
5196 5528 2835
5529 5756 5535
11643 11397 5206
5205 8139 5531
5205 8135 8139
8139 8135 7767
8139 7767 7992
5537 8139 7992
7992 7767 5211
5210 7212 7216
5204 7212 5210
7212 6812 7216
7216 6812 6814
6812 6440 6814
6814 6440 5536
6440 6281 5536
6281 6440 5530
5528 3018 2835
5529 5754 5756
5414 5756 5754
5414 5754 5203
5293 5414 5203
5414 5293 5209
5202 3018 2836
5534 5208 5528
5528 5208 3018
5208 2836 3018
5533 5527 5201
5533 5201 5207
12709 5526 12498
12365 12361 12709
12365 12709 12498
5532 12365 12498
5516 5188 2666
14635 5514 14380
14635 14380 5513
12353 5512 5520
12347 5512 12353
12347 5519 5511
12353 5519 12347
11263 5510 5518
11259 5510 11263
11263 5190 11259
11263 5194 5190
5509 7986 5517
5509 7984 7986
5189 7986 7984
5193 7986 5189
5516 5192 5188
1149 5195 1373
2489 5516 2666
2489 2666 5508
1371 5191 1373
1371 5187 5191
1371 5515 5507
1373 5515 1371
15101 5506 14802
5514 14635 14376
14802 5514 14376
5186 14802 14376
15101 14802 5186
13982 14376 13988
13988 14376 5513
14376 14635 5513
13982 13988 13614
7986 7766 5199
5527 5521 5195
5527 5195 5201
12497 5526 12709
12709 12361 12353
12709 12353 5520
12497 12709 5520
12353 12361 12003
12353 12003 11775
5519 12353 11775
5525 11775 12003
11263 5518 11018
5200 5194 5524
5524 5194 11018
5194 11263 11018
5523 8138 8352
5232 4946 9908
5517 7986 5199
8352 5517 5199
8138 5517 8352
7986 5193 7766
7367 7602 5198
7208 7367 6995
7602 7367 7208
6810 6995 6621
7208 6995 6810
6810 6621 5197
5516 5522 5192
5192 5522 5196
1373 5191 1149
5195 5521 5515
5195 5515 1373
4746 14106 13818
4975 4743 9756
4973 4743 4975
13356 4976 13442
13356 13442 13818
13356 13818 13732
14200 4974 13732
14200 13732 13818
14106 14200 13818
4743 9667 9756
4744 14200 14106
4747 9760 4745
4745 9760 9756
4975 9756 9760
4975 9760 4977
12976 4978 13074
13442 4976 12976
13442 12976 13074
9756 9667 4745
4744 14198 14200
4742 14198 4744
4974 14198 4972
4974 14200 14198
4971 10490 10405
10126 10405 10490
10126 10033 10405
4741 4743 4973
4741 4973 10033
10126 4741 10033
4742 14194 14198
4740 14194 4742
4972 14194 4970
4972 14198 14194
4978 12604 13074
11886 11888 11524
11886 11524 11522
11522 11524 11146
11522 11146 11144
11144 11146 10772
11144 10772 10770
10770 10772 10406
10770 10406 10404
10032 10404 10406
10032 10406 4979
10144 10032 4979
10032 10144 4749
4748 13074 12974
12604 12602 12974
12604 12974 13074
4739 11523 4969
12602 12604 12250
12250 12604 12351
12604 4980 12351
12250 12351 4750
4979 10034 10144
9760 9668 4749
4977 9760 4749
10144 4977 4749
10034 4977 10144
9668 9760 4747
4746 13818 13730
13354 13818 13442
13730 13818 13354
4748 13354 13074
13354 13442 13074
4731 12603 12601
14966 4966 15082
4965 4963 4733
4965 4733 4735
15411 4964 4734
15413 4964 15411
15411 4962 15413
15411 4732 4962
4731 12251 4961
4731 12249 12251
4733 12251 12249
4963 12251 4733
4960 4962 4730
4730 4962 4732
4729 12603 4959
4729 12601 12603
14966 15082 4736
4961 12603 4731
4960 4730 4728
4960 4728 15064
14965 4960 15064
14965 15064 4958
4957 13050 12975
4727 4729 4959
4727 4959 12975
13050 4727 12975
15064 4728 14963
14604 14515 4726
14515 4958 4726
4958 14963 4726
4958 15064 14963
14515 14604 4956
14516 14108 14514
4739 11521 11523
11521 4968 11523
11521 4738 4968
4737 10771 4967
4737 10769 10771
10771 10769 10403
10771 10403 10490
4971 10771 10490
10126 10403 10031
10490 10403 10126
10126 10031 4741
4736 15082 14964
14516 14514 14964
14516 14964 15082
4966 14516 15082
12351 12252 4750
14514 14108 4740
14108 14194 4740
14108 4970 14194
4735 11887 4965
4735 11885 11887
4739 11887 11885
4969 11887 4739
11143 4968 4738
11145 4968 11143
4737 11145 11143
4967 11145 4737
15414 4734 4964
15412 4734 15414
15414 14966 15412
15412 14966 4736
5128 5130 4856
12490 12136 4854
12490 12140 12136
12661 5126 12490
5129 9531 4857
4857 9531 9527
4855 9527 9531
4855 9531 5127
4856 5130 4858
12661 12490 4854
5131 13609 13789
13789 13609 14163
14163 13609 13979
13979 5132 14163
5133 4857 4859
5133 5129 4857
11394 5134 4860
11394 4860 11388
12140 4856 12136
12140 5128 4856
10071 4853 9901
4855 5127 5125
4855 5125 10071
9901 4855 10071
12661 5124 5126
12659 5124 12661
12661 4852 12659
12661 4854 4852
4851 10277 5123
4851 10273 10277
9905 10277 10273
9905 10273 4853
10071 9905 4853
14373 5136 14581
11010 5140 11226
5139 5133 4859
5139 4859 4865
1328 4864 1143
954 1143 757
1328 1143 954
560 757 367
954 757 560
367 9 11
367 11 5138
560 367 5138
11 9 15711
15711 9 15709
4863 15711 15709
5137 15711 4863
5125 9905 10071
13977 14163 4862
14163 5132 4862
5132 14581 4862
5132 14373 14581
14163 13607 13789
14163 13977 13607
13607 4861 13413
13789 13607 13413
13235 13789 13413
5131 13789 13235
5135 13235 13413
11768 4858 5130
11764 4858 11768
11764 11768 11394
11764 11394 11388
11567 11933 11571
12291 12135 11763
11571 11933 11575
11575 11933 4845
11933 11763 4845
11571 5117 5115
11575 5117 11571
13017 5114 5116
13013 5114 13017
12637 13013 13017
12637 13017 12641
12287 12637 12641
12287 12641 12291
11929 12287 12291
11929 12291 11933
11567 11929 11933
12291 11763 11933
11567 5115 5113
11571 5115 11567
12855 5114 13013
13013 12487 12855
12637 12487 13013
12637 12139 12487
12287 12139 12637
12287 11767 12139
11929 11767 12287
11929 11393 11767
11567 11393 11929
5113 11393 11567
12351 4980 12252
12252 11888 11886
12252 11886 4750
5121 10645 4849
12489 5124 12659
4850 5122 4852
4852 5122 12659
5122 12489 12659
5123 5121 4849
5123 4849 4851
12488 4848 5120
12484 4848 12488
12488 4850 12484
12488 5122 4850
4847 11009 5119
4847 11003 11009
11009 11003 10645
10645 11003 10641
4849 10645 10641
4955 4725 4957
5118 5120 4848
5118 4848 12483
12645 5118 12483
12645 12483 4846
11575 4845 11387
4847 5119 5117
4847 5117 11575
11387 4847 11575
13017 5116 12856
12645 12641 13017
12645 13017 12856
5118 12645 12856
12641 12645 12291
12291 12645 12135
12645 4846 12135
11391 4936 11385
10171 10527 10177
10171 10519 10527
10519 4691 4697
10519 4697 10527
11275 11001 4692
11001 11275 4932
11391 11001 4932
11385 11001 11391
10177 4690 10171
11385 4936 4698
4693 1818 4933
4933 1818 1820
4937 1820 1818
4937 1818 4699
2486 4938 4700
2486 4700 2484
2484 4694 2486
10177 4696 4690
4935 4931 4689
4935 4689 4695
3021 4930 2834
4694 4688 4934
4934 4688 2834
4688 3021 2834
4933 1492 4693
4933 1496 1492
4929 1492 1496
4687 1492 4929
11275 4928 4932
11273 4928 11275
11273 11275 10887
10887 11275 10639
2134 4700 2136
9904 4946 9526
4702 9904 9526
10179 9904 4702
9526 9799 4706
4941 7618 4945
4941 7616 7618
7618 7616 7222
7222 7616 6994
7616 4940 6994
6994 4944 7222
4705 5105 5008
4943 4939 4701
4943 4701 5008
5105 4943 5008
2136 4700 4938
11275 4692 10639
4937 2134 2136
4699 2134 4937
4936 4942 4698
4698 4942 4704
10527 4703 10533
10527 4697 4703
10177 10527 10533
10177 10533 10179
10179 4696 10177
10179 4702 4696
4941 7366 7616
7366 4940 7616
4939 4935 4695
4939 4695 4701
2486 4694 4934
1375 4925 4921
5941 6275 5939
5941 5939 5617
5617 5939 5615
5617 5615 5291
5291 5615 5410
5615 4680 5410
5096 5098 5410
5410 5098 5291
5098 4927 5291
4679 5098 5096
4685 5098 4679
4922 4926 4678
4678 4926 4684
1375 4683 1377
1375 4677 4683
6277 6275 5941
1377 4925 1375
9903 4924 10153
4676 4920 4682
4682 4920 10153
4920 9903 10153
4923 4919 4675
4923 4675 4681
4680 5408 5410
4674 5408 4680
5408 5094 5410
5410 5094 5096
4673 5096 5094
4679 5096 4673
4922 4678 4672
4922 4672 3004
4687 4929 4683
10515 10887 10519
10519 10887 4691
10887 10639 4691
10163 10515 10519
10163 10519 10171
10171 4686 10163
10171 4690 4686
4927 5098 5009
4685 4689 4931
4685 4931 5009
5098 4685 5009
4684 4926 4930
4684 4930 3021
2832 4684 3021
2832 3021 4688
4946 9799 9526
4683 4929 1377
4929 1146 1377
1377 1146 4925
11007 4928 11273
11273 10643 11007
10887 10643 11273
10887 10275 10643
10515 10275 10887
10515 10163 10153
10515 10153 4924
10275 10515 4924
10163 4682 10153
10163 4686 4682
4681 6277 4923
4681 6275 6277
4720 6106 6108
9425 4954 9200
4719 5430 4715
4715 5430 5428
5770 5428 5430
5768 5428 5770
6108 5768 5770
6106 5768 6108
4716 6106 4720
9200 8858 8856
7762 8004 4717
8130 8368 7762
7762 8368 8004
8486 8730 8130
8130 8730 8368
4718 8730 8486
4721 5432 4719
4719 5432 5430
9200 8856 4714
9425 9200 4714
8858 8488 8856
8856 8488 4718
8488 8730 4718
8132 8730 8488
8132 8368 8730
7764 8368 8132
7764 8004 8368
4953 4713 4717
4953 4717 8004
7764 4953 8004
4716 6104 6106
4712 6104 4716
6104 5766 6106
13798 4724 13729
4957 4725 13050
4725 12973 13050
13050 12973 4727
14604 4726 14513
14513 14105 14107
14513 14107 4956
14604 14513 4956
14107 14105 13731
13731 14105 13798
14105 4724 13798
13420 13731 13798
13420 13355 13731
4723 4725 4955
4723 4955 13355
13420 4723 13355
6106 5766 5768
13420 13729 13353
13798 13729 13420
13420 13353 4723
4722 6110 5940
5616 6110 5772
5940 6110 5616
5290 5772 5432
5616 5772 5290
5290 5432 4721
4722 6108 6110
4720 6108 4722
6108 5770 6110
6110 5770 5772
5770 5430 5772
5772 5430 5432
5288 5010 5105
9801 4706 9799
9801 4710 4706
4945 7620 4951
4945 7618 7620
7620 7618 7222
7620 7222 6992
4709 7620 6992
4708 6992 6822
6992 7222 6822
7222 6620 6822
7222 4944 6620
6620 4950 6822
4949 5288 4707
4949 5292 5288
5288 5292 5010
9799 4946 9801
4705 5288 5105
5105 5010 4943
11392 4704 4942
11386 4704 11392
11386 11392 11002
11002 11392 11289
11392 4948 11289
11002 10903 10640
11002 11289 10903
10276 10533 4703
4947 10276 4703
10640 4947 4703
10903 4947 10640
10276 10179 10533
9904 10179 10276
6278 6276 6618
5428 5768 5766
5428 5766 4711
5289 5428 4711
5428 5289 4715
9801 4952 9530
4954 9425 9198
9530 4954 9198
4710 9530 9198
9801 9530 4710
9198 9425 4714
4953 4951 4713
4713 4951 7364
4951 7620 7364
7364 7620 4709
3892 1300 3896
11226 4866 11010
6278 6618 6822
4950 6278 6822
6278 5942 6276
6276 5942 4712
5942 6104 4712
5618 6104 5942
5618 5766 6104
4949 4707 4711
4949 4711 5766
5618 4949 5766
11289 4948 11008
11008 10903 11289
10644 10903 11008
10903 10644 4947
9801 4946 4952
7600 7988 5193
6806 4919 6621
4919 5197 6621
4919 4923 5197
6806 6621 6995
6806 6995 7204
7204 6995 7367
7204 7367 7600
7988 7766 5193
3012 4922 2833
7988 7367 5198
7988 7600 7367
5199 7766 7988
10145 9903 4920
10507 4924 9903
10145 10507 9903
10501 10507 10145
10501 10885 10507
5192 5196 4918
4918 5196 2833
5196 3012 2833
4917 1149 5191
4917 1145 1149
4921 1149 1145
5195 1149 4921
10879 5190 5194
10873 5190 10879
10497 10873 10879
10497 10879 10501
10139 10497 10501
10139 10501 10145
10145 4916 10139
10145 4920 4916
5943 6277 5941
10643 10885 5200
10885 10275 10507
10885 10643 10275
10507 10275 4924
5205 8134 8354
7990 8354 7988
7988 8354 5199
8354 8134 5199
7990 7988 7604
7604 7988 7368
7988 5198 7368
7368 5204 7604
4923 6279 5197
4923 6277 6279
6279 6277 5943
5189 7600 5193
5943 5941 5619
5619 5941 5617
5619 5617 5291
5619 5291 5412
5203 5619 5412
5412 5291 4927
5202 4926 4922
5202 4922 3012
2835 5202 3012
2835 3012 5196
5201 5195 4921
5201 4921 4925
10885 5194 5200
10879 5194 10885
10501 10879 10885
12854 13234 13236
7202 6993 4915
5182 5188 4910
4910 5188 4914
5187 5181 4909
5187 4909 4913
4908 5180 5186
4908 5186 14631
14372 4908 14631
14372 14203 13978
14372 14631 14203
13978 13819 13608
13978 14203 13819
13234 13608 13236
13236 13608 5185
13608 13819 5185
6993 7202 4911
12854 13236 5179
13066 12854 5179
12492 12486 12854
12492 12854 13066
5178 12492 13066
12486 12492 12142
12486 12142 12343
4907 12486 12343
12343 12142 5177
10871 5176 5184
10869 5176 10871
10493 10869 10871
10493 10871 10495
10131 10493 10495
10131 10495 10135
13610 13819 13982
5189 7598 7600
7598 7202 7600
7600 7202 7204
6806 7204 7202
6806 7202 4915
6619 6806 4915
6806 6619 4919
5188 5192 4914
4914 5192 4918
5191 5187 4913
5191 4913 4917
14631 5186 14376
14376 14203 14631
13982 14203 14376
13982 13819 14203
11013 10643 5200
13819 13610 5185
10873 5184 5190
10871 5184 10873
10495 10871 10873
10495 10873 10497
10135 10495 10497
10135 10497 10139
10135 10139 9757
9757 10139 9529
10139 4916 9529
9757 9529 4912
5183 7598 5189
5183 7596 7598
7202 7598 7596
7202 7596 4911
7220 5222 6622
2136 4938 2349
4938 5226 2349
4938 5220 5226
4943 5106 4939
4939 5106 5104
5221 5104 5106
5221 5106 5227
6622 5228 6820
5225 5219 4937
7220 6622 6820
6994 7220 6820
4944 6994 6820
4940 7220 6994
4945 7998 4941
4941 7998 7996
5223 7996 7998
5223 7998 5229
5225 4937 2136
2349 5225 2136
5218 5224 4936
4936 5224 4942
5217 7996 5223
5217 7994 7996
7996 7994 7612
7996 7612 7366
4941 7996 7366
4940 7366 7220
7366 7612 7220
7612 6996 7220
7612 5216 6996
6996 5222 7220
5215 5104 5221
5620 5292 5764
4946 10181 9908
5229 8000 5231
5229 7998 8000
4945 8000 7998
4951 8000 4945
4944 6820 6620
4950 6620 6450
6620 6820 6450
6820 6280 6450
6820 5228 6280
5944 6450 6280
5944 6102 6450
5620 6102 5944
5620 5764 6102
5294 5292 5620
5215 5102 5104
5292 4949 5764
5010 5292 5294
5010 5294 5227
5106 5010 5227
5010 5106 4943
2349 5226 2138
2349 2138 5225
11398 4942 5224
11392 4942 11398
11398 4948 11392
11398 5230 4948
4947 10539 10276
10276 10181 9904
10276 10539 10181
9904 10181 4946
5100 5209 5009
4929 1496 1379
1379 1150 5207
11397 5212 11645
4928 5206 4932
4932 5206 11645
5206 11397 11645
5205 8354 8135
7990 8135 8354
7990 7767 8135
7604 7608 7990
7990 7608 7767
7608 5211 7767
5210 7604 5204
5210 7608 7604
5203 5412 5293
1496 1150 1379
5209 5293 5009
5293 4927 5009
5293 5412 4927
5100 5009 4931
4930 4926 5202
4930 5202 2836
3022 4930 2836
2836 5208 3022
4929 1379 1146
5207 5201 4925
5207 4925 1146
1379 5207 1146
11007 5206 4928
11013 5206 11007
11007 10643 11013
7612 7994 7608
4935 5104 5102
4939 5104 4935
2488 4934 5214
2486 4934 2488
2488 4938 2486
2488 5220 4938
5219 1820 4937
5219 1822 1820
5213 1820 1822
4933 1820 5213
5212 5218 4936
5212 4936 11391
11645 5212 11391
11645 11391 4932
5217 7768 7994
9753 10131 10135
7608 7994 5211
7994 7768 5211
5216 7608 5210
5216 7612 7608
5209 5102 5215
5209 5100 5102
4931 5102 5100
4935 5102 4931
4930 3022 2834
5214 4934 5208
5208 4934 3022
4934 2834 3022
5213 1496 4933
5213 1498 1496
1496 1498 1150
192 15712 15910
11973 11395 11769
11769 5152 11973
13051 5153 13049
13049 5153 5149
13049 4877 4879
13049 4879 13051
15712 5154 15910
192 5150 15712
11607 11395 11973
10 192 15910
4880 10 15910
4878 192 10
5155 10647 10855
10855 10647 4881
10647 11005 4881
10647 11011 11005
11011 5151 11607
5151 11395 11607
973 5148 760
760 370 368
760 368 4876
973 760 4876
370 12 368
368 12 4878
12 192 4878
12 5150 192
13047 4877 13049
13047 4875 4877
13047 5149 5147
13049 5149 13047
4874 5146 5148
4874 5148 973
13051 4879 4885
10855 5157 5155
10857 5157 10855
4880 15910 15710
4886 15710 15516
15710 15910 15516
15910 15256 15516
15910 5154 15256
14796 15516 15256
14796 15072 15516
14374 15072 14796
14374 14610 15072
13980 14610 14374
13980 14182 14610
13980 5156 14182
13051 4885 13053
758 4874 973
13051 13053 12681
13051 12681 12491
5153 13051 12491
12137 12141 12491
12137 12491 12681
4884 12137 12681
5152 12141 11973
11975 11973 4883
11973 12141 4883
12141 12137 4883
11973 11975 11607
11607 11975 11389
11975 4882 11389
11005 11011 11389
11389 11011 11607
560 369 759
10274 9906 4870
9906 10100 4870
9532 9528 9906
9906 9528 10100
9528 4869 10100
5139 9528 9532
4865 9528 5139
1642 4868 1493
1328 1147 4864
1147 5142 4864
5142 1493 4864
5142 1642 1493
954 1147 1328
954 759 1147
560 759 954
10278 9906 10274
369 560 5138
4863 15255 5137
4863 15253 15255
15255 15253 14795
14795 15253 14789
14789 14369 14795
14795 14369 5136
14369 14581 5136
14581 14369 4862
13413 4861 13233
4867 5141 5135
4867 5135 13413
13233 4867 13413
4866 4860 5134
4866 5134 11010
4870 10100 9902
758 973 4876
4875 13047 12852
5147 5145 4873
5147 4873 12852
13047 5147 12852
4872 1648 1494
1148 1144 1494
1148 1494 1648
5144 1148 1648
1148 4874 1144
1148 5146 4874
13043 4871 12851
4873 5145 5143
4873 5143 13043
12851 4873 13043
10855 4881 4887
9902 10100 4869
4872 1642 1648
4868 1642 4872
5144 1642 5142
5144 1648 1642
4867 4871 5141
5141 4871 12857
4871 13043 12857
5143 12857 13043
4866 11226 11004
10646 10642 11004
10646 11004 11226
5140 10646 11226
10642 10646 10278
10642 10278 10274
5168 5174 4898
4901 11985 11766
15093 14793 4896
15093 5166 14793
5166 4902 14793
5166 5172 4902
5173 4897 4903
5173 5167 4897
4898 5174 4904
11390 11766 11396
7763 4905 7965
4905 5169 7965
4905 5175 5169
7965 4899 7763
9199 4900 5170
9199 5170 9201
4906 9199 9753
9199 9533 9753
11396 11766 5171
11766 11985 5171
11390 11396 11012
11390 11012 11006
5165 11006 11012
4895 11006 5165
8857 5170 4900
8859 5170 8857
8857 8487 8859
8859 8487 5164
8487 8675 5164
8131 8133 8487
8487 8133 8675
8133 5163 8675
7765 8133 8131
5179 12858 13066
9753 10135 9757
9757 4906 9753
9757 4912 4906
5175 4905 5183
5183 4905 7596
4905 7365 7596
7596 7365 4911
5174 5182 4904
4904 5182 4910
5181 5173 4903
5181 4903 4909
14798 4902 5172
14794 4902 14798
14798 4908 14794
14798 5180 4908
7765 8131 4899
12858 5178 13066
4907 12343 12138
11770 11985 4901
5177 11770 4901
12138 5177 4901
12343 5177 12138
11985 11770 5171
10649 5176 10869
10869 10279 10649
10493 10279 10869
10493 9907 10279
10131 9907 10493
10131 9533 9907
9753 9533 10131
9199 9201 9533
14790 15516 15072
14791 4890 14618
14375 14618 5160
5161 5159 4889
5161 4889 4891
14618 4890 14371
14186 13981 4888
13981 5160 4888
5160 14371 4888
5160 14618 14371
13981 14186 5158
4889 5159 4887
4887 5159 10857
5159 10648 10857
10857 10648 5157
4886 15516 15254
14375 14791 14618
15254 15516 14790
14370 15072 14610
14790 15072 14370
14610 14182 14186
14610 14186 4888
14370 14610 4888
5158 14182 5156
5158 14186 14182
13053 4885 12853
13053 12485 12681
13053 12853 12485
12681 12485 4884
11975 4883 11765
11975 11765 4882
10855 4887 10857
4892 5166 15093
7965 7765 4899
5169 7765 7965
2485 5168 4898
2487 5168 2485
2487 2485 2137
2137 2485 2300
2485 4894 2300
1974 2137 2300
1974 1821 2137
1666 1821 1974
1666 1497 1821
4893 4897 5167
4893 5167 1497
1666 4893 1497
4892 5162 5166
13358 5254 13443
14792 4892 15093
14792 15093 4896
5165 5161 4891
5165 4891 4895
8489 5164 8675
5163 8489 8675
2300 4894 2135
1974 2135 1819
2300 2135 1974
1666 1819 1495
1974 1819 1666
1666 1495 4893
14791 5162 4892
14797 5162 14791
14797 14791 14375
1829 6180 1825
379 765 5847
379 769 765
769 1157 765
1161 1157 769
1161 1501 1157
1505 1501 1161
1505 1825 1501
1829 1825 1505
601 379 5847
1825 6180 5848
5849 8694 5845
5845 8694 8688
6177 8688 8694
6177 8694 6181
14808 15103 5850
14808 5846 15103
5846 6182 15103
6179 379 601
6176 6178 5844
5844 6178 5846
6177 8496 8688
6175 5843 5845
6175 5845 8688
8496 6175 8688
6174 6176 5842
5842 6176 5844
5841 9543 6173
5841 9539 9543
9543 9539 9209
9209 9539 9205
9205 8863 9209
9209 8863 6172
13244 13451 5854
2491 6188 5858
2495 6188 2491
2491 2143 2495
2495 2143 6184
2143 2319 6184
2319 2143 5852
219 5857 223
219 5851 5857
219 6187 6183
223 6187 219
15103 6182 14814
5856 5850 6186
6186 5850 14814
5850 15103 14814
5855 13451 13244
8863 9045 6172
6181 8700 6185
6181 8694 8700
5849 8700 8694
5853 8700 5849
2147 6184 2319
5848 6180 5852
5852 6180 2319
6180 2147 2319
601 5847 375
375 5851 219
601 375 219
19 601 219
6179 601 19
6183 19 219
5846 6178 6182
10115 6165 6163
6166 13999 14191
10481 5837 10483
10481 5835 5837
10117 10481 10483
10117 10483 10119
10117 6167 6165
10119 6167 10117
14183 6164 13998
5836 5834 6166
6166 5834 13998
5834 14183 13998
10479 5835 10481
10479 5833 5835
10115 10479 10481
10115 10481 10117
5838 6166 14191
10117 6165 10115
195 6162 18
18 6161 195
15912 15718 5832
15718 15912 5831
14390 5830 6160
14384 5830 14390
14384 14390 13992
13992 14390 14183
14390 6164 14183
13992 14183 5834
5833 10479 10288
10115 10113 10479
10479 10113 10288
10113 5829 10288
8865 6172 9045
8493 8495 8863
8863 8495 9045
8495 6171 9045
5843 8495 8493
6175 8495 5843
14807 6174 5842
14813 6174 14807
14807 6170 14813
14807 5840 6170
10485 5839 10289
10485 9917 10121
10485 10289 9917
5841 6173 6169
5841 6169 10121
9917 5841 10121
5859 8706 5853
6171 8865 9045
14385 6170 5840
14391 6170 14385
14385 13993 14391
14391 13993 6168
13993 14191 6168
14191 13993 5838
10483 5839 10485
10483 5837 5839
10119 10483 10485
10119 10485 10121
10119 6169 6167
10121 6169 10119
13999 6168 14191
5836 6166 5838
6200 6206 5868
5867 8718 8716
9082 8716 8718
9076 8716 9082
9414 9076 9082
9408 9076 9414
6199 9408 9414
6199 9414 6205
5868 6206 5872
5871 8718 5867
14219 14000 6201
14000 14219 14392
14392 14219 14649
14392 14649 14816
14816 14649 15119
15119 6202 14816
6207 5869 5873
6207 6203 5869
2839 6204 3023
5866 6198 5870
5870 6198 3023
6198 2839 3023
6203 6197 5865
6203 5865 5869
15119 6196 6202
15115 6196 15119
14645 15115 15119
14645 15119 14649
14215 14645 14649
14215 14649 14219
14215 6201 6195
14219 6201 14215
13457 6194 13248
5876 6206 13467
9088 8720 8722
5875 8722 8720
5879 8722 5875
3025 6208 2840
5878 5874 6212
6212 5874 2840
5874 3025 2840
6211 1158 5877
6211 1162 1158
6207 1158 1162
5873 1158 6207
13623 6210 13845
13845 13249 13623
13467 13249 13845
5872 6206 5876
5868 5864 6200
6206 13249 13467
6209 9544 9796
9418 9796 9414
9414 9796 6205
9796 9544 6205
9414 9082 9418
9418 9082 9084
9082 8718 9084
9084 8718 8720
5871 8720 8718
5875 8720 5871
3025 6204 6208
3023 6204 3025
3025 5870 3023
3025 5874 5870
5856 6190 14641
6189 8712 6193
6189 8706 8712
5859 8712 8706
5863 8712 5859
6188 6192 5858
5858 6192 5862
5861 1011 766
376 766 380
380 766 6191
766 1011 6191
376 380 20
376 20 223
5857 376 223
223 20 6187
5856 6186 6190
13083 12867 5860
14386 5856 14641
14386 14211 13994
14386 14641 14211
13994 13829 13618
13994 14211 13829
13455 13451 13829
13829 13451 13618
13451 5855 13618
13455 13083 13451
13451 13083 5854
13083 12866 5854
12866 13083 5860
6185 8706 6189
6185 8700 8706
5853 8706 8700
1011 770 6191
6200 5864 13248
5864 13457 13248
6199 9210 9408
8866 9408 9210
8866 9076 9408
8716 9076 8712
8712 9076 6193
9076 8866 6193
5863 8716 8712
5867 8716 5863
6192 6198 5862
5862 6198 5866
5865 6197 5861
5861 6197 1011
6197 770 1011
9737 10113 10115
14815 6196 15115
15115 14645 14641
15115 14641 6190
14815 15115 6190
14211 14641 14645
14211 14645 14215
13829 14211 14215
13829 14215 6195
13622 13829 6195
13457 13455 13829
13457 13829 13622
6194 13457 13622
13455 13457 13083
13083 13457 12867
13457 5864 12867
10659 10836 6141
6137 10832 10836
6137 10836 6139
5800 6140 5802
6138 6140 5800
10286 10456 5801
10836 10456 10286
6141 10836 10286
5803 6141 10286
10456 10836 10832
6139 10836 10659
13243 5802 6140
13243 6140 13247
13247 13617 13243
13621 13617 13247
13621 13991 13617
13997 13991 13621
13997 6142 13991
10456 10832 5799
10285 10456 5799
10456 10285 5801
15475 6136 15264
15264 15031 15475
14810 15031 15264
14810 14573 15031
14388 14573 14810
14388 14157 14573
13996 14157 14388
13996 13783 14157
13620 13783 13996
13620 13405 13783
13246 13405 13620
5800 5798 6138
9919 10291 9915
17 15 15721
15721 15 15888
15 5808 15888
15265 15721 15261
15261 15721 5807
15721 15888 5807
15265 15261 14811
14811 15261 14805
14805 6144 14811
14805 5806 6144
5811 11597 11406
11406 11227 11022
11406 11597 11227
11022 11227 5810
6143 10464 10291
6138 5798 13246
9915 10291 5805
10291 10464 5805
5809 9919 9915
6145 9919 5809
15888 5808 15717
15888 15717 5807
14383 6144 5806
14389 6144 14383
14383 6142 14389
14383 5804 6142
6141 5803 6143
6143 5803 10464
5803 10287 10464
10464 10287 5805
13991 6142 5804
15715 6130 15719
15716 15875 5796
5795 14571 14382
14382 14155 13990
14382 14571 14155
13990 13781 13616
13990 14155 13781
13616 13403 13242
13616 13781 13403
13242 13403 5794
6131 11208 6133
6131 11204 11208
5791 11208 11204
5793 11208 5791
15715 6132 5792
15719 6132 15715
15716 5792 15875
15715 5790 6130
15015 5789 14803
15015 14803 5788
6131 11026 11204
6129 5787 5791
6129 5791 11204
11026 6129 11204
6128 6130 5790
6128 5790 15259
15453 6128 15259
15011 15453 15015
15015 15453 5789
15453 15259 5789
15011 15015 14555
14555 15015 14381
14155 14571 14573
5798 13405 13246
6135 10832 6137
6135 10828 10832
5797 10832 10828
5799 10832 5797
15875 6134 15720
6136 15475 15260
15720 6136 15260
5796 15720 15260
15875 15720 5796
15260 15031 14804
15260 15475 15031
14573 14571 15031
15031 14571 14804
14571 5795 14804
17 373 15
14155 14573 14157
13781 14155 14157
13781 14157 13783
13403 13781 13783
13403 13783 13405
13405 5794 13403
13405 5798 5794
6133 11208 11027
10828 6135 10655
6135 11027 10655
11027 5793 10655
11027 11208 5793
10828 10655 5797
5792 6132 6134
5792 6134 15875
10111 9731 9916
2267 2623 2625
2837 2961 6152
2961 2623 6152
2961 2625 2623
2837 6156 2961
9735 6157 9731
9731 6157 6153
9731 5823 9916
2267 2625 2271
9735 9731 10111
5827 10111 9916
11603 11407 5824
11603 5825 11407
768 6158 5828
768 5828 764
764 5826 768
768 5826 6154
2267 6155 6151
2271 6155 2267
1651 6150 1504
1504 1160 1156
1504 1156 5822
1651 1504 5822
1160 5826 1156
1160 6154 5826
11601 5825 11603
11601 5821 5825
11601 11603 11231
11231 11603 11023
11603 5824 11023
11231 11023 5820
5823 9731 9538
15262 15266 14812
9737 10115 6163
9542 9737 6163
9737 9542 6159
378 5828 6158
374 5828 378
374 378 16
16 378 195
378 6162 195
16 15722 15912
16 15912 5832
15722 16 6161
16 195 6161
15266 15262 15722
15722 15262 15912
15262 5831 15912
9208 9359 5819
15262 14812 14806
14812 5830 14806
14812 6160 5830
10111 5829 10113
10111 5827 5829
9735 10111 10113
9735 10113 9737
9735 6159 6157
9737 6159 9735
2961 6156 2838
2838 2625 2961
2494 2625 2838
2494 2271 2625
2146 2271 2494
2271 2146 6155
6147 9541 9723
1643 1953 1955
1643 1955 1649
1649 5814 1643
1649 5818 5814
961 5813 763
961 763 5812
11597 5817 11599
11597 5811 5817
11227 11597 11599
11227 11599 11229
11229 5810 11227
11229 5816 5810
5809 5815 6145
6145 5815 9541
5815 9723 9541
1953 2265 1955
2145 6146 2263
2263 1827 2145
1953 1827 2263
1953 1503 1827
1643 1503 1953
1155 1159 1503
1155 1503 1643
5814 1155 1643
767 1159 1155
767 1155 5813
961 767 5813
373 377 767
373 767 961
5812 373 961
377 373 17
1651 5822 5818
6153 9208 5819
9538 6153 5819
9731 6153 9538
9359 9208 6149
2493 6152 2623
2623 2267 2265
2623 2265 6148
2493 2623 6148
1955 2265 2267
1955 2267 6151
1828 1955 6151
1651 1649 1955
1651 1955 1828
6150 1651 1828
1651 5818 1649
9084 8720 9088
11599 5821 11601
11599 5817 5821
11229 11599 11601
11229 11601 11231
11231 5816 11229
11231 5820 5816
9723 5815 9537
9537 5819 9359
9723 9537 9359
9207 9723 9359
6147 9723 9207
6149 9207 9359
2265 6146 6148
2263 6146 2265
1953 2263 2265
6481 6133 11212
6479 6131 6133
6479 6477 6131
15724 6480 15876
15876 6134 15724
6134 6478 15724
6134 6132 6478
11212 11027 6135
6133 11027 11212
15719 6478 6132
6479 6133 6481
6136 15720 15876
6480 6136 15876
6482 6136 6480
6134 15876 15720
6137 11216 6135
6135 11216 11212
6481 11212 11216
15723 6478 15719
15719 6476 15723
15719 6130 6476
6477 6475 6131
6131 6475 11026
6475 11198 11026
11026 11198 6129
6474 6476 6128
6128 6476 6130
6475 11030 11198
10814 10658 6129
6473 10814 6129
11198 6473 6129
11030 6473 11198
10658 10814 6127
11216 6137 11031
6141 10661 10659
6487 10661 6141
14575 6484 14394
14161 14159 14575
14161 14575 14394
6486 14161 14394
13785 14159 14161
13785 14161 13787
13407 13785 13787
13407 13787 13409
13409 6138 13407
13409 6140 6138
6483 11216 11031
6137 6139 6485
6137 6485 11031
6472 6474 6128
15268 6136 6482
15264 6136 15268
15264 15268 14818
15264 14818 14810
14810 14818 14388
14388 14818 14575
14818 6484 14575
14388 14159 13996
14388 14575 14159
13996 13785 13620
13996 14159 13785
13620 13407 13246
13620 13785 13407
13246 13407 6138
6481 11216 6483
6117 11411 6465
13757 13245 13381
13757 13619 13245
13381 13245 6120
6469 6467 6119
6469 6119 6121
14393 6468 14543
14543 14001 14393
14131 14001 14543
14131 13625 14001
13757 13625 14131
13757 13251 13625
13381 13251 13757
6118 6466 6120
6120 6466 13381
6466 13251 13381
14135 6122 13619
6117 11409 11411
11411 11409 11029
11029 11409 11025
6119 11029 11025
6467 11029 6119
12869 6466 6118
12871 6466 12869
12869 6464 12871
12869 6116 6464
6463 12272 12151
11781 12151 11779
11779 12151 6115
12151 12272 6115
6117 11781 11779
6465 11781 6117
14547 14817 6125
6472 6128 15263
15445 6472 15263
15445 15263 6126
14551 6125 14387
14551 14387 6124
6471 10814 6473
6471 10810 10814
6123 10814 10810
6127 10814 6123
15267 6472 15445
14809 14817 15267
14809 15267 15445
6126 14809 15445
6470 14817 14547
14551 14547 6125
6139 10659 10661
14817 14809 6125
14547 14551 14135
14135 14551 13995
14551 6124 13995
14135 13995 6122
6469 6121 6471
6471 6121 10810
6121 10657 10810
10810 10657 6123
14547 6468 6470
14543 6468 14547
14131 14543 14547
14131 14547 14135
14131 14135 13757
13757 14135 13619
6499 14588 14395
2615 2935 2945
2935 6496 2945
2945 6496 6500
6501 9545 6147
6147 9545 9541
6145 9541 9545
6145 9545 6497
14395 14588 6498
2615 2945 2619
2621 6148 6146
2621 6146 2619
2619 2953 2621
2619 2945 2953
2945 6500 2953
2953 6500 6502
6503 9211 6149
6149 9211 9207
2615 2619 2261
2261 2619 2145
2619 6146 2145
2261 1827 1951
2261 2145 1827
1951 1503 1639
1951 1827 1503
1639 1159 1329
1639 1503 1159
1329 767 955
1329 1159 767
955 377 561
955 767 377
561 17 179
561 377 17
772 974 6154
6509 6153 6157
6504 6508 6156
6504 6156 2837
2957 6504 2837
2957 2837 6152
6155 6507 6151
6151 6507 1957
6507 1832 1957
1832 1508 1504
1832 1504 6150
1957 1832 6150
1504 1508 1164
1504 1164 1160
1164 772 1160
1160 772 6154
15721 15725 17
772 6506 974
6505 9208 6153
6505 9212 9208
6503 9208 9212
6149 9208 6503
2957 6502 6504
2953 6502 2957
2953 2957 2621
2621 2957 2493
2957 6152 2493
2621 2493 6148
6151 1957 1828
1828 1957 6150
6147 9211 6501
6147 9207 9211
6493 10293 10465
1329 947 6490
1163 1329 6490
557 947 955
557 955 561
557 561 179
557 179 21
6489 557 21
6495 21 179
14582 6144 14389
6488 6494 6142
6142 6494 14389
6494 14582 14389
6141 6143 6487
6487 6143 10293
6143 10465 10293
1329 955 947
1507 6492 1635
6491 1507 1635
771 6490 947
947 381 771
557 381 947
6489 381 557
6486 6488 6142
6486 6142 13997
14161 6486 13997
14161 13621 13787
14161 13997 13621
13787 13247 13409
13787 13621 13247
13409 13247 6140
6139 10661 6485
9921 6493 10465
17 15725 179
15725 6495 179
15725 15721 15269
15269 15721 15265
15269 15265 14819
14819 15265 14811
14582 14811 6144
14819 14811 6499
14811 14582 6499
14582 14588 6499
6498 14582 6494
6498 14588 14582
10465 6143 10291
9919 9921 10291
10291 9921 10465
12503 6464 6116
6145 9921 9919
6497 9921 6145
2841 6496 2935
2935 2497 2841
2615 2497 2935
2615 2149 2497
2261 2149 2615
2261 1831 2149
1951 1831 2261
1951 1639 1635
1951 1635 6492
1831 1951 6492
1635 1639 1329
1635 1329 1163
6491 1635 1163
14606 14521 6224
6221 12505 12731
12505 6222 12731
12731 12506 6221
12731 6222 12506
13802 13737 5889
6223 14115 13802
14115 13737 13802
14115 14113 13737
2496 5888 6220
14521 14115 6224
14521 14113 14115
15066 14971 14606
14606 14971 14521
6225 15421 15066
15421 14971 15066
15421 15419 14971
15421 6226 15419
2492 5888 2496
2492 2496 2148
2492 2148 2144
2144 2148 1830
2144 1830 1826
1826 1830 1506
1826 1506 1502
6219 1502 1506
5887 1502 6219
5886 10904 10656
10290 10904 10540
10656 10904 10290
9920 9918 10290
9920 10290 10540
6218 9920 10540
5892 15839 197
5895 13432 12982
12982 13054 5893
6228 6230 5894
6228 5894 129
197 6228 129
197 129 5892
6227 13430 6229
6227 13428 13430
13428 13052 13430
13430 13052 13054
5891 13054 13052
5893 13054 5891
131 6228 197
15839 15841 131
15839 131 197
9540 9918 9920
15839 6226 15841
15839 5890 6226
6225 15066 14973
14606 14973 15066
14606 14523 14973
14523 14606 6224
6223 13802 13739
13428 6227 13361
6227 13739 13361
13739 5889 13361
13739 13802 5889
13052 13361 12981
13428 13361 13052
13052 12981 5891
15419 6226 5890
13849 6210 6214
6213 9798 9800
9800 9798 9420
9800 9420 9206
5885 9800 9206
9420 9088 9090
9420 9090 5884
9206 9420 5884
9090 9088 8722
9090 8722 8494
5883 9090 8494
8494 8722 5879
6212 6216 5878
5878 6216 5882
6215 6211 5877
6215 5877 5881
6213 9800 6217
13845 6210 13849
13467 13845 13849
13467 13849 13471
13471 13095 13467
13467 13095 5876
13095 12868 5876
12868 12717 12502
12868 13095 12717
12502 12717 5880
6209 9798 6213
6209 9796 9798
9796 9418 9798
9798 9418 9420
9418 9084 9420
9420 9084 9088
12504 12717 12870
9540 9920 6217
9800 9540 6217
9540 9800 5885
5884 9090 8864
8864 9090 5883
6216 6220 5882
5882 6220 5888
6219 6215 5881
6219 5881 5887
13849 6214 13624
13624 13471 13849
13250 13471 13624
13250 13095 13471
12870 13095 13250
12870 12717 13095
13432 13054 12982
12504 12150 12148
12504 12148 5880
12717 12504 5880
12148 12150 11780
12148 11780 11778
11778 11780 11410
11778 11410 11408
11408 11410 11028
11408 11028 11024
11028 10660 11024
11024 10660 5886
10660 10904 5886
10292 10904 10660
10292 10540 10904
10292 6218 10540
5906 13444 13364
5907 10779 10777
5905 10777 10779
5905 10779 6243
6246 13076 13068
6246 13068 6244
13364 13444 5908
13444 13076 5908
13444 13068 13076
6245 10779 5907
10877 6247 10778
6247 5907 10778
6247 6245 5907
5909 10877 10778
5910 12984 13076
6246 5910 13076
6248 5910 6246
5908 13076 12984
5906 13440 13444
5904 13440 5906
13444 13440 13068
13068 13440 12986
13440 6242 12986
13068 12692 12611
13068 12611 6244
12692 13068 6241
13068 12986 6241
12611 12692 6240
5903 11153 6239
5903 11151 11153
5905 11153 11151
6243 11153 5905
5904 13438 13440
11532 11642 12008
12507 6464 12503
12507 12503 12149
12507 12149 12272
6463 12507 12272
12272 12149 6115
5914 12008 11894
11530 12008 11642
11894 12008 11530
11530 11642 5913
5912 12360 12258
5914 12258 12008
12258 12360 12008
12360 11896 12008
12360 6250 11896
11532 12008 11896
5902 13438 5904
11154 11152 11532
11532 11152 11642
11152 5913 11642
6249 11152 11154
5911 11152 6249
12612 5910 6248
12610 5910 12612
12612 12260 12610
12610 12260 5912
12260 12360 5912
12260 6250 12360
5911 6249 5909
5909 6249 10877
6249 10780 10877
10877 10780 6247
13738 14116 6233
6237 11895 11618
11618 11529 5901
132 5898 6234
130 5898 132
130 132 15842
130 15842 15840
15842 15422 15840
15840 15422 5900
15422 15538 5900
15422 6236 15538
6235 14524 14624
14116 14114 14524
14524 14114 14624
14114 5899 14624
13738 14114 14116
11895 11529 11618
13810 13738 6233
13738 13810 5897
6232 6234 5896
5896 6234 5898
6233 13740 13810
13432 13362 5897
6231 13432 5897
13810 6231 5897
13740 6231 13810
13362 13432 5895
6230 6232 5894
5894 6232 5896
6229 13432 6231
6229 13430 13432
13432 13430 13054
6236 14974 15538
13438 13062 13440
13440 13062 6242
13062 12985 6242
12690 12692 13062
13062 12692 12985
12692 6241 12985
6240 12690 6238
6240 12692 12690
6237 11618 11531
5901 5903 6239
5901 6239 11531
11618 5901 11531
5900 15538 15420
14974 14972 15420
14974 15420 15538
15015 5788 14381
14522 14972 14974
14522 14974 6235
14624 14522 6235
14522 14624 5899
13438 5902 13363
13062 13363 12983
13438 13363 13062
12690 12983 12609
13062 12983 12690
12609 12257 12259
12609 12259 6238
12690 12609 6238
12259 12257 11895
11895 12257 11893
11895 11893 11529
11969 5825 11967
10103 10473 10107
10103 10471 10473
10471 10849 10473
10471 10847 10849
11023 11233 5820
11233 10847 5820
11233 10849 10847
11023 5824 11233
9727 10103 10107
11967 5825 5821
12323 12145 5477
11969 12323 5477
11967 12323 11969
12323 5475 12145
5476 1343 1156
5826 5476 1156
5478 5476 5826
9727 10107 5823
9538 9727 5823
9727 9538 5819
5474 5818 5822
5474 5822 1343
1152 5474 1343
1152 1343 5476
12671 5473 12495
12321 12671 12323
12323 12671 5475
12671 12495 5475
11965 12321 12323
11965 12323 11967
11965 5821 5817
11967 5821 11965
11401 11407 11773
11235 11017 10653
10475 10851 10477
10477 10851 5481
10851 10653 5481
10475 5829 5827
10477 5829 10475
764 5478 5826
762 5478 764
762 764 372
372 764 579
764 5828 579
372 193 14
372 579 193
14 193 5480
11969 5477 11773
10847 5816 5820
11773 11407 11969
11407 5825 11969
5824 11407 11233
11235 11233 5479
11233 11407 5479
11407 11401 5479
10849 11233 11235
10849 11235 10851
10473 10849 10851
10473 10851 10475
10107 10473 10475
10107 10475 5827
9916 10107 5827
10107 9916 5823
1343 5822 1156
14799 5806 14805
10282 10469 5472
5815 5809 5467
5815 5467 5471
1155 5814 1333
5813 1155 1333
371 5812 5470
373 5812 371
373 371 15
15 371 13
13 5808 15
13 5466 5808
5465 15261 5807
5465 15257 15261
15261 15257 14805
14805 15257 14799
10652 10845 10469
14799 5464 5806
12667 5469 12669
12667 5463 5469
12317 12667 12669
12317 12669 12319
11961 12317 12319
11961 12319 11963
11595 11961 11963
11595 11963 5811
11406 11595 5811
11406 11022 11016
11406 11016 5462
11595 11406 5462
11022 5468 11016
11022 5810 5468
1151 763 1333
10845 5816 10847
10469 10845 10847
10469 10847 10471
10471 10103 10469
10469 10103 5472
10103 9912 5472
9727 9537 5815
5815 5471 9912
9727 5815 9912
10103 9727 9912
5819 9537 9727
5814 5818 5474
5814 5474 1151
1333 5814 1151
761 763 1151
11235 10653 10851
763 5813 1333
761 5812 763
761 5470 5812
12669 5473 12671
12669 5469 5473
12319 12669 12671
12319 12671 12321
11963 12319 12321
11963 12321 11965
11963 5817 5811
11965 5817 11963
5468 5810 5816
5468 5816 10845
10652 5468 10845
10652 10469 10282
9751 5495 9535
2310 2139 1984
1984 2139 1823
2310 5498 2139
5499 8334 5493
5493 8334 8326
5843 8326 8334
5843 8334 5845
9751 9535 5494
1676 1823 1499
5496 5846 5500
5844 5846 5496
5847 765 999
999 765 1369
1369 765 1157
1157 1501 1369
1501 5497 1369
5497 5501 1369
1984 1823 1676
1676 1499 5497
5842 5844 5492
5492 5844 5496
10123 5491 9913
9913 5495 9751
10123 9913 9751
9539 10123 9751
5841 10123 9539
9203 9205 9539
9203 9539 9751
5494 9203 9751
9205 9203 8863
8863 9203 8861
8863 8861 8493
5505 13069 12864
5848 5852 5502
5502 5852 2141
5852 2318 2141
1369 5501 1153
999 1369 1003
1003 1369 5507
1369 1153 5507
999 1003 607
999 607 375
5847 999 375
5851 375 607
5506 5500 5846
5506 5846 14808
15102 5506 14808
14808 5850 15102
8493 8861 8491
12864 12695 12496
12864 13069 12695
12496 12695 5504
5845 8342 5849
5845 8334 8342
5499 8342 8334
5503 8342 5499
5498 2310 2140
5848 1984 1825
2310 1984 2140
1984 5848 2140
5848 5502 2140
1676 1825 1984
1676 1501 1825
5497 1501 1676
10477 10288 5829
15911 5832 15718
15718 5831 15911
15510 15258 5482
14800 15510 15068
15258 15510 14800
14384 14378 14800
14384 14800 15068
5830 14384 15068
14378 14384 13992
14378 13992 13986
13992 5484 13986
13992 5834 5484
5483 5833 5481
5481 5833 10477
5833 10288 10477
5835 5483 5485
579 5828 374
374 193 579
16 193 374
5832 15911 15714
16 5832 15714
5480 16 15714
193 16 5480
15714 15262 15510
15714 15510 5482
15262 15714 5831
15714 15911 5831
14806 15510 15262
14806 15068 15510
14806 5830 15068
11235 5479 11017
14801 14379 14385
8493 8491 8137
8493 8137 8326
5843 8493 8326
8326 8137 5493
5842 5492 5490
5842 5490 15086
14807 5842 15086
14807 15086 5840
5489 10289 5839
5489 10283 10289
9917 10289 10283
9917 10283 5491
10123 9917 5491
5841 9917 10123
15086 5490 14801
5461 9915 5805
14801 14385 5840
15086 14801 5840
14385 14379 13993
13993 14379 13987
13987 5838 13993
13987 5488 5838
5839 5837 5487
5839 5487 5489
5836 5838 5486
5486 5838 5488
5837 5835 5485
5837 5485 5487
5834 5836 5484
5484 5836 5486
5835 5833 5483
12859 13003 5440
11179 5435 5439
11179 5439 11183
11921 11771 5436
11921 5437 11771
13003 12859 5438
5780 13241 13385
5780 13385 5440
13003 5780 5440
11179 5781 5779
13241 5782 13385
11187 5783 11183
11183 5783 5781
11183 5439 5441
11183 5441 11187
13385 13237 5440
5782 13615 13767
5782 13767 5442
11183 5781 11179
12865 5780 13003
12493 12625 5438
12625 5778 5438
5778 13003 5438
5778 12865 13003
12625 12143 12275
12625 12493 12143
11917 12275 11921
11921 12275 5437
12275 12143 5437
11917 11921 11553
11553 11921 11399
11921 5436 11399
11399 5435 11179
11191 5443 5445
11197 5445 11015
5447 5791 5787
5447 5787 11197
11015 5447 11197
15259 5790 15459
5789 15259 15459
14381 5788 14561
13983 14143 5446
14143 5786 5446
5786 14561 5446
5786 14381 14561
14143 13611 13771
14143 13983 13611
13771 13611 5444
11191 5445 11197
11553 11399 11179
11191 5787 5785
11197 5787 11191
13989 5786 14143
14143 13771 13767
14143 13767 5784
13989 14143 5784
13771 5442 13767
13771 5444 5442
11187 5443 11191
11187 5441 5443
11187 5785 5783
11191 5785 11187
13615 5784 13767
13237 13385 5442
13385 5782 5442
5257 10500 10496
12254 12359 5262
5261 11269 11148
5589 11148 11269
5589 5587 10876
11148 5589 10876
10774 11148 10876
10408 10876 10500
10774 10876 10408
10408 10500 5259
5586 5588 5258
5258 5588 5260
5587 10776 10876
10500 10876 10496
10496 10876 5585
10876 10776 5585
12608 5590 12359
5259 10500 5257
13443 5584 13360
13360 12980 12978
13360 12978 5256
13443 13360 5256
12980 5258 12978
12980 5586 5258
5585 10410 10496
10134 10036 5257
5583 10134 5257
10496 5583 5257
10410 5583 10496
10036 10134 5255
5254 5582 5584
5254 5584 13443
12359 5590 12256
11021 11553 11179
5777 11553 11021
5779 11021 11179
12501 5778 12625
12625 12147 12501
12275 12147 12625
12275 11777 12147
11917 11777 12275
11917 11405 11777
11553 11405 11917
5777 11405 11553
12007 5592 11892
11892 11641 12007
11528 11641 11892
11641 11528 5591
12860 13025 5448
5592 12007 11890
12256 5592 11890
5262 12256 11890
12359 12256 5262
11890 11641 11526
11890 12007 11641
11150 11269 5261
5591 11150 5261
11526 5591 5261
11641 5591 11526
11269 11150 5589
12608 5260 5588
12606 5260 12608
12606 12608 12254
12254 12608 12359
12663 13035 13037
5801 10076 5457
10076 9910 5457
5803 10286 10460
12144 12315 5458
12315 12144 5456
12663 12315 5456
12665 12315 12663
12663 13037 12665
10460 5801 5457
13243 13411 5802
13411 13035 5802
13411 13037 13035
13411 13243 5459
13243 13613 5459
13243 13617 13613
13617 13985 13613
13991 13985 13617
10286 5801 10460
9910 10076 5455
5454 5800 5802
5454 5802 13035
12862 5454 13035
12862 12663 12494
12862 13035 12663
12494 12663 5456
5799 10452 10285
10072 10076 10452
10452 10076 10285
10076 5801 10285
5453 10076 10072
5455 10076 5453
5798 5800 5454
12667 13037 5463
5461 9911 9915
5467 9915 9911
5809 9915 5467
15713 5808 5466
15717 5808 15713
5465 15717 15713
5807 15717 5465
14377 5806 5464
14383 5806 14377
14377 5804 14383
14377 5460 5804
13411 5459 13239
13411 12863 13037
13411 13239 12863
12665 13037 12667
5798 5454 12861
13037 12863 5463
12315 12665 12667
12315 12667 12317
12317 11961 12315
12315 11961 5458
11961 11772 5458
11772 11595 11400
11772 11961 11595
11400 11595 5462
5803 10460 10287
5457 5461 5805
5457 5805 10287
10460 5457 10287
13985 5804 5460
13991 5804 13985
15715 15869 5790
13616 13779 13990
13616 13401 13779
13242 13401 13616
13029 13025 13401
13029 13401 13242
5794 13029 13242
13029 5448 13025
13029 5450 5448
5791 5447 5793
5793 5447 10824
5447 10651 10824
10824 10651 5449
15715 5792 15869
15869 15463 15459
15869 15459 5790
13990 13779 14153
15459 15463 15019
15459 15019 14803
5789 15459 14803
15019 14565 14561
15019 14561 5788
14803 15019 5788
14565 14153 14561
14561 14153 5446
14153 13984 5446
13984 13779 13612
13984 14153 13779
13612 13401 13238
13612 13779 13401
13238 13025 12860
13238 13401 13025
13031 5452 5450
13031 5798 12861
13031 12861 5452
5797 5451 5799
5799 5451 10452
5451 10281 10452
10072 10281 9909
10452 10281 10072
10072 9909 5453
15469 5796 15260
15260 15025 15469
14804 15025 15260
15025 14804 5795
13031 5794 5798
13029 5794 13031
13031 5450 13029
2318 5508 2141
5793 10824 10655
5449 5451 5797
5449 5797 10655
10824 5449 10655
15869 5792 15716
15469 15463 15869
15469 15869 15716
5796 15469 15716
15019 15463 15469
15019 15469 15025
14565 15019 15025
14565 15025 5795
14382 14565 5795
14382 14153 14565
13990 14153 14382
14112 13738 5576
13060 12686 12688
13058 12686 13060
13436 13058 13060
13434 13058 13436
13812 13738 5897
13434 13812 5897
13436 13812 13434
13738 13812 5576
12338 12688 12686
14114 13738 14112
5899 14114 14112
5899 14112 5577
15418 15537 5578
15840 5900 15537
15418 15840 15537
15838 15840 15418
209 130 5574
12338 12686 5573
12255 12338 5573
12338 12255 5575
209 5896 5898
205 5896 209
209 5572 205
209 5574 5572
5897 13362 13434
13058 13434 13056
13056 13434 5895
13434 13362 5895
13056 12684 13058
13058 12684 12686
5571 12686 12684
5573 12686 5571
12688 12983 13060
15537 5900 15420
15420 14972 14970
15420 14970 5578
15537 15420 5578
14970 14972 14522
14970 14522 14520
5899 14520 14522
5577 14520 5899
5576 13812 13736
5902 13436 13363
13812 13436 13736
13436 5902 13736
5902 5580 13736
13060 13363 13436
13060 12983 13363
205 5894 5896
12688 12609 12983
12338 12609 12688
12338 12257 12609
11893 12257 11891
11891 12257 5575
12257 12338 5575
11893 11891 11529
11529 11891 11527
11529 11527 11149
11529 11149 11250
5901 11529 11250
11250 11149 5579
209 5898 130
130 15840 15838
130 15838 5574
14176 5564 14111
14969 14971 15419
14969 15419 15507
5566 14969 15507
14971 14969 14521
14521 14969 14519
14521 14519 14113
14113 14519 14176
14519 5564 14176
13800 14113 14176
13800 13737 14113
13422 13424 13800
13800 13424 13737
13424 5889 13737
5563 13424 13422
5565 13424 5563
15419 5890 15507
13800 14111 13735
14176 14111 13800
13422 13735 13359
13800 13735 13422
13422 13359 5563
5562 10906 10654
10654 10906 5561
5560 9424 9204
8862 9424 9092
9204 9424 8862
8492 9092 8726
8862 9092 8492
8492 8726 5559
2705 5888 2492
2492 2353 2705
5891 5567 5893
201 5894 205
205 5570 201
205 5572 5570
5895 12982 13056
12684 13056 12682
12682 13056 5893
13056 12982 5893
5569 12684 12682
5571 12684 5569
129 5894 201
15837 15917 5570
15917 5892 5570
5892 201 5570
5892 129 201
15917 15837 5568
10492 10409 5581
5893 5567 12682
5567 12607 12682
12682 12607 5569
15839 5892 15917
15417 15507 5568
15507 5890 5568
5890 15917 5568
5890 15839 15917
15507 15417 5566
5889 13424 13361
12981 13361 12979
12979 13361 5565
13361 13424 5565
5567 12981 12979
5891 12981 5567
6121 6119 5779
11021 11409 5777
11025 11409 11021
6117 11554 11409
12999 12865 5778
12999 6118 12865
6118 5780 12865
6118 6120 5780
6121 5779 5781
11409 11554 5777
13241 5780 6120
13241 6120 13245
5782 13241 13763
13241 13619 13763
13241 13245 13619
13619 6122 13763
6123 10657 10809
5783 10809 10657
5779 11025 11021
6119 11025 5779
12869 6118 12999
12501 12621 5778
12621 6116 5778
6116 12999 5778
6116 12869 12999
12621 12147 12271
12621 12501 12147
11777 11779 12147
12147 11779 12271
11779 6115 12271
11779 11777 11405
11779 11405 11554
6117 11779 11554
6124 14387 14555
14555 14381 5786
5787 6129 5785
5785 6129 10813
6129 10658 10813
10813 10658 6127
15263 6128 15453
15453 15011 15005
15453 15005 6126
15263 15453 6126
15005 15011 14555
15005 14555 14387
6125 15005 14387
13989 14139 5786
14139 6124 5786
6124 14555 5786
11554 11405 5777
14139 13989 5784
10809 5785 10813
10809 5783 5785
10809 6127 6123
10813 6127 10809
14809 6126 15005
6125 14809 15005
13995 6124 14139
13615 13763 5784
13763 6122 5784
6122 14139 5784
6122 13995 14139
13763 13615 5782
5781 5783 6121
6121 5783 10657
10868 10870 11252
13364 5584 5906
13360 5584 13364
13360 13364 12980
12980 13364 13075
13364 5908 13075
12980 13075 5586
5905 10870 10777
10777 10870 5907
5585 5907 10410
5907 10870 10410
10870 10494 10410
10410 10494 5583
5904 5906 5582
5582 5906 5584
5903 11252 11151
5585 10776 5907
11252 10870 11151
10870 5905 11151
10868 10492 10870
10870 10492 10494
5581 10494 10492
5583 10494 5581
5902 5904 5580
5580 5904 5582
5901 11252 5903
5901 11250 11252
10868 11252 11250
10868 11250 5579
10775 10868 5579
10492 10775 10409
10868 10775 10492
5913 11152 11150
12503 6116 12621
12621 12149 12503
12271 12149 12621
6115 12149 12271
11894 5592 5914
11892 5592 11894
11892 11894 11530
11892 11530 11528
5913 11528 11530
5591 11528 5913
12258 5590 5912
12256 5590 12258
12258 5592 12256
12258 5914 5592
5913 11150 5591
2144 2353 2492
5911 11150 11152
5589 11150 5911
12610 5588 5910
12608 5588 12610
12610 5590 12608
12610 5912 5590
5911 5909 5587
5911 5587 5589
13075 5908 12984
5588 5586 5910
5910 5586 12984
5586 13075 12984
5909 10776 5587
5909 10778 10776
5907 10776 10778
5865 5521 5527
11631 11995 11639
11995 5519 11775
12705 12497 5520
5860 12867 13087
5860 13087 5526
12705 5860 5526
12497 12705 5526
12867 5864 13087
11639 11995 5525
5865 5861 5521
5522 5866 5528
5862 5866 5522
6092 5945 5529
6092 5530 5945
5867 5523 5531
5867 5863 5523
11271 11019 5524
11995 11775 5525
11639 11271 11631
11631 11271 5518
11271 11018 5518
11018 11271 5524
5863 5859 5523
5523 5859 8138
5859 8350 8138
8138 8350 5517
5858 5862 5516
5516 5862 5522
5521 5861 5515
5515 5861 1007
5861 766 1007
766 611 1007
5530 6092 6281
5873 5869 5533
5873 5533 5539
13091 5868 5872
13089 5868 13091
13089 13091 12711
12711 13091 12499
13091 5538 12499
12711 12499 5532
5867 5531 5871
5871 5531 8356
5531 8139 8356
8356 8139 5537
6442 5536 6281
6092 6094 6442
6092 6442 6281
376 611 766
5529 6094 6092
5535 6094 5529
5866 5870 5528
5528 5870 5534
5869 5865 5527
5869 5527 5533
13089 5864 5868
13087 5864 13089
13089 12711 13087
13087 12711 5526
12711 12498 5526
12498 12711 5532
11639 5525 11403
11639 11019 11271
11639 11403 11019
13240 13069 5505
1003 5507 5515
607 1003 1007
607 1007 611
607 5857 5851
611 5857 607
5506 15102 14802
5856 5514 5850
5850 5514 15102
5514 14802 15102
5513 14207 13988
13988 13827 13614
13988 14207 13827
13240 13614 13244
13244 13614 5855
13614 13827 5855
1003 5515 1007
13240 13244 5854
13069 13240 5854
13077 13069 5854
12695 13069 13077
12695 13077 12697
12697 5504 12695
12697 5512 5504
5511 11991 11774
11774 11625 11402
11774 11991 11625
11402 11625 5510
5849 8348 5853
5849 8342 8348
5503 8348 8342
5509 8348 5503
11991 5519 11995
611 376 5857
14386 5514 5856
14380 5514 14386
14380 14386 13994
14380 13994 14207
5513 14380 14207
13994 13827 14207
13618 13827 13994
13827 13618 5855
13077 5854 12866
12705 12697 13077
12705 13077 12866
5860 12705 12866
12705 5512 12697
12705 5520 5512
5534 5874 5540
11991 5511 5519
11625 11991 11995
11625 11995 11631
11631 5510 11625
11631 5518 5510
5853 8350 5859
5853 8348 8350
5509 8350 8348
5517 8350 5509
2489 5858 5516
2491 5858 2489
2491 2489 2143
2143 2489 2318
2489 5508 2318
2143 2318 5852
2015 1705 1824
11778 11404 5552
11778 11408 11404
11778 12015 12148
12148 12015 12371
12371 5880 12148
1709 5887 1705
1705 5887 5881
1705 5553 1824
12015 11778 5552
1709 1705 2015
2142 2353 2015
2142 2015 1824
2490 2705 2353
2490 2353 2142
2490 5554 2705
5554 5888 2705
5554 5882 5888
11408 11024 11404
11404 11024 5558
11024 11290 5558
11024 5886 11290
5885 9206 9422
9206 5884 9422
5883 8494 8724
5879 5551 5557
5879 5557 8724
8494 5879 8724
5550 6446 6282
6446 6098 6100
6446 6100 5556
6282 6446 5556
6100 6098 5760
9914 9918 9540
2144 2015 2353
1826 2015 2144
1826 1709 2015
1502 1709 1826
1709 1502 5887
5558 11290 11020
5562 11020 10906
11020 11290 10906
11290 10656 10906
11290 5886 10656
10290 10284 10656
10656 10284 10906
10284 5561 10906
10284 10290 9918
10284 9918 9914
6100 5760 5622
9914 9540 9536
9540 5885 9422
9422 9424 5560
9540 9422 5560
9536 9540 5560
9424 9422 9092
9092 9422 8864
9422 5884 8864
8726 9092 8724
8724 9092 5883
9092 8864 5883
5557 8726 8724
5559 8726 5557
5556 6100 5946
5946 6100 5555
12146 12369 5544
5541 5760 5758
5549 5760 5541
5874 5878 5540
5540 5878 5548
5547 1701 1500
1154 1500 1158
1158 1500 5877
1500 1701 5877
5873 1154 1158
5539 1154 5873
13093 5872 5876
13091 5872 13093
13093 5538 13091
13093 5546 5538
5545 12369 12146
6098 5758 5760
5871 8358 5875
5871 8356 8358
5537 8358 8356
5543 8358 5537
6816 5542 6623
6442 6444 6816
6442 6816 6623
5536 6442 6623
6442 6094 6444
6444 6094 6096
5758 6096 6094
5758 6094 5535
5621 5758 5535
5758 5621 5541
5870 5874 5534
12371 12369 5880
5555 6100 5622
5622 5760 5549
5878 5882 5548
5548 5882 5554
1701 5553 1705
1701 5547 5553
1701 5881 5877
1705 5881 1701
13093 5876 12868
12868 12502 12500
12868 12500 5546
13093 12868 5546
12500 12369 5545
12500 12502 5880
12369 12500 5880
4708 6822 6618
12371 12015 12369
12369 12015 5544
12015 11776 5544
11776 12015 5552
5879 5875 5551
5551 5875 8140
5875 8358 8140
8140 8358 5543
5542 6816 6624
6816 6444 6446
6816 6446 5550
6624 6816 5550
6444 6096 6446
6446 6096 6098
6096 5758 6098
2343 2130 4289
4764 4844 4149
4764 4996 4844
4996 4291 4844
4291 4287 4844
4291 4996 5101
4151 5101 4996
4150 4292 4152
4288 4292 4150
2689 4286 2480
2343 4290 2130
5101 5000 4291
4293 5000 5101
4151 4293 5101
4153 4293 4151
4294 9086 8847
4152 4294 8847
4292 4294 4152
2343 2339 2689
2343 2689 2480
4290 2343 2480
2003 2339 2343
2003 2343 4289
1814 2003 4289
2003 1814 4285
8479 4288 4150
8481 4288 8479
8479 8123 8481
8481 8123 4284
8123 8353 4284
8353 7755 7989
8353 8123 7755
7989 7357 7603
4302 4304 4162
4161 5001 4997
4159 4997 5001
4159 5001 4299
4160 4302 4162
4300 4302 4160
4303 4161 4163
4303 4301 4161
4162 4304 4164
4301 5001 4161
4305 4163 4165
4305 4303 4163
7756 8007 4166
8126 4306 8007
7756 8126 8007
8124 8126 7756
8480 8733 4307
7989 7755 7357
4298 4300 4158
4158 4300 4160
4299 4297 4157
4299 4157 4159
4296 4298 4156
4156 4298 4158
4297 4295 4155
4297 4155 4157
4296 4156 4154
4296 4154 9086
8849 4296 9086
8849 9086 4294
4295 4293 4153
4295 4153 4155
9086 4154 8847
7987 7359 7757
6613 6269 4276
6611 6269 6613
4146 6611 7207
6611 6987 7207
6611 6613 6987
7207 6987 7601
7601 6987 7359
7601 7359 7987
6269 6433 4276
7987 7757 8351
8351 7757 8125
8125 4280 8351
1999 4281 1995
1995 4281 4277
1995 2333 1999
1995 2327 2333
2327 2683 2333
6433 6269 4144
4275 4143 4279
4279 4143 4596
4143 4539 4596
4596 4539 4145
2677 4274 4278
2671 4274 2677
2323 2671 2677
2323 2677 2327
1991 2323 2327
1991 2327 1995
1991 4277 4273
1995 4277 1991
6271 4276 6433
5933 5935 6271
2689 4282 4286
8353 4280 4284
2003 4285 1999
1999 4285 4281
1999 2339 2003
1999 2333 2339
2333 2689 2339
2333 2683 2689
2683 4282 2689
8351 4280 8353
4540 4598 4147
4766 4283 4844
4844 4283 4149
4283 4598 4149
4598 4540 4149
4287 4766 4844
7603 7357 4148
8126 8480 4307
7987 8351 8353
7987 8353 7989
7601 7987 7989
7601 7989 7603
7601 7603 7207
7207 7603 6985
7603 4148 6985
7207 6985 4146
4279 4598 4283
4279 4596 4598
4145 4598 4596
4147 4598 4145
2683 4278 4282
2677 4278 2683
2327 2677 2683
13400 13774 4179
4320 12589 4178
12237 4320 4178
12296 12237 4178
13024 12961 12652
12652 12961 12589
13400 13341 13024
13024 13341 12961
13341 13400 4179
4320 12652 12589
13400 13778 13774
14152 14100 4317
13774 14152 4317
13778 14152 13774
14100 14152 14564
14100 14564 14508
14564 15018 14953
4318 14564 14953
11940 12237 12296
11940 11877 12237
11513 11877 11509
11509 11877 4177
11877 11940 4177
11509 4316 11513
11509 4176 4316
4175 10763 4315
4175 10759 10763
4181 10763 10759
4319 10763 4181
4174 15010 14952
4318 4180 4314
4314 4180 15010
4180 14952 15010
4323 4321 4183
14564 14152 14570
15024 14564 14570
15018 14564 15024
4182 15018 15403
15018 15468 15403
15018 15024 15468
15468 4184 15403
4323 4183 4185
14570 14152 14154
13723 13780 4322
13780 13723 4324
14156 13780 4324
14154 13780 14156
14572 14154 14156
14570 14154 14572
14572 4325 14957
4313 13774 4317
14152 13778 14154
14154 13778 13780
13778 13400 13780
13780 13400 4322
13400 13345 4322
13024 13345 13400
13024 12965 13345
12652 12965 13024
12652 12593 12965
12593 12652 4320
4321 4319 4181
4321 4181 4183
15018 4182 14953
14508 14564 4318
4180 4318 14953
6614 4312 4170
7758 7360 7358
8007 4306 7758
8733 8482 4307
8733 4308 8482
4167 5280 4309
4309 5280 5282
4311 5282 5280
4311 5280 4169
7758 7358 4166
6614 4170 6612
4310 6614 7234
6614 6986 7234
6614 6612 6986
4168 7234 6986
4169 5610 4311
4311 5610 5612
5934 5612 5610
8007 7758 4166
7360 6988 7358
7358 6988 4168
6988 7234 4168
6988 4310 7234
4309 4998 4167
4309 5002 4998
4305 4998 5002
4165 4998 4305
8850 4164 4304
8848 4164 8850
8848 8850 8480
8480 8850 8733
8850 4308 8733
8124 8480 8126
11131 4316 4176
4314 15010 14951
4314 14951 4172
14507 4314 4172
14550 14507 4172
15010 4174 14951
4315 11135 4175
4175 11135 11131
11135 4316 11131
14138 14507 14550
11940 11873 4177
12296 12233 11940
11940 12233 11873
12296 4178 12233
4179 13774 4173
4173 13774 13770
4313 13770 13774
5933 6271 6433
14138 14099 14507
13770 4313 13719
4313 14099 13719
14099 4171 13719
14099 14138 4171
13770 13719 4173
14550 4172 14503
14138 14503 14095
14550 14503 14138
14138 14095 4171
6272 4170 4312
6270 4170 6272
6270 6272 5936
6270 5936 5934
5934 5936 5612
4245 15703 15887
12358 12000 12006
12588 12708 12232
12232 12708 12358
12960 13086 12588
12588 13086 12708
4108 13086 12960
11872 12006 4109
4110 12006 11872
12358 12006 4110
15887 15703 177
177 15703 3
177 3 559
559 3 361
361 4246 559
15891 4247 15887
15887 4247 4245
177 1 4119
12232 12358 4110
12006 12000 11636
12006 11636 11508
4109 12006 11508
11508 11636 4107
4108 4106 4228
4108 4228 12964
13086 4108 12964
12592 13086 12964
12592 12708 13086
12236 12708 12592
12236 12358 12708
11876 12358 12236
11876 12000 12358
11512 12000 11876
752 4252 573
1337 4120 1331
1331 4248 1337
1337 4248 4250
4251 15247 15497
4123 15497 15247
4249 4123 15247
4121 4123 4249
360 573 4124
1337 4122 4120
360 752 573
750 752 360
1337 1138 4122
1138 750 4122
1138 752 750
1337 4250 1138
4253 13599 13799
11512 11636 12000
15891 4119 15701
4121 4249 4247
4121 4247 15891
15701 4121 15891
1137 4248 1331
749 751 1137
749 1137 1331
4120 749 1331
749 359 751
751 359 4246
359 559 4246
559 1 177
559 359 1
15887 177 15891
15891 177 4119
14506 4224 14630
4095 4097 4221
10488 10397 10761
10488 10761 10864
4219 10864 10761
4096 4222 4098
4220 4222 4096
4223 4097 4099
4223 4221 4097
4095 4221 10397
14506 14630 15100
14506 15100 14956
14956 15100 4100
15402 14956 4100
15406 14956 15402
15402 4098 15406
15406 4098 4222
4225 4099 4101
10488 4095 10397
15832 4094 4218
15828 4094 15832
15832 4096 15828
15832 4220 4096
4217 11246 11133
10862 10864 11246
11246 10864 11133
10864 4219 11133
10862 10486 10864
10864 10486 10488
4093 10488 10486
4095 10488 4093
4216 4218 4092
4092 4218 4094
4104 14634 14502
4227 10396 4105
13344 4228 4106
13344 4106 13340
13825 13722 4102
13722 13340 4102
13722 13344 13340
13825 4226 13722
14502 14634 4103
4227 10398 10396
4105 10758 4227
4227 10758 10762
11130 10762 10758
11130 11134 10762
11130 4107 11636
11512 11130 11636
11134 11130 11512
13799 13599 4125
4225 10396 10398
4101 10396 4225
4100 15100 14950
15100 14630 14634
15100 14634 4104
14950 15100 4104
14098 14630 4224
14098 14094 4103
14630 14098 4103
14634 14630 4103
14094 14098 13718
13718 14098 13825
14098 4226 13825
13718 13825 4102
4225 4223 4099
4832 4995 4763
5402 5609 5279
5744 4138 5609
4265 1813 1987
1987 1813 2313
2313 1813 2127
2127 4266 2313
4832 4763 4139
5090 4995 4832
5744 5609 5402
5281 5402 4137
5281 4137 4995
4267 5281 4995
5090 4267 4995
5402 5281 4268
5746 5402 4268
5744 5402 5746
4138 5744 4140
5402 5279 4137
14784 4136 4264
14782 4136 14784
14782 14784 14364
14782 14364 14362
14362 14364 13972
14362 13972 14189
4135 14362 14189
13972 13809 14189
13600 13809 13972
13809 13600 4263
15248 4134 4262
15246 4134 15248
15248 4136 15246
15248 4264 4136
2479 4274 2671
4142 5746 5748
1991 4273 1989
1989 4273 4269
2129 2323 4270
2323 1989 4270
2323 1991 1989
2323 2129 2671
2671 2129 2479
4140 5746 4142
4275 4141 4143
4275 4271 4141
5611 5748 4272
5933 4142 5748
5611 5933 5748
5935 5933 5611
4144 5933 6433
4135 14189 13970
4272 5746 4268
4272 5748 5746
4267 5090 4999
4832 4999 5090
4832 4765 4999
4139 4141 4271
4139 4271 4765
4832 4139 4765
2313 4266 2128
1989 1987 2313
1989 2313 2128
4270 1989 2128
1987 4269 4265
1989 4269 1987
4140 5744 5746
15057 14781 4126
573 362 4124
362 2 4124
362 4 2
573 4252 362
13597 4127 13799
4127 4253 13799
4127 4255 4253
13799 4125 13597
2 4 15702
15505 4128 14781
15057 15505 14781
15501 15505 15057
15501 15907 15505
15501 15905 15907
15905 4254 15907
15907 4254 4256
4257 13229 4129
15702 4 15905
4 4254 15905
15501 15497 15905
15905 15497 15702
15497 4123 15702
15497 15501 15057
15497 15057 14783
4251 15497 14783
14361 14363 14783
14361 14783 15057
4126 14361 15057
14363 14361 13971
13971 14361 13969
13599 13971 13969
13599 13969 4125
15515 4260 15245
15515 15909 15704
15515 15509 15909
15909 4258 15704
13807 4261 13598
4261 4131 13598
4261 4259 4131
4133 13807 13598
15515 15245 4132
4260 15515 15704
4260 4134 15245
4260 4262 4134
13809 4263 13807
13807 4263 4261
13807 4133 13970
14189 13807 13970
13809 13807 14189
15024 14572 14957
15515 4130 15509
15515 4132 4130
4259 13228 4131
4259 13230 13228
4257 13228 13230
4129 13228 4257
15909 4256 4258
15907 4256 15909
15505 15907 15909
15505 15909 15509
15509 4128 15505
15509 4130 4128
4127 13229 4255
4127 13227 13229
4129 13229 13227
15053 14363 14599
4413 13601 4253
4253 13601 13599
13601 4411 14173
13971 13601 14173
13599 13601 13971
14599 14363 13971
14599 13971 14173
15053 14783 14363
1645 4410 1484
15053 4251 14783
4 189 4254
362 575 189
362 189 4
575 362 4252
969 575 4252
971 575 969
969 4412 971
1484 1140 1138
1484 1138 4250
1645 1484 4250
1138 1140 752
752 1140 969
1140 4412 969
752 969 4252
15493 4249 15247
15247 4251 15053
15493 15247 15053
14785 15493 15053
4409 15493 14785
15053 14365 14785
14599 14365 15053
14599 13973 14365
15706 4258 4418
4416 4418 4256
2833 4922 3004
4417 13426 13230
4259 4417 13230
4419 4417 4259
15706 4420 4260
15706 4260 15704
15704 4258 15706
4256 4418 4258
4421 4259 4261
4421 4419 4259
4260 4422 4262
4420 4422 4260
4423 4261 4263
4423 4421 4261
15250 4424 4264
14173 13973 14599
4415 4255 4417
4417 4255 13426
4255 13229 13426
13426 13229 4257
971 4414 754
754 575 971
364 575 754
364 189 575
6 189 364
4256 4254 4416
4416 4254 6
4254 189 6
4415 4413 4253
4415 4253 4255
971 4412 4414
10087 4403 10081
13348 4361 13453
13453 4362 13348
10883 10766 4363
10883 4364 10766
4399 9897 10081
9897 4400 10081
4401 753 945
753 4402 945
13082 12964 4228
10081 4403 4399
10081 4400 10087
10087 4400 4404
4405 15705 4245
4245 15705 15703
15705 3 15703
5 3 15705
5 361 3
12596 12592 12964
12596 12964 13082
4360 12596 13082
12592 12596 12244
12592 12244 12236
12236 12244 11880
12236 11880 11876
11876 11880 11516
11876 11516 11512
11512 11516 11138
11512 11138 11134
11134 11138 10762
10762 11138 10883
11138 4364 10883
10400 10499 4227
15489 4409 4407
1327 1137 751
1327 751 953
4406 1483 1641
4406 1641 4248
1327 4406 4248
1137 1327 4248
1483 4408 1641
15493 4409 15489
953 751 4246
15489 4247 4249
15489 4249 15493
1645 4250 4248
1645 4248 1641
1641 4408 1645
1645 4408 4410
4411 13973 14173
15250 4264 15248
4245 4247 4405
4405 4247 15249
4247 15489 15249
4407 15249 15489
10087 4404 9898
10087 9898 4403
1139 4406 1327
1327 953 945
1327 945 4402
1139 1327 4402
945 363 4401
361 363 4246
363 945 4246
945 953 4246
363 361 5
9059 8699 8693
7981 7597 7361
7981 7983 7597
7981 8347 7983
7981 8341 8347
8341 8699 8347
8341 8693 8699
8851 9059 4436
9059 8693 4436
4435 7981 7361
8851 4442 9059
4443 1487 1683
4273 1683 1487
4437 4273 1487
4269 4273 4437
2317 2129 4270
2665 2479 2129
2665 2129 2317
4441 7361 7597
4440 4272 4268
4440 4268 5404
5283 4440 5404
5003 5283 4999
4999 5283 4267
5283 5404 4267
5003 4999 4767
4767 4999 4765
4271 4767 4765
4439 4767 4271
2665 4434 4438
2659 4434 2665
2665 2317 2659
2659 2317 4266
7597 7983 7985
6271 6615 6805
6271 6273 6615
6805 6615 7203
7203 6615 6989
4441 7597 6989
7597 7203 6989
7597 7599 7203
7597 7985 7599
4276 6271 6805
7983 8349 7985
7983 8347 8349
8347 8705 8349
8347 8699 8705
8699 9065 8705
8699 9059 9065
9195 9397 4442
2317 2128 4266
6273 6271 5935
6273 5935 6088
4447 6273 6088
5935 5611 5613
5935 5613 4446
6088 5935 4446
5611 4440 5613
5611 4272 4440
4445 4439 4271
4445 4271 4275
2829 4444 3003
2479 2665 4274
2665 4438 4274
4438 3003 4274
4438 2829 3003
1979 1675 1485
13974 13811 14193
13974 14193 14366
14366 14193 14621
14621 4426 14366
4427 1815 1979
1815 4428 1979
4429 1485 1675
4427 1979 1485
13602 13811 13974
1979 1983 1675
2131 2309 4428
2309 1979 4428
2309 1983 1979
2309 2131 2655
2655 2131 2481
2481 4430 2655
4431 7759 7973
13811 13602 4425
14786 4264 4424
14784 4264 14786
14784 14786 14364
14364 14786 14621
14786 4426 14621
14364 14193 13972
14364 14621 14193
13972 13811 13600
13972 14193 13811
4425 4423 4263
4425 4263 13600
13811 4425 13600
15250 4262 4422
15248 4262 15250
8333 8687 8693
2659 4430 4434
5404 5281 4267
5404 4268 5281
7981 4435 7973
7973 4435 4431
7973 8341 7981
7973 8333 8341
8333 8693 8341
2655 4430 2659
8687 4432 8693
8693 4432 4436
1679 1486 4433
4437 1486 1679
4265 4437 1679
4269 4437 4265
2128 2317 4270
4363 10400 4227
2655 2659 2309
2309 2659 2127
2659 4266 2127
2309 1813 1983
2309 2127 1813
1675 1983 1679
1679 1983 4265
1983 1813 4265
1675 4433 4429
1679 4433 1675
8483 4432 8687
8687 8127 8483
8333 8127 8687
8333 7759 8127
7973 7759 8333
15884 15480 15404
14578 14160 14162
14576 14160 14578
14954 15036 4192
15036 14578 4192
15036 14576 14578
15404 15480 14954
14954 15480 15036
4193 15884 15404
14160 13786 14162
15884 15882 15480
174 15882 15884
172 15882 174
508 550 4194
550 174 4194
550 172 174
896 938 508
508 938 550
14162 13786 13788
13788 13786 13408
13788 13408 13342
4191 13788 13342
12962 13408 13034
13342 13408 12962
12594 12590 12962
12594 12962 13034
4332 12594 13034
12590 12594 12238
12590 12238 12234
11874 12234 12238
11874 12238 4331
11956 11874 4331
11514 11510 11874
12320 12239 12595
12670 4198 12591
4199 184 4195
4195 184 180
4196 180 4200
4200 180 184
12320 4197 12239
4197 4333 12239
4197 4201 4333
12320 12591 12235
12320 12595 12670
4334 13044 12963
4334 12963 4198
12595 4334 4198
12670 12595 4198
13418 13343 13044
13044 13343 12963
11514 11874 11956
12670 12591 12320
12320 12235 4197
180 4196 127
180 127 4195
4194 174 126
15830 174 15884
126 174 15830
15830 15884 4193
4192 14578 14504
14096 14578 14162
14504 14578 14096
13720 14162 13788
14096 14162 13720
13720 13788 4191
4190 938 896
15474 15478 15880
15034 14958 4325
14572 15034 4325
14574 15034 14572
15474 4326 14958
15034 15474 14958
15478 15474 15034
4186 15474 15829
15474 15880 15829
14572 14156 14574
170 125 15880
15880 125 15829
546 507 170
170 507 125
934 895 546
546 895 507
934 4188 895
4187 11132 4327
14574 14156 14158
14158 14156 13784
13784 14156 13724
14156 4324 13724
13724 4328 13784
4327 10760 4187
4327 10764 10760
4323 10760 10764
4185 10760 4323
4186 15468 15474
4184 15468 4186
15468 15024 15474
15474 15024 4326
15024 14957 4326
14570 14572 15024
546 170 550
15034 14574 15036
15480 15034 15036
15478 15034 15480
15882 15478 15480
15880 15478 15882
172 15880 15882
170 15880 172
550 170 172
15036 14574 14576
938 546 550
934 546 938
4188 934 4190
4190 934 938
4189 11510 4329
4329 11510 11514
4330 11514 11956
13418 4202 13343
14574 14158 14576
14576 14158 14160
14158 13784 14160
14160 13784 13786
13786 13784 13408
13408 13784 13346
13784 4328 13346
12966 13408 13346
12966 13034 13408
12966 4332 13034
4331 11878 11956
11878 4330 11956
4329 11132 4189
4329 11136 11132
4327 11132 11136
4222 4352 15408
10027 10397 4221
10027 10399 10397
10399 10761 10397
10765 10761 10399
4219 10761 10765
4219 10765 4351
15408 4354 15546
15546 4222 15408
10129 10027 4221
4222 4220 4352
10133 4355 10129
10129 4355 4353
10129 4221 4223
10129 4223 10133
14510 4356 4224
14510 4224 14506
14956 14510 14506
4353 10027 10129
4218 15940 15832
4352 4220 4350
4350 4220 15940
4220 15832 15940
4217 11137 4349
4217 11133 11137
4219 11137 11133
4351 11137 4219
4218 4216 4348
4218 4348 15834
15940 4218 15834
15834 4350 15940
4349 4347 4215
4349 4215 4217
13726 4362 13453
4359 10028 4225
10028 10137 4225
4227 10499 10398
12968 4360 13082
13344 13453 4361
12968 13344 4361
13344 13082 4228
13344 12968 13082
10398 4359 4225
13344 13726 13453
13722 13726 13344
13722 4226 13726
13726 4226 4358
10499 10400 4359
10883 4363 10762
10762 4363 4227
4348 4216 4214
10499 4359 10398
10137 10028 4357
14102 4224 4356
14098 4224 14102
14102 4226 14098
14102 4358 4226
10133 4225 10137
10133 4223 4225
10133 4357 4355
10137 4357 10133
4222 15546 15406
14960 14956 15406
14960 15406 15546
4354 14960 15546
14956 14960 14510
4338 4204 14602
12240 4335 12326
4335 4205 12326
4335 4203 4205
4337 12240 12326
14101 14174 4336
14174 14101 14509
14174 14509 14602
14509 4338 14602
14602 4204 14505
4338 4206 4204
12326 4205 12241
4205 4339 12241
4205 4207 4339
4337 12326 12241
4206 4340 4208
4338 4340 4206
12242 4339 12330
14174 14505 14097
14602 14505 14174
14097 13721 13725
14097 13725 4336
14174 14097 4336
13725 13721 13347
13347 13721 13418
13721 4202 13418
13044 13347 13418
13044 12967 13347
12967 13044 4334
4335 4333 4201
4335 4201 4203
4200 184 128
128 184 4199
4212 4346 15831
15405 4344 4212
4345 11515 4213
4213 11515 11511
11879 11976 4211
11511 11879 4211
11515 11879 11511
4343 11976 11879
4346 15928 15831
15407 4344 15405
4344 4346 4212
15928 4214 15831
4347 4213 4215
4347 4345 4213
15833 15928 4346
15833 4348 15928
4348 4214 15928
4215 11246 4217
15405 4342 15407
15405 4210 4342
4341 12330 12243
11976 4343 11875
4343 12243 11875
12243 4209 11875
12243 12330 4209
11976 11875 4211
14955 4342 4210
14959 4342 14955
14955 4340 14959
14955 4208 4340
4341 12242 12330
4339 4207 4209
4339 4209 12330
15550 3952 15402
4095 10128 4097
3948 4098 3950
4096 4098 3948
10026 10128 3949
4097 10128 10026
3951 4097 10026
4099 4097 3951
15402 4100 15550
4095 10124 10128
3952 4098 15402
3952 3950 4098
4101 3951 3953
4101 4099 3951
13718 4102 3954
13718 3954 13714
13714 3955 14206
14094 13714 14206
3947 10128 10124
3949 10128 3947
15828 3946 4094
15824 3946 15828
15828 3948 15824
15828 4096 3948
4093 10124 4095
4093 10122 10124
3945 10124 10122
3947 10124 3945
4092 4094 3944
3944 4094 3946
4091 10122 4093
4091 10120 10122
10122 10120 9746
3957 10754 4105
14090 14206 3955
14206 14090 4103
14090 14502 4103
14090 14500 14502
4104 14502 15106
14502 14946 15106
14502 14500 14946
3956 15106 14946
13340 3954 4102
4105 10754 10758
10754 3959 11268
11130 10754 11268
10758 10754 11130
4107 11130 11268
3958 4108 3960
4106 4108 3958
10122 9746 9664
13336 3954 13340
13340 3958 13336
13340 4106 3958
4105 10392 3957
4105 10396 10392
4101 10392 10396
3953 10392 4101
3952 15550 15396
3956 15396 15106
15396 15550 15106
15550 14950 15106
15550 4100 14950
14950 4104 15106
4103 14094 14206
13718 13714 14094
3938 10854 10856
3937 10116 9662
10116 9740 9662
10116 10114 9740
10480 10114 10116
10478 10114 10480
10856 10478 10480
10854 10478 10856
3934 10854 3938
9662 9740 3933
11974 3935 11871
3935 4087 11871
3935 3939 4087
4085 11974 11871
3940 15822 15916
4086 3940 15916
4088 3940 4086
3936 15916 15822
3936 15908 15916
3932 15908 3936
4086 15908 4084
4086 15916 15908
4085 11870 11974
4083 3931 3935
4083 3935 11974
11870 4083 11974
3930 11236 11124
11236 10852 10854
11236 10854 3934
11124 11236 3934
10852 10476 10854
10854 10476 10478
10476 10112 10478
4089 10118 10120
4088 15827 15927
3942 4088 15927
3940 4088 3942
15827 4090 15927
3943 9746 3941
3941 9746 9744
10120 9744 9746
10118 9744 10120
3939 11507 4087
4089 10120 4091
15927 15823 3942
15927 4090 15823
4090 3944 15823
4090 4092 3944
9664 9746 3943
3945 10122 9664
11126 11268 3959
3939 11501 11507
11507 11501 11129
11129 11501 11125
11129 11125 10757
10757 11125 10856
11125 3938 10856
10480 10757 10856
10480 10395 10757
10116 10118 10480
10480 10118 10395
10118 4089 10395
9744 10118 10116
9744 10116 3937
9663 9744 3937
9744 9663 3941
15071 4130 4132
13803 14179 14181
14179 3999 14360
14609 14179 14360
14181 14179 14609
14609 14360 4000
15067 14609 4000
15071 14609 15067
15067 4130 15071
13803 14181 13805
13805 13598 4131
13598 13805 4133
13805 14185 4133
13805 14181 14185
14181 14613 14185
14181 14609 14613
14609 15075 14613
14609 15071 15075
13425 13803 13805
13425 13805 4131
13228 13425 4131
13425 13228 4129
15067 4128 4130
15061 4128 15067
15067 3998 15061
15067 4000 3998
14177 3999 14179
14177 3997 3999
13801 14177 14179
13801 14179 13803
13801 13803 13425
13801 13425 13227
4127 13801 13227
5609 4138 5607
14782 14617 15079
15079 4136 14782
5088 4991 4001
4137 5279 5088
5279 4991 5088
5279 5275 4991
5279 5607 5275
5609 5607 5279
14362 14617 14782
5607 4138 4002
4139 4763 4003
4003 4763 4761
4995 5088 4001
4761 4995 4001
4763 4995 4761
4137 5088 4995
4129 13227 13425
14617 14362 4135
15521 4134 15246
15079 15075 15521
15079 15521 15246
4136 15079 15246
14613 15075 15079
14613 15079 14617
14185 14613 14617
14185 14617 4135
13970 14185 4135
14185 13970 4133
15245 4134 15521
15521 15075 15071
15521 15071 4132
15245 15521 4132
749 4120 959
11872 12228 12364
11872 11866 12228
3962 12364 12228
4119 1 181
181 1 565
565 1 359
565 359 959
959 359 749
4110 11872 12364
4121 15701 15895
4119 181 15701
181 15895 15701
181 185 15895
181 569 185
181 565 569
565 965 569
565 959 965
4109 11866 11872
3961 11866 4109
12960 3960 4108
12956 3960 12960
12956 12960 12588
12956 12588 12584
12588 12232 12584
12584 12232 3962
12232 12364 3962
12232 4110 12364
4109 11502 3961
4109 11508 11502
11126 11502 11508
11126 11508 4107
11268 11126 4107
14603 14359 3997
15901 15702 4123
15702 15901 2
2 15901 187
187 4124 2
4127 13597 13801
4125 14175 13597
14175 13801 13597
14175 14177 13801
14361 4126 14603
14177 14603 3997
14175 14603 14177
4126 14781 15061
4126 15061 3998
14603 4126 3998
14359 14603 3998
14781 4128 15061
10478 10112 10114
14603 13969 14361
14175 13969 14603
4125 13969 14175
965 4122 750
750 569 965
360 569 750
187 185 569
187 569 360
4124 187 360
15895 185 187
15895 187 15901
15895 4123 4121
15901 4123 15895
965 4120 4122
959 4120 965
6400 6050 6402
3902 1312 1276
5056 4061 5074
4061 3909 5074
4061 3903 3909
4065 5056 5074
4066 6052 6050
4066 6050 4062
6402 6050 6052
3908 1276 944
6762 6400 6402
6760 6400 6762
3904 6760 3910
3910 6760 6762
8972 9010 3905
9314 9350 8972
8972 9350 9010
9660 9710 9314
1276 1312 944
1312 894 944
1312 4060 894
894 4064 944
4063 12586 12664
12230 12226 12586
12586 12226 12664
12226 3907 12664
11864 12226 12230
11864 12230 4059
11954 11864 4059
11864 11954 3901
3900 11218 11122
10752 11218 10834
11122 11218 10752
5354 5732 5686
3908 944 3912
3912 944 952
5054 5074 3909
5354 4065 5390
5390 4065 3913
4065 5074 3913
5074 5054 3913
5354 5390 5732
4070 944 4064
6052 4066 5686
5732 6052 5686
6058 6052 5732
6350 6402 3914
6402 6058 3914
6402 6052 6058
6718 6762 6350
10390 10834 10454
4070 952 944
4069 14948 15040
14948 4068 15040
4067 13716 13790
13338 13790 13716
13338 13412 13790
12958 13412 13338
12958 13038 13412
12666 13038 12664
12664 13038 4063
13038 12958 4063
3907 12666 12664
3911 12666 3907
3906 9710 9660
9314 9710 9350
10450 10070 10454
9008 9006 8634
9348 9006 9008
9346 9006 9348
9708 9346 9348
9706 9346 9708
10074 9706 9708
10070 9706 10074
10454 10070 10074
9008 8634 8604
10834 10450 10454
10830 10450 10834
11218 11128 4055
10830 11218 4055
10834 11218 10830
11128 11218 3900
11498 11128 3900
11504 11128 11498
3899 9008 8604
8604 8634 3895
6394 3898 6349
6046 6048 6394
6046 6394 6349
3894 6046 6349
4058 6046 4054
4058 6048 6046
4053 5382 5353
5070 4057 5053
4057 5353 5053
5353 3893 5053
5353 5382 3893
5070 5053 3897
3896 1300 1306
9710 9348 9350
3898 6394 6717
6394 6760 6717
6394 6400 6760
6760 3904 6717
3905 9010 3899
3899 9010 9008
9350 9008 9010
9348 9008 9350
6394 6048 6400
9708 9348 9710
10024 10074 3906
10074 9710 3906
10074 9708 9710
10390 10454 10024
10024 10454 10074
10752 10834 10390
6350 6762 6402
6400 6048 6050
4062 6048 4058
4062 6050 6048
4057 5070 5055
3897 3903 4061
3897 4061 5055
5070 3897 5055
3902 1306 1312
3896 1306 3902
4060 1306 4056
4060 1312 1306
4059 11868 11954
11504 11498 11868
11868 11498 11954
11498 3901 11954
3924 6772 6720
572 4078 124
188 572 124
574 572 188
970 572 574
968 572 970
3922 968 3926
3926 968 970
6720 6772 3923
15826 188 124
11234 11123 3927
3925 11123 11234
4081 3925 11234
4079 3925 4081
4082 15504 15500
4082 15500 4080
15906 15500 15504
15904 15500 15906
15826 15904 188
15400 15904 15826
15400 15500 15904
15400 4080 15500
4077 11600 11505
3921 3925 4079
3921 4079 11505
11600 3921 11505
6772 3924 6719
6772 6719 3923
968 3922 891
506 572 4076
3920 4076 891
4076 572 891
572 968 891
15908 15504 4084
11500 11506 3930
11506 11234 3930
11234 11236 3930
11506 4081 11234
4083 11506 11500
4083 11500 3931
15401 15504 4082
15504 15401 4084
10852 11236 11234
15906 15504 15908
3928 15906 3932
3932 15906 15908
9740 9661 3933
9661 9740 3929
9740 10112 3929
9740 10114 10112
506 4078 572
10852 11234 3927
10753 10852 3927
10476 10753 10391
10852 10753 10476
10112 10391 10025
10476 10391 10112
10112 10025 3929
3926 970 892
504 970 574
892 970 504
122 574 188
504 574 122
188 15904 15906
188 15906 3928
122 188 3928
4070 3916 952
4071 14092 14166
4072 15044 15040
4072 15040 4068
15488 15398 4069
15040 15488 4069
15044 15488 15040
4073 15398 15488
3916 890 952
13792 14166 13790
4074 3916 4070
3912 952 890
5352 5390 3913
3917 5734 5352
5734 5390 5352
5734 5732 5390
6062 5732 5734
6058 5732 6062
13790 14166 4067
14166 14092 4067
13790 13412 13792
13792 13412 13414
13412 13038 13414
13414 13038 13040
13038 12666 13040
13040 12666 12668
12318 12668 12666
12318 12666 3911
12227 12318 3911
11962 12227 11865
12318 12227 11962
11962 11865 3915
3910 6762 6718
5684 5734 3917
13792 14093 14166
4071 14166 14093
14949 15044 4072
15044 14949 15399
15044 15399 15488
4073 15488 15399
3916 4076 3920
4074 4076 3916
13792 13717 14093
6012 6062 5684
5684 6062 5734
3918 6062 6012
11600 11499 3921
3919 11499 11600
4077 3919 11600
4075 3919 4077
4002 4140 4004
13414 13717 13792
13414 13339 13717
13040 13339 13414
13040 12959 13339
12668 12959 13040
12668 12587 12959
12318 12587 12668
12318 12231 12587
11962 12231 12318
11962 11869 12231
3915 3919 4075
3915 4075 11869
11962 3915 11869
3918 6058 6062
3914 6058 3918
5354 5730 5388
15830 176 126
554 4194 126
176 554 126
558 554 176
4064 554 4070
4070 554 558
5354 5388 4065
5686 5730 5354
15830 15886 176
4066 5730 5686
14092 14164 4067
4071 14586 14092
14586 14164 14092
14586 14580 14164
4068 14580 4072
4072 14580 14586
15398 15484 4069
15484 15886 15482
15482 15886 4193
15886 15830 4193
15484 15482 15038
15484 15038 14948
4069 15484 14948
4068 14948 14580
14948 15038 14580
15038 14504 14580
15038 4192 14504
14096 14580 14504
14096 14164 14580
13720 13716 14096
14096 13716 14164
13716 4067 14164
14170 14093 13794
12591 12587 12235
13042 12959 4198
12959 12591 4198
12959 12587 12591
13416 13339 13042
13042 13339 12959
13794 13717 13416
13416 13717 13339
12235 12587 12231
13794 14093 13717
14093 14170 4071
14170 14586 4071
14170 14592 14586
4072 14586 14949
14586 15048 14949
14586 14592 15048
13338 13716 13720
12235 12231 11869
12235 11869 11964
4197 12235 11964
11964 11869 4075
4074 558 564
4070 558 4074
558 176 564
564 176 4196
176 127 4196
15886 15890 176
176 15890 127
15890 4195 127
15890 15886 15484
15890 15484 15398
4073 15890 15398
5726 5384 5386
11868 11589 11504
4059 11955 11868
4056 4190 4060
4188 4190 4056
5072 5055 4061
5055 5072 4057
5072 5384 4057
5072 5386 5384
11868 11955 11589
5722 5384 5726
4058 5722 4062
4062 5722 5726
11589 11510 4189
11510 11589 11874
11874 11589 11955
4059 12230 11955
12230 11874 11955
11128 11504 11132
11132 11504 4189
11504 11589 4189
4187 11128 11132
4055 11128 4187
4058 5720 5722
4054 5720 4058
5384 5722 5720
5384 5720 4053
5353 5384 4053
5384 5353 4057
4188 4056 4052
4188 4052 926
895 4188 926
542 895 926
5726 5386 5730
896 508 894
894 4060 896
896 4060 4190
5056 5072 4061
4065 5388 5056
5388 5072 5056
5388 5386 5072
5730 5386 5388
894 508 4064
4062 5726 4066
4066 5726 5730
12958 13036 4063
13338 13410 12958
12958 13410 13036
13410 13338 4191
13338 13720 4191
15492 15399 15048
508 554 4064
508 4194 554
4193 15404 15482
14954 15482 15404
14954 15038 15482
14954 4192 15038
4191 13342 13410
12962 13410 13342
12962 13036 13410
12590 12586 12962
12962 12586 13036
12586 4063 13036
12586 12590 12234
12586 12234 12230
12230 12234 11874
4084 15506 4086
11870 11972 4083
4207 11972 11870
4085 4207 11870
4209 4207 4085
14955 15062 4208
15062 14955 4210
15512 15062 4210
15506 15062 15512
15506 4084 15401
4086 15506 15512
4211 11875 4087
4087 11875 11871
4085 11871 11875
4085 11875 4209
15405 15512 4210
15405 4212 15512
4212 4086 15512
15060 15062 15506
15060 15506 15401
4082 15060 15401
4208 15060 4206
4208 15062 15060
4205 11972 4207
4205 11970 11972
11972 11970 11604
11972 11604 11506
4083 11972 11506
11506 11604 4081
4082 15056 15060
4080 15056 4082
4206 15056 4204
4206 15060 15056
4214 4216 4090
4089 10484 10482
10860 10482 10484
10858 10482 10860
11244 10858 10860
11242 10858 11244
4213 11242 11244
4213 11244 4215
4090 4216 4092
4091 10484 4089
4093 10486 4091
4091 10486 10484
10862 10484 10486
10860 10484 10862
11246 10860 10862
11244 10860 11246
4215 11244 11246
4203 11970 4205
15827 4214 4090
15831 4214 15827
15827 4212 15831
15827 4088 4212
4087 11511 4211
4087 11507 11511
11511 11507 11129
11511 11129 11242
4213 11511 11242
10858 11129 10757
11242 11129 10858
10482 10757 10395
10858 10757 10482
10482 10395 4089
4212 4088 4086
15052 14592 14598
13042 13343 13416
13416 13343 4202
13796 13416 4202
13794 13416 13796
14172 13794 13796
14170 13794 14172
14598 14170 14172
14592 14170 14598
13042 12963 13343
15048 14592 15052
15496 15048 15052
15492 15048 15496
15900 15492 15496
15894 15492 15900
186 128 4199
15894 186 4199
15900 186 15894
12963 13042 4198
4197 11966 4201
4197 11964 11966
4075 11966 11964
4077 11966 4075
4076 564 568
4074 564 4076
4200 564 4196
4200 568 564
4195 15894 4199
4195 15890 15894
15492 15894 15890
15492 15890 4073
15399 15492 4073
15048 15399 14949
124 186 15826
14598 14505 4204
15056 14598 4204
15052 14598 15056
15400 15496 4080
15496 15056 4080
15496 15052 15056
15826 15900 15400
15400 15900 15496
14172 14505 14598
15826 186 15900
4078 186 124
4081 11604 4079
4079 11604 11602
11970 11602 11604
11968 11602 11970
4203 11968 11970
542 507 895
14172 14097 14505
13796 14097 14172
13796 13721 14097
13721 13796 4202
4201 11968 4203
4201 11966 11968
11602 11968 11966
11602 11966 4077
11505 11602 4077
11602 11505 4079
4076 568 506
4078 506 186
506 568 186
568 128 186
568 4200 128
4156 4158 4020
9085 4154 8845
4154 4020 8845
4154 4156 4020
5423 4157 5276
4157 4019 5276
4157 4155 4019
4021 5423 5276
4020 4158 4022
9085 8477 8721
5277 4023 5423
4023 4157 5423
4023 4159 4157
5423 4021 5277
4022 4160 4024
4158 4160 4022
4161 4997 5107
4025 5107 4997
9085 8845 8477
8721 8121 8359
8721 8477 8121
8359 8121 4018
4155 4153 4017
4155 4017 4019
8847 4154 9085
9085 8721 8719
9085 8719 4152
8847 9085 4152
8357 8719 8721
8357 8721 8359
8357 8359 7993
7993 8359 7753
8359 4018 7753
4029 4994 4165
8122 7756 7754
8122 8124 7756
8478 8124 8122
8478 8480 8124
9097 8848 4028
8848 8478 4028
8848 8480 8478
9097 4164 8848
7756 4030 7754
4165 4994 4998
5278 5433 4167
4998 5278 4167
4994 5278 4998
4031 5433 5278
7358 4168 4032
7358 4032 7356
7993 7753 4016
7756 4166 4030
4165 4163 4027
4165 4027 4029
4026 4162 4164
4026 4164 9097
8846 4026 9097
8846 9097 4028
5107 4025 4993
4027 4163 4161
4027 4161 5107
4993 4027 5107
4160 4162 4024
4024 4162 4026
4023 4025 4159
4159 4025 4997
6609 4146 4010
4009 4539 4537
4007 4537 4539
4007 4539 4143
6269 6432 4144
6609 4008 6432
6269 6609 6432
6611 6609 6269
6611 4146 6609
4145 4539 4009
4147 4009 4011
4147 4145 4009
4146 6985 7211
4012 4146 7211
4010 4146 4012
6985 4148 7211
4011 4538 4147
4147 4538 4540
6432 4008 6267
6084 5933 4006
5933 4144 4006
4144 6267 4006
4144 6432 6267
5933 6084 4142
4143 4141 4005
4143 4005 4007
6084 4006 5931
4140 4142 4004
4004 4142 5931
4142 6084 5931
4141 4139 4003
4141 4003 4005
4138 4140 4002
7991 8357 7993
4992 4764 4762
4992 4996 4764
4151 4996 4992
4151 4992 4015
7607 7355 4014
7993 4016 7355
7607 7993 7355
7991 7993 7607
4149 4762 4764
7991 8355 8357
8355 8719 8357
8355 8717 8719
8717 4150 8719
8719 4150 4152
4153 4015 4017
4153 4151 4015
7356 4030 7358
4013 4762 4149
8479 4150 8717
8717 8123 8479
8355 8123 8717
8355 7755 8123
7991 7755 8355
7991 7357 7755
7607 7357 7991
6983 7211 4014
7211 4148 4014
4148 7607 4014
4148 7357 7607
7211 6983 4012
4149 4538 4013
4149 4540 4538
4182 4044 15014
12589 12957 12585
12961 12957 12589
13341 13396 4043
12957 13341 4043
12961 13341 12957
4179 13396 13341
14953 15014 4180
14953 4182 15014
12585 4178 12589
4182 4046 4044
10446 10393 4047
4045 10393 10446
4183 4045 10446
4181 4045 4183
15397 4046 4182
15397 4182 15403
15403 4184 15397
12585 4042 4178
11939 4041 11867
11503 11509 11867
11867 11509 11939
11509 4177 11939
11503 11127 11509
11509 11127 4176
11127 11195 4176
10755 10759 11127
11127 10759 11195
10759 4175 11195
4045 10759 10755
4181 10759 4045
4044 4040 4174
4044 4174 14952
10394 10756 10760
926 4052 893
5720 5685 4053
5720 4054 5685
8974 9004 4049
4050 9004 8974
10394 10448 4051
10448 10394 4185
10394 10760 4185
542 893 505
4187 10760 10756
4187 10756 4055
15829 15878 4186
15878 15829 125
15878 125 166
166 125 507
166 507 542
15014 4044 14952
926 893 542
166 505 123
542 505 166
15878 123 15825
166 123 15878
4184 4186 4048
4048 4186 15825
4186 15878 15825
4183 10448 4185
4183 10446 10448
4047 10448 10446
4051 10448 4047
9004 4050 8973
9004 8973 4049
15397 4184 4048
14130 4034 14091
6986 4032 4168
5775 5610 4169
5610 5775 5934
5934 5775 6113
5934 6113 6270
6270 6113 6461
6461 4170 6270
14130 14091 4033
6984 4032 6986
13762 13715 4035
13715 13762 4033
13762 14130 4033
13762 14134 14130
4034 14130 14501
14130 14546 14501
14130 14134 14546
14546 4036 14501
6984 6986 6612
6984 6612 6610
6610 6612 6268
6268 6612 6461
6612 4170 6461
6268 6113 5932
6268 6461 6113
5932 5775 5608
5932 6113 5775
5280 5433 4031
4169 5280 4031
5608 4169 4031
5775 4169 5608
5433 5280 4167
7358 4030 4166
14947 4172 14951
14952 4180 15014
4173 4039 4179
4179 4039 13396
4039 13337 13396
13396 13337 4043
12229 4178 4042
12233 4178 12229
11873 12233 12229
11873 12229 4041
11939 11873 4041
4177 11873 11939
11131 4176 11195
4175 11131 11195
14947 4174 4040
14951 4174 14947
13230 13426 4257
14947 4038 4172
4171 13766 13719
4037 4039 4173
4037 4173 13719
13766 4037 13719
4172 4038 4036
4172 4036 14546
14503 4172 14546
14134 14503 14546
14134 14095 14503
13762 13766 14134
14134 13766 14095
13766 4171 14095
4035 13766 13762
4037 13766 4035
4476 9096 4478
7626 8006 7624
7762 8006 8370
7762 8370 8130
8130 8370 8732
8130 8732 8486
9096 4718 8486
8732 9096 8486
9098 9096 8732
7624 8006 4717
4478 9096 9098
5006 5110 4477
4719 5110 5006
4479 4719 5006
4721 4719 4479
4722 6458 6456
4722 6456 4720
4720 6454 4716
9096 4476 8856
4476 4714 8856
4476 4474 4714
5110 5005 4477
4475 5005 5110
4719 4475 5110
4715 4475 4719
4720 6456 6454
6830 6456 6458
6828 6454 6456
6826 6454 6828
7230 6826 6828
7228 6826 7230
7626 7228 7230
7624 7228 7626
8006 7762 4717
6458 4722 5940
4478 9098 8854
4479 5286 4721
4721 5286 5290
5286 4483 5774
5616 5286 5774
5290 5286 5616
5616 5774 6112
5616 6112 5940
8484 9098 8732
6112 6458 5940
6460 6458 6112
6616 6830 4484
6830 6460 4484
6830 6458 6460
6990 7232 6616
6616 7232 6830
8856 4718 9096
8854 9098 8484
8128 8732 8370
8484 8732 8128
8370 8006 8008
8370 8008 4482
8128 8370 4482
8008 8006 7626
8008 7626 7362
4481 8008 7362
7626 7230 7232
7626 7232 4480
7362 7626 4480
7230 6828 7232
7232 6828 6830
6828 6456 6830
11651 4704 11386
9421 9797 9526
9421 9419 9797
9797 4702 9526
10899 10640 4703
10640 10899 11002
11002 10899 11281
11002 11281 11386
11386 11281 11651
4706 9421 9526
4469 5284 4705
4705 5284 5288
4707 5288 5284
4707 5284 4471
6992 4708 7224
4709 6992 7224
9423 4472 4470
9423 4470 9421
9421 4468 9419
9421 4470 4468
4705 5004 4469
4705 5008 5004
4701 5004 5008
4467 5004 4701
2347 4700 2134
2347 2134 4699
11651 4698 4704
11647 4698 11651
11277 11647 11651
11277 11651 11281
10895 11277 11281
10895 11281 10899
10895 4703 4697
6826 6452 6454
4474 4472 4714
9423 4710 9198
4715 5289 4475
4475 5289 5285
4473 5285 5289
4473 5289 4711
4716 6454 6452
4716 6452 4712
4714 4472 9198
6824 6452 6826
7228 6824 6826
7226 6824 7228
7624 7226 7228
7622 7226 7624
4713 7622 7624
4713 7624 4717
4480 7232 6990
4472 9423 9198
4713 7364 7622
7226 7622 7224
7224 7622 4709
7622 7364 4709
7226 7224 6824
6824 7224 6618
7224 4708 6618
6276 6824 6618
6276 6452 6824
6276 4712 6452
4711 4707 4471
4711 4471 4473
9423 4706 4710
9421 4706 9423
4500 4730 4502
14961 4498 4726
14961 4726 14963
14963 4728 14961
14961 4728 4500
4501 12680 4499
4499 12680 12678
4727 12678 12680
4727 12680 4729
4725 13048 12973
4728 4730 4500
12680 4501 12601
4501 4731 12601
4501 4503 4731
4729 12680 12601
4732 15518 15409
4502 4732 15409
4730 4732 4502
12678 4727 12599
4727 12973 12599
12973 4497 12599
12973 13048 4497
12678 12599 4499
14511 4726 4498
14513 4726 14511
14513 14511 14105
14105 14511 14103
14103 4724 14105
14103 4496 4724
4723 4495 4725
4725 4495 13048
4495 12971 13048
13048 12971 4497
4735 11980 11885
15412 4506 4734
4737 11143 11247
11616 11519 4509
11143 4738 11247
11885 11980 4507
11885 4507 11519
4739 11885 11519
11616 4739 11519
15410 4506 15412
14514 4740 14622
14514 14622 15090
14514 15090 14964
15090 4510 14964
4510 4736 14964
4510 4508 4736
4741 10031 4511
13727 4724 4496
15412 4508 15410
15412 4736 4508
4733 4505 4735
4735 4505 11980
4505 11883 11980
11980 11883 4507
4734 4506 4504
4734 4504 15518
15411 4734 15518
15411 15518 4732
4503 12249 4731
4503 12247 12249
4505 12249 12247
4733 12249 4505
15518 4504 15409
11948 11580 11582
11580 11881 11517
12302 12245 11946
11946 12245 11881
12302 4488 12245
4489 11206 4487
4487 11206 11202
11582 11202 11206
11580 11202 11582
11946 11881 11580
11946 11580 11948
12306 11946 11948
12302 11946 12306
4488 12302 12597
12302 12656 12597
12302 12306 12656
13028 12969 12656
12656 12969 12597
11202 11517 11139
11580 11517 11202
11202 11139 4487
4486 6114 5938
5938 6114 4485
4484 6460 6274
6460 6112 6114
6460 6114 4486
6274 6460 4486
6114 6112 5774
6114 5774 5614
4485 6114 5614
5614 5774 4483
4482 8008 7760
7760 8008 4481
13350 13404 12970
13028 13404 13349
13028 13030 13404
13404 4494 13349
11882 11950 4491
12246 12308 11882
11882 12308 11950
4492 12308 12246
12970 13030 4493
4490 13028 13349
12970 13404 13030
4494 13404 13350
4723 13353 4495
4495 13353 13351
13353 13727 13351
13729 13727 13353
13729 4724 13727
10899 4703 10895
13030 13028 12656
13030 12656 12598
4493 13030 12598
12656 12306 12308
12656 12308 4492
12598 12656 4492
12306 11948 12308
12308 11948 11950
11950 11948 11582
11950 11582 11518
4491 11950 11518
11140 11582 11206
11518 11582 11140
11140 11206 4489
13028 4490 12969
4667 4433 1486
13232 13441 13606
13606 13441 13817
13606 13817 13976
13976 13817 14201
9397 9059 4442
14368 14201 14629
14629 4662 14368
1681 4667 1486
13232 13065 13441
4667 4663 4433
4437 1681 1486
4434 4668 4438
4664 4668 4434
4834 4767 4439
5092 5003 4834
4834 5003 4767
5406 5283 5092
12850 13065 13232
12850 12693 13065
12482 12693 12850
12693 12482 4661
9387 4660 4666
9383 4660 9387
9051 9383 9387
9051 9387 9055
9055 4432 9051
9055 4436 4432
4431 4435 4659
4659 4435 7363
4435 7595 7363
4665 7363 7595
4658 4664 4430
4445 4838 4439
1487 4443 1681
4443 4667 1681
4443 4671 4667
1681 4437 1487
2829 4438 4668
2829 4668 2831
2831 4672 2829
2829 4672 4444
9525 4670 9761
4439 4838 4834
4838 4673 5007
5092 4838 5007
4834 4838 5092
5092 5007 5287
5092 5287 5406
4674 5750 5613
4430 4664 4434
9761 9391 9387
9761 9387 4666
9525 9761 4666
9387 9391 9055
9055 9391 8851
9391 4442 8851
9055 8851 4436
7595 4435 7361
7361 4441 7201
7595 7361 7201
6991 7595 7201
4665 7595 6991
4669 6991 7201
5406 4440 5283
5092 5283 5003
4429 4651 1669
13437 13813 13815
13813 14199 13815
13813 14197 14199
14197 14627 14199
14197 14625 14627
14625 4650 14627
14627 4650 4656
1485 4429 1669
13437 13815 13439
4429 4657 4651
1669 4427 1485
2305 2131 4428
2131 2305 4652
2483 2131 4652
2481 2131 2483
2483 4658 2481
2481 4658 4430
13061 13437 13439
13061 13439 13063
12689 13061 13063
12689 13063 12691
12339 12689 12691
12339 12691 12341
12339 4655 4649
12341 4655 12339
8855 4654 9047
4653 8855 9047
2305 4648 4652
2299 4648 2305
2299 2305 1973
1973 2305 1815
2305 4428 1815
13815 14201 13817
12341 12693 4661
12341 12691 12693
12691 13065 12693
12691 13063 13065
13063 13441 13065
13063 13439 13441
13439 13817 13441
13439 13815 13817
12134 12341 4661
13815 14199 14201
14199 14629 14201
14199 14627 14629
14627 4656 14629
14629 4656 4662
4663 4429 4433
4663 4657 4429
4674 5613 4440
12341 12134 4655
9197 4660 9383
9383 9051 9047
9383 9047 4654
9197 9383 4654
9047 8485 4653
8483 8485 4432
8485 9047 4432
9047 9051 4432
8485 8483 8129
8129 8483 8127
8129 8127 7761
7761 8127 7759
4431 7761 7759
4659 7761 4431
4688 4694 4460
9791 4686 4690
4691 10639 10891
10639 4692 10891
1492 4687 1696
4687 4463 1696
4687 4459 4463
4693 1492 1696
4460 4694 4464
9783 4686 9791
4695 4461 4465
4695 4689 4461
9083 4466 4462
9083 4462 9081
9081 9417 9083
9081 9413 9417
9413 9795 9417
9413 9791 9795
9407 9783 9791
9407 9791 9413
9075 9407 9413
9075 9413 9081
9081 4458 9075
9081 4462 4458
4689 4685 4457
4689 4457 4461
3017 4684 2832
4460 4456 4688
4688 4456 2832
4456 3017 2832
4687 4683 4455
4687 4455 4459
9783 4682 4686
9083 8853 4466
1816 2132 1818
2484 4700 2347
2132 2484 2347
2482 2484 2132
2482 4464 2484
2484 4464 4694
4701 4465 4467
4701 4695 4465
1818 2132 4699
9419 4468 8853
9083 9419 8853
9417 9419 9083
9417 9797 9419
9417 9795 9797
9795 4696 9797
9797 4696 4702
9775 4682 9783
2132 2347 4699
1488 1816 1818
1488 1818 4693
1696 1488 4693
1488 1696 4463
11385 4698 11647
11647 11001 11385
11277 11001 11647
11277 10895 10891
11277 10891 4692
11001 11277 4692
10891 4697 4691
10895 4697 10891
9795 4690 4696
9791 4690 9795
4673 4840 4679
9767 4670 4676
4677 4443 4449
4677 4671 4443
4444 4678 4450
4672 4678 4444
4451 4840 4445
4445 4840 4838
4673 4838 4840
9761 4670 9767
4680 5752 5750
4680 5750 4674
4446 5750 4452
4452 5750 5752
4453 6438 4447
4447 6438 6434
4675 6434 6438
4675 6438 4681
9761 9767 9391
9391 9767 9195
9767 4448 9195
9391 9195 4442
7201 4441 6989
6615 6617 6989
6989 6617 7201
6617 4669 7201
6617 6615 6273
6617 6273 6434
4675 6617 6434
6434 6273 4447
5750 4446 5613
5406 5287 4440
5287 4674 4440
5939 6275 5937
4457 4679 4768
4685 4679 4457
5615 5752 4680
5937 4452 5752
5615 5937 5752
5939 5937 5615
6275 6438 4453
5937 6275 4453
4679 4840 4768
4681 6438 6275
9075 4458 4454
9075 4454 9069
9069 9407 9075
9069 9403 9407
9403 9783 9407
9403 9775 9783
4511 10031 10029
4768 4840 4451
4450 4678 4684
4450 4684 3017
2830 4450 3017
2830 3017 4456
4683 4677 4449
4683 4449 4455
9775 4676 4682
9767 4676 9775
9775 9403 9767
9767 9403 4448
9403 9196 4448
9196 9069 8852
9196 9403 9069
8852 9069 4454
14370 15076 14790
13055 12485 12853
4885 13429 12853
13429 13055 12853
13429 13431 13055
13429 4635 4639
13429 4639 13431
14370 4888 14614
14370 14614 15076
12683 12485 13055
14790 15076 15522
14790 15522 15254
15920 4886 15254
15920 15254 15522
15708 15920 15522
4640 15708 15522
4636 15920 15708
11243 4889 11241
12133 12331 4638
12331 4884 4638
4884 12683 4638
4884 12485 12683
12133 4637 11977
12331 12133 11977
11765 12331 11977
4883 12331 11765
11977 11611 11609
11977 11609 4882
11765 11977 4882
11239 11609 11611
11239 11611 11241
11239 4887 4881
11241 4887 11239
11243 4891 4889
14614 14371 4890
15080 14614 4890
15076 14614 15080
15252 15522 4644
15522 15080 4644
15522 15076 15080
4640 15522 15252
11245 4891 11243
14371 14614 4888
11613 11383 4645
11245 11613 4645
11243 11613 11245
11613 4641 11383
13057 12849 4642
13057 4643 12849
14791 15080 4890
4636 4634 4880
13431 4639 13231
13055 13431 13057
13057 13431 4643
13431 13231 4643
13055 13057 12683
12683 13057 12481
13057 4642 12481
12683 12481 4638
11977 4637 11761
11611 11977 11613
11613 11977 4641
11977 11761 4641
11241 11611 11613
11241 11613 11243
11241 4889 4887
13797 13605 4629
4626 1494 1342
4628 4626 1342
1494 4626 1647
1647 4872 1494
13045 12852 4873
12852 13045 4875
13045 13421 4875
13045 13419 13421
1494 1144 1342
13421 13797 4629
13419 13797 13421
13797 4627 13605
758 4876 972
1342 4874 758
1342 758 972
1142 1342 972
4630 1142 972
1144 4874 1342
13795 4627 13797
13795 4625 4627
13417 13795 13797
13417 13797 13419
13417 13419 13045
13417 13045 12851
4871 13417 12851
4873 12851 13045
10099 4870 9902
10099 9902 4869
4624 4868 4872
4624 4872 1647
1490 4624 1647
1490 1647 4626
12137 4884 12331
10 4634 8
8 4632 10
10 4632 4878
4881 11005 11239
11239 11005 11609
11609 11005 11389
11389 4882 11609
4883 12137 12331
10 4880 4634
13429 4885 13427
13427 4885 4879
13427 4633 4635
13427 4635 13429
15710 4886 15920
15920 4636 15710
4636 4880 15710
14791 4892 15080
13423 4633 13427
13423 4631 4633
13423 4879 4877
13427 4879 13423
4630 972 756
368 366 756
368 756 972
4876 368 972
368 4632 366
368 4878 4632
13421 4631 13423
13421 4629 4631
13421 4877 4875
13423 4877 13421
4628 1342 1142
13606 13234 13232
4660 4912 4666
4906 4912 4660
4661 12482 4907
4907 12482 12486
12850 12486 12482
12850 12854 12486
13232 12854 12850
13232 13234 12854
4659 7365 4905
13606 13608 13234
13976 13608 13606
13976 13978 13608
14368 13978 13976
14368 14372 13978
14368 4662 14372
14372 4662 4908
4913 4663 4667
4659 7363 7365
4665 7365 7363
4911 7365 4665
4904 4910 4658
4658 4910 4664
4909 4903 4657
4909 4657 4663
15097 4902 14794
4662 4656 4908
4908 4656 14794
4656 15097 14794
4907 12134 4661
4907 12138 12134
4901 12134 12138
4655 12134 4901
4669 6619 4915
3004 4672 2831
5094 5007 4673
5408 5287 5094
5094 5287 5007
5408 4674 5287
4919 6619 4675
4675 6619 6617
4669 6617 6619
4914 4918 4668
4670 4920 4676
4916 4920 4670
4921 1145 1375
4677 1375 1145
4917 4677 1145
4671 4677 4917
2833 3004 4918
9197 4906 4660
4668 4918 2831
4918 3004 2831
4917 4913 4667
4917 4667 4671
9525 4916 4670
9529 4916 9525
9525 4912 9529
9525 4666 4912
4665 6993 4911
4665 6991 6993
4669 6993 6991
4915 6993 4669
4910 4914 4664
4664 4914 4668
4913 4909 4663
4894 2485 2651
11762 11617 11384
4649 11983 11762
14792 4896 4650
14792 4650 14788
14788 4646 14792
14792 4646 4892
4897 4647 4651
4897 4893 4647
11762 11983 11617
4652 4894 2651
4648 4894 4652
2485 4898 2651
4899 8131 8325
8325 8131 8683
8683 8131 8487
8683 8487 4653
8487 8855 4653
11249 11245 11617
11617 11245 11384
11245 4645 11384
11245 4895 4891
11249 4895 11245
2133 4894 4648
2135 4894 2133
2135 2133 1819
1819 2133 1817
1819 1817 1495
1495 1817 1491
4647 1495 1491
4893 1495 4647
4892 4646 4644
4892 4644 15080
8129 7763 8325
4903 4897 4651
2651 2483 4652
2651 4898 2483
4898 4658 2483
4898 4904 4658
4905 7763 4659
4659 7763 7761
7763 4899 8325
4903 4651 4657
7761 7763 8129
8683 8485 8129
8683 8129 8325
8683 4653 8485
9197 4654 4900
9197 4900 9199
9199 4906 9197
14587 4623 14367
14793 4902 15097
4650 4896 4656
4656 4896 15097
4896 14793 15097
4655 4901 4649
4649 4901 11983
4901 11766 11983
11766 11617 11983
11390 11617 11766
11390 11249 11617
11006 11249 11390
11249 11006 4895
8855 4900 4654
8857 4900 8855
8487 8857 8855
4845 11763 11941
11522 11144 11142
11522 11629 11886
11886 11629 11993
11993 4750 11886
13352 13454 4523
4524 13454 13352
10768 10884 4525
4526 10884 10768
11522 11142 4522
11941 11763 12297
12297 11763 12135
12135 4846 12297
4847 11387 11581
4845 11941 11387
11387 11941 11581
11941 11759 11581
11759 4599 11581
11629 11522 4522
11144 10770 11142
11142 10770 4526
10770 10884 4526
10404 10402 10770
10770 10402 10884
10402 4525 10884
10402 10404 10032
10402 10032 10030
4749 10030 10032
4521 10030 4749
4520 13826 13728
13826 13450 13454
13826 13454 4524
13728 13826 4524
12653 4848 12484
11949 11581 11760
11583 11581 11949
12132 12307 11949
12132 11949 11760
12653 12484 4600
4600 12484 12132
12484 4850 12132
4850 12307 12132
11581 4599 11760
10827 4851 10823
10823 4851 4849
10823 4601 4603
10823 4603 10827
11583 11379 4602
11951 4604 11379
11583 11951 11379
12974 13450 4748
11581 11003 4847
10997 11003 4602
11003 11581 4602
11581 11583 4602
10641 11003 10997
10641 10997 4601
10823 10641 4601
4849 10641 10823
12483 4848 12653
12131 12297 4600
12297 4846 4600
4846 12653 4600
4846 12483 12653
12297 11759 11941
12297 12131 11759
4744 14628 14626
14962 15090 4514
15090 14626 4514
15090 14622 14626
4510 15090 14962
4743 4511 4515
4743 4741 4511
10865 10767 4512
10865 4513 10767
4742 14622 4740
4744 14626 4742
4514 14626 4516
4516 14626 14628
4745 9667 4517
4517 9667 9665
4515 9665 9667
4515 9667 4743
14106 4746 14202
4742 14626 14622
4739 11616 11521
11141 11521 11616
11141 11616 4509
11521 11141 4738
11141 11247 4738
11141 4513 10865
11247 11141 10865
10769 11247 10865
4737 11247 10769
10401 10403 10769
10401 10769 10865
4512 10401 10865
10403 10401 10031
10031 10401 10029
12248 12250 11884
4747 9666 9668
4749 9668 9666
4749 9666 4521
11520 11629 4522
11884 11993 11629
11884 11629 11520
12250 4750 11993
11884 12250 11993
4519 9666 4747
12600 12250 12248
12600 12602 12250
12972 12602 12600
12972 12974 12602
13454 13450 4523
13450 12974 4523
12974 12972 4523
11949 11951 11583
4518 14202 14104
4520 14104 13826
14104 14202 13826
14202 13730 13826
14202 4746 13730
13354 13826 13730
13354 13450 13826
13354 4748 13450
4747 4745 4517
4747 4517 4519
4516 14628 14512
4518 14512 14202
14512 14628 14202
14628 14106 14202
14628 4744 14106
13233 13791 13415
4865 4615 4619
4865 4859 4615
11000 11225 4620
11000 4616 11225
4616 4866 11225
4616 4860 4866
4867 13233 13415
4861 13791 13233
1141 4864 4618
13791 13603 13415
13603 4621 13415
14165 13975 13603
14165 13603 13791
4862 14369 14587
4862 14587 4622
14165 4862 4622
13975 14165 4622
1143 4864 1141
1143 1141 757
757 1141 946
1141 4614 946
556 757 946
556 367 757
9 367 7
7 367 4613
367 556 4613
9 7 15709
15709 7 15707
4617 15709 15707
4863 15709 4617
13977 4862 14165
14165 13607 13977
11225 4866 11004
10274 4870 10099
9900 10274 10099
10272 10274 9900
10638 10274 10272
10638 10642 10274
11225 11004 4620
11004 10638 4620
11004 10642 10638
9524 9900 9528
13417 4871 13415
13415 4871 4867
13415 4621 13604
13795 13415 13604
13417 13415 13795
4625 13795 13604
14587 14367 4622
13791 13607 14165
9528 9900 4869
9900 10099 4869
4865 9524 9528
4619 9524 4865
1489 4868 4624
1493 4868 1489
1489 4864 1493
1489 4618 4864
4617 15253 4863
4617 15251 15253
15253 15251 14789
14789 15251 14787
14369 14789 14787
14369 14787 4623
14587 14369 4623
4605 9899 9901
11951 11587 4604
11953 11587 11951
11951 12311 11953
11951 12309 12311
12309 4852 12311
12311 4852 4854
4855 9901 4607
4607 9901 9899
11587 11380 4604
4605 9901 4853
11219 4608 4606
11219 4606 11215
11587 11381 4609
11219 11587 4609
11215 11587 11219
11957 4610 11381
11587 11957 11381
11380 11215 10998
11380 11587 11215
10827 11215 4606
10827 4606 10637
11215 10827 10998
10827 4603 10998
10271 10273 10637
10637 10273 10827
10273 4851 10827
4605 10273 10271
4853 10273 4605
12309 4850 4852
12307 4850 12309
11949 12307 12309
11949 12309 11951
4859 4857 4611
11959 11593 11957
11957 4856 11959
11959 4856 4858
556 365 4613
946 755 556
556 755 365
946 4614 755
4859 4611 4615
11957 11593 4610
4612 11593 11388
4860 4612 11388
4616 4612 4860
11388 11593 11764
11764 11593 11959
11959 4858 11764
4861 13607 13791
13976 14201 14368
11593 11382 4610
11219 11593 4612
11219 4612 10999
11593 11219 11382
11219 4609 11382
11219 10999 4608
4607 9527 4855
4607 9523 9527
4611 9527 9523
4857 9527 4611
12311 4854 12136
11957 11953 12311
11957 12311 12136
4856 11957 12136
11953 11957 11587
10489 10029 10401
10027 4353 10125
4352 15536 15542
4350 15536 4352
15542 15536 15096
15096 15536 14962
15536 4510 14962
14962 4514 15096
4349 11141 4509
4349 11137 11141
4351 11141 11137
4513 11141 4351
10401 4512 10489
4353 4511 10125
10125 10029 10489
4511 10029 10125
4348 15934 15834
15934 15530 15536
15934 15536 4350
15834 15934 4350
4510 15530 4508
4479 5006 5112
7362 4480 7628
4510 15536 15530
4507 11614 11519
4516 15096 4514
4516 14512 15098
14512 4356 14510
14512 4518 4356
4353 4355 4515
4515 4355 9665
4355 9755 9665
4517 9665 9755
4352 15542 15408
15542 15096 15098
15542 15098 4354
15408 15542 4354
4347 4349 4509
4516 15098 15096
4351 10767 4513
4351 10765 10767
10765 10399 10767
10767 10399 4512
10399 10489 4512
4477 4305 5112
4477 4303 4305
10489 10027 10125
10489 10399 10027
4353 4515 4511
5002 5112 4305
8484 8734 4308
8850 8484 4308
8854 8484 8850
8850 4304 8854
4505 12247 11879
12247 4343 11879
12247 12332 4343
11612 11879 11515
11978 11879 11612
11612 11515 4345
15407 4504 4344
8854 4304 4478
11978 4505 11879
5286 4479 5434
5434 4479 4309
4479 5112 4309
5112 5002 4309
4483 5286 5434
6616 4484 6832
6616 6832 4310
6988 6616 4310
6990 6616 6988
4480 6990 7628
15409 4504 15407
8128 4482 4306
4347 4509 11519
11614 4347 11519
15934 4348 15833
15410 15530 4506
4346 4506 15833
4506 15530 15833
15530 15934 15833
15410 4508 15530
4505 11978 11883
11612 11614 11978
4481 7362 7628
14512 14960 15098
8128 4306 8126
8126 4307 8734
8484 8126 8734
8128 8126 8484
11978 11614 11883
11614 4507 11883
4345 11614 11612
4347 11614 4345
4504 4506 4344
4344 4506 4346
4503 12332 12247
12303 11759 12131
11585 11211 11207
11585 11207 4602
11379 11585 4602
11207 4603 4601
11211 4603 11207
12303 4600 12132
12132 11947 12303
11760 11947 12132
11947 11760 4599
10997 4602 11207
4601 10997 11207
12131 4600 12303
11379 4604 11585
11947 11759 12303
4599 11759 11947
10768 4364 4526
10766 4364 10768
4525 10766 10768
4363 10766 4525
13352 4362 4524
13348 4362 13352
4523 13348 13352
4361 13348 4523
4360 12702 12596
10451 10455 10075
9897 4399 9711
10075 9897 9711
9523 10075 9711
4607 10075 9523
4611 9523 9711
11381 4610 11591
4609 11381 11591
10835 4606 4608
10831 4606 10835
10451 10831 10835
10451 10835 10455
12244 12702 12350
10451 10075 9899
4605 10451 9899
4607 9899 10075
11585 4604 11380
11380 11211 11585
10998 11211 11380
11211 10998 4603
4606 10831 10637
10831 10271 10637
10451 10271 10831
4605 10271 10451
10143 4521 10028
12600 12702 4360
12248 12702 12600
12248 12350 12702
11884 12350 12248
11884 11992 12350
11520 11992 11884
11520 11628 11992
11520 4522 11628
4359 10143 10028
9666 9759 4357
4521 9666 4357
10028 4521 4357
12968 12600 4360
9759 9666 4519
14104 4356 4518
14102 4356 14104
14104 4358 14102
14104 4520 4358
9755 4357 9759
9755 4355 4357
9755 4519 4517
9759 4519 9755
4354 15098 14960
14512 14510 14960
4525 10402 10400
12596 12702 12244
11880 12350 11992
12244 12350 11880
11516 11992 11628
11880 11992 11516
11142 11138 11516
11142 11516 11628
4522 11142 11628
11142 4364 11138
11142 4526 4364
4525 10400 4363
15407 4502 15409
10400 10402 10030
10400 10030 10143
4359 10400 10143
10143 10030 4521
13728 4358 4520
13726 4358 13728
13728 4362 13726
13728 4524 4362
4523 12968 4361
4523 12972 12968
12972 12600 12968
15030 14957 4325
13349 13402 4490
4494 13782 13723
13351 13725 13347
13351 13347 12967
13351 12967 13046
4495 13351 13046
12672 12674 13046
12672 13046 12967
4494 13723 4322
13349 4494 4322
13402 13349 4322
13782 4324 13723
4493 12598 12658
15030 4326 14957
10764 10826 4323
4334 12672 12967
12672 12322 12674
12674 12322 12324
4333 12324 12322
4335 12324 4333
12672 4334 12595
12322 12595 12239
12672 12595 12322
4327 11214 10764
13345 12969 4490
4487 10820 10822
4487 10822 4489
12593 4320 4488
12593 4488 12597
12597 12965 12593
12240 12324 4335
13725 4496 4336
13727 4496 13725
13727 13725 13351
12969 12965 12597
13402 13345 4490
11214 10826 10764
13345 12965 12969
13402 4322 13345
4323 10826 4321
4321 10826 10822
11210 11140 4489
10822 11210 4489
10826 11210 10822
11140 11210 11584
11140 11584 11518
4491 11518 11584
12598 4492 12658
11882 12310 12246
4329 11590 11136
11136 11214 4327
4326 15030 14958
14958 15030 4325
4324 13782 13724
4328 13724 13406
11586 11210 11214
11584 11210 11586
11952 11882 4491
11584 11952 4491
11586 11952 11584
11882 11952 12310
11590 11214 11136
13724 13782 13406
13782 13350 13406
13782 4494 13350
12970 13406 13350
12658 4492 12246
12310 12658 12246
12970 13032 13406
12660 13032 12658
12658 13032 4493
13032 12970 4493
12660 12658 12310
13032 12660 12662
11214 11210 10826
12322 12239 4333
4332 12662 12594
12238 12662 12312
12594 12662 12238
12238 12312 4331
4330 11590 11514
11514 11590 4329
4328 13406 13346
12966 13406 13032
13346 13406 12966
4319 10822 10820
13032 12662 4332
12966 13032 4332
12660 12310 12662
12662 12310 12312
12312 12310 11952
12312 11952 11878
4331 12312 11878
11952 11586 11590
11952 11590 4330
11878 11952 4330
11590 11586 11214
6832 4484 6274
7360 7758 7760
7758 4306 7760
7760 4306 4482
8482 8734 4307
4308 8734 8482
5282 5434 4309
5614 4483 5776
5776 4483 4311
4483 5434 4311
5434 5282 4311
4485 5614 5776
6274 4486 6462
4499 12599 12241
6832 6274 6462
6614 6832 6462
4312 6614 6462
4310 6832 6614
5612 5776 4311
5776 5612 4485
5612 5938 4485
12599 4337 12241
12599 12676 4337
12328 12241 4339
14509 4498 4338
4499 12328 12242
15407 4342 4502
4501 4341 4503
4503 4341 12332
4341 12243 12332
12332 12243 4343
4500 4502 4342
4500 4342 14959
15063 4500 14959
15063 14959 4340
4501 4499 4341
4341 4499 12242
14511 4498 14509
6990 7360 7628
6990 6988 7360
7628 7360 4481
7360 7760 4481
12242 12328 4339
14961 4500 15063
4338 4498 4340
4340 4498 15063
4498 14961 15063
4497 12676 12599
12328 4499 12241
11517 11513 11139
10820 4487 10763
11513 4316 11196
11139 11513 11196
14101 4336 4496
4495 13046 12971
12674 12676 13046
13046 12676 12971
12676 4497 12971
12676 12674 12324
12676 12324 12240
4337 12676 12240
4487 11139 10763
11517 11877 11513
11881 11877 11517
11881 12237 11877
12245 12237 11881
12245 4488 12237
12237 4488 4320
14100 14148 4317
14508 14560 14100
14100 14560 14148
4318 14560 14508
4321 10822 4319
14554 4314 14507
14511 14509 14103
14103 14509 14101
14101 4496 14103
5612 5936 5938
4486 5938 6462
5938 6272 6462
5938 5936 6272
4312 6462 6272
14142 14099 4313
14554 14507 14142
14142 14507 14099
9397 9065 9059
11196 11135 4315
11196 4316 11135
4317 14148 4313
4313 14148 14142
14560 14142 14148
14554 14142 14560
4314 14554 4318
4318 14554 14560
10820 10763 4319
11139 11196 4315
11139 4315 10763
4462 4466 4288
2480 4286 2693
4286 4464 2693
4286 4460 4464
4465 4287 4291
11979 12335 12337
11979 12337 11981
11979 11981 11615
11979 11615 11383
4641 11979 11383
4645 11383 11615
4465 4461 4287
4288 4466 4292
2480 2693 4290
1695 1488 4463
1488 1695 1816
1816 1695 2005
4289 2130 2005
2130 1816 2005
15252 4422 4640
2130 2132 1816
2693 2482 4290
2482 2130 4290
2482 2132 2130
2693 4464 2482
1695 4463 1689
13433 4425 13435
13433 4423 4425
13433 13435 13059
13433 13059 12849
4457 4842 4766
4287 4457 4766
4461 4457 4287
8715 8481 4284
8715 4458 8481
4458 4288 8481
4458 4462 4288
5103 4467 5000
1689 4463 4459
1689 4285 1814
4643 13433 12849
13059 12687 12685
13059 12685 4642
12849 13059 4642
12335 12685 12687
12335 12687 12337
2005 1689 1814
1695 1689 2005
4289 2005 1814
12685 12333 4638
4469 4295 4297
4471 5284 5424
4296 4472 4298
4470 4472 4296
4299 5426 4297
4297 5426 5424
4471 5424 5426
4471 5426 4473
4298 4474 4300
12481 4642 12685
12685 12335 12333
4469 4297 5424
12481 12685 4638
12333 12335 11979
4472 4474 4298
5108 5001 4301
5285 5426 4299
5285 4299 5001
4475 5285 5001
5108 4475 5001
4473 5426 5285
4300 4476 4302
12333 11979 11761
4295 4469 4293
4467 4291 5000
4467 4465 4291
15250 4422 15252
4293 5103 5000
4466 8853 9087
4294 4466 9087
4292 4466 4294
8853 4468 9087
5103 5004 4467
4469 5004 5103
4293 4469 5103
14786 15085 4426
9087 8849 4294
9087 4468 8849
4468 4296 8849
4468 4470 4296
5284 4469 5424
15252 4424 15250
15252 4644 4424
4421 4423 4639
4639 4423 13231
4423 13433 13231
4643 13231 13433
7203 6613 6805
4447 6088 6090
4447 6090 4453
6805 6613 4276
14366 14625 14197
13974 13813 13602
13974 14197 13813
13437 13435 13813
13813 13435 13602
13435 4425 13602
13059 13435 13437
13059 13437 13061
7203 6987 6613
4452 6088 4446
12687 13059 13061
12687 13061 12689
12337 12687 12689
12337 12689 12339
11981 12337 12339
7599 7359 6987
7599 6987 7203
7985 7757 7359
7985 7359 7599
8349 8125 7757
8349 7757 7985
15085 4646 14788
9195 4448 9397
1685 4449 1683
1683 4449 4443
1683 4273 4277
1665 1973 1669
1683 4277 1685
3011 4278 4274
1669 1973 4427
1973 1815 4427
1665 4651 4647
1669 4651 1665
8711 4280 8125
4650 14625 14366
14788 4650 14366
4426 14788 14366
15085 14788 4426
3011 4274 3003
3003 4444 3011
3011 4444 4450
4451 4275 4279
4451 4445 4275
4452 6090 6088
14366 14197 13974
4453 6090 5937
4456 4278 2830
4282 4278 4456
3011 4450 2830
4768 4451 4842
4451 4283 4842
4451 4279 4283
4424 4644 4646
4424 4646 15085
14786 4424 15085
4457 4768 4842
5937 6090 4452
4278 3011 2830
8715 4284 4280
8715 4280 8711
8711 4454 8715
8715 4454 4458
1689 4459 1687
1687 4459 4455
1687 4281 4285
1687 4285 1689
4282 4460 4286
4456 4460 4282
4766 4842 4283
8852 9065 9196
8349 8711 8125
11981 12339 4649
11762 11981 4649
11762 11615 11981
8705 8711 8349
4454 8711 8852
8711 9065 8852
8711 8705 9065
11384 11615 11762
11615 11384 4645
2133 4648 2299
10075 10459 9897
9196 9065 9397
2299 1817 2133
1973 1817 2299
1973 1491 1817
1665 1491 1973
4647 1491 1665
9397 4448 9196
1687 4455 1685
1685 4455 4449
1685 4277 4281
1685 4281 1687
14593 13973 14171
1484 4626 1341
4626 4628 1341
1140 1341 4412
15049 4409 14785
15049 14365 14593
9719 4619 9715
9715 4619 4615
9715 4403 9898
10093 9715 9898
15049 14785 14365
1140 1484 1341
14593 14365 13973
4411 4627 4625
4411 4625 14171
13973 4411 14171
4410 4408 4624
4410 4624 1490
1646 4410 1490
1490 4626 1646
15045 4409 15049
15045 4407 4409
1341 4628 1142
5006 4477 5112
754 4414 756
754 756 366
754 366 364
364 366 6
6 366 191
366 4632 191
6 191 4416
4631 4629 4413
4631 4413 4415
15045 15049 14593
4414 4412 4630
4630 4412 1142
4412 1341 1142
4411 13605 4627
4411 13601 13605
4413 13605 13601
4629 13605 4413
4410 1646 1484
1646 4626 1484
13604 13793 4625
4623 14787 15045
15045 14787 4407
14787 15249 4407
14787 15251 15249
4405 15249 15251
4405 15251 4617
1483 4406 4618
1483 4618 1489
1489 4624 1483
1483 4624 4408
13975 4622 14167
13793 13604 4621
10843 4620 10638
10638 10467 10843
10272 10467 10638
10272 10093 10467
9900 10093 10272
9900 9719 10093
9719 9524 4619
9524 9719 9900
11223 4616 11000
15045 14593 14367
9719 9715 10093
10093 9898 4404
10463 10093 4404
10467 10093 10463
10463 10843 10467
10463 10841 10843
4620 10843 11000
10843 11223 11000
10843 10841 11223
4641 11761 11979
4621 13603 13793
4623 15045 14367
14593 14171 14167
14593 14167 4622
14367 14593 4622
13793 14167 14171
13793 14171 4625
13793 13603 14167
14167 13603 13975
5108 4301 5005
9711 4399 4403
9711 4403 9715
10463 4404 4400
10463 4400 10459
15919 4636 15708
4422 4420 4640
4640 4420 15708
10459 10841 10463
4637 12333 11761
9711 4615 4611
4420 15919 15708
4639 4635 4419
4474 4476 4300
4639 4419 4421
12133 4638 12333
4301 4303 4477
4475 5108 5005
4302 4478 4304
11591 11382 4609
10455 10459 10075
10455 10839 10459
10455 10835 10839
10999 11221 4608
11221 10835 4608
11221 10839 10835
4612 11221 10999
10459 4400 9897
4301 4477 5005
11591 4610 11382
4613 365 555
555 365 4401
365 753 4401
365 755 753
755 4614 753
753 4614 4402
9715 4615 9711
4416 191 8
363 7 555
4418 4634 4636
4418 4636 15919
15706 4418 15919
15706 15919 4420
4635 4633 4417
4635 4417 4419
191 4632 8
4418 4416 4634
4634 4416 8
7 4613 555
4633 4631 4415
4633 4415 4417
756 4414 4630
5 7 363
555 4401 363
1139 4402 4614
1139 4614 1141
1141 4618 1139
1139 4618 4406
4617 15707 4405
10459 10839 10841
10839 11223 10841
10839 11221 11223
11221 4612 11223
11223 4612 4616
4405 15707 15705
15707 5 15705
4637 12133 12333
4476 4478 4302
7 5 15707
