$MeshFormat
4.1 0 8
$EndMeshFormat
$PhysicalNames
4
2 1 "SES"
2 2 "Stern Surface"
3 1 "Solute"
3 2 "Stern"
$EndPhysicalNames
$Entities
0 0 2 2
1 -3 -2.954999923706055 -2.971999883651733 3 2.977999925613403 2.971999883651733 1 1 0 
2 -3.5 -3.480999946594238 -3.461999893188477 3.5 3.480999946594238 3.461999893188477 1 2 0 
1 -3 -2.954999923706055 -2.971999883651733 3 2.977999925613403 2.971999883651733 1 1 1 1 
2 -3.5 -3.480999946594238 -3.461999893188477 3.5 3.480999946594238 3.461999893188477 1 2 2 2 -1 
$EndEntities
$Nodes
4 1200 1 1200
2 1 0 212
1
2
3
4
5
6
7
8
9
10
11
12
13
14
15
16
17
18
19
20
21
22
23
24
25
26
27
28
29
30
31
32
33
34
35
36
37
38
39
40
41
42
43
44
45
46
47
48
49
50
51
52
53
54
55
56
57
58
59
60
61
62
63
64
65
66
67
68
69
70
71
72
73
74
75
76
77
78
79
80
81
82
83
84
85
86
87
88
89
90
91
92
93
94
95
96
97
98
99
100
101
102
103
104
105
106
107
108
109
110
111
112
113
114
115
116
117
118
119
120
121
122
123
124
125
126
127
128
129
130
131
132
133
134
135
136
137
138
139
140
141
142
143
144
145
146
147
148
149
150
151
152
153
154
155
156
157
158
159
160
161
162
163
164
165
166
167
168
169
170
171
172
173
174
175
176
177
178
179
180
181
182
183
184
185
186
187
188
189
190
191
192
193
194
195
196
197
198
199
200
201
202
203
204
205
206
207
208
209
210
211
212
3 0 0
2.913000106811523 0.7179999947547913 0
2.913000106811523 0.3589999973773956 0.621999979019165
2.913000106811523 -0.3589999973773956 0.621999979019165
2.913000106811523 -0.7179999947547913 -0
2.913000106811523 -0.3589999973773956 -0.621999979019165
2.913000106811523 0.3589999973773956 -0.621999979019165
2.655999898910522 1.207000017166138 0.6970000267028809
2.655999898910522 0.6970000267028809 1.207000017166138
2.655999898910522 -0 1.394000053405762
2.655999898910522 -0.6970000267028809 1.207000017166138
2.655999898910522 -1.207000017166138 0.6970000267028809
2.655999898910522 -1.394000053405762 0
2.655999898910522 -1.207000017166138 -0.6970000267028809
2.655999898910522 -0.6970000267028809 -1.207000017166138
2.655999898910522 -0 -1.394000053405762
2.655999898910522 0.6970000267028809 -1.207000017166138
2.655999898910522 1.207000017166138 -0.6970000267028809
2.655999898910522 1.394000053405762 0
2.246000051498413 1.855000019073486 0.718999981880188
2.246000051498413 1.470000028610229 1.340000033378601
2.246000051498413 0.8870000243186951 1.781000018119812
2.246000051498413 0.1840000003576279 1.980999946594238
2.246000051498413 -0.5440000295639038 1.912999987602234
2.246000051498413 -1.199000000953674 1.588000059127808
2.246000051498413 -1.690999984741211 1.047000050544739
2.246000051498413 -1.955000042915344 0.3659999966621399
2.246000051498413 -1.955000042915344 -0.3659999966621399
2.246000051498413 -1.690999984741211 -1.047000050544739
2.246000051498413 -1.199000000953674 -1.588000059127808
2.246000051498413 -0.5440000295639038 -1.912999987602234
2.246000051498413 0.1840000003576279 -1.980999946594238
2.246000051498413 0.8870000243186951 -1.781000018119812
2.246000051498413 1.470000028610229 -1.340000033378601
2.246000051498413 1.855000019073486 -0.718999981880188
2.246000051498413 1.988999962806702 0
1.703999996185303 2.358999967575073 0.7279999852180481
1.703999996185303 2.039999961853027 1.391000032424927
1.703999996185303 1.539000034332275 1.929999947547913
1.703999996185303 0.9020000100135803 2.29800009727478
1.703999996185303 0.1850000023841858 2.461999893188477
1.703999996185303 -0.5490000247955322 2.407000064849854
1.703999996185303 -1.233999967575073 2.138000011444092
1.703999996185303 -1.809999942779541 1.679000020027161
1.703999996185303 -2.223999977111816 1.070999979972839
1.703999996185303 -2.440999984741211 0.3680000007152557
1.703999996185303 -2.440999984741211 -0.3680000007152557
1.703999996185303 -2.223999977111816 -1.070999979972839
1.703999996185303 -1.809999942779541 -1.679000020027161
1.703999996185303 -1.233999967575073 -2.138000011444092
1.703999996185303 -0.5490000247955322 -2.407000064849854
1.703999996185303 0.1850000023841858 -2.461999893188477
1.703999996185303 0.9020000100135803 -2.29800009727478
1.703999996185303 1.539000034332275 -1.929999947547913
1.703999996185303 2.039999961853027 -1.391000032424927
1.703999996185303 2.358999967575073 -0.7279999852180481
1.703999996185303 2.469000101089478 0
1.064000010490417 2.709000110626221 0.7260000109672546
1.064000010490417 2.428999900817871 1.402999997138977
1.064000010490417 1.983000040054321 1.983000040054321
1.064000010490417 1.402999997138977 2.428999900817871
1.064000010490417 0.7260000109672546 2.709000110626221
1.064000010490417 0 2.805000066757202
1.064000010490417 -0.7260000109672546 2.709000110626221
1.064000010490417 -1.402999997138977 2.428999900817871
1.064000010490417 -1.983000040054321 1.983000040054321
1.064000010490417 -2.428999900817871 1.402999997138977
1.064000010490417 -2.709000110626221 0.7260000109672546
1.064000010490417 -2.805000066757202 0
1.064000010490417 -2.709000110626221 -0.7260000109672546
1.064000010490417 -2.428999900817871 -1.402999997138977
1.064000010490417 -1.983000040054321 -1.983000040054321
1.064000010490417 -1.402999997138977 -2.428999900817871
1.064000010490417 -0.7260000109672546 -2.709000110626221
1.064000010490417 -0 -2.805000066757202
1.064000010490417 0.7260000109672546 -2.709000110626221
1.064000010490417 1.402999997138977 -2.428999900817871
1.064000010490417 1.983000040054321 -1.983000040054321
1.064000010490417 2.428999900817871 -1.402999997138977
1.064000010490417 2.709000110626221 -0.7260000109672546
1.064000010490417 2.805000066757202 0
0.3619999885559082 2.884999990463257 0.7409999966621399
0.3619999885559082 2.609999895095825 1.434999942779541
0.3619999885559082 2.171000003814697 2.039000034332275
0.3619999885559082 1.595999956130981 2.515000104904175
0.3619999885559082 0.9200000166893005 2.832000017166138
0.3619999885559082 0.1870000064373016 2.971999883651733
0.3619999885559082 -0.5580000281333923 2.924999952316284
0.3619999885559082 -1.26800000667572 2.694999933242798
0.3619999885559082 -1.898000001907349 2.295000076293945
0.3619999885559082 -2.408999919891357 1.75
0.3619999885559082 -2.769000053405762 1.095999956130981
0.3619999885559082 -2.954999923706055 0.3729999959468842
0.3619999885559082 -2.954999923706055 -0.3729999959468842
0.3619999885559082 -2.769000053405762 -1.095999956130981
0.3619999885559082 -2.408999919891357 -1.751000046730042
0.3619999885559082 -1.898000001907349 -2.295000076293945
0.3619999885559082 -1.26800000667572 -2.694999933242798
0.3619999885559082 -0.5580000281333923 -2.924999952316284
0.3619999885559082 0.1870000064373016 -2.971999883651733
0.3619999885559082 0.9200000166893005 -2.832000017166138
0.3619999885559082 1.595999956130981 -2.515000104904175
0.3619999885559082 2.171000003814697 -2.039000034332275
0.3619999885559082 2.609999895095825 -1.434999942779541
0.3619999885559082 2.884999990463257 -0.7409999966621399
0.3619999885559082 2.977999925613403 0
-0.3619999885559082 2.884999990463257 0.7409999966621399
-0.3619999885559082 2.609999895095825 1.434999942779541
-0.3619999885559082 2.171000003814697 2.039000034332275
-0.3619999885559082 1.595999956130981 2.515000104904175
-0.3619999885559082 0.9200000166893005 2.832000017166138
-0.3619999885559082 0.1870000064373016 2.971999883651733
-0.3619999885559082 -0.5580000281333923 2.924999952316284
-0.3619999885559082 -1.26800000667572 2.694999933242798
-0.3619999885559082 -1.898000001907349 2.295000076293945
-0.3619999885559082 -2.408999919891357 1.75
-0.3619999885559082 -2.769000053405762 1.095999956130981
-0.3619999885559082 -2.954999923706055 0.3729999959468842
-0.3619999885559082 -2.954999923706055 -0.3729999959468842
-0.3619999885559082 -2.769000053405762 -1.095999956130981
-0.3619999885559082 -2.408999919891357 -1.751000046730042
-0.3619999885559082 -1.898000001907349 -2.295000076293945
-0.3619999885559082 -1.26800000667572 -2.694999933242798
-0.3619999885559082 -0.5580000281333923 -2.924999952316284
-0.3619999885559082 0.1870000064373016 -2.971999883651733
-0.3619999885559082 0.9200000166893005 -2.832000017166138
-0.3619999885559082 1.595999956130981 -2.515000104904175
-0.3619999885559082 2.171000003814697 -2.039000034332275
-0.3619999885559082 2.609999895095825 -1.434999942779541
-0.3619999885559082 2.884999990463257 -0.7409999966621399
-0.3619999885559082 2.977999925613403 0
-1.064000010490417 2.805000066757202 0
-1.064000010490417 2.709000110626221 0.7260000109672546
-1.064000010490417 2.428999900817871 1.402999997138977
-1.064000010490417 1.983000040054321 1.983000040054321
-1.064000010490417 1.402999997138977 2.428999900817871
-1.064000010490417 0.7260000109672546 2.709000110626221
-1.064000010490417 0 2.805000066757202
-1.064000010490417 -0.7260000109672546 2.709000110626221
-1.064000010490417 -1.402999997138977 2.428999900817871
-1.064000010490417 -1.983000040054321 1.983000040054321
-1.064000010490417 -2.428999900817871 1.402999997138977
-1.064000010490417 -2.709000110626221 0.7260000109672546
-1.064000010490417 -2.805000066757202 0
-1.064000010490417 -2.709000110626221 -0.7260000109672546
-1.064000010490417 -2.428999900817871 -1.402999997138977
-1.064000010490417 -1.983000040054321 -1.983000040054321
-1.064000010490417 -1.402999997138977 -2.428999900817871
-1.064000010490417 -0.7260000109672546 -2.709000110626221
-1.064000010490417 -0 -2.805000066757202
-1.064000010490417 0.7260000109672546 -2.709000110626221
-1.064000010490417 1.402999997138977 -2.428999900817871
-1.064000010490417 1.983000040054321 -1.983000040054321
-1.064000010490417 2.428999900817871 -1.402999997138977
-1.064000010490417 2.709000110626221 -0.7260000109672546
-1.703999996185303 2.469000101089478 0
-1.703999996185303 2.358999967575073 0.7279999852180481
-1.703999996185303 2.039999961853027 1.391000032424927
-1.703999996185303 1.539000034332275 1.929999947547913
-1.703999996185303 0.9020000100135803 2.29800009727478
-1.703999996185303 0.1850000023841858 2.461999893188477
-1.703999996185303 -0.5490000247955322 2.407000064849854
-1.703999996185303 -1.233999967575073 2.138000011444092
-1.703999996185303 -1.809999942779541 1.679000020027161
-1.703999996185303 -2.223999977111816 1.070999979972839
-1.703999996185303 -2.440999984741211 0.3680000007152557
-1.703999996185303 -2.440999984741211 -0.3680000007152557
-1.703999996185303 -2.223999977111816 -1.070999979972839
-1.703999996185303 -1.809999942779541 -1.679000020027161
-1.703999996185303 -1.233999967575073 -2.138000011444092
-1.703999996185303 -0.5490000247955322 -2.407000064849854
-1.703999996185303 0.1850000023841858 -2.461999893188477
-1.703999996185303 0.9020000100135803 -2.29800009727478
-1.703999996185303 1.539000034332275 -1.929999947547913
-1.703999996185303 2.039999961853027 -1.391000032424927
-1.703999996185303 2.358999967575073 -0.7279999852180481
-2.246000051498413 1.988999962806702 0
-2.246000051498413 1.855000019073486 0.718999981880188
-2.246000051498413 1.470000028610229 1.340000033378601
-2.246000051498413 0.8870000243186951 1.781000018119812
-2.246000051498413 0.1840000003576279 1.980999946594238
-2.246000051498413 -0.5440000295639038 1.912999987602234
-2.246000051498413 -1.199000000953674 1.588000059127808
-2.246000051498413 -1.690999984741211 1.047000050544739
-2.246000051498413 -1.955000042915344 0.3659999966621399
-2.246000051498413 -1.955000042915344 -0.3659999966621399
-2.246000051498413 -1.690999984741211 -1.047000050544739
-2.246000051498413 -1.199000000953674 -1.588000059127808
-2.246000051498413 -0.5440000295639038 -1.912999987602234
-2.246000051498413 0.1840000003576279 -1.980999946594238
-2.246000051498413 0.8870000243186951 -1.781000018119812
-2.246000051498413 1.470000028610229 -1.340000033378601
-2.246000051498413 1.855000019073486 -0.718999981880188
-2.655999898910522 1.394000053405762 0
-2.655999898910522 1.207000017166138 0.6970000267028809
-2.655999898910522 0.6970000267028809 1.207000017166138
-2.655999898910522 -0 1.394000053405762
-2.655999898910522 -0.6970000267028809 1.207000017166138
-2.655999898910522 -1.207000017166138 0.6970000267028809
-2.655999898910522 -1.394000053405762 0
-2.655999898910522 -1.207000017166138 -0.6970000267028809
-2.655999898910522 -0.6970000267028809 -1.207000017166138
-2.655999898910522 -0 -1.394000053405762
-2.655999898910522 0.6970000267028809 -1.207000017166138
-2.655999898910522 1.207000017166138 -0.6970000267028809
-2.913000106811523 0.7179999947547913 0
-2.913000106811523 0.3589999973773956 0.621999979019165
-2.913000106811523 -0.3589999973773956 0.621999979019165
-2.913000106811523 -0.7179999947547913 -0
-2.913000106811523 -0.3589999973773956 -0.621999979019165
-2.913000106811523 0.3589999973773956 -0.621999979019165
-3 -0 0
2 2 0 290
213
214
215
216
217
218
219
220
221
222
223
224
225
226
227
228
229
230
231
232
233
234
235
236
237
238
239
240
241
242
243
244
245
246
247
248
249
250
251
252
253
254
255
256
257
258
259
260
261
262
263
264
265
266
267
268
269
270
271
272
273
274
275
276
277
278
279
280
281
282
283
284
285
286
287
288
289
290
291
292
293
294
295
296
297
298
299
300
301
302
303
304
305
306
307
308
309
310
311
312
313
314
315
316
317
318
319
320
321
322
323
324
325
326
327
328
329
330
331
332
333
334
335
336
337
338
339
340
341
342
343
344
345
346
347
348
349
350
351
352
353
354
355
356
357
358
359
360
361
362
363
364
365
366
367
368
369
370
371
372
373
374
375
376
377
378
379
380
381
382
383
384
385
386
387
388
389
390
391
392
393
394
395
396
397
398
399
400
401
402
403
404
405
406
407
408
409
410
411
412
413
414
415
416
417
418
419
420
421
422
423
424
425
426
427
428
429
430
431
432
433
434
435
436
437
438
439
440
441
442
443
444
445
446
447
448
449
450
451
452
453
454
455
456
457
458
459
460
461
462
463
464
465
466
467
468
469
470
471
472
473
474
475
476
477
478
479
480
481
482
483
484
485
486
487
488
489
490
491
492
493
494
495
496
497
498
499
500
501
502
3.5 0 0
3.424000024795532 0.7279999852180481 0
3.424000024795532 0.363999992609024 0.6299999952316284
3.424000024795532 -0.363999992609024 0.6299999952316284
3.424000024795532 -0.7279999852180481 -0
3.424000024795532 -0.363999992609024 -0.6299999952316284
3.424000024795532 0.363999992609024 -0.6299999952316284
3.197000026702881 1.233000040054321 0.7120000123977661
3.197000026702881 0.7120000123977661 1.233000040054321
3.197000026702881 -0 1.424000024795532
3.197000026702881 -0.7120000123977661 1.233000040054321
3.197000026702881 -1.233000040054321 0.7120000123977661
3.197000026702881 -1.424000024795532 0
3.197000026702881 -1.233000040054321 -0.7120000123977661
3.197000026702881 -0.7120000123977661 -1.233000040054321
3.197000026702881 -0 -1.424000024795532
3.197000026702881 0.7120000123977661 -1.233000040054321
3.197000026702881 1.233000040054321 -0.7120000123977661
3.197000026702881 1.424000024795532 0
2.832000017166138 1.932999968528748 0.7039999961853027
2.832000017166138 1.575999975204468 1.322000026702881
2.832000017166138 1.029000043869019 1.781999945640564
2.832000017166138 0.3569999933242798 2.026000022888184
2.832000017166138 -0.3569999933242798 2.026000022888184
2.832000017166138 -1.029000043869019 1.781999945640564
2.832000017166138 -1.575999975204468 1.322000026702881
2.832000017166138 -1.932999968528748 0.7039999961853027
2.832000017166138 -2.056999921798706 0
2.832000017166138 -1.932999968528748 -0.7039999961853027
2.832000017166138 -1.575999975204468 -1.322000026702881
2.832000017166138 -1.029000043869019 -1.781999945640564
2.832000017166138 -0.3569999933242798 -2.026000022888184
2.832000017166138 0.3569999933242798 -2.026000022888184
2.832000017166138 1.029000043869019 -1.781999945640564
2.832000017166138 1.575999975204468 -1.322000026702881
2.832000017166138 1.932999968528748 -0.7039999961853027
2.832000017166138 2.056999921798706 0
2.342000007629395 2.505000114440918 0.7020000219345093
2.342000007629395 2.221999883651733 1.35099995136261
2.342000007629395 1.774999976158142 1.901000022888184
2.342000007629395 1.197000026702881 2.309000015258789
2.342000007629395 0.5289999842643738 2.546999931335449
2.342000007629395 -0.1770000010728836 2.595000028610229
2.342000007629395 -0.8709999918937683 2.450999975204468
2.342000007629395 -1.5 2.125
2.342000007629395 -2.017999887466431 1.641000032424927
2.342000007629395 -2.385999917984009 1.03600001335144
2.342000007629395 -2.57699990272522 0.3540000021457672
2.342000007629395 -2.57699990272522 -0.3540000021457672
2.342000007629395 -2.385999917984009 -1.03600001335144
2.342000007629395 -2.017999887466431 -1.641000032424927
2.342000007629395 -1.5 -2.125
2.342000007629395 -0.8709999918937683 -2.450999975204468
2.342000007629395 -0.1780000030994415 -2.595000028610229
2.342000007629395 0.5289999842643738 -2.546999931335449
2.342000007629395 1.197000026702881 -2.309000015258789
2.342000007629395 1.774999976158142 -1.901000022888184
2.342000007629395 2.221999883651733 -1.35099995136261
2.342000007629395 2.505000114440918 -0.7020000219345093
2.342000007629395 2.601000070571899 0
1.75 2.943000078201294 0.7250000238418579
1.75 2.684000015258789 1.409000039100647
1.75 2.269000053405762 2.009999990463257
1.75 1.722000002861023 2.494999885559082
1.75 1.075000047683716 2.834000110626221
1.75 0.3650000095367432 3.009000062942505
1.75 -0.3650000095367432 3.009000062942505
1.75 -1.075000047683716 2.834000110626221
1.75 -1.722000002861023 2.494999885559082
1.75 -2.269000053405762 2.009999990463257
1.75 -2.684000015258789 1.409000039100647
1.75 -2.943000078201294 0.7250000238418579
1.75 -3.030999898910522 -0
1.75 -2.943000078201294 -0.7250000238418579
1.75 -2.684000015258789 -1.409000039100647
1.75 -2.269000053405762 -2.009999990463257
1.75 -1.722000002861023 -2.494999885559082
1.75 -1.075000047683716 -2.834000110626221
1.75 -0.3650000095367432 -3.009000062942505
1.75 0.3650000095367432 -3.009000062942505
1.75 1.075000047683716 -2.834000110626221
1.75 1.722000002861023 -2.494999885559082
1.75 2.269000053405762 -2.009999990463257
1.75 2.684000015258789 -1.409000039100647
1.75 2.943000078201294 -0.7250000238418579
1.75 3.030999898910522 0
1.082000017166138 3.250999927520752 0.7160000205039978
1.082000017166138 3.020999908447266 1.398000001907349
1.082000017166138 2.650000095367432 2.013999938964844
1.082000017166138 2.154999971389771 2.536999940872192
1.082000017166138 1.559000015258789 2.940999984741211
1.082000017166138 0.890999972820282 3.207000017166138
1.082000017166138 0.1800000071525574 3.323999881744385
1.082000017166138 -0.5389999747276306 3.285000085830688
1.082000017166138 -1.23199999332428 3.092000007629395
1.082000017166138 -1.868000030517578 2.755000114440918
1.082000017166138 -2.41700005531311 2.289000034332275
1.082000017166138 -2.851999998092651 1.715999960899353
1.082000017166138 -3.154000043869019 1.062999963760376
1.082000017166138 -3.309000015258789 0.3600000143051147
1.082000017166138 -3.309000015258789 -0.3600000143051147
1.082000017166138 -3.154000043869019 -1.062999963760376
1.082000017166138 -2.851999998092651 -1.715999960899353
1.082000017166138 -2.41700005531311 -2.289000034332275
1.082000017166138 -1.868000030517578 -2.755000114440918
1.082000017166138 -1.23199999332428 -3.092000007629395
1.082000017166138 -0.5389999747276306 -3.285000085830688
1.082000017166138 0.1800000071525574 -3.323999881744385
1.082000017166138 0.890999972820282 -3.207000017166138
1.082000017166138 1.559000015258789 -2.940999984741211
1.082000017166138 2.154999971389771 -2.536999940872192
1.082000017166138 2.650000095367432 -2.013999938964844
1.082000017166138 3.020999908447266 -1.398000001907349
1.082000017166138 3.250999927520752 -0.7160000205039978
1.082000017166138 3.328999996185303 0
0.3659999966621399 3.404999971389771 0.7239999771118164
0.3659999966621399 3.180000066757202 1.416000008583069
0.3659999966621399 2.815999984741211 2.046000003814697
0.3659999966621399 2.328999996185303 2.586999893188477
0.3659999966621399 1.740000009536743 3.013999938964844
0.3659999966621399 1.075999975204468 3.309999942779541
0.3659999966621399 0.363999992609024 3.461999893188477
0.3659999966621399 -0.363999992609024 3.461999893188477
0.3659999966621399 -1.075999975204468 3.309999942779541
0.3659999966621399 -1.740000009536743 3.013999938964844
0.3659999966621399 -2.328999996185303 2.586999893188477
0.3659999966621399 -2.815999984741211 2.046000003814697
0.3659999966621399 -3.180000066757202 1.416000008583069
0.3659999966621399 -3.404999971389771 0.7239999771118164
0.3659999966621399 -3.480999946594238 -0
0.3659999966621399 -3.404999971389771 -0.7239999771118164
0.3659999966621399 -3.180000066757202 -1.416000008583069
0.3659999966621399 -2.815999984741211 -2.046000003814697
0.3659999966621399 -2.328999996185303 -2.586999893188477
0.3659999966621399 -1.740000009536743 -3.013999938964844
0.3659999966621399 -1.075999975204468 -3.309999942779541
0.3659999966621399 -0.363999992609024 -3.461999893188477
0.3659999966621399 0.363999992609024 -3.461999893188477
0.3659999966621399 1.075999975204468 -3.309999942779541
0.3659999966621399 1.740000009536743 -3.013999938964844
0.3659999966621399 2.328999996185303 -2.586999893188477
0.3659999966621399 2.815999984741211 -2.046000003814697
0.3659999966621399 3.180000066757202 -1.416000008583069
0.3659999966621399 3.404999971389771 -0.7239999771118164
0.3659999966621399 3.480999946594238 0
-0.3659999966621399 3.404999971389771 0.7239999771118164
-0.3659999966621399 3.180000066757202 1.416000008583069
-0.3659999966621399 2.815999984741211 2.046000003814697
-0.3659999966621399 2.328999996185303 2.586999893188477
-0.3659999966621399 1.740000009536743 3.013999938964844
-0.3659999966621399 1.075999975204468 3.309999942779541
-0.3659999966621399 0.363999992609024 3.461999893188477
-0.3659999966621399 -0.363999992609024 3.461999893188477
-0.3659999966621399 -1.075999975204468 3.309999942779541
-0.3659999966621399 -1.740000009536743 3.013999938964844
-0.3659999966621399 -2.328999996185303 2.586999893188477
-0.3659999966621399 -2.815999984741211 2.046000003814697
-0.3659999966621399 -3.180000066757202 1.416000008583069
-0.3659999966621399 -3.404999971389771 0.7239999771118164
-0.3659999966621399 -3.480999946594238 -0
-0.3659999966621399 -3.404999971389771 -0.7239999771118164
-0.3659999966621399 -3.180000066757202 -1.416000008583069
-0.3659999966621399 -2.815999984741211 -2.046000003814697
-0.3659999966621399 -2.328999996185303 -2.586999893188477
-0.3659999966621399 -1.740000009536743 -3.013999938964844
-0.3659999966621399 -1.075999975204468 -3.309999942779541
-0.3659999966621399 -0.363999992609024 -3.461999893188477
-0.3659999966621399 0.363999992609024 -3.461999893188477
-0.3659999966621399 1.075999975204468 -3.309999942779541
-0.3659999966621399 1.740000009536743 -3.013999938964844
-0.3659999966621399 2.328999996185303 -2.586999893188477
-0.3659999966621399 2.815999984741211 -2.046000003814697
-0.3659999966621399 3.180000066757202 -1.416000008583069
-0.3659999966621399 3.404999971389771 -0.7239999771118164
-0.3659999966621399 3.480999946594238 0
-1.082000017166138 3.328999996185303 0
-1.082000017166138 3.250999927520752 0.7160000205039978
-1.082000017166138 3.020999908447266 1.398000001907349
-1.082000017166138 2.650000095367432 2.013999938964844
-1.082000017166138 2.154999971389771 2.536999940872192
-1.082000017166138 1.559000015258789 2.940999984741211
-1.082000017166138 0.890999972820282 3.207000017166138
-1.082000017166138 0.1800000071525574 3.323999881744385
-1.082000017166138 -0.5389999747276306 3.285000085830688
-1.082000017166138 -1.23199999332428 3.092000007629395
-1.082000017166138 -1.868000030517578 2.755000114440918
-1.082000017166138 -2.41700005531311 2.289000034332275
-1.082000017166138 -2.851999998092651 1.715999960899353
-1.082000017166138 -3.154000043869019 1.062999963760376
-1.082000017166138 -3.309000015258789 0.3600000143051147
-1.082000017166138 -3.309000015258789 -0.3600000143051147
-1.082000017166138 -3.154000043869019 -1.062999963760376
-1.082000017166138 -2.851999998092651 -1.715999960899353
-1.082000017166138 -2.41700005531311 -2.289000034332275
-1.082000017166138 -1.868000030517578 -2.755000114440918
-1.082000017166138 -1.23199999332428 -3.092000007629395
-1.082000017166138 -0.5389999747276306 -3.285000085830688
-1.082000017166138 0.1800000071525574 -3.323999881744385
-1.082000017166138 0.890999972820282 -3.207000017166138
-1.082000017166138 1.559000015258789 -2.940999984741211
-1.082000017166138 2.154999971389771 -2.536999940872192
-1.082000017166138 2.650000095367432 -2.013999938964844
-1.082000017166138 3.020999908447266 -1.398000001907349
-1.082000017166138 3.250999927520752 -0.7160000205039978
-1.75 3.030999898910522 0
-1.75 2.943000078201294 0.7250000238418579
-1.75 2.684000015258789 1.409000039100647
-1.75 2.269000053405762 2.009999990463257
-1.75 1.722000002861023 2.494999885559082
-1.75 1.075000047683716 2.834000110626221
-1.75 0.3650000095367432 3.009000062942505
-1.75 -0.3650000095367432 3.009000062942505
-1.75 -1.075000047683716 2.834000110626221
-1.75 -1.722000002861023 2.494999885559082
-1.75 -2.269000053405762 2.009999990463257
-1.75 -2.684000015258789 1.409000039100647
-1.75 -2.943000078201294 0.7250000238418579
-1.75 -3.030999898910522 -0
-1.75 -2.943000078201294 -0.7250000238418579
-1.75 -2.684000015258789 -1.409000039100647
-1.75 -2.269000053405762 -2.009999990463257
-1.75 -1.722000002861023 -2.494999885559082
-1.75 -1.075000047683716 -2.834000110626221
-1.75 -0.3650000095367432 -3.009000062942505
-1.75 0.3650000095367432 -3.009000062942505
-1.75 1.075000047683716 -2.834000110626221
-1.75 1.722000002861023 -2.494999885559082
-1.75 2.269000053405762 -2.009999990463257
-1.75 2.684000015258789 -1.409000039100647
-1.75 2.943000078201294 -0.7250000238418579
-2.342000007629395 2.601000070571899 0
-2.342000007629395 2.505000114440918 0.7020000219345093
-2.342000007629395 2.221999883651733 1.35099995136261
-2.342000007629395 1.774999976158142 1.901000022888184
-2.342000007629395 1.197000026702881 2.309000015258789
-2.342000007629395 0.5289999842643738 2.546999931335449
-2.342000007629395 -0.1770000010728836 2.595000028610229
-2.342000007629395 -0.8709999918937683 2.450999975204468
-2.342000007629395 -1.5 2.125
-2.342000007629395 -2.017999887466431 1.641000032424927
-2.342000007629395 -2.385999917984009 1.03600001335144
-2.342000007629395 -2.57699990272522 0.3540000021457672
-2.342000007629395 -2.57699990272522 -0.3540000021457672
-2.342000007629395 -2.385999917984009 -1.03600001335144
-2.342000007629395 -2.017999887466431 -1.641000032424927
-2.342000007629395 -1.5 -2.125
-2.342000007629395 -0.8709999918937683 -2.450999975204468
-2.342000007629395 -0.1780000030994415 -2.595000028610229
-2.342000007629395 0.5289999842643738 -2.546999931335449
-2.342000007629395 1.197000026702881 -2.309000015258789
-2.342000007629395 1.774999976158142 -1.901000022888184
-2.342000007629395 2.221999883651733 -1.35099995136261
-2.342000007629395 2.505000114440918 -0.7020000219345093
-2.832000017166138 2.056999921798706 0
-2.832000017166138 1.932999968528748 0.7039999961853027
-2.832000017166138 1.575999975204468 1.322000026702881
-2.832000017166138 1.029000043869019 1.781999945640564
-2.832000017166138 0.3569999933242798 2.026000022888184
-2.832000017166138 -0.3569999933242798 2.026000022888184
-2.832000017166138 -1.029000043869019 1.781999945640564
-2.832000017166138 -1.575999975204468 1.322000026702881
-2.832000017166138 -1.932999968528748 0.7039999961853027
-2.832000017166138 -2.056999921798706 0
-2.832000017166138 -1.932999968528748 -0.7039999961853027
-2.832000017166138 -1.575999975204468 -1.322000026702881
-2.832000017166138 -1.029000043869019 -1.781999945640564
-2.832000017166138 -0.3569999933242798 -2.026000022888184
-2.832000017166138 0.3569999933242798 -2.026000022888184
-2.832000017166138 1.029000043869019 -1.781999945640564
-2.832000017166138 1.575999975204468 -1.322000026702881
-2.832000017166138 1.932999968528748 -0.7039999961853027
-3.197000026702881 1.424000024795532 0
-3.197000026702881 1.233000040054321 0.7120000123977661
-3.197000026702881 0.7120000123977661 1.233000040054321
-3.197000026702881 -0 1.424000024795532
-3.197000026702881 -0.7120000123977661 1.233000040054321
-3.197000026702881 -1.233000040054321 0.7120000123977661
-3.197000026702881 -1.424000024795532 0
-3.197000026702881 -1.233000040054321 -0.7120000123977661
-3.197000026702881 -0.7120000123977661 -1.233000040054321
-3.197000026702881 -0 -1.424000024795532
-3.197000026702881 0.7120000123977661 -1.233000040054321
-3.197000026702881 1.233000040054321 -0.7120000123977661
-3.424000024795532 0.7279999852180481 0
-3.424000024795532 0.363999992609024 0.6299999952316284
-3.424000024795532 -0.363999992609024 0.6299999952316284
-3.424000024795532 -0.7279999852180481 -0
-3.424000024795532 -0.363999992609024 -0.6299999952316284
-3.424000024795532 0.363999992609024 -0.6299999952316284
-3.5 -0 0
3 1 0 407
503
504
505
506
507
508
509
510
511
512
513
514
515
516
517
518
519
520
521
522
523
524
525
526
527
528
529
530
531
532
533
534
535
536
537
538
539
540
541
542
543
544
545
546
547
548
549
550
551
552
553
554
555
556
557
558
559
560
561
562
563
564
565
566
567
568
569
570
571
572
573
574
575
576
577
578
579
580
581
582
583
584
585
586
587
588
589
590
591
592
593
594
595
596
597
598
599
600
601
602
603
604
605
606
607
608
609
610
611
612
613
614
615
616
617
618
619
620
621
622
623
624
625
626
627
628
629
630
631
632
633
634
635
636
637
638
639
640
641
642
643
644
645
646
647
648
649
650
651
652
653
654
655
656
657
658
659
660
661
662
663
664
665
666
667
668
669
670
671
672
673
674
675
676
677
678
679
680
681
682
683
684
685
686
687
688
689
690
691
692
693
694
695
696
697
698
699
700
701
702
703
704
705
706
707
708
709
710
711
712
713
714
715
716
717
718
719
720
721
722
723
724
725
726
727
728
729
730
731
732
733
734
735
736
737
738
739
740
741
742
743
744
745
746
747
748
749
750
751
752
753
754
755
756
757
758
759
760
761
762
763
764
765
766
767
768
769
770
771
772
773
774
775
776
777
778
779
780
781
782
783
784
785
786
787
788
789
790
791
792
793
794
795
796
797
798
799
800
801
802
803
804
805
806
807
808
809
810
811
812
813
814
815
816
817
818
819
820
821
822
823
824
825
826
827
828
829
830
831
832
833
834
835
836
837
838
839
840
841
842
843
844
845
846
847
848
849
850
851
852
853
854
855
856
857
858
859
860
861
862
863
864
865
866
867
868
869
870
871
872
873
874
875
876
877
878
879
880
881
882
883
884
885
886
887
888
889
890
891
892
893
894
895
896
897
898
899
900
901
902
903
904
905
906
907
908
909
-1.438201388559056 1.564280776631007 -0.8611029246689237
-1.596775123585227 1.636419622576579 -0.3329895716792808
-0.8321676515482862 -0.8731485155309002 2.100172192914886
-1.108135995511355 -1.132640232825895 1.819031255239382
-1.70610607325967 -1.442709347980511 1.010556772974598
-1.175101564032371 -2.118533741139908 0.72402385351423
-1.677295906619539 -1.509907456879779 0.570403472709198
-1.377229904011829 -1.829219313825655 0.3271015314866027
-0.1028517756590454 1.636757284454243 -1.541166413128363
0.05652249226214046 1.276217730547082 -1.879081002517666
0.6961130587396618 1.622431084688629 -1.493740030315622
0.1860133112196792 1.159918015004613 -1.327611216000047
1.178681850144945 -0.6306513243294881 -2.093834339681151
1.183944454584104 -0.8013369178333413 -1.661164513119106
0.4505042211529726 -0.496474643403831 -1.882743576477086
0.7940987051841932 -0.8473740437577411 -2.076953619020481
-1.421147627354429 0.6724408222931305 0.03699736149686715
-2.131672388619879 0.4158886800606794 -0.2618965256203567
-2.248626267125934 0.298041791720896 0.2155857451498917
-2.192448040373468 0.8154044427349656 0.1337237426663218
-2.338279400875784 -0.5108383578727063 -0.5606840050622099
-2.405037896076173 -0.01937196510274568 -0.6099489635007969
-1.894197594341331 -0.4499188424359154 -1.089011726352917
-0.2232149350546939 0.9536918204935708 2.220604726172127
0.2357993582724098 1.549746855149616 1.861588097830311
0.3339704918461266 1.072347801785525 2.093486643482037
-0.05781584863863712 -0.4933149384061263 -0.08453033999609194
-0.5647748018549095 -0.9477445964298753 0.2344935523607204
-0.5299257275617638 -0.267877906011483 -0.7598858004075838
-0.9356226642689098 -1.062222778774262 -0.6464287197082044
-1.18603794396469 -1.919975273164868 1.135508916345337
-1.134356562040905 -0.1008700237627461 -1.283990666539295
-1.225973390721231 -0.7305024558217585 -1.025634201686642
-1.607853775888653 -0.05822406789910153 -0.06217045256202763
2.382965930512901 -0.247692559675943 -0.06765529071241907
2.115726832898279 -0.5946647237973151 0.2801192701945998
1.430682569608336 -1.495821965533261 -0.2674008229208685
1.210595654132646 -1.401619886728588 0.1729435984097071
1.580206262722017 -1.829623195529688 0.05641387862046537
2.007084201213412 -1.505685670855114 -0.002481939618352205
-0.01788764111496551 2.414421012037938 0.4442953092359654
-0.3943027369525934 2.34359048587241 0.2008818384055104
-1.015876437782649 -0.3090415299115392 -2.17840691532502
-1.484353809903797 -0.2333807809192155 -1.817945257817348
0.2921046259434272 1.7348651028395 -1.230237649238668
-1.787920952384002 1.08949017153294 -0.2200083028163353
-1.900680980170796 1.221746539273009 -0.7174500951285605
0.990247609468733 0.8272326293148875 -2.106652060251044
1.164612616192551 1.11358338001874 -1.712277923552031
1.571431180945734 0.7610583741508048 -1.73503881113445
-1.462252163128986 -0.8361647848162946 -0.1859385387970927
1.33289508051435 -0.1279834865952065 -1.393252747080588
1.155477423623949 -1.054768797353227 -1.089445630456935
1.789124294125942 -0.8711166388542184 -1.152617547063921
2.117956116529246 -0.5631083630438632 -1.096935185745243
1.970886498967091 -1.157028442243409 -0.6893961530266759
1.438491884958198 1.189522211205296 -0.7460610772155324
1.706707942901998 1.303443500148805 -1.191064364259086
1.981536410985482 0.8576804854130768 -0.9223272432044898
1.402511023990123 0.877674402595805 -1.193919442729824
-0.2577975438249808 -0.2184533947536879 2.357803160389345
0.09650047405068109 0.3100476123606072 2.143097667236041
-0.03593229845054555 0.1135833722347738 2.491421844578027
0.2285396941373641 -0.3677720141146696 2.167645760813789
0.9577221131380039 1.18158839681868 1.489121688445393
-0.0043165936674575 -0.1663313160476287 2.704482333500162
0.6811396111616687 0.02335446083137271 2.282233997602596
0.7821375909798836 -1.668029685979469 0.4052536878005329
0.4368756233443178 -1.645062145965843 -0.3198111010231217
0.7249781992004891 -2.116090640281072 -0.1284243432066666
0.167722135306543 -1.572778234953668 0.2451903469426475
1.567359395960821 -0.3582143558496534 -1.781232599294029
-0.7941995995178718 -1.351159899755682 1.482696257525974
0.0325449682232869 -1.245940859882501 1.495763308275191
-0.3782541190262979 -1.6200394742707 1.561739699528209
-0.6539017938264824 -1.410013504788805 0.9470668871994257
-0.5591278916450702 1.238001553358412 1.954837437764159
0.6001859315411259 0.6089077757946013 -1.495247631240568
0.284774071270577 0.1849277562683509 -1.800566832465957
0.9990587097282977 -0.06211023216720762 -1.790153606005424
0.5864567027806196 -0.2486481090545969 -1.200109263961414
1.123677821811673 -0.8761696646143519 -0.2762806558909684
1.464202808989323 -0.2457214970611789 -0.1886876256734109
0.5878918203577852 -0.7569030574809659 0.2548656663276431
1.401482524110334 -0.4280020367549298 0.5485591386530184
-2.10271117380648 0.8052474522653386 -0.5589835148109462
-1.38535559528256 0.6386156396585538 -0.6498709602736129
0.2732896332551429 1.445162515629463 -0.8010221757807907
0.3582033716448165 2.120461353079801 -0.609364842695602
0.8390963556441842 1.676468061538644 -0.9816165902394786
1.08903113667262 -0.2985595028670355 -2.269643187978382
1.124506617912169 0.4104291526486456 -1.93724050777657
1.635802767967665 0.1396080323955571 -1.706179357234167
-0.5518305381677379 1.755954799525302 1.591671959602392
-0.1393489996662451 2.511453272838035 -0.2944949688927605
2.001298982867644 -1.081469302367374 -0.2231287711106794
1.78705895599859 -1.563487300114278 -0.4863781422486367
-1.105146303428904 1.140102551010771 -1.368466864260911
-1.250756300647307 0.4844431602764727 -1.815697878413911
-0.9532069203875279 0.4671566263190057 -1.061618493146432
-1.606396534050371 0.7943980605917104 -1.152796776787653
0.1455302745001391 2.240218644100164 -0.04137772138478784
0.4602151776274871 1.865563166538708 0.5591219446701605
-0.1933432476347913 1.706881537604516 0.6077589264401965
-0.1065270063376214 2.18146252741818 -0.6824827687079323
-0.5683805136277036 2.009244248379451 -0.9048063419143718
-0.03382569862034171 1.972467651399424 -1.066500515751463
-0.4015164264982813 1.39313777399597 -1.020726542322323
-1.376647681201378 1.663567111894991 0.9594248235478026
-1.361014023379844 1.020431931940591 0.8271560385679546
-2.050573764444207 0.9483794162556757 0.8861022997171919
-1.831073015250241 1.311962235792472 0.3090897007321706
0.5121618634021903 -0.2001488353775402 1.729919812635137
0.6881768669216837 -0.6840786389346899 1.77148119466497
0.9070519046163987 -0.328738461707284 2.208838433611324
-1.655674970711192 0.4093202003139106 1.252807140976224
-1.068942480492438 -0.3451818466759155 1.229644893549151
-0.5888091561345804 0.5161329576613627 1.266120505746288
-0.9478423813709534 0.05492767278258323 1.59338825562614
1.183251524456782 -1.274710268955024 -1.704012099480839
0.543696615288629 -1.476258814598264 -1.165778328454411
1.19185148484589 -1.592825665719817 -1.306121491000296
-1.580216250640599 -1.829617805137171 -0.05643196240058945
-2.277299085483974 -0.2043070033134062 -0.1257155695658128
1.484355956897277 -0.2333722919597816 1.817944362212505
-0.004189081626538985 0.4094926576902066 -2.533714588319345
0.3447483202074688 0.519292996448393 -2.144264695121166
0.2173237167355336 0.01441121221644182 -2.344327151092588
1.369646932313558 1.844002690684965 -0.259376883353483
1.20591281525317 2.212023738238662 -0.4022350719505272
2.09078099296879 0.0401543301039015 0.2911822565559921
1.917746768198658 0.527725392780068 1.4310568130135
2.242211237072261 0.3131060360404851 0.7268510611401392
1.914226094902493 0.8911285280078156 1.214929156663193
-0.7886858408907376 -2.187839921992653 -0.7675627898534318
-0.5614314522031505 -1.852194448154746 -1.271807889708495
0.7280404130076332 -1.430578027505954 -1.773408911786842
1.037246946304073 2.035840876220196 -0.06110445140291062
-0.29611204145655 1.319527736860791 1.111908887150032
0.71126193225696 1.420494179600101 1.020832621999736
0.4562266025901562 0.8534038248003804 1.281068897215989
-0.1573217389242172 0.7206194638880945 0.6328070641684818
-0.04085967852167119 -2.364647283618497 -0.1100821299210619
-0.9729014569853121 1.606950551385832 -1.296649643148686
2.348770204174859 -0.1435341883582236 -0.5861629646579289
2.183895314456464 0.1948415826736645 -0.2697001863279171
2.086646381677671 0.1616971098286067 -0.7435219298615242
1.209390801018347 -1.437890930699836 1.2264371751199
0.8435719917595488 -1.330382077514268 1.910352215921482
1.239926963588098 -0.8610990962340013 1.944955191408023
0.9783749080072349 -1.031977435332039 1.506135104367651
-1.840750038779948 -0.1125141807546232 -1.489493164461926
-1.776320660547617 0.07092823028274048 -1.019929754780114
-2.1112879213681 0.4194490478234497 -1.223876131895732
-1.920558330359136 -1.246841806373556 -0.6191191742974265
-2.096842179793823 -0.8853330689649228 -0.7505979484228922
-1.938311929739964 -1.260718185447619 0.2804189841346326
0.3026837951477299 -1.102264069920263 -1.63651360841399
0.09557520862985824 -0.8996269265890083 -2.327257019654524
-0.163027745947513 -1.35569293094576 -2.122602751511372
0.4897804144529221 -0.8214736898695996 2.323738623506567
-2.00808156650623 -1.064697279054289 -0.1730821342269532
-2.071433909406449 -0.6678990929932908 0.1389041583011054
-2.338058086366024 -0.7317589674946291 -0.17727703211417
2.192970346104649 -0.998565737581772 0.3465293603693266
1.9850160722629 -0.8265225905440693 0.9747599491688267
1.765366857698624 -1.027488160115072 0.1769444527013219
1.391156544433339 0.6154721445137901 -0.5309705785827225
1.473796047008597 -0.3811550733486387 -0.7749334974210675
-1.01368072284037 -0.9528976105924283 1.314654307207615
-0.05859328452937539 -0.6421231858997614 1.550784158774977
1.923094320064843 -0.1770542456544948 -1.303036301745547
-1.355536158412896 -0.8131806598016872 -1.844782671576139
-0.9954443193798269 -0.8507903988269765 -2.051242186550728
1.84538546858977 0.4554476367603714 0.01871767556444554
1.437397095333915 1.01555625167911 -0.06503300438841005
2.266929205049707 0.9257015333895451 -0.3369231755331291
-0.9452346818248357 -1.333056649425684 -1.847676614629111
-0.5790652803695868 -1.516539099775402 -1.590932162868157
-1.171907463361212 -1.535414544475026 -1.467595048130854
0.01039475156392803 -1.457461560165846 1.947006838146963
-0.02242880005820724 -0.9615396183180598 2.131611054773534
0.4015464203248506 -1.471180319617967 1.872987443997178
0.3595175416138907 -1.030293852982858 1.840237606182229
-0.7485671523528825 -0.6294951410603448 -1.482223073488814
-1.685167119741978 -0.6067957041309981 -1.53939928964558
-0.1994981149598966 -0.1660686792000932 -2.388416588090973
-0.2588403005047943 0.3435404158457107 -1.935370804280791
-0.6956870744477396 0.5251355492262908 -2.291178011768984
-1.057346791575605 -2.023388525011896 -0.5201508318947784
-1.931048658496043 -1.522373195814805 -0.06831588707093518
-0.793776233754968 -2.098977132969886 0.9441862079082384
-0.1438083527621111 -1.811444340870558 0.9983231826397063
-0.4803122136377471 -2.051737581980685 0.2187166550763839
-2.079773820543821 -0.332894917868824 0.4603888585548413
1.086352740389697 -0.9075593759787404 0.7916994496449919
0.0001399305446728172 -0.8136923186030405 0.814213954248316
0.7803894414198668 -0.1970802761669017 1.025682603361349
-0.1981174323204878 -2.232303745191506 0.6458391769123901
0.1747997052686121 -2.338250960269013 0.3017905263189543
1.588538152491844 -1.036947783547157 -1.548206349621765
1.785367108773049 0.2947778384328328 -1.152582102671951
-1.516039324314722 -0.04488055881047724 0.6609604767187683
-0.9270050854195535 0.5253426679885572 0.4436654952893285
1.496678191168167 -1.158825139262961 -0.6414801414837694
0.9412868720096126 -1.611109668706221 -0.680573069425203
0.1395355498836187 0.9533260029238571 -2.114753639708159
0.555021158256915 -0.9864683575965032 -0.6413915653614863
0.2773911450459441 -1.735532738002212 -1.581593159068
-0.09506831866255006 -1.92542187833257 -1.441007598355623
0.980521609052166 0.008632659965655015 -0.6081108298090783
0.8039395966093386 1.199573178136677 -1.299272763466996
0.587206773198541 1.137527443341966 -1.739540216214639
0.07017662572857238 -1.700013327276668 1.518465303176934
1.205885222690504 -1.976365756199594 -0.283982479634109
1.926367652035966 1.260215266561939 0.03108779909424401
1.271942723563747 -1.852124364731613 0.416684355001651
1.69097031717816 -1.809111668867032 0.5504868150946135
2.271455044956043 -0.373040601782455 0.88650228496357
1.953835090785816 0.1017403645564553 1.157483776860726
-1.066533841935835 -0.5682282712927061 1.769105230357325
-0.5718240044972748 -0.7125301135719545 1.756219756780011
1.557136498406168 1.883405954048772 0.1932621345895305
-1.826083893483905 1.029672605754659 -1.420306319711877
-1.497913739225059 0.8075061269180446 -1.752345889882512
-1.57847258034394 0.3858365576638521 -1.543702187858709
-2.059728311587943 0.5753475270577043 1.053176745723023
-1.899141232722136 0.8904143453835002 1.247706623291772
0.681144843332357 0.02332043256298244 -2.282227667461383
0.4819654036052458 0.01586044928936156 0.0433777399930746
-2.35178951264966 -0.0104714131541697 0.4978260347692272
-0.5137881011326969 1.848714628802659 -1.420171409102807
0.5227421880395668 -0.4557743788054834 -2.33947722382258
-0.1403522242336722 0.726018853276545 1.721617723074736
0.7694912852049078 -2.093221909305627 -0.9465769188349716
1.87780871693525 1.340120275948168 0.8249418354373964
2.239418351881569 0.7903274729249443 0.5064945458984238
1.800266075519373 1.009899260135137 0.4989275590574865
-0.03947704694814372 -0.8023546232675158 -1.889256286452161
1.042613127428365 -2.125634141637041 0.1797851276728408
1.317661705795704 1.501895644130745 -1.325847190253715
0.2844535833343626 1.731056278023914 1.144237483236195
0.6490292701951152 1.640908666569392 1.589767033648397
1.933660571735501 1.189061862557806 -0.6073509966468374
1.705264983614454 1.551402628406101 -0.8028208066346205
0.9866384528891131 1.704908260939466 -0.5064264580724077
0.8174140734496466 1.502054243547568 0.4168276687430271
0.8278877467292767 1.203768364920869 -0.3057517565370216
0.2575807117847786 1.272460768998181 0.1357746610810847
0.5643352998113738 1.799053491378395 -0.2147819214474192
1.335949710836335 -1.843411674549546 -0.7549794060164666
-1.787699933051369 -0.8729704676050174 0.896574611636906
0.7993640157334043 -1.889559936522385 -1.356794376906405
0.4567838544103412 -2.443010018345004 -0.002494665465275034
-0.1141314585009959 2.248779654290335 0.9165933296166243
0.647208440124975 2.206749086138438 0.9590360011165733
-1.452959756650802 -1.08902756841576 1.497840165979938
-0.9040651241643183 -0.3419620680857967 2.201031238686522
-1.757992137619209 -1.004925302618958 -1.301925104940666
1.724302613969395 -0.7426283819894687 1.63850411757295
1.907052937567007 -0.3424316636650604 1.410463071955864
1.383268661589434 -0.5103395781298385 1.233997140803256
0.3077020264320156 -2.255171846892948 -0.5552105666866188
0.1766762282765493 -1.852194558429999 -1.035363672474779
-0.6132149688054183 -1.80797386494605 -0.6378692691304654
-0.2854623515747841 -1.967903545580705 -0.2712514180044956
-0.09688249909334584 -1.295854728353106 -0.6665036288953299
-1.743647928958184 -0.6440681503294086 1.289091819759439
-1.27826242587711 -1.13494497356027 0.8978103201351618
1.732978965681216 -1.280471202136019 -1.213381629276964
-0.4298824903886884 -1.983237751050898 1.294510480534653
-0.8570533523121158 -1.759197785311082 1.299030377821576
0.4379972281921324 -2.089849398032113 1.207847081070925
0.5773485048735311 -2.266945467633505 0.7696078166023806
1.031817598732028 -1.881101059186182 1.092852018612604
2.307119297645192 0.7205429068280141 0.102195458973879
0.4971970876848067 -1.101797108564574 1.277493723499622
2.201300059486119 -0.5317354786444697 -0.7060589019958987
-0.6128215690212887 -0.04362813979044884 1.985546251686552
-0.07881978333986575 0.004634663582346572 1.779331458204848
-0.4487951424307638 1.292560735214109 -1.614957717632954
-0.3918894848099579 1.056975256531627 -2.175005085653703
-1.252055358746291 0.5086758047405997 1.847518112512705
-1.667785386861507 0.296548843079371 1.772939314215005
-1.492139898382961 -1.37153389129862 -0.787213768592224
-1.276995913214557 -1.098009729691249 -1.426331352571611
-1.753642527057028 -1.390999628394284 -1.150094322697459
-0.09871795426584326 -2.230626141473238 1.072080207899458
0.2867878996052373 -1.90528705199506 0.8539993875694893
-0.9356616231846024 1.073822789417584 1.568871760932606
-1.178863780993396 1.85015414836586 -0.1600375664631697
-0.9007609430161465 1.611463917581433 -0.7176261977808689
-1.98921324701436 -0.29259660274581 0.9227423221569732
2.234052936111503 -0.6388339644755638 -0.2745688380904858
0.8716983780083475 0.6939108765807286 0.5515696495678838
1.668057631858055 1.567311658156039 -0.4007579569507406
-0.8659855177243232 -1.595848954275312 -0.993165879354968
-0.7655096791224851 -1.193251565602158 -1.288298774831091
-0.5616473894931784 -1.300642079786779 -2.072022474742313
-0.1873859774053466 -1.282031393759217 -1.497852686042785
0.6805336236780718 -0.8487225242349565 -1.37019154608148
1.318864446220658 0.7557934217788073 1.846032657565724
1.611547878522455 0.9750060171352583 1.548707542427285
1.596771360327462 0.3337189248118473 1.636418653520257
-0.9594527631451211 0.4568533738733352 2.195079330173803
1.871802015108954 1.51219139359094 0.3550601030267057
-1.102186805294227 1.297956509183957 -1.823251947266629
-0.8011893526507528 0.6362313036905334 -1.778181867740281
0.9780994650238176 2.179394797921499 0.4306585324730441
1.130855635023687 1.855424633175607 0.9699553920246951
-2.070994472334054 0.2752748544498799 1.333542905218915
-0.06241835008404905 -0.7234550878294339 -1.303373610556817
-1.426904077443899 -1.8027437156997 -0.7581284450574606
-1.470909616822981 0.8742059548642638 1.497839130556826
-0.1695790892922746 -2.303062482169867 -0.6402905967324307
-1.697492316715773 -1.605814268976999 -0.4121366881660113
-0.4764175282780848 -0.9015110538431015 -2.212428860679116
0.04014069866015069 -0.04110092323176408 1.112358906241574
0.3441606282826581 0.6051421482632767 1.864820105464122
-1.153773055134104 -2.23612210074641 0.1273182689515651
-0.5926114672899938 -0.02892462131204279 -2.041076109929602
0.5727637392990945 1.997892619918411 -1.414964198240027
0.6081274007744119 -2.220384800063446 0.3102484391813627
1.102569099715205 -2.090935665541824 0.7467854370321461
1.639723431841327 -1.364122055137778 1.076899447286435
1.382893138257183 -1.352607116446169 0.6981501883109233
-1.443537709952181 -0.8004780172999866 1.79057891239908
-1.418219695313254 1.590470732364305 0.3382442003642885
-1.385812680899994 -0.6151308853272939 0.5464793825887149
-0.7219493084153125 -0.08932860175183754 0.02582537250973026
-0.5876270693906576 -0.2539375125967913 0.7576810456337133
1.281429651042949 1.714775497765958 -0.9883724882381872
1.587372542764189 1.721035735417209 0.8144422189212042
1.318606281165381 1.247454241946551 0.6764742731257207
1.611718412575596 1.367601495745858 1.153945798627414
1.165378355837118 2.131497313017142 -0.8826338899686608
-1.567362066978965 -0.3582062654680338 1.78123151580848
1.478869886686777 0.1564013012423806 1.100512858702765
-0.6870673787695382 -2.284477820925113 0.5877965007857882
-1.177819947763339 2.187272231448527 0.4504610348454961
-0.8549010165775488 2.227709618713281 0.2391509875958175
1.706840680024027 -1.056977587550518 1.343250708575424
-1.655557322020644 -0.1904483265879778 1.228297182623662
1.773984123019455 0.4469885644092153 0.5958231334339285
1.206380505640612 0.388958260867367 -1.375294994180412
0.6053416259529094 0.8185779657942551 -0.8180591757130466
-0.6954748366954779 1.769976454462366 0.4086582290537138
-0.5131578114731962 1.569462202032584 -0.2055192919990797
-2.272896622562275 -0.701933585742618 0.7343402061739845
-1.907893261832463 -0.2387928808348263 -0.6366574189902177
-0.01414839037815212 1.905716199505969 1.593583482044018
-1.223164172284657 -1.29280930696396 0.1377910917265664
-0.900729997992527 1.165663039391482 0.06397845339732544
0.7325959018165265 -1.551382988418271 0.998525571984995
-0.5781988553247365 -2.470767845795535 -0.007455176932259881
-1.19829936924707 0.1504088236677688 -2.131512554433743
1.865774249393312 -1.412935769712091 0.5015490701029193
-0.5470944216308721 0.1018421148459307 2.38533549105132
-0.3870194166720322 0.526228668359779 2.143805925617462
1.349544340192934 0.6822119165757758 1.214600362812681
-0.5687876649329013 -0.7045474363065788 2.341662568227464
-0.3792248439088098 -1.258670454669807 1.851844705887571
0.5169814927367863 -1.725540416463317 1.377479840016964
0.7771818321476257 2.300834069237047 -0.3551877428408124
0.6462592858972021 2.264114475906801 0.1276947853166734
1.553999551825276 -1.584052727450675 -1.039236249112075
-1.313566326841265 -1.538543147096398 1.255371320046128
-1.856242530297506 0.5009887271352238 -0.8526007074308402
-1.928444318953568 0.8979522222927467 0.4762741826596538
-2.11032838021928 0.9445742782173777 -0.9975129644578933
-2.189023508406681 0.3074995238838928 0.7484202117148659
0.06926305653082751 -0.4226220498614716 -2.427711973343119
-0.3394135961285291 -0.5190403899290696 -2.151948170041345
-0.6200525979740013 1.890343011983353 1.188457575889575
-0.8254581466287294 1.382018820769989 0.9367804244128237
0.9655834999702598 0.9370609591684312 2.018556480208594
-0.008633289102645547 0.3508800702313017 -0.9899882785912417
1.883408108217913 0.6863821818710028 -1.37779189339378
-0.2824937419376392 -0.1534369242283793 -1.633288453750618
-0.8024192472831431 2.073220382639291 0.7988941293865577
-0.5385738361830827 0.6845069092554563 -0.3821776842826231
1.213438113325254 0.0841300182067708 2.146247567497599
1.136178969156079 0.5670208810924137 2.145842489395219
0.7118721253055154 0.5262539160819465 2.125373509758112
-1.081804099775084 0.9075050376444822 2.085407342516305
-0.7250143131022579 0.6453299031537227 1.805054920840324
-1.449133861844049 1.421735219666913 -1.365003223690661
1.058053309193204 0.1786664046994602 1.702583536498866
0.5293068191448271 2.31125824322225 0.5877002734217797
2.270928407105695 -0.2155029612652484 -1.002400543155093
-0.820826157050806 -2.164463667263922 -0.1366761611936747
-0.5734187930708009 -2.351753875707708 -0.4011067863849084
-1.192626994957661 -1.572586732280803 -0.2912686456647652
-0.9277538057751191 -1.919790365656909 0.3104941270999404
-0.08191157380731004 1.293626130909559 1.700988997321987
0.09570718140956562 0.7099756936106494 2.289895934824421
0.5842358772377421 0.9877226089973152 -2.247332606300821
-0.6742186248458554 2.202367893038753 -0.3668681467341567
-1.631420574897657 0.5020209398262159 0.5787930991547058
-1.393532401897723 1.368051159901754 1.380872174205118
-1.213438113325254 0.08413001820677124 2.146247567497599
-1.108829762099328 -1.702077056009503 0.7099948456573069
1.925358258117785 -0.1637341961578496 0.7212655524969964
-0.1681160295564776 1.874835933499379 1.109688291375413
0.1368359526529316 2.077534021340489 -1.509705188814254
1.251000684777331 1.76221208987176 0.4485463773913296
-0.99651433653053 1.839071133774657 1.306174015195563
3 2 0 291
910
911
912
913
914
915
916
917
918
919
920
921
922
923
924
925
926
927
928
929
930
931
932
933
934
935
936
937
938
939
940
941
942
943
944
945
946
947
948
949
950
951
952
953
954
955
956
957
958
959
960
961
962
963
964
965
966
967
968
969
970
971
972
973
974
975
976
977
978
979
980
981
982
983
984
985
986
987
988
989
990
991
992
993
994
995
996
997
998
999
1000
1001
1002
1003
1004
1005
1006
1007
1008
1009
1010
1011
1012
1013
1014
1015
1016
1017
1018
1019
1020
1021
1022
1023
1024
1025
1026
1027
1028
1029
1030
1031
1032
1033
1034
1035
1036
1037
1038
1039
1040
1041
1042
1043
1044
1045
1046
1047
1048
1049
1050
1051
1052
1053
1054
1055
1056
1057
1058
1059
1060
1061
1062
1063
1064
1065
1066
1067
1068
1069
1070
1071
1072
1073
1074
1075
1076
1077
1078
1079
1080
1081
1082
1083
1084
1085
1086
1087
1088
1089
1090
1091
1092
1093
1094
1095
1096
1097
1098
1099
1100
1101
1102
1103
1104
1105
1106
1107
1108
1109
1110
1111
1112
1113
1114
1115
1116
1117
1118
1119
1120
1121
1122
1123
1124
1125
1126
1127
1128
1129
1130
1131
1132
1133
1134
1135
1136
1137
1138
1139
1140
1141
1142
1143
1144
1145
1146
1147
1148
1149
1150
1151
1152
1153
1154
1155
1156
1157
1158
1159
1160
1161
1162
1163
1164
1165
1166
1167
1168
1169
1170
1171
1172
1173
1174
1175
1176
1177
1178
1179
1180
1181
1182
1183
1184
1185
1186
1187
1188
1189
1190
1191
1192
1193
1194
1195
1196
1197
1198
1199
1200
2.05833878304546 -2.33317840368435 -0.0631951015874956
0.6921137983256029 2.983335875960559 0.4205234074100381
0.04786344507351865 -0.6750807425829024 -3.296506320304338
2.963091693050574 -1.179390367060433 0.3097517175128791
3.198237430245855 0.01074786735422807 0.9926621696300773
3.159983288926464 0.1072029340679572 0.9065263787748253
3.179059864702288 0.1216889438819199 1.02236439166317
3.270209275513001 0.08107748091516723 0.9264557768055963
0.6500606033335179 3.188514641238777 -0.3447408542766265
0.6138345773802453 3.064878581809007 -1.015254662144593
-1.861134563222089 2.693132494308979 -0.2752149848755721
-1.974555542668993 2.622306939644338 0.3453153183391043
0.03205092708154757 0.5719082085580443 -2.944813728967263
-2.472927518172789 1.300210723208334 -1.679313380533646
3.075673189623693 -0.001996607587295861 0.8758558801811347
3.099601916500449 0.01432743059885345 0.9841996296793579
-3.167073053035181 -0.2571391816864392 -1.03720709060809
-3.199128094851465 -0.760255084020412 -0.7290380788274023
-3.251205424783461 -0.1552887266931434 -1.000954052692203
0.4709669403185689 -1.842229123870476 -2.65585616149226
0.08203041444404785 -1.602730546569319 -2.533676083414363
-1.50000227879403 0.7130165351596982 -2.825195815325063
1.971272523714645 -2.234378991519005 -0.5981400696648763
2.160926513913845 -2.103283870434142 -0.775489654928829
1.375276679218843 2.968095723466843 -0.3270491958413753
-0.2541032860579928 3.095710906454414 -0.2884880540313433
0.05274542698346357 3.284731778054048 -0.3419333136877643
-0.00262992853902061 2.844000353440198 -1.634919734210527
0.09085676450322414 3.105045802264804 -0.5083379598184776
0.007300498735331395 -2.88332112764899 1.663037430696208
1.931753647801376 0.6178299829099354 2.642461902400555
3.199099199398689 -0.2513422356045563 1.02295877639314
3.062220390316995 -0.1452414605956725 1.004304657745946
3.28162577151152 -0.02966449341441472 0.9719352278367772
-2.011648213239237 -2.218228181967921 -0.7271353045618777
-1.326558088140636 2.98572502644849 0.3591251442382649
-0.7265628948339709 3.335644512648803 0.3836000959204978
-0.7159723690190666 2.883053010349431 0.3773620669015923
-0.03201280392855498 2.87667561001925 -1.219463474869171
0.7342698021639857 2.984944848566132 -0.3353893021792765
-1.449112849441752 2.835184639344371 1.055509122584273
-1.454279761407039 2.731438335215723 0.3620648408189778
-3.282783423626737 1.04912763086887 -0.288570883438433
-2.96693318845653 1.19008642112836 -0.3147318542269939
-3.144787191139297 1.010985599689605 -0.2812403512326593
-0.02957208476334061 0.03932129814492782 3.380578407081012
0.02396809778075931 0.4210696836282533 3.081053736667041
-0.005275935749279176 2.045480386480043 2.665466250023183
-0.003087996074203472 2.432288209661398 2.199957048661315
0.04777691972235049 3.187796197911181 -1.067086639102744
0.06422755090743749 -2.95285067966161 -0.8074940411825037
-0.003747143778271608 -3.221039054405116 -0.954001363988408
-0.7263982931935541 3.075135478421196 1.019690876716139
-0.00373299921346619 -0.3281299141921437 3.154478909376068
-1.395883390552272 2.034376971524067 -2.111299714419847
1.94465805357202 -2.230014284939422 1.572728147427476
-2.903772281585835 -0.8297947418574572 -0.8487051397950807
3.19963050624308 1.008042506177265 0.2969209070466386
3.009075038649815 1.150946440557005 0.3027273840805575
-0.002860318462271194 -0.04907739721671235 -3.322740614541363
3.041972436070404 0.1747097267864448 1.012187881007826
-0.03249704478403906 -2.646250422715927 -1.464572895162792
-3.199099199398689 -0.2513422356045563 1.02295877639314
-2.95897597159723 -0.2792769673557527 1.133202737622163
-3.121741917406212 -0.7058956660883213 0.7979647410408284
-0.09221233447546431 -1.722528670198022 -2.64307332227237
-0.00284934123971739 -1.354114667440648 -2.968293197536746
3.199579198365065 0.2471334781232912 1.021468960889917
3.287854292351827 0.1620282244515829 1.00490086583465
-3.013642052712496 -0.007455233589520702 0.8620380499525176
1.305356404307367 2.829544475715504 1.038892309438244
0.7106068232012493 2.790502289399891 1.042906423035696
1.475387950173963 2.582101160282598 -1.765911589958548
1.428889923518606 2.05557032490698 -2.229893131224769
1.449603935466305 2.515752986229106 -1.699393867876263
-2.844974870093257 0.3292103396169129 -1.046366092979816
-3.042096723829955 0.0444492414907367 -0.9786473732404557
-3.136745214851393 0.3350818667763431 -0.9884853597364165
-2.033754230017397 2.347877655990667 -0.3638823489220249
-3.086595883698869 -0.007680147522662229 0.9869437893513754
-3.074395857767682 -0.1514318586689235 1.001720847577004
2.153418808835863 1.881754487562398 1.21919577946685
2.901688983803929 -1.426370046205229 -0.3502358552118101
2.782066607911979 -1.552958109601934 -0.3210520049663614
2.627606034196015 -1.590181291448029 -0.4183859799070573
2.892197390919071 -1.561535354564301 -0.4722979978782111
2.083491234852733 -2.629388774388878 -0.7662165075791749
-0.05489953192841732 -3.128280976924393 1.112459301848365
0.0002587412208005374 -3.098371029291228 0.6949908143606368
-0.07113855230403907 3.300045859830475 0.2974508681679165
-0.00331672458136642 2.948483489768112 0.4374732935850531
-3.13630763115292 -1.027102387961525 0.2178256341605714
-0.8155866297103779 -2.108041528171213 2.499083353925748
-2.536895840229285 2.151452311178703 0.4072273156013273
0.6651056703699423 2.853513224009607 -1.012811249085821
2.000905533505613 -2.265450418852843 -0.7248944216419819
-0.001480803225381152 -2.455462658330196 2.161988839843643
-3.062189861804031 -0.740565962257199 -0.4495123364690162
-3.136747219316973 -0.8626188131566122 -0.4003120039860253
3.170493768328364 -0.0778818928116182 0.9565081741337889
2.149052704442001 0.6209138257690174 2.179488441038067
-2.04285893065503 -2.03692491879554 0.7869963218243472
-2.967232616803459 0.8675276224401438 -0.8734662495408938
-0.7378310436622331 3.051419278748787 -1.066058530744021
-1.309800982948165 2.82424771811881 -0.9961014755435675
-0.002218657893495898 2.441800133745854 -1.863592287708602
0.0140915684000186 2.34352763382783 -2.29645426269839
1.348253467123834 2.996606552576905 0.3615874217467435
1.493323784712725 2.702361613357444 0.4383421066957213
-2.901417633945697 0.3044783381028934 1.139467987688397
-2.057749121085705 2.413847941155793 1.050694577041468
-0.7514447855134734 2.825785847410597 1.067433856777142
2.155672614473712 1.881323267565636 -1.218194072036552
2.016592571303156 0.4869687997855521 2.337131312504591
1.472599124198324 2.348781186323414 -1.150089153419644
-3.212730139129815 0.7073794096481454 -0.8018389839991322
3.0890086675631 0.9431015146538531 0.3746510459597607
3.04629982381149 0.7249163601715503 0.44625575189936
0.7028108291885731 3.062948265721308 1.071999088208573
1.341812190260775 2.710657503935743 1.636741258354227
1.452991148330666 2.537253214595039 1.065683014712364
3.205001650505276 -1.008321366229798 0.299583091697021
2.878194177519327 -0.821934075355465 0.4631497703410262
3.02302784724254 -0.7541285832527512 0.4667130379567836
2.961712459277338 -0.8596873077223166 0.8627361159383452
3.176384391357066 -0.7126650146644378 -0.4037130485351701
3.110015745049671 -1.103072392117654 -0.2086485957409168
3.247861820050395 -0.9428731972814867 -0.3646169688453748
0.7420765722122389 -1.54606519434487 2.929923725512856
-1.442907913053994 2.998458157485808 -0.3414260933258878
-1.476652390144896 2.661375636340903 -0.430238530867561
-3.163545093457468 0.7876008217967196 -0.5573455003325452
-3.116068319033685 0.8220468981489926 -0.4790490321306025
-3.049673774641383 0.7787676473033631 -0.5851963721364857
-1.992092612561737 2.110025437628095 -1.02552927291032
2.963091693050574 -1.179390367060433 -0.3097517175128792
2.913168046674314 -0.8712535252218536 -0.923831189690552
2.898510645735878 -0.8358312026538195 -0.502997486668078
2.920028406673388 -1.586337027026888 -0.3597623815501871
3.107152220090367 -0.9430006121078277 -0.3908508025346844
-3.145399940877533 -0.09397673298782945 0.9605632585224506
-3.226933643706444 -0.004873613290705662 0.9471707397090872
2.020290993049654 2.111796632392444 -1.063932651424877
1.517257259747929 2.417066318285265 1.247661569950523
1.449603935466305 2.515752986229106 1.699393867876263
2.988576986873363 -0.8255009255465954 -0.7007258827922026
3.104617314782428 -0.785867798083639 -0.7244986255936557
3.057004595193554 -0.8343978705186912 -0.4053610757943106
2.974859446201113 -0.9678663239758459 -0.4065915426251367
1.452991148330666 2.537253214595039 -1.065683014712364
1.421301707069069 2.854546461108703 -1.066204394349142
-2.778762167741164 -0.2640135304900168 -1.048670106185743
-3.204842930346249 -0.7996390896108716 -0.5727816665885849
-3.169365867687074 -0.8312297007751117 -0.4804633037268518
-3.112232720703579 -0.7820667163264696 -0.5688531721410922
2.901417633945697 0.3044783381028935 1.139467987688397
-0.02843221948525701 -3.165485427887238 -0.09208918231220478
2.95621340489452 -1.727238753346899 -0.2883363750837545
2.759117744266588 -1.695487859596977 -0.3437987882707709
0.05275827451560224 -3.08717948740736 0.0117267013028996
-2.496064615846889 1.328562964504268 -1.906519993609107
0.6491537457603469 -1.398177893242301 3.083326210755615
3.169365867687074 0.8312297007751118 0.4804633037268518
3.302044369576691 0.9647866304060403 0.3568222562291944
1.938499752142806 -2.587900321978982 -0.9443403536873808
2.900984367380758 -0.3138094462683458 1.142435874965496
3.16339807165216 -0.7306285114947467 -0.7662111731760473
3.155971531992739 0.6675688241450355 0.7806616706524023
3.239834127573649 0.3010466240353796 1.050486840236855
-2.910675471363529 0.8946792672346759 -0.6610938648354715
-3.009773291168144 0.8121570676296426 -0.679985056317053
-3.015034582221544 0.8332024240042529 -0.4681960131438384
-0.002747623204495495 -0.0779817225619984 -3.064118874370777
-2.890048766332086 -5.40978797906877e-05 -0.9716803751519077
0.07645694531020486 -0.9514117407751007 -2.93591253516319
0.01517736236948015 -3.266156971831289 0.3632870189939498
-1.984189943543892 -2.250876558776187 0.6866308425907517
3.150589930389225 -0.6452952363298161 0.8048264439275264
-1.776820334738239 2.597380820853676 1.033506842069573
-1.939136341025286 -2.248147097947988 -0.6388492539665498
3.040975530289932 -1.587014943664028 -0.425246549343308
-3.02302784724254 -0.7541285832527508 0.4667130379567838
0.02863863919604687 2.481513014647973 1.811437020135799
-0.03346101039112054 2.598917970451315 1.773898444072273
0.02288921586412861 1.392271722124127 3.105955699753167
-3.140367812324705 0.09217111935526971 0.9519961209416542
-3.077945199285876 0.1360549347241387 1.000975600659567
-3.163396528121258 0.2410235266734586 1.008368506485797
-3.199817320303538 0.7393150741491894 -0.4268190757811663
2.098810711700268 0.86987542668349 2.611216399224284
1.861432919866688 0.6978519291006127 2.735299010955561
1.994611763656811 -1.921729388475844 1.326297361366756
-2.049727496960977 -2.027282072388303 -0.8012949680501271
0.8049301254178312 -1.826170200456148 -2.394591264243486
0.06567835471653308 -3.241117821399473 1.058109631535394
-1.422694789577292 2.527780721917013 1.690781715957066
1.552499270398515 2.691125313309563 -0.5292989192521358
0.04707328377199333 0.7097505717136204 3.196468944955605
-1.33715933122963 2.714403125419246 1.631367795631224
-0.7045356458079599 2.822074882592431 -1.148785708482748
-0.6487748926005081 -1.585262730452608 2.477156218343332
2.900490941885087 0.8327379185901986 0.8361333154664127
0.8176412401125723 -2.106421843678271 -2.499130706950897
2.578135563565031 -1.651970795242813 -0.5487730711498283
-0.002490257142019919 1.348274560114396 -3.172992503502002
-0.6480243222580151 -1.946218460754455 2.669635911745111
0.04938670841138376 -1.400265931292034 3.045916729366698
0.05434264291098213 -0.9710816122792931 2.916509843194757
0.02325617059570571 -0.7432732858581552 3.298493385399238
-0.03839016533767858 -0.8951260862478051 -3.013579586030704
-2.019455653711665 -2.053824051495149 -0.7670814641923509
3.18723861732729 -0.7665177613873482 -0.5995737419432701
3.081422549079606 -0.8074562801374939 -0.5402218269832402
-0.003166612739549921 1.927234356886423 2.439959306342729
-2.153981155582978 1.880018955179988 1.216931040054975
1.341812190260775 2.710657503935743 -1.636741258354227
-0.03169797812851473 2.488192038940531 -1.92486672809904
1.997982304043256 2.130137093034742 1.069299796596106
-3.307546389871717 -0.8451193014767053 0.4225620883904828
-2.047822481688539 2.452975279327966 1.141780476235143
-1.468081169960017 2.446695835925079 1.138378229111723
3.320874884639601 -0.7872740423869053 -0.4915610342909003
-0.08797710706553033 1.966131885568774 -2.478363591423804
-0.0597187909799958 -1.735622919907203 2.595984816229571
2.991181497746583 -0.8327052215056816 -0.5262782761586644
-3.216748594600249 -1.573247711021686e-05 -0.912609100133559
-3.084976674047311 -0.08156352109331604 -0.9775293379968912
-3.239221358693259 -0.9228174798567864 -0.3825897846120798
-3.199630506243081 -1.008042506177265 -0.2969209070466386
0.04628504357439348 -3.352310540087192 -0.3890300899121433
-2.960020709818795 0.7959887941781347 -0.5760800860320636
-2.848947151283584 0.7579129113901529 -0.4647383816832024
-3.163717607870031 0.8810211063018576 -0.4299522962254015
-3.12794896155637 0.769889669085831 -0.7947878128365106
-0.8049483383089528 -1.826176403071001 2.394589140045728
-2.862313657209051 0.9081630641793466 -0.4201733848844701
-2.842898405019249 0.8334705123390588 -0.5711899500091295
-2.6073791805257 1.471510843708902 -1.693571829628561
-0.04372549635674913 2.551841375513884 -2.272665396386352
-2.893247688163644 1.025862336824079 -0.3744560688844792
-2.152492390393307 1.878591026702437 -1.212310899246883
-0.01944489664114034 1.901659435069953 -2.366425953250409
2.082422334316758 -2.333096412870129 1.420222240559192
-3.251207305681025 0.1552742661531855 -1.00095048373692
-1.392670644178084 2.519232748568126 -1.074885555938366
-1.390449568556891 2.396267024393488 -1.070861185946126
0.6487512896633538 -1.585246210216815 -2.477185713847496
-3.218971598484775 0.9285246293157292 -0.3658073159306667
3.204901903729797 0.7996513997000888 0.5728015150387071
3.306003644602274 0.845594677703153 0.4221395757449022
3.204314516695848 -0.37830462215081 1.026520260943755
3.112417254768133 0.7822885993965956 0.5682730026688805
0.7846878248000242 -1.717311562329366 -2.296046432753409
1.928350266821839 2.027891974960845 -0.9975675054251949
1.435322203907883 1.993067518591645 -2.371563774975304
-3.273642983679126 -0.8388661152518042 -0.4342733961833189
-3.055370219263062 -0.7927528903258773 -0.6472571951223707
-2.779074365264052 0.7765831651648377 -0.7535559584136085
-2.04263891046278 2.2063267222749 0.4480788213593351
-1.290198773536337 2.573216243422592 -0.9483902332740499
-1.464028143969135 2.342648095196907 -1.144999298479348
-3.025687918331115 1.028888102731103 -0.3457090790369328
-2.890464507213294 0.7569488334612819 -0.6443698735631517
-1.925971908788132 2.026654267279949 -0.9966929439279827
-1.378661596999323 2.399255152696447 1.062514765555479
-2.891297556423639 0.8433326194129366 -0.4882238107662504
-3.280568607129608 0.8244967099802512 -0.4502599240672772
-3.021176631391184 0.9324199010983185 -0.4125105311400954
-2.013544361268904 2.103014878599743 1.051473374231078
3.054872268147827 0.7936500223895032 0.6433930808078587
3.077773142146893 0.8262544271999767 0.4859869290572391
1.331887375720204 2.455995109751479 1.009325650466594
1.928281078396169 2.027196258309183 0.9974359028760483
3.168356699726691 0.856009756894178 0.3471979791393722
-0.01603018400280671 -2.177233853494549 2.173549595362279
-0.7846937255343128 -1.717315692388314 2.296039058877367
-2.002179722755161 -2.076976440828502 0.7432863393645326
-3.281173782206079 -1.052551818648639 -0.2931494367741091
-1.927689921491577 -2.15940366170897 0.6553707941983852
1.331887375720204 2.45599510975148 -1.009325650466594
-3.31287594896418 0.02304654922897814 -0.9239402884193457
-3.264536095510751 0.2969064214076313 -1.020553011105007
-2.779074365264052 1.040583171184907 -0.2963059593672828
-1.473769944659896 2.583375230939346 1.764420391058857
-1.927586789005472 2.027368498219755 0.997012183329006
1.475387950173963 2.582101160282599 1.765911589958548
2.059085876406102 0.629590510935811 2.066174508486928
3.281173782206078 1.052551818648639 0.2931494367741091
3.307546389871718 -0.8451193014767054 0.4225620883904828
1.981372810620532 -2.660597196458243 -0.9840541459682801
1.98694705532794 -2.325055675925929 1.612570526561027
$EndNodes
$Elements
4 6928 1 6928
2 1 2 420
1 1 2 3 
2 1 3 4 
3 1 4 5 
4 1 5 6 
5 1 6 7 
6 1 7 2 
7 3 2 8 
8 3 8 9 
9 3 9 10 
10 4 3 10 
11 4 10 11 
12 4 11 12 
13 5 4 12 
14 5 12 13 
15 5 13 14 
16 6 5 14 
17 6 14 15 
18 6 15 16 
19 7 6 16 
20 7 16 17 
21 7 17 18 
22 2 7 18 
23 2 18 19 
24 2 19 8 
25 8 19 20 
26 8 20 21 
27 9 8 21 
28 9 21 22 
29 9 22 23 
30 10 9 23 
31 10 23 24 
32 11 10 24 
33 11 24 25 
34 12 11 25 
35 12 25 26 
36 12 26 27 
37 13 12 27 
38 13 27 28 
39 14 13 28 
40 14 28 29 
41 14 29 30 
42 15 14 30 
43 15 30 31 
44 16 15 31 
45 16 31 32 
46 17 16 32 
47 17 32 33 
48 17 33 34 
49 18 17 34 
50 18 34 35 
51 19 18 35 
52 19 35 36 
53 19 36 20 
54 20 36 37 
55 20 37 38 
56 21 20 38 
57 21 38 39 
58 22 21 39 
59 22 39 40 
60 23 22 40 
61 23 40 41 
62 23 41 42 
63 24 23 42 
64 24 42 43 
65 25 24 43 
66 25 43 44 
67 26 25 44 
68 26 44 45 
69 27 26 45 
70 27 45 46 
71 27 46 47 
72 28 27 47 
73 28 47 48 
74 29 28 48 
75 29 48 49 
76 30 29 49 
77 30 49 50 
78 31 30 50 
79 31 50 51 
80 32 31 51 
81 32 51 52 
82 32 52 53 
83 33 32 53 
84 33 53 54 
85 34 33 54 
86 34 54 55 
87 35 34 55 
88 35 55 56 
89 36 35 56 
90 36 56 57 
91 36 57 37 
92 37 57 58 
93 37 58 59 
94 38 37 59 
95 38 59 60 
96 39 38 60 
97 39 60 61 
98 40 39 61 
99 40 61 62 
100 41 40 62 
101 41 62 63 
102 42 41 63 
103 42 63 64 
104 43 42 64 
105 43 64 65 
106 43 65 66 
107 44 43 66 
108 44 66 67 
109 45 44 67 
110 45 67 68 
111 46 45 68 
112 46 68 69 
113 47 46 69 
114 47 69 70 
115 48 47 70 
116 48 70 71 
117 49 48 71 
118 49 71 72 
119 50 49 72 
120 50 72 73 
121 50 73 74 
122 51 50 74 
123 51 74 75 
124 52 51 75 
125 52 75 76 
126 53 52 76 
127 53 76 77 
128 54 53 77 
129 54 77 78 
130 55 54 78 
131 55 78 79 
132 56 55 79 
133 56 79 80 
134 57 56 80 
135 57 80 81 
136 57 81 58 
137 58 81 82 
138 58 82 83 
139 59 58 83 
140 59 83 84 
141 60 59 84 
142 60 84 85 
143 61 60 85 
144 61 85 86 
145 62 61 86 
146 62 86 87 
147 63 62 87 
148 63 87 88 
149 64 63 88 
150 64 88 89 
151 65 64 89 
152 65 89 90 
153 66 65 90 
154 66 90 91 
155 67 66 91 
156 67 91 92 
157 68 67 92 
158 68 92 93 
159 69 68 93 
160 69 93 94 
161 70 69 94 
162 70 94 95 
163 71 70 95 
164 71 95 96 
165 72 71 96 
166 72 96 97 
167 73 72 97 
168 73 97 98 
169 74 73 98 
170 74 98 99 
171 75 74 99 
172 75 99 100 
173 76 75 100 
174 76 100 101 
175 77 76 101 
176 77 101 102 
177 78 77 102 
178 78 102 103 
179 79 78 103 
180 79 103 104 
181 80 79 104 
182 80 104 105 
183 81 80 105 
184 81 105 106 
185 81 106 82 
186 82 106 107 
187 82 107 108 
188 83 82 108 
189 83 108 109 
190 84 83 109 
191 84 109 110 
192 85 84 110 
193 85 110 111 
194 86 85 111 
195 86 111 112 
196 87 86 112 
197 87 112 113 
198 88 87 113 
199 88 113 114 
200 89 88 114 
201 89 114 115 
202 90 89 115 
203 90 115 116 
204 91 90 116 
205 91 116 117 
206 92 91 117 
207 92 117 118 
208 93 92 118 
209 93 118 119 
210 94 93 119 
211 94 119 120 
212 95 94 120 
213 95 120 121 
214 96 95 121 
215 96 121 122 
216 97 96 122 
217 97 122 123 
218 98 97 123 
219 98 123 124 
220 99 98 124 
221 99 124 125 
222 100 99 125 
223 100 125 126 
224 101 100 126 
225 101 126 127 
226 102 101 127 
227 102 127 128 
228 103 102 128 
229 103 128 129 
230 104 103 129 
231 104 129 130 
232 105 104 130 
233 106 105 130 
234 106 130 131 
235 106 131 107 
236 107 131 132 
237 107 132 133 
238 108 107 133 
239 108 133 134 
240 109 108 134 
241 109 134 135 
242 110 109 135 
243 110 135 136 
244 111 110 136 
245 111 136 137 
246 112 111 137 
247 112 137 138 
248 113 112 138 
249 113 138 139 
250 114 113 139 
251 114 139 140 
252 115 114 140 
253 115 140 141 
254 116 115 141 
255 116 141 142 
256 117 116 142 
257 117 142 143 
258 118 117 143 
259 118 143 144 
260 119 118 144 
261 119 144 145 
262 120 119 145 
263 120 145 146 
264 121 120 146 
265 121 146 147 
266 122 121 147 
267 122 147 148 
268 123 122 148 
269 123 148 149 
270 124 123 149 
271 124 149 150 
272 125 124 150 
273 125 150 151 
274 126 125 151 
275 126 151 152 
276 127 126 152 
277 127 152 153 
278 128 127 153 
279 128 153 154 
280 129 128 154 
281 129 154 155 
282 130 129 155 
283 132 130 155 
284 131 130 132 
285 133 132 156 
286 133 156 157 
287 134 133 157 
288 134 157 158 
289 135 134 158 
290 135 158 159 
291 136 135 159 
292 136 159 160 
293 137 136 160 
294 137 160 161 
295 138 137 161 
296 138 161 162 
297 139 138 162 
298 139 162 163 
299 140 139 163 
300 141 140 163 
301 141 163 164 
302 142 141 164 
303 142 164 165 
304 143 142 165 
305 143 165 166 
306 144 143 166 
307 144 166 167 
308 145 144 167 
309 145 167 168 
310 146 145 168 
311 146 168 169 
312 147 146 169 
313 147 169 170 
314 148 147 170 
315 149 148 170 
316 149 170 171 
317 150 149 171 
318 150 171 172 
319 151 150 172 
320 151 172 173 
321 152 151 173 
322 152 173 174 
323 153 152 174 
324 153 174 175 
325 154 153 175 
326 154 175 176 
327 155 154 176 
328 156 155 176 
329 132 155 156 
330 157 156 177 
331 157 177 178 
332 158 157 178 
333 158 178 179 
334 159 158 179 
335 159 179 180 
336 160 159 180 
337 160 180 181 
338 161 160 181 
339 162 161 181 
340 162 181 182 
341 163 162 182 
342 163 182 183 
343 164 163 183 
344 164 183 184 
345 165 164 184 
346 165 184 185 
347 166 165 185 
348 166 185 186 
349 167 166 186 
350 168 167 186 
351 168 186 187 
352 169 168 187 
353 169 187 188 
354 170 169 188 
355 170 188 189 
356 171 170 189 
357 171 189 190 
358 172 171 190 
359 173 172 190 
360 173 190 191 
361 174 173 191 
362 174 191 192 
363 175 174 192 
364 175 192 193 
365 176 175 193 
366 177 176 193 
367 156 176 177 
368 178 177 194 
369 178 194 195 
370 179 178 195 
371 179 195 196 
372 180 179 196 
373 181 180 196 
374 181 196 197 
375 182 181 197 
376 182 197 198 
377 183 182 198 
378 183 198 199 
379 184 183 199 
380 185 184 199 
381 185 199 200 
382 186 185 200 
383 186 200 201 
384 187 186 201 
385 188 187 201 
386 188 201 202 
387 189 188 202 
388 189 202 203 
389 190 189 203 
390 190 203 204 
391 191 190 204 
392 192 191 204 
393 192 204 205 
394 193 192 205 
395 194 193 205 
396 177 193 194 
397 195 194 206 
398 195 206 207 
399 196 195 207 
400 197 196 207 
401 197 207 208 
402 198 197 208 
403 199 198 208 
404 199 208 209 
405 200 199 209 
406 201 200 209 
407 201 209 210 
408 202 201 210 
409 203 202 210 
410 203 210 211 
411 204 203 211 
412 205 204 211 
413 206 205 211 
414 194 205 206 
415 207 206 212 
416 208 207 212 
417 209 208 212 
418 210 209 212 
419 211 210 212 
420 206 211 212 
2 2 2 576
421 213 214 215 
422 213 215 216 
423 213 216 217 
424 213 217 218 
425 213 218 219 
426 213 219 214 
427 215 214 220 
428 215 220 221 
429 215 221 222 
430 216 215 222 
431 216 222 223 
432 216 223 224 
433 217 216 224 
434 217 224 225 
435 217 225 226 
436 218 217 226 
437 218 226 227 
438 218 227 228 
439 219 218 228 
440 219 228 229 
441 219 229 230 
442 214 219 230 
443 214 230 231 
444 214 231 220 
445 220 231 232 
446 220 232 233 
447 221 220 233 
448 221 233 234 
449 221 234 235 
450 222 221 235 
451 222 235 236 
452 223 222 236 
453 223 236 237 
454 223 237 238 
455 224 223 238 
456 224 238 239 
457 225 224 239 
458 225 239 240 
459 225 240 241 
460 226 225 241 
461 226 241 242 
462 227 226 242 
463 227 242 243 
464 227 243 244 
465 228 227 244 
466 228 244 245 
467 229 228 245 
468 229 245 246 
469 229 246 247 
470 230 229 247 
471 230 247 248 
472 231 230 248 
473 231 248 249 
474 231 249 232 
475 232 249 250 
476 232 250 251 
477 233 232 251 
478 233 251 252 
479 234 233 252 
480 234 252 253 
481 235 234 253 
482 235 253 254 
483 235 254 255 
484 236 235 255 
485 236 255 256 
486 237 236 256 
487 237 256 257 
488 238 237 257 
489 238 257 258 
490 238 258 259 
491 239 238 259 
492 239 259 260 
493 240 239 260 
494 240 260 261 
495 241 240 261 
496 241 261 262 
497 242 241 262 
498 242 262 263 
499 242 263 264 
500 243 242 264 
501 243 264 265 
502 244 243 265 
503 244 265 266 
504 245 244 266 
505 245 266 267 
506 245 267 268 
507 246 245 268 
508 246 268 269 
509 247 246 269 
510 247 269 270 
511 248 247 270 
512 248 270 271 
513 249 248 271 
514 249 271 272 
515 249 272 250 
516 250 272 273 
517 250 273 274 
518 251 250 274 
519 251 274 275 
520 252 251 275 
521 252 275 276 
522 253 252 276 
523 253 276 277 
524 254 253 277 
525 254 277 278 
526 255 254 278 
527 255 278 279 
528 256 255 279 
529 256 279 280 
530 257 256 280 
531 257 280 281 
532 257 281 282 
533 258 257 282 
534 258 282 283 
535 259 258 283 
536 259 283 284 
537 260 259 284 
538 260 284 285 
539 261 260 285 
540 261 285 286 
541 262 261 286 
542 262 286 287 
543 263 262 287 
544 263 287 288 
545 264 263 288 
546 264 288 289 
547 264 289 290 
548 265 264 290 
549 265 290 291 
550 266 265 291 
551 266 291 292 
552 267 266 292 
553 267 292 293 
554 268 267 293 
555 268 293 294 
556 269 268 294 
557 269 294 295 
558 270 269 295 
559 270 295 296 
560 271 270 296 
561 271 296 297 
562 272 271 297 
563 272 297 298 
564 272 298 273 
565 273 298 299 
566 273 299 300 
567 274 273 300 
568 274 300 301 
569 275 274 301 
570 275 301 302 
571 276 275 302 
572 276 302 303 
573 277 276 303 
574 277 303 304 
575 278 277 304 
576 278 304 305 
577 279 278 305 
578 279 305 306 
579 280 279 306 
580 280 306 307 
581 281 280 307 
582 281 307 308 
583 281 308 309 
584 282 281 309 
585 282 309 310 
586 283 282 310 
587 283 310 311 
588 284 283 311 
589 284 311 312 
590 285 284 312 
591 285 312 313 
592 286 285 313 
593 286 313 314 
594 287 286 314 
595 287 314 315 
596 288 287 315 
597 288 315 316 
598 289 288 316 
599 289 316 317 
600 289 317 318 
601 290 289 318 
602 290 318 319 
603 291 290 319 
604 291 319 320 
605 292 291 320 
606 292 320 321 
607 293 292 321 
608 293 321 322 
609 294 293 322 
610 294 322 323 
611 295 294 323 
612 295 323 324 
613 296 295 324 
614 296 324 325 
615 297 296 325 
616 297 325 326 
617 298 297 326 
618 298 326 327 
619 298 327 299 
620 299 327 328 
621 299 328 329 
622 300 299 329 
623 300 329 330 
624 301 300 330 
625 301 330 331 
626 302 301 331 
627 302 331 332 
628 303 302 332 
629 303 332 333 
630 304 303 333 
631 304 333 334 
632 305 304 334 
633 305 334 335 
634 306 305 335 
635 306 335 336 
636 307 306 336 
637 307 336 337 
638 308 307 337 
639 308 337 338 
640 309 308 338 
641 309 338 339 
642 310 309 339 
643 310 339 340 
644 311 310 340 
645 311 340 341 
646 312 311 341 
647 312 341 342 
648 313 312 342 
649 313 342 343 
650 314 313 343 
651 314 343 344 
652 315 314 344 
653 315 344 345 
654 316 315 345 
655 316 345 346 
656 317 316 346 
657 317 346 347 
658 318 317 347 
659 318 347 348 
660 319 318 348 
661 319 348 349 
662 320 319 349 
663 320 349 350 
664 321 320 350 
665 321 350 351 
666 322 321 351 
667 322 351 352 
668 323 322 352 
669 323 352 353 
670 324 323 353 
671 324 353 354 
672 325 324 354 
673 325 354 355 
674 326 325 355 
675 326 355 356 
676 327 326 356 
677 327 356 357 
678 327 357 328 
679 328 357 358 
680 328 358 359 
681 329 328 359 
682 329 359 360 
683 330 329 360 
684 330 360 361 
685 331 330 361 
686 331 361 362 
687 332 331 362 
688 332 362 363 
689 333 332 363 
690 333 363 364 
691 334 333 364 
692 334 364 365 
693 335 334 365 
694 335 365 366 
695 336 335 366 
696 336 366 367 
697 337 336 367 
698 338 337 367 
699 338 367 368 
700 338 368 369 
701 339 338 369 
702 340 339 369 
703 340 369 370 
704 340 370 371 
705 341 340 371 
706 342 341 371 
707 342 371 372 
708 342 372 373 
709 343 342 373 
710 343 373 374 
711 344 343 374 
712 344 374 375 
713 345 344 375 
714 345 375 376 
715 346 345 376 
716 346 376 377 
717 347 346 377 
718 347 377 378 
719 348 347 378 
720 348 378 379 
721 349 348 379 
722 349 379 380 
723 350 349 380 
724 350 380 381 
725 351 350 381 
726 351 381 382 
727 352 351 382 
728 352 382 383 
729 353 352 383 
730 353 383 384 
731 354 353 384 
732 354 384 385 
733 355 354 385 
734 355 385 386 
735 356 355 386 
736 357 356 386 
737 357 386 387 
738 357 387 358 
739 358 387 388 
740 358 388 389 
741 359 358 389 
742 359 389 390 
743 360 359 390 
744 360 390 391 
745 361 360 391 
746 361 391 392 
747 362 361 392 
748 362 392 393 
749 363 362 393 
750 363 393 394 
751 364 363 394 
752 364 394 395 
753 365 364 395 
754 365 395 396 
755 366 365 396 
756 366 396 397 
757 367 366 397 
758 367 397 398 
759 368 367 398 
760 368 398 399 
761 369 368 399 
762 369 399 400 
763 370 369 400 
764 370 400 401 
765 371 370 401 
766 371 401 402 
767 372 371 402 
768 372 402 403 
769 373 372 403 
770 373 403 404 
771 374 373 404 
772 374 404 405 
773 375 374 405 
774 375 405 406 
775 376 375 406 
776 376 406 407 
777 377 376 407 
778 377 407 408 
779 378 377 408 
780 378 408 409 
781 379 378 409 
782 379 409 410 
783 380 379 410 
784 380 410 411 
785 381 380 411 
786 381 411 412 
787 382 381 412 
788 382 412 413 
789 383 382 413 
790 383 413 414 
791 384 383 414 
792 384 414 415 
793 385 384 415 
794 385 415 416 
795 386 385 416 
796 388 386 416 
797 387 386 388 
798 389 388 417 
799 389 417 418 
800 390 389 418 
801 390 418 419 
802 391 390 419 
803 391 419 420 
804 392 391 420 
805 392 420 421 
806 393 392 421 
807 393 421 422 
808 394 393 422 
809 394 422 423 
810 395 394 423 
811 395 423 424 
812 396 395 424 
813 396 424 425 
814 397 396 425 
815 397 425 426 
816 398 397 426 
817 399 398 426 
818 399 426 427 
819 400 399 427 
820 400 427 428 
821 401 400 428 
822 401 428 429 
823 402 401 429 
824 402 429 430 
825 403 402 430 
826 403 430 431 
827 404 403 431 
828 404 431 432 
829 405 404 432 
830 405 432 433 
831 406 405 433 
832 406 433 434 
833 407 406 434 
834 408 407 434 
835 408 434 435 
836 409 408 435 
837 409 435 436 
838 410 409 436 
839 410 436 437 
840 411 410 437 
841 411 437 438 
842 412 411 438 
843 412 438 439 
844 413 412 439 
845 413 439 440 
846 414 413 440 
847 414 440 441 
848 415 414 441 
849 415 441 442 
850 416 415 442 
851 417 416 442 
852 388 416 417 
853 418 417 443 
854 418 443 444 
855 419 418 444 
856 419 444 445 
857 420 419 445 
858 420 445 446 
859 421 420 446 
860 421 446 447 
861 422 421 447 
862 422 447 448 
863 423 422 448 
864 423 448 449 
865 424 423 449 
866 424 449 450 
867 425 424 450 
868 425 450 451 
869 426 425 451 
870 427 426 451 
871 427 451 452 
872 428 427 452 
873 428 452 453 
874 429 428 453 
875 429 453 454 
876 430 429 454 
877 430 454 455 
878 431 430 455 
879 431 455 456 
880 432 431 456 
881 432 456 457 
882 433 432 457 
883 433 457 458 
884 434 433 458 
885 435 434 458 
886 435 458 459 
887 436 435 459 
888 436 459 460 
889 437 436 460 
890 437 460 461 
891 438 437 461 
892 438 461 462 
893 439 438 462 
894 439 462 463 
895 440 439 463 
896 440 463 464 
897 441 440 464 
898 441 464 465 
899 442 441 465 
900 443 442 465 
901 417 442 443 
902 444 443 466 
903 444 466 467 
904 445 444 467 
905 445 467 468 
906 446 445 468 
907 446 468 469 
908 447 446 469 
909 447 469 470 
910 448 447 470 
911 449 448 470 
912 449 470 471 
913 450 449 471 
914 450 471 472 
915 451 450 472 
916 451 472 473 
917 452 451 473 
918 453 452 473 
919 453 473 474 
920 454 453 474 
921 454 474 475 
922 455 454 475 
923 455 475 476 
924 456 455 476 
925 456 476 477 
926 457 456 477 
927 458 457 477 
928 458 477 478 
929 459 458 478 
930 459 478 479 
931 460 459 479 
932 460 479 480 
933 461 460 480 
934 462 461 480 
935 462 480 481 
936 463 462 481 
937 463 481 482 
938 464 463 482 
939 464 482 483 
940 465 464 483 
941 466 465 483 
942 443 465 466 
943 467 466 484 
944 467 484 485 
945 468 467 485 
946 468 485 486 
947 469 468 486 
948 470 469 486 
949 470 486 487 
950 471 470 487 
951 471 487 488 
952 472 471 488 
953 473 472 488 
954 473 488 489 
955 474 473 489 
956 474 489 490 
957 475 474 490 
958 476 475 490 
959 476 490 491 
960 477 476 491 
961 477 491 492 
962 478 477 492 
963 479 478 492 
964 479 492 493 
965 480 479 493 
966 480 493 494 
967 481 480 494 
968 482 481 494 
969 482 494 495 
970 483 482 495 
971 484 483 495 
972 466 483 484 
973 485 484 496 
974 485 496 497 
975 486 485 497 
976 487 486 497 
977 487 497 498 
978 488 487 498 
979 489 488 498 
980 489 498 499 
981 490 489 499 
982 491 490 499 
983 491 499 500 
984 492 491 500 
985 493 492 500 
986 493 500 501 
987 494 493 501 
988 495 494 501 
989 496 495 501 
990 484 495 496 
991 497 496 502 
992 498 497 502 
993 499 498 502 
994 500 499 502 
995 501 500 502 
996 496 501 502 
3 1 4 3064
997 503 504 176 193 
998 505 163 506 140 
999 507 184 164 183 
1000 508 509 510 165 
1001 511 512 513 514 
1002 515 516 517 518 
1003 519 520 521 522 
1004 523 202 524 525 
1005 85 526 527 528 
1006 529 530 531 532 
1007 533 507 509 165 
1008 534 535 531 536 
1009 537 4 538 5 
1010 539 540 541 542 
1011 543 544 107 131 
1012 172 545 546 171 
1013 511 514 513 547 
1014 548 193 549 194 
1015 550 551 552 53 
1016 553 535 536 531 
1017 554 555 516 556 
1018 14 557 30 558 
1019 559 560 561 562 
1020 563 564 565 566 
1021 567 60 39 38 
1022 568 88 566 569 
1023 570 571 572 573 
1024 557 556 574 31 
1025 575 576 577 578 
1026 579 135 136 110 
1027 580 581 582 583 
1028 584 585 586 587 
1029 512 103 102 128 
1030 548 588 549 589 
1031 590 591 592 547 
1032 593 594 595 52 
1033 579 596 135 110 
1034 543 106 597 131 
1035 588 211 520 206 
1036 28 598 599 542 
1037 600 601 602 603 
1038 543 604 605 606 
1039 588 211 206 205 
1040 607 608 609 610 
1041 611 612 613 614 
1042 615 616 617 566 
1043 618 619 620 621 
1044 622 623 624 555 
1045 560 34 54 55 
1046 625 186 166 185 
1047 626 209 212 210 
1048 627 41 42 23 
1049 628 629 630 100 
1050 631 632 57 56 
1051 633 3 4 1 
1052 634 635 636 9 
1053 637 146 638 120 
1054 552 54 551 560 
1055 512 102 127 128 
1056 622 639 518 73 
1057 640 631 632 57 
1058 641 642 643 644 
1059 645 93 119 94 
1060 646 503 154 175 
1061 647 648 649 585 
1062 650 651 652 653 
1063 654 655 656 203 
1064 657 201 658 187 
1065 659 199 200 185 
1066 650 43 651 44 
1067 552 52 594 53 
1068 574 32 31 51 
1069 660 661 639 662 
1070 663 64 89 65 
1071 553 664 665 666 
1072 667 668 538 669 
1073 649 670 671 585 
1074 639 662 98 97 
1075 575 672 673 578 
1076 554 595 674 574 
1077 675 545 676 171 
1078 677 678 679 670 
1079 680 147 681 682 
1080 683 684 685 686 
1081 515 50 73 74 
1082 675 687 688 535 
1083 628 689 690 691 
1084 524 211 204 203 
1085 680 675 676 170 
1086 637 145 692 168 
1087 693 200 186 185 
1088 629 76 100 101 
1089 639 98 73 97 
1090 694 695 696 578 
1091 663 89 651 65 
1092 515 582 516 574 
1093 626 665 697 209 
1094 545 124 149 150 
1095 698 699 700 586 
1096 701 93 702 92 
1097 703 574 556 31 
1098 649 704 561 17 
1099 619 705 620 706 
1100 539 584 707 708 
1101 709 101 127 102 
1102 710 584 555 671 
1103 662 122 711 712 
1104 703 50 574 31 
1105 713 584 710 671 
1106 649 679 7 17 
1107 714 580 514 715 
1108 550 580 551 715 
1109 683 716 685 90 
1110 717 572 70 69 
1111 673 684 686 566 
1112 677 679 678 718 
1113 719 720 46 541 
1114 611 613 179 178 
1115 721 635 722 10 
1116 554 583 555 671 
1117 619 621 723 724 
1118 631 57 725 36 
1119 726 727 728 191 
1120 729 180 730 196 
1121 517 630 581 731 
1122 710 732 529 586 
1123 733 207 521 212 
1124 734 608 129 154 
1125 735 100 75 99 
1126 680 147 169 170 
1127 629 76 731 100 
1128 522 206 207 195 
1129 641 643 736 644 
1130 717 572 737 70 
1131 738 739 636 740 
1132 660 741 661 662 
1133 574 31 50 51 
1134 666 209 200 199 
1135 717 742 572 69 
1136 743 562 559 714 
1137 643 642 744 745 
1138 515 593 518 517 
1139 746 34 747 35 
1140 640 631 748 632 
1141 749 750 751 752 
1142 543 597 604 544 
1143 71 753 70 48 
1144 199 754 183 184 
1145 737 96 755 71 
1146 756 93 94 69 
1147 757 744 758 83 
1148 759 507 164 183 
1149 505 723 760 724 
1150 202 761 188 688 
1151 554 555 556 671 
1152 762 763 764 627 
1153 742 47 46 69 
1154 571 737 765 766 
1155 749 640 750 752 
1156 767 530 768 769 
1157 619 770 771 672 
1158 772 30 556 558 
1159 764 698 700 587 
1160 599 28 542 541 
1161 773 774 694 142 
1162 775 776 777 67 
1163 778 2 679 19 
1164 742 47 541 46 
1165 673 700 779 699 
1166 780 6 14 15 
1167 600 603 726 727 
1168 734 609 608 610 
1169 781 563 724 782 
1170 783 512 784 127 
1171 712 122 96 121 
1172 618 621 785 786 
1173 633 538 537 4 
1174 787 788 682 789 
1175 790 695 775 791 
1176 579 641 736 792 
1177 753 737 755 71 
1178 706 705 519 536 
1179 793 794 503 176 
1180 795 197 208 198 
1181 649 648 670 585 
1182 796 14 5 13 
1183 797 732 585 587 
1184 746 798 678 718 
1185 681 799 800 682 
1186 637 692 767 799 
1187 790 91 716 116 
1188 741 801 802 687 
1189 622 803 639 623 
1190 804 805 40 806 
1191 548 589 549 503 
1192 807 785 161 160 
1193 798 808 678 718 
1194 515 582 593 517 
1195 519 520 589 536 
1196 743 78 513 79 
1197 600 809 783 810 
1198 811 605 812 758 
1199 729 813 180 196 
1200 623 814 710 803 
1201 764 652 627 616 
1202 777 44 67 45 
1203 710 586 529 573 
1204 530 696 573 578 
1205 815 682 799 146 
1206 816 180 730 786 
1207 817 638 767 766 
1208 818 168 186 187 
1209 801 662 819 741 
1210 701 117 118 92 
1211 743 55 560 54 
1212 820 615 821 782 
1213 588 524 520 211 
1214 569 87 63 62 
1215 642 567 812 745 
1216 765 737 95 766 
1217 822 692 144 167 
1218 568 566 565 569 
1219 551 78 54 77 
1220 558 28 599 29 
1221 520 524 212 211 
1222 593 731 582 594 
1223 691 689 823 125 
1224 623 710 814 769 
1225 824 79 78 103 
1226 594 52 75 76 
1227 825 826 776 68 
1228 665 200 659 199 
1229 660 711 639 623 
1230 827 828 698 668 
1231 657 200 664 201 
1232 829 163 505 139 
1233 830 177 157 156 
1234 577 115 141 116 
1235 705 831 832 833 
1236 834 747 55 56 
1237 593 731 594 75 
1238 789 187 188 169 
1239 649 670 648 679 
1240 683 716 90 115 
1241 835 812 836 837 
1242 594 75 731 76 
1243 560 33 54 34 
1244 593 735 517 731 
1245 824 838 834 79 
1246 721 10 4 3 
1247 641 606 642 751 
1248 798 56 36 35 
1249 786 813 839 181 
1250 764 700 840 587 
1251 734 608 609 129 
1252 590 714 547 592 
1253 809 173 152 151 
1254 673 686 616 566 
1255 503 154 175 176 
1256 523 524 202 210 
1257 654 728 656 655 
1258 614 177 548 194 
1259 814 532 769 531 
1260 841 822 144 143 
1261 842 843 793 156 
1262 584 669 585 587 
1263 650 844 43 44 
1264 666 201 658 664 
1265 513 78 551 77 
1266 693 185 509 659 
1267 834 798 631 748 
1268 764 700 653 616 
1269 698 828 540 669 
1270 786 845 621 839 
1271 790 117 91 116 
1272 836 797 740 846 
1273 796 671 647 780 
1274 732 586 585 587 
1275 710 573 571 586 
1276 847 670 562 848 
1277 812 745 567 60 
1278 849 793 843 850 
1279 754 851 665 659 
1280 795 198 851 770 
1281 626 852 523 524 
1282 620 706 644 833 
1283 553 852 664 666 
1284 853 84 745 83 
1285 693 854 509 625 
1286 593 51 75 52 
1287 801 662 741 802 
1288 673 779 616 686 
1289 839 162 161 181 
1290 797 585 846 587 
1291 598 14 796 13 
1292 503 548 855 504 
1293 598 558 671 780 
1294 622 516 803 555 
1295 581 594 731 629 
1296 763 23 24 10 
1297 688 534 654 525 
1298 775 856 776 791 
1299 841 857 701 118 
1300 858 150 172 151 
1301 645 93 118 119 
1302 780 6 796 14 
1303 691 125 823 150 
1304 765 70 94 95 
1305 27 667 542 859 
1306 859 542 540 669 
1307 611 614 613 178 
1308 791 699 856 573 
1309 660 661 517 518 
1310 657 187 658 188 
1311 571 769 768 573 
1312 614 548 522 194 
1313 716 90 115 116 
1314 503 176 175 193 
1315 111 860 861 565 
1316 819 676 545 149 
1317 862 636 836 837 
1318 554 574 674 557 
1319 505 724 863 864 
1320 520 212 206 211 
1321 654 656 190 203 
1322 775 856 791 865 
1323 825 570 826 742 
1324 817 638 637 767 
1325 866 867 81 106 
1326 813 182 839 181 
1327 728 546 190 172 
1328 864 673 575 724 
1329 614 178 194 195 
1330 772 49 868 624 
1331 869 164 507 165 
1332 829 182 770 183 
1333 778 2 3 1 
1334 571 708 737 766 
1335 870 589 520 536 
1336 871 614 548 522 
1337 780 598 14 796 
1338 647 796 537 648 
1339 801 681 147 122 
1340 687 823 545 534 
1341 840 700 797 587 
1342 656 655 524 203 
1343 773 116 577 141 
1344 783 127 809 153 
1345 741 801 687 819 
1346 790 695 791 701 
1347 825 570 776 826 
1348 680 788 675 170 
1349 827 44 26 25 
1350 550 715 551 77 
1351 649 671 670 704 
1352 767 769 766 638 
1353 872 204 192 191 
1354 553 852 658 664 
1355 778 2 648 679 
1356 842 157 133 156 
1357 690 602 810 534 
1358 726 728 656 191 
1359 521 873 522 207 
1360 754 845 770 831 
1361 625 186 167 166 
1362 874 741 517 875 
1363 559 714 848 592 
1364 641 876 877 596 
1365 688 525 761 535 
1366 688 654 534 546 
1367 528 878 567 745 
1368 673 576 684 864 
1369 602 534 655 728 
1370 676 171 149 170 
1371 761 188 658 202 
1372 560 747 34 55 
1373 870 655 852 524 
1374 783 690 879 810 
1375 652 64 65 43 
1376 880 552 595 847 
1377 881 687 531 534 
1378 849 843 842 882 
1379 763 11 721 10 
1380 618 621 786 845 
1381 571 573 702 572 
1382 852 658 666 523 
1383 874 517 630 581 
1384 681 712 638 121 
1385 618 705 795 873 
1386 753 624 868 48 
1387 545 172 150 171 
1388 557 30 556 31 
1389 536 832 531 602 
1390 751 732 883 848 
1391 677 740 739 778 
1392 697 705 831 536 
1393 111 860 565 112 
1394 847 583 713 580 
1395 790 92 775 91 
1396 617 884 63 42 
1397 750 640 748 752 
1398 505 863 140 114 
1399 885 62 569 63 
1400 598 671 585 796 
1401 600 810 602 601 
1402 615 564 821 782 
1403 762 844 652 653 
1404 880 560 561 34 
1405 821 564 569 886 
1406 813 182 845 839 
1407 862 846 634 840 
1408 648 7 679 2 
1409 887 785 816 792 
1410 716 116 91 90 
1411 781 620 888 782 
1412 577 115 864 141 
1413 688 189 202 525 
1414 685 91 716 865 
1415 860 111 861 137 
1416 650 865 651 653 
1417 552 53 54 33 
1418 814 800 687 802 
1419 550 551 580 594 
1420 515 516 582 517 
1421 817 638 766 712 
1422 889 174 175 153 
1423 654 189 525 203 
1424 657 186 200 201 
1425 692 145 144 167 
1426 881 687 823 875 
1427 837 38 39 21 
1428 734 783 646 809 
1429 552 54 560 33 
1430 631 36 798 56 
1431 529 530 699 833 
1432 544 107 131 132 
1433 879 580 690 514 
1434 830 855 612 519 
1435 553 532 832 530 
1436 626 852 520 536 
1437 862 636 837 805 
1438 720 27 859 26 
1439 554 516 555 803 
1440 590 547 714 514 
1441 743 714 513 551 
1442 764 700 698 653 
1443 593 574 51 52 
1444 617 890 569 884 
1445 626 521 697 536 
1446 891 757 605 758 
1447 892 671 557 780 
1448 825 68 93 69 
1449 712 121 96 95 
1450 747 56 798 35 
1451 734 154 128 153 
1452 529 832 530 833 
1453 634 636 635 846 
1454 893 145 692 894 
1455 627 42 24 23 
1456 685 716 91 90 
1457 759 507 869 164 
1458 746 35 19 18 
1459 623 802 711 766 
1460 787 818 895 553 
1461 646 889 503 175 
1462 765 95 817 766 
1463 896 768 895 530 
1464 896 893 696 822 
1465 550 594 731 76 
1466 667 721 668 12 
1467 817 637 638 120 
1468 545 172 858 150 
1469 563 568 112 113 
1470 617 627 652 616 
1471 654 525 655 203 
1472 620 644 706 877 
1473 712 638 121 120 
1474 795 197 198 182 
1475 680 682 788 170 
1476 680 169 682 170 
1477 506 869 575 141 
1478 546 190 172 171 
1479 659 200 666 664 
1480 546 189 190 171 
1481 847 562 552 551 
1482 598 558 14 28 
1483 796 6 5 14 
1484 780 598 558 14 
1485 641 579 596 792 
1486 667 13 598 796 
1487 734 646 154 153 
1488 746 559 561 670 
1489 675 545 687 676 
1490 660 802 623 814 
1491 601 823 810 534 
1492 173 728 191 190 
1493 619 724 723 672 
1494 720 828 859 540 
1495 747 55 56 35 
1496 818 657 693 664 
1497 687 535 532 531 
1498 790 791 776 701 
1499 841 117 143 118 
1500 521 207 522 206 
1501 870 588 656 524 
1502 712 96 122 97 
1503 818 854 895 553 
1504 837 39 805 21 
1505 691 809 152 151 
1506 617 42 652 627 
1507 737 95 96 71 
1508 636 739 9 635 
1509 756 765 70 94 
1510 897 109 596 110 
1511 522 207 873 195 
1512 195 871 873 522 
1513 684 88 568 113 
1514 642 567 837 812 
1515 898 861 526 736 
1516 673 616 615 566 
1517 651 43 66 44 
1518 598 780 671 796 
1519 627 806 884 41 
1520 683 577 716 115 
1521 775 776 67 92 
1522 719 540 717 742 
1523 628 126 691 784 
1524 762 627 652 42 
1525 661 735 98 99 
1526 764 844 698 668 
1527 574 32 51 52 
1528 593 75 735 731 
1529 731 75 100 76 
1530 550 899 715 77 
1531 746 561 559 560 
1532 673 779 576 699 
1533 866 867 640 81 
1534 743 562 551 560 
1535 734 609 610 511 
1536 690 823 689 881 
1537 599 541 47 28 
1538 762 42 43 24 
1539 65 685 651 66 
1540 879 580 514 848 
1541 781 782 888 861 
1542 709 127 784 512 
1543 816 159 180 160 
1544 709 784 628 690 
1545 718 35 36 19 
1546 834 79 838 55 
1547 155 793 794 900 
1548 19 739 2 8 
1549 607 130 104 129 
1550 862 890 643 700 
1551 793 850 855 794 
1552 739 19 718 8 
1553 750 590 592 848 
1554 539 599 707 598 
1555 649 7 16 17 
1556 746 19 679 18 
1557 777 67 776 826 
1558 808 718 19 8 
1559 561 17 33 34 
1560 649 670 679 561 
1561 746 718 678 679 
1562 634 10 9 23 
1563 660 639 661 518 
1564 679 561 18 17 
1565 711 72 96 97 
1566 558 14 28 29 
1567 880 561 33 34 
1568 550 629 580 899 
1569 703 556 30 31 
1570 674 32 16 31 
1571 880 16 704 32 
1572 639 624 623 755 
1573 687 823 875 545 
1574 513 514 512 715 
1575 824 104 79 103 
1576 591 79 104 80 
1577 552 53 551 54 
1578 503 175 889 192 
1579 677 679 718 778 
1580 866 105 81 80 
1581 667 542 598 13 
1582 607 900 850 604 
1583 591 80 104 105 
1584 866 838 748 591 
1585 543 107 106 131 
1586 607 850 608 610 
1587 608 794 646 610 
1588 811 81 58 57 
1589 824 591 609 547 
1590 783 709 514 690 
1591 689 124 545 150 
1592 590 592 752 748 
1593 607 609 590 610 
1594 601 809 691 151 
1595 858 172 173 151 
1596 690 784 691 810 
1597 874 100 630 99 
1598 709 715 514 580 
1599 809 727 174 173 
1600 871 521 901 873 
1601 614 177 194 178 
1602 607 590 609 591 
1603 793 900 155 132 
1604 504 176 193 177 
1605 842 843 156 132 
1606 504 156 176 177 
1607 879 732 713 848 
1608 743 551 513 78 
1609 849 842 793 830 
1610 816 180 786 160 
1611 850 590 883 610 
1612 866 752 604 591 
1613 763 24 11 10 
1614 524 525 202 203 
1615 548 588 194 205 
1616 749 811 640 867 
1617 862 840 634 806 
1618 891 81 106 82 
1619 830 614 548 519 
1620 837 38 812 567 
1621 600 601 603 727 
1622 544 133 107 132 
1623 685 716 576 865 
1624 902 612 730 613 
1625 849 882 611 877 
1626 521 207 206 212 
1627 825 742 826 68 
1628 842 134 882 133 
1629 807 161 137 160 
1630 902 611 613 179 
1631 527 745 528 643 
1632 643 878 528 821 
1633 563 684 863 724 
1634 873 207 196 195 
1635 627 884 42 41 
1636 618 901 706 705 
1637 781 860 807 903 
1638 873 207 197 196 
1639 795 845 813 182 
1640 887 159 902 816 
1641 522 194 206 195 
1642 194 588 206 205 
1643 698 700 779 653 
1644 891 81 867 106 
1645 626 666 665 209 
1646 534 852 525 535 
1647 839 162 903 161 
1648 618 845 795 705 
1649 840 797 846 587 
1650 829 506 505 163 
1651 902 158 159 135 
1652 563 860 564 782 
1653 618 901 730 612 
1654 903 138 161 162 
1655 161 807 138 903 
1656 659 185 184 199 
1657 564 861 111 898 
1658 563 760 863 113 
1659 599 28 48 29 
1660 644 832 706 883 
1661 641 620 736 792 
1662 812 567 38 60 
1663 838 592 748 591 
1664 834 560 743 55 
1665 746 34 560 747 
1666 725 37 20 36 
1667 866 752 640 867 
1668 811 640 81 57 
1669 725 37 36 57 
1670 634 722 10 23 
1671 862 836 740 846 
1672 627 806 41 23 
1673 721 11 4 10 
1674 806 40 41 23 
1675 837 805 636 21 
1676 806 23 22 40 
1677 643 642 745 567 
1678 749 605 867 752 
1679 902 887 792 136 
1680 569 63 87 88 
1681 575 577 576 864 
1682 508 841 694 143 
1683 617 42 627 884 
1684 885 569 884 63 
1685 564 569 886 87 
1686 63 885 41 884 
1687 527 897 526 110 
1688 885 886 569 62 
1689 884 63 42 41 
1690 763 806 840 627 
1691 617 890 884 627 
1692 667 796 538 5 
1693 623 710 708 555 
1694 537 1 4 5 
1695 819 687 741 875 
1696 791 865 779 576 
1697 716 791 576 865 
1698 137 526 136 111 
1699 663 652 64 65 
1700 663 616 651 686 
1701 827 668 698 844 
1702 771 869 578 672 
1703 626 209 697 208 
1704 698 653 779 856 
1705 786 161 839 903 
1706 683 864 577 115 
1707 870 520 588 524 
1708 816 159 730 180 
1709 813 182 181 197 
1710 519 536 521 520 
1711 791 702 701 573 
1712 839 162 181 182 
1713 533 904 509 507 
1714 763 722 840 806 
1715 844 43 44 25 
1716 853 744 757 83 
1717 837 38 567 39 
1718 620 792 816 785 
1719 623 802 766 769 
1720 671 647 892 649 
1721 776 68 826 67 
1722 859 540 828 669 
1723 667 598 538 796 
1724 710 584 708 555 
1725 650 844 698 653 
1726 571 540 717 708 
1727 719 742 717 541 
1728 541 27 47 28 
1729 827 777 45 44 
1730 703 30 50 31 
1731 541 47 27 46 
1732 563 860 760 113 
1733 753 868 624 708 
1734 827 45 720 26 
1735 742 46 68 69 
1736 673 615 782 566 
1737 825 791 776 570 
1738 895 893 767 768 
1739 539 707 584 669 
1740 570 571 573 586 
1741 825 702 791 573 
1742 611 179 158 178 
1743 795 770 845 182 
1744 790 841 701 117 
1745 902 613 730 179 
1746 837 567 805 39 
1747 787 788 799 682 
1748 705 536 832 831 
1749 717 570 540 571 
1750 618 816 730 786 
1751 771 672 530 833 
1752 745 59 758 83 
1753 626 697 665 536 
1754 631 57 36 56 
1755 886 569 62 87 
1756 863 724 684 864 
1757 503 548 589 855 
1758 862 805 837 567 
1759 530 833 672 578 
1760 506 575 864 141 
1761 872 726 549 603 
1762 752 748 592 591 
1763 618 730 813 786 
1764 553 832 532 531 
1765 850 883 855 794 
1766 795 198 770 182 
1767 691 126 125 151 
1768 893 692 145 144 
1769 533 164 142 141 
1770 575 724 673 672 
1771 701 93 92 118 
1772 529 883 832 732 
1773 571 766 765 768 
1774 817 712 95 120 
1775 661 875 819 741 
1776 870 852 520 524 
1777 822 625 692 167 
1778 508 142 533 165 
1779 841 822 857 144 
1780 571 768 765 645 
1781 893 145 894 144 
1782 894 119 144 145 
1783 168 818 167 815 
1784 817 767 637 894 
1785 894 120 119 145 
1786 637 146 145 168 
1787 638 146 121 120 
1788 825 68 776 93 
1789 712 121 95 120 
1790 676 171 545 149 
1791 661 124 98 123 
1792 638 147 121 146 
1793 681 122 712 121 
1794 711 96 712 97 
1795 539 598 707 669 
1796 624 72 49 71 
1797 896 895 510 854 
1798 802 638 766 769 
1799 622 623 639 624 
1800 188 761 658 657 
1801 661 99 98 124 
1802 815 799 637 146 
1803 692 167 168 145 
1804 599 47 48 28 
1805 637 120 894 145 
1806 879 881 602 690 
1807 697 831 665 536 
1808 28 598 542 13 
1809 787 657 818 553 
1810 665 666 659 200 
1811 818 789 815 187 
1812 862 890 804 567 
1813 787 761 788 789 
1814 787 788 535 532 
1815 658 201 188 187 
1816 521 522 520 206 
1817 761 658 525 202 
1818 658 202 188 201 
1819 761 169 789 188 
1820 144 841 143 118 
1821 789 169 168 187 
1822 675 687 545 546 
1823 639 98 518 73 
1824 675 534 688 687 
1825 626 852 666 523 
1826 626 212 209 208 
1827 524 202 210 203 
1828 525 202 203 189 
1829 761 788 169 170 
1830 790 117 701 92 
1831 202 761 688 525 
1832 654 656 728 190 
1833 688 535 761 788 
1834 870 656 603 728 
1835 194 588 522 206 
1836 523 202 658 201 
1837 523 202 525 658 
1838 523 210 202 201 
1839 524 210 211 203 
1840 656 204 190 203 
1841 524 210 212 211 
1842 866 748 640 752 
1843 666 523 201 210 
1844 852 666 658 664 
1845 901 519 705 536 
1846 666 201 523 658 
1847 666 201 209 210 
1848 666 664 200 201 
1849 666 200 209 201 
1850 790 773 117 116 
1851 754 665 831 659 
1852 733 197 873 207 
1853 626 520 852 524 
1854 677 846 739 740 
1855 657 186 201 187 
1856 761 169 188 170 
1857 879 690 580 581 
1858 654 728 655 534 
1859 772 622 555 703 
1860 761 169 788 789 
1861 626 523 666 210 
1862 693 509 185 625 
1863 553 532 535 531 
1864 553 854 530 831 
1865 895 692 893 822 
1866 693 659 200 185 
1867 787 761 657 658 
1868 815 682 146 168 
1869 545 124 875 149 
1870 879 514 590 848 
1871 590 714 592 848 
1872 790 773 694 117 
1873 682 169 146 168 
1874 682 169 788 170 
1875 680 800 801 687 
1876 682 789 788 169 
1877 682 147 638 146 
1878 682 147 146 169 
1879 503 794 154 176 
1880 896 893 895 768 
1881 688 535 687 534 
1882 688 189 188 202 
1883 675 688 546 171 
1884 693 553 664 659 
1885 681 121 638 147 
1886 581 689 630 874 
1887 709 514 690 580 
1888 601 810 691 809 
1889 783 810 879 602 
1890 601 727 809 173 
1891 728 190 173 172 
1892 545 150 149 171 
1893 879 881 814 531 
1894 790 701 776 92 
1895 687 534 545 546 
1896 675 534 687 546 
1897 681 122 662 712 
1898 676 149 148 170 
1899 662 711 802 712 
1900 172 545 858 546 
1901 545 546 534 858 
1902 680 687 676 788 
1903 688 535 534 525 
1904 639 516 518 803 
1905 624 49 48 71 
1906 675 688 171 189 
1907 675 688 788 535 
1908 801 681 802 800 
1909 823 545 858 150 
1910 661 874 875 741 
1911 581 630 629 731 
1912 689 545 823 150 
1913 823 858 545 534 
1914 681 122 121 147 
1915 529 732 832 833 
1916 628 689 125 100 
1917 510 509 166 165 
1918 904 530 854 771 
1919 509 184 507 659 
1920 841 701 117 118 
1921 506 164 759 869 
1922 790 773 716 695 
1923 683 90 685 89 
1924 765 737 70 95 
1925 787 535 553 532 
1926 818 657 789 187 
1927 815 789 168 187 
1928 802 766 638 712 
1929 767 530 769 532 
1930 817 766 767 768 
1931 895 854 530 532 
1932 703 515 50 622 
1933 799 682 638 146 
1934 817 94 120 95 
1935 895 532 767 799 
1936 768 573 530 696 
1937 814 800 532 531 
1938 570 777 856 776 
1939 711 96 766 712 
1940 624 755 72 71 
1941 778 648 2 1 
1942 529 531 769 532 
1943 754 771 509 831 
1944 790 776 775 92 
1945 795 182 813 197 
1946 790 91 775 716 
1947 904 530 771 578 
1948 510 185 509 625 
1949 790 117 92 91 
1950 657 186 693 200 
1951 817 768 767 894 
1952 508 165 510 166 
1953 509 507 184 165 
1954 553 831 832 536 
1955 508 904 896 510 
1956 857 702 701 118 
1957 822 144 143 166 
1958 822 625 167 166 
1959 822 167 144 166 
1960 508 904 533 694 
1961 772 624 868 555 
1962 755 766 711 96 
1963 623 571 710 769 
1964 817 638 712 120 
1965 766 95 712 96 
1966 874 517 881 875 
1967 753 599 47 48 
1968 515 703 50 574 
1969 868 555 624 708 
1970 768 769 530 573 
1971 750 732 751 848 
1972 508 822 143 166 
1973 508 510 822 166 
1974 508 510 896 822 
1975 749 642 605 751 
1976 749 751 605 752 
1977 749 836 642 797 
1978 749 642 751 797 
1979 755 753 624 708 
1980 623 803 710 555 
1981 542 27 541 28 
1982 542 13 27 28 
1983 28 598 13 14 
1984 570 540 571 586 
1985 649 561 679 17 
1986 735 75 74 99 
1987 674 32 704 16 
1988 707 585 598 671 
1989 571 766 768 769 
1990 660 662 639 711 
1991 515 516 703 574 
1992 558 29 30 14 
1993 556 671 558 780 
1994 14 557 15 30 
1995 649 670 561 704 
1996 880 552 847 562 
1997 674 574 32 31 
1998 554 704 847 713 
1999 703 772 49 30 
2000 753 717 70 47 
2001 707 868 753 708 
2002 737 766 755 96 
2003 710 573 529 769 
2004 735 100 731 75 
2005 571 645 765 572 
2006 765 766 817 768 
2007 802 769 799 638 
2008 737 70 95 71 
2009 623 624 555 708 
2010 667 669 598 542 
2011 584 587 540 669 
2012 570 742 717 540 
2013 707 584 585 671 
2014 892 15 16 6 
2015 905 840 763 722 
2016 880 847 704 562 
2017 746 718 35 798 
2018 644 751 732 883 
2019 713 710 583 671 
2020 847 551 580 562 
2021 554 713 583 671 
2022 797 732 670 585 
2023 633 537 648 1 
2024 647 648 537 1 
2025 892 649 647 7 
2026 892 647 780 6 
2027 593 595 574 52 
2028 687 535 800 532 
2029 711 712 122 97 
2030 661 819 124 123 
2031 660 711 623 802 
2032 582 583 517 803 
2033 622 639 73 72 
2034 709 899 101 102 
2035 680 147 682 169 
2036 669 707 585 598 
2037 669 707 584 585 
2038 713 529 710 732 
2039 709 628 101 629 
2040 802 712 711 766 
2041 680 800 687 788 
2042 601 534 728 546 
2043 743 55 54 78 
2044 660 517 741 814 
2045 529 832 883 531 
2046 593 594 52 75 
2047 709 783 512 784 
2048 661 874 517 735 
2049 515 622 518 73 
2050 735 74 98 99 
2051 582 517 516 803 
2052 660 518 517 803 
2053 593 517 582 731 
2054 630 100 735 99 
2055 814 769 800 802 
2056 675 688 534 546 
2057 802 769 800 799 
2058 874 100 689 630 
2059 895 692 767 893 
2060 685 663 684 89 
2061 650 652 651 43 
2062 896 696 768 530 
2063 710 571 584 586 
2064 709 101 899 629 
2065 850 604 751 752 
2066 783 879 514 610 
2067 691 125 150 151 
2068 691 150 823 858 
2069 899 512 715 102 
2070 734 129 128 154 
2071 77 513 102 715 
2072 546 601 172 728 
2073 511 610 514 547 
2074 809 174 152 173 
2075 607 104 609 129 
2076 691 810 784 809 
2077 906 757 605 606 
2078 550 580 629 594 
2079 594 53 52 76 
2080 803 554 582 583 
2081 874 125 689 100 
2082 879 602 883 610 
2083 880 16 32 17 
2084 834 748 631 838 
2085 517 881 583 581 
2086 628 691 690 784 
2087 550 731 594 629 
2088 630 731 735 100 
2089 630 100 629 731 
2090 600 783 646 610 
2091 874 517 581 881 
2092 600 794 602 610 
2093 783 602 879 610 
2094 687 800 535 788 
2095 687 532 800 531 
2096 513 512 103 102 
2097 824 834 838 592 
2098 56 834 747 798 
2099 503 175 192 193 
2100 513 715 512 102 
2101 779 686 653 616 
2102 834 55 838 56 
2103 824 907 104 103 
2104 529 713 583 879 
2105 3 721 633 4 
2106 796 671 585 647 
2107 649 679 648 7 
2108 808 19 20 8 
2109 746 678 559 670 
2110 679 18 7 17 
2111 633 846 585 587 
2112 749 908 812 836 
2113 644 732 832 883 
2114 835 725 908 37 
2115 743 562 714 551 
2116 747 34 55 35 
2117 866 748 838 632 
2118 838 79 591 80 
2119 835 837 21 38 
2120 880 847 595 704 
2121 615 569 821 564 
2122 56 834 798 838 
2123 783 514 879 690 
2124 644 855 751 883 
2125 636 21 9 8 
2126 866 81 105 106 
2127 641 620 877 644 
2128 879 881 690 581 
2129 866 591 604 597 
2130 550 552 551 594 
2131 559 848 714 562 
2132 750 559 748 798 
2133 743 560 551 54 
2134 593 582 595 594 
2135 580 899 629 715 
2136 746 798 559 678 
2137 751 641 877 644 
2138 552 560 551 562 
2139 641 644 736 620 
2140 847 594 580 551 
2141 880 33 560 34 
2142 551 54 53 77 
2143 880 32 595 552 
2144 602 728 603 601 
2145 561 17 34 18 
2146 641 642 644 751 
2147 667 13 796 5 
2148 704 892 671 674 
2149 649 16 704 17 
2150 879 529 531 583 
2151 746 561 34 18 
2152 561 562 704 670 
2153 634 722 635 9 
2154 679 2 7 18 
2155 750 592 590 748 
2156 678 740 797 846 
2157 679 19 2 18 
2158 739 778 718 19 
2159 648 7 2 1 
2160 633 537 585 648 
2161 892 557 15 780 
2162 633 648 778 1 
2163 3 721 635 633 
2164 677 740 678 846 
2165 647 7 648 1 
2166 647 649 648 7 
2167 7 892 16 6 
2168 641 877 620 792 
2169 838 56 631 798 
2170 685 686 779 576 
2171 642 606 605 751 
2172 632 56 80 57 
2173 811 891 867 605 
2174 632 80 81 57 
2175 641 596 877 792 
2176 641 596 897 853 
2177 793 503 504 176 
2178 631 725 798 36 
2179 738 739 808 8 
2180 611 157 830 178 
2181 786 180 813 181 
2182 853 745 744 83 
2183 173 728 601 727 
2184 853 876 641 596 
2185 600 602 794 589 
2186 602 589 832 883 
2187 691 809 784 152 
2188 809 727 889 174 
2189 872 603 870 656 
2190 602 534 531 536 
2191 173 728 727 191 
2192 727 174 173 191 
2193 870 656 655 524 
2194 548 549 588 205 
2195 600 503 603 589 
2196 601 858 823 534 
2197 601 858 534 546 
2198 783 128 127 153 
2199 601 858 173 151 
2200 654 190 189 203 
2201 626 666 209 210 
2202 590 591 752 592 
2203 600 646 794 610 
2204 600 889 726 603 
2205 879 580 583 581 
2206 548 519 522 520 
2207 654 728 534 546 
2208 889 192 175 174 
2209 588 204 524 211 
2210 728 870 655 589 
2211 872 726 656 191 
2212 646 154 503 794 
2213 877 855 751 644 
2214 794 154 176 155 
2215 607 604 752 591 
2216 618 706 901 612 
2217 608 155 900 130 
2218 607 591 609 104 
2219 503 793 504 855 
2220 793 155 156 132 
2221 607 597 604 591 
2222 853 757 108 83 
2223 726 889 727 174 
2224 855 589 503 794 
2225 548 504 549 193 
2226 793 900 850 794 
2227 597 866 106 604 
2228 713 583 710 529 
2229 660 517 661 741 
2230 850 610 883 794 
2231 617 616 890 627 
2232 830 793 504 156 
2233 602 794 883 610 
2234 600 794 503 589 
2235 618 785 620 816 
2236 553 658 852 535 
2237 548 194 549 205 
2238 588 206 520 522 
2239 853 876 906 641 
2240 521 206 520 212 
2241 870 655 656 728 
2242 529 769 530 532 
2243 588 205 204 211 
2244 548 522 588 520 
2245 872 870 588 656 
2246 548 177 504 193 
2247 548 519 520 589 
2248 548 503 549 504 
2249 553 530 832 831 
2250 626 524 523 210 
2251 870 852 589 536 
2252 876 909 877 596 
2253 553 665 852 666 
2254 852 655 589 602 
2255 656 524 204 203 
2256 879 690 602 810 
2257 655 525 524 203 
2258 726 727 603 728 
2259 656 191 728 190 
2260 656 204 191 190 
2261 600 726 889 727 
2262 726 728 603 656 
2263 656 524 588 204 
2264 641 736 643 897 
2265 876 877 909 882 
2266 876 882 134 108 
2267 876 882 909 134 
2268 876 134 596 108 
2269 876 134 909 596 
2270 849 855 606 877 
2271 876 606 849 882 
2272 849 882 606 544 
2273 849 843 882 544 
2274 849 606 855 850 
2275 548 855 519 589 
2276 548 177 193 194 
2277 872 205 549 192 
2278 872 549 870 603 
2279 548 520 588 589 
2280 549 194 193 205 
2281 549 192 503 889 
2282 549 504 503 193 
2283 549 192 205 193 
2284 549 503 192 193 
2285 608 155 130 129 
2286 605 758 757 744 
2287 891 757 543 605 
2288 900 544 131 132 
2289 900 131 130 132 
2290 850 751 590 752 
2291 734 809 646 153 
2292 900 130 155 132 
2293 597 130 106 105 
2294 866 591 597 105 
2295 597 131 900 544 
2296 597 900 131 130 
2297 597 106 130 131 
2298 643 644 642 797 
2299 563 112 860 113 
2300 579 596 792 135 
2301 830 548 614 504 
2302 908 811 37 725 
2303 596 134 109 108 
2304 596 110 109 135 
2305 596 109 134 135 
2306 813 873 197 196 
2307 813 197 181 196 
2308 729 901 618 873 
2309 730 901 613 612 
2310 733 212 626 208 
2311 813 181 180 196 
2312 733 207 212 208 
2313 208 697 795 851 
2314 626 666 852 665 
2315 626 520 521 536 
2316 771 831 854 509 
2317 626 665 852 536 
2318 786 839 161 181 
2319 615 890 617 616 
2320 553 536 832 531 
2321 754 851 697 665 
2322 901 705 521 536 
2323 876 757 906 882 
2324 902 611 612 613 
2325 855 883 519 589 
2326 855 794 883 589 
2327 633 4 537 1 
2328 134 842 611 157 
2329 849 793 842 843 
2330 830 793 855 504 
2331 640 725 631 57 
2332 553 532 530 854 
2333 906 606 605 744 
2334 876 853 906 108 
2335 773 577 774 141 
2336 902 909 158 135 
2337 781 621 620 782 
2338 579 792 136 135 
2339 136 135 792 902 
2340 750 797 751 732 
2341 526 579 136 110 
2342 618 620 706 612 
2343 527 643 528 897 
2344 579 641 897 736 
2345 644 736 820 643 
2346 706 833 705 832 
2347 729 613 871 873 
2348 902 816 730 612 
2349 657 664 658 201 
2350 888 579 736 792 
2351 786 839 813 845 
2352 860 861 807 137 
2353 786 621 903 839 
2354 812 58 758 59 
2355 576 699 695 578 
2356 618 785 816 786 
2357 673 621 724 782 
2358 786 160 180 181 
2359 611 614 830 612 
2360 786 181 161 160 
2361 730 179 613 196 
2362 888 887 579 792 
2363 887 137 136 160 
2364 887 807 137 160 
2365 888 526 887 861 
2366 860 137 807 138 
2367 785 903 786 621 
2368 785 161 786 903 
2369 785 786 161 160 
2370 620 877 706 612 
2371 564 569 565 566 
2372 565 111 112 86 
2373 886 62 86 87 
2374 563 565 564 860 
2375 820 529 699 833 
2376 685 651 779 686 
2377 565 112 87 86 
2378 860 112 137 138 
2379 706 832 705 536 
2380 641 853 897 744 
2381 567 61 39 60 
2382 713 580 583 848 
2383 896 893 768 696 
2384 905 668 764 587 
2385 663 651 652 65 
2386 878 86 62 61 
2387 878 86 886 62 
2388 641 606 876 906 
2389 526 736 888 579 
2390 866 640 632 81 
2391 758 58 82 83 
2392 543 606 605 757 
2393 853 108 109 83 
2394 758 59 58 83 
2395 891 605 543 604 
2396 607 752 850 590 
2397 866 867 604 752 
2398 866 604 867 106 
2399 706 519 832 536 
2400 633 585 538 587 
2401 820 699 529 732 
2402 757 107 108 82 
2403 677 648 633 585 
2404 633 778 3 1 
2405 677 739 633 778 
2406 720 541 542 27 
2407 554 595 704 674 
2408 739 9 635 3 
2409 804 41 806 40 
2410 677 797 670 585 
2411 905 538 633 721 
2412 763 722 806 23 
2413 635 3 9 10 
2414 862 836 642 567 
2415 673 686 684 576 
2416 750 631 798 748 
2417 677 679 648 670 
2418 606 882 757 544 
2419 750 798 631 678 
2420 590 514 714 848 
2421 707 753 868 599 
2422 739 8 9 3 
2423 764 890 616 627 
2424 718 35 798 36 
2425 738 837 836 636 
2426 834 748 559 798 
2427 718 19 778 679 
2428 835 20 738 808 
2429 804 39 805 567 
2430 835 738 837 836 
2431 862 740 836 636 
2432 745 84 59 83 
2433 906 605 757 744 
2434 812 37 58 59 
2435 862 805 804 806 
2436 749 750 631 678 
2437 634 635 722 846 
2438 862 806 804 890 
2439 722 635 9 10 
2440 762 627 764 652 
2441 528 643 821 897 
2442 663 616 652 651 
2443 771 530 854 831 
2444 529 713 879 732 
2445 677 718 678 740 
2446 879 814 881 583 
2447 757 82 108 83 
2448 750 748 640 631 
2449 750 670 559 678 
2450 862 740 636 846 
2451 812 59 745 60 
2452 750 678 559 798 
2453 811 37 725 57 
2454 636 846 739 635 
2455 812 38 59 60 
2456 528 643 745 567 
2457 618 816 620 612 
2458 850 883 590 751 
2459 677 679 778 648 
2460 640 632 81 57 
2461 749 678 836 797 
2462 607 104 130 105 
2463 757 758 82 83 
2464 850 604 900 544 
2465 607 604 850 752 
2466 644 832 732 833 
2467 706 832 519 883 
2468 850 883 751 855 
2469 644 706 855 883 
2470 606 751 850 604 
2471 642 605 744 758 
2472 615 564 782 566 
2473 745 61 567 60 
2474 641 906 853 744 
2475 745 758 744 83 
2476 749 631 750 640 
2477 808 718 739 740 
2478 749 812 642 836 
2479 61 527 60 745 
2480 642 744 745 758 
2481 745 60 59 84 
2482 615 569 890 886 
2483 736 782 821 564 
2484 615 890 821 886 
2485 897 109 853 596 
2486 643 878 567 528 
2487 615 569 564 566 
2488 63 885 62 41 
2489 885 62 41 40 
2490 617 569 566 88 
2491 878 890 643 567 
2492 885 41 884 806 
2493 527 84 109 110 
2494 890 840 806 627 
2495 673 724 563 782 
2496 650 844 652 43 
2497 685 576 779 865 
2498 650 653 652 844 
2499 684 89 663 88 
2500 700 732 587 586 
2501 820 699 732 586 
2502 644 706 832 833 
2503 615 566 617 569 
2504 615 643 821 890 
2505 820 821 736 782 
2506 576 695 577 578 
2507 820 821 615 643 
2508 773 142 116 141 
2509 539 708 707 753 
2510 700 732 797 587 
2511 684 114 89 88 
2512 91 685 66 865 
2513 673 563 684 566 
2514 865 67 66 91 
2515 777 826 720 45 
2516 508 841 822 896 
2517 779 616 653 700 
2518 672 578 833 699 
2519 827 859 720 828 
2520 829 619 770 839 
2521 820 644 797 732 
2522 673 684 563 724 
2523 864 115 114 140 
2524 827 844 44 25 
2525 856 586 573 699 
2526 773 116 142 117 
2527 571 540 584 586 
2528 652 65 651 43 
2529 719 540 570 828 
2530 775 777 856 865 
2531 539 708 753 717 
2532 571 645 702 573 
2533 717 70 47 69 
2534 905 763 668 721 
2535 762 764 844 653 
2536 762 668 763 25 
2537 905 764 763 840 
2538 713 732 584 585 
2539 721 635 10 3 
2540 570 717 742 572 
2541 698 570 856 586 
2542 650 865 653 856 
2543 663 566 616 686 
2544 762 844 764 668 
2545 764 668 698 587 
2546 698 699 779 700 
2547 669 698 668 587 
2548 762 42 652 43 
2549 824 547 907 513 
2550 827 25 668 844 
2551 763 806 627 23 
2552 720 542 859 27 
2553 764 615 700 616 
2554 668 11 25 12 
2555 827 45 26 44 
2556 777 828 827 720 
2557 739 633 778 3 
2558 905 633 846 635 
2559 633 585 537 538 
2560 538 669 668 587 
2561 721 4 11 12 
2562 763 722 23 10 
2563 763 840 764 627 
2564 777 720 827 45 
2565 668 25 26 12 
2566 667 721 538 668 
2567 668 721 11 12 
2568 859 541 540 542 
2569 667 5 4 12 
2570 538 587 585 669 
2571 538 598 585 796 
2572 824 547 513 592 
2573 825 742 68 69 
2574 756 94 70 69 
2575 756 572 825 742 
2576 701 702 93 118 
2577 702 645 93 118 
2578 896 822 895 893 
2579 702 696 573 645 
2580 571 573 768 645 
2581 824 513 907 103 
2582 863 684 114 864 
2583 568 569 565 87 
2584 568 88 569 87 
2585 863 140 114 139 
2586 568 87 565 112 
2587 568 113 87 112 
2588 568 88 87 113 
2589 663 566 617 616 
2590 864 115 140 141 
2591 673 563 566 782 
2592 563 782 564 566 
2593 506 864 140 141 
2594 577 716 115 116 
2595 139 829 162 760 
2596 673 576 779 686 
2597 506 163 164 141 
2598 91 685 90 66 
2599 619 673 820 621 
2600 824 547 592 591 
2601 619 705 706 833 
2602 505 864 863 114 
2603 760 903 839 162 
2604 760 138 139 113 
2605 760 138 903 162 
2606 760 138 162 139 
2607 795 697 705 831 
2608 795 813 873 197 
2609 795 208 851 198 
2610 770 182 198 183 
2611 824 513 834 592 
2612 506 864 575 724 
2613 770 839 845 182 
2614 694 696 896 578 
2615 505 506 723 724 
2616 669 698 828 668 
2617 896 822 510 895 
2618 505 140 506 864 
2619 829 162 163 139 
2620 619 831 770 845 
2621 829 723 505 506 
2622 759 164 163 183 
2623 505 163 140 139 
2624 774 577 575 141 
2625 754 851 795 697 
2626 754 509 771 507 
2627 184 754 659 199 
2628 508 509 533 904 
2629 510 509 185 166 
2630 533 142 774 141 
2631 509 185 166 165 
2632 895 692 822 625 
2633 507 184 165 164 
2634 509 184 185 165 
2635 508 694 533 142 
2636 754 795 845 831 
2637 619 771 770 831 
2638 619 673 672 833 
2639 760 829 839 723 
2640 575 578 673 576 
2641 533 869 164 141 
2642 508 143 142 165 
2643 771 578 530 672 
2644 857 645 702 118 
2645 533 774 869 141 
2646 754 659 509 507 
2647 771 509 854 904 
2648 509 184 659 185 
2649 693 509 854 659 
2650 771 869 904 578 
2651 771 833 530 831 
2652 818 854 553 693 
2653 854 659 509 831 
2654 818 895 854 625 
2655 824 79 834 513 
2656 641 897 643 744 
2657 706 519 855 883 
2658 510 185 625 166 
2659 754 509 659 831 
2660 771 619 833 831 
2661 530 578 573 699 
2662 539 599 598 542 
2663 787 815 789 682 
2664 530 833 578 699 
2665 706 705 901 519 
2666 820 620 619 621 
2667 832 519 883 589 
2668 832 536 519 589 
2669 832 531 530 532 
2670 529 573 530 769 
2671 832 831 530 833 
2672 553 665 659 831 
2673 820 700 699 586 
2674 602 728 601 534 
2675 536 832 602 589 
2676 618 730 816 612 
2677 618 620 785 621 
2678 620 792 877 612 
2679 901 521 519 536 
2680 733 197 795 873 
2681 626 521 520 212 
2682 829 672 619 723 
2683 665 666 200 199 
2684 754 845 795 770 
2685 665 209 666 199 
2686 208 697 733 795 
2687 754 697 795 831 
2688 795 705 845 831 
2689 209 697 208 851 
2690 665 664 659 666 
2691 851 209 665 199 
2692 209 697 851 665 
2693 851 209 199 208 
2694 754 199 851 659 
2695 851 665 659 199 
2696 851 199 198 208 
2697 198 754 199 851 
2698 626 212 524 210 
2699 697 521 705 536 
2700 754 697 831 665 
2701 705 733 795 873 
2702 733 795 197 208 
2703 733 521 626 212 
2704 729 730 618 901 
2705 729 813 730 180 
2706 773 578 694 774 
2707 702 857 696 645 
2708 695 699 573 578 
2709 508 904 694 896 
2710 695 578 573 696 
2711 895 799 767 692 
2712 895 530 767 532 
2713 767 532 769 799 
2714 893 822 692 144 
2715 857 144 894 119 
2716 508 822 841 143 
2717 694 142 143 117 
2718 717 570 571 572 
2719 895 768 767 530 
2720 767 769 768 766 
2721 857 118 144 119 
2722 768 573 696 645 
2723 817 712 766 95 
2724 857 696 893 822 
2725 767 799 769 638 
2726 818 553 657 664 
2727 767 768 893 894 
2728 767 893 692 894 
2729 637 799 638 146 
2730 637 799 767 638 
2731 637 146 120 145 
2732 637 894 767 692 
2733 637 692 145 894 
2734 817 645 119 94 
2735 817 119 120 94 
2736 817 645 768 894 
2737 817 894 637 120 
2738 817 894 120 119 
2739 817 645 894 119 
2740 553 659 665 664 
2741 553 659 854 831 
2742 787 553 895 532 
2743 693 200 659 664 
2744 693 186 625 185 
2745 693 553 659 854 
2746 818 815 168 187 
2747 761 658 535 525 
2748 657 200 693 664 
2749 675 788 687 535 
2750 188 761 657 789 
2751 688 170 761 188 
2752 654 534 655 525 
2753 675 170 688 189 
2754 654 190 728 546 
2755 654 190 546 189 
2756 852 655 602 534 
2757 852 535 534 536 
2758 852 525 535 658 
2759 852 655 525 524 
2760 852 525 523 524 
2761 534 852 655 525 
2762 852 658 523 525 
2763 553 665 831 536 
2764 553 535 852 536 
2765 553 852 665 536 
2766 529 530 573 699 
2767 529 573 586 699 
2768 879 590 610 883 
2769 814 687 800 531 
2770 707 671 598 558 
2771 529 530 832 531 
2772 529 732 699 586 
2773 815 789 169 168 
2774 815 146 637 168 
2775 818 693 553 664 
2776 815 167 692 625 
2777 815 789 682 169 
2778 815 169 682 168 
2779 895 532 553 854 
2780 545 819 687 676 
2781 628 689 691 125 
2782 800 682 799 788 
2783 800 532 535 788 
2784 800 799 769 532 
2785 800 788 799 532 
2786 814 531 529 583 
2787 660 802 662 711 
2788 801 802 687 800 
2789 814 532 800 769 
2790 687 531 534 535 
2791 709 629 580 581 
2792 814 529 531 769 
2793 710 584 571 708 
2794 881 823 687 534 
2795 661 662 123 98 
2796 874 125 100 99 
2797 600 646 503 794 
2798 534 823 810 690 
2799 589 602 655 728 
2800 589 602 728 603 
2801 660 803 517 814 
2802 879 713 583 848 
2803 881 687 814 531 
2804 690 581 630 629 
2805 688 170 188 189 
2806 688 546 171 189 
2807 675 546 545 171 
2808 688 525 654 189 
2809 688 654 546 189 
2810 675 171 170 189 
2811 680 148 147 170 
2812 680 800 788 682 
2813 680 681 801 800 
2814 675 676 687 788 
2815 675 171 676 170 
2816 675 788 688 761 
2817 675 761 688 170 
2818 675 788 761 170 
2819 680 682 681 800 
2820 680 687 801 676 
2821 874 517 735 630 
2822 661 819 875 124 
2823 689 823 125 150 
2824 689 125 124 150 
2825 689 875 823 545 
2826 689 875 545 124 
2827 709 126 127 101 
2828 690 581 689 630 
2829 689 881 823 875 
2830 661 874 99 124 
2831 819 545 875 149 
2832 874 881 689 875 
2833 593 518 517 735 
2834 662 711 122 97 
2835 661 517 874 741 
2836 662 122 123 97 
2837 680 147 801 681 
2838 662 123 98 97 
2839 759 507 771 869 
2840 505 506 724 864 
2841 184 754 507 659 
2842 754 770 795 851 
2843 771 507 904 869 
2844 771 507 509 904 
2845 619 845 770 839 
2846 829 770 759 183 
2847 760 829 162 839 
2848 759 869 771 672 
2849 759 672 771 770 
2850 505 760 863 724 
2851 626 520 524 212 
2852 896 578 530 904 
2853 694 774 578 904 
2854 510 895 822 625 
2855 510 854 895 625 
2856 510 904 854 509 
2857 510 509 854 625 
2858 510 625 822 166 
2859 857 822 893 144 
2860 144 841 118 857 
2861 857 768 696 645 
2862 841 857 822 696 
2863 695 841 701 790 
2864 791 701 695 573 
2865 695 841 790 694 
2866 701 696 695 573 
2867 701 702 696 573 
2868 661 874 735 99 
2869 623 571 769 766 
2870 753 70 48 47 
2871 753 755 624 71 
2872 755 96 711 72 
2873 755 96 72 71 
2874 707 556 772 555 
2875 737 95 766 96 
2876 719 826 777 570 
2877 753 624 48 71 
2878 571 702 645 572 
2879 623 755 624 708 
2880 765 768 817 645 
2881 765 70 737 572 
2882 756 70 765 572 
2883 765 94 817 95 
2884 765 817 94 645 
2885 756 742 825 69 
2886 717 47 742 69 
2887 717 47 599 541 
2888 717 571 737 572 
2889 717 541 742 47 
2890 677 633 846 585 
2891 647 796 648 585 
2892 7 892 6 647 
2893 647 585 649 671 
2894 647 6 7 1 
2895 647 537 6 1 
2896 537 5 796 6 
2897 537 5 6 1 
2898 633 635 739 846 
2899 537 538 585 796 
2900 537 585 648 796 
2901 537 538 796 5 
2902 557 574 674 31 
2903 557 30 31 15 
2904 704 892 649 671 
2905 671 647 780 892 
2906 647 537 796 6 
2907 647 796 780 6 
2908 667 668 859 12 
2909 667 4 538 721 
2910 28 598 558 599 
2911 539 598 669 542 
2912 538 598 669 585 
2913 667 4 721 12 
2914 557 558 556 30 
2915 557 780 14 15 
2916 557 671 674 554 
2917 557 780 558 14 
2918 707 558 772 556 
2919 515 74 593 51 
2920 554 704 713 671 
2921 554 713 847 583 
2922 622 49 772 624 
2923 772 30 558 29 
2924 755 753 708 737 
2925 753 599 717 47 
2926 515 518 593 74 
2927 639 711 662 97 
2928 772 622 624 555 
2929 772 558 868 29 
2930 868 48 624 49 
2931 868 48 49 29 
2932 539 540 584 708 
2933 622 703 516 555 
2934 868 599 48 29 
2935 868 558 599 29 
2936 772 868 49 29 
2937 772 49 30 29 
2938 622 49 703 772 
2939 622 518 639 516 
2940 713 710 584 732 
2941 584 585 732 586 
2942 571 708 584 540 
2943 710 584 732 586 
2944 571 572 765 737 
2945 717 571 708 737 
2946 710 769 571 573 
2947 777 44 650 66 
2948 595 594 552 52 
2949 710 555 583 671 
2950 710 583 814 529 
2951 710 529 814 769 
2952 710 803 583 555 
2953 710 803 814 583 
2954 623 814 802 769 
2955 623 708 710 571 
2956 623 708 571 766 
2957 623 755 766 711 
2958 623 708 737 755 
2959 623 737 708 766 
2960 623 755 737 766 
2961 517 735 630 731 
2962 622 516 639 803 
2963 515 50 622 73 
2964 518 98 735 74 
2965 518 73 98 74 
2966 545 819 875 687 
2967 593 574 595 582 
2968 517 583 881 814 
2969 622 73 50 72 
2970 622 803 623 555 
2971 847 551 552 594 
2972 593 518 735 74 
2973 517 518 516 803 
2974 734 907 511 128 
2975 517 814 803 583 
2976 554 574 557 556 
2977 582 581 517 583 
2978 582 517 581 731 
2979 582 731 581 594 
2980 554 704 595 847 
2981 847 713 670 848 
2982 713 584 671 585 
2983 847 580 713 848 
2984 639 72 711 97 
2985 639 73 72 97 
2986 639 623 711 755 
2987 639 624 755 72 
2988 639 755 711 72 
2989 515 593 574 51 
2990 515 574 50 51 
2991 709 690 783 784 
2992 899 102 715 77 
2993 899 101 102 77 
2994 899 76 629 101 
2995 899 76 101 77 
2996 552 52 53 32 
2997 554 555 583 803 
2998 550 899 580 715 
2999 595 594 847 552 
3000 847 562 580 848 
3001 552 32 53 33 
3002 554 704 671 674 
3003 550 731 629 76 
3004 743 559 562 560 
3005 824 78 513 103 
3006 847 583 580 582 
3007 580 594 582 581 
3008 879 583 881 581 
3009 580 594 581 629 
3010 714 562 580 551 
3011 590 751 883 848 
3012 608 850 794 610 
3013 743 54 551 78 
3014 709 126 628 784 
3015 714 580 562 848 
3016 714 514 580 848 
3017 746 35 718 19 
3018 714 551 580 715 
3019 513 551 715 77 
3020 907 547 511 513 
3021 607 608 900 130 
3022 824 592 838 591 
3023 734 783 809 153 
3024 77 513 78 102 
3025 513 103 78 102 
3026 513 514 714 547 
3027 513 714 514 715 
3028 513 551 714 715 
3029 513 547 714 592 
3030 750 670 678 797 
3031 738 740 808 739 
3032 607 900 597 130 
3033 590 547 514 610 
3034 749 605 811 867 
3035 713 732 585 670 
3036 713 585 671 670 
3037 713 732 670 848 
3038 879 610 590 514 
3039 713 670 671 704 
3040 677 846 633 739 
3041 746 718 679 19 
3042 746 679 678 670 
3043 746 34 561 560 
3044 743 78 79 55 
3045 746 34 35 18 
3046 746 561 679 670 
3047 515 50 74 51 
3048 559 562 561 670 
3049 559 562 670 848 
3050 798 834 631 838 
3051 834 743 79 55 
3052 513 834 714 743 
3053 834 559 747 798 
3054 824 609 591 104 
3055 824 104 591 79 
3056 631 838 632 56 
3057 847 582 580 594 
3058 595 582 847 594 
3059 880 704 16 17 
3060 515 518 622 516 
3061 847 670 713 704 
3062 847 562 670 704 
3063 880 552 562 560 
3064 880 562 561 560 
3065 595 52 552 32 
3066 595 574 52 32 
3067 595 674 574 32 
3068 595 704 674 32 
3069 746 560 559 747 
3070 746 679 561 18 
3071 746 35 747 798 
3072 746 559 798 747 
3073 660 623 639 803 
3074 660 814 741 802 
3075 834 79 743 513 
3076 838 80 632 56 
3077 838 79 80 56 
3078 838 79 56 55 
3079 660 741 662 802 
3080 660 639 518 803 
3081 862 840 797 846 
3082 750 732 848 670 
3083 636 9 739 8 
3084 811 81 640 867 
3085 631 632 838 748 
3086 749 867 640 752 
3087 631 678 798 725 
3088 866 640 748 632 
3089 866 752 591 748 
3090 543 597 544 131 
3091 835 808 908 725 
3092 749 908 631 640 
3093 876 596 853 108 
3094 606 604 850 544 
3095 543 106 107 82 
3096 660 814 623 803 
3097 607 590 850 610 
3098 907 103 511 128 
3099 644 736 620 820 
3100 597 866 105 106 
3101 604 544 597 900 
3102 866 632 80 81 
3103 866 591 105 80 
3104 866 838 591 80 
3105 866 632 838 80 
3106 539 541 717 599 
3107 539 540 717 541 
3108 783 784 809 127 
3109 628 629 100 101 
3110 809 127 152 153 
3111 872 205 192 204 
3112 600 602 783 610 
3113 809 174 889 153 
3114 809 152 174 153 
3115 784 152 809 127 
3116 601 173 858 172 
3117 784 151 152 126 
3118 628 630 689 100 
3119 628 630 690 689 
3120 709 580 690 581 
3121 601 173 809 151 
3122 709 514 715 512 
3123 709 628 126 101 
3124 709 690 629 581 
3125 784 152 127 126 
3126 709 126 784 127 
3127 691 150 858 151 
3128 690 823 691 689 
3129 691 151 784 126 
3130 691 784 151 152 
3131 823 601 691 858 
3132 690 881 689 581 
3133 607 900 604 597 
3134 534 823 690 881 
3135 690 810 691 823 
3136 628 100 126 101 
3137 709 127 512 102 
3138 628 691 126 125 
3139 628 629 690 630 
3140 628 100 125 126 
3141 601 691 858 151 
3142 173 728 172 601 
3143 546 601 858 172 
3144 602 589 883 794 
3145 602 536 589 852 
3146 870 520 852 536 
3147 600 603 602 589 
3148 823 601 810 691 
3149 706 901 612 519 
3150 611 882 909 877 
3151 729 871 901 873 
3152 730 180 179 196 
3153 901 522 519 521 
3154 871 522 901 521 
3155 618 813 795 845 
3156 618 873 795 813 
3157 901 521 705 873 
3158 641 876 606 877 
3159 830 178 157 177 
3160 603 889 549 503 
3161 603 503 549 589 
3162 872 726 603 656 
3163 872 192 726 191 
3164 600 809 646 783 
3165 603 727 601 728 
3166 602 883 832 531 
3167 879 590 883 848 
3168 690 602 534 881 
3169 602 534 881 531 
3170 602 601 810 534 
3171 602 536 852 534 
3172 879 814 583 531 
3173 879 583 580 848 
3174 879 883 529 732 
3175 879 529 883 531 
3176 879 531 602 881 
3177 879 602 531 883 
3178 879 883 732 848 
3179 783 784 690 810 
3180 600 783 602 810 
3181 511 610 783 514 
3182 511 513 512 103 
3183 783 809 784 810 
3184 824 79 513 78 
3185 907 513 511 103 
3186 512 128 127 783 
3187 512 128 783 511 
3188 539 717 753 599 
3189 511 514 783 512 
3190 511 103 512 128 
3191 646 889 175 153 
3192 646 175 154 153 
3193 734 609 907 129 
3194 646 809 889 153 
3195 618 706 620 705 
3196 641 606 906 744 
3197 734 129 907 128 
3198 849 830 855 877 
3199 503 793 855 794 
3200 830 504 614 177 
3201 611 830 614 178 
3202 872 656 204 191 
3203 870 589 852 655 
3204 870 603 549 589 
3205 870 549 588 589 
3206 870 588 520 589 
3207 728 870 589 603 
3208 539 753 707 599 
3209 539 708 717 540 
3210 539 541 599 542 
3211 726 727 191 174 
3212 809 601 810 600 
3213 726 549 603 889 
3214 726 549 889 192 
3215 726 192 889 174 
3216 726 191 192 174 
3217 902 612 877 792 
3218 871 614 612 519 
3219 830 504 177 156 
3220 830 612 614 519 
3221 548 194 588 522 
3222 830 855 877 612 
3223 614 194 522 195 
3224 871 612 901 519 
3225 871 548 519 522 
3226 730 786 180 813 
3227 155 793 176 794 
3228 793 155 176 156 
3229 793 176 504 156 
3230 607 608 130 129 
3231 607 900 608 850 
3232 824 609 907 547 
3233 607 752 590 591 
3234 609 590 610 547 
3235 609 591 590 547 
3236 609 610 511 547 
3237 824 838 79 591 
3238 607 591 104 105 
3239 608 154 155 129 
3240 608 794 850 900 
3241 608 154 646 794 
3242 608 794 900 155 
3243 608 154 794 155 
3244 842 156 133 132 
3245 843 793 156 132 
3246 843 850 793 900 
3247 842 793 830 156 
3248 849 850 843 544 
3249 882 107 544 133 
3250 882 107 133 108 
3251 849 842 611 882 
3252 882 108 133 134 
3253 811 58 37 57 
3254 641 596 579 897 
3255 543 106 604 597 
3256 604 891 106 543 
3257 757 107 882 108 
3258 757 882 107 544 
3259 853 108 596 109 
3260 853 109 84 83 
3261 527 528 526 897 
3262 85 526 110 527 
3263 909 792 596 135 
3264 909 792 877 596 
3265 909 135 596 134 
3266 909 135 134 158 
3267 756 702 825 572 
3268 756 645 702 572 
3269 756 93 825 702 
3270 902 158 611 179 
3271 611 158 157 178 
3272 871 522 521 873 
3273 830 614 178 177 
3274 830 548 504 855 
3275 830 548 855 519 
3276 614 504 548 177 
3277 871 548 614 519 
3278 613 178 614 195 
3279 613 179 178 195 
3280 729 613 730 901 
3281 613 873 196 195 
3282 613 196 179 195 
3283 730 159 179 180 
3284 619 621 845 839 
3285 611 134 909 882 
3286 816 786 785 160 
3287 902 158 179 159 
3288 898 821 736 528 
3289 706 519 612 855 
3290 706 612 877 855 
3291 644 732 751 797 
3292 644 706 877 855 
3293 862 837 836 567 
3294 749 751 750 797 
3295 642 567 836 837 
3296 877 855 606 751 
3297 620 816 792 612 
3298 849 606 850 544 
3299 606 855 850 751 
3300 876 849 606 877 
3301 756 572 765 645 
3302 849 830 793 855 
3303 842 133 843 132 
3304 849 855 793 850 
3305 611 909 134 158 
3306 611 134 157 158 
3307 902 877 611 909 
3308 611 830 877 612 
3309 902 179 730 159 
3310 902 612 611 877 
3311 902 877 909 792 
3312 887 159 816 160 
3313 887 816 902 792 
3314 902 909 611 158 
3315 902 792 909 135 
3316 136 135 902 159 
3317 902 816 159 730 
3318 902 792 816 612 
3319 526 528 736 897 
3320 756 765 94 645 
3321 615 569 617 890 
3322 878 62 885 40 
3323 642 837 836 812 
3324 876 906 757 108 
3325 527 853 897 109 
3326 642 744 605 606 
3327 527 528 745 61 
3328 781 807 621 903 
3329 888 807 785 621 
3330 820 782 620 621 
3331 820 732 529 833 
3332 781 621 888 620 
3333 619 723 621 839 
3334 618 901 705 873 
3335 618 786 813 845 
3336 579 897 596 110 
3337 860 111 137 112 
3338 781 621 723 760 
3339 781 724 563 863 
3340 807 903 785 621 
3341 807 161 785 903 
3342 756 93 645 94 
3343 161 807 137 138 
3344 888 785 620 621 
3345 878 885 804 40 
3346 112 563 565 568 
3347 860 138 760 113 
3348 860 112 138 113 
3349 860 138 807 903 
3350 860 760 138 903 
3351 898 526 861 111 
3352 641 744 642 606 
3353 820 643 736 821 
3354 887 137 807 861 
3355 888 887 792 785 
3356 887 816 785 160 
3357 902 887 136 159 
3358 887 136 159 160 
3359 887 579 792 136 
3360 887 785 807 160 
3361 781 888 807 861 
3362 680 676 801 148 
3363 680 801 147 148 
3364 680 676 675 788 
3365 605 604 867 752 
3366 605 751 604 752 
3367 749 908 811 812 
3368 749 750 678 797 
3369 642 812 605 758 
3370 605 606 604 751 
3371 891 605 604 867 
3372 680 676 148 170 
3373 812 758 745 59 
3374 751 641 606 877 
3375 642 745 812 758 
3376 812 59 38 37 
3377 811 891 605 758 
3378 808 739 718 8 
3379 738 636 739 8 
3380 801 662 681 122 
3381 801 676 819 148 
3382 19 739 778 2 
3383 739 3 778 2 
3384 739 8 3 2 
3385 677 718 740 778 
3386 677 846 797 585 
3387 739 778 740 718 
3388 862 634 805 806 
3389 739 633 3 635 
3390 633 721 538 4 
3391 905 840 846 587 
3392 905 846 722 635 
3393 905 668 538 721 
3394 677 670 648 585 
3395 677 778 633 648 
3396 677 846 678 797 
3397 677 797 678 670 
3398 835 20 808 725 
3399 808 36 718 798 
3400 801 148 819 123 
3401 808 36 798 725 
3402 808 718 36 19 
3403 808 36 20 19 
3404 835 837 738 21 
3405 749 811 605 812 
3406 808 740 678 718 
3407 908 37 811 812 
3408 798 808 725 678 
3409 808 36 725 20 
3410 636 740 739 846 
3411 835 738 836 808 
3412 835 20 725 37 
3413 636 22 9 21 
3414 738 21 636 8 
3415 643 527 744 897 
3416 750 797 732 670 
3417 905 764 840 587 
3418 564 565 569 87 
3419 762 844 668 25 
3420 634 10 722 9 
3421 634 840 846 722 
3422 878 890 821 643 
3423 835 836 908 808 
3424 569 885 890 886 
3425 890 884 627 806 
3426 569 885 884 890 
3427 890 885 884 806 
3428 862 634 846 636 
3429 805 40 806 22 
3430 805 22 636 21 
3431 805 39 22 21 
3432 804 885 41 40 
3433 862 806 890 840 
3434 738 836 740 636 
3435 805 40 22 39 
3436 804 41 885 806 
3437 804 40 805 39 
3438 749 642 812 605 
3439 835 21 20 38 
3440 835 21 738 20 
3441 836 678 808 740 
3442 835 812 908 836 
3443 836 797 678 740 
3444 749 908 836 678 
3445 642 644 751 797 
3446 642 862 643 797 
3447 878 804 890 567 
3448 615 700 643 890 
3449 862 840 890 700 
3450 878 40 804 39 
3451 898 736 526 528 
3452 615 821 569 886 
3453 820 643 700 797 
3454 801 819 662 123 
3455 820 736 620 782 
3456 526 85 110 111 
3457 898 526 111 86 
3458 898 736 821 564 
3459 527 84 853 109 
3460 878 62 40 61 
3461 111 86 565 564 
3462 111 86 564 898 
3463 526 736 579 897 
3464 528 878 745 61 
3465 781 863 563 760 
3466 564 860 565 861 
3467 564 782 860 861 
3468 781 807 860 861 
3469 641 643 642 744 
3470 820 732 700 586 
3471 526 136 111 110 
3472 801 681 662 802 
3473 878 821 890 886 
3474 878 40 39 61 
3475 878 886 885 62 
3476 862 797 836 846 
3477 862 805 634 636 
3478 804 885 890 806 
3479 890 878 885 804 
3480 801 148 123 122 
3481 86 886 87 564 
3482 878 567 745 61 
3483 878 39 804 567 
3484 878 39 567 61 
3485 890 878 886 885 
3486 528 878 86 886 
3487 528 821 878 886 
3488 528 86 878 61 
3489 528 86 61 85 
3490 736 782 564 861 
3491 526 888 736 861 
3492 527 85 528 61 
3493 685 686 684 663 
3494 685 865 779 651 
3495 685 865 651 66 
3496 651 616 653 686 
3497 651 65 66 43 
3498 779 653 651 865 
3499 65 685 66 90 
3500 762 627 42 24 
3501 663 652 617 64 
3502 764 890 615 616 
3503 652 653 651 616 
3504 650 651 865 66 
3505 652 42 64 43 
3506 617 63 64 42 
3507 617 63 569 88 
3508 617 64 63 88 
3509 617 652 42 64 
3510 663 616 617 652 
3511 617 63 884 569 
3512 663 617 566 88 
3513 663 64 617 88 
3514 673 700 615 616 
3515 683 576 684 686 
3516 684 566 568 88 
3517 663 64 88 89 
3518 801 123 662 122 
3519 779 651 653 686 
3520 673 684 724 864 
3521 683 577 576 716 
3522 673 621 619 724 
3523 764 700 615 890 
3524 673 578 672 699 
3525 508 904 510 509 
3526 576 577 695 716 
3527 683 90 89 115 
3528 683 864 576 577 
3529 683 576 685 716 
3530 683 685 684 89 
3531 650 651 66 44 
3532 698 856 570 828 
3533 764 653 652 616 
3534 779 856 653 865 
3535 576 791 699 779 
3536 756 70 572 69 
3537 699 698 856 586 
3538 775 67 777 865 
3539 756 572 742 69 
3540 756 93 702 645 
3541 825 776 791 702 
3542 773 774 142 141 
3543 791 695 699 573 
3544 570 777 776 826 
3545 719 717 540 541 
3546 570 573 856 586 
3547 801 147 148 122 
3548 698 540 587 669 
3549 698 828 570 540 
3550 698 540 570 586 
3551 698 540 584 587 
3552 698 584 540 586 
3553 698 587 584 586 
3554 698 700 587 586 
3555 699 698 779 856 
3556 827 668 25 26 
3557 720 541 859 542 
3558 777 827 828 650 
3559 650 698 828 856 
3560 650 653 698 856 
3561 719 46 742 541 
3562 764 700 890 840 
3563 764 840 890 627 
3564 763 11 24 25 
3565 762 652 764 653 
3566 763 668 11 25 
3567 764 653 698 844 
3568 763 23 627 24 
3569 905 538 668 587 
3570 905 846 840 722 
3571 905 587 633 538 
3572 763 11 668 721 
3573 763 721 722 10 
3574 762 764 763 668 
3575 905 668 763 764 
3576 827 777 44 650 
3577 827 26 859 668 
3578 667 859 668 669 
3579 667 5 538 4 
3580 859 26 27 12 
3581 859 668 26 12 
3582 859 828 668 669 
3583 27 667 13 542 
3584 667 542 859 669 
3585 787 818 789 815 
3586 667 859 27 12 
3587 667 27 13 12 
3588 667 538 598 669 
3589 667 13 5 12 
3590 787 789 818 657 
3591 787 532 799 788 
3592 787 799 815 682 
3593 818 625 693 186 
3594 818 815 895 625 
3595 818 657 186 693 
3596 720 45 27 26 
3597 720 859 541 540 
3598 826 67 68 45 
3599 826 68 742 46 
3600 826 68 46 45 
3601 719 777 828 570 
3602 720 46 541 27 
3603 720 46 27 45 
3604 720 826 46 45 
3605 818 167 625 186 
3606 716 791 695 576 
3607 791 779 856 699 
3608 576 791 695 699 
3609 791 856 570 573 
3610 825 791 570 573 
3611 777 44 66 67 
3612 776 791 856 570 
3613 791 779 865 856 
3614 825 572 702 573 
3615 776 68 67 92 
3616 825 570 572 573 
3617 776 701 791 702 
3618 775 856 777 776 
3619 776 701 702 92 
3620 776 92 702 93 
3621 776 92 93 68 
3622 168 818 186 167 
3623 818 167 815 625 
3624 684 88 663 566 
3625 684 114 88 113 
3626 673 779 700 616 
3627 684 663 686 566 
3628 619 706 620 833 
3629 787 535 761 658 
3630 863 760 139 113 
3631 863 139 114 113 
3632 863 114 684 113 
3633 563 863 684 113 
3634 563 684 568 113 
3635 563 684 566 568 
3636 112 563 860 565 
3637 563 568 566 565 
3638 864 673 576 575 
3639 506 759 575 869 
3640 829 723 619 839 
3641 505 140 864 114 
3642 723 903 760 621 
3643 723 760 903 839 
3644 723 903 621 839 
3645 506 163 759 164 
3646 781 724 863 760 
3647 619 845 618 705 
3648 619 618 845 621 
3649 787 657 761 789 
3650 618 619 705 620 
3651 619 673 833 820 
3652 619 845 705 831 
3653 619 831 705 833 
3654 771 619 672 833 
3655 619 673 724 672 
3656 673 672 833 699 
3657 820 797 700 732 
3658 820 644 643 797 
3659 506 164 869 141 
3660 673 576 578 699 
3661 575 578 869 672 
3662 575 577 864 141 
3663 575 869 759 672 
3664 733 197 207 208 
3665 787 788 761 535 
3666 733 705 697 521 
3667 733 873 705 521 
3668 705 733 697 795 
3669 733 697 626 521 
3670 733 626 697 208 
3671 733 873 521 207 
3672 818 854 693 625 
3673 198 754 183 199 
3674 754 184 507 183 
3675 754 770 851 198 
3676 754 770 198 183 
3677 754 759 770 183 
3678 754 507 759 183 
3679 754 770 771 831 
3680 754 771 759 507 
3681 754 759 771 770 
3682 896 530 578 696 
3683 896 530 895 854 
3684 508 143 165 166 
3685 896 904 530 854 
3686 896 854 510 904 
3687 773 142 694 117 
3688 533 869 904 507 
3689 790 716 773 116 
3690 790 694 841 117 
3691 508 533 509 165 
3692 774 575 869 141 
3693 774 578 575 577 
3694 774 578 904 869 
3695 774 869 575 578 
3696 841 694 143 117 
3697 508 694 841 896 
3698 841 822 896 696 
3699 508 143 694 142 
3700 694 896 904 578 
3701 857 894 768 645 
3702 857 894 645 119 
3703 857 645 118 119 
3704 702 857 701 696 
3705 857 893 894 144 
3706 857 893 768 894 
3707 857 768 893 696 
3708 815 692 167 168 
3709 787 895 818 815 
3710 818 186 657 187 
3711 787 532 895 799 
3712 815 692 637 799 
3713 815 637 692 168 
3714 658 787 535 553 
3715 815 692 895 625 
3716 815 799 895 692 
3717 787 895 815 799 
3718 658 787 553 657 
3719 657 187 188 789 
3720 657 553 658 664 
3721 799 681 800 802 
3722 681 799 682 638 
3723 681 712 662 802 
3724 681 712 802 638 
3725 681 638 682 147 
3726 799 681 802 638 
3727 741 814 881 687 
3728 741 687 881 875 
3729 741 802 814 687 
3730 581 689 874 881 
3731 741 814 517 881 
3732 741 881 517 875 
3733 819 148 676 149 
3734 819 148 149 123 
3735 819 149 875 124 
3736 819 123 149 124 
3737 801 687 819 676 
3738 753 70 717 737 
3739 71 753 737 70 
3740 539 540 542 669 
3741 539 584 540 669 
3742 753 868 599 48 
3743 753 737 717 708 
3744 892 16 649 7 
3745 557 31 674 16 
3746 557 31 16 15 
3747 892 780 15 6 
3748 557 671 554 556 
3749 557 671 556 780 
3750 892 674 557 671 
3751 557 780 556 558 
3752 892 649 16 704 
3753 841 701 857 696 
3754 892 16 674 704 
3755 892 15 557 16 
3756 892 557 674 16 
3757 803 554 516 582 
3758 554 556 516 574 
3759 554 583 847 582 
3760 554 847 595 582 
3761 554 582 595 574 
3762 554 516 582 574 
3763 703 49 50 30 
3764 703 772 556 555 
3765 703 556 516 555 
3766 703 556 772 30 
3767 703 516 556 574 
3768 515 73 518 74 
3769 622 72 50 49 
3770 622 624 639 72 
3771 622 624 72 49 
3772 622 703 49 50 
3773 703 515 622 516 
3774 707 558 556 671 
3775 707 671 556 555 
3776 707 868 772 558 
3777 707 772 868 555 
3778 707 555 868 708 
3779 707 708 584 555 
3780 707 598 599 558 
3781 707 555 584 671 
3782 707 868 558 599 
3783 874 124 689 125 
3784 874 124 125 99 
3785 661 875 874 124 
3786 661 662 819 123 
3787 874 630 735 99 
3788 874 875 689 124 
3789 661 735 517 518 
3790 593 735 75 74 
3791 515 593 582 574 
3792 593 74 75 51 
3793 661 735 518 98 
3794 661 639 662 98 
3795 661 518 639 98 
3796 661 741 819 662 
3797 709 690 628 629 
3798 783 709 512 514 
3799 709 580 629 715 
3800 709 512 899 102 
3801 709 715 899 512 
3802 709 899 715 629 
3803 550 53 552 594 
3804 550 551 53 77 
3805 550 53 76 77 
3806 550 76 899 77 
3807 550 629 899 76 
3808 550 53 594 76 
3809 750 559 670 848 
3810 750 748 559 592 
3811 750 592 559 848 
3812 750 752 590 751 
3813 750 751 590 848 
3814 750 748 590 752 
3815 834 747 560 55 
3816 834 559 743 560 
3817 834 747 559 560 
3818 834 714 743 559 
3819 513 834 592 714 
3820 834 714 559 592 
3821 834 559 748 592 
3822 824 907 609 104 
3823 834 748 838 592 
3824 880 32 552 33 
3825 880 704 595 32 
3826 880 32 33 17 
3827 880 704 561 562 
3828 880 552 560 33 
3829 880 17 561 704 
3830 880 561 17 33 
3831 907 129 103 128 
3832 734 511 907 609 
3833 907 129 609 104 
3834 907 547 609 511 
3835 907 129 104 103 
3836 841 896 694 696 
3837 809 601 600 727 
3838 600 646 889 503 
3839 600 889 603 503 
3840 600 889 809 727 
3841 600 646 809 889 
3842 841 695 701 696 
3843 841 694 695 696 
3844 790 716 775 695 
3845 773 716 577 116 
3846 773 716 695 577 
3847 790 791 775 776 
3848 773 577 695 578 
3849 773 774 577 578 
3850 773 694 578 695 
3851 533 142 694 774 
3852 872 549 726 192 
3853 872 588 870 549 
3854 872 204 656 588 
3855 872 588 549 205 
3856 872 588 205 204 
3857 533 869 774 904 
3858 734 128 783 153 
3859 734 646 783 610 
3860 734 783 511 610 
3861 734 610 608 646 
3862 734 646 608 154 
3863 734 128 511 783 
3864 607 609 608 129 
3865 607 597 591 105 
3866 607 130 597 105 
3867 843 850 900 544 
3868 843 133 882 544 
3869 843 133 544 132 
3870 843 900 793 132 
3871 843 544 900 132 
3872 543 606 757 544 
3873 543 604 606 544 
3874 543 544 757 107 
3875 543 107 757 82 
3876 876 882 849 877 
3877 876 757 882 108 
3878 906 757 606 882 
3879 906 757 853 744 
3880 906 853 757 108 
3881 876 882 906 606 
3882 533 774 694 904 
3883 842 134 133 157 
3884 842 830 157 156 
3885 842 882 843 133 
3886 842 830 611 157 
3887 849 611 842 830 
3888 134 842 882 611 
3889 849 611 830 877 
3890 871 613 614 195 
3891 533 142 164 165 
3892 871 614 522 195 
3893 195 871 613 873 
3894 729 901 871 613 
3895 871 613 901 612 
3896 871 614 613 612 
3897 871 901 522 519 
3898 533 164 869 165 
3899 533 869 507 165 
3900 729 730 613 196 
3901 729 813 618 730 
3902 729 618 813 873 
3903 729 613 873 196 
3904 729 873 813 196 
3905 888 807 887 785 
3906 526 897 579 110 
3907 564 861 565 111 
3908 736 897 821 643 
3909 736 897 528 821 
3910 781 888 621 807 
3911 898 861 736 564 
3912 888 620 736 782 
3913 888 782 736 861 
3914 888 792 620 785 
3915 888 861 887 807 
3916 888 792 736 620 
3917 526 528 85 86 
3918 526 85 111 86 
3919 898 821 528 886 
3920 526 137 887 861 
3921 526 137 861 111 
3922 526 579 887 136 
3923 137 526 887 136 
3924 888 526 579 887 
3925 81 891 811 58 
3926 891 58 81 82 
3927 891 543 757 82 
3928 891 757 758 82 
3929 604 891 867 106 
3930 891 106 543 82 
3931 891 758 58 82 
3932 811 812 37 58 
3933 811 725 640 57 
3934 811 891 758 58 
3935 811 758 812 58 
3936 81 891 867 811 
3937 749 811 908 640 
3938 908 808 836 678 
3939 908 808 678 725 
3940 908 631 640 725 
3941 908 678 631 725 
3942 749 631 908 678 
3943 908 640 811 725 
3944 738 808 20 8 
3945 738 20 21 8 
3946 738 836 808 740 
3947 738 21 837 636 
3948 634 9 22 23 
3949 634 840 722 806 
3950 634 805 806 22 
3951 634 636 805 22 
3952 634 636 22 9 
3953 634 806 722 23 
3954 634 22 806 23 
3955 862 642 836 797 
3956 862 643 797 700 
3957 862 797 840 700 
3958 862 643 890 567 
3959 862 804 805 567 
3960 642 862 567 643 
3961 835 812 837 38 
3962 835 38 20 37 
3963 835 812 38 37 
3964 835 908 812 37 
3965 898 564 821 886 
3966 564 565 87 86 
3967 86 886 564 898 
3968 898 886 528 86 
3969 898 528 526 86 
3970 527 109 897 110 
3971 527 85 84 110 
3972 527 60 745 84 
3973 61 527 85 60 
3974 527 60 84 85 
3975 527 744 897 853 
3976 643 527 745 744 
3977 527 744 853 745 
3978 527 745 853 84 
3979 685 686 663 651 
3980 685 651 663 89 
3981 685 65 651 89 
3982 685 65 89 90 
3983 683 685 576 686 
3984 683 89 684 114 
3985 683 89 114 115 
3986 683 684 576 864 
3987 683 114 684 864 
3988 683 114 864 115 
3989 820 643 615 700 
3990 820 782 673 615 
3991 820 615 673 700 
3992 820 621 673 782 
3993 820 620 833 619 
3994 820 700 673 699 
3995 820 699 673 833 
3996 820 833 644 732 
3997 820 833 620 644 
3998 827 720 859 26 
3999 827 668 859 828 
4000 827 828 650 698 
4001 827 698 650 844 
4002 790 694 773 695 
4003 827 844 650 44 
4004 762 43 844 25 
4005 762 24 43 25 
4006 762 24 763 627 
4007 762 763 24 25 
4008 762 652 844 43 
4009 905 633 587 846 
4010 905 721 633 635 
4011 905 722 721 635 
4012 905 763 721 722 
4013 777 828 570 856 
4014 777 719 720 826 
4015 777 66 650 865 
4016 777 66 865 67 
4017 777 67 826 45 
4018 777 856 650 828 
4019 777 865 650 856 
4020 719 46 720 826 
4021 719 46 826 742 
4022 719 540 720 541 
4023 719 720 540 828 
4024 777 719 828 720 
4025 719 826 570 742 
4026 719 570 540 742 
4027 825 93 776 702 
4028 825 572 570 742 
4029 756 825 93 69 
4030 775 67 91 92 
4031 775 716 791 695 
4032 775 67 865 91 
4033 775 865 791 716 
4034 775 865 716 91 
4035 506 575 672 724 
4036 506 672 723 724 
4037 829 506 759 672 
4038 829 723 506 672 
4039 829 759 163 183 
4040 829 760 505 723 
4041 506 140 163 141 
4042 506 575 759 672 
4043 829 672 759 770 
4044 829 619 672 770 
4045 139 829 760 505 
4046 505 140 863 139 
4047 505 863 760 139 
4048 781 723 621 724 
4049 781 760 723 724 
4050 781 760 563 860 
4051 781 860 563 782 
4052 781 860 782 861 
4053 781 760 860 903 
4054 781 621 760 903 
4055 781 782 724 621 
4056 829 163 182 183 
4057 829 839 770 182 
4058 829 839 182 162 
4059 829 182 163 162 
4060 829 759 506 163 
3 2 4 2868
4061 910 260 261 240 
4062 62 303 61 86 
4063 192 205 482 204 
4064 81 106 911 327 
4065 230 17 7 18 
4066 16 7 229 17 
4067 70 69 94 313 
4068 912 99 125 124 
4069 200 199 489 474 
4070 913 239 13 225 
4071 914 915 916 917 
4072 258 238 26 25 
4073 475 186 185 455 
4074 462 191 173 174 
4075 202 492 479 478 
4076 245 17 33 32 
4077 918 919 105 356 
4078 230 2 7 219 
4079 920 156 921 443 
4080 922 350 380 381 
4081 923 204 482 481 
4082 924 914 915 925 
4083 100 380 125 126 
4084 926 492 927 928 
4085 149 148 435 408 
4086 298 57 297 272 
4087 123 407 148 408 
4088 245 266 32 267 
4089 27 13 239 240 
4090 247 248 270 35 
4091 98 347 929 930 
4092 188 201 477 187 
4093 426 425 140 163 
4094 931 411 438 412 
4095 188 458 477 478 
4096 232 19 36 249 
4097 22 23 9 235 
4098 62 303 277 61 
4099 932 261 933 28 
4100 934 80 326 325 
4101 935 388 936 386 
4102 103 354 937 104 
4103 105 106 918 938 
4104 939 340 369 370 
4105 44 26 25 258 
4106 41 940 278 254 
4107 121 146 147 406 
4108 230 2 219 214 
4109 941 222 914 942 
4110 917 924 216 943 
4111 479 460 190 189 
4112 173 461 172 190 
4113 200 489 490 474 
4114 944 186 168 456 
4115 483 177 466 194 
4116 945 946 947 388 
4117 61 60 85 302 
4118 292 291 75 320 
4119 230 219 7 229 
4120 27 26 45 259 
4121 50 265 290 51 
4122 142 399 427 400 
4123 171 189 460 459 
4124 937 385 948 355 
4125 266 291 265 51 
4126 105 949 81 80 
4127 470 486 469 196 
4128 950 951 157 418 
4129 952 495 953 954 
4130 955 956 334 87 
4131 146 169 433 432 
4132 109 957 84 958 
4133 392 393 136 110 
4134 248 18 19 35 
4135 938 959 356 105 
4136 206 485 496 497 
4137 911 328 327 357 
4138 54 33 269 34 
4139 104 325 79 324 
4140 960 961 120 95 
4141 166 454 455 430 
4142 184 473 199 474 
4143 489 473 199 198 
4144 170 189 171 459 
4145 957 109 110 361 
4146 962 133 950 389 
4147 963 335 365 366 
4148 53 52 267 32 
4149 107 82 358 359 
4150 914 915 917 924 
4151 247 246 229 17 
4152 296 297 56 271 
4153 964 440 414 413 
4154 325 80 326 949 
4155 101 351 352 322 
4156 965 45 67 44 
4157 374 961 343 95 
4158 434 170 435 458 
4159 166 454 430 429 
4160 456 168 457 187 
4161 927 210 926 928 
4162 426 427 164 141 
4163 200 490 475 474 
4164 966 492 477 491 
4165 200 475 185 474 
4166 349 75 319 320 
4167 33 269 246 268 
4168 292 52 75 291 
4169 967 2 968 231 
4170 969 350 349 380 
4171 142 427 164 428 
4172 61 276 60 302 
4173 910 46 285 260 
4174 916 915 925 970 
4175 293 76 322 321 
4176 202 478 477 492 
4177 971 344 374 375 
4178 101 351 322 321 
4179 123 407 408 377 
4180 971 96 375 121 
4181 923 204 192 482 
4182 972 973 974 208 
4183 931 150 172 437 
4184 172 190 461 460 
4185 915 924 3 215 
4186 930 347 975 976 
4187 977 978 222 916 
4188 971 375 374 121 
4189 61 303 276 302 
4190 937 354 385 355 
4191 255 256 24 236 
4192 145 373 403 404 
4193 62 87 305 304 
4194 979 208 207 197 
4195 202 478 479 189 
4196 333 332 303 86 
4197 980 58 83 981 
4198 468 467 178 195 
4199 945 418 950 389 
4200 206 497 212 207 
4201 434 408 148 407 
4202 98 74 73 318 
4203 982 324 983 984 
4204 414 128 384 129 
4205 985 493 986 987 
4206 483 466 988 465 
4207 101 350 351 321 
4208 381 126 380 922 
4209 217 216 1 4 
4210 247 18 248 35 
4211 7 229 219 228 
4212 53 267 293 268 
4213 921 156 951 157 
4214 989 973 990 979 
4215 453 428 429 165 
4216 109 360 391 361 
4217 233 991 21 252 
4218 20 19 232 8 
4219 167 430 166 455 
4220 992 993 994 995 
4221 24 25 11 237 
4222 373 960 94 343 
4223 932 261 47 996 
4224 374 343 344 95 
4225 938 106 936 935 
4226 349 75 100 99 
4227 233 9 21 8 
4228 24 237 256 25 
4229 92 997 117 998 
4230 107 106 999 1000 
4231 1001 489 200 199 
4232 70 343 94 95 
4233 939 370 369 116 
4234 144 429 430 402 
4235 310 67 311 92 
4236 452 453 165 428 
4237 1002 399 141 368 
4238 221 9 235 234 
4239 167 431 430 455 
4240 456 186 476 455 
4241 924 970 915 3 
4242 142 428 164 165 
4243 200 491 476 490 
4244 374 373 120 404 
4245 916 970 925 222 
4246 444 1003 177 178 
4247 962 946 947 389 
4248 202 189 479 203 
4249 104 919 1004 325 
4250 964 153 175 174 
4251 932 261 996 1005 
4252 142 400 427 428 
4253 64 306 280 279 
4254 255 256 42 24 
4255 1006 939 369 116 
4256 255 236 23 235 
4257 66 282 44 281 
4258 910 285 46 47 
4259 461 191 480 190 
4260 201 209 1007 1008 
4261 154 175 440 964 
4262 127 383 382 413 
4263 414 440 154 441 
4264 414 128 383 384 
4265 914 1009 943 941 
4266 399 116 368 369 
4267 236 23 235 10 
4268 914 942 925 924 
4269 1010 23 22 235 
4270 958 84 330 331 
4271 988 193 177 483 
4272 61 85 303 302 
4273 143 401 371 117 
4274 108 82 359 83 
4275 329 83 359 82 
4276 973 989 990 487 
4277 10 925 942 924 
4278 1011 474 184 185 
4279 479 190 480 203 
4280 987 985 1012 211 
4281 344 374 95 971 
4282 1013 1014 155 416 
4283 414 154 415 441 
4284 1015 1016 354 103 
4285 102 322 101 352 
4286 64 307 65 280 
4287 22 234 9 21 
4288 934 1017 81 1018 
4289 59 60 301 84 
4290 1019 196 207 486 
4291 969 125 380 379 
4292 1020 444 178 445 
4293 962 950 1021 390 
4294 275 252 38 251 
4295 293 77 294 322 
4296 1022 270 247 34 
4297 188 457 477 458 
4298 964 439 152 174 
4299 434 408 435 148 
4300 202 203 479 492 
4301 436 149 435 409 
4302 1000 911 328 82 
4303 254 1023 40 1010 
4304 56 55 1024 296 
4305 233 991 252 251 
4306 270 248 271 35 
4307 100 350 101 321 
4308 96 122 376 121 
4309 127 126 152 412 
4310 925 970 915 924 
4311 317 98 73 318 
4312 59 301 300 83 
4313 501 1025 987 494 
4314 2 1026 8 1027 
4315 980 1028 300 299 
4316 1029 980 1030 59 
4317 1031 5 1032 1033 
4318 292 293 321 76 
4319 247 246 34 269 
4320 120 94 119 373 
4321 1034 224 238 12 
4322 169 434 433 458 
4323 144 430 167 431 
4324 434 148 147 407 
4325 415 385 129 384 
4326 938 356 918 105 
4327 354 104 103 324 
4328 950 945 133 951 
4329 48 49 29 263 
4330 421 136 393 422 
4331 398 426 397 140 
4332 434 147 148 170 
4333 939 91 117 116 
4334 349 100 75 320 
4335 349 348 319 99 
4336 411 381 126 380 
4337 953 484 206 194 
4338 75 51 291 52 
4339 351 381 350 922 
4340 143 166 144 429 
4341 95 960 94 120 
4342 1035 6 5 1 
4343 910 240 261 28 
4344 70 343 313 94 
4345 1031 225 1036 1037 
4346 980 1017 58 299 
4347 275 276 39 252 
4348 1028 328 911 82 
4349 277 276 61 303 
4350 43 24 256 25 
4351 255 41 279 278 
4352 1038 308 90 65 
4353 255 42 41 23 
4354 172 461 437 460 
4355 109 391 134 135 
4356 1039 156 920 1040 
4357 1041 1042 211 1043 
4358 1044 988 465 193 
4359 179 180 469 196 
4360 396 424 395 138 
4361 969 349 379 380 
4362 913 13 1045 225 
4363 6 14 1046 1047 
4364 225 1048 993 992 
4365 63 305 87 335 
4366 1049 1037 5 1036 
4367 230 229 7 17 
4368 989 979 1050 1051 
4369 431 145 404 432 
4370 1034 1033 1032 4 
4371 483 193 177 194 
4372 483 465 193 464 
4373 423 161 424 449 
4374 920 1039 442 417 
4375 247 34 18 35 
4376 975 376 346 97 
4377 238 11 12 25 
4378 143 166 429 165 
4379 286 70 287 314 
4380 1052 55 296 270 
4381 247 34 17 18 
4382 293 77 322 76 
4383 96 345 376 346 
4384 961 373 120 374 
4385 146 145 168 432 
4386 296 270 55 295 
4387 936 386 388 387 
4388 1044 465 988 176 
4389 936 106 999 935 
4390 999 388 936 935 
4391 1053 274 1054 38 
4392 1049 226 1055 1056 
4393 1049 5 1035 1057 
4394 24 256 237 236 
4395 119 145 120 373 
4396 27 45 46 259 
4397 1049 1057 1058 5 
4398 144 403 431 145 
4399 143 428 165 429 
4400 1049 226 1037 1036 
4401 1052 270 296 271 
4402 980 58 981 1028 
4403 1059 296 1060 297 
4404 1038 90 89 65 
4405 137 138 395 423 
4406 1047 14 5 6 
4407 238 237 11 25 
4408 257 256 237 25 
4409 315 314 287 71 
4410 238 11 237 223 
4411 1061 492 493 203 
4412 215 915 924 917 
4413 1062 1063 1064 1007 
4414 255 236 24 23 
4415 24 237 11 236 
4416 970 222 1065 10 
4417 54 269 55 34 
4418 270 55 295 269 
4419 411 126 412 151 
4420 125 410 150 151 
4421 10 970 924 3 
4422 125 379 150 410 
4423 434 406 147 433 
4424 101 322 76 321 
4425 78 103 324 323 
4426 910 261 285 47 
4427 374 121 375 405 
4428 188 459 478 189 
4429 146 433 147 406 
4430 499 500 210 1007 
4431 436 437 150 410 
4432 1066 119 373 372 
4433 949 918 106 327 
4434 483 194 466 484 
4435 143 144 118 402 
4436 144 119 372 403 
4437 121 406 375 405 
4438 1067 13 1068 240 
4439 1069 119 1066 118 
4440 1070 923 174 463 
4441 1071 88 64 89 
4442 22 253 234 252 
4443 332 85 331 302 
4444 266 52 51 32 
4445 930 347 976 98 
4446 292 291 266 52 
4447 319 318 74 348 
4448 290 73 318 289 
4449 206 194 485 195 
4450 1038 89 90 337 
4451 198 471 182 197 
4452 454 453 185 474 
4453 1026 1072 1073 220 
4454 968 232 19 8 
4455 215 3 4 924 
4456 245 33 17 246 
4457 1046 227 243 15 
4458 971 375 96 345 
4459 996 1074 286 47 
4460 1075 1034 223 11 
4461 1076 6 218 227 
4462 450 183 163 451 
4463 479 203 493 492 
4464 190 171 189 460 
4465 938 386 959 130 
4466 327 80 949 326 
4467 984 983 55 78 
4468 937 129 1015 103 
4469 1077 1078 1065 977 
4470 970 1065 977 3 
4471 232 249 36 250 
4472 315 96 95 71 
4473 43 24 42 256 
4474 315 95 314 71 
4475 222 970 1065 977 
4476 143 371 402 118 
4477 24 236 11 10 
4478 921 157 951 418 
4479 938 106 935 130 
4480 999 328 1000 911 
4481 482 464 483 193 
4482 939 91 340 92 
4483 476 477 201 187 
4484 75 74 319 291 
4485 1079 1012 1080 495 
4486 173 191 461 190 
4487 188 169 457 458 
4488 476 477 491 201 
4489 188 457 169 187 
4490 188 458 478 459 
4491 378 123 408 377 
4492 973 198 974 208 
4493 98 99 74 348 
4494 292 75 52 76 
4495 72 288 289 49 
4496 1042 1043 1081 211 
4497 462 461 191 480 
4498 33 34 17 246 
4499 1082 349 969 100 
4500 203 211 986 1083 
4501 1084 98 976 348 
4502 75 74 291 51 
4503 93 341 998 1085 
4504 70 314 343 95 
4505 93 68 341 312 
4506 997 340 939 370 
4507 144 166 167 430 
4508 342 313 69 312 
4509 93 69 342 94 
4510 285 47 286 69 
4511 1086 453 454 429 
4512 1087 216 1033 4 
4513 479 460 189 459 
4514 479 189 478 459 
4515 157 1088 950 418 
4516 916 915 970 977 
4517 466 484 194 467 
4518 167 186 168 1089 
4519 450 183 182 163 
4520 114 366 113 139 
4521 910 27 260 240 
4522 43 256 257 25 
4523 452 165 164 428 
4524 1090 995 1048 992 
4525 94 1069 342 93 
4526 43 280 257 256 
4527 117 370 400 401 
4528 974 489 1091 199 
4529 472 183 473 198 
4530 470 181 197 196 
4531 392 391 109 135 
4532 109 1092 108 360 
4533 497 207 979 208 
4534 102 352 353 323 
4535 915 916 917 978 
4536 301 84 330 83 
4537 417 945 132 388 
4538 393 111 136 110 
4539 11 236 237 223 
4540 238 25 257 237 
4541 910 285 261 260 
4542 286 313 70 314 
4543 219 213 214 1 
4544 16 245 244 32 
4545 247 246 17 34 
4546 328 358 82 359 
4547 36 271 249 248 
4548 275 302 301 60 
4549 1093 330 329 360 
4550 1017 911 299 327 
4551 1021 950 134 390 
4552 925 942 222 10 
4553 976 378 347 377 
4554 939 369 340 339 
4555 62 304 303 86 
4556 1094 111 85 86 
4557 1094 85 111 110 
4558 78 324 103 79 
4559 1095 1096 1097 487 
4560 1098 211 206 212 
4561 502 497 212 496 
4562 927 492 500 928 
4563 200 185 199 474 
4564 10 942 1075 4 
4565 475 454 185 474 
4566 910 46 27 47 
4567 1019 486 1097 487 
4568 261 933 28 241 
4569 426 451 164 427 
4570 989 487 1019 1096 
4571 253 277 276 40 
4572 40 254 253 1099 
4573 36 35 271 248 
4574 36 249 272 250 
4575 40 1100 254 277 
4576 24 23 236 10 
4577 334 87 963 955 
4578 64 280 43 42 
4579 64 280 42 279 
4580 965 1101 45 44 
4581 210 209 212 499 
4582 1102 476 186 187 
4583 63 305 62 87 
4584 62 277 304 278 
4585 207 485 486 195 
4586 483 193 194 205 
4587 83 1092 109 84 
4588 444 443 418 921 
4589 988 465 466 443 
4590 910 47 27 28 
4591 73 317 1103 97 
4592 146 433 405 432 
4593 376 406 121 122 
4594 376 122 407 406 
4595 435 170 171 459 
4596 230 17 247 229 
4597 16 227 6 15 
4598 31 30 243 15 
4599 54 269 33 268 
4600 33 269 34 246 
4601 1010 234 22 253 
4602 20 36 232 19 
4603 277 40 61 276 
4604 964 174 152 153 
4605 1019 470 486 487 
4606 920 921 156 417 
4607 431 145 403 404 
4608 143 401 428 429 
4609 1102 476 456 186 
4610 1027 214 215 1 
4611 1035 218 6 1 
4612 1065 222 221 235 
4613 48 262 287 263 
4614 1071 64 88 336 
4615 1077 977 1065 3 
4616 424 449 161 162 
4617 426 163 140 141 
4618 184 453 452 473 
4619 425 163 450 162 
4620 119 373 372 403 
4621 258 238 25 257 
4622 149 408 435 409 
4623 1104 997 92 998 
4624 436 149 150 171 
4625 378 149 409 408 
4626 975 377 347 346 
4627 1105 158 134 135 
4628 186 944 455 456 
4629 452 164 427 428 
4630 472 198 182 183 
4631 425 163 162 139 
4632 65 281 280 307 
4633 1086 185 166 454 
4634 1028 58 911 299 
4635 82 58 911 1028 
4636 1106 1059 297 56 
4637 936 918 356 357 
4638 169 457 168 187 
4639 168 145 431 432 
4640 200 1008 201 491 
4641 942 4 941 1075 
4642 933 29 241 262 
4643 475 185 454 455 
4644 167 166 186 455 
4645 166 455 454 185 
4646 1104 92 341 998 
4647 92 998 117 118 
4648 973 471 197 487 
4649 1086 454 166 429 
4650 976 348 98 347 
4651 1089 167 431 168 
4652 1107 334 956 87 
4653 84 85 60 302 
4654 1054 38 275 60 
4655 356 357 918 327 
4656 59 84 301 83 
4657 328 82 329 359 
4658 301 330 300 83 
4659 419 390 391 1108 
4660 470 197 181 471 
4661 36 250 57 37 
4662 1109 155 1013 1014 
4663 976 378 348 347 
4664 426 164 451 163 
4665 994 13 28 1068 
4666 1110 398 367 397 
4667 62 303 304 277 
4668 219 218 213 1 
4669 245 33 246 268 
4670 16 244 245 228 
4671 214 213 215 1 
4672 1034 1032 1033 224 
4673 233 232 220 8 
4674 292 53 52 267 
4675 1111 221 1077 220 
4676 968 220 232 8 
4677 222 236 235 10 
4678 36 271 57 272 
4679 482 204 494 481 
4680 472 182 450 183 
4681 179 180 446 469 
4682 472 471 450 182 
4683 146 168 169 432 
4684 70 313 343 314 
4685 971 96 344 345 
4686 121 120 146 405 
4687 1112 317 72 316 
4688 342 69 313 94 
4689 98 347 348 318 
4690 317 316 1112 346 
4691 188 477 457 187 
4692 456 168 431 432 
4693 461 190 480 460 
4694 931 410 150 437 
4695 462 461 173 191 
4696 275 38 274 251 
4697 275 60 39 276 
4698 1028 299 911 328 
4699 1046 243 242 15 
4700 22 234 21 252 
4701 125 411 126 380 
4702 100 320 321 76 
4703 63 62 305 278 
4704 43 42 280 256 
4705 255 42 279 41 
4706 43 257 44 25 
4707 1082 99 349 100 
4708 315 345 96 316 
4709 287 314 70 71 
4710 315 96 71 316 
4711 995 994 14 1113 
4712 1074 287 286 70 
4713 913 5 1045 13 
4714 36 271 56 57 
4715 230 2 19 18 
4716 36 272 249 271 
4717 233 21 9 234 
4718 968 2 8 19 
4719 200 186 475 476 
4720 109 391 108 134 
4721 953 484 483 495 
4722 414 153 413 128 
4723 923 192 204 191 
4724 54 294 269 268 
4725 175 440 174 463 
4726 351 381 922 1114 
4727 152 173 174 439 
4728 436 435 149 171 
4729 127 152 413 412 
4730 152 439 413 412 
4731 174 439 463 440 
4732 964 174 175 440 
4733 242 243 30 15 
4734 245 32 266 244 
4735 233 252 21 234 
4736 230 247 17 18 
4737 231 19 232 249 
4738 36 272 57 250 
4739 398 1115 1110 367 
4740 310 311 340 92 
4741 68 284 312 69 
4742 449 181 162 182 
4743 470 197 471 487 
4744 114 336 1116 89 
4745 150 379 124 409 
4746 98 348 74 318 
4747 72 289 288 316 
4748 100 101 76 321 
4749 942 1075 941 222 
4750 913 5 1036 1045 
4751 62 304 305 278 
4752 137 423 161 138 
4753 255 279 42 256 
4754 1117 963 1118 88 
4755 186 168 1089 944 
4756 63 306 305 335 
4757 944 431 1089 455 
4758 115 398 1002 368 
4759 974 198 1091 208 
4760 179 468 446 445 
4761 338 90 309 91 
4762 63 305 279 278 
4763 396 139 397 425 
4764 394 363 364 111 
4765 394 364 112 111 
4766 1107 333 334 86 
4767 1006 369 939 339 
4768 64 306 307 280 
4769 144 403 430 431 
4770 66 309 67 282 
4771 164 451 163 183 
4772 1048 1090 992 225 
4773 89 337 1038 307 
4774 452 427 164 451 
4775 942 925 222 914 
4776 354 325 104 324 
4777 101 76 322 77 
4778 102 353 103 323 
4779 918 106 105 949 
4780 917 924 215 216 
4781 964 414 440 154 
4782 169 457 458 433 
4783 376 375 121 406 
4784 975 346 376 377 
4785 27 26 239 12 
4786 1009 924 216 4 
4787 931 172 150 151 
4788 1084 1119 976 123 
4789 924 215 216 4 
4790 912 348 1084 1119 
4791 931 172 461 437 
4792 434 148 435 170 
4793 456 477 476 187 
4794 168 186 1120 456 
4795 1049 1035 1121 1122 
4796 219 214 2 1 
4797 219 6 218 1 
4798 1058 226 1046 1055 
4799 1117 963 88 113 
4800 426 164 163 141 
4801 963 365 335 334 
4802 63 279 42 41 
4803 424 425 450 162 
4804 450 163 182 162 
4805 1107 86 112 111 
4806 114 140 397 139 
4807 446 420 158 445 
4808 184 473 474 453 
4809 1019 197 470 487 
4810 1091 198 199 208 
4811 84 331 85 302 
4812 275 252 39 38 
4813 84 83 1092 330 
4814 958 84 1092 330 
4815 331 361 330 958 
4816 957 84 331 85 
4817 1123 85 957 110 
4818 502 501 212 500 
4819 447 160 422 448 
4820 414 128 154 153 
4821 1017 298 934 327 
4822 127 413 153 128 
4823 78 102 103 323 
4824 103 353 324 323 
4825 983 54 78 77 
4826 239 26 238 12 
4827 1097 486 207 497 
4828 468 485 467 195 
4829 364 395 112 365 
4830 1124 446 179 158 
4831 914 978 943 917 
4832 436 172 150 437 
4833 462 463 174 439 
4834 462 438 173 461 
4835 343 373 960 961 
4836 96 346 376 97 
4837 374 120 405 404 
4838 120 373 145 404 
4839 121 146 406 405 
4840 121 406 147 122 
4841 468 196 486 195 
4842 421 136 160 159 
4843 447 421 160 159 
4844 445 467 444 178 
4845 1107 334 87 86 
4846 392 361 362 110 
4847 421 135 136 159 
4848 127 382 126 412 
4849 1125 1059 296 1060 
4850 1126 129 937 384 
4851 984 79 78 55 
4852 20 232 250 251 
4853 1022 247 270 35 
4854 105 104 1004 80 
4855 297 272 57 271 
4856 1052 270 271 35 
4857 169 170 434 458 
4858 149 435 170 171 
4859 436 435 171 459 
4860 96 345 346 316 
4861 1127 250 274 251 
4862 301 302 84 60 
4863 1018 273 980 1030 
4864 12 4 11 1034 
4865 1075 4 1034 11 
4866 22 9 234 235 
4867 9 23 10 235 
4868 1077 215 977 3 
4869 914 942 924 1009 
4870 63 279 41 278 
4871 61 303 85 86 
4872 62 61 277 40 
4873 1125 1059 1060 79 
4874 1024 1059 1125 79 
4875 247 34 270 269 
4876 1016 1015 1126 128 
4877 152 438 173 439 
4878 125 410 411 380 
4879 378 124 379 409 
4880 912 349 1082 99 
4881 150 410 379 409 
4882 147 407 148 122 
4883 147 406 407 122 
4884 376 407 122 377 
4885 445 468 467 178 
4886 447 421 422 160 
4887 468 486 485 195 
4888 179 468 178 195 
4889 472 183 450 451 
4890 397 140 425 139 
4891 209 499 1128 498 
4892 184 199 473 183 
4893 411 412 126 381 
4894 1129 445 1130 419 
4895 1092 958 330 360 
4896 921 945 417 418 
4897 919 948 105 959 
4898 1102 456 187 168 
4899 213 216 215 1 
4900 213 217 216 1 
4901 1049 226 1131 1037 
4902 213 218 217 1 
4903 475 476 186 455 
4904 166 185 186 455 
4905 1086 429 166 165 
4906 933 262 261 1005 
4907 1102 456 476 187 
4908 392 135 109 110 
4909 447 469 446 180 
4910 96 376 345 375 
4911 119 145 373 403 
4912 317 318 73 289 
4913 242 30 14 15 
4914 301 84 302 331 
4915 1092 1093 360 330 
4916 919 949 918 105 
4917 138 113 112 365 
4918 396 139 138 113 
4919 472 182 198 471 
4920 425 450 163 451 
4921 977 970 3 915 
4922 253 252 39 276 
4923 63 41 62 278 
4924 285 261 286 47 
4925 115 116 1006 368 
4926 239 240 13 225 
4927 965 67 282 44 
4928 933 262 1005 48 
4929 66 308 309 281 
4930 43 281 257 280 
4931 310 91 67 92 
4932 472 198 473 488 
4933 137 160 423 422 
4934 930 975 929 97 
4935 354 355 104 325 
4936 102 322 352 323 
4937 354 103 353 324 
4938 985 494 203 493 
4939 143 401 142 428 
4940 969 100 349 350 
4941 287 71 49 288 
4942 242 30 29 14 
4943 245 32 33 267 
4944 264 49 289 288 
4945 264 49 288 263 
4946 948 104 1004 105 
4947 102 1016 353 1132 
4948 472 471 198 488 
4949 452 473 451 183 
4950 472 451 473 183 
4951 910 27 240 28 
4952 1013 415 1014 416 
4953 131 388 935 130 
4954 948 959 355 385 
4955 1109 1013 130 385 
4956 1039 156 417 920 
4957 1109 129 415 385 
4958 414 154 128 129 
4959 452 451 164 183 
4960 142 141 164 427 
4961 1133 338 367 368 
4962 1104 997 340 92 
4963 123 122 148 407 
4964 123 122 407 377 
4965 378 409 149 124 
4966 98 318 317 347 
4967 379 124 1119 912 
4968 912 125 969 379 
4969 124 1084 912 99 
4970 974 1091 198 199 
4971 1006 1133 338 90 
4972 960 94 120 373 
4973 948 1004 919 105 
4974 1040 988 920 176 
4975 414 129 415 154 
4976 948 919 104 355 
4977 226 241 14 242 
4978 1057 1058 5 1047 
4979 16 6 227 228 
4980 319 74 99 348 
4981 1087 1033 1034 4 
4982 28 29 241 933 
4983 50 265 30 264 
4984 1045 14 992 13 
4985 53 267 33 32 
4986 54 53 294 268 
4987 1052 296 56 271 
4988 1059 296 297 56 
4989 1024 1125 296 984 
4990 53 33 267 268 
4991 16 228 7 6 
4992 290 318 73 74 
4993 1084 976 98 123 
4994 30 265 243 264 
4995 16 229 7 228 
4996 210 209 499 1007 
4997 7 219 2 1 
4998 436 171 460 459 
4999 435 458 170 459 
5000 434 407 147 406 
5001 275 302 60 276 
5002 1134 1057 1058 1049 
5003 254 255 41 1023 
5004 476 201 186 187 
5005 230 7 2 18 
5006 231 2 230 214 
5007 242 262 29 263 
5008 930 347 929 975 
5009 75 319 74 99 
5010 266 52 291 51 
5011 31 243 265 244 
5012 1096 1019 1097 487 
5013 206 485 484 496 
5014 207 497 486 485 
5015 479 189 190 203 
5016 392 393 421 136 
5017 332 303 85 302 
5018 304 87 334 86 
5019 421 135 159 420 
5020 363 393 362 111 
5021 470 180 181 196 
5022 449 181 182 471 
5023 424 425 162 139 
5024 424 162 138 139 
5025 1003 466 444 177 
5026 489 199 473 474 
5027 494 204 480 481 
5028 479 480 493 203 
5029 479 460 480 190 
5030 342 343 94 313 
5031 371 118 372 402 
5032 1001 209 200 490 
5033 966 491 477 201 
5034 206 485 207 195 
5035 499 500 212 210 
5036 333 303 304 86 
5037 332 86 85 303 
5038 1107 333 1094 363 
5039 305 334 304 87 
5040 436 171 172 460 
5041 436 172 437 460 
5042 172 171 190 460 
5043 436 150 149 409 
5044 462 174 173 439 
5045 125 126 411 151 
5046 181 197 182 471 
5047 1045 5 14 13 
5048 226 241 995 14 
5049 1135 501 212 211 
5050 242 264 30 243 
5051 100 321 320 350 
5052 149 170 435 148 
5053 931 172 173 461 
5054 931 151 150 410 
5055 1084 976 1119 348 
5056 329 83 300 330 
5057 911 999 328 357 
5058 423 422 160 448 
5059 108 82 107 359 
5060 1094 111 362 110 
5061 333 304 334 86 
5062 125 411 410 151 
5063 149 408 123 148 
5064 378 123 149 408 
5065 436 150 172 171 
5066 378 149 123 124 
5067 149 150 124 409 
5068 258 25 44 257 
5069 125 100 1082 969 
5070 1034 238 11 12 
5071 1068 241 1067 240 
5072 1045 992 14 226 
5073 266 52 32 267 
5074 245 267 33 268 
5075 227 244 243 15 
5076 393 362 111 110 
5077 1094 111 363 362 
5078 231 230 2 19 
5079 37 1053 274 1030 
5080 991 38 21 252 
5081 978 914 222 916 
5082 1061 203 202 492 
5083 192 193 482 205 
5084 1135 212 501 500 
5085 188 201 202 477 
5086 206 207 485 497 
5087 988 443 466 177 
5088 1070 191 462 174 
5089 494 480 204 203 
5090 369 370 400 116 
5091 92 997 939 117 
5092 338 337 308 90 
5093 986 203 1083 1136 
5094 290 319 318 74 
5095 292 320 75 76 
5096 31 243 244 15 
5097 967 2 231 214 
5098 177 444 921 443 
5099 206 194 484 485 
5100 194 467 485 195 
5101 444 921 1088 157 
5102 194 178 467 195 
5103 1110 114 367 115 
5104 989 1095 487 1096 
5105 66 281 43 65 
5106 114 397 366 139 
5107 310 340 339 91 
5108 68 312 284 311 
5109 282 257 44 281 
5110 310 91 339 309 
5111 258 259 26 238 
5112 285 46 284 260 
5113 188 477 202 478 
5114 188 478 202 189 
5115 985 494 493 987 
5116 1008 1137 1138 499 
5117 436 410 150 409 
5118 919 948 959 355 
5119 938 918 936 106 
5120 1085 1069 93 342 
5121 78 77 102 323 
5122 992 995 14 226 
5123 1057 1058 1047 1134 
5124 367 115 1133 368 
5125 115 368 141 116 
5126 447 160 180 159 
5127 396 424 139 425 
5128 469 486 468 196 
5129 310 67 309 282 
5130 396 139 424 138 
5131 66 65 308 281 
5132 290 51 291 74 
5133 50 51 290 74 
5134 208 498 979 497 
5135 4 5 1 217 
5136 483 466 177 988 
5137 484 485 194 467 
5138 48 287 49 263 
5139 1074 48 287 70 
5140 96 121 376 375 
5141 70 314 95 71 
5142 258 282 257 44 
5143 939 117 370 116 
5144 283 311 68 284 
5145 1111 233 220 8 
5146 4 942 1009 924 
5147 1065 235 221 9 
5148 22 39 253 252 
5149 233 20 232 8 
5150 1006 339 939 91 
5151 285 284 46 69 
5152 421 136 422 160 
5153 180 448 181 160 
5154 179 469 468 196 
5155 470 469 180 196 
5156 93 312 341 342 
5157 1139 94 373 1066 
5158 343 95 960 94 
5159 125 379 410 380 
5160 349 100 320 350 
5161 912 125 1082 969 
5162 100 126 922 380 
5163 424 450 449 162 
5164 399 116 369 400 
5165 366 114 1117 336 
5166 308 281 65 307 
5167 169 457 433 432 
5168 169 168 457 432 
5169 146 433 406 405 
5170 146 433 169 147 
5171 169 433 434 147 
5172 169 147 434 170 
5173 1045 5 1058 14 
5174 456 457 477 187 
5175 1058 14 5 1047 
5176 419 391 134 1108 
5177 157 1020 1088 444 
5178 921 443 156 177 
5179 132 388 416 417 
5180 951 156 133 157 
5181 423 160 161 448 
5182 423 424 161 138 
5183 140 163 425 139 
5184 1110 398 397 140 
5185 1115 115 1110 367 
5186 449 182 450 471 
5187 449 162 450 182 
5188 392 109 391 361 
5189 137 161 423 160 
5190 338 90 308 309 
5191 93 312 342 69 
5192 283 284 68 45 
5193 94 373 343 1139 
5194 912 99 1082 125 
5195 290 291 319 74 
5196 287 288 49 263 
5197 5 1049 1045 1058 
5198 1049 226 1036 1045 
5199 1046 1047 1058 1055 
5200 242 30 264 263 
5201 286 69 70 313 
5202 1074 286 47 70 
5203 227 6 218 228 
5204 1134 1035 1047 1057 
5205 158 419 445 420 
5206 950 945 951 418 
5207 179 469 446 468 
5208 447 446 421 159 
5209 158 159 135 420 
5210 962 133 1021 950 
5211 1024 296 1059 56 
5212 211 1140 1081 1141 
5213 81 106 327 949 
5214 1098 1142 1042 1041 
5215 1018 298 273 57 
5216 445 1130 419 158 
5217 392 136 135 110 
5218 1041 1098 501 211 
5219 1105 420 158 135 
5220 301 330 84 331 
5221 130 416 155 132 
5222 1109 415 1013 385 
5223 959 105 919 356 
5224 937 948 385 129 
5225 104 79 103 324 
5226 482 193 483 205 
5227 1143 1025 494 987 
5228 126 412 382 381 
5229 102 322 323 77 
5230 381 126 922 1114 
5231 978 914 943 222 
5232 382 101 127 126 
5233 456 457 168 432 
5234 344 95 343 314 
5235 961 343 373 374 
5236 27 13 240 28 
5237 27 239 13 12 
5238 285 46 47 69 
5239 341 311 68 92 
5240 372 1085 1066 118 
5241 371 370 117 401 
5242 341 68 311 312 
5243 341 340 311 92 
5244 93 341 68 92 
5245 1014 176 1040 442 
5246 1014 1039 416 442 
5247 206 212 497 496 
5248 207 486 196 195 
5249 939 117 997 370 
5250 142 427 399 141 
5251 426 425 163 451 
5252 1144 115 398 1002 
5253 1012 204 482 205 
5254 1135 210 212 500 
5255 914 916 925 222 
5256 462 191 481 480 
5257 494 493 480 203 
5258 205 1141 1145 1146 
5259 204 190 480 191 
5260 204 480 190 203 
5261 204 480 481 191 
5262 253 39 40 276 
5263 22 21 39 252 
5264 39 252 21 38 
5265 39 61 40 276 
5266 39 60 61 276 
5267 275 38 39 60 
5268 1053 1127 274 38 
5269 463 482 1147 192 
5270 102 101 322 77 
5271 1114 126 382 381 
5272 1024 296 1125 1059 
5273 382 101 126 1114 
5274 421 446 420 159 
5275 470 449 181 448 
5276 446 158 420 159 
5277 470 181 180 448 
5278 423 161 449 448 
5279 396 113 138 365 
5280 470 181 449 471 
5281 396 138 395 365 
5282 36 56 271 35 
5283 36 248 249 19 
5284 36 35 248 19 
5285 447 180 446 159 
5286 958 109 957 361 
5287 394 395 137 112 
5288 392 362 393 110 
5289 392 391 135 420 
5290 392 421 135 136 
5291 1038 90 308 337 
5292 1133 337 338 90 
5293 306 335 88 336 
5294 64 43 280 65 
5295 42 279 280 256 
5296 255 24 42 23 
5297 273 57 272 250 
5298 980 58 1028 299 
5299 297 325 1060 80 
5300 1018 57 81 934 
5301 305 335 334 87 
5302 980 273 1017 299 
5303 298 273 57 272 
5304 980 1018 1017 273 
5305 161 162 449 181 
5306 161 181 449 448 
5307 161 160 181 448 
5308 394 137 393 111 
5309 424 161 138 162 
5310 965 282 67 283 
5311 285 312 284 69 
5312 152 412 438 439 
5313 127 413 382 412 
5314 1148 128 1016 1126 
5315 931 151 411 412 
5316 931 437 411 410 
5317 206 1145 205 1141 
5318 1149 495 953 205 
5319 63 305 306 279 
5320 940 1100 40 41 
5321 62 87 304 86 
5322 1115 368 367 398 
5323 396 113 366 139 
5324 397 426 425 140 
5325 399 426 141 427 
5326 395 138 112 365 
5327 963 366 1117 1118 
5328 336 1116 367 114 
5329 1116 1133 114 89 
5330 398 426 140 141 
5331 1110 367 114 397 
5332 200 1008 491 1138 
5333 399 398 1002 141 
5334 1035 5 217 1 
5335 336 337 89 1071 
5336 175 464 440 463 
5337 1150 464 192 482 
5338 1070 923 191 174 
5339 1012 985 204 211 
5340 953 194 483 484 
5341 502 212 501 496 
5342 498 499 502 212 
5343 200 186 476 201 
5344 1135 212 210 211 
5345 978 215 915 977 
5346 1136 986 203 493 
5347 1151 1016 1132 128 
5348 219 228 218 6 
5349 230 248 247 18 
5350 976 123 378 377 
5351 913 224 239 225 
5352 26 25 238 12 
5353 222 215 977 1078 
5354 143 428 142 165 
5355 993 13 992 994 
5356 144 429 166 430 
5357 338 309 339 91 
5358 399 426 398 141 
5359 367 366 114 397 
5360 66 282 67 44 
5361 1133 368 1006 338 
5362 392 135 421 420 
5363 447 180 160 448 
5364 310 311 67 283 
5365 999 131 935 106 
5366 1006 91 939 116 
5367 230 19 248 18 
5368 914 916 978 917 
5369 1085 371 998 118 
5370 217 216 4 1033 
5371 1082 100 125 99 
5372 27 259 239 26 
5373 93 68 312 69 
5374 66 43 281 44 
5375 1152 1101 965 258 
5376 310 340 91 92 
5377 7 6 219 1 
5378 7 228 219 6 
5379 915 916 978 977 
5380 394 364 395 112 
5381 75 291 319 320 
5382 292 293 53 267 
5383 349 319 75 99 
5384 292 53 76 52 
5385 75 320 100 76 
5386 412 931 152 438 
5387 127 413 152 153 
5388 152 412 126 151 
5389 493 986 1153 1135 
5390 48 29 262 263 
5391 971 344 375 345 
5392 242 29 30 263 
5393 16 228 245 229 
5394 239 238 26 259 
5395 144 372 119 118 
5396 144 167 145 431 
5397 167 168 145 431 
5398 146 404 145 432 
5399 146 405 404 432 
5400 930 98 976 123 
5401 1048 241 1090 225 
5402 146 120 145 404 
5403 146 405 120 404 
5404 396 365 366 113 
5405 1010 234 253 235 
5406 1010 22 234 235 
5407 233 21 20 8 
5408 233 9 221 234 
5409 1111 220 233 221 
5410 1026 1073 967 220 
5411 239 238 224 12 
5412 132 133 947 945 
5413 959 356 386 936 
5414 222 970 977 916 
5415 1040 156 920 988 
5416 176 465 442 441 
5417 1154 154 1155 441 
5418 1040 1039 155 1014 
5419 117 400 370 116 
5420 939 92 117 91 
5421 997 117 998 371 
5422 154 175 964 153 
5423 175 440 464 441 
5424 1044 464 465 441 
5425 175 154 440 441 
5426 937 354 384 385 
5427 1065 222 235 10 
5428 4 5 217 1033 
5429 913 1031 224 225 
5430 96 376 122 97 
5431 1037 5 217 1035 
5432 910 260 27 46 
5433 374 120 121 405 
5434 273 274 37 250 
5435 1077 3 1111 1027 
5436 231 248 230 19 
5437 231 249 248 19 
5438 242 262 241 29 
5439 414 415 129 384 
5440 414 413 383 128 
5441 373 960 961 120 
5442 188 170 169 458 
5443 188 170 458 459 
5444 188 189 170 459 
5445 119 94 1066 373 
5446 929 97 98 930 
5447 1119 348 378 379 
5448 97 98 1156 317 
5449 20 232 36 250 
5450 20 36 37 250 
5451 233 232 20 251 
5452 482 205 483 495 
5453 1012 205 482 495 
5454 50 31 265 51 
5455 50 264 290 265 
5456 310 67 91 309 
5457 283 259 284 45 
5458 1152 1101 259 45 
5459 966 492 202 477 
5460 1085 1069 998 93 
5461 199 209 200 1001 
5462 1138 490 200 209 
5463 395 424 423 138 
5464 396 366 397 139 
5465 125 379 912 124 
5466 125 124 150 379 
5467 100 350 969 380 
5468 1157 206 954 496 
5469 911 327 328 299 
5470 1106 298 57 297 
5471 1106 298 934 57 
5472 220 1158 1159 215 
5473 80 327 934 326 
5474 108 391 390 134 
5475 108 390 391 360 
5476 109 108 391 360 
5477 108 359 390 360 
5478 1093 359 329 83 
5479 394 423 137 395 
5480 394 137 422 393 
5481 394 137 423 422 
5482 1107 1094 333 86 
5483 960 343 961 95 
5484 30 49 264 263 
5485 30 29 49 263 
5486 210 926 928 493 
5487 50 290 73 74 
5488 50 265 31 30 
5489 31 243 30 265 
5490 53 293 294 268 
5491 54 33 53 268 
5492 292 76 53 293 
5493 53 294 293 77 
5494 53 293 76 77 
5495 498 212 502 497 
5496 971 121 120 95 
5497 208 1091 498 209 
5498 971 96 121 95 
5499 200 476 491 201 
5500 200 476 475 490 
5501 184 199 185 474 
5502 199 198 473 183 
5503 489 473 198 488 
5504 245 229 246 17 
5505 292 52 266 267 
5506 1031 225 1037 217 
5507 4 216 1160 1087 
5508 371 340 997 370 
5509 1133 367 338 337 
5510 144 145 119 403 
5511 144 430 403 402 
5512 144 402 372 118 
5513 144 372 402 403 
5514 143 402 371 401 
5515 143 401 429 402 
5516 143 429 144 402 
5517 344 96 315 345 
5518 95 374 961 120 
5519 344 314 315 95 
5520 344 95 315 96 
5521 31 51 266 265 
5522 31 266 51 32 
5523 31 266 32 244 
5524 31 265 266 244 
5525 16 229 245 17 
5526 261 240 241 28 
5527 261 933 241 262 
5528 54 269 294 295 
5529 54 269 295 55 
5530 54 294 53 77 
5531 984 983 295 55 
5532 983 78 54 55 
5533 983 78 984 324 
5534 502 500 212 499 
5535 1019 486 470 196 
5536 989 487 197 1019 
5537 137 112 395 138 
5538 394 112 137 111 
5539 137 393 111 136 
5540 137 422 393 136 
5541 137 160 422 136 
5542 286 69 47 70 
5543 46 284 260 259 
5544 46 284 259 45 
5545 46 284 68 69 
5546 1161 1158 1077 1027 
5547 46 68 284 45 
5548 192 175 174 463 
5549 463 482 192 464 
5550 1044 465 176 441 
5551 1150 482 192 193 
5552 200 209 1008 1138 
5553 220 1159 1072 1073 
5554 200 185 475 186 
5555 285 312 69 313 
5556 315 287 288 71 
5557 315 288 316 71 
5558 142 401 400 428 
5559 142 116 399 400 
5560 142 399 116 141 
5561 142 401 117 400 
5562 142 400 117 116 
5563 63 88 306 335 
5564 63 87 88 335 
5565 950 157 951 133 
5566 467 1003 444 178 
5567 179 196 468 195 
5568 921 417 951 156 
5569 962 389 947 133 
5570 211 985 203 986 
5571 1108 134 390 391 
5572 290 51 265 291 
5573 945 388 947 132 
5574 1160 216 222 223 
5575 938 106 130 105 
5576 132 133 945 951 
5577 945 389 947 946 
5578 939 339 340 91 
5579 27 239 259 260 
5580 27 240 239 260 
5581 28 47 932 261 
5582 27 46 260 259 
5583 999 911 1000 106 
5584 936 106 918 357 
5585 963 365 334 955 
5586 1107 334 955 956 
5587 16 228 227 244 
5588 16 244 227 15 
5589 16 15 31 244 
5590 16 244 31 32 
5591 16 245 32 17 
5592 285 69 286 313 
5593 208 498 497 212 
5594 447 180 470 469 
5595 447 470 180 448 
5596 1085 998 1104 341 
5597 216 941 222 943 
5598 971 95 344 96 
5599 66 309 282 281 
5600 67 68 311 92 
5601 971 121 374 120 
5602 310 283 67 282 
5603 965 283 67 45 
5604 1007 210 209 201 
5605 67 68 283 311 
5606 67 283 68 45 
5607 127 383 413 128 
5608 102 1016 1132 1151 
5609 1132 102 382 352 
5610 462 439 173 438 
5611 43 44 257 281 
5612 43 280 65 281 
5613 66 91 67 309 
5614 66 91 309 90 
5615 66 90 308 65 
5616 66 308 90 309 
5617 254 255 23 235 
5618 184 452 453 165 
5619 1086 185 454 453 
5620 184 164 452 165 
5621 184 452 164 183 
5622 184 473 452 183 
5623 292 321 320 76 
5624 1000 106 911 82 
5625 1074 47 48 70 
5626 932 996 1074 1005 
5627 48 71 287 70 
5628 48 49 287 71 
5629 394 393 363 111 
5630 143 117 371 118 
5631 143 142 401 117 
5632 64 279 63 306 
5633 64 63 279 42 
5634 64 336 306 88 
5635 64 306 336 307 
5636 89 307 1038 65 
5637 64 306 63 88 
5638 1092 109 958 360 
5639 392 109 361 110 
5640 110 1123 109 957 
5641 497 207 208 212 
5642 22 253 39 40 
5643 1010 253 254 235 
5644 1010 254 23 235 
5645 72 288 49 71 
5646 72 288 71 316 
5647 72 289 317 73 
5648 72 317 289 316 
5649 929 346 975 347 
5650 317 97 98 929 
5651 1112 96 72 97 
5652 72 71 96 316 
5653 50 290 264 289 
5654 50 264 30 49 
5655 50 289 264 49 
5656 50 73 290 289 
5657 50 289 72 73 
5658 50 72 289 49 
5659 980 1028 981 300 
5660 1017 81 911 327 
5661 911 999 357 106 
5662 1124 445 179 446 
5663 1124 468 179 445 
5664 179 446 180 159 
5665 179 158 446 159 
5666 317 98 1156 73 
5667 929 975 346 97 
5668 216 941 1160 222 
5669 1162 1103 72 97 
5670 97 346 317 1112 
5671 1156 73 98 97 
5672 126 101 922 1114 
5673 127 101 382 102 
5674 350 100 922 380 
5675 100 380 969 125 
5676 1160 222 1075 223 
5677 101 350 100 922 
5678 101 100 126 922 
5679 1035 1134 1049 1057 
5680 1100 254 940 40 
5681 1023 40 1010 23 
5682 940 1023 41 40 
5683 1100 41 278 62 
5684 1010 254 1023 23 
5685 1163 1052 55 56 
5686 1022 270 34 269 
5687 1022 55 270 269 
5688 1022 34 55 269 
5689 1022 34 247 35 
5690 80 1106 1060 297 
5691 1106 297 1059 1060 
5692 1106 934 298 297 
5693 919 325 949 1004 
5694 325 297 326 934 
5695 1060 296 325 297 
5696 984 295 296 55 
5697 1125 984 79 324 
5698 1125 1060 325 79 
5699 984 324 78 79 
5700 983 55 54 295 
5701 1125 325 1060 296 
5702 56 55 296 1052 
5703 1024 984 296 55 
5704 356 918 326 327 
5705 1024 1125 984 79 
5706 1134 1035 6 1047 
5707 1018 57 934 298 
5708 80 1106 297 934 
5709 934 298 326 327 
5710 1018 1030 37 273 
5711 949 81 80 327 
5712 1134 1122 1055 6 
5713 934 298 297 326 
5714 104 1004 80 325 
5715 1059 80 1060 79 
5716 81 80 327 934 
5717 1134 1055 1047 6 
5718 357 106 327 911 
5719 80 104 325 79 
5720 325 949 1004 80 
5721 326 919 949 918 
5722 949 1004 80 105 
5723 959 356 936 938 
5724 918 326 919 356 
5725 938 356 936 918 
5726 325 80 79 1060 
5727 936 386 357 356 
5728 358 107 131 999 
5729 388 936 387 999 
5730 130 388 386 416 
5731 999 107 1000 358 
5732 948 104 919 1004 
5733 918 357 106 327 
5734 949 326 918 327 
5735 1058 1134 1055 1047 
5736 106 105 949 81 
5737 104 919 325 355 
5738 1042 1041 1080 1043 
5739 325 326 919 949 
5740 107 131 999 106 
5741 297 325 80 934 
5742 1004 949 919 105 
5743 919 325 355 326 
5744 919 355 356 326 
5745 959 356 919 355 
5746 937 385 384 129 
5747 959 385 130 386 
5748 959 386 356 355 
5749 1126 129 1015 937 
5750 500 491 927 1062 
5751 959 385 386 355 
5752 1017 934 81 327 
5753 83 300 980 981 
5754 911 81 58 82 
5755 1018 298 1017 273 
5756 357 387 936 999 
5757 329 981 1028 300 
5758 911 81 82 106 
5759 54 77 1164 294 
5760 54 77 983 1164 
5761 983 78 324 323 
5762 294 323 77 1164 
5763 983 78 323 77 
5764 294 323 322 77 
5765 500 491 1062 1165 
5766 130 131 106 935 
5767 500 1007 1064 210 
5768 1062 1064 1166 927 
5769 945 947 389 133 
5770 1000 82 328 358 
5771 1000 107 106 82 
5772 1000 358 107 82 
5773 1088 444 418 921 
5774 1062 1166 1064 1063 
5775 131 935 388 999 
5776 921 951 945 418 
5777 1012 205 1167 204 
5778 951 133 156 132 
5779 945 389 946 388 
5780 962 946 389 358 
5781 978 216 215 222 
5782 107 133 962 947 
5783 178 157 1168 1020 
5784 177 178 1003 194 
5785 390 389 950 418 
5786 964 414 154 153 
5787 964 413 414 153 
5788 964 413 152 439 
5789 964 152 413 153 
5790 964 439 174 440 
5791 964 440 413 439 
5792 176 154 1014 1169 
5793 1155 1044 441 1170 
5794 205 211 1012 1167 
5795 1109 1014 1013 415 
5796 1169 176 154 155 
5797 1170 175 1044 441 
5798 1167 211 1012 204 
5799 1141 206 211 205 
5800 954 206 484 496 
5801 1098 501 212 496 
5802 1098 212 206 496 
5803 1143 1012 494 495 
5804 1171 206 954 1157 
5805 931 410 411 151 
5806 931 151 152 173 
5807 412 931 151 152 
5808 931 173 152 438 
5809 931 461 173 438 
5810 931 461 438 437 
5811 931 151 173 172 
5812 931 438 411 437 
5813 922 101 351 1114 
5814 382 101 352 102 
5815 101 351 382 352 
5816 922 101 350 351 
5817 351 381 1114 382 
5818 351 1114 101 382 
5819 923 204 481 191 
5820 923 174 192 191 
5821 923 192 174 463 
5822 205 211 1172 1012 
5823 1070 174 462 463 
5824 988 176 465 442 
5825 1040 156 988 176 
5826 175 1044 1155 1170 
5827 988 193 176 177 
5828 988 193 483 465 
5829 988 177 156 443 
5830 988 176 156 177 
5831 1173 175 1044 176 
5832 1150 464 175 463 
5833 1150 464 482 193 
5834 1150 175 192 463 
5835 1044 175 464 441 
5836 1044 464 193 465 
5837 1150 192 464 463 
5838 1014 416 1039 155 
5839 1039 155 416 132 
5840 988 176 442 920 
5841 1174 157 134 1088 
5842 945 950 133 389 
5843 132 417 1039 156 
5844 387 358 388 999 
5845 1014 415 442 416 
5846 1014 154 1154 441 
5847 1014 415 154 441 
5848 1155 1014 1154 176 
5849 1014 442 415 441 
5850 155 154 1014 1109 
5851 155 1040 156 1039 
5852 385 416 1013 130 
5853 385 416 130 386 
5854 1140 1081 1141 1175 
5855 1013 155 130 416 
5856 1013 385 415 416 
5857 1109 154 1014 415 
5858 1109 130 1013 155 
5859 1109 129 130 155 
5860 1109 415 129 154 
5861 1109 129 155 154 
5862 1132 383 353 352 
5863 948 130 1109 129 
5864 948 1109 130 385 
5865 948 129 1109 385 
5866 948 959 130 105 
5867 948 130 104 105 
5868 948 130 959 385 
5869 948 104 130 129 
5870 937 104 948 129 
5871 937 948 104 355 
5872 937 104 354 355 
5873 1148 128 1126 384 
5874 1126 128 129 384 
5875 495 501 1025 1041 
5876 130 131 388 132 
5877 938 935 386 130 
5878 1176 495 1142 1041 
5879 387 936 386 357 
5880 962 947 946 107 
5881 946 388 389 358 
5882 1177 1080 1142 495 
5883 107 133 1021 962 
5884 1021 134 950 133 
5885 936 106 357 999 
5886 947 107 133 132 
5887 1081 206 1042 211 
5888 962 950 390 389 
5889 1021 134 133 108 
5890 1021 134 108 390 
5891 1021 108 107 359 
5892 1021 390 108 359 
5893 1021 108 133 107 
5894 962 107 946 358 
5895 962 359 1021 107 
5896 962 359 107 358 
5897 962 390 1021 359 
5898 962 389 390 359 
5899 962 359 358 389 
5900 1105 419 158 420 
5901 134 1174 1088 950 
5902 1088 1174 157 950 
5903 1105 135 134 391 
5904 391 1105 135 420 
5905 134 419 950 1088 
5906 442 417 1039 416 
5907 417 1039 416 132 
5908 156 132 417 951 
5909 921 417 945 951 
5910 945 417 418 389 
5911 945 132 951 417 
5912 945 389 388 417 
5913 177 444 178 1168 
5914 1142 1042 1041 1080 
5915 921 443 418 417 
5916 419 391 1105 134 
5917 194 467 1003 466 
5918 211 1140 1080 1043 
5919 1104 92 340 341 
5920 445 1178 1130 158 
5921 1179 1072 1027 1180 
5922 134 419 158 1105 
5923 950 418 1088 419 
5924 1178 1130 158 157 
5925 178 157 1020 1178 
5926 445 1178 1020 1129 
5927 1124 445 446 158 
5928 1124 179 468 178 
5929 1124 468 445 178 
5930 1130 158 157 134 
5931 1180 8 1026 1027 
5932 955 364 956 112 
5933 1107 111 1094 86 
5934 112 364 1107 111 
5935 112 364 956 1107 
5936 955 956 87 112 
5937 956 87 112 86 
5938 110 1123 85 84 
5939 1093 360 329 359 
5940 1180 220 8 1111 
5941 85 957 84 1123 
5942 1027 215 1158 1077 
5943 1123 109 957 84 
5944 957 362 110 85 
5945 84 1092 109 958 
5946 362 361 957 110 
5947 1092 108 83 109 
5948 1093 329 330 83 
5949 331 362 957 85 
5950 958 84 331 957 
5951 958 330 360 361 
5952 360 958 361 109 
5953 331 361 958 957 
5954 84 110 1123 109 
5955 980 58 59 83 
5956 1028 328 82 329 
5957 1028 299 328 329 
5958 329 981 300 83 
5959 83 300 59 980 
5960 1028 300 299 329 
5961 82 58 1028 981 
5962 1161 1158 1179 1077 
5963 220 1072 1179 1180 
5964 981 329 1028 82 
5965 981 83 329 82 
5966 981 58 83 82 
5967 1017 299 911 58 
5968 1017 58 911 81 
5969 1017 299 298 327 
5970 934 1017 1018 298 
5971 1027 1077 3 215 
5972 58 59 1181 1030 
5973 1017 298 299 273 
5974 1018 1030 980 58 
5975 1030 37 273 274 
5976 58 37 1018 1030 
5977 1054 59 38 60 
5978 1127 274 250 37 
5979 37 1053 1127 274 
5980 301 1054 59 1029 
5981 1054 275 38 274 
5982 1029 300 980 59 
5983 1029 300 59 301 
5984 301 1054 60 59 
5985 1029 1053 1030 274 
5986 1029 1053 59 1030 
5987 980 273 299 300 
5988 1029 1054 1053 274 
5989 1029 1030 980 274 
5990 980 1030 273 274 
5991 980 273 300 274 
5992 991 233 20 251 
5993 991 20 233 21 
5994 20 1127 37 1182 
5995 1127 251 20 250 
5996 1127 251 274 38 
5997 991 38 252 251 
5998 1027 2 214 1 
5999 1027 2 3 8 
6000 1027 3 2 1 
6001 1027 215 3 1 
6002 220 1072 1158 1179 
6003 1111 9 1065 221 
6004 1026 967 1183 2 
6005 1179 1072 1161 1027 
6006 1107 363 1094 111 
6007 1094 363 333 332 
6008 1107 87 956 86 
6009 1094 332 333 86 
6010 1094 332 86 85 
6011 1094 362 363 332 
6012 1071 307 64 336 
6013 1180 1183 1072 1027 
6014 89 307 65 64 
6015 1038 308 65 307 
6016 1071 88 89 336 
6017 1055 1056 1046 6 
6018 1055 1046 1047 6 
6019 1046 1047 14 1058 
6020 1134 1049 1058 1055 
6021 215 3 1 4 
6022 924 3 4 10 
6023 4 216 1 215 
6024 1009 216 941 4 
6025 942 1075 222 10 
6026 941 222 943 914 
6027 1065 235 9 10 
6028 913 5 1031 1036 
6029 913 1032 1031 5 
6030 1122 1049 1056 1121 
6031 924 943 914 1009 
6032 1032 4 1033 5 
6033 1032 4 5 12 
6034 44 26 258 1101 
6035 978 216 222 943 
6036 1152 965 1101 45 
6037 1101 26 258 259 
6038 1101 26 259 45 
6039 1101 44 26 45 
6040 978 917 215 216 
6041 340 1104 371 997 
6042 341 371 1104 1085 
6043 997 939 340 92 
6044 978 917 216 943 
6045 1104 371 341 340 
6046 1006 339 338 369 
6047 1006 338 339 91 
6048 1006 1133 1184 115 
6049 90 91 1006 1184 
6050 1006 369 368 116 
6051 1006 369 338 368 
6052 115 116 1184 1006 
6053 90 91 338 1006 
6054 1184 91 1006 116 
6055 1184 90 91 116 
6056 1184 115 90 116 
6057 955 963 112 87 
6058 963 88 87 335 
6059 1117 366 336 1118 
6060 337 89 1116 336 
6061 963 112 87 113 
6062 963 365 112 113 
6063 963 87 88 113 
6064 1110 397 114 140 
6065 1008 1063 1165 1007 
6066 398 1115 368 115 
6067 1185 1144 140 141 
6068 1006 1133 90 1184 
6069 1110 140 114 115 
6070 1006 1133 115 368 
6071 1133 1184 115 90 
6072 1116 337 336 367 
6073 1133 90 89 337 
6074 491 1008 1063 1165 
6075 1133 114 89 115 
6076 115 398 1115 1110 
6077 1133 89 90 115 
6078 201 209 1008 200 
6079 1008 1138 1137 491 
6080 1128 1001 499 209 
6081 974 1091 498 208 
6082 974 198 489 199 
6083 498 209 499 212 
6084 186 944 1089 455 
6085 972 974 498 208 
6086 1091 208 199 209 
6087 1086 453 429 165 
6088 1011 184 474 453 
6089 453 185 1186 1086 
6090 1186 165 1011 453 
6091 1011 474 185 453 
6092 1008 1063 1166 491 
6093 1062 927 1166 491 
6094 1085 371 118 372 
6095 1085 998 1069 118 
6096 1069 1085 118 1066 
6097 119 1069 93 118 
6098 971 95 120 374 
6099 944 168 1089 431 
6100 1102 168 1120 456 
6101 944 431 455 456 
6102 1008 209 1007 499 
6103 1001 1091 489 199 
6104 1138 200 490 491 
6105 966 477 202 201 
6106 1187 490 1001 499 
6107 1008 1138 209 499 
6108 500 1007 1062 1064 
6109 1166 491 966 201 
6110 1008 1165 499 1007 
6111 1187 1001 1138 499 
6112 966 491 927 492 
6113 926 492 493 210 
6114 927 500 492 491 
6115 1008 1165 1137 499 
6116 201 1166 210 966 
6117 966 202 210 201 
6118 202 210 1061 492 
6119 1062 1166 1063 491 
6120 1064 1166 210 1007 
6121 1136 493 210 928 
6122 492 493 928 926 
6123 928 210 1135 500 
6124 203 1136 493 210 
6125 210 211 986 1135 
6126 210 926 492 927 
6127 210 492 966 927 
6128 986 1136 1083 210 
6129 203 1083 1136 210 
6130 987 494 1012 985 
6131 1064 210 1166 927 
6132 1136 493 928 1135 
6133 1061 202 203 210 
6134 975 123 976 377 
6135 975 122 123 377 
6136 930 976 975 123 
6137 975 377 976 347 
6138 975 377 376 122 
6139 975 122 376 97 
6140 1119 378 976 123 
6141 1119 124 378 123 
6142 1119 348 976 378 
6143 1084 124 1119 123 
6144 912 969 1082 349 
6145 974 489 198 488 
6146 199 209 1001 1091 
6147 498 489 1128 1091 
6148 212 498 209 208 
6149 974 488 498 489 
6150 1188 1086 166 165 
6151 1186 165 453 1086 
6152 453 185 1011 1186 
6153 1011 184 453 165 
6154 165 185 1086 1186 
6155 1156 73 97 317 
6156 1103 73 72 317 
6157 1112 317 1103 72 
6158 1112 72 96 316 
6159 119 1066 94 1069 
6160 119 1066 118 372 
6161 93 1069 998 118 
6162 1066 94 1069 342 
6163 94 119 1069 93 
6164 996 1074 1005 262 
6165 1074 48 1005 262 
6166 1074 48 262 287 
6167 996 286 261 47 
6168 933 262 48 29 
6169 28 47 261 910 
6170 932 996 47 1074 
6171 1048 993 992 995 
6172 1067 1048 1068 993 
6173 13 28 1068 240 
6174 1067 1048 993 225 
6175 1090 995 992 226 
6176 28 1068 241 1113 
6177 994 13 992 14 
6178 1090 992 1045 226 
6179 12 5 1032 913 
6180 1090 1036 225 226 
6181 1045 13 992 225 
6182 913 1036 1031 225 
6183 1090 1045 992 225 
6184 913 1045 1036 225 
6185 1035 217 218 1 
6186 1046 227 242 243 
6187 1037 5 1031 217 
6188 1035 1134 1122 1049 
6189 1121 6 1035 218 
6190 1131 1035 1049 1037 
6191 1046 242 226 14 
6192 1134 1049 1055 1122 
6193 1076 1121 6 1056 
6194 1055 1046 1056 226 
6195 1058 226 14 1046 
6196 1046 226 242 227 
6197 1180 1072 1026 220 
6198 1067 993 13 225 
6199 241 14 242 29 
6200 14 28 29 1113 
6201 215 1158 1072 1027 
6202 995 241 1090 1048 
6203 1179 1111 1027 1077 
6204 1027 1180 8 1111 
6205 1180 1183 1026 1072 
6206 1162 1103 73 72 
6207 97 73 1162 1103 
6208 1162 72 73 97 
6209 1084 98 124 123 
6210 912 969 349 379 
6211 1084 98 348 99 
6212 1180 1026 1183 1027 
6213 1084 124 98 99 
6214 2 1026 968 8 
6215 1180 220 1111 1179 
6216 56 1052 35 1163 
6217 55 35 1052 1163 
6218 55 35 1022 1052 
6219 1022 270 1052 35 
6220 1022 55 1052 270 
6221 1022 35 55 34 
6222 1125 79 325 324 
6223 982 983 324 295 
6224 296 324 984 1125 
6225 982 296 984 295 
6226 982 984 983 295 
6227 1059 80 79 1189 
6228 80 1060 1106 1059 
6229 1024 79 984 55 
6230 1059 56 1106 80 
6231 1106 297 57 271 
6232 1106 56 297 271 
6233 1106 57 56 271 
6234 80 57 1106 934 
6235 80 57 934 81 
6236 1106 80 56 57 
6237 946 131 107 947 
6238 131 358 946 107 
6239 938 130 959 105 
6240 358 946 388 131 
6241 295 983 324 323 
6242 295 983 323 1164 
6243 1164 983 323 77 
6244 1164 295 983 54 
6245 1164 295 54 294 
6246 1164 295 294 323 
6247 1126 128 1015 129 
6248 1016 1015 128 103 
6249 937 129 103 104 
6250 103 354 1015 937 
6251 1015 128 103 129 
6252 1148 383 1016 128 
6253 1126 937 1015 354 
6254 1126 937 354 384 
6255 1148 1126 1016 354 
6256 1132 382 383 352 
6257 1147 192 923 463 
6258 481 463 923 1070 
6259 1070 923 481 191 
6260 1070 481 462 191 
6261 1147 482 923 192 
6262 986 211 987 1153 
6263 1012 204 985 494 
6264 985 494 204 203 
6265 211 985 986 987 
6266 985 204 211 203 
6267 1145 1175 1079 1146 
6268 206 1177 1081 1042 
6269 1012 494 482 204 
6270 1012 482 494 495 
6271 493 1190 1135 1153 
6272 1190 500 928 1135 
6273 985 493 203 986 
6274 1081 1080 1177 1079 
6275 1080 211 1043 1143 
6276 1042 1080 1177 1081 
6277 1172 205 1012 1079 
6278 1098 211 212 501 
6279 1172 1140 1079 1080 
6280 205 211 1167 204 
6281 1172 211 1080 1012 
6282 987 494 1191 501 
6283 1041 1098 1142 1176 
6284 953 484 954 206 
6285 1146 1140 1141 1175 
6286 1080 1042 1043 1081 
6287 501 1041 1176 1098 
6288 1025 1143 1041 211 
6289 1143 1012 987 494 
6290 495 1142 1157 1176 
6291 1098 1176 1157 1142 
6292 1142 1171 206 1177 
6293 1025 1143 211 987 
6294 1079 205 1012 495 
6295 1141 1175 1177 1145 
6296 953 205 483 194 
6297 953 483 205 495 
6298 1192 953 206 194 
6299 1192 953 194 205 
6300 1177 1145 1079 1149 
6301 1149 205 206 1145 
6302 1192 194 206 205 
6303 1147 481 923 482 
6304 1070 463 462 481 
6305 481 463 1147 923 
6306 1147 481 482 463 
6307 193 175 464 1044 
6308 1171 206 953 954 
6309 1171 953 1149 495 
6310 193 176 1173 1044 
6311 193 175 1150 464 
6312 1150 193 192 175 
6313 920 443 921 417 
6314 442 443 988 920 
6315 442 443 465 988 
6316 920 443 988 156 
6317 920 442 443 417 
6318 1040 442 920 1039 
6319 1040 920 442 176 
6320 154 1014 1169 155 
6321 1014 1169 155 176 
6322 155 156 132 1039 
6323 921 157 418 1088 
6324 1171 1149 1177 495 
6325 154 1155 1014 1154 
6326 1040 156 176 155 
6327 1171 954 953 495 
6328 441 154 1155 1170 
6329 1170 154 175 441 
6330 1014 176 442 441 
6331 416 130 388 132 
6332 938 935 936 386 
6333 999 358 1000 328 
6334 358 999 357 328 
6335 131 358 999 388 
6336 388 935 130 386 
6337 1171 206 1157 1142 
6338 1178 157 1088 1130 
6339 1193 419 1105 420 
6340 391 1105 420 1193 
6341 1088 444 1020 1129 
6342 157 1020 444 1168 
6343 1149 206 1192 953 
6344 1178 157 1020 1088 
6345 1174 157 950 133 
6346 1088 1129 1130 419 
6347 1067 241 1068 1048 
6348 1020 444 445 1129 
6349 445 1178 178 1020 
6350 443 177 444 466 
6351 1130 419 134 1088 
6352 157 1130 134 1088 
6353 1124 1178 445 158 
6354 178 157 1178 1194 
6355 178 158 1194 1178 
6356 178 158 1178 1124 
6357 1124 445 1178 178 
6358 1124 158 179 178 
6359 194 177 466 1003 
6360 466 467 1003 444 
6361 444 921 157 1168 
6362 1088 419 418 444 
6363 950 418 419 390 
6364 390 419 134 1108 
6365 177 157 156 921 
6366 390 419 950 134 
6367 1019 470 197 196 
6368 1019 207 1097 486 
6369 989 1050 990 487 
6370 487 1050 972 1051 
6371 1149 206 953 1171 
6372 1097 486 497 487 
6373 973 974 198 488 
6374 1019 979 207 197 
6375 1019 207 196 197 
6376 1146 1141 1145 1175 
6377 334 87 335 963 
6378 955 112 963 365 
6379 955 364 112 365 
6380 955 334 364 365 
6381 361 331 362 957 
6382 362 85 1094 110 
6383 332 362 85 1094 
6384 1093 83 108 359 
6385 1093 359 108 360 
6386 362 331 332 85 
6387 1093 108 1092 360 
6388 1146 205 1141 211 
6389 83 1093 1092 330 
6390 108 83 1093 1092 
6391 1140 1079 1146 1172 
6392 1018 57 273 250 
6393 1018 250 273 37 
6394 1018 57 250 37 
6395 1018 58 1017 81 
6396 1018 57 58 81 
6397 980 1018 58 1017 
6398 1018 58 57 37 
6399 1081 1080 1079 1140 
6400 1029 59 1053 1054 
6401 1053 1054 59 38 
6402 1076 226 218 1121 
6403 1053 37 1127 38 
6404 59 58 980 1030 
6405 1029 980 300 274 
6406 301 274 1054 1029 
6407 301 275 60 1054 
6408 1012 211 1143 987 
6409 301 275 1054 1195 
6410 1182 1127 37 38 
6411 1042 206 1177 1142 
6412 20 1127 250 37 
6413 991 1127 38 251 
6414 991 20 1127 251 
6415 991 38 20 21 
6416 62 1100 40 277 
6417 254 255 278 41 
6418 22 1010 253 40 
6419 22 1010 40 1196 
6420 1196 22 1010 23 
6421 940 254 1023 40 
6422 40 23 1196 1010 
6423 41 1023 255 23 
6424 1042 211 1098 1041 
6425 1081 1141 1175 1177 
6426 1023 41 40 23 
6427 1196 22 23 40 
6428 925 222 970 10 
6429 1078 977 1077 215 
6430 222 1065 1078 977 
6431 1078 1077 221 215 
6432 1111 1065 9 3 
6433 48 932 47 1074 
6434 4 216 941 1160 
6435 10 970 3 1065 
6436 1065 9 3 10 
6437 1111 1077 1065 3 
6438 968 231 2 19 
6439 968 232 231 19 
6440 968 231 232 220 
6441 1146 211 1141 1140 
6442 967 231 220 1197 
6443 1111 221 233 9 
6444 220 1180 8 1026 
6445 1073 1072 1183 1159 
6446 1142 1042 206 1098 
6447 1111 1065 1077 221 
6448 1026 1183 1027 2 
6449 1179 220 1111 1077 
6450 967 231 968 220 
6451 1026 1183 1073 1072 
6452 1077 221 215 220 
6453 1111 9 233 8 
6454 1072 1158 215 1159 
6455 1026 968 8 220 
6456 1027 1180 1111 1179 
6457 1111 3 9 8 
6458 1146 211 1140 1172 
6459 1079 1140 1146 1175 
6460 1043 211 1140 1081 
6461 1149 1079 1177 495 
6462 1107 955 334 364 
6463 1107 956 955 364 
6464 1107 86 956 112 
6465 1107 111 364 363 
6466 1107 333 364 334 
6467 1107 363 364 333 
6468 963 335 366 1118 
6469 366 113 365 963 
6470 1118 88 963 335 
6471 1118 336 88 335 
6472 1118 366 336 335 
6473 307 337 1038 308 
6474 1172 211 205 1146 
6475 89 337 307 1071 
6476 336 366 114 367 
6477 307 64 89 1071 
6478 1071 337 307 336 
6479 205 1079 1172 1146 
6480 1079 205 1149 1145 
6481 1034 1032 224 12 
6482 12 4 1034 1032 
6483 1034 238 224 223 
6484 1034 11 238 223 
6485 1075 4 1087 1034 
6486 914 1009 941 942 
6487 1087 1034 1033 224 
6488 1087 223 1034 224 
6489 1087 216 223 224 
6490 224 217 225 1031 
6491 217 1033 5 1031 
6492 216 224 1033 1198 
6493 216 224 1087 1033 
6494 1031 1033 1032 224 
6495 217 224 1198 1033 
6496 217 224 1033 1031 
6497 12 5 913 13 
6498 913 224 1031 1032 
6499 913 224 1032 12 
6500 913 239 224 12 
6501 913 13 239 12 
6502 1075 223 222 236 
6503 1075 236 222 10 
6504 10 942 4 924 
6505 1075 10 4 11 
6506 1075 236 11 223 
6507 1075 11 236 10 
6508 1160 1075 941 4 
6509 1160 216 223 1087 
6510 10 925 924 970 
6511 1160 1075 4 1087 
6512 1075 1087 1160 223 
6513 1075 1087 223 1034 
6514 1152 283 965 45 
6515 965 258 1101 44 
6516 965 282 258 44 
6517 1152 259 1101 258 
6518 1144 398 140 141 
6519 398 1002 368 399 
6520 398 1002 141 1144 
6521 115 140 1185 1144 
6522 368 367 115 1115 
6523 1185 115 1144 141 
6524 1185 140 115 141 
6525 967 214 1197 220 
6526 973 488 471 487 
6527 973 208 979 197 
6528 973 198 208 197 
6529 973 488 198 471 
6530 973 471 198 197 
6531 1095 1097 1051 487 
6532 972 974 973 488 
6533 972 498 974 488 
6534 990 972 973 487 
6535 972 488 973 487 
6536 972 498 488 487 
6537 1051 497 979 498 
6538 1050 972 498 208 
6539 1051 1097 497 487 
6540 1051 497 498 487 
6541 1051 498 972 487 
6542 1001 490 1138 209 
6543 1187 1138 1001 490 
6544 1001 209 1138 499 
6545 1128 1001 1091 489 
6546 1001 200 489 490 
6547 498 489 1091 974 
6548 1128 1091 1001 209 
6549 997 371 370 117 
6550 92 93 998 118 
6551 1085 1066 342 372 
6552 93 998 341 92 
6553 1120 1102 456 186 
6554 944 168 431 456 
6555 455 1089 167 431 
6556 1089 167 186 455 
6557 1073 214 220 215 
6558 1073 220 1159 215 
6559 1062 1165 1063 1007 
6560 215 1183 1072 1159 
6561 1073 1183 967 214 
6562 1165 499 1007 500 
6563 1165 491 499 500 
6564 928 210 500 927 
6565 492 202 210 966 
6566 928 500 493 492 
6567 1061 210 203 493 
6568 986 1136 210 1135 
6569 1153 1135 211 501 
6570 1153 211 987 501 
6571 1153 986 211 1135 
6572 1183 1027 214 215 
6573 1026 968 967 2 
6574 989 979 1051 1095 
6575 990 973 972 208 
6576 990 979 973 208 
6577 1050 498 979 208 
6578 317 929 347 346 
6579 1112 72 1103 97 
6580 346 317 929 97 
6581 1112 346 96 97 
6582 1112 96 346 316 
6583 929 347 98 317 
6584 317 97 1112 1103 
6585 967 214 220 1073 
6586 215 1073 1183 1159 
6587 93 341 1085 342 
6588 1104 997 998 371 
6589 117 998 371 118 
6590 341 371 1085 342 
6591 1066 1069 1085 342 
6592 1139 94 1066 342 
6593 1139 94 342 343 
6594 373 342 1066 372 
6595 373 342 1139 1066 
6596 1139 343 342 373 
6597 933 48 1005 932 
6598 48 932 1074 1005 
6599 932 261 1005 933 
6600 28 933 48 29 
6601 933 48 932 28 
6602 932 48 47 28 
6603 996 1005 261 262 
6604 286 262 1199 1074 
6605 1199 1074 262 287 
6606 286 262 1074 996 
6607 996 261 286 262 
6608 1035 5 6 1047 
6609 1046 226 227 1076 
6610 1046 6 227 15 
6611 6 14 15 1046 
6612 1046 242 14 15 
6613 1090 225 1036 1045 
6614 1090 1045 1036 226 
6615 1068 1113 28 994 
6616 1113 995 1068 241 
6617 14 994 13 28 
6618 1067 993 1068 13 
6619 1099 277 254 253 
6620 1068 995 1048 241 
6621 1067 241 1048 225 
6622 277 254 278 1100 
6623 1099 277 253 40 
6624 1131 1035 1121 1049 
6625 1049 226 1121 1131 
6626 1160 222 941 1075 
6627 1049 226 1058 1055 
6628 1037 225 1036 226 
6629 1037 5 1036 1031 
6630 1037 225 226 217 
6631 1131 1035 1037 217 
6632 1131 1121 1035 218 
6633 1076 6 227 1046 
6634 1046 226 1076 1056 
6635 1131 217 1037 226 
6636 914 925 916 915 
6637 97 123 930 975 
6638 97 123 975 122 
6639 930 98 123 97 
6640 912 1084 348 99 
6641 124 1084 1119 912 
6642 1119 348 379 912 
6643 379 124 378 1119 
6644 912 349 99 348 
6645 912 379 349 348 
6646 56 1052 271 35 
6647 1163 56 55 35 
6648 1059 56 80 1189 
6649 79 56 1059 1189 
6650 79 56 1024 1059 
6651 56 1024 55 79 
6652 1189 80 79 56 
6653 324 296 325 1125 
6654 296 324 982 984 
6655 982 296 295 324 
6656 1016 353 103 102 
6657 1015 1016 1126 354 
6658 1016 353 354 103 
6659 1148 383 128 384 
6660 1132 353 102 352 
6661 102 128 1016 1151 
6662 1190 1135 1153 501 
6663 493 1190 928 1135 
6664 211 501 1025 987 
6665 157 178 1168 177 
6666 1190 500 1135 501 
6667 1190 928 500 493 
6668 493 501 1153 987 
6669 493 501 987 1191 
6670 1191 494 987 493 
6671 1190 500 501 493 
6672 952 954 484 496 
6673 1079 1175 1081 1140 
6674 495 1012 1080 1143 
6675 495 501 1041 1176 
6676 1098 1176 496 1157 
6677 1176 501 1098 496 
6678 1176 501 496 495 
6679 211 501 1041 1025 
6680 1157 206 1098 1142 
6681 1025 494 501 495 
6682 1025 1143 494 495 
6683 1041 1080 1043 1143 
6684 1041 1143 1025 495 
6685 1177 1145 1175 1079 
6686 1140 1081 1080 1043 
6687 1149 205 1192 206 
6688 1149 206 1177 1145 
6689 1122 1056 6 1121 
6690 495 496 1157 954 
6691 952 954 953 484 
6692 495 496 954 952 
6693 952 953 495 484 
6694 1171 1177 1142 495 
6695 1172 1140 1080 211 
6696 1079 1175 1177 1081 
6697 1149 953 1192 205 
6698 211 1043 1143 1041 
6699 193 176 1044 988 
6700 175 193 1173 1044 
6701 254 40 277 1099 
6702 1173 193 175 176 
6703 175 1044 176 1155 
6704 1155 176 154 1014 
6705 1014 1154 176 441 
6706 1155 176 441 1044 
6707 1014 176 155 1040 
6708 1040 1039 1014 442 
6709 999 387 358 357 
6710 946 388 131 947 
6711 1058 1045 14 226 
6712 1122 1121 6 1035 
6713 938 386 936 959 
6714 388 131 947 132 
6715 1122 1049 1055 1056 
6716 107 132 947 131 
6717 1076 226 227 218 
6718 1121 226 218 1131 
6719 1088 1129 1020 1178 
6720 1088 1129 1178 1130 
6721 1174 133 950 134 
6722 1174 157 133 134 
6723 1168 178 1020 444 
6724 1129 444 445 419 
6725 134 419 1130 158 
6726 1178 1129 445 1130 
6727 1194 157 1178 158 
6728 1194 157 158 178 
6729 467 1003 178 194 
6730 1168 177 444 921 
6731 157 1168 921 177 
6732 197 487 989 973 
6733 1019 979 989 1096 
6734 1096 1019 979 207 
6735 1096 1097 1019 207 
6736 1095 207 979 497 
6737 1129 1088 444 419 
6738 419 391 1193 1105 
6739 1193 419 420 391 
6740 274 1029 301 300 
6741 301 274 1195 1054 
6742 1195 275 1054 274 
6743 1195 301 275 274 
6744 58 37 1030 1181 
6745 59 37 1030 1053 
6746 37 59 38 1053 
6747 1134 1122 6 1035 
6748 59 37 1181 1030 
6749 1181 59 58 37 
6750 20 38 1127 1182 
6751 20 38 991 1127 
6752 1182 20 38 37 
6753 254 278 1100 940 
6754 1023 255 23 254 
6755 41 940 254 1023 
6756 278 277 1100 62 
6757 1078 1065 222 221 
6758 978 215 917 915 
6759 917 924 943 914 
6760 3 915 215 977 
6761 1183 2 967 214 
6762 215 1183 1027 1072 
6763 1027 1111 8 3 
6764 220 1158 215 1077 
6765 1158 1179 1072 1161 
6766 963 366 113 1117 
6767 1117 114 366 113 
6768 1117 1118 336 88 
6769 1117 336 89 88 
6770 1117 88 114 113 
6771 1117 89 114 88 
6772 1198 217 1033 216 
6773 1198 224 217 216 
6774 1152 259 283 45 
6775 258 283 1200 965 
6776 283 258 259 1152 
6777 114 367 115 1133 
6778 115 141 368 1002 
6779 115 398 140 1144 
6780 398 140 1110 115 
6781 1002 141 1144 115 
6782 368 141 116 399 
6783 499 489 490 1001 
6784 499 489 1001 1128 
6785 1091 209 1128 498 
6786 1128 489 498 499 
6787 1064 927 1062 500 
6788 1188 166 1086 185 
6789 165 185 1188 1086 
6790 1188 166 185 165 
6791 1120 187 1102 186 
6792 1120 1102 187 168 
6793 1120 187 186 168 
6794 1064 927 500 210 
6795 1008 1166 1007 201 
6796 1187 1138 490 491 
6797 491 1138 499 1187 
6798 1187 490 499 491 
6799 1008 491 1166 201 
6800 1062 1165 1007 500 
6801 491 1063 1062 1165 
6802 491 1008 1165 1137 
6803 201 1166 1007 210 
6804 1007 1063 1166 1008 
6805 928 1136 1135 210 
6806 1136 493 1135 986 
6807 210 211 1083 986 
6808 987 493 986 1153 
6809 1166 210 966 927 
6810 1199 286 1074 287 
6811 1166 927 966 491 
6812 1199 262 286 287 
6813 1090 241 995 226 
6814 28 1068 240 241 
6815 995 994 1113 1068 
6816 491 1137 1165 499 
6817 1090 241 226 225 
6818 14 1113 994 28 
6819 1067 13 240 225 
6820 241 225 1067 240 
6821 993 1068 995 1048 
6822 1068 995 994 993 
6823 994 13 1068 993 
6824 225 993 13 992 
6825 1113 14 241 29 
6826 995 1113 14 241 
6827 995 994 992 14 
6828 491 1138 1137 499 
6829 241 1113 29 28 
6830 1049 5 1037 1035 
6831 1049 1058 226 1045 
6832 5 1049 1036 1045 
6833 1049 226 1056 1121 
6834 1035 5 1047 1057 
6835 1131 1035 217 218 
6836 1076 1121 218 6 
6837 1076 226 1121 1056 
6838 1076 6 1046 1056 
6839 1131 217 226 218 
6840 1007 1063 1064 1166 
6841 1148 1126 354 384 
6842 1148 353 1016 383 
6843 1148 353 383 384 
6844 1148 354 1016 353 
6845 1148 354 353 384 
6846 1132 383 1016 353 
6847 1132 1016 383 128 
6848 1132 383 127 128 
6849 1132 127 383 382 
6850 1132 102 127 382 
6851 102 128 103 1016 
6852 1151 127 1132 102 
6853 1151 1132 127 128 
6854 1151 127 102 128 
6855 1153 501 493 1190 
6856 1191 501 494 493 
6857 493 1061 210 492 
6858 1083 203 211 210 
6859 1080 1142 495 1041 
6860 1080 1012 211 1143 
6861 1081 211 1141 206 
6862 1143 1041 1080 495 
6863 1079 205 1145 1146 
6864 496 1157 1176 495 
6865 952 484 495 496 
6866 1177 1081 1141 206 
6867 1080 1142 1042 1177 
6868 1157 206 496 1098 
6869 1157 495 954 1171 
6870 1157 495 1171 1142 
6871 1012 1079 1080 1172 
6872 206 1042 211 1098 
6873 1149 1079 495 205 
6874 1079 1080 1177 495 
6875 1122 1056 1055 6 
6876 1177 206 1141 1145 
6877 1149 206 1171 1177 
6878 1154 1155 176 441 
6879 1155 175 1170 154 
6880 1155 176 175 154 
6881 989 979 197 973 
6882 1019 979 197 989 
6883 1051 487 989 1095 
6884 1095 1097 207 497 
6885 1051 487 1050 989 
6886 1095 1096 989 979 
6887 1095 1096 979 207 
6888 1095 1097 1096 207 
6889 1095 497 1051 1097 
6890 1095 1051 497 979 
6891 1186 185 184 165 
6892 1186 184 1011 165 
6893 41 940 1100 278 
6894 1009 216 943 941 
6895 1100 40 41 62 
6896 40 254 1010 253 
6897 1186 185 1011 184 
6898 487 1050 990 972 
6899 1077 1078 221 1065 
6900 222 215 978 977 
6901 942 1009 941 4 
6902 1009 924 943 216 
6903 1078 215 221 222 
6904 1197 214 967 231 
6905 1026 967 968 220 
6906 215 1073 214 1183 
6907 1197 214 231 220 
6908 1026 967 1073 1183 
6909 220 1159 1158 1072 
6910 1179 1161 1077 1027 
6911 1027 1161 1158 1072 
6912 1158 220 1179 1077 
6913 1183 1027 2 214 
6914 1050 498 1051 979 
6915 1116 114 1133 367 
6916 1116 1133 89 337 
6917 1085 342 371 372 
6918 89 114 336 1117 
6919 1116 367 1133 337 
6920 371 998 1104 1085 
6921 1050 972 1051 498 
6922 1200 965 283 282 
6923 258 283 965 1152 
6924 1200 258 965 282 
6925 1200 283 258 282 
6926 1050 989 990 979 
6927 1050 990 972 208 
6928 1050 979 990 208 
$EndElements
