$MeshFormat
4.1 0 8
$EndMeshFormat
$PhysicalNames
4
2 1 "SES"
2 2 "Stern Surface"
3 1 "Solute"
3 2 "Stern"
$EndPhysicalNames
$Entities
0 0 2 2
1 -3 -2.989000082015991 -2.996999979019165 3 3 2.996999979019165 1 1 0 
2 -3.5 -3.490000009536743 -3.480000019073486 3.5 3.490000009536743 3.480000019073486 1 2 0 
1 -3 -2.989000082015991 -2.996999979019165 3 3 2.996999979019165 1 1 1 1 
2 -3.5 -3.490000009536743 -3.480000019073486 3.5 3.490000009536743 3.480000019073486 1 2 2 2 -1 
$EndEntities
$Nodes
4 2206 1 2206
2 1 0 417
1
2
3
4
5
6
7
8
9
10
11
12
13
14
15
16
17
18
19
20
21
22
23
24
25
26
27
28
29
30
31
32
33
34
35
36
37
38
39
40
41
42
43
44
45
46
47
48
49
50
51
52
53
54
55
56
57
58
59
60
61
62
63
64
65
66
67
68
69
70
71
72
73
74
75
76
77
78
79
80
81
82
83
84
85
86
87
88
89
90
91
92
93
94
95
96
97
98
99
100
101
102
103
104
105
106
107
108
109
110
111
112
113
114
115
116
117
118
119
120
121
122
123
124
125
126
127
128
129
130
131
132
133
134
135
136
137
138
139
140
141
142
143
144
145
146
147
148
149
150
151
152
153
154
155
156
157
158
159
160
161
162
163
164
165
166
167
168
169
170
171
172
173
174
175
176
177
178
179
180
181
182
183
184
185
186
187
188
189
190
191
192
193
194
195
196
197
198
199
200
201
202
203
204
205
206
207
208
209
210
211
212
213
214
215
216
217
218
219
220
221
222
223
224
225
226
227
228
229
230
231
232
233
234
235
236
237
238
239
240
241
242
243
244
245
246
247
248
249
250
251
252
253
254
255
256
257
258
259
260
261
262
263
264
265
266
267
268
269
270
271
272
273
274
275
276
277
278
279
280
281
282
283
284
285
286
287
288
289
290
291
292
293
294
295
296
297
298
299
300
301
302
303
304
305
306
307
308
309
310
311
312
313
314
315
316
317
318
319
320
321
322
323
324
325
326
327
328
329
330
331
332
333
334
335
336
337
338
339
340
341
342
343
344
345
346
347
348
349
350
351
352
353
354
355
356
357
358
359
360
361
362
363
364
365
366
367
368
369
370
371
372
373
374
375
376
377
378
379
380
381
382
383
384
385
386
387
388
389
390
391
392
393
394
395
396
397
398
399
400
401
402
403
404
405
406
407
408
409
410
411
412
413
414
415
416
417
3 0 0
2.953999996185303 0.5210000276565552 0
2.953999996185303 0.2599999904632568 0.4510000050067902
2.953999996185303 -0.2599999904632568 0.4510000050067902
2.953999996185303 -0.5210000276565552 -0
2.953999996185303 -0.2599999904632568 -0.4510000050067902
2.953999996185303 0.2599999904632568 -0.4510000050067902
2.819000005722046 0.8889999985694885 0.5130000114440918
2.819000005722046 0.5130000114440918 0.8889999985694885
2.819000005722046 -0 1.026000022888184
2.819000005722046 -0.5130000114440918 0.8889999985694885
2.819000005722046 -0.8889999985694885 0.5130000114440918
2.819000005722046 -1.026000022888184 0
2.819000005722046 -0.8889999985694885 -0.5130000114440918
2.819000005722046 -0.5130000114440918 -0.8889999985694885
2.819000005722046 -0 -1.026000022888184
2.819000005722046 0.5130000114440918 -0.8889999985694885
2.819000005722046 0.8889999985694885 -0.5130000114440918
2.819000005722046 1.026000022888184 0
2.598000049591064 1.409999966621399 0.5130000114440918
2.598000049591064 1.14900004863739 0.9639999866485596
2.598000049591064 0.75 1.299000024795532
2.598000049591064 0.2599999904632568 1.476999998092651
2.598000049591064 -0.2599999904632568 1.476999998092651
2.598000049591064 -0.75 1.299000024795532
2.598000049591064 -1.14900004863739 0.9639999866485596
2.598000049591064 -1.409999966621399 0.5130000114440918
2.598000049591064 -1.5 0
2.598000049591064 -1.409999966621399 -0.5130000114440918
2.598000049591064 -1.14900004863739 -0.9639999866485596
2.598000049591064 -0.75 -1.299000024795532
2.598000049591064 -0.2599999904632568 -1.476999998092651
2.598000049591064 0.2599999904632568 -1.476999998092651
2.598000049591064 0.75 -1.299000024795532
2.598000049591064 1.14900004863739 -0.9639999866485596
2.598000049591064 1.409999966621399 -0.5130000114440918
2.598000049591064 1.5 0
2.29800009727478 1.85699999332428 0.5199999809265137
2.29800009727478 1.648000001907349 1.001999974250793
2.29800009727478 1.315999984741211 1.409000039100647
2.29800009727478 0.8870000243186951 1.712000012397766
2.29800009727478 0.3919999897480011 1.888000011444092
2.29800009727478 -0.1319999992847443 1.924000024795532
2.29800009727478 -0.6460000276565552 1.817000031471252
2.29800009727478 -1.111999988555908 1.575000047683716
2.29800009727478 -1.496000051498413 1.217000007629395
2.29800009727478 -1.769000053405762 0.7680000066757202
2.29800009727478 -1.909999966621399 0.2630000114440918
2.29800009727478 -1.909999966621399 -0.2630000114440918
2.29800009727478 -1.769000053405762 -0.7680000066757202
2.29800009727478 -1.496000051498413 -1.217000007629395
2.29800009727478 -1.111999988555908 -1.575000047683716
2.29800009727478 -0.6460000276565552 -1.817000031471252
2.29800009727478 -0.1319999992847443 -1.924000024795532
2.29800009727478 0.3919999897480011 -1.888000011444092
2.29800009727478 0.8870000243186951 -1.712000012397766
2.29800009727478 1.315999984741211 -1.409000039100647
2.29800009727478 1.648000001907349 -1.001999974250793
2.29800009727478 1.85699999332428 -0.5199999809265137
2.29800009727478 1.927999973297119 0
1.927999973297119 2.240999937057495 0.5109999775886536
1.927999973297119 2.071000099182129 0.996999979019165
1.927999973297119 1.797000050544739 1.432999968528748
1.927999973297119 1.432999968528748 1.797000050544739
1.927999973297119 0.996999979019165 2.071000099182129
1.927999973297119 0.5109999775886536 2.240999937057495
1.927999973297119 0 2.29800009727478
1.927999973297119 -0.5109999775886536 2.240999937057495
1.927999973297119 -0.996999979019165 2.071000099182129
1.927999973297119 -1.432999968528748 1.797000050544739
1.927999973297119 -1.797000050544739 1.432999968528748
1.927999973297119 -2.071000099182129 0.996999979019165
1.927999973297119 -2.240999937057495 0.5109999775886536
1.927999973297119 -2.29800009727478 -0
1.927999973297119 -2.240999937057495 -0.5109999775886536
1.927999973297119 -2.071000099182129 -0.996999979019165
1.927999973297119 -1.797000050544739 -1.432999968528748
1.927999973297119 -1.432999968528748 -1.797000050544739
1.927999973297119 -0.996999979019165 -2.071000099182129
1.927999973297119 -0.5109999775886536 -2.240999937057495
1.927999973297119 0 -2.29800009727478
1.927999973297119 0.5109999775886536 -2.240999937057495
1.927999973297119 0.996999979019165 -2.071000099182129
1.927999973297119 1.432999968528748 -1.797000050544739
1.927999973297119 1.797000050544739 -1.432999968528748
1.927999973297119 2.071000099182129 -0.996999979019165
1.927999973297119 2.240999937057495 -0.5109999775886536
1.927999973297119 2.29800009727478 0
1.5 2.54800009727478 0.5070000290870667
1.5 2.400000095367432 0.9940000176429749
1.5 2.160000085830688 1.442999958992004
1.5 1.837000012397766 1.837000012397766
1.5 1.442999958992004 2.160000085830688
1.5 0.9940000176429749 2.400000095367432
1.5 0.5070000290870667 2.54800009727478
1.5 0 2.598000049591064
1.5 -0.5070000290870667 2.54800009727478
1.5 -0.9940000176429749 2.400000095367432
1.5 -1.442999958992004 2.160000085830688
1.5 -1.837000012397766 1.837000012397766
1.5 -2.160000085830688 1.442999958992004
1.5 -2.400000095367432 0.9940000176429749
1.5 -2.54800009727478 0.5070000290870667
1.5 -2.598000049591064 -0
1.5 -2.54800009727478 -0.5070000290870667
1.5 -2.400000095367432 -0.9940000176429749
1.5 -2.160000085830688 -1.442999958992004
1.5 -1.837000012397766 -1.837000012397766
1.5 -1.442999958992004 -2.160000085830688
1.5 -0.9940000176429749 -2.400000095367432
1.5 -0.5070000290870667 -2.54800009727478
1.5 0 -2.598000049591064
1.5 0.5070000290870667 -2.54800009727478
1.5 0.9940000176429749 -2.400000095367432
1.5 1.442999958992004 -2.160000085830688
1.5 1.837000012397766 -1.837000012397766
1.5 2.160000085830688 -1.442999958992004
1.5 2.400000095367432 -0.9940000176429749
1.5 2.54800009727478 -0.5070000290870667
1.5 2.598000049591064 0
1.026000022888184 2.770999908447266 0.5180000066757202
1.026000022888184 2.628999948501587 1.01800000667572
1.026000022888184 2.397000074386597 1.483999967575073
1.026000022888184 2.08299994468689 1.89900004863739
1.026000022888184 1.699000000953674 2.25
1.026000022888184 1.256999969482422 2.523999929428101
1.026000022888184 0.7710000276565552 2.710999965667725
1.026000022888184 0.2599999904632568 2.806999921798706
1.026000022888184 -0.2599999904632568 2.806999921798706
1.026000022888184 -0.7710000276565552 2.710999965667725
1.026000022888184 -1.256999969482422 2.523999929428101
1.026000022888184 -1.699000000953674 2.25
1.026000022888184 -2.08299994468689 1.89900004863739
1.026000022888184 -2.397000074386597 1.483999967575073
1.026000022888184 -2.628999948501587 1.01800000667572
1.026000022888184 -2.770999908447266 0.5180000066757202
1.026000022888184 -2.819000005722046 -0
1.026000022888184 -2.770999908447266 -0.5180000066757202
1.026000022888184 -2.628999948501587 -1.01800000667572
1.026000022888184 -2.397000074386597 -1.483999967575073
1.026000022888184 -2.08299994468689 -1.89900004863739
1.026000022888184 -1.699000000953674 -2.25
1.026000022888184 -1.256999969482422 -2.523999929428101
1.026000022888184 -0.7710000276565552 -2.710999965667725
1.026000022888184 -0.2599999904632568 -2.806999921798706
1.026000022888184 0.2599999904632568 -2.806999921798706
1.026000022888184 0.7710000276565552 -2.710999965667725
1.026000022888184 1.256999969482422 -2.523999929428101
1.026000022888184 1.699000000953674 -2.25
1.026000022888184 2.08299994468689 -1.89900004863739
1.026000022888184 2.397000074386597 -1.483999967575073
1.026000022888184 2.628999948501587 -1.01800000667572
1.026000022888184 2.770999908447266 -0.5180000066757202
1.026000022888184 2.819000005722046 0
0.5210000276565552 2.910000085830688 0.5130000114440918
0.5210000276565552 2.776000022888184 1.009999990463257
0.5210000276565552 2.559000015258789 1.476999998092651
0.5210000276565552 2.263000011444092 1.89900004863739
0.5210000276565552 1.89900004863739 2.263000011444092
0.5210000276565552 1.476999998092651 2.559000015258789
0.5210000276565552 1.009999990463257 2.776000022888184
0.5210000276565552 0.5130000114440918 2.910000085830688
0.5210000276565552 0 2.953999996185303
0.5210000276565552 -0.5130000114440918 2.910000085830688
0.5210000276565552 -1.009999990463257 2.776000022888184
0.5210000276565552 -1.476999998092651 2.559000015258789
0.5210000276565552 -1.89900004863739 2.263000011444092
0.5210000276565552 -2.263000011444092 1.89900004863739
0.5210000276565552 -2.559000015258789 1.476999998092651
0.5210000276565552 -2.776000022888184 1.009999990463257
0.5210000276565552 -2.910000085830688 0.5130000114440918
0.5210000276565552 -2.953999996185303 0
0.5210000276565552 -2.910000085830688 -0.5130000114440918
0.5210000276565552 -2.776000022888184 -1.009999990463257
0.5210000276565552 -2.559000015258789 -1.476999998092651
0.5210000276565552 -2.263000011444092 -1.89900004863739
0.5210000276565552 -1.89900004863739 -2.263000011444092
0.5210000276565552 -1.476999998092651 -2.559000015258789
0.5210000276565552 -1.009999990463257 -2.776000022888184
0.5210000276565552 -0.5130000114440918 -2.910000085830688
0.5210000276565552 -0 -2.953999996185303
0.5210000276565552 0.5130000114440918 -2.910000085830688
0.5210000276565552 1.009999990463257 -2.776000022888184
0.5210000276565552 1.476999998092651 -2.559000015258789
0.5210000276565552 1.89900004863739 -2.263000011444092
0.5210000276565552 2.263000011444092 -1.89900004863739
0.5210000276565552 2.559000015258789 -1.476999998092651
0.5210000276565552 2.776000022888184 -1.009999990463257
0.5210000276565552 2.910000085830688 -0.5130000114440918
0.5210000276565552 2.953999996185303 0
0 2.957000017166138 0.5070000290870667
0 2.828999996185303 0.9990000128746033
0 2.61899995803833 1.463000059127808
0 2.334000110626221 1.884999990463257
0 1.98199999332428 2.252000093460083
0 1.572999954223633 2.555000066757202
0 1.11899995803833 2.783999919891357
0 0.6320000290870667 2.933000087738037
0 0.1270000040531158 2.996999979019165
0 -0.3810000121593475 2.976000070571899
0 -0.878000020980835 2.86899995803833
0 -1.35099995136261 2.678999900817871
0 -1.784000039100647 2.411999940872192
0 -2.165999889373779 2.075999975204468
0 -2.486000061035156 1.679999947547913
0 -2.733999967575073 1.235999941825867
0 -2.903000116348267 0.7559999823570251
0 -2.989000082015991 0.2540000081062317
0 -2.989000082015991 -0.2540000081062317
0 -2.903000116348267 -0.7559999823570251
0 -2.733999967575073 -1.235999941825867
0 -2.486000061035156 -1.679999947547913
0 -2.165999889373779 -2.075999975204468
0 -1.784000039100647 -2.411999940872192
0 -1.35099995136261 -2.678999900817871
0 -0.878000020980835 -2.868000030517578
0 -0.3810000121593475 -2.976000070571899
0 0.1270000040531158 -2.996999979019165
0 0.6320000290870667 -2.933000087738037
0 1.11899995803833 -2.783999919891357
0 1.572999954223633 -2.555000066757202
0 1.98199999332428 -2.252000093460083
0 2.334000110626221 -1.884999990463257
0 2.61899995803833 -1.463000059127808
0 2.828999996185303 -0.9990000128746033
0 2.957000017166138 -0.5070000290870667
0 3 0
-0.5210000276565552 2.953999996185303 0
-0.5210000276565552 2.910000085830688 0.5130000114440918
-0.5210000276565552 2.776000022888184 1.009999990463257
-0.5210000276565552 2.559000015258789 1.476999998092651
-0.5210000276565552 2.263000011444092 1.89900004863739
-0.5210000276565552 1.89900004863739 2.263000011444092
-0.5210000276565552 1.476999998092651 2.559000015258789
-0.5210000276565552 1.009999990463257 2.776000022888184
-0.5210000276565552 0.5130000114440918 2.910000085830688
-0.5210000276565552 0 2.953999996185303
-0.5210000276565552 -0.5130000114440918 2.910000085830688
-0.5210000276565552 -1.009999990463257 2.776000022888184
-0.5210000276565552 -1.476999998092651 2.559000015258789
-0.5210000276565552 -1.89900004863739 2.263000011444092
-0.5210000276565552 -2.263000011444092 1.89900004863739
-0.5210000276565552 -2.559000015258789 1.476999998092651
-0.5210000276565552 -2.776000022888184 1.009999990463257
-0.5210000276565552 -2.910000085830688 0.5130000114440918
-0.5210000276565552 -2.953999996185303 0
-0.5210000276565552 -2.910000085830688 -0.5130000114440918
-0.5210000276565552 -2.776000022888184 -1.009999990463257
-0.5210000276565552 -2.559000015258789 -1.476999998092651
-0.5210000276565552 -2.263000011444092 -1.89900004863739
-0.5210000276565552 -1.89900004863739 -2.263000011444092
-0.5210000276565552 -1.476999998092651 -2.559000015258789
-0.5210000276565552 -1.009999990463257 -2.776000022888184
-0.5210000276565552 -0.5130000114440918 -2.910000085830688
-0.5210000276565552 -0 -2.953999996185303
-0.5210000276565552 0.5130000114440918 -2.910000085830688
-0.5210000276565552 1.009999990463257 -2.776000022888184
-0.5210000276565552 1.476999998092651 -2.559000015258789
-0.5210000276565552 1.89900004863739 -2.263000011444092
-0.5210000276565552 2.263000011444092 -1.89900004863739
-0.5210000276565552 2.559000015258789 -1.476999998092651
-0.5210000276565552 2.776000022888184 -1.009999990463257
-0.5210000276565552 2.910000085830688 -0.5130000114440918
-1.026000022888184 2.819000005722046 0
-1.026000022888184 2.770999908447266 0.5180000066757202
-1.026000022888184 2.628999948501587 1.01800000667572
-1.026000022888184 2.397000074386597 1.483999967575073
-1.026000022888184 2.08299994468689 1.89900004863739
-1.026000022888184 1.699000000953674 2.25
-1.026000022888184 1.256999969482422 2.523999929428101
-1.026000022888184 0.7710000276565552 2.710999965667725
-1.026000022888184 0.2599999904632568 2.806999921798706
-1.026000022888184 -0.2599999904632568 2.806999921798706
-1.026000022888184 -0.7710000276565552 2.710999965667725
-1.026000022888184 -1.256999969482422 2.523999929428101
-1.026000022888184 -1.699000000953674 2.25
-1.026000022888184 -2.08299994468689 1.89900004863739
-1.026000022888184 -2.397000074386597 1.483999967575073
-1.026000022888184 -2.628999948501587 1.01800000667572
-1.026000022888184 -2.770999908447266 0.5180000066757202
-1.026000022888184 -2.819000005722046 -0
-1.026000022888184 -2.770999908447266 -0.5180000066757202
-1.026000022888184 -2.628999948501587 -1.01800000667572
-1.026000022888184 -2.397000074386597 -1.483999967575073
-1.026000022888184 -2.08299994468689 -1.89900004863739
-1.026000022888184 -1.699000000953674 -2.25
-1.026000022888184 -1.256999969482422 -2.523999929428101
-1.026000022888184 -0.7710000276565552 -2.710999965667725
-1.026000022888184 -0.2599999904632568 -2.806999921798706
-1.026000022888184 0.2599999904632568 -2.806999921798706
-1.026000022888184 0.7710000276565552 -2.710999965667725
-1.026000022888184 1.256999969482422 -2.523999929428101
-1.026000022888184 1.699000000953674 -2.25
-1.026000022888184 2.08299994468689 -1.89900004863739
-1.026000022888184 2.397000074386597 -1.483999967575073
-1.026000022888184 2.628999948501587 -1.01800000667572
-1.026000022888184 2.770999908447266 -0.5180000066757202
-1.5 2.598000049591064 0
-1.5 2.54800009727478 0.5070000290870667
-1.5 2.400000095367432 0.9940000176429749
-1.5 2.160000085830688 1.442999958992004
-1.5 1.837000012397766 1.837000012397766
-1.5 1.442999958992004 2.160000085830688
-1.5 0.9940000176429749 2.400000095367432
-1.5 0.5070000290870667 2.54800009727478
-1.5 0 2.598000049591064
-1.5 -0.5070000290870667 2.54800009727478
-1.5 -0.9940000176429749 2.400000095367432
-1.5 -1.442999958992004 2.160000085830688
-1.5 -1.837000012397766 1.837000012397766
-1.5 -2.160000085830688 1.442999958992004
-1.5 -2.400000095367432 0.9940000176429749
-1.5 -2.54800009727478 0.5070000290870667
-1.5 -2.598000049591064 -0
-1.5 -2.54800009727478 -0.5070000290870667
-1.5 -2.400000095367432 -0.9940000176429749
-1.5 -2.160000085830688 -1.442999958992004
-1.5 -1.837000012397766 -1.837000012397766
-1.5 -1.442999958992004 -2.160000085830688
-1.5 -0.9940000176429749 -2.400000095367432
-1.5 -0.5070000290870667 -2.54800009727478
-1.5 0 -2.598000049591064
-1.5 0.5070000290870667 -2.54800009727478
-1.5 0.9940000176429749 -2.400000095367432
-1.5 1.442999958992004 -2.160000085830688
-1.5 1.837000012397766 -1.837000012397766
-1.5 2.160000085830688 -1.442999958992004
-1.5 2.400000095367432 -0.9940000176429749
-1.5 2.54800009727478 -0.5070000290870667
-1.927999973297119 2.29800009727478 0
-1.927999973297119 2.240999937057495 0.5109999775886536
-1.927999973297119 2.071000099182129 0.996999979019165
-1.927999973297119 1.797000050544739 1.432999968528748
-1.927999973297119 1.432999968528748 1.797000050544739
-1.927999973297119 0.996999979019165 2.071000099182129
-1.927999973297119 0.5109999775886536 2.240999937057495
-1.927999973297119 0 2.29800009727478
-1.927999973297119 -0.5109999775886536 2.240999937057495
-1.927999973297119 -0.996999979019165 2.071000099182129
-1.927999973297119 -1.432999968528748 1.797000050544739
-1.927999973297119 -1.797000050544739 1.432999968528748
-1.927999973297119 -2.071000099182129 0.996999979019165
-1.927999973297119 -2.240999937057495 0.5109999775886536
-1.927999973297119 -2.29800009727478 -0
-1.927999973297119 -2.240999937057495 -0.5109999775886536
-1.927999973297119 -2.071000099182129 -0.996999979019165
-1.927999973297119 -1.797000050544739 -1.432999968528748
-1.927999973297119 -1.432999968528748 -1.797000050544739
-1.927999973297119 -0.996999979019165 -2.071000099182129
-1.927999973297119 -0.5109999775886536 -2.240999937057495
-1.927999973297119 0 -2.29800009727478
-1.927999973297119 0.5109999775886536 -2.240999937057495
-1.927999973297119 0.996999979019165 -2.071000099182129
-1.927999973297119 1.432999968528748 -1.797000050544739
-1.927999973297119 1.797000050544739 -1.432999968528748
-1.927999973297119 2.071000099182129 -0.996999979019165
-1.927999973297119 2.240999937057495 -0.5109999775886536
-2.29800009727478 1.927999973297119 0
-2.29800009727478 1.85699999332428 0.5199999809265137
-2.29800009727478 1.648000001907349 1.001999974250793
-2.29800009727478 1.315999984741211 1.409000039100647
-2.29800009727478 0.8870000243186951 1.712000012397766
-2.29800009727478 0.3919999897480011 1.888000011444092
-2.29800009727478 -0.1319999992847443 1.924000024795532
-2.29800009727478 -0.6460000276565552 1.817000031471252
-2.29800009727478 -1.111999988555908 1.575000047683716
-2.29800009727478 -1.496000051498413 1.217000007629395
-2.29800009727478 -1.769000053405762 0.7680000066757202
-2.29800009727478 -1.909999966621399 0.2630000114440918
-2.29800009727478 -1.909999966621399 -0.2630000114440918
-2.29800009727478 -1.769000053405762 -0.7680000066757202
-2.29800009727478 -1.496000051498413 -1.217000007629395
-2.29800009727478 -1.111999988555908 -1.575000047683716
-2.29800009727478 -0.6460000276565552 -1.817000031471252
-2.29800009727478 -0.1319999992847443 -1.924000024795532
-2.29800009727478 0.3919999897480011 -1.888000011444092
-2.29800009727478 0.8870000243186951 -1.712000012397766
-2.29800009727478 1.315999984741211 -1.409000039100647
-2.29800009727478 1.648000001907349 -1.001999974250793
-2.29800009727478 1.85699999332428 -0.5199999809265137
-2.598000049591064 1.5 0
-2.598000049591064 1.409999966621399 0.5130000114440918
-2.598000049591064 1.14900004863739 0.9639999866485596
-2.598000049591064 0.75 1.299000024795532
-2.598000049591064 0.2599999904632568 1.476999998092651
-2.598000049591064 -0.2599999904632568 1.476999998092651
-2.598000049591064 -0.75 1.299000024795532
-2.598000049591064 -1.14900004863739 0.9639999866485596
-2.598000049591064 -1.409999966621399 0.5130000114440918
-2.598000049591064 -1.5 0
-2.598000049591064 -1.409999966621399 -0.5130000114440918
-2.598000049591064 -1.14900004863739 -0.9639999866485596
-2.598000049591064 -0.75 -1.299000024795532
-2.598000049591064 -0.2599999904632568 -1.476999998092651
-2.598000049591064 0.2599999904632568 -1.476999998092651
-2.598000049591064 0.75 -1.299000024795532
-2.598000049591064 1.14900004863739 -0.9639999866485596
-2.598000049591064 1.409999966621399 -0.5130000114440918
-2.819000005722046 1.026000022888184 0
-2.819000005722046 0.8889999985694885 0.5130000114440918
-2.819000005722046 0.5130000114440918 0.8889999985694885
-2.819000005722046 -0 1.026000022888184
-2.819000005722046 -0.5130000114440918 0.8889999985694885
-2.819000005722046 -0.8889999985694885 0.5130000114440918
-2.819000005722046 -1.026000022888184 0
-2.819000005722046 -0.8889999985694885 -0.5130000114440918
-2.819000005722046 -0.5130000114440918 -0.8889999985694885
-2.819000005722046 -0 -1.026000022888184
-2.819000005722046 0.5130000114440918 -0.8889999985694885
-2.819000005722046 0.8889999985694885 -0.5130000114440918
-2.953999996185303 0.5210000276565552 0
-2.953999996185303 0.2599999904632568 0.4510000050067902
-2.953999996185303 -0.2599999904632568 0.4510000050067902
-2.953999996185303 -0.5210000276565552 -0
-2.953999996185303 -0.2599999904632568 -0.4510000050067902
-2.953999996185303 0.2599999904632568 -0.4510000050067902
-3 0 0
2 2 0 566
418
419
420
421
422
423
424
425
426
427
428
429
430
431
432
433
434
435
436
437
438
439
440
441
442
443
444
445
446
447
448
449
450
451
452
453
454
455
456
457
458
459
460
461
462
463
464
465
466
467
468
469
470
471
472
473
474
475
476
477
478
479
480
481
482
483
484
485
486
487
488
489
490
491
492
493
494
495
496
497
498
499
500
501
502
503
504
505
506
507
508
509
510
511
512
513
514
515
516
517
518
519
520
521
522
523
524
525
526
527
528
529
530
531
532
533
534
535
536
537
538
539
540
541
542
543
544
545
546
547
548
549
550
551
552
553
554
555
556
557
558
559
560
561
562
563
564
565
566
567
568
569
570
571
572
573
574
575
576
577
578
579
580
581
582
583
584
585
586
587
588
589
590
591
592
593
594
595
596
597
598
599
600
601
602
603
604
605
606
607
608
609
610
611
612
613
614
615
616
617
618
619
620
621
622
623
624
625
626
627
628
629
630
631
632
633
634
635
636
637
638
639
640
641
642
643
644
645
646
647
648
649
650
651
652
653
654
655
656
657
658
659
660
661
662
663
664
665
666
667
668
669
670
671
672
673
674
675
676
677
678
679
680
681
682
683
684
685
686
687
688
689
690
691
692
693
694
695
696
697
698
699
700
701
702
703
704
705
706
707
708
709
710
711
712
713
714
715
716
717
718
719
720
721
722
723
724
725
726
727
728
729
730
731
732
733
734
735
736
737
738
739
740
741
742
743
744
745
746
747
748
749
750
751
752
753
754
755
756
757
758
759
760
761
762
763
764
765
766
767
768
769
770
771
772
773
774
775
776
777
778
779
780
781
782
783
784
785
786
787
788
789
790
791
792
793
794
795
796
797
798
799
800
801
802
803
804
805
806
807
808
809
810
811
812
813
814
815
816
817
818
819
820
821
822
823
824
825
826
827
828
829
830
831
832
833
834
835
836
837
838
839
840
841
842
843
844
845
846
847
848
849
850
851
852
853
854
855
856
857
858
859
860
861
862
863
864
865
866
867
868
869
870
871
872
873
874
875
876
877
878
879
880
881
882
883
884
885
886
887
888
889
890
891
892
893
894
895
896
897
898
899
900
901
902
903
904
905
906
907
908
909
910
911
912
913
914
915
916
917
918
919
920
921
922
923
924
925
926
927
928
929
930
931
932
933
934
935
936
937
938
939
940
941
942
943
944
945
946
947
948
949
950
951
952
953
954
955
956
957
958
959
960
961
962
963
964
965
966
967
968
969
970
971
972
973
974
975
976
977
978
979
980
981
982
983
3.5 0 0
3.460999965667725 0.5220000147819519 0
3.460999965667725 0.261000007390976 0.4519999921321869
3.460999965667725 -0.261000007390976 0.4519999921321869
3.460999965667725 -0.5220000147819519 -0
3.460999965667725 -0.261000007390976 -0.4519999921321869
3.460999965667725 0.261000007390976 -0.4519999921321869
3.345000028610229 0.8930000066757202 0.515999972820282
3.345000028610229 0.515999972820282 0.8930000066757202
3.345000028610229 -0 1.031999945640564
3.345000028610229 -0.515999972820282 0.8930000066757202
3.345000028610229 -0.8930000066757202 0.515999972820282
3.345000028610229 -1.031999945640564 0
3.345000028610229 -0.8930000066757202 -0.515999972820282
3.345000028610229 -0.515999972820282 -0.8930000066757202
3.345000028610229 -0 -1.031999945640564
3.345000028610229 0.515999972820282 -0.8930000066757202
3.345000028610229 0.8930000066757202 -0.515999972820282
3.345000028610229 1.031999945640564 0
3.153000116348267 1.427000045776367 0.5189999938011169
3.153000116348267 1.162999987602234 0.9760000109672546
3.153000116348267 0.7590000033378601 1.315000057220459
3.153000116348267 0.2639999985694885 1.496000051498413
3.153000116348267 -0.2639999985694885 1.496000051498413
3.153000116348267 -0.7590000033378601 1.315000057220459
3.153000116348267 -1.162999987602234 0.9760000109672546
3.153000116348267 -1.427000045776367 0.5189999938011169
3.153000116348267 -1.519000053405762 0
3.153000116348267 -1.427000045776367 -0.5189999938011169
3.153000116348267 -1.162999987602234 -0.9760000109672546
3.153000116348267 -0.7590000033378601 -1.315000057220459
3.153000116348267 -0.2639999985694885 -1.496000051498413
3.153000116348267 0.2639999985694885 -1.496000051498413
3.153000116348267 0.7590000033378601 -1.315000057220459
3.153000116348267 1.162999987602234 -0.9760000109672546
3.153000116348267 1.427000045776367 -0.5189999938011169
3.153000116348267 1.519000053405762 0
2.891999959945679 1.904000043869019 0.5099999904632568
2.891999959945679 1.707000017166138 0.9860000014305115
2.891999959945679 1.394000053405762 1.394000053405762
2.891999959945679 0.9860000014305115 1.707000017166138
2.891999959945679 0.5099999904632568 1.904000043869019
2.891999959945679 0 1.972000002861023
2.891999959945679 -0.5099999904632568 1.904000043869019
2.891999959945679 -0.9860000014305115 1.707000017166138
2.891999959945679 -1.394000053405762 1.394000053405762
2.891999959945679 -1.707000017166138 0.9860000014305115
2.891999959945679 -1.904000043869019 0.5099999904632568
2.891999959945679 -1.972000002861023 0
2.891999959945679 -1.904000043869019 -0.5099999904632568
2.891999959945679 -1.707000017166138 -0.9860000014305115
2.891999959945679 -1.394000053405762 -1.394000053405762
2.891999959945679 -0.9860000014305115 -1.707000017166138
2.891999959945679 -0.5099999904632568 -1.904000043869019
2.891999959945679 -0 -1.972000002861023
2.891999959945679 0.5099999904632568 -1.904000043869019
2.891999959945679 0.9860000014305115 -1.707000017166138
2.891999959945679 1.394000053405762 -1.394000053405762
2.891999959945679 1.707000017166138 -0.9860000014305115
2.891999959945679 1.904000043869019 -0.5099999904632568
2.891999959945679 1.972000002861023 0
2.565999984741211 2.325000047683716 0.5120000243186951
2.565999984741211 2.16100001335144 1
2.565999984741211 1.894999980926514 1.440999984741211
2.565999984741211 1.541000008583069 1.814000010490417
2.565999984741211 1.115000009536743 2.102999925613403
2.565999984741211 0.6370000243186951 2.293999910354614
2.565999984741211 0.1289999932050705 2.377000093460083
2.565999984741211 -0.3849999904632568 2.348999977111816
2.565999984741211 -0.8809999823570251 2.211999893188477
2.565999984741211 -1.335999965667725 1.970000028610229
2.565999984741211 -1.728000044822693 1.63699996471405
2.565999984741211 -2.039999961853027 1.226999998092651
2.565999984741211 -2.25600004196167 0.7599999904632568
2.565999984741211 -2.367000102996826 0.2569999992847443
2.565999984741211 -2.367000102996826 -0.2569999992847443
2.565999984741211 -2.25600004196167 -0.7599999904632568
2.565999984741211 -2.039999961853027 -1.226999998092651
2.565999984741211 -1.728000044822693 -1.63699996471405
2.565999984741211 -1.335999965667725 -1.970000028610229
2.565999984741211 -0.8809999823570251 -2.211999893188477
2.565999984741211 -0.3849999904632568 -2.348999977111816
2.565999984741211 0.1289999932050705 -2.377000093460083
2.565999984741211 0.6370000243186951 -2.293999910354614
2.565999984741211 1.115000009536743 -2.102999925613403
2.565999984741211 1.541000008583069 -1.814000010490417
2.565999984741211 1.894999980926514 -1.440999984741211
2.565999984741211 2.16100001335144 -1
2.565999984741211 2.325000047683716 -0.5120000243186951
2.565999984741211 2.38100004196167 0
2.181999921798706 2.687000036239624 0.5180000066757202
2.181999921798706 2.539999961853027 1.016999959945679
2.181999921798706 2.302000045776367 1.478999972343445
2.181999921798706 1.980000019073486 1.888000011444092
2.181999921798706 1.587000012397766 2.229000091552734
2.181999921798706 1.13699996471405 2.489000082015991
2.181999921798706 0.6449999809265137 2.658999919891357
2.181999921798706 0.1299999952316284 2.733000040054321
2.181999921798706 -0.3889999985694885 2.709000110626221
2.181999921798706 -0.8949999809265137 2.585999965667725
2.181999921798706 -1.368000030517578 2.369999885559082
2.181999921798706 -1.79200005531311 2.068000078201294
2.181999921798706 -2.151000022888184 1.692000031471252
2.181999921798706 -2.431999921798706 1.253999948501587
2.181999921798706 -2.625999927520752 0.7710000276565552
2.181999921798706 -2.723999977111816 0.2599999904632568
2.181999921798706 -2.723999977111816 -0.2599999904632568
2.181999921798706 -2.625999927520752 -0.7710000276565552
2.181999921798706 -2.431999921798706 -1.253999948501587
2.181999921798706 -2.151000022888184 -1.692000031471252
2.181999921798706 -1.79200005531311 -2.068000078201294
2.181999921798706 -1.368000030517578 -2.369999885559082
2.181999921798706 -0.8949999809265137 -2.585999965667725
2.181999921798706 -0.3889999985694885 -2.709000110626221
2.181999921798706 0.1299999952316284 -2.733000040054321
2.181999921798706 0.6449999809265137 -2.658999919891357
2.181999921798706 1.13699996471405 -2.489000082015991
2.181999921798706 1.587000012397766 -2.229000091552734
2.181999921798706 1.980000019073486 -1.888000011444092
2.181999921798706 2.302000045776367 -1.478999972343445
2.181999921798706 2.539999961853027 -1.016999959945679
2.181999921798706 2.687000036239624 -0.5180000066757202
2.181999921798706 2.736000061035156 0
1.75 2.986999988555908 0.5120000243186951
1.75 2.858000040054321 1.009999990463257
1.75 2.645999908447266 1.478000044822693
1.75 2.358000040054321 1.904000043869019
1.75 2.003000020980835 2.275000095367432
1.75 1.58899998664856 2.581000089645386
1.75 1.129999995231628 2.812999963760376
1.75 0.6389999985694885 2.963000059127808
1.75 0.1289999932050705 3.028000116348267
1.75 -0.3849999904632568 3.006999969482422
1.75 -0.8880000114440918 2.898000001907349
1.75 -1.365000009536743 2.707000017166138
1.75 -1.802000045776367 2.437000036239624
1.75 -2.187999963760376 2.096999883651733
1.75 -2.510999917984009 1.697000026702881
1.75 -2.76200008392334 1.248999953269958
1.75 -2.933000087738037 0.7639999985694885
1.75 -3.019999980926514 0.2569999992847443
1.75 -3.019999980926514 -0.2569999992847443
1.75 -2.933000087738037 -0.7639999985694885
1.75 -2.76200008392334 -1.248999953269958
1.75 -2.510999917984009 -1.697000026702881
1.75 -2.187999963760376 -2.096999883651733
1.75 -1.802000045776367 -2.437000036239624
1.75 -1.365000009536743 -2.707000017166138
1.75 -0.8880000114440918 -2.898000001907349
1.75 -0.3849999904632568 -3.006999969482422
1.75 0.1289999932050705 -3.028000116348267
1.75 0.6389999985694885 -2.963000059127808
1.75 1.129999995231628 -2.812999963760376
1.75 1.58899998664856 -2.581000089645386
1.75 2.003000020980835 -2.275000095367432
1.75 2.358000040054321 -1.904000043869019
1.75 2.645999908447266 -1.478000044822693
1.75 2.858000040054321 -1.009999990463257
1.75 2.986999988555908 -0.5120000243186951
1.75 3.030999898910522 0
1.279000043869019 3.217999935150146 0.5099999904632568
1.279000043869019 3.098999977111816 1.006999969482422
1.279000043869019 2.903000116348267 1.478999972343445
1.279000043869019 2.635999917984009 1.914999961853027
1.279000043869019 2.303999900817871 2.303999900817871
1.279000043869019 1.914999961853027 2.635999917984009
1.279000043869019 1.478999972343445 2.903000116348267
1.279000043869019 1.006999969482422 3.098999977111816
1.279000043869019 0.5099999904632568 3.217999935150146
1.279000043869019 -0 3.257999897003174
1.279000043869019 -0.5099999904632568 3.217999935150146
1.279000043869019 -1.006999969482422 3.098999977111816
1.279000043869019 -1.478999972343445 2.903000116348267
1.279000043869019 -1.914999961853027 2.635999917984009
1.279000043869019 -2.303999900817871 2.303999900817871
1.279000043869019 -2.635999917984009 1.914999961853027
1.279000043869019 -2.903000116348267 1.478999972343445
1.279000043869019 -3.098999977111816 1.006999969482422
1.279000043869019 -3.217999935150146 0.5099999904632568
1.279000043869019 -3.257999897003174 -0
1.279000043869019 -3.217999935150146 -0.5099999904632568
1.279000043869019 -3.098999977111816 -1.006999969482422
1.279000043869019 -2.903000116348267 -1.478999972343445
1.279000043869019 -2.635999917984009 -1.914999961853027
1.279000043869019 -2.303999900817871 -2.303999900817871
1.279000043869019 -1.914999961853027 -2.635999917984009
1.279000043869019 -1.478999972343445 -2.903000116348267
1.279000043869019 -1.006999969482422 -3.098999977111816
1.279000043869019 -0.5099999904632568 -3.217999935150146
1.279000043869019 0 -3.257999897003174
1.279000043869019 0.5099999904632568 -3.217999935150146
1.279000043869019 1.006999969482422 -3.098999977111816
1.279000043869019 1.478999972343445 -2.903000116348267
1.279000043869019 1.914999961853027 -2.635999917984009
1.279000043869019 2.303999900817871 -2.303999900817871
1.279000043869019 2.635999917984009 -1.914999961853027
1.279000043869019 2.903000116348267 -1.478999972343445
1.279000043869019 3.098999977111816 -1.006999969482422
1.279000043869019 3.217999935150146 -0.5099999904632568
1.279000043869019 3.257999897003174 0
0.7789999842643738 3.371999979019165 0.5210000276565552
0.7789999842643738 3.253000020980835 1.029999971389771
0.7789999842643738 3.058000087738037 1.514000058174133
0.7789999842643738 2.790999889373779 1.963000059127808
0.7789999842643738 2.459000110626221 2.365999937057495
0.7789999842643738 2.069000005722046 2.71399998664856
0.7789999842643738 1.629999995231628 2.997999906539917
0.7789999842643738 1.152999997138977 3.210999965667725
0.7789999842643738 0.6499999761581421 3.349999904632568
0.7789999842643738 0.1309999972581863 3.410000085830688
0.7789999842643738 -0.3910000026226044 3.390000104904175
0.7789999842643738 -0.9039999842643738 3.289999961853027
0.7789999842643738 -1.396000027656555 3.114000082015991
0.7789999842643738 -1.855000019073486 2.864000082015991
0.7789999842643738 -2.269999980926514 2.546999931335449
0.7789999842643738 -2.632999897003174 2.171000003814697
0.7789999842643738 -2.933000087738037 1.74399995803833
0.7789999842643738 -3.164999961853027 1.276000022888184
0.7789999842643738 -3.322000026702881 0.7770000100135803
0.7789999842643738 -3.401999950408936 0.261000007390976
0.7789999842643738 -3.401999950408936 -0.261000007390976
0.7789999842643738 -3.322000026702881 -0.7770000100135803
0.7789999842643738 -3.164999961853027 -1.276000022888184
0.7789999842643738 -2.933000087738037 -1.74399995803833
0.7789999842643738 -2.632999897003174 -2.171000003814697
0.7789999842643738 -2.269999980926514 -2.546999931335449
0.7789999842643738 -1.855000019073486 -2.864000082015991
0.7789999842643738 -1.396000027656555 -3.114000082015991
0.7789999842643738 -0.9039999842643738 -3.289999961853027
0.7789999842643738 -0.3910000026226044 -3.390000104904175
0.7789999842643738 0.1309999972581863 -3.410000085830688
0.7789999842643738 0.6499999761581421 -3.349999904632568
0.7789999842643738 1.152999997138977 -3.210999965667725
0.7789999842643738 1.629999995231628 -2.997999906539917
0.7789999842643738 2.069000005722046 -2.71399998664856
0.7789999842643738 2.459000110626221 -2.365999937057495
0.7789999842643738 2.790999889373779 -1.963000059127808
0.7789999842643738 3.058000087738037 -1.514000058174133
0.7789999842643738 3.253000020980835 -1.029999971389771
0.7789999842643738 3.371999979019165 -0.5210000276565552
0.7789999842643738 3.411999940872192 0
0.2619999945163727 3.450999975204468 0.5199999809265137
0.2619999945163727 3.335000038146973 1.029000043869019
0.2619999945163727 3.144999980926514 1.514000058174133
0.2619999945163727 2.884000062942505 1.965999960899353
0.2619999945163727 2.559000015258789 2.374000072479248
0.2619999945163727 2.176000118255615 2.729000091552734
0.2619999945163727 1.745000004768372 3.023000001907349
0.2619999945163727 1.274999976158142 3.249000072479248
0.2619999945163727 0.7770000100135803 3.403000116348267
0.2619999945163727 0.261000007390976 3.480000019073486
0.2619999945163727 -0.261000007390976 3.480000019073486
0.2619999945163727 -0.7770000100135803 3.403000116348267
0.2619999945163727 -1.274999976158142 3.249000072479248
0.2619999945163727 -1.745000004768372 3.023000001907349
0.2619999945163727 -2.176000118255615 2.729000091552734
0.2619999945163727 -2.559000015258789 2.374000072479248
0.2619999945163727 -2.884000062942505 1.965999960899353
0.2619999945163727 -3.144999980926514 1.514000058174133
0.2619999945163727 -3.335000038146973 1.029000043869019
0.2619999945163727 -3.450999975204468 0.5199999809265137
0.2619999945163727 -3.490000009536743 0
0.2619999945163727 -3.450999975204468 -0.5199999809265137
0.2619999945163727 -3.335000038146973 -1.029000043869019
0.2619999945163727 -3.144999980926514 -1.514000058174133
0.2619999945163727 -2.884000062942505 -1.965999960899353
0.2619999945163727 -2.559000015258789 -2.374000072479248
0.2619999945163727 -2.176000118255615 -2.729000091552734
0.2619999945163727 -1.745000004768372 -3.023000001907349
0.2619999945163727 -1.274999976158142 -3.249000072479248
0.2619999945163727 -0.7770000100135803 -3.403000116348267
0.2619999945163727 -0.261000007390976 -3.480000019073486
0.2619999945163727 0.261000007390976 -3.480000019073486
0.2619999945163727 0.7770000100135803 -3.403000116348267
0.2619999945163727 1.274999976158142 -3.249000072479248
0.2619999945163727 1.745000004768372 -3.023000001907349
0.2619999945163727 2.176000118255615 -2.729000091552734
0.2619999945163727 2.559000015258789 -2.374000072479248
0.2619999945163727 2.884000062942505 -1.965999960899353
0.2619999945163727 3.144999980926514 -1.514000058174133
0.2619999945163727 3.335000038146973 -1.029000043869019
0.2619999945163727 3.450999975204468 -0.5199999809265137
0.2619999945163727 3.490000009536743 0
-0.2619999945163727 3.450999975204468 0.5199999809265137
-0.2619999945163727 3.335000038146973 1.029000043869019
-0.2619999945163727 3.144999980926514 1.514000058174133
-0.2619999945163727 2.884000062942505 1.965999960899353
-0.2619999945163727 2.559000015258789 2.374000072479248
-0.2619999945163727 2.176000118255615 2.729000091552734
-0.2619999945163727 1.745000004768372 3.023000001907349
-0.2619999945163727 1.274999976158142 3.249000072479248
-0.2619999945163727 0.7770000100135803 3.403000116348267
-0.2619999945163727 0.261000007390976 3.480000019073486
-0.2619999945163727 -0.261000007390976 3.480000019073486
-0.2619999945163727 -0.7770000100135803 3.403000116348267
-0.2619999945163727 -1.274999976158142 3.249000072479248
-0.2619999945163727 -1.745000004768372 3.023000001907349
-0.2619999945163727 -2.176000118255615 2.729000091552734
-0.2619999945163727 -2.559000015258789 2.374000072479248
-0.2619999945163727 -2.884000062942505 1.965999960899353
-0.2619999945163727 -3.144999980926514 1.514000058174133
-0.2619999945163727 -3.335000038146973 1.029000043869019
-0.2619999945163727 -3.450999975204468 0.5199999809265137
-0.2619999945163727 -3.490000009536743 0
-0.2619999945163727 -3.450999975204468 -0.5199999809265137
-0.2619999945163727 -3.335000038146973 -1.029000043869019
-0.2619999945163727 -3.144999980926514 -1.514000058174133
-0.2619999945163727 -2.884000062942505 -1.965999960899353
-0.2619999945163727 -2.559000015258789 -2.374000072479248
-0.2619999945163727 -2.176000118255615 -2.729000091552734
-0.2619999945163727 -1.745000004768372 -3.023000001907349
-0.2619999945163727 -1.274999976158142 -3.249000072479248
-0.2619999945163727 -0.7770000100135803 -3.403000116348267
-0.2619999945163727 -0.261000007390976 -3.480000019073486
-0.2619999945163727 0.261000007390976 -3.480000019073486
-0.2619999945163727 0.7770000100135803 -3.403000116348267
-0.2619999945163727 1.274999976158142 -3.249000072479248
-0.2619999945163727 1.745000004768372 -3.023000001907349
-0.2619999945163727 2.176000118255615 -2.729000091552734
-0.2619999945163727 2.559000015258789 -2.374000072479248
-0.2619999945163727 2.884000062942505 -1.965999960899353
-0.2619999945163727 3.144999980926514 -1.514000058174133
-0.2619999945163727 3.335000038146973 -1.029000043869019
-0.2619999945163727 3.450999975204468 -0.5199999809265137
-0.2619999945163727 3.490000009536743 0
-0.7789999842643738 3.411999940872192 0
-0.7789999842643738 3.371999979019165 0.5210000276565552
-0.7789999842643738 3.253000020980835 1.029999971389771
-0.7789999842643738 3.058000087738037 1.514000058174133
-0.7789999842643738 2.790999889373779 1.963000059127808
-0.7789999842643738 2.459000110626221 2.365999937057495
-0.7789999842643738 2.069000005722046 2.71399998664856
-0.7789999842643738 1.629999995231628 2.997999906539917
-0.7789999842643738 1.152999997138977 3.210999965667725
-0.7789999842643738 0.6499999761581421 3.349999904632568
-0.7789999842643738 0.1309999972581863 3.410000085830688
-0.7789999842643738 -0.3910000026226044 3.390000104904175
-0.7789999842643738 -0.9039999842643738 3.289999961853027
-0.7789999842643738 -1.396000027656555 3.114000082015991
-0.7789999842643738 -1.855000019073486 2.864000082015991
-0.7789999842643738 -2.269999980926514 2.546999931335449
-0.7789999842643738 -2.632999897003174 2.171000003814697
-0.7789999842643738 -2.933000087738037 1.74399995803833
-0.7789999842643738 -3.164999961853027 1.276000022888184
-0.7789999842643738 -3.322000026702881 0.7770000100135803
-0.7789999842643738 -3.401999950408936 0.261000007390976
-0.7789999842643738 -3.401999950408936 -0.261000007390976
-0.7789999842643738 -3.322000026702881 -0.7770000100135803
-0.7789999842643738 -3.164999961853027 -1.276000022888184
-0.7789999842643738 -2.933000087738037 -1.74399995803833
-0.7789999842643738 -2.632999897003174 -2.171000003814697
-0.7789999842643738 -2.269999980926514 -2.546999931335449
-0.7789999842643738 -1.855000019073486 -2.864000082015991
-0.7789999842643738 -1.396000027656555 -3.114000082015991
-0.7789999842643738 -0.9039999842643738 -3.289999961853027
-0.7789999842643738 -0.3910000026226044 -3.390000104904175
-0.7789999842643738 0.1309999972581863 -3.410000085830688
-0.7789999842643738 0.6499999761581421 -3.349999904632568
-0.7789999842643738 1.152999997138977 -3.210999965667725
-0.7789999842643738 1.629999995231628 -2.997999906539917
-0.7789999842643738 2.069000005722046 -2.71399998664856
-0.7789999842643738 2.459000110626221 -2.365999937057495
-0.7789999842643738 2.790999889373779 -1.963000059127808
-0.7789999842643738 3.058000087738037 -1.514000058174133
-0.7789999842643738 3.253000020980835 -1.029999971389771
-0.7789999842643738 3.371999979019165 -0.5210000276565552
-1.279000043869019 3.257999897003174 0
-1.279000043869019 3.217999935150146 0.5099999904632568
-1.279000043869019 3.098999977111816 1.006999969482422
-1.279000043869019 2.903000116348267 1.478999972343445
-1.279000043869019 2.635999917984009 1.914999961853027
-1.279000043869019 2.303999900817871 2.303999900817871
-1.279000043869019 1.914999961853027 2.635999917984009
-1.279000043869019 1.478999972343445 2.903000116348267
-1.279000043869019 1.006999969482422 3.098999977111816
-1.279000043869019 0.5099999904632568 3.217999935150146
-1.279000043869019 -0 3.257999897003174
-1.279000043869019 -0.5099999904632568 3.217999935150146
-1.279000043869019 -1.006999969482422 3.098999977111816
-1.279000043869019 -1.478999972343445 2.903000116348267
-1.279000043869019 -1.914999961853027 2.635999917984009
-1.279000043869019 -2.303999900817871 2.303999900817871
-1.279000043869019 -2.635999917984009 1.914999961853027
-1.279000043869019 -2.903000116348267 1.478999972343445
-1.279000043869019 -3.098999977111816 1.006999969482422
-1.279000043869019 -3.217999935150146 0.5099999904632568
-1.279000043869019 -3.257999897003174 -0
-1.279000043869019 -3.217999935150146 -0.5099999904632568
-1.279000043869019 -3.098999977111816 -1.006999969482422
-1.279000043869019 -2.903000116348267 -1.478999972343445
-1.279000043869019 -2.635999917984009 -1.914999961853027
-1.279000043869019 -2.303999900817871 -2.303999900817871
-1.279000043869019 -1.914999961853027 -2.635999917984009
-1.279000043869019 -1.478999972343445 -2.903000116348267
-1.279000043869019 -1.006999969482422 -3.098999977111816
-1.279000043869019 -0.5099999904632568 -3.217999935150146
-1.279000043869019 0 -3.257999897003174
-1.279000043869019 0.5099999904632568 -3.217999935150146
-1.279000043869019 1.006999969482422 -3.098999977111816
-1.279000043869019 1.478999972343445 -2.903000116348267
-1.279000043869019 1.914999961853027 -2.635999917984009
-1.279000043869019 2.303999900817871 -2.303999900817871
-1.279000043869019 2.635999917984009 -1.914999961853027
-1.279000043869019 2.903000116348267 -1.478999972343445
-1.279000043869019 3.098999977111816 -1.006999969482422
-1.279000043869019 3.217999935150146 -0.5099999904632568
-1.75 3.030999898910522 0
-1.75 2.986999988555908 0.5120000243186951
-1.75 2.858000040054321 1.009999990463257
-1.75 2.645999908447266 1.478000044822693
-1.75 2.358000040054321 1.904000043869019
-1.75 2.003000020980835 2.275000095367432
-1.75 1.58899998664856 2.581000089645386
-1.75 1.129999995231628 2.812999963760376
-1.75 0.6389999985694885 2.963000059127808
-1.75 0.1289999932050705 3.028000116348267
-1.75 -0.3849999904632568 3.006999969482422
-1.75 -0.8880000114440918 2.898000001907349
-1.75 -1.365000009536743 2.707000017166138
-1.75 -1.802000045776367 2.437000036239624
-1.75 -2.187999963760376 2.096999883651733
-1.75 -2.510999917984009 1.697000026702881
-1.75 -2.76200008392334 1.248999953269958
-1.75 -2.933000087738037 0.7639999985694885
-1.75 -3.019999980926514 0.2569999992847443
-1.75 -3.019999980926514 -0.2569999992847443
-1.75 -2.933000087738037 -0.7639999985694885
-1.75 -2.76200008392334 -1.248999953269958
-1.75 -2.510999917984009 -1.697000026702881
-1.75 -2.187999963760376 -2.096999883651733
-1.75 -1.802000045776367 -2.437000036239624
-1.75 -1.365000009536743 -2.707000017166138
-1.75 -0.8880000114440918 -2.898000001907349
-1.75 -0.3849999904632568 -3.006999969482422
-1.75 0.1289999932050705 -3.028000116348267
-1.75 0.6389999985694885 -2.963000059127808
-1.75 1.129999995231628 -2.812999963760376
-1.75 1.58899998664856 -2.581000089645386
-1.75 2.003000020980835 -2.275000095367432
-1.75 2.358000040054321 -1.904000043869019
-1.75 2.645999908447266 -1.478000044822693
-1.75 2.858000040054321 -1.009999990463257
-1.75 2.986999988555908 -0.5120000243186951
-2.181999921798706 2.736000061035156 0
-2.181999921798706 2.687000036239624 0.5180000066757202
-2.181999921798706 2.539999961853027 1.016999959945679
-2.181999921798706 2.302000045776367 1.478999972343445
-2.181999921798706 1.980000019073486 1.888000011444092
-2.181999921798706 1.587000012397766 2.229000091552734
-2.181999921798706 1.13699996471405 2.489000082015991
-2.181999921798706 0.6449999809265137 2.658999919891357
-2.181999921798706 0.1299999952316284 2.733000040054321
-2.181999921798706 -0.3889999985694885 2.709000110626221
-2.181999921798706 -0.8949999809265137 2.585999965667725
-2.181999921798706 -1.368000030517578 2.369999885559082
-2.181999921798706 -1.79200005531311 2.068000078201294
-2.181999921798706 -2.151000022888184 1.692000031471252
-2.181999921798706 -2.431999921798706 1.253999948501587
-2.181999921798706 -2.625999927520752 0.7710000276565552
-2.181999921798706 -2.723999977111816 0.2599999904632568
-2.181999921798706 -2.723999977111816 -0.2599999904632568
-2.181999921798706 -2.625999927520752 -0.7710000276565552
-2.181999921798706 -2.431999921798706 -1.253999948501587
-2.181999921798706 -2.151000022888184 -1.692000031471252
-2.181999921798706 -1.79200005531311 -2.068000078201294
-2.181999921798706 -1.368000030517578 -2.369999885559082
-2.181999921798706 -0.8949999809265137 -2.585999965667725
-2.181999921798706 -0.3889999985694885 -2.709000110626221
-2.181999921798706 0.1299999952316284 -2.733000040054321
-2.181999921798706 0.6449999809265137 -2.658999919891357
-2.181999921798706 1.13699996471405 -2.489000082015991
-2.181999921798706 1.587000012397766 -2.229000091552734
-2.181999921798706 1.980000019073486 -1.888000011444092
-2.181999921798706 2.302000045776367 -1.478999972343445
-2.181999921798706 2.539999961853027 -1.016999959945679
-2.181999921798706 2.687000036239624 -0.5180000066757202
-2.565999984741211 2.38100004196167 0
-2.565999984741211 2.325000047683716 0.5120000243186951
-2.565999984741211 2.16100001335144 1
-2.565999984741211 1.894999980926514 1.440999984741211
-2.565999984741211 1.541000008583069 1.814000010490417
-2.565999984741211 1.115000009536743 2.102999925613403
-2.565999984741211 0.6370000243186951 2.293999910354614
-2.565999984741211 0.1289999932050705 2.377000093460083
-2.565999984741211 -0.3849999904632568 2.348999977111816
-2.565999984741211 -0.8809999823570251 2.211999893188477
-2.565999984741211 -1.335999965667725 1.970000028610229
-2.565999984741211 -1.728000044822693 1.63699996471405
-2.565999984741211 -2.039999961853027 1.226999998092651
-2.565999984741211 -2.25600004196167 0.7599999904632568
-2.565999984741211 -2.367000102996826 0.2569999992847443
-2.565999984741211 -2.367000102996826 -0.2569999992847443
-2.565999984741211 -2.25600004196167 -0.7599999904632568
-2.565999984741211 -2.039999961853027 -1.226999998092651
-2.565999984741211 -1.728000044822693 -1.63699996471405
-2.565999984741211 -1.335999965667725 -1.970000028610229
-2.565999984741211 -0.8809999823570251 -2.211999893188477
-2.565999984741211 -0.3849999904632568 -2.348999977111816
-2.565999984741211 0.1289999932050705 -2.377000093460083
-2.565999984741211 0.6370000243186951 -2.293999910354614
-2.565999984741211 1.115000009536743 -2.102999925613403
-2.565999984741211 1.541000008583069 -1.814000010490417
-2.565999984741211 1.894999980926514 -1.440999984741211
-2.565999984741211 2.16100001335144 -1
-2.565999984741211 2.325000047683716 -0.5120000243186951
-2.891999959945679 1.972000002861023 0
-2.891999959945679 1.904000043869019 0.5099999904632568
-2.891999959945679 1.707000017166138 0.9860000014305115
-2.891999959945679 1.394000053405762 1.394000053405762
-2.891999959945679 0.9860000014305115 1.707000017166138
-2.891999959945679 0.5099999904632568 1.904000043869019
-2.891999959945679 0 1.972000002861023
-2.891999959945679 -0.5099999904632568 1.904000043869019
-2.891999959945679 -0.9860000014305115 1.707000017166138
-2.891999959945679 -1.394000053405762 1.394000053405762
-2.891999959945679 -1.707000017166138 0.9860000014305115
-2.891999959945679 -1.904000043869019 0.5099999904632568
-2.891999959945679 -1.972000002861023 0
-2.891999959945679 -1.904000043869019 -0.5099999904632568
-2.891999959945679 -1.707000017166138 -0.9860000014305115
-2.891999959945679 -1.394000053405762 -1.394000053405762
-2.891999959945679 -0.9860000014305115 -1.707000017166138
-2.891999959945679 -0.5099999904632568 -1.904000043869019
-2.891999959945679 -0 -1.972000002861023
-2.891999959945679 0.5099999904632568 -1.904000043869019
-2.891999959945679 0.9860000014305115 -1.707000017166138
-2.891999959945679 1.394000053405762 -1.394000053405762
-2.891999959945679 1.707000017166138 -0.9860000014305115
-2.891999959945679 1.904000043869019 -0.5099999904632568
-3.153000116348267 1.519000053405762 0
-3.153000116348267 1.427000045776367 0.5189999938011169
-3.153000116348267 1.162999987602234 0.9760000109672546
-3.153000116348267 0.7590000033378601 1.315000057220459
-3.153000116348267 0.2639999985694885 1.496000051498413
-3.153000116348267 -0.2639999985694885 1.496000051498413
-3.153000116348267 -0.7590000033378601 1.315000057220459
-3.153000116348267 -1.162999987602234 0.9760000109672546
-3.153000116348267 -1.427000045776367 0.5189999938011169
-3.153000116348267 -1.519000053405762 0
-3.153000116348267 -1.427000045776367 -0.5189999938011169
-3.153000116348267 -1.162999987602234 -0.9760000109672546
-3.153000116348267 -0.7590000033378601 -1.315000057220459
-3.153000116348267 -0.2639999985694885 -1.496000051498413
-3.153000116348267 0.2639999985694885 -1.496000051498413
-3.153000116348267 0.7590000033378601 -1.315000057220459
-3.153000116348267 1.162999987602234 -0.9760000109672546
-3.153000116348267 1.427000045776367 -0.5189999938011169
-3.345000028610229 1.031999945640564 0
-3.345000028610229 0.8930000066757202 0.515999972820282
-3.345000028610229 0.515999972820282 0.8930000066757202
-3.345000028610229 -0 1.031999945640564
-3.345000028610229 -0.515999972820282 0.8930000066757202
-3.345000028610229 -0.8930000066757202 0.515999972820282
-3.345000028610229 -1.031999945640564 0
-3.345000028610229 -0.8930000066757202 -0.515999972820282
-3.345000028610229 -0.515999972820282 -0.8930000066757202
-3.345000028610229 -0 -1.031999945640564
-3.345000028610229 0.515999972820282 -0.8930000066757202
-3.345000028610229 0.8930000066757202 -0.515999972820282
-3.460999965667725 0.5220000147819519 0
-3.460999965667725 0.261000007390976 0.4519999921321869
-3.460999965667725 -0.261000007390976 0.4519999921321869
-3.460999965667725 -0.5220000147819519 -0
-3.460999965667725 -0.261000007390976 -0.4519999921321869
-3.460999965667725 0.261000007390976 -0.4519999921321869
-3.5 0 0
3 1 0 1223
984
985
986
987
988
989
990
991
992
993
994
995
996
997
998
999
1000
1001
1002
1003
1004
1005
1006
1007
1008
1009
1010
1011
1012
1013
1014
1015
1016
1017
1018
1019
1020
1021
1022
1023
1024
1025
1026
1027
1028
1029
1030
1031
1032
1033
1034
1035
1036
1037
1038
1039
1040
1041
1042
1043
1044
1045
1046
1047
1048
1049
1050
1051
1052
1053
1054
1055
1056
1057
1058
1059
1060
1061
1062
1063
1064
1065
1066
1067
1068
1069
1070
1071
1072
1073
1074
1075
1076
1077
1078
1079
1080
1081
1082
1083
1084
1085
1086
1087
1088
1089
1090
1091
1092
1093
1094
1095
1096
1097
1098
1099
1100
1101
1102
1103
1104
1105
1106
1107
1108
1109
1110
1111
1112
1113
1114
1115
1116
1117
1118
1119
1120
1121
1122
1123
1124
1125
1126
1127
1128
1129
1130
1131
1132
1133
1134
1135
1136
1137
1138
1139
1140
1141
1142
1143
1144
1145
1146
1147
1148
1149
1150
1151
1152
1153
1154
1155
1156
1157
1158
1159
1160
1161
1162
1163
1164
1165
1166
1167
1168
1169
1170
1171
1172
1173
1174
1175
1176
1177
1178
1179
1180
1181
1182
1183
1184
1185
1186
1187
1188
1189
1190
1191
1192
1193
1194
1195
1196
1197
1198
1199
1200
1201
1202
1203
1204
1205
1206
1207
1208
1209
1210
1211
1212
1213
1214
1215
1216
1217
1218
1219
1220
1221
1222
1223
1224
1225
1226
1227
1228
1229
1230
1231
1232
1233
1234
1235
1236
1237
1238
1239
1240
1241
1242
1243
1244
1245
1246
1247
1248
1249
1250
1251
1252
1253
1254
1255
1256
1257
1258
1259
1260
1261
1262
1263
1264
1265
1266
1267
1268
1269
1270
1271
1272
1273
1274
1275
1276
1277
1278
1279
1280
1281
1282
1283
1284
1285
1286
1287
1288
1289
1290
1291
1292
1293
1294
1295
1296
1297
1298
1299
1300
1301
1302
1303
1304
1305
1306
1307
1308
1309
1310
1311
1312
1313
1314
1315
1316
1317
1318
1319
1320
1321
1322
1323
1324
1325
1326
1327
1328
1329
1330
1331
1332
1333
1334
1335
1336
1337
1338
1339
1340
1341
1342
1343
1344
1345
1346
1347
1348
1349
1350
1351
1352
1353
1354
1355
1356
1357
1358
1359
1360
1361
1362
1363
1364
1365
1366
1367
1368
1369
1370
1371
1372
1373
1374
1375
1376
1377
1378
1379
1380
1381
1382
1383
1384
1385
1386
1387
1388
1389
1390
1391
1392
1393
1394
1395
1396
1397
1398
1399
1400
1401
1402
1403
1404
1405
1406
1407
1408
1409
1410
1411
1412
1413
1414
1415
1416
1417
1418
1419
1420
1421
1422
1423
1424
1425
1426
1427
1428
1429
1430
1431
1432
1433
1434
1435
1436
1437
1438
1439
1440
1441
1442
1443
1444
1445
1446
1447
1448
1449
1450
1451
1452
1453
1454
1455
1456
1457
1458
1459
1460
1461
1462
1463
1464
1465
1466
1467
1468
1469
1470
1471
1472
1473
1474
1475
1476
1477
1478
1479
1480
1481
1482
1483
1484
1485
1486
1487
1488
1489
1490
1491
1492
1493
1494
1495
1496
1497
1498
1499
1500
1501
1502
1503
1504
1505
1506
1507
1508
1509
1510
1511
1512
1513
1514
1515
1516
1517
1518
1519
1520
1521
1522
1523
1524
1525
1526
1527
1528
1529
1530
1531
1532
1533
1534
1535
1536
1537
1538
1539
1540
1541
1542
1543
1544
1545
1546
1547
1548
1549
1550
1551
1552
1553
1554
1555
1556
1557
1558
1559
1560
1561
1562
1563
1564
1565
1566
1567
1568
1569
1570
1571
1572
1573
1574
1575
1576
1577
1578
1579
1580
1581
1582
1583
1584
1585
1586
1587
1588
1589
1590
1591
1592
1593
1594
1595
1596
1597
1598
1599
1600
1601
1602
1603
1604
1605
1606
1607
1608
1609
1610
1611
1612
1613
1614
1615
1616
1617
1618
1619
1620
1621
1622
1623
1624
1625
1626
1627
1628
1629
1630
1631
1632
1633
1634
1635
1636
1637
1638
1639
1640
1641
1642
1643
1644
1645
1646
1647
1648
1649
1650
1651
1652
1653
1654
1655
1656
1657
1658
1659
1660
1661
1662
1663
1664
1665
1666
1667
1668
1669
1670
1671
1672
1673
1674
1675
1676
1677
1678
1679
1680
1681
1682
1683
1684
1685
1686
1687
1688
1689
1690
1691
1692
1693
1694
1695
1696
1697
1698
1699
1700
1701
1702
1703
1704
1705
1706
1707
1708
1709
1710
1711
1712
1713
1714
1715
1716
1717
1718
1719
1720
1721
1722
1723
1724
1725
1726
1727
1728
1729
1730
1731
1732
1733
1734
1735
1736
1737
1738
1739
1740
1741
1742
1743
1744
1745
1746
1747
1748
1749
1750
1751
1752
1753
1754
1755
1756
1757
1758
1759
1760
1761
1762
1763
1764
1765
1766
1767
1768
1769
1770
1771
1772
1773
1774
1775
1776
1777
1778
1779
1780
1781
1782
1783
1784
1785
1786
1787
1788
1789
1790
1791
1792
1793
1794
1795
1796
1797
1798
1799
1800
1801
1802
1803
1804
1805
1806
1807
1808
1809
1810
1811
1812
1813
1814
1815
1816
1817
1818
1819
1820
1821
1822
1823
1824
1825
1826
1827
1828
1829
1830
1831
1832
1833
1834
1835
1836
1837
1838
1839
1840
1841
1842
1843
1844
1845
1846
1847
1848
1849
1850
1851
1852
1853
1854
1855
1856
1857
1858
1859
1860
1861
1862
1863
1864
1865
1866
1867
1868
1869
1870
1871
1872
1873
1874
1875
1876
1877
1878
1879
1880
1881
1882
1883
1884
1885
1886
1887
1888
1889
1890
1891
1892
1893
1894
1895
1896
1897
1898
1899
1900
1901
1902
1903
1904
1905
1906
1907
1908
1909
1910
1911
1912
1913
1914
1915
1916
1917
1918
1919
1920
1921
1922
1923
1924
1925
1926
1927
1928
1929
1930
1931
1932
1933
1934
1935
1936
1937
1938
1939
1940
1941
1942
1943
1944
1945
1946
1947
1948
1949
1950
1951
1952
1953
1954
1955
1956
1957
1958
1959
1960
1961
1962
1963
1964
1965
1966
1967
1968
1969
1970
1971
1972
1973
1974
1975
1976
1977
1978
1979
1980
1981
1982
1983
1984
1985
1986
1987
1988
1989
1990
1991
1992
1993
1994
1995
1996
1997
1998
1999
2000
2001
2002
2003
2004
2005
2006
2007
2008
2009
2010
2011
2012
2013
2014
2015
2016
2017
2018
2019
2020
2021
2022
2023
2024
2025
2026
2027
2028
2029
2030
2031
2032
2033
2034
2035
2036
2037
2038
2039
2040
2041
2042
2043
2044
2045
2046
2047
2048
2049
2050
2051
2052
2053
2054
2055
2056
2057
2058
2059
2060
2061
2062
2063
2064
2065
2066
2067
2068
2069
2070
2071
2072
2073
2074
2075
2076
2077
2078
2079
2080
2081
2082
2083
2084
2085
2086
2087
2088
2089
2090
2091
2092
2093
2094
2095
2096
2097
2098
2099
2100
2101
2102
2103
2104
2105
2106
2107
2108
2109
2110
2111
2112
2113
2114
2115
2116
2117
2118
2119
2120
2121
2122
2123
2124
2125
2126
2127
2128
2129
2130
2131
2132
2133
2134
2135
2136
2137
2138
2139
2140
2141
2142
2143
2144
2145
2146
2147
2148
2149
2150
2151
2152
2153
2154
2155
2156
2157
2158
2159
2160
2161
2162
2163
2164
2165
2166
2167
2168
2169
2170
2171
2172
2173
2174
2175
2176
2177
2178
2179
2180
2181
2182
2183
2184
2185
2186
2187
2188
2189
2190
2191
2192
2193
2194
2195
2196
2197
2198
2199
2200
2201
2202
2203
2204
2205
2206
-1.837472783236901 1.145708728922497 -1.368725131851343
-1.625964168226538 1.38252550188053 -1.084696296304347
-1.353598874765212 1.584788903498961 -1.452470123708799
-1.527599578175262 -2.036023502247222 0.364223753890751
-1.342600353054237 -2.073520041202319 0.03552610059681523
-1.615496895473532 -1.924723361140792 -0.2274458885315575
-1.700915436614363 -1.647519536623375 0.2464897352882444
-2.433169957946139 0.6549366378257617 -0.7065873435056879
-2.431076329587686 0.2790866579282631 -0.9360287608283818
-2.489698545039505 0.3696673226142552 -0.6311428906855747
1.17392446106088 1.474761367400192 -1.812717514156535
-0.1613785246716547 1.691540980594589 -0.4840294251039959
0.3242698218154721 1.658098718860864 -0.2440496631503283
-0.3077477015107956 1.596305331514164 -0.009093564898494916
0.2055160964968523 1.297184164493957 -0.3765691563159637
1.903723470627329 0.7551533543256004 -1.518767278200887
2.010750382852712 0.8712845753986596 -1.221735207703713
2.104632645481191 0.295527096442136 -1.367957059804915
-0.1442432368185752 0.9992248094009007 -2.27079573894544
-0.3014203657905866 1.443429947304502 -2.144718653202795
-0.2811428946905276 1.135324285934496 -1.793429711873864
0.001521967554553028 1.28317391958512 -2.185924252667077
0.02800563791175295 2.58914015315891 0.2667496834402552
-0.9151570085705856 -0.4698713040142103 -2.146788757843717
-0.9782603129429444 -0.5627859730686688 -1.665553509411332
-1.329617215154409 -0.3605148599083314 -1.735290336280518
-1.170452036161751 -0.7150702946298165 -2.058444236002543
0.8143539808017182 -1.515947547739262 -1.697169577762025
0.4807638857835086 -1.748794271599462 -1.382569804655265
0.6023804233347873 -1.866188412436035 -1.67021750374894
0.8810086336616744 -1.810665239297187 -1.559225759376768
1.918093058647775 0.5993313659062437 -1.790126806546998
1.689332009082765 0.319955004028475 -1.815070773231592
1.909049352780374 0.02854483871703818 -1.591349018580363
0.2932270070551548 1.854332420724325 1.711292432717372
-0.1943213601986349 2.158780179441626 1.465132079617863
-0.285284676165946 1.929152130874352 1.694606692954422
0.1729642651452653 0.1055351042414782 0.2451633948486648
0.1313581804018316 -0.7027574580383741 -0.1383762013448904
0.1652291524503881 -0.5056731008668611 0.5121137470708568
-0.3120116956018596 -0.4690459072317883 -0.1707826767757736
0.2618505067408204 2.105733584824011 -1.396316884624579
0.1725138361763354 -2.0560624067156 -1.62094245831073
0.3301078740694966 -2.1254005942116 -1.272753183357158
0.08573632818456955 -1.761532638388771 -1.199556183261179
-0.2084619446461554 -1.911175185795627 -1.236279217708041
-0.02180620387798991 -0.0167241212124039 -1.491303481185778
-0.2478894581749759 -0.2109730583513946 -1.14398706603114
-0.3754395635247305 -0.5183838355872017 -1.786848296210639
-0.07467384674829614 -0.6776334966699622 -1.414407423828461
0.2085350570999998 0.9733676067127682 -2.34294799609632
-0.8907895139475408 -1.500454986206736 -0.4699930997850726
-0.7813081907994961 -0.872943919892342 -0.3129254962426266
-1.260475790056358 -1.177975561146607 -0.4584013629314473
-0.6932216252040718 -1.386800913021649 -0.1196715168677902
-2.176922844148659 0.8468375467641145 -0.940788214316663
1.829150426780703 1.301179384751725 -0.6682117991983834
1.996673157315269 1.580009347776286 -0.6866224842138544
1.955941714860475 1.366769613873555 -1.052782263100761
1.705132550014412 1.680053849054525 -0.8397560707659675
-0.9724058251815385 -1.627647886771526 -1.02632103781525
-1.360935455202334 -1.692475609982894 -1.442303438271456
-1.338447602966139 -1.587145839621281 -0.8722467873912874
-1.317764964193602 -1.34692259722435 -1.256723080733313
0.157035355540147 -2.577752512203175 -0.3612863922284965
0.6398429431516139 -2.342721203098983 0.1811221808099889
0.2353866529023903 -2.435435441267401 -0.02273936084386387
-0.2065741049781739 -0.7982970878286155 0.4469019169636398
-0.1157827116844241 -1.331285446286597 0.3370602020630464
-0.1348889005899347 -1.302464279866849 -0.199558105923204
0.2528975782812672 -1.122493265809215 0.2104823076868351
-2.238073517666145 1.039097744685233 -0.6742461462888452
-1.763638892242461 1.212248542671853 -0.7493873543603891
-2.154476404907887 1.290928112794116 -0.3653113700100206
-2.022894772016972 0.8696252705453109 -0.4268850141801376
-0.8140247894135491 0.6753404309038934 -0.4728198767489453
-1.365266302324127 0.6574787831353859 -0.3811065533889162
-0.8488564985472408 1.061478453551542 -0.6717033095843088
-1.263927726411301 0.8558149810024107 -0.7184639482946451
1.499637169743976 0.9222451406988885 1.84237628392604
1.202553940263491 1.125933579930717 1.988058891386828
1.40365510530133 1.235165023410334 1.784380269427827
1.364600017443585 0.9806968378888361 1.559951641385454
0.9203155420803888 -0.877634697129922 -0.8663350966230378
1.415706971123401 -1.033895076154421 -0.4475030804507901
1.169052835694023 -1.03542404825485 -1.108158070733959
1.48359641219806 -0.8194764423133766 -0.82784985824121
-0.9379361512851117 -1.126857077938009 -1.258126837050879
-1.490247005016073 -1.034490440622071 -1.265668132561439
-1.144186237056868 -0.5056535427471356 -1.327964638193985
-1.199892490291091 -0.9113955163260983 -1.584984069616771
-2.140354602255177 -0.4774504275993046 0.4350533254109864
-2.392972992422231 -1.01370801174595 0.2171093838639511
-2.173685245526396 -0.7998504785026328 0.7126814118453924
-2.534998252954994 -0.556634109491038 0.3977745562341676
-1.73122678061086 -1.375452553015021 0.5255785252051512
-1.266351230046847 -1.69716230985022 0.2873046929204661
-1.481491151050282 -1.453592744469354 0.7262289342414543
1.099511389152894 -1.004270942135234 2.05278615747941
-1.504089072811729 1.71010294736134 -0.3093854255719881
-1.776910104673481 1.826779195099339 -0.5433151751027986
-1.699528877160245 1.595838756593405 -0.7480513490620482
-1.70685405009746 1.443923903342746 -0.4298892818909398
-0.3131788186333994 -1.603400761065395 0.999370413390545
-0.160117265403331 -0.9738524332256998 1.051925516748857
-0.4416284601576623 -1.42048197748799 0.6808984292262916
-0.5267943435599947 -1.232049749908869 1.062101624061223
-0.3418112450731797 1.938148539917117 -1.599253684371625
0.1979200178669695 1.874558921626757 -1.84207113075404
0.4283567778547172 1.921123286011009 0.8567797544476383
0.1220806698612303 2.049682706447467 1.034042667443539
0.1345371078911327 2.315749163133246 0.8526352665271231
0.2901978167154191 2.224051124974938 0.5070084893535443
1.299574084775385 0.7960047145777203 -2.059595725757335
0.8729905978356237 1.031969979928716 -1.962514266852614
0.7001960712831867 2.532972223490196 -0.09705417575654829
0.8401155877750628 2.020716048401734 0.06355866637141439
0.6871134413769268 2.014062206150852 -0.257723299096777
0.9816819547316377 2.266496335187163 -0.1095675814121344
1.160020856010731 -1.228871943145241 0.8622250476187439
1.151131893159653 -0.6818196918691154 0.459843147182872
1.560288537992109 -0.6445822222609163 0.5226013361227546
1.594834413085711 -1.034755265979494 0.3745223502436338
0.6778573345985375 -1.05638216673735 2.023226774134919
0.4155895823668804 -0.9147463489849147 2.177953688323881
0.5469607926215068 -0.5110257446949873 1.788490896047708
0.1136832252942965 -0.7870838217365863 1.783586904888141
1.129231682433171 -2.236704197200319 -0.7104355519429799
1.185899962104646 -1.911341359557855 -0.8675526827142342
1.537628055203386 -1.895880855866676 -0.5788438022605756
0.1542273889621411 -1.80763164791959 1.799360007720309
0.6994215486821693 -1.681168235753601 1.65343911470383
0.2596834859621382 -1.650701620133596 1.528961864331648
0.4771905302880234 -1.369865051071759 1.925220702642545
-0.1840309864080419 -1.470415503044697 -1.337395896906284
-0.2172190571935893 -1.531833322256985 -0.8661869197731633
0.7482156051424205 -0.4263061175326998 -1.026022706789949
1.192153004266394 -0.6530267772160995 -1.309763847060668
0.8622515625418318 -0.5123151097102672 -1.407923778798377
-0.9489960925071802 -0.8982159511829917 -2.264107968325222
-0.6907105415374142 -0.6426318303544323 -1.931490516856737
1.283985235041282 0.977350979225009 -1.744005332263042
0.2583693097312693 -0.3754244183732028 -2.584035379933165
-0.2295963809103816 -0.2203437099838369 -2.371436273106563
0.1639561428084368 -0.4525020409616137 -2.270877533362918
0.1693680611458054 0.02647984926079165 -2.576679531364604
1.206885392240933 1.073946504030619 -0.9724964692677442
0.5842700096390043 0.8177928690067784 -0.9720012102845677
1.127113318165256 0.7994243891709625 -0.6826012971343391
0.8220791642397147 1.075062864240645 -0.687620158942572
0.7767960995828066 2.175151430899679 -1.201082431189237
0.5178730098412262 2.289585000901271 -0.7642528584835147
0.4318741045043796 2.157217694423694 -1.139537126971807
-0.8542265281097005 1.727783223646877 0.5001385991420917
-0.6789461929251056 2.141841801744055 0.6732145584919229
-0.577829646086095 1.824451112104929 0.2362632562850954
-0.8759738654786382 2.131511918587933 0.2793039714931484
-1.927208672062443 -0.6398437875363613 -1.545275857967167
1.114613107548681 1.800458040397287 1.536457515308773
1.133618676257184 2.00501752762641 1.267027255193928
-1.163267294257468 2.00950573518687 1.179196715590034
-0.9719868524737201 1.794596566056916 0.8292889489510565
-0.8311606268166082 1.930668698307416 1.202228820494717
-1.070810228476269 1.613866149521948 1.400295348136002
-0.1442284681877334 0.2571818437061136 -2.594295162200888
-0.3185674148656584 0.6909105121617706 -2.317366377128921
-0.8269229764849191 0.9657129979051249 2.161401159655517
-0.8958566147983069 1.253871292068506 2.060459614747691
-1.191896234289096 1.108388525018709 1.979042175977818
-1.256779759777563 1.338258191688042 1.622143770710818
-1.424796088941583 1.770111108700663 1.118005882095633
-1.625964168226538 1.382525501880529 1.084696296304347
1.120233161119152 -2.187384325995212 -0.2509646804695938
0.7539774061215332 -1.988354041621959 0.1712486134682756
1.075191207954197 -2.136202857831445 0.1537296172603661
0.8742757922878122 -2.181456409195063 -1.086396616354741
1.745126373939776 -1.46433735641925 0.452887535157029
1.390813658012608 2.160685532724644 0.1910866718113469
1.626759471272585 1.969178873526883 -0.2347632510676803
1.65643341212556 1.864387984201788 0.1555594600134255
1.333473032944503 2.065395994138014 -0.1898506148355155
-0.4937392743183767 2.250345704914235 0.9217359595675918
-0.6415115470821386 2.485737121382962 0.5209958361091883
0.8219439903253681 0.5953567409936169 -0.1912585962401699
0.9493502836146893 1.232331868590379 0.03572636285151911
1.210404383863608 1.13325846249866 -0.4683067509886769
0.6929522177791811 1.061662135888568 -0.2566941523809773
1.756486667437162 0.09323102889347715 1.766914215008998
1.227002968010952 0.06389246901060729 2.036972947777951
1.619813457763244 -0.2461748824606741 1.670168368142116
1.548864079597855 -0.2233183497213364 2.077916287393106
2.626323792866212 0.1550025441907656 -0.1222792152201525
2.23523633996945 0.1014352207990278 -0.5300873630333963
2.245554310714892 -0.04125758406840674 -0.094168663569729
2.251456225636321 0.2562443531639632 -0.2329198809653328
1.882958053521789 -1.270470650068621 -1.245663312440657
1.926082087957694 -0.9121852568895122 -1.107893014123838
2.08684103633064 -0.7710818690209076 -1.366152638778898
-0.369733749459485 0.6221874559483094 -1.440221196240966
-0.1033790560298955 1.037297093406324 -1.463638759707907
-0.2483147366607258 0.8073495980936174 -0.7764378667686364
0.1216137150822991 0.9819360286377294 -0.967170875864385
2.07741855920816 -0.386745567531984 0.1598902796986701
1.998397339946136 -0.7345140894409208 0.4087900973363182
2.305326671598763 -0.5875656569333469 0.4350735040779119
2.135497372134085 -0.251167578848832 0.5301416683004984
1.535915552322819 -1.669864880643407 0.9146396880793298
1.587150612623876 -1.28635906016136 0.68988177326678
1.923825412279055 -1.275654720306491 0.8560102893631586
1.825295519393056 -0.9216352458710966 -1.469256915770225
1.872121668667938 -0.5400517085921528 -1.592801432888327
-1.420177686484186 0.9707282354683384 -1.139729279816384
-1.840044704724123 0.8188047715898896 -0.8668047575129776
-1.759987300437973 -1.649858468133525 -0.9391805974509964
-1.911510873270383 -1.489752017101496 -0.5951380606498524
1.818090994465135 1.671850096038336 0.810986178403082
1.982779889390671 1.522085029517676 0.5565552798985615
1.776910104673481 1.826779195099339 0.5433151751027987
2.471372622018888 0.07410109179293332 0.188176543900394
2.225128597846767 0.4363402427863475 0.04909810503187947
1.689890907244766 1.492156981675064 -0.2985487654918266
1.304324667713743 1.716164204621105 -0.5923180885244149
1.776910104673481 1.826779195099339 -0.5433151751027987
0.37006148183068 -1.657841529634519 -0.749465881024187
0.2806034485653689 -1.390316649988194 -1.396263316868984
-0.05485437854734802 -1.216394389589245 -1.10109847549256
1.244459414637276 -1.629607242282858 -1.286396940914055
1.62927452369747 -1.753237021653226 -1.059165576540003
-1.532685436000399 -1.747462020535892 -0.605333341394084
-1.517238118659827 -1.370297916978335 -0.6642776511930221
-2.543600491273194 -0.4453982054404672 -0.2079222247355639
-2.201718082927767 -0.5925588404396964 -0.4847505488632016
-0.3563577014577115 -1.30422136055878 -2.042743628433406
-0.6751252422069766 -1.123838160476502 -1.944483226411591
-0.6325344325201409 -1.507301672533022 -1.574251599446363
-0.4508782891625951 -1.178761070161149 -1.427450546175323
-1.11448142981159 0.3315510736475632 -1.469029572501798
-0.9137065677477898 0.1058157950961334 -1.960659519975348
-1.334782855376626 0.2688243718230336 -1.735858085719771
-1.145425733096339 0.4604637657000582 -1.941952963743867
1.078406016571356 1.145451753329832 1.539666702820286
1.09793269351291 1.048391996270227 0.9469887198624847
1.269603135818854 1.258312823482393 1.225016604357182
1.170297268776869 0.7761754745900515 1.311109604440734
1.526728473102217 -1.067383498397021 1.443551959057933
1.385069372575005 -0.5235568208988175 1.48851493337496
1.973276156238875 -0.6925325755433559 1.4123933704314
1.621432866541695 -0.6789440904101555 1.088813257387186
1.497703897178498 0.5735424647370623 1.715568746409052
1.658211009831297 0.8832807923105259 1.419386389175566
2.55847841467827 0.4508543318640351 0.3791435622600402
2.564644428064095 0.5312731953616943 -0.1821109518909783
-1.802438944075403 0.3363698989502319 -1.749180070469598
-2.116183907719887 0.1566149845464773 -1.51290304086325
0.7910811928667842 -1.928906618853827 -0.7453145036779201
1.119062697417766 -1.875320262028628 -0.4323410092571783
0.7430418391048212 -2.161970744518807 -0.2111492716764393
1.48139518732224 0.4389982833779296 -1.474275695229341
1.429567649127577 0.9370039072060039 -1.342475402354311
1.214952778524653 0.5471179924386166 -1.024713198531473
1.733913440932763 0.4897197658759748 -0.9895967715802111
0.03366767993581143 0.435880066583572 -1.317468249176844
-0.1647967444561361 0.4416885370985632 -1.850627225975106
0.3117939264256028 0.7805354921742531 -1.602968498791007
1.897714141236434 1.07277914211482 -0.4485783670999643
2.220853578744018 0.8536650923143621 -0.8774075402315831
2.140374536380933 1.155492299147327 -0.873212313457415
2.139440263948262 1.272265148569807 -0.5037481925108093
-0.2026631176732956 -2.050938403518524 -1.692589413691586
1.786260744053069 0.5649931977863736 1.531588715098189
1.440847820927851 -2.103539119445489 -0.06202949657679206
2.409406552704108 -0.2517174948133578 -0.9194666720904476
-0.813378666595968 0.1205413594970639 -0.3407952429523858
-0.2774986449108615 0.2985899786798399 -0.786277381456021
-0.05796764877073889 0.2522836184201432 -0.2402870542678093
-0.4980015220677986 -0.267054852142532 -0.5724656460964628
1.210518134057742 -1.658653594916493 -0.07186662113520005
-1.543013780739858 -1.75948216231378 -1.151792637134502
-2.325243074969336 -0.6981586870271902 -0.9565939037721598
0.378120553199231 -1.033022335282735 -0.3756588149868104
0.5966857912622203 -0.4695650496051644 -0.1211558419294102
0.8162908816442287 -0.8157626231531622 0.1676256986785216
0.8602752336838768 -1.115668039251425 -0.4103279511219934
-0.6783949028104125 -0.6939060361612022 -2.292601801490307
-0.5066372221484114 -0.3002320462766643 -2.131390580299582
-0.8442699560323645 -0.352069105027371 -2.428609328944483
0.425898761411225 -2.164592559952385 -0.07124446335444387
0.5139768679421665 -2.233661331951606 0.4710985784358064
0.3216960104885831 -1.728700873908718 0.4593887361824365
-2.477148463746935 -0.1453387352155524 -0.5704006198061065
-1.98435916977301 -0.08765293951099952 -0.7697376146547174
-2.234387436025518 -0.04558799436311678 -0.2397946492160133
-1.155607039329855 -2.268661112852677 -0.3264669042988563
-0.9907979409533816 -2.189044274671314 0.05961369185145445
-0.924574463866513 0.8429562621891659 1.736025305827468
-0.4647510606238497 1.420029094752935 -0.4922014255927391
-0.9302795846656149 1.36082371915205 -0.239631135434423
-0.6806615741109208 1.699888430460586 -0.1674011420744179
-0.9076126625075719 1.606303636622886 -0.6159045968735692
-1.9741312553922 -0.2498552577897666 -0.1153421338526623
-1.745225357507203 -0.0472476816091193 -0.4798902398629125
-1.554382249354458 -0.3696974802765595 -0.2628406068276381
-1.946405008316103 -0.6115916096737701 -0.7170419967347238
-1.270317770498515 -0.048660009076935 -1.473856016527491
-0.7810441379924089 -0.09181759011594864 -1.701515705718918
-0.8311540348523714 -0.2210317008259199 -1.082259176076259
0.7487320214261874 -0.180406814811613 -2.489922671211919
1.717015794703171 1.028561585602758 -1.072617651137748
1.600518078392813 1.156588858920522 -1.563904536186757
0.2075538142228178 -1.886544756188463 -0.4266789978981417
0.5482785761161257 -2.332683460625372 -0.4375416502006433
-0.0003714790977568556 -2.294611493857933 -0.4850245379082515
-1.4839069026453 2.060586581620669 -0.4561867525684631
-1.744835276872129 1.883473632067735 -0.1038237884877502
-0.5938546712673535 -0.2549511907110057 2.250208795546489
-0.4388024983805964 0.06141756005230348 2.251264532479134
-0.2323647052820468 -0.1578025594606683 2.054838727574957
-0.5650308967794693 0.04360403602785546 1.685481246414256
-0.9303421303864475 1.761126465622933 -1.393456339140688
-1.105248852850891 2.03972947953997 -0.9073015308427881
-2.231630743337148 -1.206705649799264 0.6321745097733715
-1.949024683268858 -1.485233609689893 0.781169229423142
-2.084265592883769 -1.139940431717285 0.9635523992392863
1.911279851822874 -0.4505729245572364 -0.4267019317768406
2.095939807876084 -0.6977181153626464 -0.1423783947326045
2.25817568404515 -0.634301901422186 -0.4719256496422294
2.240123818994147 -0.3906684296642728 -0.1548827338983767
0.7252881944142933 0.1509158692278313 -2.287314123018282
0.341398056027551 0.2171839335405395 -1.945549422879245
0.4950451753464306 0.543701289568122 -1.855024000772424
0.5204829329526405 0.6546886581427007 -2.204061868628051
-0.5659858652708192 -0.5079534737749232 -1.209039009028776
-0.3924736338767286 -0.110868598904623 -1.660913508479818
-2.024188360218564 0.3680570158136605 -0.427758586501901
-2.232919161119238 0.1084596576560153 -0.5628559356651763
1.485191278871738 -1.70862025767814 0.5868319088149033
2.106486125954106 -1.23682711000884 0.4438483031187709
0.7235319839604507 2.221250540179332 1.011777815988688
2.066051717023101 -1.14701795305372 -0.835560665007699
2.288395037846879 -0.9947545624123344 -0.4048392926148512
1.881043141990547 -0.6674051588360833 -0.7129438027631873
1.418294663416813 1.464549303408031 -1.436084535161277
-1.655160590963992 -0.4326482217101891 -1.681176667980063
-2.005598819996359 -0.3308584555547324 -1.549472168089683
-1.61570402654876 -0.4455876380281915 -1.225517271896392
1.627303948777374 -1.205841990047043 -0.1844557703299671
1.351506020162992 -1.206755032451722 0.05099298797819374
1.704003824632609 -1.320431280354069 0.1505501221820425
-0.5834434081527972 -1.345323012139532 -0.7520342448321501
-1.14691194564549 -1.135713633868398 -0.9103795556261
-2.478552795030742 0.5756592582578086 0.2274154780590085
1.015939119338473 -1.529434182281194 0.6973364796820827
1.264521848129685 -1.303623084220817 0.4087548052159337
0.1187894071661534 1.647243379268174 -0.7575742911502743
0.8889094141896224 -2.021510894822995 0.5498765194745937
-1.132543322797754 2.186291729888255 0.5431806350226323
-0.1212078736757603 -2.073975307858565 1.625104875457531
0.2533929414186166 -2.130839903178573 1.376410203279487
-2.513637430949636 0.2138914938915516 -0.070822983291668
-0.575350553294149 -2.347924352478597 0.8900808576773922
-0.7001505083681399 -2.086626238059129 1.300251965795629
-0.9534015238633984 -2.138899245106327 0.8301132629581002
1.360097281701939 -1.780291505444306 1.188342696066822
1.370516346492847 -1.347372390016624 1.527749310164887
1.170003680534336 -1.698140504666902 1.446876018492204
0.5928568208454482 1.410669339452249 -1.961458241755028
0.5259894534360183 1.06673860061438 -1.977192633082481
-0.6407724781595193 0.2385666598972134 -1.577463844232758
0.6647682607899315 -0.9609135980175034 2.370832732531013
0.9551085505455539 -0.8253918795636574 2.266727813950866
0.7880669348442801 -1.366947543185264 2.111627543044687
1.717837148294408 -0.993165908753279 0.8277999087812983
-0.4355773155675625 1.642043806914642 0.7248125045040612
-0.4699846695207975 1.282998168376139 0.8859617442357335
-0.4279183704789341 1.287800206751498 0.4253879005226827
0.05985871761477897 1.070270445720484 0.5376151115141554
-0.701622743142587 2.014690997427713 -0.970272689153289
-1.213250728589135 1.703726735842281 -1.065690994471554
-1.482700548196062 1.037354515663341 1.461224579883258
-0.9204718419574288 1.082572081440178 1.456898420477157
1.258855461427201 1.448612113977457 1.596551049183543
1.547466463498246 1.391029716829776 1.429510459108339
0.5471012736174415 1.084677847292297 0.1601995994416395
0.8259853256630163 1.348566971176826 0.4856873006406344
0.6552422936461493 1.548822815082614 2.220446049250313e-16
1.209495529285183 -1.244942886473153 1.245948593016311
0.9367598739719161 -1.460599692333334 1.836298252070905
-1.715451180510014 -1.377954151229146 -1.396448192909833
-1.638881736105291 -1.372248872685527 -1.074913085783254
-1.97137342215988 -0.9919531318366972 -1.195660429378192
0.9221533035676656 0.3521366123499079 -1.308272389650265
0.4834342976276787 0.3009057715277233 -1.233845473528365
0.7949744460836787 0.793425758502827 -1.425184778758573
2.531803913454535 -0.6124556316634095 0.08291203575266093
2.334711336703438 -0.8882894464007286 0.07817700866309438
-1.758257691055209 -0.7631191436271358 -1.092815650770482
-2.009492575517878 -1.062573439153988 -0.8161075860820515
-1.789327671540636 -1.127501580827167 1.371776242306919
-1.430448918482342 -0.9938545118194785 0.9511731554671086
-1.313575755489367 -1.222569210329001 1.429285839372706
-1.638881736105291 -1.372248872685527 1.074913085783255
-0.8898849736511837 -1.10859781333496 -1.654312281472984
-1.177597535009537 -1.081542483915356 -2.11649655365617
-1.303172471635412 -0.1731204956781857 2.244076464407127
-1.584175653274632 0.2082785184928878 2.068962595474912
1.861273488200689 0.8210087937222551 0.2873949607820792
2.185107524836055 0.3804099327689699 0.3984104441447496
1.714241546092953 0.496117770257732 0.3528184708224125
-1.983737083381641 -0.8670434250728016 -0.4227973454399421
-2.304522142922067 -0.9417612206249785 -0.6756293174972609
-2.366575129034695 -0.9690005374736899 -0.2854235736054958
1.261873556647857 1.784913470547754 -1.100311553726429
-1.019963581726513 -0.8165879680043493 1.080348216904029
-1.095095454659282 -0.4725235824276266 0.8786777856495436
-1.480549144216596 -0.7105324755253201 1.211532928050132
1.10815503891846 1.071810170564353 -1.323228643729698
0.8497551561121169 1.301152177668586 -1.799206217416339
0.7247516488483964 1.266516037880241 -1.469830618434076
-1.78954169063125 1.313444125524675 0.5941885497985175
-1.951014732759799 1.228107707735628 0.3197487158787522
-1.447402013892202 1.169634140641431 0.32295004673444
-1.760918492222971 0.9497676965121734 0.7204296507966432
-0.3487125436776644 2.440264316973944 0.7001559557484469
-0.8664418184444502 1.988544442903784 -0.6626749998618258
-1.204381409971736 2.108205740519527 -0.6270601245104365
-0.8525654731751608 2.256739950175596 -0.8547682956287185
-0.4955908610421744 2.297361455182855 -1.082022863516837
1.431712279345554 -0.7169354962512995 -1.549240325021851
1.325550372513837 -0.378650114870088 -1.584562465497043
1.631530984228712 -0.3420355094219644 -1.351479911296369
0.05981713491873959 -1.861284861890498 -0.7783361072774915
-0.3295367440547601 -2.06830739500961 -0.8371537287094084
-0.2229063544775048 -2.008054790246006 -0.4456496517243855
1.100438291928441 -1.967906286807166 -1.280534456603923
-0.3760605350448301 2.256379739235353 0.3714129793255764
-2.090775729478997 0.9034665038259854 0.4710382234351946
-2.21088807143882 1.190689144115118 0.4898224012139786
-0.9585617566718596 1.297825620680115 -2.094268373528441
-1.169279826465189 -0.3267270641192216 -2.317019093959561
1.346061735563461 -1.309627258225706 -1.271602012986444
0.9371872787354087 -1.305913288193798 -0.8434342785060392
1.48149115105028 -1.453592744469357 -0.7262289342414532
-1.713011612567702 0.7439035272228945 1.415355405984503
-1.803515183246391 0.3287095990915164 1.610884001253821
-1.433700746834027 0.4400932663680387 1.698906249356106
-1.913804149937524 0.6377742351634677 1.639847570674221
-0.3841397248973665 -0.8981526833766599 2.381758223767339
-0.6951687238456895 -1.224187592733032 2.219147681781615
1.086768107063395 1.83645823828786 -0.08123261370717974
-0.5292295261859727 -1.642521726825836 -1.860809521849087
1.485097803773736 -1.173008531858919 1.772517260007689
0.6159903937766513 1.423968779183629 -0.6284170621192631
0.8966017565143029 1.859357921603646 -0.6367152871431586
1.100280602998615 1.597153185632147 -0.8670009240011887
0.5547582142039382 1.713956047761235 -0.9843520399532335
1.638881736105291 -1.372248872685527 1.074913085783254
1.469227969728315 -0.1278254949399838 -2.036418136478033
1.141765614770642 -1.531494780580068 -1.725088584752575
0.9169263399307672 -1.605836479843616 -1.318590431795396
-1.166355912859815 1.082593581277959 -1.52039910242513
-1.164075394845113 1.282790591263204 -1.00304723553812
-0.8977195334048382 1.013678848138914 -1.310702338023292
1.757888058826758 0.1250593065441795 -1.321310180945399
1.1601371720597 -0.01782465181700984 -1.24125137216993
1.396591729010883 -0.003747197443572159 -1.730617073988059
-1.84129517349421 -1.043661927031959 -1.516308490570349
1.859638851390001 1.255966445457092 1.267087223808931
1.925714470463589 1.414317489199511 0.9175786373655654
1.625964168226538 1.38252550188053 1.084696296304347
2.141246153462026 0.4129745047209025 1.473124254703825
1.907367387897736 0.2842976472121181 1.264144691217097
2.343024513733773 0.1305789906617822 0.9684589501342664
2.000678656022449 -0.03941131844958201 1.48783902638305
1.211277081536614 0.5696115591257842 2.01994805020884
1.543538759076812 -0.7696351517794184 -1.211022720553512
1.667518665291635 -1.229449213998486 -1.4682170605718
-0.5842722939472329 0.527555843411475 -2.45088930654655
-1.800414719445966 -0.07548292441735015 -1.710815627612398
-1.982779889390671 1.522085029517676 -0.5565552798985614
-1.875177157616256 1.245755818757617 -0.2095810770301103
1.102935935134879 1.613476807576961 1.811582093050913
0.8988964320854104 1.348110402370099 1.726073662268783
2.008296146735669 1.025631227002518 0.7525346205308394
2.11148336741218 1.180678234101893 0.3242688071921879
1.120441752228435 2.025881804527168 -0.9437123670368323
-1.002854346245284 -1.599715605827497 -1.785095124170189
1.540376029798659 0.3369234703086451 -0.6913485886580353
1.560572081681674 -0.02289545550116227 -0.9506645595797293
1.94635630824197 -0.1125443497633759 -0.8700887147551366
1.676500908650623 -0.2342506760614636 -0.6623944061280714
2.227605446685151 1.030461157562526 -0.2755678878653551
-0.3976764317380554 -0.6841037807574329 -2.10655481070647
-0.006504702889760239 -0.583827073837111 -2.000690022247944
-2.19025671244974 -0.5952690513216423 -1.346723585047069
-2.332190012971559 0.001105985509484021 -1.170157965302346
1.100963794545723 1.807616433165386 -1.501044296647168
-2.083223969378198 0.7388082157986753 -0.06096873349068938
-2.350913613438833 0.9788840424780398 0.1907617246942291
1.646387484227156 1.12719828901589 0.7109911623841249
1.490992715703918 1.667997066538005 0.795648355291797
2.073041475954478 -0.3032776973082538 -1.184992741929923
0.6930484822314237 1.68432190978062 1.65362134897341
-1.890811890571032 -0.2644299763825765 1.840224446786955
-1.480793441186335 -0.1982117749177813 1.786361527354542
-1.663667840386917 0.1101534506919487 1.792577604184982
0.6476762244616244 0.02091480974840253 1.161323106007081
0.9038072994676046 0.3136334240437254 1.46257108136838
0.4679303581891234 0.2978239427615118 1.411330827592098
0.7231730253968873 0.04931339459004454 1.698298957137748
0.7247335932483219 -1.520704604829578 -0.4850368752450237
0.5107968431579493 -1.245765642584104 -0.7623651439057357
-2.020014347725613 0.2605966311938575 1.324073254242032
-0.5456211046877744 -2.032882808605086 0.9132048559936849
1.735208243691638 0.9491108844770528 -0.7353645034506976
1.548000281142534 1.057929526305921 -0.2840122515163093
1.489655953860511 1.439910600056103 -0.7340128326375586
0.8840858612682644 1.240138512620943 2.050792101591221
1.332230839242002 -0.9321256391137012 1.131903738079518
0.9860301048964177 -0.5798662124588767 1.015826363223226
-1.660399235300365 -1.374115419044156 0.04155015149917586
-1.592447155055611 -1.558694314871735 -0.2619977504872099
-1.243373931650697 -1.536407263944715 -0.3154996224340189
2.397453509511076 0.8328791849171802 -0.05982849503614192
2.084917840102434 1.41581559930012 1.387778780781446e-17
-1.287742280807893 1.344179102957969 -0.617778446086064
1.324910561629994 -1.199951516981332 -1.611800651189851
1.264138364773615 2.155361741436431 0.7202148415318934
1.159157170618768 0.05620909963667087 -1.956703322451666
1.052576561413817 -0.001187073022647596 -2.454908100929191
0.7900546865586497 -0.07117324652451892 -1.939010714822492
0.1519239832080936 1.573308011783938 0.7806325130243382
0.3989425652556605 1.824258623433568 0.2922107268020559
0.2895894255902491 1.427739302066156 0.3935485392369564
-0.03807538183232469 1.672431511418202 0.4431395532147654
-0.5605256811288795 -2.410723056206143 -0.7462046892600506
-0.8395434567193112 -2.180159548352228 -1.142663683915726
-0.6208326764230705 -2.111130047005453 -0.6432872702062927
0.07969651097690714 0.7621778394010915 1.886554017899396
0.2861121974600274 0.4976822405651646 1.712107350921023
0.005902095880135044 0.4508388709343968 2.081396507198193
-0.06480534424644405 0.3513865643181491 1.732071067829873
-1.937120078604177 -1.473074706458081 -0.2246943744871039
-1.547168518076459 1.152222056121208 -1.48617645891182
1.992849234050607 1.568660930955355 -0.3523148831134019
-2.084917840102433 1.415815599300121 -4.163336342344337e-17
0.7256223293875236 -1.173183809180778 0.5192061061267005
-0.01610922279990991 -2.587379117905062 0.1136890319881635
0.2895859444996455 -2.519974318681699 0.288195425342606
-0.2001963184555331 -2.54347636052315 0.3971491144362423
-0.3965057049163522 -2.298160817008528 -0.02387001922405478
-0.1311205266736843 -2.252670579502416 0.5500560554934102
0.07527110360575426 -2.281154950695409 0.2703390157985945
0.2303338568307978 0.01856870753464449 1.592497351377605
0.1731582679123886 -0.2764147335838392 1.861896355788102
0.3768585507510951 -0.3263720356859697 1.336691773228159
-1.347255001715119 0.5070129396666242 2.090297512294556
-1.637365012642747 0.6032507354845378 1.927274250704277
0.3481543784580473 -1.048360134233919 -2.164465143341212
0.008620796084342262 -0.9750487717715043 -2.082856044792967
0.2363689579442181 -1.036232023059714 -1.689372162084406
0.3389017351084293 -0.7736246763397211 -1.93843597830429
1.744047805012784 1.579019412782743 0.01120043750110131
1.365677566352055 1.190123081835313 0.05570632599120406
1.70685405009746 1.443923903342746 0.4298892818909399
1.357057043719111 1.49529807884094 0.4439188423169652
0.733118135104278 -1.858581865181985 0.9729391972318513
0.6984572367016791 -1.379900335998305 0.9488283152243566
0.3642010058486497 -1.70327036942653 0.9035060137099777
0.7258903179229721 -1.5360165055843 1.342095948834963
2.298880687737468 0.3314739530050037 0.7156153373936875
2.375684105952225 0.006493088282891586 0.6280459996706235
0.1866338201767753 -0.2231337791927599 -0.8534523426620715
-0.04661401684427417 -0.9741509172204421 -0.7695890912818423
-1.453949626325857 -0.3910214746297748 -2.11354182543519
0.7014233349862605 1.249193285566541 1.001114817676354
0.6235751778569809 0.79697324575749 0.5302535754381971
0.4656688187446695 2.387001195097614 0.200987690681101
2.164243841576633 0.4027615063994834 -1.029991699779553
1.800745477651978 0.5013762399833446 -1.355498753031873
0.6172692889014793 -1.653390998135298 0.1768235043278243
0.3186459685475268 -1.364964318793071 0.6076746694950443
-2.315517259099445 -0.6627365059051286 -0.06273909674551342
-1.133782970542784 1.475845392286114 0.3162160379447882
-1.165460922598135 1.730504734480321 -0.06685792662923898
-0.4231832874600742 -0.4729226748539089 -2.494611587624584
-0.04184635155506648 -0.5497243628665508 -2.518512221777583
-0.07826000471343492 -0.9590040559494467 2.239007695398309
-0.1851777545878974 -1.198516085491593 1.772273478988978
-0.311840993537937 -0.9907200078423615 2.009975193620636
-1.43830257946276 0.6830025757672125 -1.577567781845861
-1.318006938256476 0.5428428051709306 -1.205112315340378
-0.08058764019499327 -2.412043087803652 -0.1769170027654765
0.1336367126437808 0.5287302952197283 -2.05545124517095
-0.5934418869859468 -1.847907408552508 -1.518798875283405
-1.073262522733459 -1.820020187163717 -1.516585789866842
-0.0440630493479176 2.105399366901409 0.3623406497654445
-0.2108257607294009 2.092436397453346 0.7501053136311738
1.248687720218636 0.2508940371979327 -0.3511740281459294
1.645015796771361 0.6727025796979129 -0.482989752663955
-0.673036245577662 -1.452866436480638 -1.138860737252091
-0.9558780543778256 -1.401490567206004 -1.508602126910703
-2.406809584932968 -0.3148356918137818 -0.9552541865112026
-1.244319919230518 -0.04913138617925118 -2.183396750757819
-1.388408176663453 0.2372245074040962 -2.220121280426664
-0.8641122714482884 0.1415886764231088 -2.425568743623866
-2.164158332231071 0.3413230502196136 -1.230646963546874
2.193096362406525 0.02369616462541878 -1.118803353499558
0.2183433486007154 1.353758487046683 1.926438616046652
0.2317252381172349 1.049801713312688 2.105707790098954
-0.2910133521560647 1.199261186901192 1.999573044407554
-0.1869072031400344 0.9763830214438164 1.643016482632369
1.266063916800563 -0.1055688679751065 1.121400807179425
1.091430261777354 -0.01746278993354824 0.7311877020280731
1.700514846721931 -0.1838597459882317 0.6584421797751806
1.328902904736692 -0.4415657153049386 0.8014082685318866
0.292658120036109 0.5936155593070949 -2.503433921086852
2.211476094994817 0.7399981418332287 0.4118276625709286
-0.7492829057184281 -0.8829902519671686 -1.02890230903064
-0.4434463733224477 -0.807444409682647 -0.6009153076484312
-2.16809546038338 1.100119338037767 -0.06047890618178262
-0.3976611563831245 2.007145747657467 -0.1469467186347477
0.05371002137174997 1.88715447998211 -0.07950492309547535
-0.9584904216615375 -1.343598393284382 -2.015177715452461
1.529263629625975 -1.76424266159212 -0.2080496056263309
1.707541236622564 -1.460300590281275 -0.4639432412878757
1.850489529282227 -1.580602428635713 -0.03003296708133884
-1.117295145638586 2.33308002240111 0.1265194891905815
1.681393338452648 0.5414933620837583 -0.1146363600479266
2.088518813242458 0.7339086969899323 -0.03094215824798949
2.106274415640831 0.6740487389290725 0.7950934730140762
0.7922656934498783 -2.262248594698938 -0.7921979301778138
-1.503614186419145 -0.7882204869451462 -0.003876647505916334
-1.646589493281535 -1.159134267524281 -0.4116328223675806
-1.351506020162992 -1.206755032451722 -0.05099298797819363
-1.958867917627568 -1.1987569547375 0.2302552095741862
-1.558102216631489 -1.079840739257889 0.2349728476600398
-1.692553519063101 -1.009563323217662 0.6034014518306721
0.4511162165964043 -2.287434733563979 -0.9605430436591215
-1.660602780424043 -0.2612442716126958 0.194280960615189
-1.31524645909397 0.2361477619923972 0.1636931433829594
-1.135191995952676 -0.3713501877505604 0.1903605079290065
-1.22326214790241 -0.1091745088092795 -0.1585349753523574
-1.803225878770133 -1.793037877169674 0.5983156739459041
-1.95889306683402 -1.821876533300322 0.002196993481141676
-1.396956119288698 0.2892570665610368 0.6494253518315672
-1.576610775092362 -0.06303303195518176 0.9350952988384851
-1.470837689271746 0.4348496492463285 1.190332099360431
-1.759629898684878 0.4118298320530931 0.8403716177341156
-0.09053352821032767 2.17324930171204 -1.413977312652904
0.001590389155689972 1.861448016771452 -1.470050520399735
-2.161734717632068 -0.02449743715256143 1.222195186451081
0.0002168395677756563 -1.75837546358287 -1.664282074170421
1.275968395952134 2.177050305614619 -0.6533851351164542
0.8760515836549885 2.231116123672016 -0.8727290799678915
1.744833368626995 -0.4835669261059046 -0.09331201246501002
0.5682345526345223 -1.826158374801203 -0.2850635958034157
0.06547597628796339 -2.05146197152553 -0.05413570125489088
0.3226780258982737 -1.596629683948074 -0.05809191907248601
2.516630493034757 -0.1022981834746896 -0.6175732881565215
2.200080057892813 -0.2581699152698593 -0.5108026607910182
2.605637129179923 -0.1630131655534208 -0.0979068968648876
0.7500831681122598 -1.934836853776125 -1.297098995148084
0.6435930436910514 -1.698030240888968 -1.005085838098299
-0.1704614627617783 -2.6508370437807 -0.4528521538300665
1.947842644094103 -0.1461327941680256 -0.2420900950730806
-0.9365615567180301 -0.1051287949345484 -2.217893684881591
0.8853350339416455 0.2744403885846644 -1.964671400355937
1.140201639030608 0.236364643584439 -1.627192807652883
1.196515309093561 0.4479816332790937 -1.913810437426854
1.290190127603672 -1.105389303220694 -1.943072403585896
1.684636579236312 -0.6971337642985359 -1.779970873252034
0.7998867183272593 -1.007335049378538 -1.243962923188922
0.7034966784807869 -0.9834804359179167 -1.788302944305213
-0.518710026444393 1.543907421755051 -1.472696946466574
-0.5341479363191184 1.473444582747489 -1.903540439947529
-0.6742935179582795 1.09464556722218 -1.810199486905398
-1.075998319323636 -2.070154701639619 -0.5490806810444844
-0.8440938542919412 -2.326989436423397 -0.49176188612434
-1.033605112181073 -2.123220527740597 -0.9125945459112783
-1.353154137159684 -1.317502465553716 1.776997176844032
-0.987466249891376 -1.253915290768908 1.561564112533055
-1.21862264425467 -0.8525609703717636 1.63088981853836
-1.071367566169222 -1.286458256501889 1.977836570082841
-1.244336049445813 -0.8382841381006803 -0.6570397101850922
-1.599317922809456 -0.9722792321582735 -0.7761011182971296
0.1630080930062885 -2.066738461994066 0.5598557115397051
0.09598037217544207 -2.439559762861977 0.9295484612723642
0.2447653400317724 -2.410990787737837 0.6600913373486379
-0.8039201618850342 -1.789495144716969 -1.283074679818896
-1.776021811423336 -0.4291827625007738 1.216567173086385
-1.747220490951844 -0.6737924272403145 0.9560743941783254
-1.912269791131386 -0.181947865252294 1.01450993087419
-0.5420216146777774 -1.868581678692515 -1.057809539372537
2.502117367959254 -0.728397543469564 -0.2503333494387292
0.8364222005899805 1.932119181453781 -1.379887589134531
-1.947754944486762 1.712069967631634 -0.2694106414113094
-1.937574294343778 1.617967292122476 0.2786905010637443
-0.5653640554516989 1.749135218952059 1.708328782809433
-1.746140826514379 0.06863827473868186 -0.07828987771560655
-1.643561877330884 0.001538647053078518 0.4853708079154013
-2.017571551363774 0.4294537180427294 0.3717978819112906
-2.362746345619679 0.7916759125758825 -0.3998257885172568
-2.131347538824703 0.6148725448485098 -0.648073849187791
1.152589260430097 1.100483567591466 0.3807516063368576
-2.022539183360538 -0.2313609378333781 1.482039136593413
-1.848521541329823 -0.5113055800147378 1.517597781660427
-1.573679201749285 -0.3461319790636434 1.471419285546517
0.2546682186948888 -0.760920897599391 -2.373249454259412
0.7419553276274917 -0.792317231544188 -2.319356676139006
-2.422516720049962 0.7858649641366412 -0.05053202675984068
-2.058337525283191 0.3929999889975636 -0.01715988776015018
-1.202830617202816 -1.931645429916586 -1.208874648733067
-1.348839692545909 2.164181964604827 0.2613161891171631
-1.522627259694596 1.874889059768091 0.212673250292724
-1.570178920157726 1.991048270249333 0.690701655035322
2.185384489826395 -1.283457197264845 -8.326672684688674e-17
-0.5453810948044866 -0.06689946797472825 -2.397059427397846
1.096737710417451 -1.655079564634044 0.352813115655198
-0.5885241339247443 -1.242390677406384 1.773298815551089
-0.1205885056834135 -1.522584166196631 1.912433169752577
-0.3074467069095799 -1.328966248416497 2.190282710690599
-0.7137542578938997 -1.622690605699507 1.870232710592381
-1.641567116091756 1.463652176457669 0.3456375843459972
-1.365677566352055 1.190123081835313 -0.05570632599120384
1.575328218526106 0.7766525219149314 -1.757877872364288
0.3889994307297395 -0.960836932403212 -1.144166357925071
1.83017999165325 -1.051335748400691 -0.4984307883670998
1.947754944486762 1.712069967631634 0.2694106414113095
0.3761232118957741 -1.072368231861216 0.9900075331031445
-1.415629718540669 -2.05932099577609 -0.4690253560439404
-2.267752338280725 -0.2805153275892764 1.059285218120359
-2.045286320964052 -0.1723798340670431 0.5844866212553412
-2.025723194147937 -0.4464428029918255 0.7881130531431286
-2.018097268907451 0.1290954293232056 0.7790317673113052
-0.2900997064524722 -1.952013384123062 0.02557897713627385
0.4064666768887659 0.4232037143014085 1.005837157299328
0.6410945539219803 0.7438132206723854 1.438070085963385
0.2791111280571446 0.941356998499616 1.474206993599413
1.3336870943511 1.941630621692748 0.940387154005482
2.004826391110521 -1.558758056906594 -0.4396385457442327
-0.4720650992882971 -0.7764188413684191 -1.527354931152615
2.18807958273416 -1.277460802521472 -0.4022078795567924
1.830465069851277 -1.120331122589648 1.333040200301041
2.100205523450301 -0.8292399352586517 1.159623695790602
1.615496895473532 -1.924723361140792 0.2274458885315575
1.222187209879486 0.2104495114364896 -2.247070492437378
0.9359110517944953 0.4706909586036476 -2.41641334061458
1.05988764805707 0.8989701601378688 2.262069656786104
0.9403493949027899 0.5221150207238753 2.335594113007576
-0.5065679281686212 0.1125299210627907 -1.98582718758547
-0.01980990928505368 -0.02571438116837375 -1.888676221042781
1.06214747689016 1.449856435273895 -1.496545703112209
-0.8068982771404359 -1.854750231368787 -0.8354610323630602
-0.9331853143347739 0.5305515519384825 1.9967436685607
-0.9518695647612287 0.2169450718318682 1.591302361616922
0.7174036349750081 -1.198595137722132 -2.21096481877307
0.9234863998349988 -1.30037916295922 -1.901966478953596
0.5292295261859736 -1.642521726825831 -1.860809521849093
-0.8094472911568141 1.414733739782608 -0.9444472938943155
-0.4935299492374176 1.744651922256888 -0.7076326434680522
-1.941719466997454 -0.7798612050078109 1.379362738947458
-1.654651759707128 0.003942873591988791 1.29255316425885
-1.014663721058791 -1.932321143853302 1.092846114641633
-0.5978867798271016 -1.771128528117405 1.209442470217389
0.7734308665112293 2.331681558146906 0.2062722732429231
1.512983000493146 -0.4812745549562896 -2.060294361272796
1.146500808887225 -0.2799794449742391 -1.860879252121275
0.8953836544469005 -0.5397810233680128 -2.022364149037989
1.264338059856392 -0.7455761128335856 -1.835726650625238
-0.7804808453635741 1.704189875529922 -1.789711710727276
1.688094880968946 -0.3350676027170528 0.2665425923706379
1.909221013302305 0.1639350617445848 0.2349427788199269
1.255643618119716 0.2146305017863102 0.1394666624159517
1.46099112902404 0.186281225995968 0.5047308165337214
-0.6050357909304758 0.08770546082700206 2.532760973888537
-0.6844316413287177 -0.5140033225332067 2.429472672055877
2.3535102512182 0.6858008416973727 -0.4016174277005285
2.13304102468565 0.6071930339695755 -0.6145422134291575
2.491317431992125 0.3667752794909335 -0.6132877697598046
1.837601696115742 -0.4960606721862076 -1.030141093988921
0.02581627317173384 0.4707709548697568 -2.385361002161436
-2.476120800179884 0.1940958210327935 0.6112588126049388
0.4394792043978659 -0.4343545161886317 -1.460018414459676
1.067325453710514 2.212442439124487 0.2045453403123462
1.542791754986437 0.5197345016532158 1.284885906964827
1.240791960152961 0.3265589461866715 1.650267453516052
1.494747720269282 0.07962287350829715 1.401782367015969
-0.3834065385190162 -0.4574902968809452 2.367673355957208
-0.6478332304207381 0.6418075405528185 -1.790466311801489
0.9696996608861717 -0.9710374467243191 1.355473764623783
-0.3813289026222565 0.4333653495192312 1.999387625611222
-0.5812683201519705 0.7404763001927772 2.230660547229269
-0.7425934097532982 0.3380212203663607 2.384240027252729
1.845288872457319 -1.755081078332748 -0.6895047752433097
1.949024683268857 -1.485233609689893 -0.7811692294231418
-1.120058171298746 -1.764151359559677 -0.6581599439181871
1.939502729418244 1.084635436071327 -0.01556074144820076
-1.251006168888744 1.370891720284002 1.188077582616209
-0.7712987790393686 1.59018482573969 1.235468249190586
0.9065626723994296 -0.4945031317389817 1.462249346375437
0.6057932027017536 -0.7660130561879644 1.493528022152211
0.1079501508853812 -2.421729989511124 -0.8314788440682848
-0.03638802767539825 -2.246232869422714 -1.117357556926717
-1.298621107253231 1.775622524795431 0.5524289843375264
-1.254587318668707 2.113826457275684 -0.1350815054136547
0.6930484822314236 1.68432190978062 -1.65362134897341
-2.205881410325348 -1.226021660875465 -0.6499687439183142
0.906468737871416 1.597031643740737 -1.24254739046543
-0.2561761661439509 -2.428772718507537 -0.8397696102463127
-0.4175954068698115 -2.291916041828632 -0.4179512554843505
0.4992142141386607 1.578722085113193 1.921827348690548
-0.9717716947808214 0.3067236575550991 0.7974685567544662
-0.651942875684446 0.357400957430453 1.163350316751406
-1.150862609534452 -0.08570229948753728 1.052806295255964
-0.7759258698170718 -0.1261405842828381 1.238483074132553
0.2232543014587292 0.2999010537866809 2.646390488805441
0.4164060912946103 0.3744707752220927 2.173886661748392
0.63979143515642 0.5091522239872829 2.395340256352405
0.7865716513137347 0.2243393612127376 2.302703967657063
-2.047037574664851 -1.180150897330106 -0.3643209812899741
-0.6916642459942757 -2.292960176122028 -0.1566266949175779
-0.7835402799734742 -1.894771233436886 -0.1876393780809551
-1.023109810142491 -0.4939313170125401 2.303637854985876
0.2368394331819884 -1.626939134894545 -2.05247914981163
-0.1301928282929189 -1.63745814922983 -1.985114960628802
-0.4076039196605093 0.3966533411885854 -2.200755042191328
-2.355306733492093 0.1521339445060061 0.9986095296854586
0.9129430417292383 0.6744017849806176 -2.026519074894788
-1.393215968954674 -1.98449844352633 -0.9019355199966621
2.346426309540115 -0.5804423325800346 0.8398821862310761
2.04776181391386 -0.8212494699567776 0.7766960727573432
2.248510485176398 0.8709377392466728 1.056944683306341
1.943563347253181 0.9552047214805024 1.141710145355642
2.159489417468203 0.5679599278295347 1.111129732696539
-1.469922305489338 0.4894167514784974 -1.947429577798409
0.6625561494423411 0.3386078576347549 1.944451834055069
1.075337763493058 0.7141139031478446 1.682235786399232
1.377072250022721 -0.7635175919320569 1.773895449760981
0.9271604980572518 -1.116637672272312 1.788648799319988
1.059485443396855 -0.7631130516996618 1.828610676310481
-2.001559547390393 0.6004480762369789 1.348960829444103
-1.753975685332397 0.9851806850395716 1.649161788943451
-1.784281416200766 1.029813219096648 1.267212594156764
1.74338435881149 -1.103123271561434 -0.8232092079380816
1.638881736105291 -1.372248872685526 -1.074913085783254
0.6904837367972908 -0.3920769943445862 2.133056190843108
1.101728915854623 -0.4644462194557056 1.995745256256604
-2.436929291660769 0.3997675753816659 -0.3319210982429025
-0.7459712581923301 -0.5038063153887964 2.115868061539197
-0.841388649365187 -0.1967551781843836 2.01078424938799
-1.263739472316052 -1.295530672592395 1.093229779574322
-0.7878785259040828 -1.436462341936765 1.332411287916299
-1.066740353931793 -1.6078564320096 1.403143809603669
-1.776910104673481 1.826779195099339 0.5433151751027986
1.804513372609386 0.5040252812830401 0.7405712093203589
0.9221043652209474 -2.186648667784135 1.02257756694669
0.8282529326154118 -1.94853563484749 1.355455308088092
2.31100009320457 -0.5472718502225895 -0.8240376063115669
0.5492880041203556 1.731020492839699 -1.322003685646127
0.2328218162562585 1.596817426882776 -1.590898948126204
0.8944191442349868 1.506810051249382 -0.3096807073960936
1.71344718192501 0.2056932851599003 -0.3216131235689498
-1.668053112057611 -0.9147292368157203 -1.72400220540781
0.6773806014401123 -1.16437652730786 1.505864983008697
-0.4812823311316799 0.7936017448617042 0.6318391627399154
-1.076492058684758 1.171393844203753 0.6106821523361884
-0.9355478386840947 0.6976879366593119 0.4291921569690044
2.507062044896836 -0.3339095657480025 0.6385470081405715
0.1498357077215512 -1.195673087462655 1.880406031694358
-0.9135199256275156 -1.864044232434868 1.505415530051624
0.1944634426610006 1.299304719564303 -1.887314843009004
0.2990707155061238 1.578306128867915 -2.060996783203158
-0.3495399921531714 -1.839271144845843 0.6323037360119524
-0.1642623749596225 -2.032630890696126 0.9437737633251435
1.128282850881813 0.1342083922063147 2.399221194850223
1.549378646549824 0.2084180257411008 2.079759315006006
1.608484543273126 0.2746803020659624 1.03786965325906
1.44377022212177 0.7503120048119307 0.8943216255614994
1.159441399901459 0.364572114295387 1.169537706671196
-0.4735977683741107 1.072774334523423 -2.229614344755576
0.6986597731069294 -2.275048629777169 0.7908036417757955
0.394737030049556 -2.20805381883897 1.071497894652237
0.8874965063377009 -0.08905268739590057 1.986146700684092
0.2926130299002264 0.07467547124302359 1.97620702599862
0.6120219680802961 -0.1369133367881414 2.385271399510769
-1.152035352754363 0.8164076748859157 2.211565528156561
-0.9593217156112195 2.141573035809727 -0.3351051182762346
-0.6149724952691961 2.341457692260266 -0.562029817171626
-1.489655953860509 1.439910600056106 0.7340128326375575
-0.9147439152690273 1.347315463867412 0.9208181267559112
-1.429021991962926 1.761991926452985 -0.6723223841155701
0.9805984730688865 2.213295205063871 -0.4163952902749949
-0.2115403609152752 0.1051397782040951 -2.199677312782363
0.2373128157811906 -0.1370608882836884 -2.173193338395558
1.050205316122356 -0.3262559342677581 -2.362685531957672
-1.792178605897018 -1.053134559672432 -0.1074474152928203
2.550281460484867 -0.3399206486167259 0.2839646732632833
-0.2042690972994939 0.8005928429084559 -1.995224666837565
0.6351473333741653 2.208446629619448 0.5226077296201314
0.8656261368199938 1.929081022431498 0.8957986786388504
0.7490715900728043 0.6763489698859197 1.037979554646473
1.725217451988188 -0.351693558044816 1.215008914959344
-1.13730267325836 -0.4105119310784542 1.273729615860737
1.625964168226538 1.382525501880529 -1.084696296304347
1.927327570731502 -0.995265160314971 -0.1502478745133863
1.571772129619761 -0.9054447532256464 0.02066626349721143
-1.094158848318619 0.03482271842733262 1.884252132302281
-0.9548339146674707 0.01610784089870487 2.33961419924741
-1.430209407636505 0.9096438263387909 -1.931529999058315
-0.9768500833242355 0.5174920539229677 -2.353353609273061
-0.9190431121399294 2.19609561219081 0.9771490997966443
-0.660955273582558 2.184273694260215 1.167546597230914
-0.141620768929848 1.550028551464266 -1.883472214964712
0.3799895966174855 2.043918808450338 -0.0434575169624242
-0.1132788810885201 2.253160148437229 -0.3510761172467632
-0.03308582438903056 2.216700588511956 -0.01693521711703269
0.3563793833782731 2.420304874714787 -0.1147455956788334
1.202031530529529 -0.5271116668692185 -0.8157293018350527
1.570178920157727 1.991048270249332 -0.6907016550353223
-0.01588767448125198 1.304758593140436 2.190531522328087
-2.082924827030487 -0.9564962563341954 0.04160580692237981
-2.185384489826395 -1.283457197264844 -8.326672684688674e-17
0.7066296036784874 -0.0857403548123252 -1.495877156181565
0.1813286056021909 -0.3326932901256977 -1.733879556219631
0.5469330831293145 -0.5094538263869977 -1.988537050692712
-0.1985352248670139 1.276487329522772 -1.078949625444783
-0.50450540912044 1.56936565620131 -1.076866471118504
-1.066763704718058 0.4384080254796714 1.311208848902748
-0.1588538423670468 1.716699793264761 -1.090731474042234
0.1649504205639586 1.365652268840381 -1.133163466824703
-0.8353047788688104 1.746778650311759 1.553667479656292
-1.330817963313814 -1.222604695053389 -1.694224840360773
0.3541729806104343 1.091058970213367 -1.321735757335001
-0.7548692103697986 -0.1723141715182023 0.0409495451377596
-0.9349018947882548 0.4490839075581035 -0.01805453060638802
-0.5276292755884897 0.2378758611771272 0.3032993158624158
-0.6292986806207125 -0.754515136246911 0.1035530957216398
-0.5006933605459711 0.951668795829923 1.802072667157015
-0.3950818970148018 1.310159448572969 1.291568400976833
-0.3419176177184802 0.7200766134082246 1.34525886949618
0.670748281974425 -0.7445465494260747 0.5841903655040177
0.2305922621213513 -0.1670696386220511 -0.3412955710752262
0.3886631732087116 0.4345100972224945 -0.6611539624672449
-1.901363421348918 -0.640902451549036 -0.1148264345883733
0.6641915791172883 -1.605530488001416 0.6124920249063063
0.823779026419629 0.6511963060924112 2.067737952127165
1.160066855660322 -1.610766447802828 1.000396222532255
-1.996673157315268 1.580009347776287 0.6866224842138541
-0.6484266218396122 2.005773584437207 1.550024234362356
2.522580603197886 -0.484394335005611 -0.5566313805552443
0.8493703531183876 -1.012411820227729 0.9592387125496333
0.03312003689407544 -1.980335377673617 1.207408501550212
-0.3614217702294133 -2.20676326719411 -1.145648919477701
-1.602737790100065 -0.1014489258772099 -1.092889173144157
-1.732443815195707 -0.3571964411649334 -0.8521215178608466
-1.388674705956524 -0.2827894150955992 -0.6742000073178077
-0.2451673240516671 2.550006851598424 0.0001076050700561243
-0.3146085581155759 2.49674536548646 -0.5100920275710252
0.07000244005404353 2.614078434301734 -0.2384157889739612
-0.0747148368497226 0.3494388940594179 1.314194961707226
-1.621953583191003 0.5165034505681111 -0.07448632687242257
-0.6930957315806756 1.307371790590207 1.76139057252767
-0.8752979291987606 -0.9723546223270916 1.831241333139628
-0.6074940191280988 -0.5810160120530384 1.467763446932401
-0.692086792383602 -1.068758836652235 1.386242881397913
1.249380092046008 -2.085470202318081 0.458119153802424
1.147827980234783 -2.004239093725639 0.8701826214386934
-0.7264573823754754 2.017522341616078 -1.365209610567939
-0.246274580179151 2.021179412571293 -0.6114129584559325
-0.2699083618267665 2.089729459740838 -1.183471501652067
1.153955609236657 -0.02314328494516449 1.572756991326598
-1.195380413203392 1.888503014996693 0.2442014964048383
0.4130094276767981 -1.340974582191162 -1.974040114898684
0.0727035863007519 -1.360889406583885 -2.124342450004669
-2.004826391110522 -1.558758056906592 0.4396385457442327
-1.772979275601305 -0.9919438460998027 1.064807651362346
-0.4273640644073335 -0.2765154871289988 0.4297832196877537
-0.4817833752630126 -0.6470661473509658 0.8559449383748841
0.1373889527902229 0.03074010209402783 0.800097178568324
-0.3600317953274385 0.08354255807046126 0.8660425239067544
-2.374784759721005 0.9237936805556451 0.6107661764129951
-2.262546677763418 0.5420499229634583 0.616046463141126
-2.322175763465745 0.7519520282218948 0.9162400199896927
-1.128281671524925 0.4964423477805165 -0.8753190496741665
-1.241075631781623 0.2682113794309436 -0.4327355159944268
-1.705132550014412 1.680053849054526 0.8397560707659671
-0.4051249628925563 -1.847319314943139 1.620307421381187
-1.656861493942078 -0.7736364991849909 -1.407987161033159
0.4809277520597597 0.002877410068657667 -2.484727631665099
0.4619756400312317 0.3377955351898214 -2.426265468447106
0.5826196979798671 -0.2208678228163688 -2.159669031741435
0.9944553252433059 -0.9185672303520951 -2.206606622733244
0.06240552823128417 -1.472746852579228 -0.5345977397477724
-1.073396240011142 1.518638503322618 1.844542149274937
0.9683234312932336 -0.1740068553052251 2.353664705610207
0.9549125834769074 -0.5093786493139886 2.358478564981081
1.269019981073787 -0.171158122264787 2.258362625326067
-1.517928559103656 -1.535638404159736 1.396550674659641
0.7632978443767275 1.329695107960319 -1.008391455753245
0.1915626926872818 1.862075822694485 -1.147269088752866
0.3678233540316724 1.896778468139672 -0.5350514202333362
0.09873780916700037 2.118578572566659 -0.6346698686915826
0.04521463571380469 -1.403713353927484 1.101723993024174
0.08394459333524724 -1.302235216679851 1.538284758967166
1.326280537379192 1.79841817704792 0.1512766002318343
1.274381374611347 1.973309852408118 0.4320891930694449
1.088057871243032 -1.631021753763994 -0.6908775060422483
1.321255764902384 1.772202160688812 1.293115508744295
-1.628925684275329 0.8999885123836169 -0.07178554828391037
-1.642086851545534 -0.8939877287883993 1.567045746742184
0.4925492287040956 2.383626332525941 -0.4255092648831938
-1.420357525959831 1.111231920240225 1.011529081881862
-1.544955978791632 -0.5001308312472633 0.5462603724226185
-1.208444293006169 -0.8468718128388315 0.2518143678879783
-0.7951783690020692 1.206158849169658 0.2031740718030929
0.7335170055511386 1.388245952772529 1.390642464733005
0.978890236478253 1.60060868576696 1.271436611345269
0.3813374068816913 1.366008566036096 1.545632322942457
-1.788874835435027 0.173152143856672 -0.961155725849105
-2.044266374704348 -0.2485123947007987 -1.091498715687586
-1.744047805012784 1.579019412782743 -0.01120043750110133
1.784717017571175 -0.240376773825104 -1.785878928443093
-2.100447097438563 -1.546774163701155 0.1124095956125574
0.7542906782758401 0.9940887360474664 1.671850527062334
-1.997115309115009 -0.8543802780488245 0.345504350213755
1.221805487983147 -0.5740711924714985 -0.1591552942639213
0.4170173300989128 1.565537472680777 1.122771245976021
-1.168639187545091 -1.646040048826051 0.9308802905892524
-0.7702300448984621 -1.627022294300866 0.918451337929835
-1.126308557778853 -1.910587533426852 -0.148428983844118
2.002572755387224 0.2763718213258351 -0.7600096704005319
0.7467471915437012 0.2549141859283121 0.5944697430843773
-0.06537358528199101 0.582906483168866 0.6086247069748014
0.5163805737522935 1.81473570333543 1.334209395174427
-0.2717969949683874 0.3346586372304539 2.323620131116509
-0.1499610877353189 -0.05560737734936033 2.562087201275193
0.1633962527513073 0.06650179673033749 2.377620975267873
-1.98189959164293 0.6749716724628785 0.8266903624702886
-2.275554629153354 0.4463267153747121 0.9480940373840094
-0.2813795569688681 -2.443915333314794 0.8070053212945266
-0.4566938296890789 -2.204244333965883 0.5421394115034344
-0.4530275309298427 -1.726015604503286 -0.5038689309778517
1.919945252360236 -0.3599405124752195 0.8916251136448844
-2.035800412091081 1.161613867252 0.9053726715799313
2.430438642474803 0.1649718754962825 -0.8956799405867499
-0.9417251740301 -0.1383351464132815 0.5639057979277825
-0.2306335624475674 -0.8927950363541421 -1.858287070598867
-0.1033374932364104 -1.423256106033093 -1.685185073512976
-0.04049687888985589 0.5458896264622293 2.4122949882486
-1.657254969530048 0.1951610742769372 -1.319296711377195
0.4690371810554832 -0.530260693713193 -2.376952240127292
-0.1416207689298479 1.550028551464266 1.883472214964712
-0.1279607563803866 -1.204650011510705 -2.295716537032569
-0.7735208172218422 0.6830484023407291 1.427750933282723
-0.5037855550969209 0.4963819790044003 1.633199829335115
1.002916221880886 -0.9538878873619745 -1.589422198524249
0.1790934704564118 0.6687575580287968 0.09895921793245918
0.8364222005899806 1.932119181453781 1.379887589134531
0.2618505067408208 2.105733584824011 1.396316884624579
-1.629274523697471 -1.753237021653225 1.059165576540004
-1.312189033289613 -1.796539932238691 1.267737463380289
2.127713168637465 -0.1535312570332342 1.068298571704399
0.9975509200765136 1.649850801635284 0.2682608918805943
0.8370035808174464 1.910187433419079 0.4727039103192082
0.944237856658277 -1.273342785073878 -1.4648528701352
-0.4721239042225391 0.5679592783511302 -0.1838687993309892
-0.9500565374234847 -0.5229922381079025 -0.5762805041398867
0.2042352905485062 -0.7302761458629318 1.397964463822365
-0.4313862520811309 -0.9280560671240206 1.642183779385668
-0.7477545039784592 -2.408772913197849 0.5254676806893821
-1.080866200616094 -0.9445669422797343 2.108225050829985
-1.079881169649438 1.460743003946176 -1.35743415246871
1.852583941487425 0.6346707216968034 1.073012367025287
-1.107776494058613 0.4422292383136435 2.341001347802273
-1.303011789966425 0.1524072000303484 2.242860009165808
-0.3660054658225089 -2.088816262133378 1.341803690371352
0.1185659761936955 1.415862551041786 1.315631072541689
-0.1021731806232236 1.629959619457738 1.054682011618338
-0.05554260417647155 1.171589588516063 0.9753204315487716
-0.554922639473176 -2.520948165271919 0.2116180416202736
-0.9241721917639154 -2.394121205688789 0.2844982219560556
-0.6687993782822144 -2.110293987894856 0.1784681302571259
0.7435380912197784 0.951488902434147 2.281301570755345
0.3763975570483182 1.091017086116112 1.805944169052377
0.5326108443420884 1.327034951787177 2.142723473531806
-0.1507043843892927 0.9211713099973857 -0.1651708278548314
-0.7004123114488011 0.9853530303674305 -0.1389475744061036
0.4318741045043798 2.157217694423693 1.139537126971807
1.136628161505414 0.6884757609453268 -1.588045979186861
0.8275401772964587 0.5619093554889993 -1.711767074219019
0.7683380554738124 0.08816906664076619 -0.9895079530730773
-2.400766351799354 -0.005818559094817405 0.1848535787573106
-0.3569661933206217 0.7402489844209442 2.477067927950154
-0.5840776612315818 1.158633986772391 2.109046484658173
-0.1478885022667598 1.031649404661416 2.293504729552024
-1.587587573230836 1.069126179814517 -0.4557002200244243
0.3900932818544409 0.934910184588007 0.9999372788506768
-0.2037537545583237 -2.327247318114028 1.090547316614542
-0.8671392770679549 -1.739997457495241 0.5328023114203787
-1.138530604693135 -1.626619637416158 1.703973110818719
-0.70644493471078 0.6000914071276904 -2.131678555551571
-0.1478531644160745 1.321989397972905 1.548415932450906
-0.09302914988947632 1.774172761235649 1.436084648014264
2.019137025224651 0.1811991442026948 0.7757842884155671
-1.188990830016615 1.563093558944757 -1.724798442634522
-0.8803532829407735 1.249537519698578 -1.597988113663182
-1.361292828359542 -0.7393514703450677 2.045391168978023
-0.9272112167483177 0.8957376467676641 -2.254682318008019
2.157833551007323 -0.3047673919926762 1.361963729534498
0.7406138804801911 -0.3809498084150339 -0.5954760785174589
0.4657501043225961 -0.7255243048972688 -0.747332057811143
0.1081697589567912 2.359016285941667 -1.123720391465652
-1.246421724749263 -0.2761261925722523 -1.043649962655598
-2.343503593730751 0.2982516257436407 0.3468178173010981
1.294490045883117 0.6961866712221921 -0.009529668509196596
2.43117986971196 -1.035696758895577 0.3310112532913975
-0.574233351432107 1.184756572756021 -1.138544630809946
-0.2191880325216751 0.3001489197377923 2.646078431841901
-1.471418004608857 -0.01411120232668545 -1.980790788513298
1.854405500096693 0.440309036394502 1.825968080407742
-1.333245890028593 0.7012009849618688 0.2512144001130795
0.2446585502573639 -0.8056787740826351 2.435004900690345
0.5484762375864718 -0.5927123243852531 2.444088584460899
-0.5916134950031833 -1.756377840558035 0.1926837794771296
-0.4705240735365472 1.795291327497836 1.235659471522257
0.4242750455662455 0.7996649036459402 2.155073995649655
-0.7278281717185244 0.3665960244958406 -1.17378394338367
-1.780369790193125 0.6993950537160211 0.3721104842780619
-0.6076516309143563 0.9318271165524099 1.070137872809277
-0.2031411843785169 -0.192943472573057 1.690428487672764
-0.6717387634057965 2.187048447284509 -0.02052460635621177
-0.4641169162398273 2.388702550950625 -0.2432481880712581
-1.109491549189656 -1.38290142016507 0.543153431183811
-1.615041413302203 -0.7325087755572323 -0.4538160448351077
-1.491971946315296 0.6554290426067449 0.7504177958311403
-1.739988783030546 0.7678551514107242 1.046551235752159
-0.6072915673458394 1.886663492763575 0.9406386651948488
-0.3017372882395549 2.217277788198393 1.187497890153472
-1.747387927192027 0.6205362866709725 -1.635843662429045
-2.060886448012218 0.7675128781281922 -1.263308304176365
-1.730938007169612 0.9252110628656478 -1.66778167872608
-2.367166921026176 -0.4780399079859936 0.7630362056880069
-2.075082665285483 -0.5560567568412553 1.144182737767813
-0.9999144228998059 1.013859228695094 -1.845260648499502
-1.061077209713958 -0.3083984427997139 1.68944998995003
-2.085426215464788 0.405996197886517 -0.8962076824852676
1.101109774857246 0.5278548945274458 0.5025971336026057
0.4929626858926247 -2.053767992311108 -0.6737844760992444
-0.1798260673880419 -0.8468175136573876 -2.387632646565757
-0.4872307798691341 -0.9775422322732459 -2.233348464390214
0.6510640953893578 -1.408446254122642 -1.246332049664569
-1.65911447547295 0.6309064258258706 -1.30255565330246
-2.002948980251115 0.06238020254428837 0.33400278149526
-0.02735102582656606 2.429640568724581 0.5445701497597867
1.024138588143218 1.454762155914356 0.9105572500036984
1.298250279447265 1.283001304109725 0.7404427083700886
-2.024612520653923 0.5255842444025228 -1.549550917059781
-0.002465868265864177 2.512895690206515 -0.6178451624394325
0.7809628326156373 0.1209649420083299 -0.4649595160854213
1.148158274213747 -0.08677146806200133 -0.6934312002557355
-1.40539948944218 0.1873249667211531 -0.9596243223622452
-1.460510188456236 -0.9778210554776985 1.814729671354013
0.1914373400947836 -0.5567430264194233 2.255158216231123
0.2795415218332785 -0.2870354370473081 2.548065021396898
-0.07310088036288229 -0.365544317055422 2.27181253566562
-0.0728235040475663 -0.5789639259506728 2.008785132553917
0.1302097067187481 1.206785431903461 0.06342152000252997
-0.236696542584901 2.281398984981636 -0.8753046007188988
-1.663686002476378 0.362756167339186 -0.5252644431087812
-1.9753518700734 1.2546501112721 -1.069258701627301
-0.5254701989484563 2.531079144615627 0.2060269722270495
1.512736422515646 0.9025667639832488 0.4511488989824044
0.4480038452181468 1.181291732185509 -1.66730328514215
-1.275943435322507 1.945837211773143 0.8765120247143536
-0.04259889976776225 2.006706308860292 -0.9566707935135084
-1.250662401627091 1.202223540202845 -1.801642803237369
-0.4528265455523491 1.561210966548415 1.98684640471072
-1.056526180077575 0.8416589489688 0.8292123771879695
-0.7240538096755651 -0.9004691585806763 2.124195595716248
-1.510419331354394 -0.5394797106351755 1.774376798737929
-1.499754790355459 -0.4369566601724739 2.076572430120048
0.2849633222739001 2.524056411158561 0.6653192925339789
-0.24247450780675 0.7698067219138974 2.118293047457802
0.9957846661752755 2.338956955931706 0.5998135869108789
-0.1431044173682967 -0.7138541209653526 2.476425735237396
1.428512328399545 -0.1586076310485106 -0.1626349619032977
1.959261110387097 -0.3921130651223055 1.591927923982177
0.3953367140630034 -1.843076565908201 1.214458505105725
1.810799210563237 -0.6823915997924839 1.795239015210627
1.803544472957664 -0.996779864471571 1.628155417258161
0.6932216252040719 -1.386800913021649 -0.1196715168677899
0.01497411986419039 -1.632987190500751 0.7235092434234724
-0.8772909926287022 -0.8322588699325767 0.5827534902310987
-0.4526825802704454 -0.7021993408859905 2.079075682461395
-0.3955262250258988 -0.5112926374276602 1.777022241911489
-1.321399386761122 -1.890259646833448 0.722867061596241
-0.1744023619368961 -0.3611733853086641 1.265805668800866
-1.242807051481563 -0.6499780724654654 -0.3007707630011356
-2.32085030060545 -0.3641253958546691 0.1476869076864217
-1.454733132512028 -0.6790817020273013 -1.677779981032178
-1.246143480965313 -0.02879302079636815 1.535384008415389
-0.9880287023554206 0.6777091229173899 -1.587656507948879
-0.2465837216634137 -1.587065854627403 1.384744602304035
0.6731852833114288 0.1376222613397191 -0.006825863689044941
0.1968370418532108 -0.6955405305304647 0.9808659222025223
-0.9744173164281921 -1.311676381818881 0.1637025378143855
0.1142225798327209 0.9738515220154658 -1.927068021228105
-0.5803586739313354 -1.288059300413823 0.2771914490599542
1.133410768321616 -2.017270126918087 1.244923220019255
-1.160967931971936 -2.061596704542888 0.3475126187066973
1.295431504181803 1.504649732923169 -0.2861338204764669
0.353349224188201 0.929309311186006 -0.5720472353498997
-1.229370357942005 0.7705122065407263 1.295574537094798
0.4681351851343021 2.33906157144181 0.8128428558715546
0.6122389823466998 1.602778859432528 0.708696573360138
1.135165464237039 -0.2507489470601019 0.1788712200280705
1.542771182739247 -0.5354296646289005 1.994346371193682
-2.426075396723534 -0.1578193541934299 0.6610931278677421
-2.115301873331042 0.7879247935051379 1.130066005180649
-1.379453697856392 0.7803687797359364 1.84132363923642
-1.022396921042094 -0.5881021368896782 1.93673904023773
0.6494847182934582 -0.2969368953464095 0.7571212507014702
-1.849742423787833 -0.713759056476102 1.743918892948995
3 2 0 0
$EndNodes
$Elements
4 13693 1 13693
2 1 2 830
1 1 2 3 
2 1 3 4 
3 1 4 5 
4 1 5 6 
5 1 6 7 
6 1 7 2 
7 3 2 8 
8 3 8 9 
9 3 9 10 
10 4 3 10 
11 4 10 11 
12 4 11 12 
13 5 4 12 
14 5 12 13 
15 5 13 14 
16 6 5 14 
17 6 14 15 
18 6 15 16 
19 7 6 16 
20 7 16 17 
21 7 17 18 
22 2 7 18 
23 2 18 19 
24 2 19 8 
25 8 19 20 
26 8 20 21 
27 9 8 21 
28 9 21 22 
29 9 22 23 
30 10 9 23 
31 10 23 24 
32 11 10 24 
33 11 24 25 
34 11 25 26 
35 12 11 26 
36 12 26 27 
37 13 12 27 
38 13 27 28 
39 13 28 29 
40 14 13 29 
41 14 29 30 
42 15 14 30 
43 15 30 31 
44 15 31 32 
45 16 15 32 
46 16 32 33 
47 17 16 33 
48 17 33 34 
49 17 34 35 
50 18 17 35 
51 18 35 36 
52 19 18 36 
53 19 36 37 
54 19 37 20 
55 20 37 38 
56 20 38 39 
57 21 20 39 
58 21 39 40 
59 22 21 40 
60 22 40 41 
61 23 22 41 
62 23 41 42 
63 23 42 43 
64 24 23 43 
65 24 43 44 
66 25 24 44 
67 25 44 45 
68 26 25 45 
69 26 45 46 
70 26 46 47 
71 27 26 47 
72 27 47 48 
73 28 27 48 
74 28 48 49 
75 29 28 49 
76 29 49 50 
77 30 29 50 
78 30 50 51 
79 30 51 52 
80 31 30 52 
81 31 52 53 
82 32 31 53 
83 32 53 54 
84 33 32 54 
85 33 54 55 
86 33 55 56 
87 34 33 56 
88 34 56 57 
89 35 34 57 
90 35 57 58 
91 36 35 58 
92 36 58 59 
93 37 36 59 
94 37 59 60 
95 37 60 38 
96 38 60 61 
97 38 61 62 
98 39 38 62 
99 39 62 63 
100 40 39 63 
101 40 63 64 
102 41 40 64 
103 41 64 65 
104 42 41 65 
105 42 65 66 
106 42 66 67 
107 43 42 67 
108 43 67 68 
109 44 43 68 
110 44 68 69 
111 45 44 69 
112 45 69 70 
113 46 45 70 
114 46 70 71 
115 46 71 72 
116 47 46 72 
117 47 72 73 
118 48 47 73 
119 48 73 74 
120 49 48 74 
121 49 74 75 
122 50 49 75 
123 50 75 76 
124 51 50 76 
125 51 76 77 
126 51 77 78 
127 52 51 78 
128 52 78 79 
129 53 52 79 
130 53 79 80 
131 54 53 80 
132 54 80 81 
133 55 54 81 
134 55 81 82 
135 55 82 83 
136 56 55 83 
137 56 83 84 
138 57 56 84 
139 57 84 85 
140 58 57 85 
141 58 85 86 
142 59 58 86 
143 59 86 87 
144 60 59 87 
145 60 87 88 
146 60 88 61 
147 61 88 89 
148 61 89 90 
149 62 61 90 
150 62 90 91 
151 63 62 91 
152 63 91 92 
153 64 63 92 
154 64 92 93 
155 65 64 93 
156 65 93 94 
157 66 65 94 
158 66 94 95 
159 67 66 95 
160 67 95 96 
161 67 96 97 
162 68 67 97 
163 68 97 98 
164 69 68 98 
165 69 98 99 
166 70 69 99 
167 70 99 100 
168 71 70 100 
169 71 100 101 
170 72 71 101 
171 72 101 102 
172 73 72 102 
173 73 102 103 
174 74 73 103 
175 74 103 104 
176 74 104 105 
177 75 74 105 
178 75 105 106 
179 76 75 106 
180 76 106 107 
181 77 76 107 
182 77 107 108 
183 78 77 108 
184 78 108 109 
185 79 78 109 
186 79 109 110 
187 80 79 110 
188 80 110 111 
189 81 80 111 
190 81 111 112 
191 81 112 113 
192 82 81 113 
193 82 113 114 
194 83 82 114 
195 83 114 115 
196 84 83 115 
197 84 115 116 
198 85 84 116 
199 85 116 117 
200 86 85 117 
201 86 117 118 
202 87 86 118 
203 87 118 119 
204 88 87 119 
205 88 119 120 
206 88 120 89 
207 89 120 121 
208 89 121 122 
209 90 89 122 
210 90 122 123 
211 91 90 123 
212 91 123 124 
213 92 91 124 
214 92 124 125 
215 93 92 125 
216 93 125 126 
217 94 93 126 
218 94 126 127 
219 95 94 127 
220 95 127 128 
221 96 95 128 
222 96 128 129 
223 97 96 129 
224 97 129 130 
225 98 97 130 
226 98 130 131 
227 99 98 131 
228 99 131 132 
229 100 99 132 
230 100 132 133 
231 101 100 133 
232 101 133 134 
233 102 101 134 
234 102 134 135 
235 103 102 135 
236 103 135 136 
237 104 103 136 
238 104 136 137 
239 104 137 138 
240 105 104 138 
241 105 138 139 
242 106 105 139 
243 106 139 140 
244 107 106 140 
245 107 140 141 
246 108 107 141 
247 108 141 142 
248 109 108 142 
249 109 142 143 
250 110 109 143 
251 110 143 144 
252 111 110 144 
253 111 144 145 
254 112 111 145 
255 112 145 146 
256 113 112 146 
257 113 146 147 
258 114 113 147 
259 114 147 148 
260 115 114 148 
261 115 148 149 
262 116 115 149 
263 116 149 150 
264 117 116 150 
265 117 150 151 
266 118 117 151 
267 118 151 152 
268 119 118 152 
269 119 152 153 
270 120 119 153 
271 120 153 154 
272 120 154 121 
273 121 154 155 
274 121 155 156 
275 122 121 156 
276 122 156 157 
277 123 122 157 
278 123 157 158 
279 124 123 158 
280 124 158 159 
281 125 124 159 
282 125 159 160 
283 126 125 160 
284 126 160 161 
285 127 126 161 
286 127 161 162 
287 128 127 162 
288 128 162 163 
289 129 128 163 
290 129 163 164 
291 130 129 164 
292 130 164 165 
293 131 130 165 
294 131 165 166 
295 132 131 166 
296 132 166 167 
297 133 132 167 
298 133 167 168 
299 134 133 168 
300 134 168 169 
301 135 134 169 
302 135 169 170 
303 136 135 170 
304 136 170 171 
305 137 136 171 
306 137 171 172 
307 137 172 173 
308 138 137 173 
309 138 173 174 
310 139 138 174 
311 139 174 175 
312 140 139 175 
313 140 175 176 
314 141 140 176 
315 141 176 177 
316 142 141 177 
317 142 177 178 
318 143 142 178 
319 143 178 179 
320 144 143 179 
321 144 179 180 
322 145 144 180 
323 145 180 181 
324 146 145 181 
325 146 181 182 
326 147 146 182 
327 147 182 183 
328 148 147 183 
329 148 183 184 
330 149 148 184 
331 149 184 185 
332 150 149 185 
333 150 185 186 
334 151 150 186 
335 151 186 187 
336 152 151 187 
337 152 187 188 
338 153 152 188 
339 153 188 189 
340 154 153 189 
341 154 189 190 
342 154 190 155 
343 155 190 191 
344 155 191 192 
345 156 155 192 
346 156 192 193 
347 157 156 193 
348 157 193 194 
349 158 157 194 
350 158 194 195 
351 159 158 195 
352 159 195 196 
353 160 159 196 
354 160 196 197 
355 161 160 197 
356 161 197 198 
357 162 161 198 
358 162 198 199 
359 163 162 199 
360 163 199 200 
361 164 163 200 
362 164 200 201 
363 165 164 201 
364 165 201 202 
365 166 165 202 
366 166 202 203 
367 167 166 203 
368 167 203 204 
369 168 167 204 
370 168 204 205 
371 169 168 205 
372 169 205 206 
373 170 169 206 
374 170 206 207 
375 171 170 207 
376 171 207 208 
377 172 171 208 
378 172 208 209 
379 173 172 209 
380 173 209 210 
381 174 173 210 
382 174 210 211 
383 175 174 211 
384 175 211 212 
385 176 175 212 
386 176 212 213 
387 177 176 213 
388 177 213 214 
389 178 177 214 
390 178 214 215 
391 179 178 215 
392 179 215 216 
393 180 179 216 
394 180 216 217 
395 181 180 217 
396 181 217 218 
397 182 181 218 
398 182 218 219 
399 183 182 219 
400 183 219 220 
401 184 183 220 
402 184 220 221 
403 185 184 221 
404 185 221 222 
405 186 185 222 
406 186 222 223 
407 187 186 223 
408 187 223 224 
409 188 187 224 
410 188 224 225 
411 189 188 225 
412 189 225 226 
413 190 189 226 
414 190 226 227 
415 190 227 191 
416 191 227 228 
417 191 228 229 
418 192 191 229 
419 192 229 230 
420 193 192 230 
421 193 230 231 
422 194 193 231 
423 194 231 232 
424 195 194 232 
425 195 232 233 
426 196 195 233 
427 196 233 234 
428 197 196 234 
429 197 234 235 
430 198 197 235 
431 198 235 236 
432 199 198 236 
433 199 236 237 
434 200 199 237 
435 200 237 238 
436 201 200 238 
437 201 238 239 
438 202 201 239 
439 202 239 240 
440 203 202 240 
441 203 240 241 
442 204 203 241 
443 204 241 242 
444 205 204 242 
445 205 242 243 
446 206 205 243 
447 206 243 244 
448 207 206 244 
449 207 244 245 
450 208 207 245 
451 208 245 246 
452 209 208 246 
453 209 246 247 
454 210 209 247 
455 210 247 248 
456 211 210 248 
457 211 248 249 
458 212 211 249 
459 212 249 250 
460 213 212 250 
461 213 250 251 
462 214 213 251 
463 214 251 252 
464 215 214 252 
465 215 252 253 
466 216 215 253 
467 216 253 254 
468 217 216 254 
469 217 254 255 
470 218 217 255 
471 218 255 256 
472 219 218 256 
473 219 256 257 
474 220 219 257 
475 220 257 258 
476 221 220 258 
477 221 258 259 
478 222 221 259 
479 222 259 260 
480 223 222 260 
481 223 260 261 
482 224 223 261 
483 224 261 262 
484 225 224 262 
485 225 262 263 
486 226 225 263 
487 228 226 263 
488 227 226 228 
489 229 228 264 
490 229 264 265 
491 230 229 265 
492 230 265 266 
493 231 230 266 
494 231 266 267 
495 232 231 267 
496 232 267 268 
497 233 232 268 
498 233 268 269 
499 234 233 269 
500 234 269 270 
501 235 234 270 
502 235 270 271 
503 236 235 271 
504 236 271 272 
505 237 236 272 
506 237 272 273 
507 238 237 273 
508 238 273 274 
509 239 238 274 
510 239 274 275 
511 240 239 275 
512 240 275 276 
513 241 240 276 
514 241 276 277 
515 242 241 277 
516 242 277 278 
517 243 242 278 
518 243 278 279 
519 244 243 279 
520 244 279 280 
521 245 244 280 
522 245 280 281 
523 246 245 281 
524 247 246 281 
525 247 281 282 
526 248 247 282 
527 248 282 283 
528 249 248 283 
529 249 283 284 
530 250 249 284 
531 250 284 285 
532 251 250 285 
533 251 285 286 
534 252 251 286 
535 252 286 287 
536 253 252 287 
537 253 287 288 
538 254 253 288 
539 254 288 289 
540 255 254 289 
541 255 289 290 
542 256 255 290 
543 256 290 291 
544 257 256 291 
545 257 291 292 
546 258 257 292 
547 258 292 293 
548 259 258 293 
549 259 293 294 
550 260 259 294 
551 260 294 295 
552 261 260 295 
553 261 295 296 
554 262 261 296 
555 262 296 297 
556 263 262 297 
557 264 263 297 
558 228 263 264 
559 265 264 298 
560 265 298 299 
561 266 265 299 
562 266 299 300 
563 267 266 300 
564 267 300 301 
565 268 267 301 
566 268 301 302 
567 269 268 302 
568 269 302 303 
569 270 269 303 
570 270 303 304 
571 271 270 304 
572 271 304 305 
573 272 271 305 
574 272 305 306 
575 273 272 306 
576 273 306 307 
577 274 273 307 
578 274 307 308 
579 275 274 308 
580 275 308 309 
581 276 275 309 
582 276 309 310 
583 277 276 310 
584 277 310 311 
585 278 277 311 
586 278 311 312 
587 279 278 312 
588 279 312 313 
589 280 279 313 
590 280 313 314 
591 281 280 314 
592 282 281 314 
593 282 314 315 
594 283 282 315 
595 283 315 316 
596 284 283 316 
597 284 316 317 
598 285 284 317 
599 285 317 318 
600 286 285 318 
601 286 318 319 
602 287 286 319 
603 287 319 320 
604 288 287 320 
605 288 320 321 
606 289 288 321 
607 289 321 322 
608 290 289 322 
609 290 322 323 
610 291 290 323 
611 291 323 324 
612 292 291 324 
613 292 324 325 
614 293 292 325 
615 293 325 326 
616 294 293 326 
617 294 326 327 
618 295 294 327 
619 295 327 328 
620 296 295 328 
621 296 328 329 
622 297 296 329 
623 298 297 329 
624 264 297 298 
625 299 298 330 
626 299 330 331 
627 300 299 331 
628 300 331 332 
629 301 300 332 
630 301 332 333 
631 302 301 333 
632 302 333 334 
633 303 302 334 
634 303 334 335 
635 304 303 335 
636 304 335 336 
637 305 304 336 
638 305 336 337 
639 306 305 337 
640 307 306 337 
641 307 337 338 
642 308 307 338 
643 308 338 339 
644 309 308 339 
645 309 339 340 
646 310 309 340 
647 310 340 341 
648 311 310 341 
649 311 341 342 
650 312 311 342 
651 312 342 343 
652 313 312 343 
653 313 343 344 
654 314 313 344 
655 315 314 344 
656 315 344 345 
657 316 315 345 
658 316 345 346 
659 317 316 346 
660 317 346 347 
661 318 317 347 
662 318 347 348 
663 319 318 348 
664 319 348 349 
665 320 319 349 
666 320 349 350 
667 321 320 350 
668 321 350 351 
669 322 321 351 
670 323 322 351 
671 323 351 352 
672 324 323 352 
673 324 352 353 
674 325 324 353 
675 325 353 354 
676 326 325 354 
677 326 354 355 
678 327 326 355 
679 327 355 356 
680 328 327 356 
681 328 356 357 
682 329 328 357 
683 330 329 357 
684 298 329 330 
685 331 330 358 
686 331 358 359 
687 332 331 359 
688 332 359 360 
689 333 332 360 
690 333 360 361 
691 334 333 361 
692 334 361 362 
693 335 334 362 
694 335 362 363 
695 336 335 363 
696 337 336 363 
697 337 363 364 
698 338 337 364 
699 338 364 365 
700 339 338 365 
701 339 365 366 
702 340 339 366 
703 340 366 367 
704 341 340 367 
705 342 341 367 
706 342 367 368 
707 343 342 368 
708 343 368 369 
709 344 343 369 
710 344 369 370 
711 345 344 370 
712 345 370 371 
713 346 345 371 
714 346 371 372 
715 347 346 372 
716 348 347 372 
717 348 372 373 
718 349 348 373 
719 349 373 374 
720 350 349 374 
721 350 374 375 
722 351 350 375 
723 351 375 376 
724 352 351 376 
725 353 352 376 
726 353 376 377 
727 354 353 377 
728 354 377 378 
729 355 354 378 
730 355 378 379 
731 356 355 379 
732 356 379 380 
733 357 356 380 
734 358 357 380 
735 330 357 358 
736 359 358 381 
737 359 381 382 
738 360 359 382 
739 360 382 383 
740 361 360 383 
741 361 383 384 
742 362 361 384 
743 362 384 385 
744 363 362 385 
745 364 363 385 
746 364 385 386 
747 365 364 386 
748 365 386 387 
749 366 365 387 
750 366 387 388 
751 367 366 388 
752 368 367 388 
753 368 388 389 
754 369 368 389 
755 369 389 390 
756 370 369 390 
757 370 390 391 
758 371 370 391 
759 371 391 392 
760 372 371 392 
761 373 372 392 
762 373 392 393 
763 374 373 393 
764 374 393 394 
765 375 374 394 
766 375 394 395 
767 376 375 395 
768 377 376 395 
769 377 395 396 
770 378 377 396 
771 378 396 397 
772 379 378 397 
773 379 397 398 
774 380 379 398 
775 381 380 398 
776 358 380 381 
777 382 381 399 
778 382 399 400 
779 383 382 400 
780 383 400 401 
781 384 383 401 
782 385 384 401 
783 385 401 402 
784 386 385 402 
785 386 402 403 
786 387 386 403 
787 388 387 403 
788 388 403 404 
789 389 388 404 
790 389 404 405 
791 390 389 405 
792 391 390 405 
793 391 405 406 
794 392 391 406 
795 392 406 407 
796 393 392 407 
797 394 393 407 
798 394 407 408 
799 395 394 408 
800 395 408 409 
801 396 395 409 
802 397 396 409 
803 397 409 410 
804 398 397 410 
805 399 398 410 
806 381 398 399 
807 400 399 411 
808 400 411 412 
809 401 400 412 
810 402 401 412 
811 402 412 413 
812 403 402 413 
813 404 403 413 
814 404 413 414 
815 405 404 414 
816 406 405 414 
817 406 414 415 
818 407 406 415 
819 408 407 415 
820 408 415 416 
821 409 408 416 
822 410 409 416 
823 411 410 416 
824 399 410 411 
825 412 411 417 
826 413 412 417 
827 414 413 417 
828 415 414 417 
829 416 415 417 
830 411 416 417 
2 2 2 1128
831 418 419 420 
832 418 420 421 
833 418 421 422 
834 418 422 423 
835 418 423 424 
836 418 424 419 
837 420 419 425 
838 420 425 426 
839 420 426 427 
840 421 420 427 
841 421 427 428 
842 421 428 429 
843 422 421 429 
844 422 429 430 
845 422 430 431 
846 423 422 431 
847 423 431 432 
848 423 432 433 
849 424 423 433 
850 424 433 434 
851 424 434 435 
852 419 424 435 
853 419 435 436 
854 419 436 425 
855 425 436 437 
856 425 437 438 
857 426 425 438 
858 426 438 439 
859 426 439 440 
860 427 426 440 
861 427 440 441 
862 428 427 441 
863 428 441 442 
864 428 442 443 
865 429 428 443 
866 429 443 444 
867 430 429 444 
868 430 444 445 
869 430 445 446 
870 431 430 446 
871 431 446 447 
872 432 431 447 
873 432 447 448 
874 432 448 449 
875 433 432 449 
876 433 449 450 
877 434 433 450 
878 434 450 451 
879 434 451 452 
880 435 434 452 
881 435 452 453 
882 436 435 453 
883 436 453 454 
884 436 454 437 
885 437 454 455 
886 437 455 456 
887 438 437 456 
888 438 456 457 
889 439 438 457 
890 439 457 458 
891 439 458 459 
892 440 439 459 
893 440 459 460 
894 441 440 460 
895 441 460 461 
896 442 441 461 
897 442 461 462 
898 442 462 463 
899 443 442 463 
900 443 463 464 
901 444 443 464 
902 444 464 465 
903 445 444 465 
904 445 465 466 
905 445 466 467 
906 446 445 467 
907 446 467 468 
908 447 446 468 
909 447 468 469 
910 448 447 469 
911 448 469 470 
912 448 470 471 
913 449 448 471 
914 449 471 472 
915 450 449 472 
916 450 472 473 
917 451 450 473 
918 451 473 474 
919 451 474 475 
920 452 451 475 
921 452 475 476 
922 453 452 476 
923 453 476 477 
924 454 453 477 
925 454 477 478 
926 454 478 455 
927 455 478 479 
928 455 479 480 
929 456 455 480 
930 456 480 481 
931 457 456 481 
932 457 481 482 
933 458 457 482 
934 458 482 483 
935 459 458 483 
936 459 483 484 
937 459 484 485 
938 460 459 485 
939 460 485 486 
940 461 460 486 
941 461 486 487 
942 462 461 487 
943 462 487 488 
944 463 462 488 
945 463 488 489 
946 464 463 489 
947 464 489 490 
948 464 490 491 
949 465 464 491 
950 465 491 492 
951 466 465 492 
952 466 492 493 
953 467 466 493 
954 467 493 494 
955 468 467 494 
956 468 494 495 
957 468 495 496 
958 469 468 496 
959 469 496 497 
960 470 469 497 
961 470 497 498 
962 471 470 498 
963 471 498 499 
964 472 471 499 
965 472 499 500 
966 473 472 500 
967 473 500 501 
968 473 501 502 
969 474 473 502 
970 474 502 503 
971 475 474 503 
972 475 503 504 
973 476 475 504 
974 476 504 505 
975 477 476 505 
976 477 505 506 
977 478 477 506 
978 478 506 507 
979 478 507 479 
980 479 507 508 
981 479 508 509 
982 480 479 509 
983 480 509 510 
984 481 480 510 
985 481 510 511 
986 482 481 511 
987 482 511 512 
988 483 482 512 
989 483 512 513 
990 484 483 513 
991 484 513 514 
992 485 484 514 
993 485 514 515 
994 485 515 516 
995 486 485 516 
996 486 516 517 
997 487 486 517 
998 487 517 518 
999 488 487 518 
1000 488 518 519 
1001 489 488 519 
1002 489 519 520 
1003 490 489 520 
1004 490 520 521 
1005 491 490 521 
1006 491 521 522 
1007 492 491 522 
1008 492 522 523 
1009 493 492 523 
1010 493 523 524 
1011 493 524 525 
1012 494 493 525 
1013 494 525 526 
1014 495 494 526 
1015 495 526 527 
1016 496 495 527 
1017 496 527 528 
1018 497 496 528 
1019 497 528 529 
1020 498 497 529 
1021 498 529 530 
1022 499 498 530 
1023 499 530 531 
1024 500 499 531 
1025 500 531 532 
1026 500 532 533 
1027 501 500 533 
1028 501 533 534 
1029 502 501 534 
1030 502 534 535 
1031 503 502 535 
1032 503 535 536 
1033 504 503 536 
1034 504 536 537 
1035 505 504 537 
1036 505 537 538 
1037 506 505 538 
1038 506 538 539 
1039 507 506 539 
1040 507 539 540 
1041 507 540 508 
1042 508 540 541 
1043 508 541 542 
1044 509 508 542 
1045 509 542 543 
1046 510 509 543 
1047 510 543 544 
1048 511 510 544 
1049 511 544 545 
1050 512 511 545 
1051 512 545 546 
1052 513 512 546 
1053 513 546 547 
1054 514 513 547 
1055 514 547 548 
1056 515 514 548 
1057 515 548 549 
1058 515 549 550 
1059 516 515 550 
1060 516 550 551 
1061 517 516 551 
1062 517 551 552 
1063 518 517 552 
1064 518 552 553 
1065 519 518 553 
1066 519 553 554 
1067 520 519 554 
1068 520 554 555 
1069 521 520 555 
1070 521 555 556 
1071 522 521 556 
1072 522 556 557 
1073 523 522 557 
1074 523 557 558 
1075 523 558 559 
1076 524 523 559 
1077 524 559 560 
1078 525 524 560 
1079 525 560 561 
1080 526 525 561 
1081 526 561 562 
1082 527 526 562 
1083 527 562 563 
1084 528 527 563 
1085 528 563 564 
1086 529 528 564 
1087 529 564 565 
1088 530 529 565 
1089 530 565 566 
1090 531 530 566 
1091 531 566 567 
1092 532 531 567 
1093 532 567 568 
1094 532 568 569 
1095 533 532 569 
1096 533 569 570 
1097 534 533 570 
1098 534 570 571 
1099 535 534 571 
1100 535 571 572 
1101 536 535 572 
1102 536 572 573 
1103 537 536 573 
1104 537 573 574 
1105 538 537 574 
1106 538 574 575 
1107 539 538 575 
1108 539 575 576 
1109 540 539 576 
1110 540 576 577 
1111 540 577 541 
1112 541 577 578 
1113 541 578 579 
1114 542 541 579 
1115 542 579 580 
1116 543 542 580 
1117 543 580 581 
1118 544 543 581 
1119 544 581 582 
1120 545 544 582 
1121 545 582 583 
1122 546 545 583 
1123 546 583 584 
1124 547 546 584 
1125 547 584 585 
1126 548 547 585 
1127 548 585 586 
1128 549 548 586 
1129 549 586 587 
1130 550 549 587 
1131 550 587 588 
1132 551 550 588 
1133 551 588 589 
1134 552 551 589 
1135 552 589 590 
1136 552 590 591 
1137 553 552 591 
1138 553 591 592 
1139 554 553 592 
1140 554 592 593 
1141 555 554 593 
1142 555 593 594 
1143 556 555 594 
1144 556 594 595 
1145 557 556 595 
1146 557 595 596 
1147 558 557 596 
1148 558 596 597 
1149 559 558 597 
1150 559 597 598 
1151 560 559 598 
1152 560 598 599 
1153 561 560 599 
1154 561 599 600 
1155 562 561 600 
1156 562 600 601 
1157 563 562 601 
1158 563 601 602 
1159 564 563 602 
1160 564 602 603 
1161 565 564 603 
1162 565 603 604 
1163 565 604 605 
1164 566 565 605 
1165 566 605 606 
1166 567 566 606 
1167 567 606 607 
1168 568 567 607 
1169 568 607 608 
1170 569 568 608 
1171 569 608 609 
1172 570 569 609 
1173 570 609 610 
1174 571 570 610 
1175 571 610 611 
1176 572 571 611 
1177 572 611 612 
1178 573 572 612 
1179 573 612 613 
1180 574 573 613 
1181 574 613 614 
1182 575 574 614 
1183 575 614 615 
1184 576 575 615 
1185 576 615 616 
1186 577 576 616 
1187 577 616 617 
1188 577 617 578 
1189 578 617 618 
1190 578 618 619 
1191 579 578 619 
1192 579 619 620 
1193 580 579 620 
1194 580 620 621 
1195 581 580 621 
1196 581 621 622 
1197 582 581 622 
1198 582 622 623 
1199 583 582 623 
1200 583 623 624 
1201 584 583 624 
1202 584 624 625 
1203 585 584 625 
1204 585 625 626 
1205 586 585 626 
1206 586 626 627 
1207 587 586 627 
1208 587 627 628 
1209 588 587 628 
1210 588 628 629 
1211 589 588 629 
1212 589 629 630 
1213 590 589 630 
1214 590 630 631 
1215 591 590 631 
1216 591 631 632 
1217 592 591 632 
1218 592 632 633 
1219 593 592 633 
1220 593 633 634 
1221 594 593 634 
1222 594 634 635 
1223 595 594 635 
1224 595 635 636 
1225 596 595 636 
1226 596 636 637 
1227 597 596 637 
1228 597 637 638 
1229 598 597 638 
1230 598 638 639 
1231 599 598 639 
1232 599 639 640 
1233 600 599 640 
1234 600 640 641 
1235 601 600 641 
1236 601 641 642 
1237 602 601 642 
1238 602 642 643 
1239 603 602 643 
1240 603 643 644 
1241 604 603 644 
1242 604 644 645 
1243 605 604 645 
1244 605 645 646 
1245 606 605 646 
1246 606 646 647 
1247 607 606 647 
1248 607 647 648 
1249 608 607 648 
1250 608 648 649 
1251 609 608 649 
1252 609 649 650 
1253 610 609 650 
1254 610 650 651 
1255 611 610 651 
1256 611 651 652 
1257 612 611 652 
1258 612 652 653 
1259 613 612 653 
1260 613 653 654 
1261 614 613 654 
1262 614 654 655 
1263 615 614 655 
1264 615 655 656 
1265 616 615 656 
1266 616 656 657 
1267 617 616 657 
1268 617 657 658 
1269 617 658 618 
1270 618 658 659 
1271 618 659 660 
1272 619 618 660 
1273 619 660 661 
1274 620 619 661 
1275 620 661 662 
1276 621 620 662 
1277 621 662 663 
1278 622 621 663 
1279 622 663 664 
1280 623 622 664 
1281 623 664 665 
1282 624 623 665 
1283 624 665 666 
1284 625 624 666 
1285 625 666 667 
1286 626 625 667 
1287 626 667 668 
1288 627 626 668 
1289 627 668 669 
1290 628 627 669 
1291 628 669 670 
1292 629 628 670 
1293 629 670 671 
1294 630 629 671 
1295 630 671 672 
1296 631 630 672 
1297 631 672 673 
1298 632 631 673 
1299 632 673 674 
1300 633 632 674 
1301 633 674 675 
1302 634 633 675 
1303 634 675 676 
1304 635 634 676 
1305 635 676 677 
1306 636 635 677 
1307 636 677 678 
1308 637 636 678 
1309 637 678 679 
1310 638 637 679 
1311 638 679 680 
1312 639 638 680 
1313 639 680 681 
1314 640 639 681 
1315 640 681 682 
1316 641 640 682 
1317 641 682 683 
1318 642 641 683 
1319 642 683 684 
1320 643 642 684 
1321 643 684 685 
1322 644 643 685 
1323 644 685 686 
1324 645 644 686 
1325 645 686 687 
1326 646 645 687 
1327 646 687 688 
1328 647 646 688 
1329 647 688 689 
1330 648 647 689 
1331 648 689 690 
1332 649 648 690 
1333 649 690 691 
1334 650 649 691 
1335 650 691 692 
1336 651 650 692 
1337 651 692 693 
1338 652 651 693 
1339 652 693 694 
1340 653 652 694 
1341 653 694 695 
1342 654 653 695 
1343 654 695 696 
1344 655 654 696 
1345 655 696 697 
1346 656 655 697 
1347 656 697 698 
1348 657 656 698 
1349 657 698 699 
1350 658 657 699 
1351 658 699 700 
1352 658 700 659 
1353 659 700 701 
1354 659 701 702 
1355 660 659 702 
1356 660 702 703 
1357 661 660 703 
1358 661 703 704 
1359 662 661 704 
1360 662 704 705 
1361 663 662 705 
1362 663 705 706 
1363 664 663 706 
1364 664 706 707 
1365 665 664 707 
1366 665 707 708 
1367 666 665 708 
1368 666 708 709 
1369 667 666 709 
1370 667 709 710 
1371 668 667 710 
1372 668 710 711 
1373 669 668 711 
1374 669 711 712 
1375 670 669 712 
1376 670 712 713 
1377 671 670 713 
1378 671 713 714 
1379 672 671 714 
1380 673 672 714 
1381 673 714 715 
1382 673 715 716 
1383 674 673 716 
1384 674 716 717 
1385 675 674 717 
1386 675 717 718 
1387 676 675 718 
1388 676 718 719 
1389 677 676 719 
1390 677 719 720 
1391 678 677 720 
1392 678 720 721 
1393 679 678 721 
1394 679 721 722 
1395 680 679 722 
1396 680 722 723 
1397 681 680 723 
1398 681 723 724 
1399 682 681 724 
1400 682 724 725 
1401 683 682 725 
1402 683 725 726 
1403 684 683 726 
1404 684 726 727 
1405 685 684 727 
1406 685 727 728 
1407 686 685 728 
1408 686 728 729 
1409 687 686 729 
1410 687 729 730 
1411 688 687 730 
1412 688 730 731 
1413 689 688 731 
1414 690 689 731 
1415 690 731 732 
1416 690 732 733 
1417 691 690 733 
1418 691 733 734 
1419 692 691 734 
1420 692 734 735 
1421 693 692 735 
1422 693 735 736 
1423 694 693 736 
1424 694 736 737 
1425 695 694 737 
1426 695 737 738 
1427 696 695 738 
1428 696 738 739 
1429 697 696 739 
1430 697 739 740 
1431 698 697 740 
1432 698 740 741 
1433 699 698 741 
1434 700 699 741 
1435 700 741 742 
1436 700 742 701 
1437 701 742 743 
1438 701 743 744 
1439 702 701 744 
1440 702 744 745 
1441 703 702 745 
1442 703 745 746 
1443 704 703 746 
1444 704 746 747 
1445 705 704 747 
1446 705 747 748 
1447 706 705 748 
1448 706 748 749 
1449 707 706 749 
1450 707 749 750 
1451 708 707 750 
1452 708 750 751 
1453 709 708 751 
1454 709 751 752 
1455 710 709 752 
1456 710 752 753 
1457 711 710 753 
1458 711 753 754 
1459 712 711 754 
1460 712 754 755 
1461 713 712 755 
1462 713 755 756 
1463 714 713 756 
1464 714 756 757 
1465 715 714 757 
1466 715 757 758 
1467 716 715 758 
1468 716 758 759 
1469 717 716 759 
1470 717 759 760 
1471 718 717 760 
1472 718 760 761 
1473 719 718 761 
1474 719 761 762 
1475 720 719 762 
1476 720 762 763 
1477 721 720 763 
1478 721 763 764 
1479 722 721 764 
1480 722 764 765 
1481 723 722 765 
1482 723 765 766 
1483 724 723 766 
1484 724 766 767 
1485 725 724 767 
1486 725 767 768 
1487 726 725 768 
1488 726 768 769 
1489 727 726 769 
1490 727 769 770 
1491 728 727 770 
1492 728 770 771 
1493 729 728 771 
1494 729 771 772 
1495 730 729 772 
1496 730 772 773 
1497 731 730 773 
1498 731 773 774 
1499 732 731 774 
1500 732 774 775 
1501 733 732 775 
1502 733 775 776 
1503 734 733 776 
1504 734 776 777 
1505 735 734 777 
1506 735 777 778 
1507 736 735 778 
1508 736 778 779 
1509 737 736 779 
1510 737 779 780 
1511 738 737 780 
1512 738 780 781 
1513 739 738 781 
1514 739 781 782 
1515 740 739 782 
1516 740 782 783 
1517 741 740 783 
1518 743 741 783 
1519 742 741 743 
1520 744 743 784 
1521 744 784 785 
1522 745 744 785 
1523 745 785 786 
1524 746 745 786 
1525 746 786 787 
1526 747 746 787 
1527 747 787 788 
1528 748 747 788 
1529 748 788 789 
1530 749 748 789 
1531 749 789 790 
1532 750 749 790 
1533 750 790 791 
1534 751 750 791 
1535 751 791 792 
1536 752 751 792 
1537 752 792 793 
1538 753 752 793 
1539 753 793 794 
1540 754 753 794 
1541 754 794 795 
1542 755 754 795 
1543 755 795 796 
1544 756 755 796 
1545 756 796 797 
1546 757 756 797 
1547 757 797 798 
1548 758 757 798 
1549 758 798 799 
1550 759 758 799 
1551 759 799 800 
1552 760 759 800 
1553 760 800 801 
1554 761 760 801 
1555 761 801 802 
1556 762 761 802 
1557 762 802 803 
1558 763 762 803 
1559 763 803 804 
1560 764 763 804 
1561 764 804 805 
1562 765 764 805 
1563 765 805 806 
1564 766 765 806 
1565 766 806 807 
1566 767 766 807 
1567 767 807 808 
1568 768 767 808 
1569 768 808 809 
1570 769 768 809 
1571 769 809 810 
1572 770 769 810 
1573 770 810 811 
1574 771 770 811 
1575 771 811 812 
1576 772 771 812 
1577 772 812 813 
1578 773 772 813 
1579 773 813 814 
1580 774 773 814 
1581 774 814 815 
1582 775 774 815 
1583 775 815 816 
1584 776 775 816 
1585 776 816 817 
1586 777 776 817 
1587 777 817 818 
1588 778 777 818 
1589 778 818 819 
1590 779 778 819 
1591 779 819 820 
1592 780 779 820 
1593 780 820 821 
1594 781 780 821 
1595 781 821 822 
1596 782 781 822 
1597 782 822 823 
1598 783 782 823 
1599 784 783 823 
1600 743 783 784 
1601 785 784 824 
1602 785 824 825 
1603 786 785 825 
1604 786 825 826 
1605 787 786 826 
1606 787 826 827 
1607 788 787 827 
1608 788 827 828 
1609 789 788 828 
1610 789 828 829 
1611 790 789 829 
1612 790 829 830 
1613 791 790 830 
1614 791 830 831 
1615 792 791 831 
1616 792 831 832 
1617 793 792 832 
1618 793 832 833 
1619 794 793 833 
1620 794 833 834 
1621 795 794 834 
1622 795 834 835 
1623 796 795 835 
1624 796 835 836 
1625 797 796 836 
1626 798 797 836 
1627 798 836 837 
1628 799 798 837 
1629 799 837 838 
1630 800 799 838 
1631 800 838 839 
1632 801 800 839 
1633 801 839 840 
1634 802 801 840 
1635 802 840 841 
1636 803 802 841 
1637 803 841 842 
1638 804 803 842 
1639 804 842 843 
1640 805 804 843 
1641 805 843 844 
1642 806 805 844 
1643 806 844 845 
1644 807 806 845 
1645 807 845 846 
1646 808 807 846 
1647 808 846 847 
1648 809 808 847 
1649 809 847 848 
1650 810 809 848 
1651 810 848 849 
1652 811 810 849 
1653 812 811 849 
1654 812 849 850 
1655 813 812 850 
1656 813 850 851 
1657 814 813 851 
1658 814 851 852 
1659 815 814 852 
1660 815 852 853 
1661 816 815 853 
1662 816 853 854 
1663 817 816 854 
1664 817 854 855 
1665 818 817 855 
1666 818 855 856 
1667 819 818 856 
1668 819 856 857 
1669 820 819 857 
1670 820 857 858 
1671 821 820 858 
1672 821 858 859 
1673 822 821 859 
1674 822 859 860 
1675 823 822 860 
1676 824 823 860 
1677 784 823 824 
1678 825 824 861 
1679 825 861 862 
1680 826 825 862 
1681 826 862 863 
1682 827 826 863 
1683 827 863 864 
1684 828 827 864 
1685 828 864 865 
1686 829 828 865 
1687 829 865 866 
1688 830 829 866 
1689 830 866 867 
1690 831 830 867 
1691 831 867 868 
1692 832 831 868 
1693 832 868 869 
1694 833 832 869 
1695 834 833 869 
1696 834 869 870 
1697 835 834 870 
1698 835 870 871 
1699 836 835 871 
1700 836 871 872 
1701 837 836 872 
1702 837 872 873 
1703 838 837 873 
1704 838 873 874 
1705 839 838 874 
1706 839 874 875 
1707 840 839 875 
1708 840 875 876 
1709 841 840 876 
1710 841 876 877 
1711 842 841 877 
1712 842 877 878 
1713 843 842 878 
1714 844 843 878 
1715 844 878 879 
1716 845 844 879 
1717 845 879 880 
1718 846 845 880 
1719 846 880 881 
1720 847 846 881 
1721 847 881 882 
1722 848 847 882 
1723 848 882 883 
1724 849 848 883 
1725 849 883 884 
1726 850 849 884 
1727 850 884 885 
1728 851 850 885 
1729 851 885 886 
1730 852 851 886 
1731 853 852 886 
1732 853 886 887 
1733 854 853 887 
1734 854 887 888 
1735 855 854 888 
1736 855 888 889 
1737 856 855 889 
1738 856 889 890 
1739 857 856 890 
1740 857 890 891 
1741 858 857 891 
1742 858 891 892 
1743 859 858 892 
1744 859 892 893 
1745 860 859 893 
1746 861 860 893 
1747 824 860 861 
1748 862 861 894 
1749 862 894 895 
1750 863 862 895 
1751 863 895 896 
1752 864 863 896 
1753 864 896 897 
1754 865 864 897 
1755 865 897 898 
1756 866 865 898 
1757 866 898 899 
1758 867 866 899 
1759 867 899 900 
1760 868 867 900 
1761 868 900 901 
1762 869 868 901 
1763 870 869 901 
1764 870 901 902 
1765 871 870 902 
1766 871 902 903 
1767 872 871 903 
1768 872 903 904 
1769 873 872 904 
1770 873 904 905 
1771 874 873 905 
1772 874 905 906 
1773 875 874 906 
1774 875 906 907 
1775 876 875 907 
1776 876 907 908 
1777 877 876 908 
1778 877 908 909 
1779 878 877 909 
1780 879 878 909 
1781 879 909 910 
1782 880 879 910 
1783 880 910 911 
1784 881 880 911 
1785 881 911 912 
1786 882 881 912 
1787 882 912 913 
1788 883 882 913 
1789 883 913 914 
1790 884 883 914 
1791 884 914 915 
1792 885 884 915 
1793 885 915 916 
1794 886 885 916 
1795 887 886 916 
1796 887 916 917 
1797 888 887 917 
1798 888 917 918 
1799 889 888 918 
1800 889 918 919 
1801 890 889 919 
1802 890 919 920 
1803 891 890 920 
1804 891 920 921 
1805 892 891 921 
1806 892 921 922 
1807 893 892 922 
1808 894 893 922 
1809 861 893 894 
1810 895 894 923 
1811 895 923 924 
1812 896 895 924 
1813 896 924 925 
1814 897 896 925 
1815 897 925 926 
1816 898 897 926 
1817 898 926 927 
1818 899 898 927 
1819 899 927 928 
1820 900 899 928 
1821 901 900 928 
1822 901 928 929 
1823 902 901 929 
1824 902 929 930 
1825 903 902 930 
1826 903 930 931 
1827 904 903 931 
1828 904 931 932 
1829 905 904 932 
1830 905 932 933 
1831 906 905 933 
1832 907 906 933 
1833 907 933 934 
1834 908 907 934 
1835 908 934 935 
1836 909 908 935 
1837 909 935 936 
1838 910 909 936 
1839 910 936 937 
1840 911 910 937 
1841 912 911 937 
1842 912 937 938 
1843 913 912 938 
1844 913 938 939 
1845 914 913 939 
1846 914 939 940 
1847 915 914 940 
1848 915 940 941 
1849 916 915 941 
1850 916 941 942 
1851 917 916 942 
1852 918 917 942 
1853 918 942 943 
1854 919 918 943 
1855 919 943 944 
1856 920 919 944 
1857 920 944 945 
1858 921 920 945 
1859 921 945 946 
1860 922 921 946 
1861 923 922 946 
1862 894 922 923 
1863 924 923 947 
1864 924 947 948 
1865 925 924 948 
1866 925 948 949 
1867 926 925 949 
1868 926 949 950 
1869 927 926 950 
1870 928 927 950 
1871 928 950 951 
1872 929 928 951 
1873 929 951 952 
1874 930 929 952 
1875 930 952 953 
1876 931 930 953 
1877 932 931 953 
1878 932 953 954 
1879 933 932 954 
1880 933 954 955 
1881 934 933 955 
1882 934 955 956 
1883 935 934 956 
1884 936 935 956 
1885 936 956 957 
1886 937 936 957 
1887 937 957 958 
1888 938 937 958 
1889 938 958 959 
1890 939 938 959 
1891 940 939 959 
1892 940 959 960 
1893 941 940 960 
1894 941 960 961 
1895 942 941 961 
1896 942 961 962 
1897 943 942 962 
1898 944 943 962 
1899 944 962 963 
1900 945 944 963 
1901 945 963 964 
1902 946 945 964 
1903 947 946 964 
1904 923 946 947 
1905 948 947 965 
1906 948 965 966 
1907 949 948 966 
1908 949 966 967 
1909 950 949 967 
1910 951 950 967 
1911 951 967 968 
1912 952 951 968 
1913 952 968 969 
1914 953 952 969 
1915 954 953 969 
1916 954 969 970 
1917 955 954 970 
1918 955 970 971 
1919 956 955 971 
1920 957 956 971 
1921 957 971 972 
1922 958 957 972 
1923 958 972 973 
1924 959 958 973 
1925 960 959 973 
1926 960 973 974 
1927 961 960 974 
1928 961 974 975 
1929 962 961 975 
1930 963 962 975 
1931 963 975 976 
1932 964 963 976 
1933 965 964 976 
1934 947 964 965 
1935 966 965 977 
1936 966 977 978 
1937 967 966 978 
1938 968 967 978 
1939 968 978 979 
1940 969 968 979 
1941 970 969 979 
1942 970 979 980 
1943 971 970 980 
1944 972 971 980 
1945 972 980 981 
1946 973 972 981 
1947 974 973 981 
1948 974 981 982 
1949 975 974 982 
1950 976 975 982 
1951 977 976 982 
1952 965 976 977 
1953 978 977 983 
1954 979 978 983 
1955 980 979 983 
1956 981 980 983 
1957 982 981 983 
1958 977 982 983 
3 1 4 8788
1959 984 985 986 355 
1960 987 988 989 990 
1961 991 992 993 409 
1962 994 149 150 116 
1963 995 996 997 998 
1964 999 1000 1001 34 
1965 1002 1003 1004 1005 
1966 991 993 410 409 
1967 1006 227 191 190 
1968 1007 1008 1009 1010 
1969 1011 1012 1013 1014 
1970 1015 1016 55 1017 
1971 1018 1019 1020 194 
1972 1021 1022 1023 1024 
1973 1025 186 223 187 
1974 1026 1027 1028 1029 
1975 1030 1031 1032 1033 
1976 1034 221 1005 184 
1977 991 396 992 409 
1978 1035 1036 1037 1038 
1979 991 396 1039 992 
1980 1040 1041 1042 1043 
1981 1044 1045 1046 1047 
1982 1048 172 1049 1050 
1983 1051 1052 1053 1054 
1984 1055 1056 1057 1058 
1985 1059 1060 1061 1062 
1986 1063 1064 1065 1066 
1987 1067 1068 1069 1070 
1988 1071 1072 1073 1074 
1989 1075 1076 1077 1078 
1990 1079 990 1080 1081 
1991 1082 98 131 99 
1992 1083 1084 1085 1086 
1993 1087 1088 1089 1090 
1994 1091 1092 222 223 
1995 1093 1094 1095 1096 
1996 1097 148 1098 115 
1997 1099 1100 1101 1102 
1998 1103 1104 1105 1106 
1999 1107 1108 1109 1110 
2000 1111 1112 1113 106 
2001 1114 1115 1116 1117 
2002 1118 1119 1029 1028 
2003 1120 1121 1067 1122 
2004 1007 1123 1124 1010 
2005 994 1125 1098 115 
2006 1126 1127 1128 1129 
2007 1130 1131 1132 1133 
2008 1134 1135 188 1136 
2009 1123 253 287 288 
2010 1137 1138 1139 1140 
2011 1141 349 374 350 
2012 1142 91 1143 123 
2013 1144 1145 1146 1147 
2014 1148 1149 219 256 
2015 1150 1151 1152 270 
2016 1153 333 1154 1155 
2017 1156 1157 1049 1158 
2018 1159 139 175 140 
2019 1160 48 47 73 
2020 1161 1162 1163 1164 
2021 1063 66 65 94 
2022 1165 1166 266 230 
2023 1167 1168 1169 1170 
2024 1171 1172 1173 1174 
2025 1175 1176 1177 1178 
2026 51 1179 1180 1181 
2027 1182 1183 1184 1185 
2028 1186 1187 1188 1189 
2029 1190 1160 1191 1192 
2030 1181 1193 1194 53 
2031 1195 1062 1056 1196 
2032 1197 1198 346 345 
2033 1199 1200 1201 38 
2034 1175 1178 1202 1203 
2035 1162 1204 1205 1206 
2036 1207 1208 1028 1209 
2037 1210 1211 107 77 
2038 1112 1211 106 107 
2039 1197 1212 1213 1198 
2040 1214 407 1215 406 
2041 1216 1217 1218 1219 
2042 1220 1221 1222 1223 
2043 1224 1225 1226 1227 
2044 1228 1229 1230 1231 
2045 1063 1232 1066 1233 
2046 1234 2 1175 1235 
2047 1063 1066 1065 1233 
2048 1236 375 1237 376 
2049 1238 1239 1240 1156 
2050 1241 1242 1243 1244 
2051 1156 1158 1049 137 
2052 1182 1245 1246 1247 
2053 1248 1249 1250 1251 
2054 1252 212 249 250 
2055 1233 65 1253 41 
2056 1254 105 75 74 
2057 1255 31 32 15 
2058 1256 1257 1258 1259 
2059 1254 1239 1156 1260 
2060 1045 1047 1261 1046 
2061 1262 407 392 406 
2062 1263 1264 1265 1266 
2063 1267 1007 1268 1269 
2064 1157 1270 1271 1272 
2065 1273 1274 1275 1215 
2066 1276 1277 988 314 
2067 1150 1151 1278 1152 
2068 1279 1280 1281 1282 
2069 1283 1284 1285 1286 
2070 1220 1287 1288 1289 
2071 1063 65 93 94 
2072 1290 144 180 145 
2073 999 1291 1292 1242 
2074 1270 1293 1294 1295 
2075 1296 1297 330 357 
2076 1298 1299 1300 1301 
2077 1302 1303 295 327 
2078 1304 1305 1306 367 
2079 1307 1308 1309 1310 
2080 1311 1312 1313 1314 
2081 1315 1316 1288 1289 
2082 1317 1318 1284 1275 
2083 1190 1319 72 102 
2084 1320 47 1160 48 
2085 1321 157 123 122 
2086 1322 1323 1309 1324 
2087 1325 994 116 115 
2088 1141 1326 1327 1328 
2089 1260 1329 1330 1331 
2090 1035 1332 1333 1036 
2091 1334 401 400 412 
2092 1335 1103 1191 1336 
2093 995 1337 996 998 
2094 1157 1338 1271 1049 
2095 1339 299 266 265 
2096 1340 1341 168 205 
2097 1273 1274 1318 1275 
2098 1342 416 415 417 
2099 1343 1344 1345 279 
2100 1346 1347 1348 100 
2101 1349 148 1350 184 
2102 1351 1221 1220 1223 
2103 1352 1107 1353 1354 
2104 1114 1340 1341 168 
2105 1355 1105 1187 1106 
2106 1356 1357 1358 1359 
2107 1360 1303 1302 1361 
2108 1063 65 1065 93 
2109 1362 1153 1278 1363 
2110 1065 1364 1365 1066 
2111 1366 1367 1168 1368 
2112 1369 1370 1348 1347 
2113 1371 1372 1373 372 
2114 1374 1375 1131 1376 
2115 1377 1188 1186 1378 
2116 1379 1286 1262 1380 
2117 1381 1382 1383 1384 
2118 1074 1010 1385 1386 
2119 1387 306 1388 337 
2120 1389 1390 1391 1203 
2121 1392 1393 1394 1215 
2122 1073 1289 1288 1287 
2123 1325 117 1395 85 
2124 1382 1396 1397 1398 
2125 1065 65 64 93 
2126 1399 1400 1376 1401 
2127 1402 1403 1404 1405 
2128 1406 229 192 191 
2129 1065 1233 1365 64 
2130 1111 1156 1294 138 
2131 1407 1408 1409 1303 
2132 1214 1215 1394 406 
2133 1410 1409 262 296 
2134 1065 1066 1365 1233 
2135 1411 1412 1121 1413 
2136 1414 1415 1295 1416 
2137 1417 1210 1211 107 
2138 1166 1138 1140 1418 
2139 1063 1232 1233 1253 
2140 1402 1419 1420 1403 
2141 1063 1233 65 1253 
2142 1421 325 292 324 
2143 1048 1270 1294 1295 
2144 1007 1123 1422 1269 
2145 1423 1069 1424 1425 
2146 1426 1427 1428 1429 
2147 1430 239 1431 240 
2148 1432 1368 1100 1101 
2149 1433 251 285 286 
2150 1369 1228 1434 1347 
2151 1435 1436 1437 1438 
2152 1385 1008 1124 1010 
2153 71 1439 46 1190 
2154 1440 112 81 111 
2155 1011 1014 1441 1442 
2156 1195 1443 1444 1445 
2157 1446 1413 1447 1448 
2158 1141 374 1449 373 
2159 1450 63 1451 1452 
2160 1453 1454 1455 1456 
2161 1063 66 1457 1232 
2162 1458 1179 1459 1193 
2163 1460 1148 255 256 
2164 1461 1326 1327 350 
2165 1344 242 278 243 
2166 1462 1463 1057 1056 
2167 1464 1465 1142 1364 
2168 1466 1467 1200 20 
2169 1437 1468 1438 1436 
2170 1025 223 224 187 
2171 1469 286 285 318 
2172 1470 1471 1472 1473 
2173 1465 1065 1464 1064 
2174 1474 1251 36 35 
2175 1464 1364 1142 92 
2176 1475 1268 1032 1476 
2177 1477 1478 1327 394 
2178 1479 117 1325 116 
2179 1334 1419 1480 1481 
2180 1451 1482 1483 1199 
2181 53 1484 54 1194 
2182 1464 1485 1142 1465 
2183 1486 1388 1487 1488 
2184 1489 1490 1491 1492 
2185 1493 1494 1266 1424 
2186 1495 385 364 363 
2187 1343 1496 1345 1344 
2188 1040 1497 1498 1499 
2189 1464 1465 1064 1500 
2190 1130 1131 1243 1132 
2191 1464 1064 125 1500 
2192 99 1347 1434 70 
2193 1479 151 117 150 
2194 1229 1501 1502 1231 
2195 1503 1080 1504 1505 
2196 1506 1507 1467 37 
2197 1280 1062 1508 1061 
2198 1464 125 1064 93 
2199 78 1459 1509 1441 
2200 1510 90 62 61 
2201 1511 1311 1512 1513 
2202 1514 1515 1516 1517 
2203 1518 1519 1520 1415 
2204 1521 1522 1523 1524 
2205 1198 1525 391 370 
2206 986 984 354 1526 
2207 1433 250 285 251 
2208 1527 1251 1040 1041 
2209 1528 382 381 1481 
2210 1335 1103 1336 1529 
2211 1530 1531 1532 208 
2212 1532 1533 1534 1535 
2213 1536 1537 1538 1109 
2214 1539 1388 1540 1428 
2215 1541 1542 1543 1544 
2216 1545 1546 1547 1548 
2217 1549 1550 1551 1552 
2218 1390 1234 1553 1554 
2219 1555 1031 1033 1556 
2220 1557 351 322 321 
2221 1530 1532 246 208 
2222 47 1190 46 1192 
2223 1558 1367 1225 1559 
2224 1006 155 1560 190 
2225 1001 1561 1562 1244 
2226 1563 1054 1564 1529 
2227 1214 1394 1565 405 
2228 1566 1281 1280 1567 
2229 1568 1127 1569 217 
2230 1252 1433 251 250 
2231 1570 1571 1572 1110 
2232 1220 1573 1222 1574 
2233 1530 1575 1535 1050 
2234 1530 209 208 246 
2235 1246 1313 1576 1247 
2236 1577 284 1578 285 
2237 1479 1468 117 151 
2238 1517 1579 1139 1580 
2239 1470 1581 1582 1132 
2240 1373 373 392 393 
2241 1583 1071 1219 1584 
2242 1585 407 394 393 
2243 1223 1586 1587 1588 
2244 1589 395 992 396 
2245 1590 1001 33 32 
2246 1591 1592 1593 1594 
2247 1595 1596 1597 1598 
2248 1599 218 219 182 
2249 1199 38 1201 62 
2250 1557 1461 351 350 
2251 1035 1044 1333 1332 
2252 1234 1203 1600 1506 
2253 1348 1370 1552 1115 
2254 1332 1601 1602 1556 
2255 1603 399 1481 381 
2256 1579 997 1604 1605 
2257 1606 1433 1216 1217 
2258 1329 1607 1608 1609 
2259 1587 351 1236 352 
2260 1371 1072 1373 1372 
2261 1610 264 298 265 
2262 1216 1433 252 251 
2263 1389 1391 1611 1612 
2264 1234 1613 1600 1390 
2265 1614 139 138 174 
2266 1615 1616 1037 1617 
2267 1618 1619 1620 1079 
2268 1621 1027 175 211 
2269 1095 193 157 156 
2270 1622 1623 1624 1625 
2271 987 1626 1627 343 
2272 1102 1161 1432 1164 
2273 1628 1629 1630 1631 
2274 1632 1025 1633 1092 
2275 1634 364 1495 385 
2276 1026 1012 1635 1028 
2277 1636 152 1637 153 
2278 1638 1186 1187 1308 
2279 1639 1640 1641 1293 
2280 1417 108 1210 107 
2281 1557 320 349 350 
2282 1181 1193 53 52 
2283 1642 1643 1644 1177 
2284 1027 1645 1012 1646 
2285 1647 1530 209 1048 
2286 1638 1307 1648 1310 
2287 1288 1221 1268 1649 
2288 1291 1497 1040 1499 
2289 1511 1650 1651 1652 
2290 1411 1653 1654 1509 
2291 1334 1481 399 400 
2292 987 988 990 1080 
2293 1655 1543 1656 1208 
2294 1004 1657 1658 1659 
2295 316 1660 1661 1662 
2296 1663 1664 1665 1666 
2297 1129 182 181 218 
2298 1667 1616 1668 1037 
2299 1534 1669 1670 1671 
2300 1218 1578 1672 1584 
2301 1530 1048 1050 209 
2302 1032 1288 1268 1124 
2303 1600 1234 8 9 
2304 1530 1050 1048 1575 
2305 1673 1629 1674 1675 
2306 1029 1415 1119 1676 
2307 1377 1677 1308 1310 
2308 1294 173 137 172 
2309 1479 1678 1468 151 
2310 1200 39 20 38 
2311 1679 1528 1680 358 
2312 1681 233 1020 232 
2313 1623 1682 1683 1684 
2314 1338 1563 1157 1272 
2315 1055 1685 1686 1058 
2316 1366 1167 1168 1687 
2317 1673 1688 1689 1690 
2318 1541 179 1691 1692 
2319 1169 1170 1132 1167 
2320 1334 1693 1480 1694 
2321 1045 1261 1695 1046 
2322 1696 1697 1698 331 
2323 1699 48 49 28 
2324 1479 1678 151 150 
2325 1460 255 1148 1700 
2326 1205 1437 1468 1395 
2327 1157 1701 1158 1260 
2328 1702 1703 1704 1705 
2329 1276 315 1661 282 
2330 1320 48 1160 1609 
2331 1463 1706 1404 1707 
2332 1097 1125 1708 83 
2333 1543 1209 1208 1709 
2334 1324 1323 1308 1710 
2335 1711 1163 88 60 
2336 1051 1054 1712 1564 
2337 1131 1247 1375 1245 
2338 1504 1212 1505 1713 
2339 1699 27 48 28 
2340 1304 389 388 404 
2341 1714 1715 1675 1716 
2342 1252 251 213 250 
2343 1714 1715 1717 1675 
2344 1534 1535 1533 1718 
2345 1719 1720 1721 1491 
2346 1685 1603 1057 398 
2347 1143 1722 90 91 
2348 1334 1693 1481 1480 
2349 988 990 1080 989 
2350 1608 1607 1723 1609 
2351 1032 1315 1008 1724 
2352 1329 1609 1725 1699 
2353 1726 1230 1727 1231 
2354 1728 74 1609 48 
2355 1729 1730 1097 113 
2356 1731 127 1732 95 
2357 1144 266 300 267 
2358 147 1314 183 1599 
2359 1733 1268 1734 1316 
2360 1399 1400 1735 1125 
2361 1662 1672 1044 1736 
2362 1737 1738 1428 1278 
2363 1309 1308 1677 1310 
2364 1739 1740 1741 142 
2365 1726 1347 1439 71 
2366 1159 175 1645 140 
2367 1673 1690 1689 1398 
2368 1742 1282 1279 1743 
2369 1306 1381 1744 366 
2370 1673 1690 1629 1745 
2371 1442 1423 1424 1210 
2372 1746 1747 1344 1496 
2373 1748 155 121 154 
2374 1673 1629 1675 1745 
2375 1749 1750 1751 1752 
2376 1503 1080 1079 990 
2377 1658 1753 259 293 
2378 1754 1755 1756 1757 
2379 1758 273 1759 238 
2380 1760 1761 1762 1178 
2381 1181 1763 1484 1194 
2382 220 1764 1149 219 
2383 1334 1765 401 412 
2384 1766 1655 1122 1120 
2385 1449 349 348 373 
2386 1767 154 1748 121 
2387 1673 1674 1629 1398 
2388 1768 1232 1769 1770 
2389 1165 1406 1166 230 
2390 1068 1424 1069 1425 
2391 1147 301 302 268 
2392 1758 1759 1771 238 
2393 1351 1772 1733 1221 
2394 1228 1501 1369 1773 
2395 1774 1775 1737 1776 
2396 1777 1778 1211 1425 
2397 1662 1779 1736 1044 
2398 1780 1498 1545 1204 
2399 1668 1379 1380 1286 
2400 1636 1637 1468 1436 
2401 1781 1363 1782 1147 
2402 1725 1723 1778 50 
2403 28 1378 1323 1699 
2404 1783 1538 1784 1109 
2405 1205 1395 1043 1499 
2406 1638 1710 1068 1307 
2407 1785 1414 1621 1786 
2408 1696 1698 1697 1787 
2409 1083 1788 1296 1297 
2410 1011 1741 1740 142 
2411 1673 1716 1675 1674 
2412 1599 1148 1129 1764 
2413 1463 1462 1679 1086 
2414 406 1262 407 1215 
2415 1735 1479 994 1789 
2416 1181 1194 1458 1763 
2417 1013 1012 1027 1645 
2418 1530 1533 1535 1575 
2419 1475 1569 1568 1127 
2420 1307 1473 1472 1324 
2421 1790 392 1380 372 
2422 1622 1615 1285 1624 
2423 1468 1479 1791 1678 
2424 1654 1193 1459 79 
2425 1792 1793 1647 1295 
2426 1778 51 50 76 
2427 1794 159 125 124 
2428 1578 284 317 285 
2429 1795 1796 1797 1798 
2430 1799 1800 1801 1802 
2431 1634 1688 1714 1675 
2432 1790 1525 1198 1803 
2433 1276 1804 1805 1277 
2434 1806 273 1387 307 
2435 1807 1635 1808 213 
2436 1588 1460 1809 1700 
2437 1634 1810 385 1495 
2438 1650 1730 1811 1652 
2439 1477 1585 1478 394 
2440 1662 1812 1660 1779 
2441 1813 1189 1188 1814 
2442 1815 1816 1817 41 
2443 1818 1587 352 323 
2444 1713 1812 1779 1660 
2445 995 997 1279 998 
2446 1819 1820 1769 1490 
2447 1821 1822 1823 1773 
2448 1453 1817 1816 41 
2449 1113 76 75 106 
2450 1510 62 1201 61 
2451 1824 362 1825 1826 
2452 1234 2 1506 19 
2453 1634 1714 1688 386 
2454 1827 1828 1179 1322 
2455 1829 1830 1353 1823 
2456 1685 1686 1317 1831 
2457 1832 1806 1298 1833 
2458 1664 1834 1835 1836 
2459 1634 1810 1714 386 
2460 1634 1675 1495 1745 
2461 1486 364 1688 365 
2462 1486 1688 1689 365 
2463 1837 1402 1680 1706 
2464 1389 1838 1613 1466 
2465 1839 1840 169 134 
2466 1255 1841 1484 31 
2467 1842 1092 1843 1025 
2468 998 1170 1435 1844 
2469 1612 1203 1611 1845 
2470 1846 349 1557 320 
2471 1369 1822 1847 1370 
2472 1357 1848 1849 1358 
2473 1850 1623 1795 1628 
2474 1851 1813 11 10 
2475 293 1421 258 1003 
2476 1784 1110 1852 1107 
2477 1853 311 278 277 
2478 1420 1680 1403 1528 
2479 1034 1854 1350 1855 
2480 1087 1496 1856 1857 
2481 1858 1859 1457 95 
2482 1320 47 48 27 
2483 1650 1313 1811 1314 
2484 1757 1860 1861 1862 
2485 1863 292 258 257 
2486 1669 1864 1865 1671 
2487 1654 53 1194 1193 
2488 1866 1867 1868 1802 
2489 1539 1869 304 305 
2490 1407 1870 1604 1871 
2491 1440 81 1729 1016 
2492 1197 1046 1213 1212 
2493 1219 1209 1601 1332 
2494 1402 1404 1403 1706 
2495 1320 1192 47 27 
2496 1849 1145 1872 1873 
2497 1208 1012 1646 1028 
2498 1417 141 108 107 
2499 1303 1408 328 1874 
2500 1728 1160 1319 73 
2501 1164 1636 1875 119 
2502 1734 1876 1877 1127 
2503 1440 112 1878 1512 
2504 1172 1173 1174 1830 
2505 1618 1879 1503 1525 
2506 1276 1805 1661 1660 
2507 1851 4 1880 1554 
2508 49 1777 1607 1723 
2509 1246 1576 1149 1881 
2510 1093 1882 1321 1883 
2511 1489 1884 1490 1862 
2512 1230 1231 1229 1885 
2513 1276 1804 1661 1805 
2514 1673 1886 1629 1690 
2515 1040 1043 1887 1499 
2516 1534 1857 1670 1669 
2517 1331 1888 1329 1889 
2518 1890 1891 1833 1776 
2519 1818 1892 1893 324 
2520 1045 347 1371 318 
2521 1165 266 1894 1895 
2522 1003 1005 1855 1896 
2523 1897 1898 1899 1900 
2524 1471 1901 1763 1473 
2525 1902 1206 1043 86 
2526 1583 1044 1071 1584 
2527 197 1903 234 196 
2528 1169 1498 1497 1499 
2529 1153 1154 333 302 
2530 1317 1831 1694 1480 
2531 1904 1803 1879 1905 
2532 1906 1907 1908 1766 
2533 1893 324 291 323 
2534 1279 1743 1909 1910 
2535 1576 1599 1034 1314 
2536 1049 137 1158 136 
2537 999 1708 1241 1242 
2538 1614 173 1294 174 
2539 1636 1875 119 153 
2540 1911 1630 1795 1797 
2541 993 408 1273 416 
2542 1525 1905 391 370 
2543 1912 1337 1909 1913 
2544 1144 1914 267 268 
2545 1851 1880 1189 1554 
2546 1915 348 319 318 
2547 1831 1342 1275 1694 
2548 1677 5 14 6 
2549 1851 11 4 10 
2550 1840 134 133 168 
2551 1711 61 38 60 
2552 1916 1245 1131 1185 
2553 1851 4 1554 10 
2554 1880 1377 1310 1644 
2555 1917 1256 1918 1919 
2556 1053 1024 1920 1022 
2557 1921 1922 1594 1923 
2558 1022 1264 1924 1265 
2559 1925 1257 1926 1555 
2560 1622 1285 1615 1927 
2561 1335 1928 1701 1338 
2562 1819 1929 1720 1522 
2563 1335 1930 1103 1550 
2564 1931 332 359 360 
2565 1461 350 375 351 
2566 1932 268 232 267 
2567 1048 1785 173 210 
2568 1933 1309 1841 14 
2569 1934 1773 1784 1847 
2570 1777 1607 1113 75 
2571 1670 1865 1935 1341 
2572 1667 1072 1668 1379 
2573 1519 1415 1936 1676 
2574 1880 1186 1189 1202 
2575 1577 249 284 250 
2576 1937 1284 1938 1939 
2577 226 1940 1941 1942 
2578 1777 1211 1113 1425 
2579 1536 1491 1943 1522 
2580 1417 1112 106 107 
2581 1317 1480 1944 1058 
2582 1342 415 1214 417 
2583 1658 1421 1753 293 
2584 1291 1040 1887 1499 
2585 1905 370 390 391 
2586 1153 1278 1363 1945 
2587 1315 1008 1073 1289 
2588 1946 1665 1947 1948 
2589 1949 1950 1701 1338 
2590 1519 1695 1578 284 
2591 1420 382 1680 1528 
2592 1951 1091 1657 1753 
2593 1685 1831 1693 411 
2594 1912 1952 1953 1743 
2595 1595 1490 1489 1954 
2596 1566 1955 1697 1787 
2597 1541 1956 1957 178 
2598 1906 1412 1750 1447 
2599 1933 1677 1644 1310 
2600 1335 1701 1928 1529 
2601 1626 1305 1958 368 
2602 1335 1701 1950 1338 
2603 991 410 1055 397 
2604 1777 1608 1778 1425 
2605 1004 1658 1003 1863 
2606 1959 1305 1306 1620 
2607 1440 1729 112 1512 
2608 1335 1549 1928 1338 
2609 1379 1262 1373 1380 
2610 1960 1961 1962 1963 
2611 1741 177 142 141 
2612 1785 1415 1414 1786 
2613 1964 1965 1966 401 
2614 1174 68 43 67 
2615 1331 1329 1330 1889 
2616 1097 148 114 147 
2617 211 1936 212 249 
2618 1181 53 1484 32 
2619 1099 1900 190 189 
2620 1059 1967 1256 1968 
2621 1735 1479 1791 1395 
2622 1335 1549 1550 1928 
2623 1402 1969 1706 1837 
2624 1378 1888 1320 1187 
2625 1433 251 286 252 
2626 1467 19 20 8 
2627 1731 126 127 94 
2628 1970 242 204 241 
2629 1307 1472 1643 1324 
2630 1406 1580 1138 1418 
2631 1263 1054 1053 1641 
2632 1588 1460 255 256 
2633 1971 1373 1141 1449 
2634 1227 1558 1225 1884 
2635 1972 146 1973 1311 
2636 1878 1974 1513 1290 
2637 1049 137 171 172 
2638 1749 1975 1878 111 
2639 1333 1036 1332 1601 
2640 1976 1293 1639 1641 
2641 1764 1876 1877 1312 
2642 1977 302 1147 1153 
2643 1304 368 1305 367 
2644 1215 1585 1262 407 
2645 1322 1309 1323 1841 
2646 1933 1309 1677 1310 
2647 1790 1394 1803 1393 
2648 1493 1641 1976 1639 
2649 1423 1069 1458 1509 
2650 1978 1979 1980 129 
2651 1978 1980 1858 129 
2652 1663 340 1981 310 
2653 1073 1287 1288 1008 
2654 1304 1079 1620 1305 
2655 1724 1219 1209 1601 
2656 30 1181 1180 1841 
2657 1131 1982 1376 1401 
2658 1983 1337 1984 1985 
2659 1986 1712 1987 1847 
2660 1163 1988 1548 1989 
2661 1442 1112 1990 1646 
2662 1760 1178 1235 1203 
2663 1198 1212 989 345 
2664 1286 1585 1215 1274 
2665 1991 1722 91 62 
2666 1233 64 65 41 
2667 1059 1060 1967 1968 
2668 1236 1461 375 351 
2669 1978 1868 1979 129 
2670 406 1262 1215 1393 
2671 1944 1480 1992 1058 
2672 1349 148 184 149 
2673 1993 1383 1663 1381 
2674 1484 1194 1763 1413 
2675 1099 1994 153 1875 
2676 1583 1118 1119 1676 
2677 1246 1576 1313 1312 
2678 1527 1041 1040 1204 
2679 1045 1578 1469 1584 
2680 1668 1373 1072 1372 
2681 1035 1044 1332 1736 
2682 1021 1023 1022 1264 
2683 1778 76 1211 77 
2684 1236 375 376 351 
2685 1434 1822 1369 1347 
2686 1525 1198 989 345 
2687 1978 1866 1829 1868 
2688 1970 242 1340 204 
2689 1978 1829 1979 1868 
2690 1995 1402 1872 1404 
2691 1530 1535 1531 1050 
2692 1049 1864 171 136 
2693 1583 1118 1209 1119 
2694 1810 1765 402 401 
2695 1978 1830 1980 1979 
2696 1566 1145 1849 1137 
2697 1933 1643 1841 1309 
2698 1996 1620 1997 1382 
2699 1974 1908 1751 1513 
2700 1192 26 46 47 
2701 1566 1281 1998 1280 
2702 1493 1266 1494 1263 
2703 1813 11 24 25 
2704 1999 1465 2000 1485 
2705 1999 2001 1465 1485 
2706 78 1459 1441 108 
2707 1670 1671 1669 1865 
2708 1043 58 85 86 
2709 1640 1272 1052 1718 
2710 1306 367 1381 366 
2711 1049 171 137 136 
2712 1185 1337 998 1435 
2713 1055 1686 1196 1058 
2714 1055 397 398 379 
2715 1032 1268 1734 1476 
2716 1589 1237 2002 2003 
2717 1403 1528 1680 2004 
2718 1412 1413 1194 2005 
2719 1627 1958 2006 369 
2720 1999 2001 2007 1465 
2721 1331 1336 1106 1330 
2722 1076 1077 1304 2008 
2723 1307 1473 1070 2009 
2724 1815 22 1817 9 
2725 1144 300 301 267 
2726 1846 348 1449 349 
2727 1440 81 1016 2005 
2728 1999 1224 2000 1465 
2729 1234 1175 1202 1203 
2730 1348 1552 1840 1115 
2731 1999 2000 1558 2010 
2732 1999 1558 2001 2010 
2733 1999 2007 1224 1465 
2734 1822 1773 1784 1823 
2735 1512 1290 146 145 
2736 1175 1642 1762 7 
2737 1704 241 1705 1703 
2738 1175 1177 1644 1202 
2739 1416 1533 1718 1804 
2740 1711 1200 20 38 
2741 1283 1284 1286 1215 
2742 1076 390 389 405 
2743 2011 2012 1834 1835 
2744 1276 2013 988 1277 
2745 1224 1066 1226 1364 
2746 1815 1817 22 41 
2747 1845 2014 1582 1761 
2748 1392 1879 1803 1616 
2749 993 416 410 409 
2750 1181 1180 1458 1193 
2751 1356 1139 1517 1358 
2752 1719 2015 1962 2016 
2753 1393 406 392 391 
2754 1999 1485 2000 2017 
2755 993 1273 1831 416 
2756 1307 1648 1310 1643 
2757 2018 2019 1299 2020 
2758 2021 2022 1717 1631 
2759 1709 1555 1033 1556 
2760 1917 1918 1256 1625 
2761 1532 2023 1534 2024 
2762 2025 1520 1736 1415 
2763 2026 1598 1597 1105 
2764 1402 1931 1420 2027 
2765 2028 1561 17 34 
2766 1006 1560 1900 190 
2767 1327 350 374 375 
2768 1199 1991 63 62 
2769 1629 1715 1996 1716 
2770 1932 1895 1146 267 
2771 2029 1623 1624 1683 
2772 1764 1877 1973 1312 
2773 1228 1501 1726 1439 
2774 1662 1695 1812 1044 
2775 1662 1660 1661 1520 
2776 1825 362 334 361 
2777 1224 2007 1064 1465 
2778 1696 1788 1297 330 
2779 1518 1936 1519 1415 
2780 1224 1227 1226 1066 
2781 1216 2030 1219 2031 
2782 1065 64 1365 92 
2783 1195 1443 1445 1574 
2784 1977 302 1153 303 
2785 1113 1211 76 106 
2786 1729 1652 1097 1730 
2787 2032 1800 2020 1523 
2788 1808 1216 252 251 
2789 1222 1287 2033 1461 
2790 1030 1246 1245 1312 
2791 1408 296 328 329 
2792 144 2034 179 1692 
2793 1533 1793 1647 246 
2794 1639 1240 1270 1294 
2795 1018 1591 195 2035 
2796 1430 202 239 240 
2797 1668 1380 1379 1373 
2798 1880 1186 1202 1177 
2799 2036 1542 1541 1691 
2800 1976 2025 1414 1416 
2801 2037 1737 2038 1278 
2802 102 1839 1949 135 
2803 1542 1216 1957 2031 
2804 1192 1355 1726 1727 
2805 1754 1638 1186 1187 
2806 1740 1653 2039 1509 
2807 1021 2040 1258 1919 
2808 1685 1831 1317 1480 
2809 1518 1647 1792 1793 
2810 2041 157 2042 158 
2811 1409 296 1408 297 
2812 1111 1112 1238 1239 
2813 2043 2044 341 311 
2814 1065 1364 1464 92 
2815 1845 2014 1176 1472 
2816 1685 1693 1603 399 
2817 1851 1189 2045 1554 
2818 1793 247 1647 246 
2819 1198 391 371 370 
2820 1415 1736 1519 1520 
2821 1902 1395 118 86 
2822 2046 1100 2047 1767 
2823 1577 1252 249 250 
2824 1134 1438 1678 1468 
2825 1423 1509 2048 1069 
2826 1059 1257 1184 2049 
2827 1315 2050 1289 1601 
2828 1088 1571 2051 2052 
2829 1845 1203 1611 1755 
2830 2053 244 1343 279 
2831 1397 1797 1886 1798 
2832 1257 1259 1289 1031 
2833 1527 1040 1248 1204 
2834 1613 9 1553 1234 
2835 1474 36 18 35 
2836 309 2054 275 1666 
2837 1441 1653 1740 1509 
2838 1198 370 371 345 
2839 1626 342 368 343 
2840 1841 30 31 15 
2841 1129 1127 1877 1876 
2842 1921 1945 1922 1363 
2843 1510 1161 89 61 
2844 1468 1395 117 118 
2845 1342 1275 1214 1273 
2846 1339 1140 1166 1138 
2847 2055 1361 1742 1302 
2848 1754 1889 1638 1187 
2849 1224 1364 2000 1465 
2850 1477 393 374 373 
2851 1662 1736 1660 1520 
2852 1273 1274 1215 1585 
2853 2056 1838 1613 1817 
2854 2057 305 2058 306 
2855 1812 345 1212 346 
2856 1343 2059 1344 243 
2857 1904 1803 1392 1879 
2858 1639 1641 1640 1270 
2859 2006 1304 1905 389 
2860 2060 2061 2062 1922 
2861 992 1585 1273 408 
2862 1453 2056 1253 1816 
2863 2053 2063 2064 2065 
2864 2066 2067 2068 1500 
2865 1807 1741 1026 176 
2866 1314 148 147 183 
2867 1603 1480 1992 1403 
2868 1132 1133 1167 1170 
2869 1501 1502 1598 1104 
2870 1071 1074 1047 1072 
2871 2069 2070 997 1279 
2872 293 1421 1003 1658 
2873 1095 193 2071 157 
2874 1276 282 1661 281 
2875 1305 341 367 342 
2876 1291 1042 1250 1000 
2877 1530 246 1532 2063 
2878 1353 131 1082 98 
2879 1936 1792 248 211 
2880 2056 1817 1815 1816 
2881 1111 1159 1112 106 
2882 1331 1330 1106 1889 
2883 1051 1054 1564 1052 
2884 1472 1307 1648 1473 
2885 1840 1341 169 168 
2886 2072 2073 1811 1652 
2887 1754 1105 1889 1187 
2888 1197 1380 1790 1198 
2889 1374 2074 1131 1375 
2890 1749 79 1654 110 
2891 1808 1252 251 213 
2892 2002 2033 1937 2003 
2893 1959 1620 1382 1384 
2894 2075 1342 1694 1275 
2895 2056 1815 1613 1816 
2896 1822 1107 1784 1847 
2897 1519 1578 1577 284 
2898 989 315 344 345 
2899 2076 2077 2078 1775 
2900 1048 172 209 173 
2901 1048 209 1647 210 
2902 1819 1801 1929 1800 
2903 1064 1929 1731 1500 
2904 1735 1399 1130 1791 
2905 1330 1701 1260 1331 
2906 1706 1969 1787 1837 
2907 987 990 1626 1080 
2908 2056 1817 1613 1815 
2909 1132 1926 1167 1133 
2910 1060 1992 1707 2079 
2911 2028 1176 2014 1472 
2912 2062 1923 2016 2080 
2913 1477 1373 393 373 
2914 1586 1222 1221 1223 
2915 1902 1164 119 1636 
2916 1348 1115 1840 133 
2917 1111 1614 1238 1159 
2918 2081 244 1343 2023 
2919 2012 2082 1856 1496 
2920 1713 989 1212 345 
2921 1018 1485 2017 2041 
2922 2083 310 277 276 
2923 1175 2 3 1 
2924 2056 1816 1613 1466 
2925 2056 1613 1838 1466 
2926 1542 1957 1543 2031 
2927 1164 1102 120 119 
2928 1223 1588 2084 1221 
2929 1673 1744 1674 1398 
2930 2081 1340 1935 2059 
2931 1976 1332 1053 1556 
2932 1197 1198 1213 1372 
2933 1477 374 1141 373 
2934 1311 1729 1512 1730 
2935 2085 2086 1681 2035 
2936 1737 1539 2057 1869 
2937 1395 85 117 86 
2938 1532 1671 1534 2023 
2939 79 78 1509 1653 
2940 2056 1817 2087 1838 
2941 1251 1780 1527 1248 
2942 1769 1490 1954 1492 
2943 1541 179 1739 178 
2944 1943 2016 1923 2080 
2945 1102 1161 1767 1432 
2946 2056 2087 1454 1838 
2947 2088 1753 2055 2089 
2948 139 1621 175 174 
2949 1780 1545 1547 1507 
2950 2083 310 2044 311 
2951 2090 308 1806 307 
2952 1390 1391 1755 2087 
2953 1217 1385 1124 1010 
2954 2056 1817 1454 2087 
2955 1460 1893 2084 2091 
2956 1767 1510 2047 1989 
2957 1292 1125 994 115 
2958 1583 1672 1044 1584 
2959 2092 24 43 44 
2960 1477 1141 1373 373 
2961 1097 1729 1016 1652 
2962 1867 1109 1537 1492 
2963 2028 1255 1642 1176 
2964 1036 2050 1602 1601 
2965 1925 1555 2093 2094 
2966 1076 404 1077 1078 
2967 2062 1923 1848 2016 
2968 1197 1380 1372 372 
2969 1100 1515 1882 1748 
2970 1478 1237 1327 394 
2971 1936 212 1252 1786 
2972 1083 1086 1679 1084 
2973 1142 2041 1485 124 
2974 1801 163 128 162 
2975 1595 1862 1490 1954 
2976 1996 1619 1620 2008 
2977 1696 1339 1698 1787 
2978 2095 1025 224 187 
2979 1586 322 1588 1422 
2980 1698 331 1837 332 
2981 1373 372 392 373 
2982 1142 1364 1991 92 
2983 1093 1883 2047 1882 
2984 2096 1939 1937 1938 
2985 1417 106 1112 1159 
2986 1543 1209 1033 1724 
2987 2097 1717 1684 1965 
2988 1168 2098 1687 1167 
2989 1159 1646 1238 1112 
2990 1142 1991 1364 2000 
2991 1937 1461 2033 1287 
2992 1813 26 2099 12 
2993 1474 36 1251 37 
2994 1595 1597 1757 1860 
2995 2018 1776 1774 1299 
2996 2055 2089 1657 2100 
2997 1650 1811 1730 1314 
2998 1130 1169 1497 1499 
2999 2018 2032 2101 2020 
3000 1222 1236 2102 1461 
3001 1781 1147 1782 1145 
3002 1131 1399 1243 1376 
3003 1657 1658 1091 1896 
3004 1897 1101 1100 1368 
3005 1453 1171 2103 1253 
3006 1085 1083 1508 1874 
3007 1850 1918 1623 2104 
3008 1748 1897 1100 1515 
3009 2105 165 2106 164 
3010 1856 2024 2107 1718 
3011 1006 1406 191 229 
3012 1621 1027 1646 1645 
3013 1508 1062 1444 1061 
3014 1175 6 1642 7 
3015 1076 1394 390 405 
3016 1532 2053 2024 2063 
3017 1922 1681 2086 2108 
3018 1949 1338 1701 1158 
3019 1155 361 333 360 
3020 1711 1200 1547 1467 
3021 1897 1515 996 1368 
3022 1091 222 260 223 
3023 1521 1522 2109 1800 
3024 1467 1507 20 37 
3025 1395 85 1043 1887 
3026 992 1318 993 1273 
3027 1059 1256 1967 2110 
3028 1848 2069 2070 1358 
3029 2018 2032 2076 2101 
3030 1636 1468 1205 1436 
3031 1976 1556 1209 1119 
3032 1760 1249 1762 1761 
3033 1494 1424 1067 1266 
3034 1104 1889 1265 2009 
3035 1045 1261 1371 347 
3036 1846 348 349 319 
3037 2039 1122 1121 1752 
3038 1713 1212 1812 345 
3039 1990 1260 1068 1266 
3040 2018 1776 1758 2101 
3041 1724 2030 1033 1543 
3042 1628 1623 2111 2104 
3043 2018 1758 1299 2101 
3044 2018 1776 1299 1758 
3045 1447 1413 1412 1448 
3046 1667 1073 1379 1328 
3047 1001 34 33 56 
3048 1414 1027 1621 1786 
3049 2112 2062 1357 1922 
3050 1329 1723 1608 1725 
3051 1013 1014 140 141 
3052 2113 1536 1537 1538 
3053 2114 2115 1870 297 
3054 2116 1834 1382 1081 
3055 2046 2047 1989 1767 
3056 1615 1616 2117 1037 
3057 2018 2076 1776 2101 
3058 1531 1049 171 172 
3059 1377 1677 1378 1308 
3060 1404 2118 2111 2104 
3061 2119 2118 2021 1405 
3062 1099 1748 1100 1102 
3063 1241 1447 1471 1243 
3064 1808 252 214 251 
3065 1193 52 78 79 
3066 1855 1092 1789 185 
3067 2120 2121 1895 2108 
3068 1214 405 1565 414 
3069 1279 2100 1909 1184 
3070 1680 330 358 331 
3071 2119 2021 2118 1631 
3072 1366 1367 1516 1559 
3073 1165 1166 1894 266 
3074 2122 1818 352 353 
3075 1632 1091 260 223 
3076 1406 1138 1166 1418 
3077 1713 315 345 316 
3078 1866 1492 1783 1109 
3079 1577 284 285 250 
3080 1819 1490 1769 1492 
3081 1739 142 1741 177 
3082 1254 1728 103 104 
3083 1094 2086 2017 2042 
3084 1210 107 108 77 
3085 1048 172 1294 1049 
3086 1039 378 2123 396 
3087 2119 1995 1405 1826 
3088 1702 1572 1431 1704 
3089 1432 1101 1100 1102 
3090 1352 131 1353 130 
3091 2037 1911 1738 1278 
3092 1341 205 206 169 
3093 1459 1828 1210 1211 
3094 1182 1184 1183 2100 
3095 2037 1921 2038 1923 
3096 1956 1740 1011 1741 
3097 1750 1447 1412 1448 
3098 1512 146 112 145 
3099 1484 1017 1194 1413 
3100 1589 1478 992 395 
3101 1014 1417 141 108 
3102 984 354 2124 377 
3103 2037 2038 1921 1278 
3104 1198 371 346 345 
3105 1315 1601 1602 2050 
3106 1714 387 2125 2126 
3107 1995 1849 1404 1872 
3108 2083 1666 309 276 
3109 1287 1222 1586 2102 
3110 1093 1096 1517 1580 
3111 2037 2038 1796 1923 
3112 1445 2127 2089 1659 
3113 1746 2011 2044 1836 
3114 2097 2075 1342 1694 
3115 1040 1041 1250 1042 
3116 1284 1274 1286 1215 
3117 1518 1792 1647 247 
3118 2042 157 194 158 
3119 1352 1354 166 1108 
3120 1298 1758 1299 1891 
3121 1890 1487 2128 1387 
3122 1855 184 1349 1350 
3123 1589 2129 1274 2002 
3124 2112 1796 1795 1848 
3125 1390 1234 1554 1202 
3126 1855 1843 1789 1092 
3127 1751 1752 1750 1122 
3128 1667 1938 2117 1939 
3129 2092 2026 1813 1727 
3130 1063 93 1064 94 
3131 1880 1202 4 1 
3132 1711 60 38 37 
3133 1756 2098 1167 2130 
3134 1207 1639 2131 1238 
3135 1906 1907 1513 1908 
3136 1267 2132 2133 253 
3137 1656 1544 1908 1692 
3138 1163 1989 1548 1201 
3139 1746 1344 1747 1853 
3140 2037 1796 2112 1923 
3141 1160 47 1319 73 
3142 2134 1709 1208 1494 
3143 39 1450 1451 1816 
3144 1940 1942 1899 1898 
3145 1195 1196 2135 1574 
3146 1627 990 2006 1958 
3147 2097 2075 2136 1765 
3148 1768 1770 1860 1454 
3149 2097 1334 1684 1694 
3150 1494 2094 1263 1266 
3151 1211 1179 1459 1828 
3152 1007 1124 1288 1008 
3153 1406 1095 2137 192 
3154 1753 260 259 294 
3155 1483 1226 2138 2139 
3156 1897 1560 1579 1096 
3157 1503 1619 1079 1080 
3158 2036 1216 1808 1957 
3159 1335 1950 1549 1338 
3160 2078 197 234 235 
3161 2138 2000 1991 1722 
3162 1768 1862 1227 1861 
3163 1179 1211 1778 1828 
3164 1723 1609 1607 49 
3165 2140 396 2123 377 
3166 1868 163 164 129 
3167 1880 1177 1644 1310 
3168 1941 226 2141 225 
3169 1724 1209 1033 1601 
3170 1414 2131 1621 1027 
3171 1304 1077 1306 1620 
3172 2124 1573 1892 1443 
3173 2142 2093 2074 2143 
3174 1937 2144 1284 1939 
3175 1339 1138 1894 1145 
3176 1663 1665 2145 1666 
3177 1390 1554 1553 2087 
3178 1807 213 1026 1635 
3179 1282 1083 1567 1408 
3180 1504 2013 1505 1080 
3181 2097 1684 1334 1965 
3182 1222 2033 1574 1573 
3183 1778 51 76 77 
3184 1168 2046 1548 1546 
3185 1583 1219 1218 1584 
3186 1959 2126 1744 1674 
3187 1067 1266 1068 2009 
3188 1035 1046 1779 1037 
3189 1197 346 1261 1812 
3190 2096 1937 2144 1287 
3191 2097 1334 1765 1965 
3192 1298 1759 1758 1891 
3193 1362 1781 1153 1363 
3194 1417 1211 1112 107 
3195 2106 1868 2146 2147 
3196 1618 1619 1879 2008 
3197 2088 1302 294 326 
3198 2097 2075 1765 412 
3199 1486 337 364 338 
3200 1040 1206 1041 1043 
3201 1590 33 16 32 
3202 1291 1249 1250 1497 
3203 1248 1761 1249 1474 
3204 1162 1527 1204 1206 
3205 1399 1376 1131 1982 
3206 1395 1043 85 86 
3207 1376 1350 2073 1247 
3208 1650 1312 1906 1313 
3209 1249 18 17 35 
3210 1042 57 1292 84 
3211 1292 1125 1325 994 
3212 1250 1000 1042 57 
3213 1375 1312 1245 1313 
3214 1632 224 1025 223 
3215 1399 1242 1292 1325 
3216 2148 2146 2149 1537 
3217 1506 19 1474 37 
3218 1780 1611 1248 1612 
3219 37 20 38 1711 
3220 1768 1860 1770 1862 
3221 1845 1582 1611 1761 
3222 37 20 1711 1507 
3223 1183 1916 1843 1913 
3224 1902 1395 1468 118 
3225 1291 1000 1244 1562 
3226 1780 1507 1527 1204 
3227 1545 1546 1204 1498 
3228 1527 59 60 37 
3229 1206 59 87 60 
3230 1206 87 59 86 
3231 2095 1136 1135 1985 
3232 1952 1871 1407 1604 
3233 1292 84 1325 85 
3234 996 997 2150 1605 
3235 1435 1133 1437 1844 
3236 1296 1788 298 330 
3237 1897 996 1101 1368 
3238 1161 88 1162 120 
3239 1983 1136 1984 1438 
3240 1951 1360 1302 1910 
3241 1091 1896 259 222 
3242 356 1462 380 379 
3243 1126 1974 1972 1877 
3244 1749 2005 1654 80 
3245 1636 1205 1875 1436 
3246 1034 221 184 220 
3247 1195 1967 1445 1062 
3248 2140 352 1236 376 
3249 1751 1513 1908 1122 
3250 1302 295 294 327 
3251 1912 1909 1843 1913 
3252 1060 1062 1280 1061 
3253 1658 1091 1896 259 
3254 1952 1360 2151 1953 
3255 1148 1876 1764 1809 
3256 1004 1183 1657 2100 
3257 1223 1588 1893 2084 
3258 1003 1896 1855 222 
3259 1742 1508 1061 1282 
3260 2152 1196 2129 1686 
3261 1610 1870 1788 297 
3262 1543 1209 1219 2031 
3263 1908 1544 1907 1476 
3264 1371 1072 1047 1915 
3265 1863 2091 1421 292 
3266 1622 1075 1283 1927 
3267 1222 2102 1287 1461 
3268 1541 1739 1956 178 
3269 1256 1968 1289 1939 
3270 1825 303 1153 334 
3271 1149 1863 2084 1881 
3272 1387 306 337 307 
3273 1685 1603 1693 1480 
3274 1742 1743 1360 1282 
3275 2097 1765 1334 412 
3276 2153 984 2123 378 
3277 1302 986 327 326 
3278 1964 1481 1420 1419 
3279 1057 381 1528 380 
3280 1463 1086 2004 1707 
3281 401 1964 400 383 
3282 1039 378 396 397 
3283 2154 264 265 229 
3284 1116 1115 1552 1847 
3285 1296 328 1874 356 
3286 1462 1463 1056 1086 
3287 1055 1039 2153 1196 
3288 1407 1360 1409 1871 
3289 1800 1868 1799 2020 
3290 2139 2155 1687 1548 
3291 991 397 396 409 
3292 1165 266 1895 230 
3293 1557 351 2102 322 
3294 2003 1585 1286 1274 
3295 1419 1603 1403 1480 
3296 1951 1657 1302 1753 
3297 1682 2152 1944 1968 
3298 1165 1138 1894 1166 
3299 1073 1289 2050 1601 
3300 1460 257 1149 256 
3301 1257 1245 1184 1926 
3302 1220 1574 1222 2033 
3303 1283 1275 1274 1215 
3304 1706 2004 1680 1697 
3305 2156 1350 1400 1098 
3306 1753 260 1091 259 
3307 2157 1787 1145 1872 
3308 1589 2135 2140 2123 
3309 1320 47 1192 1160 
3310 1622 1682 1623 1625 
3311 1964 1419 1420 2027 
3312 1528 381 358 380 
3313 1402 1969 1931 1155 
3314 1528 381 382 359 
3315 1528 358 381 359 
3316 2151 2158 2095 1985 
3317 1297 1680 1679 2004 
3318 1084 356 380 357 
3319 1610 1339 265 299 
3320 2088 1443 986 2159 
3321 1302 986 1361 327 
3322 1195 1196 1056 2153 
3323 1866 1172 1819 1802 
3324 1427 363 1495 364 
3325 1528 382 1481 1420 
3326 1419 1684 1480 2111 
3327 1667 1036 1333 1601 
3328 2153 985 984 355 
3329 1679 380 358 357 
3330 1083 1874 1085 1084 
3331 1410 225 2095 224 
3332 1697 1837 1698 331 
3333 1969 332 1931 360 
3334 1837 332 331 359 
3335 1339 1894 1166 266 
3336 1131 1185 1245 1926 
3337 2160 1903 196 234 
3338 1214 1394 405 406 
3339 2025 2107 1805 1718 
3340 1897 1605 1898 1985 
3341 1362 334 1825 1153 
3342 1516 1517 1515 1605 
3343 1893 2091 1892 1223 
3344 1018 195 1020 2035 
3345 1964 383 1420 382 
3346 1058 1060 1196 2079 
3347 1059 1918 1060 1968 
3348 1969 1837 1931 332 
3349 2112 1849 2161 1873 
3350 2162 275 1431 239 
3351 1420 359 1680 382 
3352 1873 1137 1356 1358 
3353 1850 2049 1918 2070 
3354 2027 361 1155 360 
3355 1995 1872 1781 1873 
3356 987 1627 344 343 
3357 1147 301 1154 302 
3358 1486 2163 1487 2164 
3359 2112 1795 2161 1848 
3360 1362 1826 334 1155 
3361 1945 1153 1147 1363 
3362 1402 1404 1706 1872 
3363 364 363 1388 1488 
3364 1153 333 1155 334 
3365 2112 1922 1357 1873 
3366 1006 1579 2137 1418 
3367 2060 2086 2017 2010 
3368 2001 2086 2060 2035 
3369 1592 2109 161 197 
3370 2105 166 1352 165 
3371 39 1816 1815 40 
3372 1451 63 1199 1991 
3373 1150 1945 1151 2077 
3374 1964 382 1481 400 
3375 1020 232 233 195 
3376 1932 2108 1914 1146 
3377 1794 158 1018 159 
3378 1018 158 1485 2041 
3379 196 1591 1903 195 
3380 1721 2001 1558 2080 
3381 1794 159 1018 195 
3382 1964 382 1420 1481 
3383 2165 1096 1006 1560 
3384 1788 1083 1408 1567 
3385 1135 189 1994 153 
3386 1485 124 2041 158 
3387 1964 1965 401 400 
3388 2042 194 157 193 
3389 1006 1096 2137 1579 
3390 1464 1465 2068 1794 
3391 2071 193 2042 157 
3392 994 149 115 148 
3393 1388 337 305 336 
3394 1096 1580 2137 1579 
3395 2076 2032 2166 2078 
3396 1321 2071 2041 157 
3397 1102 154 120 153 
3398 1164 1162 1205 1902 
3399 1161 1201 1163 61 
3400 1510 2167 1321 122 
3401 1100 1882 1515 2047 
3402 1359 1366 1516 1559 
3403 1711 88 61 60 
3404 1200 1482 1547 1467 
3405 1711 20 1200 1467 
3406 2139 1226 1482 1452 
3407 1610 1696 1339 299 
3408 1430 239 2168 238 
3409 1725 1608 1778 1723 
3410 1720 1224 2007 1820 
3411 122 1510 89 90 
3412 1201 61 62 38 
3413 1510 1883 1989 2138 
3414 1474 18 36 19 
3415 1435 1844 1437 1436 
3416 1870 2114 1567 1281 
3417 1120 1447 2143 1901 
3418 1610 2114 1140 1788 
3419 1467 20 19 37 
3420 1317 1944 2152 1058 
3421 1610 1140 1955 1788 
3422 1150 1278 1869 1152 
3423 2028 2014 1590 1472 
3424 1042 57 84 85 
3425 1453 23 22 41 
3426 2169 2143 1901 2009 
3427 1757 1391 2087 1755 
3428 1453 2056 1816 1817 
3429 1754 1186 1638 1648 
3430 46 1439 1726 1192 
3431 1120 2143 2093 1901 
3432 1171 1456 42 43 
3433 1610 1955 1696 1788 
3434 1719 1884 2015 1559 
3435 1725 1778 29 50 
3436 1647 1530 1048 1575 
3437 1377 5 12 13 
3438 2170 1230 1229 1885 
3439 1712 1529 1934 1550 
3440 1610 1696 1955 1140 
3441 1866 1819 1867 1802 
3442 1190 1319 1160 47 
3443 1834 1090 1835 2012 
3444 1822 1370 1082 1354 
3445 1564 1550 1712 1551 
3446 1847 1116 1987 1986 
3447 1117 166 1852 203 
3448 1610 1788 1696 298 
3449 1106 1105 1501 1355 
3450 1335 1950 1701 1319 
3451 169 1670 1341 1865 
3452 169 1670 206 1341 
3453 1341 205 169 168 
3454 1839 169 1865 170 
3455 2081 1935 1670 1857 
3456 1890 1488 1388 1428 
3457 2171 1115 1116 1341 
3458 1852 203 166 202 
3459 1340 168 204 205 
3460 1946 1431 1702 2162 
3461 1563 1701 1928 1338 
3462 2106 165 130 164 
3463 1431 241 1704 240 
3464 2172 1434 2173 69 
3465 1536 1522 1943 1524 
3466 1563 1701 1260 2174 
3467 1354 167 1117 1115 
3468 1340 205 242 243 
3469 1935 2175 1551 1857 
3470 1114 1340 168 204 
3471 1051 1089 1961 2176 
3472 297 1610 2114 264 
3473 1082 1370 1434 99 
3474 2006 1958 1304 389 
3475 2105 202 165 201 
3476 1703 241 204 203 
3477 1486 1487 2163 1690 
3478 1430 1431 1704 240 
3479 1806 1833 1387 1891 
3480 1298 1300 2177 2178 
3481 1610 1788 1870 2114 
3482 1981 341 2043 2044 
3483 1663 340 310 309 
3484 1388 1486 364 1488 
3485 2037 1738 1911 1796 
3486 1431 239 275 240 
3487 2083 2044 1853 311 
3488 1702 1572 2162 1431 
3489 1195 1445 1967 1574 
3490 1793 1804 247 246 
3491 1345 2082 2012 1496 
3492 2179 1626 2043 1081 
3493 1856 2082 2024 1496 
3494 1663 310 1981 2083 
3495 1150 1737 1775 1869 
3496 1276 1804 1277 281 
3497 1088 2180 1947 2052 
3498 1276 1713 988 2013 
3499 2145 309 339 340 
3500 1634 1495 1688 1745 
3501 1048 1050 1270 1295 
3502 1785 1414 1295 2131 
3503 1640 1416 1293 1295 
3504 1082 131 1354 99 
3505 2105 2106 1352 1108 
3506 1784 1107 1852 1847 
3507 2083 309 310 276 
3508 1227 1720 1884 1490 
3509 1519 249 1936 248 
3510 1224 1066 1064 1820 
3511 1348 1370 1115 133 
3512 2025 1119 1415 1676 
3513 2160 1977 1151 269 
3514 1495 2022 1631 1717 
3515 1799 162 199 163 
3516 1758 2019 237 238 
3517 2069 1279 997 998 
3518 1849 1145 1787 1872 
3519 1615 1624 1997 2181 
3520 1771 2168 200 238 
3521 1035 1736 2025 1805 
3522 2147 1868 1799 163 
3523 1864 1338 1949 136 
3524 1662 1519 1736 1520 
3525 1976 1263 1494 1556 
3526 1534 1718 1533 2024 
3527 1530 1535 1532 1531 
3528 1048 1647 1785 210 
3529 1936 1577 1252 249 
3530 1792 1415 1793 1295 
3531 1804 247 246 281 
3532 1668 1392 1286 1380 
3533 2013 1805 1660 1779 
3534 281 1661 247 282 
3535 1087 1747 2012 1496 
3536 1024 1036 1602 1053 
3537 2096 1289 2144 1968 
3538 2036 253 2133 2132 
3539 1027 1646 1012 1028 
3540 1728 48 1160 73 
3541 1713 2013 1504 989 
3542 1621 175 174 211 
3543 1785 1792 211 210 
3544 1803 1879 1525 1616 
3545 1622 1996 1615 1624 
3546 1332 1601 1036 1602 
3547 1936 1252 1577 1029 
3548 1518 1647 1793 247 
3549 1936 248 249 211 
3550 1785 1414 1415 1295 
3551 1563 1270 1157 1272 
3552 1990 1068 1260 1425 
3553 1332 2025 1053 1038 
3554 1530 1533 1575 246 
3555 1936 1252 212 249 
3556 1073 1288 1289 1008 
3557 1218 2031 1118 1577 
3558 1311 146 1512 1290 
3559 1207 1414 1976 1119 
3560 1111 1294 1238 1614 
3561 1026 1027 1786 212 
3562 1252 213 212 250 
3563 1695 1812 317 316 
3564 1578 285 317 318 
3565 1469 1577 285 1433 
3566 1583 1118 1219 1209 
3567 1449 374 349 373 
3568 1213 1198 1504 1616 
3569 1315 2050 1602 1259 
3570 1071 1074 1584 1915 
3571 1307 1070 1473 1324 
3572 1032 1907 1030 1033 
3573 1030 1906 1907 1312 
3574 1790 391 1803 1394 
3575 1037 1505 1503 1504 
3576 1505 1779 1713 1212 
3577 2006 1958 389 369 
3578 987 312 2179 343 
3579 1276 314 988 1713 
3580 1662 284 1519 283 
3581 1695 317 284 316 
3582 1543 2031 1208 1209 
3583 989 314 344 315 
3584 1493 1976 1207 1639 
3585 1667 1072 1333 1668 
3586 1639 2131 1240 1294 
3587 1713 345 1812 316 
3588 1627 369 344 343 
3589 1790 1803 1392 1393 
3590 1262 1373 1380 392 
3591 1803 391 1525 1905 
3592 1071 1219 1724 1601 
3593 1223 1586 1588 1221 
3594 1790 1525 1803 391 
3595 1634 1714 1810 1717 
3596 2125 404 1077 388 
3597 1477 394 1327 374 
3598 1808 1957 1216 2031 
3599 1035 1333 1046 1037 
3600 1373 372 1380 392 
3601 1283 1214 1275 1215 
3602 1286 1393 1215 1262 
3603 1790 1197 371 372 
3604 373 1371 1373 372 
3605 1283 1274 1284 1215 
3606 2153 2123 984 1196 
3607 1283 2182 1715 2136 
3608 1904 1879 1392 1927 
3609 1262 392 1393 406 
3610 1806 273 1759 1891 
3611 1411 1458 1194 1413 
3612 1371 1072 1915 1449 
3613 1141 1449 1373 373 
3614 1373 1372 1380 372 
3615 373 1371 1449 1373 
3616 1846 1915 1074 1072 
3617 1371 1261 1047 1372 
3618 1971 1072 1846 1074 
3619 1123 287 1386 320 
3620 1197 1212 1198 345 
3621 320 1386 2183 1846 
3622 1668 1373 1379 1072 
3623 1045 1695 1261 317 
3624 1059 1256 1918 1968 
3625 2003 1379 1477 1328 
3626 1214 414 417 415 
3627 2075 417 414 413 
3628 1317 1694 1682 1944 
3629 1236 1461 1237 375 
3630 1214 415 1273 407 
3631 1585 394 407 408 
3632 1443 2159 2124 1526 
3633 2152 2144 1967 1968 
3634 1286 1215 1585 1262 
3635 1283 1286 1927 1215 
3636 1039 2123 1589 396 
3637 1262 1380 1393 392 
3638 1262 393 392 407 
3639 1477 393 394 374 
3640 1262 1585 393 407 
3641 1428 1630 2184 1745 
3642 1262 393 1373 392 
3643 1668 1616 1392 1380 
3644 1461 1327 1326 1328 
3645 1007 1010 1124 1008 
3646 1461 350 1327 375 
3647 1589 2135 2123 2129 
3648 1327 374 394 375 
3649 1274 992 1585 1318 
3650 1141 350 1327 1326 
3651 1141 1327 350 374 
3652 1141 1449 374 349 
3653 2183 1074 1846 1386 
3654 1892 354 2159 325 
3655 1351 1220 2185 1223 
3656 2160 2085 1593 1945 
3657 2140 376 395 377 
3658 1615 1879 2117 1616 
3659 1618 990 1079 1958 
3660 1060 1707 1992 2104 
3661 1236 351 376 352 
3662 1938 1286 2003 1379 
3663 1610 2154 2114 264 
3664 1971 1846 2183 1074 
3665 1803 1394 391 1905 
3666 1076 390 1905 389 
3667 1076 1078 1565 405 
3668 1214 407 1273 1215 
3669 1392 1393 1803 1394 
3670 1286 1393 1262 1380 
3671 2003 1477 1262 1585 
3672 1667 2181 1036 2050 
3673 1469 319 286 318 
3674 2119 1426 1824 1630 
3675 2096 1073 1667 1328 
3676 984 378 354 377 
3677 1045 317 1261 347 
3678 1392 1393 1286 1380 
3679 1904 1394 1565 1392 
3680 1392 1616 1803 1380 
3681 2075 417 1342 1214 
3682 2157 1698 1339 1787 
3683 1634 364 1688 1495 
3684 1342 416 1273 415 
3685 1685 410 399 398 
3686 1629 1674 1397 1398 
3687 1334 1481 1693 399 
3688 1938 2002 1937 2003 
3689 2140 395 396 377 
3690 1214 405 414 406 
3691 1283 1275 1284 1274 
3692 1088 1087 2186 1090 
3693 1621 1238 1646 2131 
3694 1541 1739 179 1692 
3695 1893 324 2091 291 
3696 1785 1792 1415 1786 
3697 993 416 1831 410 
3698 2117 1939 1938 1285 
3699 1939 1968 1284 1625 
3700 1938 1284 1285 1939 
3701 1207 1494 1208 1209 
3702 1995 1402 1404 1405 
3703 1667 1073 2050 1601 
3704 1650 1311 1313 1314 
3705 1494 1266 1067 2094 
3706 1463 1992 1404 1403 
3707 1781 1363 1873 1782 
3708 1493 1260 1266 2174 
3709 2009 2142 2143 2093 
3710 1960 1963 1021 1919 
3711 2157 1339 1145 1787 
3712 2187 2040 1167 1926 
3713 1325 1395 1437 1887 
3714 1020 232 195 194 
3715 1962 2180 2188 1538 
3716 2076 2101 236 1776 
3717 320 1386 1010 2183 
3718 1414 1029 1028 1786 
3719 1588 255 1460 1700 
3720 1222 2033 1236 1461 
3721 1856 1718 2107 1052 
3722 1183 1909 1184 1185 
3723 2157 1144 1154 1145 
3724 1442 1112 1417 1210 
3725 1960 1919 1021 1258 
3726 2036 215 1957 214 
3727 1530 209 1050 172 
3728 2157 1339 1698 300 
3729 1640 1295 1050 1575 
3730 2134 1655 1424 2048 
3731 1621 1646 1159 1645 
3732 1411 1752 1654 1653 
3733 2036 1216 1542 2133 
3734 1709 2094 1555 1556 
3735 1785 1294 1621 2131 
3736 1812 345 346 316 
3737 1917 1256 1258 1259 
3738 2157 1145 1339 1894 
3739 2013 1660 1713 1779 
3740 1672 1736 1519 1676 
3741 1213 1037 1504 1505 
3742 1046 1505 1213 1212 
3743 1504 1198 989 1525 
3744 1713 1779 1812 1212 
3745 1505 1779 2013 1713 
3746 1165 1138 1406 1580 
3747 2189 1805 2013 1038 
3748 1667 1379 1938 1328 
3749 1667 2050 1036 1601 
3750 1667 2117 1616 1037 
3751 1046 1505 1212 1779 
3752 1046 1037 1213 1505 
3753 1577 285 1433 250 
3754 1197 1812 1261 1046 
3755 1736 1660 1805 1779 
3756 1276 314 282 281 
3757 2025 1415 1736 1676 
3758 1035 1779 1736 1805 
3759 1518 1792 1936 1415 
3760 1736 1805 1660 1520 
3761 1213 1505 1504 1212 
3762 1846 348 1915 1449 
3763 1846 1386 1074 1915 
3764 1606 1433 1218 1469 
3765 1863 2091 292 257 
3766 1333 1046 1213 1372 
3767 1606 252 1433 286 
3768 1971 2183 1326 1328 
3769 1493 1260 1990 1266 
3770 1123 253 2133 287 
3771 1469 285 1577 1578 
3772 1332 1602 1053 1556 
3773 1011 142 1441 141 
3774 1315 1289 1288 1008 
3775 1475 1217 2030 1124 
3776 1635 1029 1577 1252 
3777 1165 1406 2121 1580 
3778 2096 2144 1939 1968 
3779 1668 1380 1373 1372 
3780 1216 2031 1218 1433 
3781 2185 1573 1892 1223 
3782 1007 1010 1009 1557 
3783 1287 1222 1221 1586 
3784 1287 1461 1326 1328 
3785 1557 351 1461 2102 
3786 2183 1010 1074 1386 
3787 1303 328 1361 1874 
3788 1032 1476 1907 1033 
3789 1971 1074 2183 1073 
3790 1557 351 321 350 
3791 1557 2102 1461 1326 
3792 1557 1326 1461 350 
3793 1557 321 320 350 
3794 1009 1328 1073 1287 
3795 1007 1649 1009 1288 
3796 1009 1326 1461 2102 
3797 1542 1543 2030 2031 
3798 1475 2030 1542 1476 
3799 1165 2121 1406 230 
3800 1002 1863 258 257 
3801 1655 1120 1067 1122 
3802 1422 1123 1010 288 
3803 1892 2091 1421 2127 
3804 2072 1242 1708 1125 
3805 1007 1422 1010 1557 
3806 1002 2190 1576 1034 
3807 1419 1403 1603 1481 
3808 2189 2176 2191 1920 
3809 1036 1602 2050 1259 
3810 1997 1036 1617 2181 
3811 1059 1967 1061 2110 
3812 1595 1598 1597 1885 
3813 2059 1340 242 243 
3814 1665 2163 1886 1690 
3815 1853 311 2044 278 
3816 1715 1622 1075 1283 
3817 1009 1461 1287 2102 
3818 1846 1915 348 319 
3819 1007 1288 1009 1008 
3820 1586 1422 1007 1009 
3821 1010 320 1557 321 
3822 1010 288 320 321 
3823 1071 1385 1724 1219 
3824 1586 1587 1222 1223 
3825 1772 2084 1863 1881 
3826 1127 217 255 218 
3827 1543 1209 1724 1219 
3828 1097 114 148 115 
3829 1128 1129 1127 1877 
3830 2122 2124 2123 2135 
3831 1399 1131 1130 1982 
3832 1709 1209 1494 1556 
3833 1739 143 1740 142 
3834 1543 2031 1219 2030 
3835 1399 1125 1376 1098 
3836 1808 1433 1216 251 
3837 1129 1972 1973 1877 
3838 1653 78 1509 109 
3839 2036 1691 215 2132 
3840 1267 1269 254 288 
3841 1315 1602 1601 1556 
3842 1635 1029 1118 1577 
3843 2183 1008 1009 1073 
3844 1568 253 254 216 
3845 1583 1118 1218 1219 
3846 1808 213 1635 1252 
3847 2134 1494 1207 1646 
3848 1655 1121 1067 1069 
3849 1635 1577 2031 1433 
3850 1074 1386 1385 1915 
3851 1128 2132 1569 1691 
3852 1460 291 2091 257 
3853 1165 1580 2120 1138 
3854 1846 319 1386 1915 
3855 1846 319 349 320 
3856 1846 1386 319 320 
3857 1469 1915 319 318 
3858 1606 252 2133 1217 
3859 1386 320 287 319 
3860 1606 1217 1216 252 
3861 1606 1469 1915 319 
3862 1331 1607 1728 1260 
3863 1030 1182 1245 1246 
3864 1067 1068 1070 1901 
3865 1207 1027 1414 1028 
3866 1208 1494 1709 1209 
3867 1013 140 1645 175 
3868 1111 1156 1113 1239 
3869 1207 1976 1494 1209 
3870 1049 1294 1240 137 
3871 2115 1940 2154 2114 
3872 1331 1160 1728 1609 
3873 1417 1210 1112 1211 
3874 1785 173 210 174 
3875 1240 2131 1238 1294 
3876 1827 1180 1070 1324 
3877 1640 1053 1293 1718 
3878 1621 1159 1646 1238 
3879 1870 2115 2114 1604 
3880 1159 140 106 139 
3881 1254 75 1607 74 
3882 1254 1260 1701 1728 
3883 1531 1270 1050 1535 
3884 1785 1621 1294 174 
3885 1026 1027 1012 1028 
3886 1614 2131 1621 1294 
3887 1614 138 1294 173 
3888 1294 138 137 173 
3889 1048 173 209 210 
3890 1493 1207 1646 1238 
3891 1254 104 1156 105 
3892 1208 1118 1635 1028 
3893 1639 1293 2131 1294 
3894 1156 137 1049 1240 
3895 1458 1413 1763 1194 
3896 1049 1270 1294 1048 
3897 1157 1156 1240 1260 
3898 1777 75 50 49 
3899 1614 1159 1621 1238 
3900 1646 1417 1159 1645 
3901 1614 138 173 174 
3902 2192 133 1840 134 
3903 1531 1049 1270 1535 
3904 1671 1535 1669 1271 
3905 1294 1156 137 138 
3906 1254 1260 1156 1158 
3907 1701 1949 1158 1254 
3908 1640 1050 1270 1535 
3909 1049 1294 137 172 
3910 2115 1604 1940 2114 
3911 1856 2082 2107 2024 
3912 1116 1117 1115 1847 
3913 1111 1113 105 106 
3914 1563 1928 1701 1529 
3915 2065 1277 2193 2107 
3916 1263 1054 1265 1022 
3917 1728 1609 1160 48 
3918 1552 1370 1847 1115 
3919 1493 1238 1990 1239 
3920 1112 1211 1210 1425 
3921 1813 24 11 10 
3922 2115 2154 264 2114 
3923 1369 1103 1501 1439 
3924 1111 139 1159 106 
3925 2011 1835 1834 1836 
3926 1609 1607 49 74 
3927 1609 49 48 74 
3928 1331 1106 1336 1160 
3929 1640 1272 1270 1641 
3930 1607 74 75 49 
3931 49 1777 75 1607 
3932 1691 179 215 216 
3933 1423 1442 2048 1441 
3934 1990 1425 1260 1607 
3935 1211 107 76 106 
3936 1777 1607 1608 1113 
3937 1211 76 107 77 
3938 1241 1471 1244 1243 
3939 1458 1121 1901 1413 
3940 1017 1448 2005 1413 
3941 1411 1069 2039 1509 
3942 1749 80 79 110 
3943 1179 1778 1211 77 
3944 2005 80 54 53 
3945 1255 1643 1642 1176 
3946 2005 54 80 81 
3947 1323 1841 14 30 
3948 1455 9 22 23 
3949 1815 1816 41 40 
3950 1780 1612 1248 1474 
3951 1322 1323 1324 1710 
3952 1391 1755 1611 1203 
3953 1642 1643 1177 1176 
3954 1446 1447 1241 1448 
3955 2115 2154 1940 228 
3956 1255 1643 1176 1472 
3957 1130 1887 1437 1499 
3958 1880 5 4 12 
3959 1590 2014 1446 1472 
3960 1248 1249 1251 1474 
3961 1000 1561 1249 1244 
3962 1041 1043 1206 86 
3963 1114 1340 1116 1341 
3964 1827 1608 1425 1778 
3965 1177 1755 1203 1178 
3966 1906 1412 1447 1122 
3967 1749 1752 1751 1975 
3968 1976 1414 1293 1416 
3969 1209 1332 1119 1556 
3970 1638 1068 1710 1889 
3971 1250 1041 1251 58 
3972 1952 1604 995 1898 
3973 1175 1177 1642 1644 
3974 1244 1446 1472 1471 
3975 1845 2014 1470 1582 
3976 2099 13 27 28 
3977 1990 1646 1112 1238 
3978 1638 1308 1888 1307 
3979 1608 1260 1068 1425 
3980 1329 1888 1725 1710 
3981 1778 1828 1211 1425 
3982 1322 1309 1841 1324 
3983 1888 1106 1187 1889 
3984 1331 1728 1701 1260 
3985 2173 1821 1228 1434 
3986 1068 1070 1901 2009 
3987 1609 49 1699 48 
3988 1564 1712 1550 1529 
3989 1331 1320 1888 1106 
3990 1323 14 13 29 
3991 1322 29 50 30 
3992 1723 50 29 49 
3993 1322 1710 1725 1323 
3994 1609 1725 49 1723 
3995 1069 1827 1828 1458 
3996 1827 1322 1179 1180 
3997 1068 1710 1070 1324 
3998 1322 1323 1725 29 
3999 1192 1727 1726 46 
4000 1323 14 1677 13 
4001 1323 1677 1309 1308 
4002 1331 1888 1320 1699 
4003 1608 1607 1260 1425 
4004 1120 1067 2093 2094 
4005 1411 1654 1459 1509 
4006 1193 79 53 52 
4007 1484 54 1194 1017 
4008 1654 1412 1194 2005 
4009 1068 1070 1307 1324 
4010 1509 1654 1459 79 
4011 1901 1070 1473 2009 
4012 2169 1901 1473 2009 
4013 1475 1217 2133 2030 
4014 1459 108 78 77 
4015 1216 1218 2031 1219 
4016 1442 1210 1990 1112 
4017 1194 80 2005 53 
4018 1952 1743 995 1604 
4019 1473 1638 1648 2169 
4020 1179 1827 1180 1458 
4021 1653 1752 1656 2039 
4022 1423 1458 1459 1509 
4023 1709 1494 2094 1556 
4024 1126 1128 1127 1569 
4025 1956 1011 1208 1741 
4026 2072 1708 1241 1652 
4027 1181 31 53 32 
4028 1111 1238 1112 1159 
4029 2134 1655 1709 1494 
4030 1441 109 1653 1509 
4031 1952 2151 1898 1985 
4032 1179 51 78 52 
4033 1459 1210 108 77 
4034 1210 1211 1828 1425 
4035 1423 1828 1458 1069 
4036 1027 212 175 211 
4037 2134 1656 1011 1208 
4038 1207 1976 1209 1119 
4039 1267 1568 2132 253 
4040 1754 1186 1755 1189 
4041 2156 2190 1350 1247 
4042 2036 252 1808 1216 
4043 1207 1209 1028 1119 
4044 1370 1117 1847 1115 
4045 1414 1415 1029 1786 
4046 2099 1814 1188 1187 
4047 1864 1271 1669 1551 
4048 1864 171 136 170 
4049 1651 2073 1374 2072 
4050 1590 1484 1446 1017 
4051 1186 1755 1189 1202 
4052 1069 1827 1458 1070 
4053 1030 1245 1375 1312 
4054 1493 1494 1207 1976 
4055 1030 1033 1907 1766 
4056 1655 1121 2039 1122 
4057 1952 1898 995 1985 
4058 2093 1067 1901 2009 
4059 1763 1473 1070 1324 
4060 1827 1710 1608 1778 
4061 1735 1130 1325 1437 
4062 1763 1473 1901 1070 
4063 1068 1307 1710 1324 
4064 1638 1307 1888 1710 
4065 1263 2094 1022 1264 
4066 1255 1841 1933 1643 
4067 994 149 1789 150 
4068 1181 1841 1763 1180 
4069 1399 1400 1125 1098 
4070 1827 1322 1324 1710 
4071 1555 1259 1031 1602 
4072 1650 1313 1906 2073 
4073 1441 142 109 108 
4074 1730 113 146 147 
4075 1313 1350 2190 1247 
4076 1083 1297 1296 1084 
4077 1068 1069 1070 1425 
4078 2142 2143 1243 1581 
4079 1004 1863 1881 1659 
4080 1153 333 334 302 
4081 1555 1602 1031 1556 
4082 1493 1263 1976 1641 
4083 1120 1901 2093 1067 
4084 1441 2048 1423 1509 
4085 1121 1070 1901 1069 
4086 1749 1412 1750 1752 
4087 2115 1899 1940 1604 
4088 1256 1258 1257 2049 
4089 1051 1089 2191 1052 
4090 1054 1641 1272 1052 
4091 1407 1952 1743 1360 
4092 1952 1360 1871 2151 
4093 1259 1036 1024 1917 
4094 1263 1266 1265 2174 
4095 1952 2151 1941 1898 
4096 1266 1260 1330 2174 
4097 1068 1307 1070 2009 
4098 2114 2115 297 264 
4099 1263 1022 1053 1054 
4100 1207 1028 1208 1646 
4101 1543 1209 1709 1033 
4102 1962 2180 1961 1023 
4103 1662 1695 1672 1519 
4104 1407 1360 1743 1282 
4105 1785 210 211 174 
4106 1543 1655 1656 1766 
4107 1493 1266 1263 2174 
4108 1542 1957 1956 1543 
4109 1013 175 1027 176 
4110 1541 1956 1542 1957 
4111 1131 1247 1376 1375 
4112 2093 2094 1266 1264 
4113 1121 1412 1447 1413 
4114 1120 1766 1709 2094 
4115 2093 1266 1067 2009 
4116 1785 211 1792 1786 
4117 1583 1672 1218 1577 
4118 1217 2030 1724 1219 
4119 2134 1424 1442 2048 
4120 1447 1471 2143 1901 
4121 1400 1349 1789 149 
4122 1148 1809 1700 1876 
4123 1983 1984 1136 1985 
4124 1925 1264 1022 2094 
4125 1128 1734 1127 1476 
4126 1458 1901 1121 1070 
4127 1290 180 181 145 
4128 1407 1870 1408 1282 
4129 1003 1855 221 222 
4130 1097 1730 147 113 
4131 1290 181 146 145 
4132 1411 1194 1412 1413 
4133 1121 1413 1447 1901 
4134 1440 2005 1016 1448 
4135 1749 1750 1878 1751 
4136 1972 1974 1311 1877 
4137 2034 1691 180 179 
4138 1541 1543 1956 1656 
4139 1740 2039 2048 1509 
4140 1692 143 179 144 
4141 1878 1513 1974 1751 
4142 1878 1751 1974 2034 
4143 1974 1312 1877 1907 
4144 1411 1121 1458 1413 
4145 1440 1878 112 111 
4146 1407 1870 1409 1408 
4147 1511 1729 1440 1512 
4148 1653 109 110 79 
4149 1459 1211 1210 77 
4150 1653 1411 2039 1509 
4151 2028 17 33 34 
4152 1653 78 109 79 
4153 1411 1194 1458 1193 
4154 1181 53 31 52 
4155 1411 1654 1194 1193 
4156 1011 1442 1441 2048 
4157 1442 1646 1417 1112 
4158 1655 1122 1067 1121 
4159 1653 109 143 110 
4160 1541 1543 1542 1956 
4161 1739 179 1692 143 
4162 1739 178 143 142 
4163 1656 1692 1751 1975 
4164 1493 1263 1641 2174 
4165 1749 1412 1440 1750 
4166 1878 1513 1751 1750 
4167 1975 110 144 111 
4168 1975 1752 1653 110 
4169 1975 143 1692 144 
4170 1975 143 144 110 
4171 1975 1653 143 110 
4172 1657 1909 1910 2100 
4173 1811 1097 1098 1125 
4174 1916 1247 1131 1245 
4175 1349 1098 148 149 
4176 152 1468 1636 1637 
4177 1730 146 182 147 
4178 1126 181 1972 1290 
4179 1511 1448 1016 1652 
4180 1004 2100 1657 1659 
4181 1350 2073 1313 1811 
4182 1651 1447 1750 1448 
4183 1599 218 1148 219 
4184 1972 146 1290 181 
4185 1972 1311 1973 1312 
4186 999 1292 1291 1000 
4187 1292 1125 115 83 
4188 1017 1015 1016 1562 
4189 1811 1730 1314 147 
4190 1399 1401 1376 1982 
4191 1177 1203 1202 1178 
4192 999 57 56 84 
4193 1446 1016 1017 1448 
4194 1016 55 81 82 
4195 1972 1877 1311 1312 
4196 1658 1753 1091 259 
4197 2088 1302 1753 294 
4198 1599 218 1129 1148 
4199 1129 1148 1127 1876 
4200 1311 146 1730 1512 
4201 2124 1892 353 354 
4202 1407 1303 1360 1282 
4203 1892 2127 2159 1443 
4204 1445 2185 2127 1659 
4205 2091 2127 1223 2084 
4206 1818 1587 1222 2102 
4207 1034 1005 221 220 
4208 2055 986 1526 985 
4209 1475 2132 1569 1476 
4210 1315 1602 1031 1259 
4211 1030 1906 1766 1907 
4212 1972 146 1311 1290 
4213 1656 1751 1122 2039 
4214 1034 1854 1855 1005 
4215 1131 1375 2074 1926 
4216 1507 1506 1467 1780 
4217 1205 1499 1204 2194 
4218 1845 1203 1755 1178 
4219 1376 1350 1098 2073 
4220 2120 1356 1873 1145 
4221 2156 1789 1843 1401 
4222 1878 144 1975 1692 
4223 1091 222 1092 1896 
4224 2088 1302 2055 1753 
4225 1855 1349 184 185 
4226 1375 1245 1555 1926 
4227 1407 1303 1409 1360 
4228 1576 1973 1314 1312 
4229 1555 1033 1031 1766 
4230 1657 1633 1843 1896 
4231 1468 117 151 118 
4232 1479 117 1468 1395 
4233 1291 1292 1042 1000 
4234 1099 1900 1560 190 
4235 1912 1983 1337 1913 
4236 1599 219 220 183 
4237 1789 150 149 185 
4238 1435 1170 2195 1133 
4239 1789 186 150 185 
4240 1407 1871 1409 1870 
4241 1134 152 151 187 
4242 1410 1953 2151 1360 
4243 1085 379 356 355 
4244 1906 1312 1375 1313 
4245 1055 1462 1056 2153 
4246 1678 150 1789 186 
4247 1169 1132 2098 1167 
4248 1916 1185 1131 1982 
4249 2115 1871 1870 297 
4250 2156 1349 1400 1350 
4251 1410 1632 261 224 
4252 1844 996 1435 998 
4253 1149 1576 1764 1002 
4254 1983 1337 1985 2158 
4255 1359 2016 1848 2069 
4256 1183 1913 1909 1185 
4257 2037 1921 1923 1363 
4258 1056 1058 1196 2079 
4259 1131 1435 1982 1185 
4260 1279 2100 1184 1061 
4261 1632 1410 261 1951 
4262 1911 1428 1278 2196 
4263 1447 1413 1471 1901 
4264 1762 1561 2014 1761 
4265 1130 1437 1169 1499 
4266 1130 1131 1133 1982 
4267 2178 2051 2113 1110 
4268 1479 1791 1678 1789 
4269 1321 2017 1883 2041 
4270 1898 1994 1900 1897 
4271 1134 186 1678 1025 
4272 1902 1164 1162 119 
4273 1093 1095 2197 1096 
4274 1902 87 1206 86 
4275 1120 2093 1555 2094 
4276 1351 1223 1772 1221 
4277 1171 2103 67 42 
4278 1185 1337 1435 1913 
4279 1749 1440 2005 80 
4280 1063 66 1232 2103 
4281 2028 1255 1590 16 
4282 2028 1590 1255 1472 
4283 1291 1243 1242 1244 
4284 1248 1761 1582 1497 
4285 2172 1230 2173 1229 
4286 1767 154 121 120 
4287 1205 1043 1206 1499 
4288 53 1484 32 54 
4289 1248 1582 1611 1498 
4290 1687 2155 1861 2130 
4291 1780 1204 1545 1507 
4292 1921 1945 2085 1922 
4293 1644 5 1677 6 
4294 1366 1559 2040 1167 
4295 1780 1507 1474 1251 
4296 1410 261 262 224 
4297 1161 1163 88 61 
4298 1391 2155 2098 2130 
4299 1636 1637 1875 153 
4300 2076 2166 1775 2078 
4301 1099 153 1102 1875 
4302 1406 2121 1095 192 
4303 996 1337 1435 998 
4304 1161 1163 1989 1988 
4305 1590 1446 2014 1561 
4306 1204 1498 2194 1499 
4307 1205 1043 1902 1206 
4308 1204 1546 2194 1498 
4309 1162 88 119 120 
4310 1249 1291 1244 1497 
4311 1205 1395 1902 1043 
4312 1902 1043 1395 86 
4313 37 1251 1507 1527 
4314 1410 2095 2151 1953 
4315 1842 1438 1983 1913 
4316 1248 1497 1249 1761 
4317 1906 1750 1412 1122 
4318 1169 1844 1437 1133 
4319 1791 1437 1395 1468 
4320 1845 1178 2014 1761 
4321 1651 1906 1650 1513 
4322 1181 1763 1458 1180 
4323 54 1001 1017 32 
4324 1632 1410 1951 1953 
4325 1582 1243 1132 1497 
4326 1399 1735 1400 1401 
4327 1181 1458 1194 1193 
4328 999 1000 1291 1562 
4329 1130 1497 1169 1132 
4330 2195 1926 1184 1185 
4331 1783 1492 1538 1109 
4332 2142 1555 1925 1926 
4333 1374 1375 1906 2074 
4334 1906 1120 1766 1122 
4335 1845 1176 1178 1648 
4336 1471 1473 1763 1472 
4337 54 1001 32 33 
4338 1017 54 2005 81 
4339 1017 54 81 55 
4340 1446 1471 1241 1447 
4341 2028 2014 1762 1561 
4342 1506 1467 19 37 
4343 1001 34 1561 33 
4344 1001 1562 1446 1244 
4345 1399 1292 1125 1325 
4346 1040 1499 1204 1206 
4347 1016 2005 1017 1448 
4348 82 1729 1097 113 
4349 1972 1973 1877 1312 
4350 1042 84 1292 85 
4351 1291 1000 1250 1249 
4352 1474 19 36 37 
4353 1590 1472 1446 1484 
4354 1175 1642 1177 1176 
4355 1001 1446 1561 1244 
4356 1291 1042 1040 1250 
4357 1470 1243 1581 1132 
4358 1000 1249 34 35 
4359 1527 1545 1507 60 
4360 1041 58 1043 86 
4361 1041 1206 59 86 
4362 1041 59 58 86 
4363 1040 1041 1206 1204 
4364 1041 36 1251 58 
4365 1041 1251 36 59 
4366 1041 36 58 59 
4367 1248 1612 1582 1761 
4368 1474 1251 1507 37 
4369 1234 1506 8 19 
4370 1554 4 1202 3 
4371 1168 2046 1687 1548 
4372 1248 1250 1040 1251 
4373 1506 2 1235 19 
4374 1845 1176 1648 1472 
4375 1780 1527 1248 1204 
4376 1168 2098 1169 1546 
4377 1760 1474 1761 1612 
4378 1234 1203 1506 1235 
4379 1200 1482 1467 1466 
4380 1249 1474 18 35 
4381 1248 1612 1761 1474 
4382 1762 2014 1176 1761 
4383 1762 1761 1249 1561 
4384 1250 57 1042 58 
4385 1291 1250 1040 1497 
4386 1612 1203 1845 1178 
4387 1175 3 1202 1 
4388 1472 1845 1470 1473 
4389 1762 1561 1249 17 
4390 1176 1648 1472 1643 
4391 1470 2143 1471 1473 
4392 1933 1644 1642 1643 
4393 1880 1644 1202 1 
4394 1757 1860 2087 1838 
4395 1389 1780 1498 1546 
4396 1451 1466 1815 1816 
4397 1171 1172 1174 1859 
4398 17 1760 1762 1235 
4399 1177 1203 1755 1202 
4400 1470 1581 2143 1473 
4401 1162 2194 1545 1988 
4402 1395 1887 1043 1499 
4403 1205 1204 1499 1206 
4404 1395 117 118 86 
4405 1205 1468 1902 1395 
4406 994 115 1098 148 
4407 1135 1984 1438 1436 
4408 1006 1940 2154 229 
4409 2161 1781 2196 1363 
4410 1435 1438 1984 1436 
4411 1055 1039 397 2153 
4412 1435 2195 1170 998 
4413 1164 1162 1988 2194 
4414 1135 152 188 153 
4415 1366 2150 1368 998 
4416 996 1984 1435 1337 
4417 1099 155 1748 154 
4418 1435 1133 1844 1170 
4419 996 1844 1435 1984 
4420 1182 1004 1183 1881 
4421 1983 1438 1984 1337 
4422 1719 1491 1721 1943 
4423 1678 151 150 186 
4424 1902 118 87 86 
4425 1164 1875 1636 1205 
4426 1902 119 87 118 
4427 1162 1204 1527 1545 
4428 1102 120 119 153 
4429 1161 1164 1102 120 
4430 1432 1164 1205 1875 
4431 2141 1942 1994 189 
4432 1099 190 154 189 
4433 1099 153 1994 189 
4434 1984 1436 1101 1844 
4435 1102 119 1875 153 
4436 1845 1761 1612 1178 
4437 1510 1989 1161 61 
4438 1850 1848 1919 2049 
4439 1065 1464 1064 93 
4440 1991 1483 1199 1451 
4441 996 1516 2150 1368 
4442 1940 227 1942 226 
4443 1279 1281 1743 1282 
4444 2138 2047 1367 2198 
4445 2141 188 225 189 
4446 1339 1166 265 266 
4447 1897 1605 1579 1899 
4448 1135 1994 1984 1101 
4449 1135 1438 1637 1436 
4450 1279 1281 1280 2070 
4451 2185 1892 2127 1223 
4452 1144 1894 266 267 
4453 1410 2095 1632 224 
4454 1139 1140 2114 1281 
4455 1410 1951 1409 295 
4456 1139 1604 997 1281 
4457 1279 1909 2100 1910 
4458 1280 1707 1508 1062 
4459 2141 226 1942 189 
4460 1842 1025 1983 1136 
4461 1678 1789 1025 186 
4462 2156 1349 1789 1401 
4463 1842 1983 1843 1913 
4464 1468 118 152 1636 
4465 1134 1438 1842 1678 
4466 1636 118 152 119 
4467 1092 185 222 186 
4468 1092 1025 186 223 
4469 1092 186 222 223 
4470 1854 1896 1183 1843 
4471 1134 186 1025 187 
4472 1941 1871 262 2151 
4473 1092 1789 185 186 
4474 1092 1025 1789 186 
4475 1351 1220 1221 1288 
4476 1460 2084 1149 1863 
4477 1951 1753 1302 294 
4478 1421 292 2091 324 
4479 1733 1876 1246 1734 
4480 2185 1772 2127 1659 
4481 1842 1401 1843 1789 
4482 1599 1973 182 1730 
4483 1855 1349 1854 1350 
4484 1909 1185 1337 998 
4485 1126 181 1129 1972 
4486 1691 215 2132 216 
4487 1002 1005 220 221 
4488 1586 1422 1009 1557 
4489 1772 1246 2084 1881 
4490 2036 253 2132 215 
4491 2183 1009 1557 1326 
4492 1733 2084 1588 1221 
4493 1475 2132 1568 1569 
4494 2055 2100 1742 1445 
4495 1091 259 260 222 
4496 2084 1149 1881 1246 
4497 1313 1246 1312 1245 
4498 2156 1843 1854 1183 
4499 1772 1863 2084 1659 
4500 1004 1658 1657 1896 
4501 1588 1893 1587 1223 
4502 2156 1916 1183 1247 
4503 1032 1315 1724 1033 
4504 1315 1601 1033 1556 
4505 1511 1512 1311 1729 
4506 1246 2190 1576 1881 
4507 1126 216 1569 217 
4508 1000 34 56 57 
4509 1588 1587 290 322 
4510 1315 1031 1602 1556 
4511 1772 2084 1223 2127 
4512 1460 291 257 256 
4513 1586 1422 1588 1649 
4514 1002 1863 1004 1003 
4515 1756 1391 2098 2130 
4516 1426 1428 1427 1630 
4517 1999 1721 2001 1558 
4518 1051 1564 1088 1052 
4519 1333 1047 1046 1372 
4520 1917 1258 1024 1259 
4521 1651 1241 1374 1447 
4522 1772 1221 1223 2084 
4523 1555 2094 1022 1556 
4524 2117 1938 1668 1286 
4525 1460 290 291 256 
4526 1148 256 219 218 
4527 1257 1555 1925 1259 
4528 1843 1912 1657 1909 
4529 1586 1587 1588 322 
4530 1892 2185 1443 1573 
4531 1220 1222 2185 1223 
4532 991 1055 1039 397 
4533 1587 2102 1236 351 
4534 2002 2135 2144 2033 
4535 2055 1445 1742 1444 
4536 2140 353 2124 2122 
4537 1420 1931 359 382 
4538 1603 399 1693 1481 
4539 1937 1327 1461 1328 
4540 1818 1222 1236 2102 
4541 1938 1379 2003 1328 
4542 353 1818 352 324 
4543 1733 1316 1288 1268 
4544 1195 1573 1443 1574 
4545 2088 1753 2089 1421 
4546 1893 1892 2091 324 
4547 1195 1508 1056 1062 
4548 1220 1221 1288 1287 
4549 2153 355 984 378 
4550 1952 1953 2151 2158 
4551 2088 1753 1421 293 
4552 1315 1008 1724 1601 
4553 1003 222 221 259 
4554 2096 2144 1289 1287 
4555 1315 1073 1008 1601 
4556 1937 1327 2033 1461 
4557 1589 2129 2002 2135 
4558 1274 992 1478 1585 
4559 1056 2079 1508 1086 
4560 2096 1939 1289 1968 
4561 1334 399 1693 411 
4562 1220 2033 1222 1287 
4563 1574 2033 2135 1573 
4564 1818 324 1893 323 
4565 1055 1196 1056 1058 
4566 1657 1843 1183 1896 
4567 1951 260 1753 294 
4568 1039 2129 1589 2123 
4569 1297 330 1679 358 
4570 1302 327 294 326 
4571 2095 1136 1025 187 
4572 1303 1874 1361 1282 
4573 1095 2042 1094 2071 
4574 2088 325 354 326 
4575 1952 1871 1941 2151 
4576 1361 986 355 327 
4577 1361 328 327 356 
4578 1445 1659 2089 2100 
4579 1657 1091 1912 1633 
4580 2088 986 1302 326 
4581 1892 1223 2091 2127 
4582 1657 1909 1183 1843 
4583 1060 1707 1280 1062 
4584 991 397 1039 396 
4585 1361 355 986 985 
4586 1195 1444 1056 1508 
4587 1445 2127 1443 2089 
4588 1508 1062 1707 2079 
4589 1850 2104 2161 1849 
4590 2153 378 397 379 
4591 984 2124 2123 377 
4592 2124 2159 1892 354 
4593 1892 1421 2159 2127 
4594 1443 2159 1892 2124 
4595 1463 1403 1404 1706 
4596 2029 1917 1623 1919 
4597 995 1605 1604 997 
4598 1955 1140 1137 1139 
4599 1060 1061 1280 2070 
4600 2002 1196 2152 2144 
4601 985 2055 1361 1444 
4602 1407 1604 1281 1743 
4603 1296 298 329 330 
4604 995 1279 997 1281 
4605 1589 1237 2003 1478 
4606 1055 398 1685 1057 
4607 1055 1462 1057 1056 
4608 1083 1297 1697 1788 
4609 1220 1573 2185 1222 
4610 2165 1560 1006 155 
4611 1685 1831 411 410 
4612 1083 1707 1280 1567 
4613 1870 1788 1567 2114 
4614 1056 1508 1085 1086 
4615 1463 1057 1679 1462 
4616 1463 1603 1057 1058 
4617 1463 2079 1992 1058 
4618 1297 1837 1680 1697 
4619 1969 1931 1155 360 
4620 2157 1144 1894 300 
4621 2115 1941 1871 263 
4622 1321 157 2041 123 
4623 1870 1281 1567 1282 
4624 1359 1514 2062 2080 
4625 2055 1526 1444 985 
4626 1279 1061 1280 1282 
4627 991 1831 993 1686 
4628 1682 1275 2136 1694 
4629 1131 1435 1185 2195 
4630 1256 2050 1289 1259 
4631 1083 1697 1567 1788 
4632 1360 1303 1361 1282 
4633 995 1604 1743 1281 
4634 2056 1454 1860 1838 
4635 1060 1062 1196 2079 
4636 1297 1697 330 331 
4637 1258 2195 1926 1184 
4638 1623 1944 1060 1968 
4639 1195 2153 1056 985 
4640 1120 1901 1067 1121 
4641 1819 1490 1491 1720 
4642 1951 1953 1360 1910 
4643 1257 1555 1245 1926 
4644 1088 1571 1987 2051 
4645 1925 1022 1555 2094 
4646 2142 2169 1581 2199 
4647 1220 2033 2144 1574 
4648 1059 1967 1060 1062 
4649 1184 1061 2100 2110 
4650 1056 2079 1196 1062 
4651 1361 355 356 327 
4652 1055 398 1462 379 
4653 1463 2079 1086 1707 
4654 1317 2152 1682 1284 
4655 1060 2070 1280 1707 
4656 1967 1574 2144 1196 
4657 1918 1968 1256 1625 
4658 1274 2003 1589 2002 
4659 1342 1273 1214 415 
4660 1055 410 1685 398 
4661 1795 2118 1628 1630 
4662 2029 1628 1623 1683 
4663 1964 2021 1965 1419 
4664 991 993 992 2129 
4665 1495 1745 1675 1717 
4666 1831 1275 1273 1318 
4667 1680 359 1837 331 
4668 1362 1781 1995 1155 
4669 1680 358 359 331 
4670 1334 401 1965 400 
4671 2002 2003 1237 2033 
4672 1214 1215 1565 1394 
4673 2124 2123 2140 2122 
4674 1788 1083 1296 1408 
4675 1273 1318 1274 1585 
4676 991 1055 1686 1039 
4677 1463 1528 1679 1057 
4678 2152 1967 1196 1062 
4679 1404 1405 1403 2111 
4680 1977 302 269 268 
4681 2152 1196 1967 2144 
4682 1850 1848 2161 1795 
4683 1679 380 1528 358 
4684 2122 2123 2140 2135 
4685 1317 1274 2152 1284 
4686 1055 410 398 397 
4687 2124 2123 377 2140 
4688 991 992 1039 2129 
4689 1297 1697 1680 2004 
4690 1679 1084 380 357 
4691 992 1478 1585 408 
4692 1195 985 1056 1444 
4693 1056 985 1508 1444 
4694 1195 2135 984 1526 
4695 2075 414 1214 2182 
4696 2002 2135 2129 1196 
4697 2122 1573 2135 2033 
4698 2003 1262 1286 1585 
4699 1318 1274 1284 1275 
4700 991 1686 993 2129 
4701 1944 1060 1058 1992 
4702 984 2135 2124 1526 
4703 992 1274 1478 2129 
4704 1237 375 1327 394 
4705 993 409 408 416 
4706 1237 375 394 395 
4707 1039 378 2153 2123 
4708 984 985 1526 986 
4709 1237 375 1461 1327 
4710 2122 352 1818 1236 
4711 1237 1461 2033 1327 
4712 1586 1009 2102 1557 
4713 1237 375 395 376 
4714 1589 2135 2002 2033 
4715 1831 1275 1342 1273 
4716 1478 394 1585 408 
4717 1478 395 394 408 
4718 1478 395 1237 394 
4719 992 1273 1585 1318 
4720 1055 2153 397 379 
4721 2097 1342 1334 1694 
4722 1941 1942 2141 226 
4723 991 410 993 1831 
4724 356 1462 1084 380 
4725 1462 398 380 379 
4726 1567 1706 2004 1707 
4727 1951 294 1302 295 
4728 1567 1788 1140 2114 
4729 1788 329 298 297 
4730 1679 1057 1528 380 
4731 1296 356 1084 357 
4732 1566 1697 1706 1787 
4733 1195 1573 1526 1443 
4734 1742 1061 1445 2100 
4735 1182 2185 1445 1772 
4736 2088 1443 2055 986 
4737 2141 1985 1135 1994 
4738 1951 1091 1753 260 
4739 1408 329 1870 297 
4740 1408 1788 1870 329 
4741 2088 1421 2159 325 
4742 1742 1360 1361 1282 
4743 1296 1874 1084 356 
4744 1361 1085 985 1508 
4745 1183 1909 2100 1184 
4746 1843 1912 1913 1983 
4747 1657 1091 1633 1896 
4748 1632 260 1091 261 
4749 1850 2070 1918 2104 
4750 2088 325 2159 354 
4751 1409 1870 1871 297 
4752 1632 2158 2095 1953 
4753 2141 1898 1994 1942 
4754 1951 1091 261 1632 
4755 2115 1941 1952 1871 
4756 1657 1953 1912 1091 
4757 1951 1302 1657 1910 
4758 1632 1983 1633 1025 
4759 1952 2158 2151 1985 
4760 1164 1875 1102 119 
4761 1366 2040 2150 2195 
4762 1410 296 261 295 
4763 1376 1400 2156 1401 
4764 1791 1438 1437 1468 
4765 1983 1136 2158 1985 
4766 1468 1479 1395 1791 
4767 995 997 1604 1281 
4768 2157 1894 1339 300 
4769 1093 2197 1882 1096 
4770 1006 1899 1900 1560 
4771 1952 1337 2158 1985 
4772 2154 1418 1140 2114 
4773 1940 2114 1604 1418 
4774 2115 1940 1899 1898 
4775 1006 1900 1942 190 
4776 2141 1135 188 189 
4777 1941 226 225 263 
4778 1144 301 1147 268 
4779 1897 1099 1900 1560 
4780 1006 228 1940 229 
4781 1006 1406 1418 2137 
4782 1095 157 2071 156 
4783 1006 191 228 229 
4784 2115 1940 1941 263 
4785 1165 231 1895 2121 
4786 1895 266 231 230 
4787 1932 2108 1895 2121 
4788 1945 1152 1977 1153 
4789 1165 1895 2120 2121 
4790 2121 1580 2061 2108 
4791 1019 1094 193 2042 
4792 1404 1992 2111 1403 
4793 1610 1166 2154 265 
4794 2041 123 157 158 
4795 1955 1697 1696 1788 
4796 1006 1418 1940 1899 
4797 1137 1138 1339 1145 
4798 1932 2108 1146 1895 
4799 1977 1147 302 268 
4800 1698 300 299 331 
4801 1780 1546 1545 1498 
4802 1567 2114 1140 1281 
4803 2119 1824 2021 1631 
4804 1977 302 303 269 
4805 1825 303 1152 1153 
4806 1154 301 333 302 
4807 2027 1155 1931 360 
4808 1969 1154 332 333 
4809 1969 333 332 360 
4810 1154 332 333 301 
4811 1154 332 301 300 
4812 2120 1137 1356 1145 
4813 1610 2154 264 265 
4814 1356 1517 1139 1580 
4815 1890 2128 1738 1301 
4816 1745 1427 1486 1488 
4817 1566 1280 1998 1707 
4818 1681 233 232 268 
4819 1850 1998 2070 2104 
4820 1610 2114 2154 1140 
4821 1570 1108 1852 1110 
4822 1173 2200 1174 1830 
4823 1297 1680 1837 331 
4824 1696 299 330 331 
4825 2157 1787 1969 1698 
4826 2157 1154 1144 300 
4827 1679 1462 1057 380 
4828 1567 2004 1706 1697 
4829 1698 331 332 300 
4830 1969 1698 1837 332 
4831 1969 1154 1698 332 
4832 1706 1969 1872 1787 
4833 2157 1145 1154 1872 
4834 1339 1894 266 300 
4835 2157 1969 1787 1872 
4836 1698 332 1154 300 
4837 1850 2070 1998 1848 
4838 1931 332 1837 359 
4839 1297 1680 330 358 
4840 1679 2004 1680 1528 
4841 1697 1787 1698 1837 
4842 1706 1697 1680 1837 
4843 1427 1388 1428 1540 
4844 1296 330 1297 1788 
4845 1006 1900 1899 1942 
4846 2115 264 2154 228 
4847 2157 1698 1154 300 
4848 1610 298 264 297 
4849 1166 1140 2154 1418 
4850 1566 1697 1955 1567 
4851 1680 358 1528 359 
4852 1931 359 382 360 
4853 1317 1944 1480 1694 
4854 1060 1707 1062 2079 
4855 1495 1631 1745 1717 
4856 1680 359 1528 382 
4857 1774 1921 1594 2038 
4858 1969 1155 1154 333 
4859 1058 1060 2152 1196 
4860 1969 1155 333 360 
4861 1921 1775 2166 2077 
4862 1283 1275 1682 1284 
4863 1931 1837 1680 359 
4864 2157 1154 1969 1872 
4865 1921 1593 2166 1594 
4866 1706 1787 1697 1837 
4867 1969 1837 1698 1787 
4868 2027 383 361 360 
4869 1634 364 385 386 
4870 1428 1427 1630 1745 
4871 1826 334 333 361 
4872 1714 1717 1715 2201 
4873 2119 2118 1995 2196 
4874 1825 303 334 335 
4875 1825 334 362 335 
4876 2097 1717 1965 1765 
4877 1966 2022 384 401 
4878 2202 361 2027 383 
4879 1717 2021 1684 1965 
4880 1463 1992 1603 1480 
4881 1623 1060 1918 1968 
4882 1078 414 1565 405 
4883 1715 2182 2201 2075 
4884 2075 1694 2136 1275 
4885 1904 1394 1392 1803 
4886 1304 368 1958 1305 
4887 1921 2166 1593 2077 
4888 1402 1420 1931 1403 
4889 1406 192 2137 191 
4890 1781 1145 1873 1872 
4891 1622 1615 2008 1927 
4892 2075 1214 414 417 
4893 1673 1688 1745 1675 
4894 1797 1798 1738 2184 
4895 1334 399 411 400 
4896 1683 2136 1684 1682 
4897 2002 1938 1284 1274 
4898 1283 1286 1285 1927 
4899 2189 2116 1997 1619 
4900 1623 1625 1682 1968 
4901 1685 1058 1317 1686 
4902 1317 1831 1275 1694 
4903 1317 1318 2129 1274 
4904 1615 1037 2117 2181 
4905 1615 1285 1624 2181 
4906 1256 1289 2050 1939 
4907 1059 1184 1257 2110 
4908 2029 1797 1795 1628 
4909 1431 1666 1705 276 
4910 1850 1919 1795 1623 
4911 1540 304 2203 335 
4912 1059 1061 1967 1062 
4913 1083 1296 1874 1084 
4914 1566 1706 1404 1872 
4915 1706 2004 1403 1680 
4916 1404 1992 2104 2111 
4917 1139 2114 1140 1418 
4918 1404 2111 2118 1405 
4919 1969 1872 1154 1155 
4920 1402 1872 1969 1155 
4921 1402 1405 1419 1403 
4922 1921 1278 1945 1363 
4923 1681 269 233 268 
4924 1721 2085 2062 1594 
4925 2202 362 1826 361 
4926 2202 1826 2027 361 
4927 2001 1018 2086 2035 
4928 1890 1737 1738 1428 
4929 1153 302 334 303 
4930 1848 2070 2069 2049 
4931 1721 2062 2060 2080 
4932 1914 1782 1146 2108 
4933 1794 125 1485 124 
4934 1147 1154 1153 302 
4935 195 1903 196 2160 
4936 1165 2120 1894 1138 
4937 1006 1406 2137 191 
4938 1955 1140 1139 1567 
4939 1142 123 2041 124 
4940 1873 1137 1849 1145 
4941 1873 1849 1137 1358 
4942 2068 125 1500 1464 
4943 1945 1922 1782 1681 
4944 2053 1343 2024 1345 
4945 1227 1884 1861 1862 
4946 1921 1774 2166 1775 
4947 1093 2017 1883 2071 
4948 1799 1801 162 163 
4949 1911 1738 1797 1798 
4950 1018 2042 2017 2086 
4951 1721 2080 1558 1720 
4952 1429 363 1427 336 
4953 1613 1553 1817 2087 
4954 1819 1720 1929 1820 
4955 1150 1278 1737 1869 
4956 1099 1560 1748 155 
4957 1921 1150 1945 1278 
4958 363 1427 1388 1488 
4959 2113 1110 2149 2178 
4960 2037 2112 1363 1923 
4961 1758 1771 2019 238 
4962 1801 163 1802 128 
4963 1852 1108 202 166 
4964 1536 1943 1962 2180 
4965 1845 1611 1756 1755 
4966 1897 1515 1560 1096 
4967 1370 100 99 132 
4968 1819 1720 1820 1490 
4969 1665 2163 2128 1886 
4970 1848 2069 2016 2049 
4971 1623 1919 1917 1918 
4972 2021 1824 2022 1631 
4973 1945 1147 1782 1363 
4974 1397 1947 1886 1396 
4975 2090 2204 2054 1665 
4976 1911 1278 1428 1738 
4977 1540 2203 1426 1825 
4978 1948 1088 2186 1090 
4979 2128 1690 1487 2184 
4980 1911 1738 1428 2184 
4981 1825 1152 303 335 
4982 1998 1139 1137 1358 
4983 1628 1684 1631 2111 
4984 1826 333 1155 361 
4985 1826 334 1155 333 
4986 1152 1362 1153 1278 
4987 1362 1826 1825 334 
4988 1850 1919 1918 2049 
4989 2128 1690 1886 2163 
4990 1629 1715 1675 1717 
4991 1921 1945 1150 2077 
4992 1783 1954 1489 1492 
4993 1825 334 1826 361 
4994 1362 1995 1826 1155 
4995 1737 1428 1539 2203 
4996 2037 2196 1911 1278 
4997 1615 1037 2181 1617 
4998 1959 1077 2126 1674 
4999 2201 2075 1765 2136 
5000 1904 1076 1394 1905 
5001 987 313 344 314 
5002 2125 388 1077 387 
5003 2090 1806 2204 2164 
5004 1486 2164 337 338 
5005 1769 1859 1457 1172 
5006 1932 231 267 232 
5007 1681 2108 1020 2086 
5008 1737 2057 1775 1869 
5009 1945 1147 1914 1782 
5010 1151 1945 1278 1152 
5011 1945 1153 1977 1147 
5012 1921 2077 1150 1775 
5013 2076 197 2078 235 
5014 1539 1540 1388 336 
5015 336 1539 1540 304 
5016 1152 335 304 303 
5017 1152 1977 1153 303 
5018 1152 303 304 270 
5019 2041 157 2071 2042 
5020 1321 2017 2041 2071 
5021 1143 1510 1321 122 
5022 2041 123 158 124 
5023 2086 2001 2060 2017 
5024 1921 2077 1593 1945 
5025 1006 1899 1940 1942 
5026 1432 1436 1101 1875 
5027 1898 1994 1897 1985 
5028 1579 1139 1418 1604 
5029 1389 1498 2098 1546 
5030 2167 1883 1321 1882 
5031 1991 91 63 62 
5032 1161 1767 1988 1989 
5033 1226 1227 1225 1861 
5034 2009 2142 2169 2143 
5035 1768 1233 1066 1232 
5036 2167 2047 1882 1767 
5037 297 1610 1870 2114 
5038 1940 1604 1899 1418 
5039 1006 1096 1579 1560 
5040 39 1816 1451 1815 
5041 2165 2197 1882 155 
5042 2165 2137 1006 1096 
5043 2167 1882 2047 1883 
5044 1161 1164 1163 1988 
5045 1748 155 1560 1882 
5046 155 2167 1748 121 
5047 2046 2047 2138 1548 
5048 1483 1199 1482 1547 
5049 2150 1517 997 1358 
5050 1510 1722 1483 1201 
5051 1515 1517 1093 1096 
5052 1719 1489 1962 2015 
5053 1767 121 89 120 
5054 1767 1102 1748 154 
5055 1767 1102 154 120 
5056 1205 1437 1395 1499 
5057 1450 1452 1451 1816 
5058 1135 188 189 153 
5059 1510 1321 2167 1883 
5060 1711 88 1163 61 
5061 1169 1437 1205 1499 
5062 1897 1899 1579 1560 
5063 1161 1162 1164 120 
5064 1711 1201 1200 38 
5065 1164 120 1162 119 
5066 1711 1201 1547 1200 
5067 1018 2086 1020 1019 
5068 1464 1465 1500 2068 
5069 1464 124 1142 1485 
5070 1143 1510 1722 1883 
5071 2187 2142 1925 1926 
5072 1722 91 62 90 
5073 1100 1099 1897 1748 
5074 1143 1321 1510 1883 
5075 2001 2017 1018 1485 
5076 1142 92 91 124 
5077 1595 1502 1783 1489 
5078 1377 1378 1186 1308 
5079 1168 2194 1432 2046 
5080 1921 2038 1774 1775 
5081 1378 1320 2099 1187 
5082 1175 1235 1178 1203 
5083 1175 7 1235 2 
5084 1813 2026 2045 1189 
5085 1979 130 1353 97 
5086 1768 1066 1227 1232 
5087 1202 3 4 1 
5088 1851 1813 1189 1188 
5089 1754 1756 2169 2199 
5090 1192 1814 1727 26 
5091 1320 48 1609 1699 
5092 1455 1554 1553 9 
5093 1638 1310 1186 1308 
5094 1758 237 2101 236 
5095 1780 1474 1248 1251 
5096 1389 1482 1467 1547 
5097 1253 65 2103 41 
5098 1021 1963 2016 1919 
5099 1186 1187 1378 1188 
5100 1850 2118 2161 2104 
5101 1466 8 1815 1600 
5102 1457 95 66 94 
5103 1272 1271 1157 1338 
5104 1851 11 1813 12 
5105 1521 1593 2078 1592 
5106 1501 1598 1502 1231 
5107 1329 1609 1608 1723 
5108 1173 1229 2200 1830 
5109 1933 1644 1643 1310 
5110 1320 1355 1187 1106 
5111 1450 1452 1365 63 
5112 1234 1506 1600 8 
5113 2138 2010 2000 2198 
5114 1501 1105 1598 1231 
5115 1780 1547 1467 1507 
5116 1227 1558 1884 1720 
5117 1234 9 3 8 
5118 1389 2155 1482 1547 
5119 1711 61 1163 1201 
5120 1161 1989 1163 1201 
5121 2138 2047 1989 1548 
5122 1545 2194 1204 1546 
5123 1199 38 62 39 
5124 1711 1163 1547 1201 
5125 1234 1235 1175 1203 
5126 1960 1920 1051 2176 
5127 1299 1833 1737 1301 
5128 1483 1201 1199 1547 
5129 1547 2139 2155 1482 
5130 1466 1815 21 39 
5131 1199 1722 1991 62 
5132 1199 62 63 39 
5133 1451 20 1200 39 
5134 1472 1845 2014 1470 
5135 1453 42 1456 23 
5136 1731 127 95 94 
5137 1353 130 131 98 
5138 1489 1884 1491 1490 
5139 1558 1514 1516 2080 
5140 1757 1391 1861 1838 
5141 1450 1816 1233 1452 
5142 1389 2098 1391 2155 
5143 2069 997 2070 1358 
5144 1093 2010 1883 2017 
5145 2069 2070 1279 1184 
5146 1559 1021 2040 2187 
5147 1199 39 1200 38 
5148 1483 1201 1547 1548 
5149 1244 1446 2014 1472 
5150 1687 2130 1559 1167 
5151 2028 1561 1762 17 
5152 1546 1389 1547 2155 
5153 1756 1391 1757 1755 
5154 1168 1432 2194 1844 
5155 1780 1547 1545 1546 
5156 2028 1762 16 17 
5157 1545 1988 2194 1546 
5158 1545 1546 1548 1988 
5159 1711 20 1467 1507 
5160 1162 1527 1206 60 
5161 1527 60 1507 37 
5162 1527 1251 1248 1040 
5163 1711 1547 1163 1545 
5164 1162 1545 1527 60 
5165 1163 1988 1164 1162 
5166 1161 1163 1162 88 
5167 1595 1489 2205 1502 
5168 2046 1989 1548 1988 
5169 1768 1769 1227 1862 
5170 1104 1265 1889 1330 
5171 1389 1391 2098 1611 
5172 1822 1847 1370 1117 
5173 1491 1490 1884 1720 
5174 1335 1550 1549 1930 
5175 2015 2187 1756 2199 
5176 1547 2139 1548 2155 
5177 2167 1767 1748 121 
5178 2205 1538 2188 1502 
5179 2187 2199 2142 1581 
5180 1359 1848 1358 2069 
5181 1359 2150 2040 2069 
5182 1059 1257 1256 2110 
5183 1018 2042 1019 194 
5184 996 2150 1516 1605 
5185 2150 2040 2069 2195 
5186 2195 1185 1184 998 
5187 1359 1516 1366 2150 
5188 1366 1368 1170 998 
5189 1093 2198 2047 1883 
5190 1845 1648 2169 1473 
5191 1321 1883 2017 2071 
5192 1464 124 1485 125 
5193 1064 1457 1731 1820 
5194 124 1794 158 1485 
5195 2028 1762 1642 16 
5196 2165 192 1095 156 
5197 1558 2080 1516 1559 
5198 2138 1483 1989 1510 
5199 1389 1611 1780 1612 
5200 1168 2194 1169 1844 
5201 996 1516 1515 1605 
5202 2139 1548 1483 1547 
5203 2046 1367 2138 2047 
5204 1432 1368 1101 1844 
5205 2138 1989 2047 1883 
5206 996 1515 1516 1368 
5207 2150 2069 997 998 
5208 1945 1977 1914 1147 
5209 1516 1515 1367 1368 
5210 2000 2017 1883 2010 
5211 2028 1590 33 16 
5212 1999 1558 1224 1720 
5213 1093 1883 1321 2071 
5214 1591 2068 2067 1794 
5215 1593 2077 2078 234 
5216 2037 2112 2161 2196 
5217 2018 1774 2166 1523 
5218 1143 90 123 91 
5219 1142 123 1143 2041 
5220 1517 1096 1579 1580 
5221 2028 33 1590 1561 
5222 2160 234 1151 2077 
5223 2032 1800 1799 2020 
5224 1227 1490 1884 1862 
5225 2177 1570 2149 2168 
5226 1530 1575 1647 246 
5227 2066 2007 1929 2109 
5228 1768 1770 1454 1253 
5229 1226 1233 1861 1452 
5230 2056 1860 1861 1838 
5231 1861 1687 1225 2139 
5232 1719 2016 1943 2080 
5233 1226 1991 1365 1452 
5234 1226 1483 1991 1452 
5235 1457 95 1859 66 
5236 1999 2017 2000 2010 
5237 1591 2067 2068 1592 
5238 1063 1064 1731 94 
5239 1450 41 1816 40 
5240 1142 2000 1485 2041 
5241 1592 2066 2109 2067 
5242 2032 161 1799 1801 
5243 1451 20 1466 1200 
5244 1819 1732 1801 1802 
5245 2178 2128 1301 1947 
5246 1352 1354 131 166 
5247 2105 1570 202 201 
5248 1115 167 133 132 
5249 1536 1492 1537 1109 
5250 1793 1415 1520 1416 
5251 2028 16 33 17 
5252 1758 272 237 236 
5253 2066 1500 2007 2067 
5254 2066 2067 2007 2109 
5255 1299 1776 1737 1833 
5256 1457 1859 1232 66 
5257 2032 198 161 197 
5258 2066 1929 1731 1732 
5259 1464 1465 1794 1485 
5260 1143 123 90 122 
5261 1226 1227 1233 1066 
5262 1731 1457 1732 1929 
5263 1064 1465 2007 1500 
5264 1783 1109 1784 1823 
5265 1384 2011 2044 2043 
5266 1924 1934 1712 1529 
5267 1109 1866 1492 1867 
5268 1570 202 1704 1852 
5269 2032 2109 1801 1800 
5270 1370 133 100 132 
5271 2171 1840 1341 1865 
5272 1369 1934 1103 1550 
5273 2081 2023 1343 1857 
5274 1947 1832 2204 1946 
5275 2113 1943 2180 1963 
5276 2015 2130 1756 2187 
5277 1430 274 2162 239 
5278 1917 1920 1624 2181 
5279 1759 274 239 238 
5280 1570 1571 1110 1852 
5281 1705 277 241 276 
5282 2113 1867 1300 1537 
5283 2020 1523 1800 1867 
5284 1304 2008 1077 1620 
5285 1769 1770 1954 1862 
5286 1867 1523 1522 1524 
5287 1087 1747 1496 1857 
5288 1943 1594 1923 1524 
5289 2019 1799 2147 2020 
5290 2015 1167 2187 1559 
5291 1331 1701 1728 1319 
5292 1664 1705 1702 1666 
5293 1082 1354 1370 99 
5294 2106 1979 1868 129 
5295 1840 169 134 168 
5296 1590 1255 1472 1484 
5297 1115 133 167 168 
5298 1840 133 1115 168 
5299 2192 1839 135 134 
5300 1970 1853 242 277 
5301 1728 74 48 73 
5302 1834 1981 1383 1384 
5303 1117 167 166 203 
5304 1571 1704 1570 1572 
5305 1852 1114 1117 203 
5306 1270 1049 1271 1535 
5307 1336 2174 1265 1330 
5308 1822 1347 1434 1370 
5309 1549 1840 1930 1552 
5310 1228 1726 1501 1231 
5311 1088 1564 1712 1986 
5312 1346 1439 1347 71 
5313 1263 1054 1641 2174 
5314 1106 1105 1103 1501 
5315 2113 2180 1536 1538 
5316 2026 1230 1885 1231 
5317 1294 1156 1240 137 
5318 1756 1167 2098 1581 
5319 1265 1330 1266 2009 
5320 1307 1309 1643 1310 
5321 1265 2174 1266 1330 
5322 1265 1529 1054 2174 
5323 1949 73 1319 102 
5324 1272 1551 1271 1549 
5325 1839 1864 1549 1338 
5326 1981 2044 311 341 
5327 1089 2082 2191 2107 
5328 1263 1266 2094 1264 
5329 1493 1424 1990 1646 
5330 1960 1917 1919 1024 
5331 1051 1054 1053 1022 
5332 1564 1928 1550 1551 
5333 1022 1264 1023 1924 
5334 1053 1036 1038 1920 
5335 2188 1023 1051 1961 
5336 1265 2009 1266 1264 
5337 1331 1336 1701 1319 
5338 1265 1264 2199 2009 
5339 1067 1068 1901 2009 
5340 1754 1105 2009 1889 
5341 1377 1188 2099 12 
5342 1880 1186 1177 1310 
5343 1157 1158 1156 1260 
5344 1889 1330 1265 2009 
5345 1852 1784 1847 2051 
5346 1924 1054 1022 1265 
5347 1331 1329 1888 1699 
5348 1880 1377 1644 5 
5349 2172 1230 2170 44 
5350 1829 1109 1107 1108 
5351 1370 1354 1117 1115 
5352 1880 5 1644 1 
5353 1888 1638 1889 1187 
5354 1726 70 1347 71 
5355 1638 1186 1310 1648 
5356 1336 1529 1265 2174 
5357 2169 1901 2143 1473 
5358 1103 1934 1529 1550 
5359 1369 1550 1930 1552 
5360 1320 1187 1888 1106 
5361 1319 47 72 73 
5362 1949 136 103 135 
5363 1319 72 102 73 
5364 2099 27 1320 1699 
5365 1191 1335 1190 1103 
5366 1191 1355 1320 1106 
5367 1331 1106 1888 1889 
5368 1191 1319 1336 1160 
5369 1260 1329 1331 1607 
5370 1331 1336 1319 1160 
5371 1331 1607 1329 1609 
5372 1191 1320 1192 1160 
5373 2026 1597 1860 2087 
5374 1980 1830 1174 2200 
5375 1829 1352 1108 1353 
5376 2205 1021 1264 1023 
5377 2205 1598 1596 1502 
5378 1192 1355 1727 1814 
5379 1732 1858 1802 1172 
5380 1813 1727 2026 1814 
5381 1880 1202 1644 1177 
5382 1590 1001 1561 33 
5383 2172 1174 2170 1173 
5384 1455 2087 1454 1817 
5385 2026 1860 1597 1885 
5386 2026 1231 1105 1814 
5387 2092 1456 2045 1885 
5388 1924 1054 1265 1529 
5389 2200 1830 1353 97 
5390 2015 2187 1167 2130 
5391 1104 1265 2199 2009 
5392 1721 2060 2085 2001 
5393 1757 2087 1391 1838 
5394 2188 1538 1784 1502 
5395 2172 2200 1173 1229 
5396 1731 95 1457 94 
5397 1063 1233 1065 64 
5398 2172 1174 1173 2200 
5399 2106 165 1352 130 
5400 2200 1353 1082 98 
5401 1961 1088 1947 1948 
5402 2200 1082 1353 1830 
5403 1104 1889 1106 1330 
5404 2205 2187 2015 2199 
5405 1851 4 11 12 
5406 1760 1506 1612 1203 
5407 1813 1727 26 25 
5408 1453 23 1817 22 
5409 1456 1770 1454 1885 
5410 2056 1861 1768 1233 
5411 1455 9 1553 1817 
5412 1171 1253 1454 1770 
5413 1453 1456 1171 1454 
5414 2138 1883 2047 2198 
5415 1554 3 9 10 
5416 2026 1598 1105 1231 
5417 1880 1189 1186 1188 
5418 2045 2087 2026 1860 
5419 1553 3 1234 9 
5420 1554 4 3 10 
5421 2173 1230 1228 1229 
5422 2099 1320 1814 1187 
5423 23 2092 24 43 
5424 1726 1434 1347 70 
5425 1105 1104 1889 1106 
5426 2092 10 23 24 
5427 1228 1501 1229 1231 
5428 1230 44 45 25 
5429 1827 1180 1458 1070 
5430 1378 1187 2099 1188 
5431 1175 1762 1176 1178 
5432 1188 1187 1814 1189 
5433 1880 4 5 1 
5434 1186 1755 1177 1648 
5435 1157 1639 1260 1240 
5436 2186 1116 1935 1986 
5437 1346 1190 71 72 
5438 1346 100 101 71 
5439 1531 1050 1270 1049 
5440 1590 1255 1484 32 
5441 1949 1319 1950 102 
5442 1156 1294 1240 1238 
5443 1728 1607 1609 74 
5444 1949 1728 1701 1319 
5445 1728 74 73 103 
5446 1254 1260 1728 1607 
5447 1728 103 104 74 
5448 1949 1338 1158 136 
5449 1949 1728 73 103 
5450 1949 73 102 103 
5451 104 1949 136 103 
5452 1238 1239 1156 1111 
5453 1158 136 137 104 
5454 1949 73 1728 1319 
5455 1254 1728 1949 103 
5456 2053 2065 2193 2082 
5457 1530 208 209 172 
5458 1157 1271 1270 1049 
5459 1533 1804 1793 246 
5460 1532 1535 1534 1671 
5461 1746 311 2044 312 
5462 2053 280 244 279 
5463 1864 1049 1271 1338 
5464 1049 1158 1338 136 
5465 1640 1293 1053 1641 
5466 1671 207 1531 171 
5467 1531 1050 1049 172 
5468 1640 1295 1270 1050 
5469 1549 1338 1272 1928 
5470 1131 1399 1130 1243 
5471 2081 1670 1341 206 
5472 1190 1191 1160 1319 
5473 1840 1115 1341 168 
5474 1346 1190 1930 1439 
5475 1840 169 1341 1865 
5476 1839 135 134 169 
5477 1190 71 1439 1346 
5478 1671 1271 1864 171 
5479 1935 1551 2175 1986 
5480 1666 276 275 309 
5481 1774 1523 1300 1524 
5482 1430 1759 239 238 
5483 1570 202 1852 1108 
5484 1783 1502 1538 1489 
5485 1891 272 306 273 
5486 1704 1703 1852 203 
5487 1430 1570 1704 1572 
5488 2128 1387 1487 2164 
5489 2177 2178 1300 2149 
5490 1852 2051 1571 1110 
5491 1819 1732 1929 1801 
5492 1962 2180 1943 1963 
5493 2168 238 239 201 
5494 1806 2162 2054 2204 
5495 2168 200 238 201 
5496 2148 2147 2019 200 
5497 2146 1570 2149 1110 
5498 1536 1538 1492 1109 
5499 2029 1961 1397 2176 
5500 1306 367 366 388 
5501 1746 1853 1747 1836 
5502 1852 1114 203 1703 
5503 1665 1886 2128 1947 
5504 2125 403 388 387 
5505 1663 2083 1664 1666 
5506 2016 2049 2069 2040 
5507 2029 1961 1960 1963 
5508 1615 1996 1997 1624 
5509 1304 1620 1306 1305 
5510 1626 342 2043 1305 
5511 1539 2058 305 1388 
5512 1970 1703 2186 1702 
5513 1685 1603 1058 1057 
5514 1618 1619 1503 1879 
5515 2075 413 412 417 
5516 1306 1077 388 387 
5517 1618 1079 1304 1958 
5518 1305 341 1384 367 
5519 2011 1834 2044 1836 
5520 2128 1387 2164 2204 
5521 2037 1363 2112 2196 
5522 1834 1836 1383 1981 
5523 1619 2189 1080 1617 
5524 279 1746 1344 1345 
5525 1301 1298 2178 1300 
5526 2145 308 339 309 
5527 1087 2012 1856 1496 
5528 1673 1716 2126 1675 
5529 1959 1077 1306 2126 
5530 1673 2126 1716 1674 
5531 1487 1388 1387 2058 
5532 336 1539 304 305 
5533 1486 2206 338 365 
5534 1536 1962 1491 1489 
5535 1054 2188 1924 1023 
5536 2090 338 2206 339 
5537 1746 2179 1345 312 
5538 1732 1858 128 1802 
5539 1806 2204 2164 1387 
5540 1737 2203 1869 1278 
5541 1948 1571 1088 2052 
5542 1970 1835 1705 1702 
5543 2083 277 1705 276 
5544 1835 1702 2186 1948 
5545 1943 1522 1594 1524 
5546 1663 340 1381 1981 
5547 2051 1088 2188 1712 
5548 1051 1089 2176 2191 
5549 2011 2012 1835 1836 
5550 1089 2191 2116 2176 
5551 1345 2082 2011 2012 
5552 1959 2126 1306 1744 
5553 2179 2043 2011 1081 
5554 1089 2116 2191 2082 
5555 2164 337 338 307 
5556 1431 1705 1704 241 
5557 2149 1110 2052 2178 
5558 1835 1705 1836 1853 
5559 1087 2012 1089 1856 
5560 2053 2063 2065 2024 
5561 1970 242 1344 2059 
5562 2053 2024 1343 2023 
5563 1981 311 2044 310 
5564 311 2083 277 1853 
5565 2177 2168 2149 1771 
5566 1306 366 1744 387 
5567 1397 1396 1886 1398 
5568 1399 1243 1242 1130 
5569 1618 1620 1619 2008 
5570 1615 1927 1879 2008 
5571 1626 1305 2043 1081 
5572 1626 1305 1079 1958 
5573 2201 2075 1078 413 
5574 1382 1397 1674 1398 
5575 987 1080 2179 2193 
5576 1283 2136 2075 2182 
5577 1079 1080 2116 1081 
5578 1276 1805 2013 1277 
5579 1627 1504 989 1525 
5580 1627 2006 1503 1525 
5581 2189 1037 1036 1038 
5582 2006 1503 1618 990 
5583 1627 989 1504 990 
5584 2006 1304 1618 1905 
5585 2006 1905 1618 1525 
5586 1304 388 1077 404 
5587 1618 990 1503 1079 
5588 2189 1997 2116 2176 
5589 1035 2013 1505 1779 
5590 2065 1718 1805 2107 
5591 2025 1805 1736 1520 
5592 2013 1035 1038 1805 
5593 2116 1396 1382 1834 
5594 2081 206 1341 205 
5595 2081 1340 2059 205 
5596 1345 280 279 313 
5597 1261 1046 1047 1372 
5598 1089 2176 2116 1090 
5599 2011 2043 1384 1081 
5600 2059 1340 243 205 
5601 1705 242 241 277 
5602 1746 1345 2012 1496 
5603 1997 1920 1036 2181 
5604 1997 1382 2116 2176 
5605 1035 1779 1046 1044 
5606 1925 1257 1258 1926 
5607 2191 1920 1053 1038 
5608 2189 2107 1805 1038 
5609 1917 1624 1625 2181 
5610 1259 1036 1917 2050 
5611 1060 2104 1918 2070 
5612 2075 412 1342 417 
5613 1850 1795 2161 2118 
5614 1626 990 1079 1081 
5615 1214 414 415 406 
5616 1629 1690 1886 1797 
5617 1810 2022 1495 1717 
5618 1076 389 1304 404 
5619 1525 1198 345 370 
5620 2117 1285 1938 1286 
5621 1076 1565 1394 405 
5622 1622 2008 1615 1996 
5623 1486 338 364 365 
5624 1810 2201 1714 402 
5625 1419 1481 1603 1480 
5626 1078 404 414 405 
5627 1565 1927 1392 1215 
5628 1850 1628 2118 2104 
5629 1664 1834 1948 1835 
5630 1996 1619 1997 1620 
5631 1715 2075 2201 2136 
5632 2201 2182 1078 2075 
5633 1381 367 340 366 
5634 1806 274 273 307 
5635 1688 1495 1427 1745 
5636 1399 2072 1243 1376 
5637 2029 1628 1795 1623 
5638 2075 1078 414 2182 
5639 1810 1717 2201 1765 
5640 1715 2182 2075 2136 
5641 2201 1078 2182 1075 
5642 1463 1058 1992 1480 
5643 1634 1714 1717 1675 
5644 1304 1958 1079 1305 
5645 1076 1905 1304 389 
5646 2189 1617 1036 1037 
5647 2043 341 342 311 
5648 1305 367 368 342 
5649 1382 1834 1383 1384 
5650 1382 1383 1834 1396 
5651 2043 312 311 342 
5652 1626 368 369 343 
5653 1076 404 1304 1077 
5654 1958 369 368 389 
5655 1627 1503 1504 1525 
5656 987 1627 989 344 
5657 2006 990 1618 1958 
5658 2006 389 1905 390 
5659 2006 389 390 369 
5660 1746 278 1344 1853 
5661 2193 1277 2013 2107 
5662 1504 2013 1080 989 
5663 2065 1805 1804 1277 
5664 2053 2193 1345 2082 
5665 987 989 1627 990 
5666 2053 2023 1343 245 
5667 2193 2107 2013 1080 
5668 1746 278 311 312 
5669 2179 1080 1626 1081 
5670 1399 1243 2072 1242 
5671 2043 312 2044 311 
5672 1343 2023 244 245 
5673 2065 2107 1805 1277 
5674 2043 1384 1305 341 
5675 2043 341 1305 342 
5676 1981 311 310 341 
5677 2043 1081 1305 1384 
5678 1834 2044 1981 1384 
5679 2025 1520 1415 1416 
5680 1935 1551 1669 1857 
5681 1948 1834 1396 1090 
5682 1344 243 278 279 
5683 1343 243 1344 279 
5684 1970 1344 1747 2059 
5685 1114 1970 1340 204 
5686 2051 1987 1088 1712 
5687 1563 1157 1701 1338 
5688 1340 204 242 205 
5689 1114 1116 1703 1852 
5690 2081 1857 1496 2059 
5691 1663 1383 1664 2083 
5692 987 2193 988 1080 
5693 1052 1053 1641 1640 
5694 1563 1272 1054 1641 
5695 1532 1531 1671 207 
5696 1534 2024 1856 1718 
5697 1669 1551 1271 1272 
5698 1671 1531 1535 1271 
5699 1530 1050 1531 172 
5700 1746 2044 1853 1836 
5701 1395 1735 1325 1437 
5702 1856 1272 1718 1052 
5703 1087 2012 1747 1090 
5704 1669 1718 1640 1535 
5705 1534 1857 1856 2024 
5706 1089 2116 2012 1090 
5707 2064 2065 1804 1277 
5708 1114 1115 1117 167 
5709 1344 1853 278 277 
5710 1087 1935 2186 2059 
5711 1669 1272 1640 1718 
5712 1533 1640 1535 1575 
5713 1670 207 1671 170 
5714 2064 314 280 313 
5715 1532 1531 207 208 
5716 1533 1535 1640 1718 
5717 1640 1050 1535 1575 
5718 1276 1713 2013 1660 
5719 1662 1812 1779 1044 
5720 1130 1325 1242 1399 
5721 2029 1797 1397 1798 
5722 1976 1556 1494 1209 
5723 1089 1856 2012 2082 
5724 2065 2107 2193 2082 
5725 2179 2193 1080 2082 
5726 1793 1295 1415 1416 
5727 1746 1344 1345 1496 
5728 1549 1338 1271 1272 
5729 2189 1038 1036 1920 
5730 2116 2012 2011 2082 
5731 1629 1996 1397 1674 
5732 1053 1556 1602 1022 
5733 1793 1647 1295 1575 
5734 1661 315 283 282 
5735 1530 2063 1533 246 
5736 1647 247 209 246 
5737 247 1792 210 248 
5738 1647 210 209 247 
5739 1035 1044 1736 1779 
5740 2064 1804 2065 2063 
5741 1518 1662 1519 283 
5742 1518 1661 1662 283 
5743 1263 1265 1054 2174 
5744 2134 1442 1011 2048 
5745 1662 1695 1519 284 
5746 1035 1332 1036 1038 
5747 1518 1662 1661 1520 
5748 1793 1295 1416 1575 
5749 1583 1119 1332 1676 
5750 1332 2025 1736 1676 
5751 1130 1325 1887 1242 
5752 1332 1053 1602 1038 
5753 1667 1073 1072 1379 
5754 1399 1735 1325 1125 
5755 2156 1350 1854 1349 
5756 1533 2063 1804 246 
5757 1793 1804 1661 247 
5758 1804 1805 1718 1416 
5759 1518 1519 1662 1520 
5760 1661 1805 1804 1520 
5761 1661 1660 1805 1520 
5762 281 1661 1804 247 
5763 1519 283 249 248 
5764 1563 1054 1529 2174 
5765 211 1936 1786 212 
5766 2183 1009 1008 1010 
5767 1518 247 1661 282 
5768 1026 1786 1252 212 
5769 1662 1519 1672 1736 
5770 1218 2031 1219 1118 
5771 1333 1213 1046 1037 
5772 1577 1433 1252 250 
5773 1583 1218 1672 1584 
5774 1276 2013 1805 1660 
5775 1662 284 283 316 
5776 1197 1371 347 372 
5777 1046 1037 1505 1779 
5778 1812 346 317 316 
5779 1035 1805 2013 1779 
5780 1518 248 247 282 
5781 1518 1519 1936 248 
5782 1518 1936 1792 248 
5783 1518 1793 1661 247 
5784 1518 1793 1792 1415 
5785 1662 1812 1695 316 
5786 1695 317 1578 284 
5787 1519 1577 249 284 
5788 1519 1577 1936 249 
5789 1713 314 989 315 
5790 1276 315 1713 1660 
5791 1276 1277 314 281 
5792 1276 314 315 282 
5793 1713 1812 1660 316 
5794 1713 1660 315 316 
5795 1713 315 989 345 
5796 2189 2107 2013 1805 
5797 2189 1080 1505 2013 
5798 2013 1277 1805 2107 
5799 2064 1804 2063 281 
5800 2064 313 2193 314 
5801 1394 406 1393 391 
5802 1394 406 391 405 
5803 1394 391 1905 390 
5804 1076 390 1394 1905 
5805 1394 391 390 405 
5806 1394 1215 1393 406 
5807 1213 1380 1668 1372 
5808 1667 1379 1668 1938 
5809 1803 1525 1879 1905 
5810 1904 1392 1565 1927 
5811 1622 1683 1623 1682 
5812 1565 1392 1394 1215 
5813 1618 1620 1304 1079 
5814 2125 2201 1715 1075 
5815 1197 1372 1371 372 
5816 1790 1198 1525 391 
5817 1197 1046 1261 1372 
5818 1198 1616 1803 1525 
5819 1198 1803 1616 1380 
5820 1790 391 1394 1393 
5821 1790 371 392 372 
5822 1045 1584 1469 1915 
5823 1477 393 1585 394 
5824 1477 1328 1141 1327 
5825 1477 1373 1262 393 
5826 1477 1327 1141 374 
5827 1477 393 1262 1585 
5828 1379 1477 1373 1262 
5829 2003 1379 1286 1262 
5830 1379 1141 1477 1328 
5831 1379 1477 1141 1373 
5832 1971 1072 1379 1373 
5833 1213 1668 1380 1616 
5834 2096 1667 1938 1328 
5835 2003 1477 1379 1262 
5836 2003 1478 1237 1327 
5837 2003 1237 2033 1327 
5838 1938 1285 1284 1286 
5839 1274 2003 1478 1589 
5840 2003 1477 1327 1328 
5841 2003 1478 1477 1585 
5842 2003 1274 1478 1585 
5843 2003 1327 1477 1478 
5844 1273 1585 407 408 
5845 1273 407 415 408 
5846 1273 408 415 416 
5847 1306 1744 2126 387 
5848 1214 415 407 406 
5849 1334 1765 1965 401 
5850 414 2182 1565 1214 
5851 1603 398 399 381 
5852 1273 1585 1215 407 
5853 1964 1334 1419 1965 
5854 1667 1072 1073 1333 
5855 1622 2008 1075 1927 
5856 2117 1879 1392 1616 
5857 1214 1273 1275 1215 
5858 1392 1215 1286 1393 
5859 1392 1215 1927 1286 
5860 1076 2008 1565 1075 
5861 1904 1394 1076 1565 
5862 1904 1565 2008 1927 
5863 1622 1075 1996 1715 
5864 414 2182 1078 1565 
5865 1565 1075 2008 1927 
5866 1565 2182 1075 1927 
5867 1283 2182 2075 1275 
5868 1959 1305 1620 1384 
5869 1283 2075 2136 1275 
5870 1283 1682 1285 1284 
5871 1622 1715 1996 1683 
5872 1996 1397 1382 2176 
5873 1622 1285 1682 1625 
5874 1996 1382 1997 2176 
5875 1285 1625 1939 1284 
5876 1285 1939 1625 2181 
5877 1285 1625 1624 2181 
5878 1938 1286 1284 1274 
5879 1668 1286 1938 1379 
5880 2096 1938 1667 1939 
5881 2144 2135 1196 1574 
5882 1060 2104 2070 1707 
5883 1938 1274 2003 1286 
5884 2156 1843 1916 1401 
5885 1333 1072 1047 1372 
5886 1333 1046 1047 1044 
5887 1583 1071 1332 1601 
5888 1256 1919 1258 2049 
5889 1797 1690 2184 1745 
5890 1589 2140 395 396 
5891 2050 1625 1939 2181 
5892 1032 1476 1734 1907 
5893 1024 1036 1053 1920 
5894 1053 1038 1036 1602 
5895 1036 1024 1602 1259 
5896 1583 1672 1577 1676 
5897 1022 1602 1024 1555 
5898 2156 1350 1376 1247 
5899 1263 1556 1022 2094 
5900 1917 1625 2050 2181 
5901 1960 1920 1917 1024 
5902 1960 1961 1051 1023 
5903 1036 2181 1037 1617 
5904 2189 1080 2107 2082 
5905 2189 2107 2191 2082 
5906 1629 1683 1715 1717 
5907 1053 1602 1024 1022 
5908 1263 1265 1264 1022 
5909 1053 1052 2107 1718 
5910 2191 1052 1053 1920 
5911 2107 2025 1053 1718 
5912 1035 1333 1037 1036 
5913 1207 1028 1414 1119 
5914 1053 1054 1052 1641 
5915 1493 1990 1260 1239 
5916 1052 1053 1640 1718 
5917 2025 1805 2107 1038 
5918 2156 1916 1376 1401 
5919 1332 1119 2025 1676 
5920 1332 1602 1036 1038 
5921 2025 1416 1053 1718 
5922 2107 2025 1038 1053 
5923 2025 1718 1805 1416 
5924 1563 1270 1272 1641 
5925 1071 1073 1072 1333 
5926 2133 1606 1123 287 
5927 1071 1601 1724 1008 
5928 1543 1709 1766 1033 
5929 1713 2013 1505 1504 
5930 1504 989 1198 1212 
5931 1037 1505 1617 1503 
5932 1503 1504 1525 1616 
5933 1213 1198 1380 1372 
5934 1037 2189 1505 1038 
5935 1213 1380 1198 1616 
5936 1504 1198 1525 1616 
5937 1503 1525 1879 1616 
5938 987 988 313 314 
5939 1503 1616 1617 1037 
5940 1504 989 1080 990 
5941 1504 1212 1713 989 
5942 1626 1958 1079 990 
5943 1333 1668 1072 1372 
5944 1333 1213 1668 1372 
5945 1371 1373 1072 1449 
5946 2117 1927 1392 1879 
5947 1213 1212 1504 1198 
5948 1606 1915 1386 319 
5949 1045 1578 1695 317 
5950 1371 347 348 318 
5951 1213 1504 1037 1616 
5952 1197 1812 1046 1212 
5953 1213 1037 1668 1616 
5954 1035 1046 1333 1044 
5955 1046 1779 1812 1044 
5956 1046 1812 1779 1212 
5957 1044 1045 1695 1046 
5958 1046 1812 1695 1044 
5959 1009 1288 1221 1287 
5960 1045 1044 1695 1578 
5961 1045 317 347 318 
5962 1197 1790 1380 372 
5963 1071 1047 1584 1044 
5964 1371 348 372 373 
5965 1197 1380 1198 1372 
5966 1667 1616 2117 1668 
5967 1667 1036 2181 1037 
5968 1667 1037 1333 1036 
5969 1667 1333 1073 1601 
5970 1667 1668 2117 1938 
5971 2096 1287 1073 1328 
5972 1217 1386 1385 1010 
5973 1216 2030 1217 1219 
5974 1333 1668 1213 1037 
5975 1067 1121 1901 1069 
5976 1606 1915 1385 1386 
5977 2133 1606 1217 1123 
5978 1584 1074 1385 1915 
5979 1635 1577 1433 1252 
5980 1219 2031 1209 1118 
5981 1317 1682 1694 1275 
5982 1846 1326 1557 350 
5983 1846 1557 349 350 
5984 1846 1449 1915 1072 
5985 1074 1008 1385 1010 
5986 1071 1074 1073 1008 
5987 1606 1584 1218 1385 
5988 1074 1047 1072 1915 
5989 1971 1326 2183 1141 
5990 1846 1141 1326 350 
5991 1846 349 1141 350 
5992 1007 1009 1422 1557 
5993 1846 1449 1141 349 
5994 2156 1376 1916 1247 
5995 1071 1047 1333 1072 
5996 1583 1209 1332 1119 
5997 1218 1469 1577 1578 
5998 1583 1676 1332 1736 
5999 1469 285 1578 318 
6000 1045 1584 1047 1044 
6001 1672 1044 1736 1676 
6002 1583 1209 1219 1332 
6003 1583 1219 1071 1601 
6004 1209 1118 1028 1119 
6005 1656 1751 1752 1975 
6006 1635 1577 1118 2031 
6007 1655 1067 1120 1709 
6008 2133 253 252 287 
6009 1808 1252 1635 1433 
6010 1635 1028 1118 1029 
6011 2134 2048 1011 1656 
6012 1583 1577 1218 1118 
6013 1118 1577 1029 1676 
6014 1118 1029 1119 1676 
6015 1606 1469 1218 1584 
6016 1267 1217 1123 2133 
6017 1583 1676 1736 1044 
6018 1209 1601 1332 1556 
6019 1218 2031 1577 1433 
6020 1209 1556 1033 1601 
6021 1120 1709 1067 2094 
6022 1071 1047 1074 1915 
6023 1032 1008 1315 1288 
6024 1217 1219 1724 1385 
6025 1032 1268 1288 1316 
6026 1071 1724 1385 1008 
6027 1475 1267 1568 2132 
6028 1315 1033 1031 1556 
6029 1735 1130 1437 1791 
6030 1724 2030 1543 1219 
6031 1724 1124 1385 1008 
6032 1445 2127 2185 1443 
6033 1351 1733 1288 1221 
6034 1733 1221 1772 2084 
6035 1182 1445 1659 1772 
6036 1656 1122 1908 1766 
6037 1032 1316 1734 1268 
6038 1315 1289 2050 1259 
6039 1733 1734 1246 1316 
6040 1128 1569 2132 1476 
6041 1208 2031 1635 1118 
6042 1128 1691 1544 1476 
6043 1030 1734 1246 1312 
6044 1120 2094 1555 1766 
6045 1766 1655 1120 1709 
6046 2142 1581 1243 1132 
6047 1317 1284 1682 1275 
6048 2002 2152 1196 2129 
6049 1351 1246 1733 1772 
6050 1009 1221 1288 1649 
6051 1256 1289 1967 2110 
6052 1475 1268 1267 1124 
6053 2110 1182 1245 1030 
6054 1071 1073 1601 1008 
6055 1733 1588 2084 1809 
6056 2183 1008 1073 1074 
6057 2183 1557 320 1846 
6058 1422 1269 1123 288 
6059 1971 1373 1379 1141 
6060 1009 1008 1288 1287 
6061 1971 1326 1141 1328 
6062 1071 1584 1047 1915 
6063 2183 1557 1009 1010 
6064 1009 1326 1287 1461 
6065 2183 1557 1010 320 
6066 1009 1328 1287 1326 
6067 2183 1008 1074 1010 
6068 2183 1557 1846 1326 
6069 1971 1074 1073 1072 
6070 1009 1557 1326 2102 
6071 1009 1287 1073 1008 
6072 1269 289 255 254 
6073 1655 1709 1543 1208 
6074 1267 1123 1269 288 
6075 1422 321 289 288 
6076 1267 253 1123 288 
6077 1586 322 1422 1557 
6078 1422 289 1269 288 
6079 1267 1268 1568 1269 
6080 1269 289 254 288 
6081 1586 1009 1007 1649 
6082 1733 1734 1268 1876 
6083 1972 1311 1974 1290 
6084 1148 1764 1149 1809 
6085 1700 1269 1268 1649 
6086 1749 80 1654 79 
6087 1906 1447 2074 1120 
6088 1606 252 1216 1433 
6089 1460 290 1893 291 
6090 1126 1569 1127 217 
6091 1030 1032 1316 1734 
6092 1126 1127 1129 217 
6093 1807 1956 2031 1635 
6094 1127 1876 1700 1268 
6095 2156 1400 1349 1401 
6096 1739 142 177 178 
6097 2132 215 253 216 
6098 1216 1218 1217 1433 
6099 1511 1750 1440 1448 
6100 1217 1724 2030 1124 
6101 1217 1385 1724 1124 
6102 1606 1218 1217 1385 
6103 1123 1217 1124 1010 
6104 1997 1382 1620 2116 
6105 1088 1087 1986 2186 
6106 2191 2107 1053 1052 
6107 2191 1053 2107 1038 
6108 1961 1947 1396 1948 
6109 1568 1569 2132 216 
6110 1007 1010 1422 1123 
6111 1267 1269 1568 254 
6112 1568 254 1569 216 
6113 1568 2132 253 216 
6114 1267 1268 1007 1124 
6115 1475 1127 1568 1268 
6116 2036 1808 214 1957 
6117 1218 1219 1217 1385 
6118 1218 1672 1578 1577 
6119 1606 1218 1433 1217 
6120 1045 1578 1584 1044 
6121 1469 286 1433 285 
6122 1123 287 320 288 
6123 1123 1386 1217 1010 
6124 1267 254 253 288 
6125 1267 254 1568 253 
6126 1123 320 1386 1010 
6127 1123 320 1010 288 
6128 2116 1382 1396 2176 
6129 1669 1718 1856 1272 
6130 1856 1496 2024 1857 
6131 1935 1669 1865 1857 
6132 1970 1705 1853 277 
6133 1970 242 1705 277 
6134 1970 1344 242 1853 
6135 1114 168 1115 167 
6136 1747 2059 1496 1857 
6137 1344 2059 242 243 
6138 1344 242 1853 277 
6139 1344 278 242 277 
6140 1746 278 2044 311 
6141 1970 1705 1835 1853 
6142 1344 1496 1747 2059 
6143 1970 2186 1835 1702 
6144 1533 2065 2063 2024 
6145 1533 1718 2065 2024 
6146 2063 281 245 280 
6147 2053 1343 1345 279 
6148 2063 281 1804 246 
6149 2063 245 281 246 
6150 1534 1857 1669 1856 
6151 2053 1345 2024 2082 
6152 1670 169 206 170 
6153 1534 1718 1669 1535 
6154 1534 1671 1670 2023 
6155 1857 1343 2024 2023 
6156 1670 1865 169 170 
6157 1511 1729 1650 1652 
6158 2023 244 245 207 
6159 2023 207 206 244 
6160 1027 1028 1029 1786 
6161 1807 1808 1635 2031 
6162 1655 1656 1122 2039 
6163 1027 1786 212 211 
6164 2134 1207 1208 1646 
6165 1541 1543 1656 1544 
6166 1014 140 1417 1645 
6167 2030 1544 1033 1543 
6168 1026 1013 176 1741 
6169 1026 176 1027 175 
6170 1785 211 1621 174 
6171 1011 1741 142 141 
6172 1807 213 1808 214 
6173 1807 1956 177 178 
6174 1026 176 175 212 
6175 1026 1029 1252 1786 
6176 1208 1118 1209 2031 
6177 1511 1651 1750 1448 
6178 1656 1740 1975 1653 
6179 1013 140 175 176 
6180 1645 1621 175 1159 
6181 1493 1207 1494 1646 
6182 1621 1786 1027 211 
6183 1414 1028 1027 1786 
6184 1785 1786 1621 211 
6185 1614 1238 1621 2131 
6186 1156 1294 1238 1111 
6187 1511 1440 1016 1448 
6188 1621 1646 1027 2131 
6189 1645 1621 1027 175 
6190 139 1621 1159 175 
6191 1111 1113 1112 1239 
6192 1614 1621 139 174 
6193 1614 1294 1621 174 
6194 1112 1113 1211 1425 
6195 1614 1294 1238 2131 
6196 1614 1621 1159 139 
6197 1414 1119 1029 1415 
6198 1414 1029 1119 1028 
6199 1414 1415 2025 1119 
6200 1414 2025 1415 1416 
6201 1493 1494 1976 1263 
6202 1293 1718 1053 1416 
6203 1670 1669 1857 1865 
6204 1976 1119 1332 1556 
6205 1293 2131 1294 1295 
6206 1640 1272 1641 1052 
6207 1293 1295 1414 2131 
6208 1293 1414 1295 1416 
6209 1207 2131 1646 1238 
6210 1640 1669 1270 1272 
6211 1049 1270 1048 1050 
6212 1270 1049 1294 1240 
6213 1064 1500 1731 126 
6214 1639 1270 1640 1293 
6215 1640 1416 1295 1575 
6216 1639 1270 1293 1294 
6217 1533 1647 1575 246 
6218 1640 1293 1270 1295 
6219 1640 1718 1293 1416 
6220 1640 1533 1416 1575 
6221 1990 1607 1260 1239 
6222 1493 1639 1238 1239 
6223 1493 1266 1990 1424 
6224 1639 1239 1260 1240 
6225 1639 1238 1240 2131 
6226 1493 1207 1238 1639 
6227 1493 1494 1424 1646 
6228 1639 1238 1239 1240 
6229 1156 104 137 138 
6230 1254 1156 1113 105 
6231 1254 1113 1607 75 
6232 1156 1158 137 104 
6233 1329 1725 1609 1723 
6234 1065 1064 1224 1066 
6235 1156 104 138 105 
6236 1563 1639 1157 1270 
6237 1156 1240 1260 1239 
6238 1254 1239 1113 1156 
6239 1111 139 1614 1159 
6240 1254 105 1113 75 
6241 1111 139 106 105 
6242 1113 75 105 106 
6243 1777 1608 1607 1723 
6244 1607 1990 1113 1239 
6245 1254 1113 1239 1607 
6246 1112 1211 1113 106 
6247 1111 1294 1614 138 
6248 1111 138 1614 139 
6249 1111 138 139 105 
6250 1111 1113 1156 105 
6251 1111 1156 138 105 
6252 1417 106 1159 140 
6253 1417 106 140 107 
6254 1807 1957 1808 2031 
6255 1417 107 140 141 
6256 1646 1417 1112 1159 
6257 1014 1417 140 141 
6258 1417 140 1159 1645 
6259 1441 142 1740 109 
6260 1011 1441 1014 141 
6261 1741 176 177 141 
6262 1013 140 176 141 
6263 1013 1645 1027 175 
6264 1013 140 1014 1645 
6265 1011 1013 1012 1741 
6266 1741 176 141 1013 
6267 2099 1814 1320 26 
6268 1322 29 1778 50 
6269 1378 2099 1699 28 
6270 1677 14 5 13 
6271 1754 1757 1756 2199 
6272 1177 1648 1178 1176 
6273 1177 1648 1176 1643 
6274 1177 1648 1755 1178 
6275 1177 1310 1648 1643 
6276 1644 1310 1177 1643 
6277 1175 1178 1177 1202 
6278 1644 5 6 1 
6279 1255 1841 31 15 
6280 1175 1178 1235 1762 
6281 1175 1644 1642 6 
6282 1484 54 1017 32 
6283 1307 1308 1710 1324 
6284 1933 6 1677 14 
6285 1590 1001 32 1017 
6286 1000 1562 1561 1244 
6287 1642 16 7 6 
6288 1642 15 16 6 
6289 1638 1308 1307 1310 
6290 1933 6 1644 1677 
6291 1411 1121 2039 1069 
6292 1841 14 30 15 
6293 1933 14 1841 15 
6294 1933 6 14 15 
6295 2028 1762 1176 1642 
6296 1933 1643 1309 1310 
6297 30 1181 1841 31 
6298 1933 6 1642 1644 
6299 1181 31 1484 1841 
6300 1322 1725 1710 1778 
6301 1841 1643 1472 1324 
6302 1841 1324 1309 1643 
6303 1307 1309 1324 1643 
6304 2026 1597 1598 1885 
6305 1472 1307 1643 1648 
6306 1307 1324 1309 1308 
6307 1322 1323 29 30 
6308 1322 29 1725 1778 
6309 1323 14 1841 1309 
6310 1725 1888 1323 1710 
6311 1754 2009 1638 1889 
6312 1888 1307 1308 1710 
6313 1754 1105 1104 2009 
6314 1378 13 2099 28 
6315 1888 1638 1187 1308 
6316 1323 13 28 29 
6317 1323 14 1309 1677 
6318 1323 30 14 29 
6319 1329 1725 1888 1699 
6320 1323 1710 1888 1308 
6321 1324 1323 1309 1308 
6322 1725 29 1723 50 
6323 1609 1725 1699 49 
6324 1725 28 1699 49 
6325 1725 49 1723 29 
6326 1725 28 49 29 
6327 1725 1323 1888 1699 
6328 1725 28 1323 1699 
6329 1725 1323 28 29 
6330 1322 1841 1180 1324 
6331 1179 77 78 51 
6332 1181 1194 1484 53 
6333 1322 50 1778 51 
6334 1322 30 50 51 
6335 1322 1841 1323 30 
6336 1322 1180 1841 30 
6337 1322 1180 30 51 
6338 1194 2005 1017 54 
6339 1194 53 2005 54 
6340 79 78 1459 1509 
6341 1181 1484 31 32 
6342 1411 1069 1458 1121 
6343 1411 1194 1654 1412 
6344 1194 1413 1017 2005 
6345 1458 1070 1763 1901 
6346 1763 1472 1473 1324 
6347 1974 1513 1312 1907 
6348 1763 1324 1841 1472 
6349 1763 1841 1324 1180 
6350 1763 1324 1070 1180 
6351 1255 1643 1933 1642 
6352 1001 34 1000 1561 
6353 1249 17 1561 34 
6354 1255 1841 1643 1472 
6355 1484 1763 1472 1413 
6356 1446 1448 1017 1413 
6357 1484 1472 1763 1841 
6358 1446 1472 1471 1413 
6359 1015 1001 55 56 
6360 1749 2005 1440 1412 
6361 1471 1472 1763 1413 
6362 1509 1654 79 1653 
6363 1751 1750 1513 1122 
6364 1974 1513 1311 1312 
6365 1440 111 81 80 
6366 1412 1413 2005 1448 
6367 2093 2094 1067 1266 
6368 1446 1241 1016 1448 
6369 1471 1763 1901 1413 
6370 1175 1762 1235 7 
6371 1845 1470 1473 1581 
6372 2014 1761 1178 1176 
6373 1471 1473 2143 1901 
6374 1446 1484 1472 1413 
6375 1423 1424 1210 1425 
6376 1855 1843 1854 1349 
6377 2142 2074 1555 1926 
6378 1447 2143 1471 1243 
6379 1511 1513 1651 1650 
6380 1878 1692 1751 2034 
6381 2034 1878 1692 144 
6382 1740 143 1653 109 
6383 1555 1906 2074 1120 
6384 1121 1122 1447 1412 
6385 1651 1447 1906 1750 
6386 1121 1122 1412 1752 
6387 2134 1709 1655 1208 
6388 1458 1901 1763 1413 
6389 1458 1070 1121 1069 
6390 1458 1180 1763 1070 
6391 1181 1841 1484 1763 
6392 1179 78 1459 52 
6393 1458 1179 1193 1180 
6394 1179 51 1778 77 
6395 1459 78 1193 52 
6396 1063 1457 66 94 
6397 1179 77 1459 78 
6398 1179 52 1459 1193 
6399 1459 1193 78 79 
6400 1411 1459 1654 1193 
6401 1411 1458 1459 1193 
6402 1709 2094 1494 1067 
6403 2036 1542 1691 2132 
6404 1423 1069 2048 1424 
6405 2048 1509 2039 1069 
6406 1423 1828 1459 1458 
6407 2134 1208 1207 1494 
6408 1442 1424 1423 2048 
6409 1441 109 1740 1653 
6410 1065 1224 1364 1066 
6411 1441 1442 1014 1210 
6412 1423 1069 1425 1828 
6413 1423 1425 1210 1828 
6414 1423 1441 1459 1210 
6415 1423 1210 1459 1828 
6416 1068 1266 1260 1330 
6417 1777 1113 1608 1425 
6418 1068 1330 1889 2009 
6419 1068 1266 1330 2009 
6420 1329 1260 1608 1607 
6421 1065 1365 1364 92 
6422 1329 1725 1608 1710 
6423 1827 1070 1710 1324 
6424 1493 1646 1990 1238 
6425 1313 1246 1245 1247 
6426 2142 2093 1925 1555 
6427 1067 1069 1901 1070 
6428 1067 1068 1266 1424 
6429 1067 1069 1068 1424 
6430 1022 1602 1555 1556 
6431 1655 1069 2039 1121 
6432 1493 1641 1639 2174 
6433 1976 1053 1263 1556 
6434 1990 1266 1068 1424 
6435 1990 1424 1068 1425 
6436 1990 1112 1239 1238 
6437 1990 1112 1210 1425 
6438 1990 1210 1424 1425 
6439 1990 1239 1112 1113 
6440 1990 1113 1112 1425 
6441 1607 1990 1425 1113 
6442 1827 1068 1608 1710 
6443 1725 1608 1710 1778 
6444 1827 1425 1608 1068 
6445 1777 50 1723 49 
6446 1608 1113 1607 1425 
6447 1329 1068 1889 1710 
6448 1329 1889 1888 1710 
6449 1329 1608 1068 1710 
6450 1329 1068 1608 1260 
6451 1329 1068 1260 1330 
6452 1329 1068 1330 1889 
6453 1596 1860 1757 1862 
6454 1611 1582 1612 1761 
6455 2139 1225 1226 2138 
6456 2169 1473 2143 1581 
6457 1355 1187 1105 1814 
6458 1845 1176 2014 1178 
6459 1470 1582 1243 1132 
6460 1224 1227 1066 1820 
6461 2093 1264 1266 2009 
6462 1030 1031 1033 1766 
6463 2093 1901 2143 2009 
6464 2142 1264 1925 2093 
6465 2187 2142 1167 1581 
6466 2142 1581 2169 2143 
6467 1555 1602 1024 1259 
6468 1021 1963 1962 2016 
6469 1351 1289 1220 1288 
6470 1030 1031 1316 1032 
6471 2142 2143 2074 1243 
6472 2187 1167 2142 1926 
6473 1925 2093 1264 2094 
6474 1257 1031 1245 1555 
6475 1843 1912 1633 1657 
6476 1960 1919 1258 1024 
6477 1962 2188 2180 1023 
6478 2142 2199 1264 2009 
6479 1258 2195 2069 2040 
6480 1925 1024 1555 1022 
6481 1925 1259 1555 1024 
6482 1258 2069 2195 1184 
6483 2187 1167 2040 1559 
6484 1263 1053 1022 1556 
6485 1494 1263 2094 1556 
6486 1709 1033 1209 1556 
6487 1208 1028 1209 1118 
6488 1128 1691 2034 1544 
6489 1709 1766 1555 2094 
6490 1709 1033 1555 1766 
6491 1655 1122 1656 1766 
6492 1807 177 176 213 
6493 1208 1028 1635 1012 
6494 1956 1208 1011 1656 
6495 1807 213 214 177 
6496 1208 1012 1635 1741 
6497 1740 143 109 142 
6498 1423 1442 1441 1210 
6499 1126 1290 1972 2034 
6500 2036 2133 253 252 
6501 1120 1447 1121 1122 
6502 1120 1121 1447 1901 
6503 1733 1649 1700 1268 
6504 1650 1652 1729 1730 
6505 1651 1374 2073 1906 
6506 1569 254 217 216 
6507 1576 1973 1599 1314 
6508 1734 1128 1907 1476 
6509 1030 1907 1734 1312 
6510 1475 2133 1217 1124 
6511 1555 1906 1120 1766 
6512 1956 177 1739 1741 
6513 1734 1127 1476 1268 
6514 1544 1766 1907 1033 
6515 1544 1543 1766 1033 
6516 2036 1957 1541 1542 
6517 1807 1956 1741 177 
6518 1542 2030 1216 2031 
6519 1656 1908 1544 1766 
6520 1751 1692 1908 2034 
6521 1544 1907 1476 1033 
6522 2030 1544 1476 1033 
6523 1807 214 1957 178 
6524 1691 180 179 216 
6525 2034 1692 1691 179 
6526 1128 1127 1734 1877 
6527 1126 1972 1129 1877 
6528 1750 1752 1412 1122 
6529 1751 1122 2039 1752 
6530 144 2034 180 179 
6531 2034 1878 144 1290 
6532 1807 1808 1957 214 
6533 2034 1290 144 180 
6534 1974 1128 1126 2034 
6535 1807 1957 1956 178 
6536 1811 148 1097 147 
6537 1131 1245 1375 1926 
6538 2034 1544 1691 1692 
6539 1651 1652 2072 1241 
6540 1908 1544 2034 1692 
6541 1908 1544 1766 1907 
6542 2134 1208 1655 1656 
6543 1399 1242 2072 1125 
6544 1016 81 1017 2005 
6545 1411 1509 1459 1458 
6546 1511 1651 1513 1750 
6547 1878 1975 144 111 
6548 1729 81 113 82 
6549 1511 1878 1513 1512 
6550 1097 114 115 83 
6551 1654 53 1193 79 
6552 1749 1750 1440 1878 
6553 1749 1654 2005 1412 
6554 1654 110 1653 1752 
6555 1654 1653 110 79 
6556 1654 1194 80 2005 
6557 1654 80 1194 53 
6558 1654 80 53 79 
6559 1749 1751 1878 1975 
6560 1878 2034 1974 1290 
6561 1656 1122 1751 1908 
6562 1739 178 179 143 
6563 1656 1908 1751 1692 
6564 1656 1752 1751 2039 
6565 1740 143 1975 1653 
6566 1653 1752 1975 1656 
6567 1808 2031 1216 1433 
6568 2036 1542 2132 2133 
6569 2036 253 215 252 
6570 1956 1739 1740 1741 
6571 1957 214 215 178 
6572 1541 215 179 178 
6573 1543 1655 1766 1709 
6574 1656 1740 1653 2039 
6575 1656 1740 2039 2048 
6576 1956 1208 1635 1741 
6577 1656 1766 1544 1543 
6578 1956 1740 1739 1656 
6579 1739 1975 1740 143 
6580 1739 1692 1975 143 
6581 1739 1656 1740 1975 
6582 1739 1692 1656 1975 
6583 1002 1005 1004 2190 
6584 2190 1034 1350 1314 
6585 220 1764 1002 1149 
6586 1599 1314 1973 1730 
6587 1003 1863 1421 258 
6588 1126 180 2034 1691 
6589 1855 1789 1843 1349 
6590 1855 184 1350 1034 
6591 148 1811 1314 147 
6592 1034 184 183 220 
6593 1576 1764 1973 1312 
6594 1126 181 180 217 
6595 1599 1148 1764 219 
6596 994 1098 149 148 
6597 1314 1811 148 1350 
6598 1588 255 290 256 
6599 1002 220 258 221 
6600 1349 148 1098 1350 
6601 1350 1034 184 183 
6602 1350 184 148 183 
6603 1350 1314 1034 183 
6604 1350 148 1314 183 
6605 1511 1016 1440 1729 
6606 2142 2074 2093 1555 
6607 1097 114 83 82 
6608 1097 113 114 82 
6609 1097 115 1125 83 
6610 1729 1016 81 82 
6611 1811 1350 2073 1098 
6612 1878 1975 1751 1692 
6613 1148 219 1149 1764 
6614 1983 1136 2095 2158 
6615 1855 1854 1843 1896 
6616 1002 1863 1003 258 
6617 1004 1005 1854 2190 
6618 1855 184 221 185 
6619 1400 1789 994 149 
6620 1855 1843 1092 1896 
6621 1349 149 184 185 
6622 1349 1789 149 185 
6623 1325 116 84 115 
6624 994 115 149 116 
6625 1325 1437 1130 1887 
6626 1292 1325 1887 85 
6627 1446 1017 1484 1413 
6628 1241 1708 1016 1652 
6629 2072 1097 1811 1125 
6630 1511 1652 1651 1448 
6631 1016 55 1017 81 
6632 1097 147 114 113 
6633 1811 1098 1097 148 
6634 1097 83 1708 82 
6635 1126 1128 1691 2034 
6636 1374 1243 2072 1376 
6637 1906 1313 1375 2073 
6638 2072 1708 1097 1125 
6639 1313 1314 2190 1350 
6640 1126 1691 1128 1569 
6641 1811 1097 1730 147 
6642 2072 1652 1097 1708 
6643 1097 1098 1125 115 
6644 1129 1973 1764 1877 
6645 1350 1314 1811 1313 
6646 1576 2190 1313 1314 
6647 1030 1246 1734 1316 
6648 1650 1311 1513 1312 
6649 1650 1313 1311 1312 
6650 1811 1730 1097 1652 
6651 1446 1471 1447 1413 
6652 1015 1016 1241 1708 
6653 1016 1708 1097 1652 
6654 1016 1097 1708 82 
6655 2028 1561 1590 2014 
6656 999 1292 57 84 
6657 1729 81 112 113 
6658 1729 1730 113 146 
6659 1729 1512 1730 146 
6660 82 1729 1016 1097 
6661 1729 1512 146 112 
6662 1729 146 113 112 
6663 1246 1876 1576 1734 
6664 1375 1313 1245 1247 
6665 1650 1811 1313 2073 
6666 1651 2072 1374 1241 
6667 1973 1730 1311 146 
6668 1811 148 1350 1098 
6669 1313 2073 1350 1247 
6670 1734 1876 1127 1268 
6671 1973 182 146 181 
6672 1974 2034 1751 1908 
6673 1974 1311 1877 1312 
6674 1311 1513 1290 1512 
6675 1973 182 1730 146 
6676 1126 180 1691 216 
6677 1599 1129 218 182 
6678 1973 1314 1311 1730 
6679 1599 147 182 183 
6680 1973 1311 1314 1312 
6681 1129 182 1973 181 
6682 1460 2091 1863 257 
6683 1460 1893 2091 291 
6684 1126 1691 1569 216 
6685 1149 257 1002 220 
6686 1246 1149 1809 2084 
6687 1002 258 220 257 
6688 1599 1034 1314 183 
6689 1599 220 1034 183 
6690 220 1599 1034 1764 
6691 1257 1184 1258 1926 
6692 1059 1061 1060 2070 
6693 1257 1925 1258 1259 
6694 1245 1185 1184 1926 
6695 2142 2169 2199 2009 
6696 1375 2073 1313 1247 
6697 1131 2074 1132 1926 
6698 1909 1184 1185 998 
6699 1906 1312 1513 1907 
6700 1030 1375 1906 1312 
6701 1906 1447 1120 1122 
6702 2142 1264 2093 2009 
6703 1374 1376 2072 2073 
6704 2074 1926 1375 1555 
6705 1131 1132 2074 1243 
6706 1511 1513 1650 1311 
6707 1374 2074 1906 1447 
6708 2074 1447 1243 2143 
6709 2074 1555 1120 2093 
6710 2142 1243 2074 1132 
6711 2074 1120 1447 2143 
6712 2074 2093 1120 2143 
6713 1395 1735 1437 1791 
6714 2072 1242 1241 1708 
6715 1376 1375 1247 2073 
6716 2072 1243 1241 1242 
6717 1651 1750 1906 1513 
6718 2150 2195 2069 998 
6719 2195 1170 2040 1167 
6720 2195 1170 1167 1133 
6721 1791 1678 1438 1468 
6722 1435 1982 1185 1913 
6723 999 1291 1242 1562 
6724 1131 1132 1133 1926 
6725 2195 1167 1926 1133 
6726 1916 1913 1185 1982 
6727 1855 1789 1349 185 
6728 2156 1349 1854 1843 
6729 1657 1183 1909 2100 
6730 2115 228 1940 263 
6731 1916 1376 1131 1247 
6732 1916 1131 1376 1401 
6733 2156 2190 1854 1350 
6734 1916 1982 1131 1401 
6735 1842 1913 1916 1982 
6736 2156 1183 2190 1247 
6737 1842 1982 1438 1913 
6738 1842 1913 1843 1916 
6739 1735 1791 1479 1789 
6740 1376 1400 1098 2156 
6741 1843 1912 1983 1633 
6742 1632 1953 1633 1983 
6743 1842 1134 1025 1136 
6744 1842 1401 1791 1982 
6745 1855 184 1034 1005 
6746 1842 1982 1916 1401 
6747 1279 2070 1280 1061 
6748 1842 1916 1843 1401 
6749 1162 1545 2194 1204 
6750 225 1941 2151 2141 
6751 2195 1167 2040 1926 
6752 1258 1925 1024 1259 
6753 2195 1131 1133 1926 
6754 2195 1185 1131 1926 
6755 998 1170 1844 1368 
6756 1897 1748 1099 1560 
6757 1435 1984 1844 1436 
6758 1435 1133 2195 1131 
6759 1743 1910 1912 1909 
6760 2055 1302 1742 1910 
6761 1182 1184 1245 1185 
6762 1126 180 216 217 
6763 1128 1127 1569 1476 
6764 1435 1438 1437 1982 
6765 1435 1437 1133 1982 
6766 1182 1245 1183 1185 
6767 1842 1789 1092 1025 
6768 1884 1861 1862 2130 
6769 2142 1132 2074 1926 
6770 2142 1167 1132 1926 
6771 2142 1132 1167 1581 
6772 2187 1925 2142 1264 
6773 2051 1987 1712 1847 
6774 2187 2142 2199 1264 
6775 1558 2138 1226 1225 
6776 1483 1226 2139 1452 
6777 1126 1290 2034 180 
6778 1756 2098 1391 1611 
6779 1756 2187 1167 1581 
6780 1169 1205 2194 1499 
6781 1582 1244 1243 1497 
6782 2098 1167 1132 1581 
6783 1845 1178 1755 1648 
6784 1845 1761 1611 1612 
6785 1582 1169 2098 1498 
6786 1582 2098 1132 1581 
6787 1582 1497 1761 1244 
6788 1169 1205 1844 2194 
6789 1472 1470 2014 1244 
6790 1595 1597 1860 1885 
6791 1390 1203 1234 1202 
6792 1757 1838 1861 1860 
6793 2056 1454 1768 1860 
6794 1389 1466 1613 1600 
6795 1126 1129 181 217 
6796 1391 1611 1612 1203 
6797 1611 1582 2098 1498 
6798 1248 1612 1611 1582 
6799 1611 2098 1582 1581 
6800 2045 2026 2087 1189 
6801 1164 1205 1636 1902 
6802 2046 2138 1367 1548 
6803 2046 1988 1100 1767 
6804 1169 2098 1498 1546 
6805 1435 1185 2195 998 
6806 1169 1497 1582 1132 
6807 1168 1548 1687 1546 
6808 1291 1887 1040 1042 
6809 1130 1133 1169 1437 
6810 1435 1133 1131 1982 
6811 1128 1544 1908 1476 
6812 1437 1395 1499 1887 
6813 1130 1169 1133 1132 
6814 1128 2034 1908 1544 
6815 1432 1368 2046 1100 
6816 1636 1875 1637 1436 
6817 1169 1498 1582 1497 
6818 1205 1436 1437 1844 
6819 1169 1844 1205 1437 
6820 1205 1437 1436 1468 
6821 1399 2072 1376 1125 
6822 1169 1844 1133 1170 
6823 1169 1498 2194 1546 
6824 1582 1169 1132 2098 
6825 1169 1499 2194 1498 
6826 1169 1133 1132 1170 
6827 1735 994 1400 1789 
6828 1735 1399 1325 1130 
6829 1130 1437 1982 1133 
6830 1130 1132 1243 1497 
6831 1791 1437 1438 1982 
6832 1791 1982 1130 1437 
6833 1291 1042 1292 1887 
6834 1250 1042 1041 58 
6835 1842 1789 1843 1092 
6836 1734 1128 1877 1907 
6837 1325 117 85 116 
6838 35 1251 36 58 
6839 1325 84 116 85 
6840 1479 994 1789 150 
6841 1479 1395 1325 117 
6842 1325 85 1395 1887 
6843 1292 994 1325 115 
6844 1000 34 57 35 
6845 1292 115 84 83 
6846 1241 1562 1242 1244 
6847 1291 1244 1242 1562 
6848 2028 1255 1176 1472 
6849 1042 1000 1292 57 
6850 1042 1292 1887 85 
6851 1292 1325 84 115 
6852 1292 1708 1125 83 
6853 1399 1791 1735 1401 
6854 1292 1242 1125 1708 
6855 1292 1325 1242 1887 
6856 2072 1652 1811 1097 
6857 1651 1447 1374 1906 
6858 1651 2073 1650 1906 
6859 999 84 56 83 
6860 1446 1244 1241 1471 
6861 1446 1241 1244 1562 
6862 1446 1016 1241 1562 
6863 1446 1017 1016 1562 
6864 1590 32 1484 1017 
6865 2014 1561 1244 1761 
6866 2014 1582 1761 1244 
6867 2014 1244 1561 1446 
6868 1000 34 1249 1561 
6869 1249 17 34 35 
6870 1234 8 3 2 
6871 1249 1251 1474 35 
6872 1249 1244 1561 1761 
6873 1249 1244 1761 1497 
6874 1248 1250 1249 1497 
6875 1040 1043 1499 1206 
6876 1042 85 58 57 
6877 1015 1241 1016 1562 
6878 999 34 1001 56 
6879 35 1251 58 1250 
6880 1241 999 1015 1708 
6881 1040 1043 1042 1887 
6882 1042 1043 58 85 
6883 1042 1887 1043 85 
6884 1042 1043 1041 58 
6885 1250 57 58 35 
6886 1250 1000 57 35 
6887 1250 1249 1000 35 
6888 1251 1780 1507 1527 
6889 1250 1251 1249 35 
6890 1040 1498 1204 1499 
6891 1040 1251 1250 1041 
6892 1527 36 59 37 
6893 37 1251 1527 36 
6894 1248 1040 1250 1497 
6895 1162 2194 1205 1204 
6896 1248 1204 1040 1498 
6897 1248 1582 1498 1497 
6898 1248 1040 1497 1498 
6899 1527 36 1251 59 
6900 1527 1507 1545 1204 
6901 1164 1205 1162 2194 
6902 1527 59 1206 60 
6903 1527 1206 1041 1204 
6904 1527 1041 1206 59 
6905 1527 1251 1041 59 
6906 1780 1248 1611 1498 
6907 1780 1204 1248 1498 
6908 1506 1474 1507 37 
6909 1507 1506 1780 1474 
6910 2028 1642 1255 16 
6911 1590 16 1255 32 
6912 1175 1176 1762 1642 
6913 2028 1176 1762 2014 
6914 1762 7 1642 16 
6915 1762 7 16 17 
6916 1760 1249 18 17 
6917 1760 1235 1506 1203 
6918 1762 1176 1178 1761 
6919 1235 7 17 18 
6920 1482 1389 1838 2155 
6921 1506 19 1467 8 
6922 1235 7 1762 17 
6923 1235 2 7 18 
6924 1235 19 2 18 
6925 1506 1780 1474 1612 
6926 1506 1467 1780 1612 
6927 1760 1506 1474 1612 
6928 1760 1762 1249 17 
6929 1760 1761 1178 1612 
6930 1760 1762 1235 1178 
6931 1506 19 1235 18 
6932 1506 1474 19 18 
6933 1760 1178 1203 1612 
6934 17 1760 1235 18 
6935 1760 1506 1235 18 
6936 1760 1474 1506 18 
6937 1760 1474 1249 1761 
6938 1760 1249 1474 18 
6939 1175 7 2 1 
6940 1175 1644 6 1 
6941 1175 6 7 1 
6942 1234 1235 1506 2 
6943 1175 1202 1644 1 
6944 1479 1789 1678 150 
6945 1479 150 117 116 
6946 1735 1325 1479 1395 
6947 1479 994 150 116 
6948 1479 1325 994 116 
6949 1637 1436 1438 1468 
6950 1134 1136 188 187 
6951 1134 1842 1438 1136 
6952 1134 1637 1438 1468 
6953 1134 188 152 187 
6954 1637 1134 152 1468 
6955 1128 1908 1907 1476 
6956 1636 119 152 153 
6957 152 1135 1134 1637 
6958 152 151 1468 1134 
6959 1636 1205 1468 1902 
6960 1711 1467 1547 1507 
6961 1636 1902 1468 118 
6962 1636 119 1902 118 
6963 1162 87 1902 119 
6964 1162 87 119 88 
6965 1162 1206 87 60 
6966 1162 87 88 60 
6967 1162 1205 1902 1206 
6968 1162 1206 1902 87 
6969 1161 88 89 61 
6970 1515 1096 1093 1882 
6971 1432 1844 1205 2194 
6972 1100 1099 1101 1897 
6973 1100 1882 2047 1748 
6974 2141 1135 2095 188 
6975 2141 1985 2095 1135 
6976 1135 1637 152 153 
6977 1942 1900 189 190 
6978 1942 189 226 190 
6979 1897 1605 1899 1898 
6980 1940 228 226 263 
6981 2115 297 264 263 
6982 1006 1418 2154 1940 
6983 1942 226 227 190 
6984 1135 1101 1984 1436 
6985 1135 1637 1875 1436 
6986 1135 1994 1101 1875 
6987 1875 1135 153 1637 
6988 1994 1900 1942 1898 
6989 2141 225 226 189 
6990 1128 1907 1908 1877 
6991 2141 1994 1898 1985 
6992 1994 1942 1900 189 
6993 996 1844 1101 1368 
6994 1099 1994 1900 189 
6995 1432 1102 1100 1767 
6996 1432 1436 1205 1844 
6997 1135 1101 1436 1875 
6998 1099 154 153 189 
6999 1099 190 155 154 
7000 995 1909 1743 1912 
7001 1632 260 261 223 
7002 1842 1843 1983 1025 
7003 995 1898 1604 1605 
7004 2141 1994 1135 189 
7005 1135 1985 1984 1994 
7006 1135 1984 1985 1136 
7007 1135 1984 1136 1438 
7008 1135 1134 1438 1136 
7009 1875 1135 1994 153 
7010 152 1135 188 1134 
7011 2095 188 1135 1136 
7012 1871 262 297 263 
7013 2095 188 1136 187 
7014 2095 224 188 187 
7015 2095 1985 2158 1136 
7016 1183 1916 1913 1185 
7017 2095 225 188 224 
7018 1983 2095 1136 1025 
7019 1632 2158 1983 2095 
7020 1632 2095 1983 1025 
7021 1983 1438 1337 1913 
7022 1842 1791 1438 1982 
7023 1633 1843 1896 1092 
7024 1633 1896 1091 1092 
7025 1092 1632 1091 1633 
7026 1632 1953 1983 2158 
7027 1632 1025 1092 223 
7028 1633 1843 1092 1025 
7029 1633 1983 1843 1025 
7030 1588 1422 322 289 
7031 1236 2102 1461 351 
7032 1586 322 1557 2102 
7033 1236 1237 1461 2033 
7034 1302 1361 1303 327 
7035 1182 1772 1004 1881 
7036 1002 1149 1863 257 
7037 2091 291 292 257 
7038 2091 2127 2084 1659 
7039 1892 353 354 325 
7040 2091 292 291 324 
7041 1002 258 1005 221 
7042 1863 292 1421 258 
7043 1657 1910 1912 1953 
7044 1421 2127 2091 1659 
7045 1421 258 292 293 
7046 1421 1659 2089 2127 
7047 1421 293 292 325 
7048 1892 1421 2091 324 
7049 1445 1772 2185 1659 
7050 2159 1421 2089 2127 
7051 2159 2089 1443 2127 
7052 2159 325 1421 324 
7053 1892 2159 1421 324 
7054 2122 2140 1236 2033 
7055 2122 1222 1573 2033 
7056 2124 1526 2159 354 
7057 1195 1526 984 985 
7058 1892 325 2159 324 
7059 1892 353 325 324 
7060 353 1818 324 1892 
7061 1410 262 2151 225 
7062 2088 1443 2159 2089 
7063 2088 986 2055 1302 
7064 1753 259 293 294 
7065 1407 1743 1281 1282 
7066 1003 1421 1863 1658 
7067 1003 259 258 293 
7068 1658 2089 1753 1421 
7069 1658 2089 1421 1659 
7070 1003 221 1855 1005 
7071 1003 1896 222 259 
7072 1863 1659 1658 1421 
7073 1004 1658 1863 1659 
7074 1863 2091 2084 1659 
7075 1657 1909 1912 1910 
7076 1863 1659 1421 2091 
7077 1128 1908 1974 1877 
7078 1772 1881 1863 1659 
7079 1246 2084 1733 1772 
7080 1772 1659 2084 2127 
7081 1460 1863 1149 257 
7082 1129 1764 1148 1876 
7083 1149 219 256 257 
7084 1818 1223 1893 1892 
7085 1576 1764 1599 1973 
7086 1002 2190 1004 1881 
7087 1599 147 1730 182 
7088 1588 1460 1893 2084 
7089 1148 255 1127 1700 
7090 1148 1127 255 218 
7091 1148 1700 1127 1876 
7092 1148 218 255 256 
7093 1893 2084 2091 1223 
7094 1893 291 290 323 
7095 1460 2084 1863 2091 
7096 1587 351 352 323 
7097 1587 1893 290 323 
7098 1587 290 322 323 
7099 2122 1892 1818 353 
7100 1587 322 2102 351 
7101 1587 322 351 323 
7102 1220 1222 1221 1287 
7103 1351 1223 2185 1772 
7104 1195 984 2135 1196 
7105 1818 1223 1587 1893 
7106 1818 1893 1587 323 
7107 1818 1236 1587 2102 
7108 2122 2124 1892 353 
7109 1128 2034 1974 1908 
7110 2002 1938 1937 1284 
7111 2144 2135 1574 2033 
7112 1917 2050 1256 1259 
7113 1182 1183 1246 1881 
7114 2096 1938 1937 1328 
7115 2144 1284 1939 1968 
7116 1967 1195 1196 1062 
7117 1256 1257 1289 2110 
7118 1960 1023 1051 1024 
7119 2105 2146 2106 1108 
7120 1220 2185 1573 1574 
7121 1967 1289 2144 2110 
7122 1967 2144 1289 1968 
7123 1944 1058 1060 2152 
7124 1317 1318 1274 1284 
7125 1182 1246 1772 1881 
7126 2185 1222 1573 1223 
7127 2185 1772 1223 2127 
7128 1361 1874 328 356 
7129 1892 2185 2127 1443 
7130 2185 1574 1443 1573 
7131 1220 2144 2033 1287 
7132 1220 1289 2144 1287 
7133 1220 2144 1289 2110 
7134 1220 2144 1967 1574 
7135 1220 1967 2144 2110 
7136 1967 1220 1574 2185 
7137 1967 1220 2185 2110 
7138 1183 1843 1909 1913 
7139 1912 1953 1633 1091 
7140 1657 2100 2089 1659 
7141 1657 2089 1658 1659 
7142 1004 1003 1896 1005 
7143 1182 1246 1183 1247 
7144 1909 1337 1185 1913 
7145 1004 1657 1183 1896 
7146 1004 1854 1183 2190 
7147 1004 1003 1658 1896 
7148 1245 1916 1183 1185 
7149 1245 1916 1247 1183 
7150 1246 1247 1576 2190 
7151 2156 1183 1854 2190 
7152 2190 1246 1183 1881 
7153 1912 1983 1633 1953 
7154 1912 2158 1983 1953 
7155 1912 1337 1983 2158 
7156 2055 1742 1361 1444 
7157 995 1984 996 1337 
7158 1657 1753 1658 2089 
7159 1297 330 1680 331 
7160 1085 985 379 355 
7161 1951 1657 1953 1910 
7162 1657 1091 1658 1753 
7163 1742 1743 1279 1910 
7164 355 1085 1361 356 
7165 1195 1445 1444 1062 
7166 986 354 355 326 
7167 986 355 327 326 
7168 984 2135 2123 2124 
7169 1526 354 986 2159 
7170 1566 1706 1567 1707 
7171 1526 2159 986 1443 
7172 984 2123 378 377 
7173 1818 352 324 323 
7174 1589 2129 1478 1274 
7175 1589 1237 1478 395 
7176 2124 1573 1526 2135 
7177 2124 1573 1443 1526 
7178 2124 377 354 353 
7179 2122 1236 1222 2033 
7180 1182 1445 2185 2110 
7181 2185 1445 1574 1967 
7182 2185 1445 1967 2110 
7183 1445 1062 1967 1061 
7184 1445 1061 1967 2110 
7185 1445 2100 1061 2110 
7186 1445 2185 1574 1443 
7187 1303 1361 328 327 
7188 1296 329 328 357 
7189 1361 1085 1508 1874 
7190 2055 1657 1302 1910 
7191 1742 1061 1444 1445 
7192 1444 1062 1445 1061 
7193 1408 1296 1788 329 
7194 1742 1061 1508 1444 
7195 1508 1361 1444 985 
7196 1408 296 329 297 
7197 1508 1707 1086 2079 
7198 1508 1742 1361 1282 
7199 1508 1282 1361 1874 
7200 1742 1360 1302 1361 
7201 355 1085 985 1361 
7202 1085 1874 1361 356 
7203 1085 1462 356 379 
7204 1055 398 1057 1462 
7205 2105 1570 2146 1108 
7206 1085 1084 1462 1086 
7207 1085 1084 1874 356 
7208 1085 356 1462 1084 
7209 1055 1462 2153 379 
7210 1992 1480 2111 1403 
7211 1060 1062 2152 1196 
7212 1060 1058 1992 2079 
7213 1566 1787 1706 1872 
7214 1463 1058 1057 1056 
7215 1566 1849 1145 1787 
7216 2120 1356 1137 1138 
7217 1696 1297 1697 330 
7218 1297 1679 1680 358 
7219 1408 1567 1870 1788 
7220 1280 1061 1508 1282 
7221 1280 1083 1282 1508 
7222 2141 188 2095 225 
7223 1952 1337 995 1912 
7224 1280 1567 1281 1282 
7225 1951 1953 1657 1091 
7226 1407 1408 1303 1282 
7227 2115 1941 1940 1898 
7228 1871 262 296 297 
7229 1410 262 225 224 
7230 1742 1302 1360 1910 
7231 995 1909 1912 1337 
7232 1909 995 998 1337 
7233 1279 1061 1184 2070 
7234 1279 1184 1909 998 
7235 1712 1550 1934 1847 
7236 1094 2042 1019 2086 
7237 1356 1359 1517 1514 
7238 2016 2049 2040 1919 
7239 1998 997 1139 1358 
7240 1998 997 2070 1281 
7241 1998 1139 997 1281 
7242 1139 1418 1138 1580 
7243 1139 2114 1604 1281 
7244 1406 1166 2154 1418 
7245 1139 1604 2114 1418 
7246 995 1605 996 1984 
7247 1579 1604 1899 1605 
7248 1909 995 1279 998 
7249 997 1281 1279 2070 
7250 2069 1184 1279 998 
7251 2069 2195 1184 998 
7252 1566 1139 1281 1567 
7253 1168 2194 2046 1546 
7254 2069 2070 1184 2049 
7255 1258 1926 2195 2040 
7256 1258 2049 2069 1184 
7257 1258 1919 2040 2049 
7258 1258 2187 1925 1926 
7259 1258 2040 2187 1926 
7260 1258 2040 2069 2049 
7261 1256 1289 1257 1259 
7262 1257 1031 1289 2110 
7263 1257 2110 1245 1031 
7264 1182 1183 1245 1247 
7265 1257 2049 1258 1184 
7266 1256 1967 1289 1968 
7267 1257 1031 1555 1259 
7268 1051 1022 1920 1024 
7269 1256 1939 2050 1625 
7270 1256 1968 1939 1625 
7271 1960 1917 1920 1624 
7272 1850 1623 1628 2104 
7273 1566 1137 1998 1139 
7274 1781 1154 1145 1872 
7275 1850 1848 2049 2070 
7276 1998 2104 1849 1404 
7277 1918 1256 2049 1919 
7278 1685 399 1603 398 
7279 1317 1275 1831 1318 
7280 1944 2111 1992 1480 
7281 1623 2104 1944 2111 
7282 1944 1694 2111 1480 
7283 2152 1058 1196 1686 
7284 2152 1284 2144 1968 
7285 1059 2049 1256 1257 
7286 1060 1967 2152 1062 
7287 1060 2152 1967 1968 
7288 1060 1623 2104 1944 
7289 1283 1075 2182 1927 
7290 1059 1060 1918 2070 
7291 1944 2104 1992 2111 
7292 1944 2152 1060 1968 
7293 1944 2104 1060 1992 
7294 1682 1284 2152 1968 
7295 1283 1565 1214 1215 
7296 1629 1745 1797 1630 
7297 1622 2008 1996 1075 
7298 2097 1342 2075 412 
7299 1911 1797 1796 1798 
7300 1629 1886 1397 1797 
7301 1623 1682 1684 1944 
7302 1682 1625 1284 1968 
7303 1682 1285 1284 1625 
7304 1964 1419 1334 1481 
7305 1832 2178 1298 2177 
7306 1993 1744 1689 1398 
7307 2075 413 1765 412 
7308 1824 2022 385 384 
7309 1342 411 417 412 
7310 1342 417 411 416 
7311 1831 1273 1342 416 
7312 991 1039 1686 2129 
7313 1039 1589 992 396 
7314 992 1274 2129 1318 
7315 1831 1342 411 416 
7316 1831 411 410 416 
7317 2105 2168 2146 1570 
7318 993 1318 1831 1273 
7319 1589 2123 2140 396 
7320 991 1685 1055 410 
7321 991 1685 410 1831 
7322 993 1318 2129 1686 
7323 1317 1944 1682 2152 
7324 984 2123 2135 1196 
7325 1056 1086 1085 1462 
7326 991 1686 1055 1685 
7327 2140 352 376 353 
7328 2140 353 376 377 
7329 2123 1196 2129 2135 
7330 2123 396 378 377 
7331 1589 2140 2135 2033 
7332 1039 992 1589 2129 
7333 2122 1236 2140 352 
7334 2140 353 377 2124 
7335 2140 1237 1236 2033 
7336 2140 376 1237 395 
7337 2140 376 1236 1237 
7338 991 410 397 409 
7339 992 1273 993 408 
7340 992 395 1478 408 
7341 992 409 395 408 
7342 992 396 395 409 
7343 992 993 1318 2129 
7344 992 993 409 408 
7345 984 1526 2124 354 
7346 986 984 355 354 
7347 1056 1085 2153 1462 
7348 984 355 354 378 
7349 1195 1444 1508 1062 
7350 1463 1404 1992 1707 
7351 2153 379 985 355 
7352 2153 378 379 355 
7353 2153 1085 985 379 
7354 2153 1462 1085 379 
7355 1055 2153 1056 1196 
7356 1195 1196 2153 984 
7357 1056 1062 1508 2079 
7358 1195 984 2153 985 
7359 1056 1085 1508 985 
7360 1056 985 2153 1085 
7361 1057 398 381 380 
7362 1481 399 382 381 
7363 1685 1480 1693 1831 
7364 1810 1717 1765 2022 
7365 1685 1317 1058 1480 
7366 1463 1603 1058 1480 
7367 1057 1462 398 380 
7368 1463 1056 1086 2079 
7369 1297 1837 1697 331 
7370 1083 1296 1408 1874 
7371 1679 358 330 357 
7372 1679 1086 1462 1084 
7373 1296 298 1788 329 
7374 1679 1084 1462 380 
7375 2115 1871 297 263 
7376 1870 329 1788 297 
7377 1303 328 295 327 
7378 1610 1339 1696 1140 
7379 1409 1408 1870 297 
7380 1610 2154 1166 1140 
7381 1297 1679 330 357 
7382 1297 1084 1679 357 
7383 1083 1679 1297 1084 
7384 1296 328 356 357 
7385 1610 265 298 299 
7386 1296 330 329 357 
7387 1296 1084 1297 357 
7388 2134 1208 1012 1646 
7389 1410 1360 1951 1953 
7390 1408 328 1296 329 
7391 1083 1280 1707 1508 
7392 1408 1870 1567 1282 
7393 1282 1083 1408 1874 
7394 1407 1281 1870 1282 
7395 1410 262 261 296 
7396 1408 1296 328 1874 
7397 2115 1871 1952 1604 
7398 1303 1408 1874 1282 
7399 1407 1281 1604 1870 
7400 1409 1871 296 297 
7401 1952 1604 1407 1743 
7402 1303 328 1408 296 
7403 1303 295 328 296 
7404 2055 2100 1445 2089 
7405 1753 2055 2089 1657 
7406 1753 2055 1657 1302 
7407 1407 1952 1360 1871 
7408 1632 2095 1025 224 
7409 1410 225 2151 2095 
7410 1632 261 224 223 
7411 1092 1632 223 1091 
7412 1951 1091 1632 1953 
7413 1410 262 1409 1871 
7414 1632 1091 1633 1953 
7415 1410 1871 1409 1360 
7416 1410 1953 1632 2095 
7417 1742 1910 1360 1743 
7418 1360 1912 1743 1910 
7419 1360 1743 1912 1953 
7420 1360 1912 1910 1953 
7421 1410 261 1951 295 
7422 1410 1360 1409 1951 
7423 1410 2151 1871 1360 
7424 1952 995 1337 1985 
7425 1410 262 1871 2151 
7426 2151 1953 2095 2158 
7427 2141 2151 1985 1898 
7428 2141 2095 2151 225 
7429 2141 2151 2095 1985 
7430 2115 1604 1952 1898 
7431 225 1941 262 2151 
7432 1912 1952 2158 1953 
7433 2115 264 228 263 
7434 2134 1012 1442 1646 
7435 1952 1743 1360 1953 
7436 1952 1912 995 1743 
7437 1870 2115 1604 1871 
7438 1604 1870 1281 2114 
7439 2115 1952 1941 1898 
7440 1019 193 231 194 
7441 1899 1604 1898 1605 
7442 1515 1093 2047 1882 
7443 1579 997 1139 1604 
7444 1899 1942 1900 1898 
7445 1897 1900 1099 1101 
7446 1940 228 227 226 
7447 1579 1418 1899 1604 
7448 1515 2047 1093 2198 
7449 1610 298 1696 299 
7450 1006 1579 1899 1560 
7451 1006 155 190 191 
7452 1006 227 1940 228 
7453 1006 1942 227 190 
7454 2134 1442 1424 1646 
7455 2115 1899 1604 1898 
7456 2154 1940 1418 2114 
7457 2154 1940 228 229 
7458 2154 264 229 228 
7459 1139 1281 1567 1140 
7460 1137 1339 1787 1145 
7461 1955 1139 1137 1567 
7462 1139 1418 1140 1138 
7463 1850 1919 1623 1918 
7464 1922 1782 1681 2108 
7465 2120 1145 1894 1138 
7466 1897 1605 1515 1579 
7467 1006 1579 1418 1899 
7468 1432 2046 1368 1844 
7469 1359 1517 1516 2150 
7470 1579 1418 1139 1580 
7471 1406 2154 1166 229 
7472 1144 267 1914 1146 
7473 1166 265 266 230 
7474 2165 1882 1560 155 
7475 1610 1166 1339 1140 
7476 1339 1166 1894 1138 
7477 1166 229 265 230 
7478 1166 229 2154 265 
7479 1094 2017 2086 2010 
7480 2165 155 1006 191 
7481 1006 1406 2154 1418 
7482 155 2167 156 2197 
7483 2137 1579 1580 1418 
7484 2001 2060 2017 2010 
7485 1094 2010 2086 2061 
7486 1095 1094 2042 193 
7487 1945 1782 1914 1681 
7488 1018 1020 195 194 
7489 1019 2042 193 194 
7490 2121 193 192 230 
7491 1137 1140 1339 1138 
7492 2121 230 231 193 
7493 1932 1019 2108 2121 
7494 1895 231 266 267 
7495 1932 1914 268 267 
7496 2120 1146 1894 1145 
7497 1894 1146 1895 267 
7498 2120 1873 1782 1145 
7499 1165 2120 1580 2121 
7500 2120 1146 1782 2108 
7501 1914 1681 1782 2108 
7502 2085 2061 1922 2086 
7503 1165 231 2121 230 
7504 1144 1147 1914 268 
7505 1146 1145 1782 1147 
7506 1020 1019 232 194 
7507 1019 193 2121 231 
7508 1932 2121 1895 231 
7509 2086 2108 2121 2061 
7510 1095 1580 1094 2121 
7511 1094 2086 1019 2121 
7512 1357 1782 1922 2108 
7513 1144 267 301 268 
7514 1932 231 1895 267 
7515 1019 2121 2086 2108 
7516 1432 1205 1436 1875 
7517 1681 1977 269 268 
7518 1932 1019 2121 231 
7519 195 2160 1020 2035 
7520 1794 1485 1018 158 
7521 1019 231 232 194 
7522 1932 1019 231 232 
7523 1153 1278 1945 1152 
7524 1681 2086 1020 2035 
7525 1020 1019 2086 2108 
7526 1932 1146 1914 267 
7527 1932 1019 1020 2108 
7528 1921 2085 1593 1594 
7529 1945 1681 1914 1977 
7530 1999 2001 1721 2007 
7531 2160 1945 1593 2077 
7532 1945 1782 1922 1363 
7533 1932 1020 1681 2108 
7534 2062 1594 1922 1923 
7535 1144 266 1894 300 
7536 2157 1698 1969 1154 
7537 1914 1147 1146 1782 
7538 1914 1977 1681 268 
7539 1914 1147 1977 268 
7540 1894 1895 266 267 
7541 1955 1567 1697 1788 
7542 2120 1580 2121 2108 
7543 2120 1782 1146 1145 
7544 1339 266 299 300 
7545 1696 1697 1297 1788 
7546 1696 1698 299 331 
7547 1696 330 1697 331 
7548 2157 1144 1145 1894 
7549 1339 299 1698 300 
7550 2134 1011 1012 1208 
7551 401 1964 383 1966 
7552 1334 1342 1831 1694 
7553 1693 1694 1831 1480 
7554 1420 359 1931 1680 
7555 1463 1058 1056 2079 
7556 1481 382 399 400 
7557 1334 1480 1419 1684 
7558 2097 1334 1342 412 
7559 1781 1782 1873 1145 
7560 1996 2008 1620 1716 
7561 1824 2022 1495 385 
7562 1688 364 1427 1495 
7563 1964 1334 1965 400 
7564 2134 1012 1011 1442 
7565 2097 1684 2136 1694 
7566 1824 362 1429 1825 
7567 1824 1495 363 385 
7568 1825 1826 362 361 
7569 2119 1405 1995 2118 
7570 1826 1155 1405 2027 
7571 1826 1155 2027 361 
7572 1964 1481 1334 400 
7573 2057 1775 1869 271 
7574 2119 2027 2202 1826 
7575 2203 1428 2196 1278 
7576 2090 2163 1665 2145 
7577 1429 363 336 335 
7578 1362 1825 2203 1152 
7579 2057 2058 1891 272 
7580 2119 1362 1426 2196 
7581 2202 384 1824 362 
7582 2202 384 362 361 
7583 1964 383 1966 2027 
7584 1965 401 1765 2022 
7585 2022 401 385 384 
7586 2128 1947 1886 1798 
7587 1540 1825 1426 1429 
7588 1495 1630 1745 1631 
7589 1634 385 1810 386 
7590 1486 2163 1689 1690 
7591 1824 1427 1495 1630 
7592 2119 1826 2202 1824 
7593 1540 304 335 336 
7594 1488 363 1427 364 
7595 1362 2196 1781 1363 
7596 1427 1745 1495 1630 
7597 1429 362 363 335 
7598 1824 363 362 385 
7599 2119 1630 2118 2196 
7600 1824 363 1429 362 
7601 1824 385 362 384 
7602 1426 2196 2203 1428 
7603 1429 1825 362 335 
7604 1427 1824 363 1429 
7605 1427 1824 1495 363 
7606 1824 1495 1631 1630 
7607 2119 1426 1826 1824 
7608 2202 362 1824 1826 
7609 2119 1826 1362 1995 
7610 2119 1824 1631 1630 
7611 1824 1631 1495 2022 
7612 2202 361 383 384 
7613 1603 1057 398 381 
7614 1966 2202 2027 383 
7615 2097 1717 1765 2136 
7616 2202 2022 1824 384 
7617 1765 402 401 412 
7618 1765 413 402 412 
7619 1334 1831 1693 1694 
7620 2021 1684 1419 2111 
7621 1810 2022 1765 401 
7622 1334 1684 1419 1965 
7623 2119 2118 1630 1631 
7624 2021 1965 1419 1684 
7625 1964 2021 1419 2027 
7626 2021 2202 1966 2022 
7627 1964 1965 2021 1966 
7628 2021 1824 2202 2022 
7629 1964 383 382 400 
7630 1965 2022 1765 1717 
7631 2029 1996 1683 1624 
7632 1684 1682 2136 1694 
7633 1684 1944 1682 1694 
7634 2021 2022 1965 1717 
7635 1960 1962 1961 1023 
7636 1684 1480 2111 1694 
7637 1684 1944 1694 2111 
7638 1623 1682 1944 1968 
7639 1996 1674 1620 1382 
7640 1986 1712 1847 1552 
7641 1088 1052 1564 2175 
7642 1873 1356 1137 1145 
7643 1514 2198 1515 1093 
7644 1995 1872 1873 1849 
7645 2119 1995 1362 2196 
7646 1463 1403 1706 2004 
7647 1629 1683 1996 1715 
7648 1683 1684 2136 1717 
7649 1683 1631 1684 1717 
7650 2029 1963 1960 1919 
7651 1628 1630 2118 1631 
7652 2029 1961 1963 1798 
7653 1051 1022 1053 1920 
7654 1943 2038 1301 1524 
7655 2128 1886 1690 2184 
7656 1961 1947 1798 1397 
7657 2051 1987 1847 1852 
7658 1961 1396 1947 1397 
7659 1387 273 1891 306 
7660 1891 272 2058 306 
7661 1719 2016 1962 1943 
7662 1719 1884 1559 2080 
7663 1558 1884 1720 2080 
7664 1946 1947 2178 2052 
7665 1516 2150 1517 1605 
7666 1536 1491 1522 1819 
7667 1516 1515 2198 1367 
7668 1850 1998 1849 1848 
7669 1168 2046 1432 1844 
7670 1514 2198 1516 1515 
7671 1359 1366 1559 2040 
7672 1850 1998 2104 1849 
7673 1628 1684 1683 1631 
7674 1848 1919 2016 1963 
7675 1890 2058 1539 1388 
7676 1848 2049 2016 1919 
7677 2161 1873 1995 1781 
7678 1150 1152 1869 270 
7679 1517 997 1579 1605 
7680 1517 1139 1579 997 
7681 1517 1358 1139 997 
7682 1137 1138 1356 1139 
7683 2120 1138 1137 1145 
7684 1356 1580 1139 1138 
7685 1356 1514 1580 2061 
7686 2001 2060 2010 2080 
7687 2120 1782 1356 2108 
7688 1566 1998 1281 1139 
7689 1566 1567 1280 1707 
7690 1404 1995 2118 1849 
7691 2134 1424 1494 1646 
7692 1566 1145 1137 1787 
7693 1404 1995 1405 2118 
7694 1137 1139 1356 1358 
7695 1998 2104 1404 1707 
7696 1463 2004 1706 1707 
7697 1998 2070 1280 1281 
7698 2161 1849 2104 2118 
7699 1402 1931 1969 1837 
7700 1566 1697 1567 1706 
7701 1404 2104 1992 1707 
7702 1849 1404 2104 2118 
7703 1911 1797 1795 1796 
7704 1566 1137 1139 1567 
7705 1998 2070 2104 1707 
7706 2161 1781 1995 2196 
7707 1357 2061 1356 2108 
7708 2078 234 2077 235 
7709 2120 1782 1873 1356 
7710 2161 2118 1795 1630 
7711 1850 1849 2161 1848 
7712 1995 1781 1872 1155 
7713 2112 2161 1849 1848 
7714 2086 2001 2017 1018 
7715 1781 1154 1147 1145 
7716 1781 1154 1872 1155 
7717 1781 1363 1147 1153 
7718 1781 1153 1147 1154 
7719 1781 1153 1154 1155 
7720 1362 1153 1781 1155 
7721 2134 1424 1655 1494 
7722 2119 1826 1426 1362 
7723 1995 1405 1826 1155 
7724 2037 1738 1737 1278 
7725 1362 1278 2196 1363 
7726 2112 1849 1357 1848 
7727 2066 160 161 126 
7728 2112 1357 2062 1848 
7729 1922 1873 1363 1782 
7730 1357 1356 1782 2108 
7731 1357 1922 2061 2108 
7732 1922 2086 2061 2108 
7733 1591 159 1794 195 
7734 2057 306 2058 272 
7735 1758 1776 272 236 
7736 2019 1298 1300 1771 
7737 1521 2109 2032 1523 
7738 1021 1022 1925 1264 
7739 1665 2163 1690 1398 
7740 1357 1849 1873 1358 
7741 2037 1363 2196 1278 
7742 1357 2062 1356 2061 
7743 2112 1357 1849 1873 
7744 1359 1517 2150 1358 
7745 2037 2038 1738 1796 
7746 1796 2016 1848 1923 
7747 363 1427 336 1388 
7748 1536 1962 1538 2180 
7749 1796 1963 1848 2016 
7750 2172 68 2200 69 
7751 2018 1776 2076 1775 
7752 2038 1594 1524 1923 
7753 1921 2038 1737 1278 
7754 1738 1798 1796 1301 
7755 1684 1628 1623 2111 
7756 1536 1538 1962 1489 
7757 1963 1798 2180 2113 
7758 1796 1798 1963 1301 
7759 2112 1363 1922 1873 
7760 2037 2161 1911 2196 
7761 1738 1796 2038 1301 
7762 1911 1630 1797 2184 
7763 1806 1387 2164 307 
7764 1430 274 1759 2162 
7765 1486 1689 2206 365 
7766 1540 1825 1429 335 
7767 364 363 337 1388 
7768 1540 2203 1825 335 
7769 1387 306 2058 1388 
7770 1890 1539 1737 1428 
7771 2172 2200 1821 69 
7772 1634 1688 364 386 
7773 1486 1689 1688 1690 
7774 1488 1428 2184 1745 
7775 1488 1427 1428 1745 
7776 1388 337 336 363 
7777 1539 1388 305 336 
7778 1152 1362 1278 2203 
7779 1890 2128 1487 2184 
7780 2018 1775 2166 1774 
7781 1426 2196 1428 1630 
7782 1362 1278 2203 2196 
7783 1300 1523 2020 1867 
7784 1776 272 236 271 
7785 1890 1891 2057 2058 
7786 1388 337 306 305 
7787 1426 2203 1362 1825 
7788 2172 2173 44 69 
7789 1362 334 1153 1155 
7790 2203 1152 1825 335 
7791 2203 304 1152 335 
7792 1946 1702 1431 1666 
7793 2076 2101 2032 198 
7794 2057 1890 1539 1737 
7795 2058 305 1388 306 
7796 2057 1891 1776 272 
7797 2078 1521 2032 2166 
7798 1430 1704 202 240 
7799 1832 2178 2177 1946 
7800 1869 304 305 271 
7801 1869 270 1152 304 
7802 1869 270 304 271 
7803 1150 271 1775 235 
7804 2032 161 1801 2109 
7805 1869 1152 2203 304 
7806 2019 1771 200 238 
7807 1869 1278 2203 1152 
7808 1758 1891 1759 273 
7809 1921 1150 1278 1775 
7810 2076 2078 2077 235 
7811 2172 2173 1230 44 
7812 1150 1775 1737 1278 
7813 1890 2184 1488 1428 
7814 2077 234 270 235 
7815 2160 1681 1977 269 
7816 2066 160 2068 161 
7817 1150 1151 1945 1278 
7818 1921 1737 1775 1278 
7819 2057 305 306 272 
7820 1150 270 271 235 
7821 2160 233 1681 269 
7822 2160 1945 1151 1977 
7823 2160 1681 1945 1977 
7824 2160 2035 2085 1681 
7825 2160 2077 1593 234 
7826 2160 196 233 234 
7827 2007 1721 1522 2067 
7828 2085 2060 2061 2086 
7829 1593 2077 2166 2078 
7830 1591 1593 1903 2035 
7831 2205 1538 1962 2188 
7832 2018 2020 1300 1523 
7833 1774 2038 1737 1775 
7834 1591 2085 2067 1594 
7835 1151 270 2077 234 
7836 1151 269 270 234 
7837 1151 303 1152 270 
7838 1151 303 270 269 
7839 1151 1977 1945 1152 
7840 1151 1977 1152 303 
7841 1151 1977 303 269 
7842 1758 273 238 237 
7843 2101 237 199 236 
7844 2018 1775 2076 2166 
7845 1774 1301 1299 1737 
7846 2101 236 199 198 
7847 2041 1018 2042 2017 
7848 1018 2086 1019 2042 
7849 1093 1321 2197 2071 
7850 1558 1516 1514 2198 
7851 1095 1094 1580 1096 
7852 2017 2042 2041 2071 
7853 2138 2198 2000 1883 
7854 1018 2035 1020 2086 
7855 1018 158 2042 194 
7856 1018 195 158 194 
7857 2067 2001 1794 1465 
7858 1018 159 158 195 
7859 2041 1018 158 2042 
7860 1591 2068 1794 159 
7861 1094 2042 2017 2071 
7862 1094 2061 2086 2121 
7863 1019 1094 2121 193 
7864 2165 1096 1560 1882 
7865 2172 44 68 69 
7866 1094 2061 2121 1580 
7867 1143 1991 2000 1722 
7868 1514 1093 1515 1517 
7869 1464 1485 1794 125 
7870 2165 2197 1096 1882 
7871 1515 1367 2047 2198 
7872 1161 1989 1201 61 
7873 1096 1580 1095 2137 
7874 1321 156 2071 157 
7875 1321 156 157 122 
7876 2165 155 192 156 
7877 1093 1882 2197 1321 
7878 155 2167 1882 1748 
7879 1095 2042 2071 193 
7880 1095 2121 1094 193 
7881 1095 192 2121 193 
7882 2165 2137 192 191 
7883 2165 1006 2137 191 
7884 1095 192 193 156 
7885 1406 1006 2154 229 
7886 2165 192 155 191 
7887 1359 2062 1357 1848 
7888 1767 1510 1161 89 
7889 1464 1142 124 92 
7890 2197 156 1095 2071 
7891 2197 1321 156 2071 
7892 2167 89 1767 121 
7893 2197 156 1321 122 
7894 1432 1205 1164 2194 
7895 1748 1897 1515 1560 
7896 2047 1882 1767 1748 
7897 1093 1094 1096 1580 
7898 2167 1748 1767 1882 
7899 1432 1875 1101 1102 
7900 1515 1882 1748 1560 
7901 1510 1722 62 90 
7902 1514 2010 2062 2080 
7903 1093 2017 1094 2010 
7904 1093 1094 2017 2071 
7905 1093 2198 1883 2010 
7906 1093 2197 1095 2071 
7907 1093 1095 1094 2071 
7908 1432 1101 1436 1844 
7909 1515 1882 1560 1096 
7910 1515 1579 1517 1096 
7911 1515 1517 1579 1605 
7912 2150 997 1517 1605 
7913 1359 1516 1514 2080 
7914 2150 997 2069 1358 
7915 1099 190 1560 155 
7916 1100 1748 1767 1102 
7917 1432 1164 1875 1102 
7918 2046 2194 1988 1546 
7919 1897 1579 1515 1096 
7920 1515 2046 1100 2047 
7921 2046 1989 2047 1548 
7922 1100 2047 1767 1748 
7923 1006 191 227 228 
7924 1006 1942 1940 227 
7925 1161 1432 1988 1767 
7926 1163 1162 88 60 
7927 1163 1545 1162 60 
7928 1163 1548 1545 1547 
7929 1163 1545 1548 1988 
7930 1163 1548 1547 1201 
7931 1711 61 1201 38 
7932 1163 1988 1162 1545 
7933 2172 44 2170 68 
7934 2167 1882 2197 155 
7935 2192 1346 1348 101 
7936 2167 1321 2197 1882 
7937 2167 2197 1321 122 
7938 155 2167 121 156 
7939 2167 156 2197 122 
7940 2167 121 156 122 
7941 2167 89 121 122 
7942 1143 90 1510 122 
7943 1991 92 63 91 
7944 1226 1233 1227 1861 
7945 1064 126 1731 94 
7946 1142 2000 1143 1991 
7947 2000 2041 1883 2017 
7948 1063 1731 1064 1457 
7949 1365 64 63 92 
7950 1143 2000 1883 1722 
7951 1453 1456 1455 23 
7952 1978 1858 1802 128 
7953 1721 2062 2080 1923 
7954 2103 65 42 41 
7955 2103 42 66 67 
7956 2103 65 66 42 
7957 21 1466 8 1815 
7958 8 1467 1600 1466 
7959 1600 1506 1203 1612 
7960 1600 1467 1506 1612 
7961 1234 8 2 19 
7962 2015 1756 1596 2199 
7963 1600 1234 9 1613 
7964 1600 1506 1467 8 
7965 1880 1377 5 12 
7966 1234 1175 2 3 
7967 1234 1202 1175 3 
7968 1813 2026 1189 1814 
7969 1553 1554 3 9 
7970 1389 1613 1838 1600 
7971 1390 1838 1391 2087 
7972 1554 1202 1234 3 
7973 1554 1202 1189 1755 
7974 1554 1755 1189 2087 
7975 1171 1770 1232 1253 
7976 1711 1547 1545 1507 
7977 1711 60 37 1507 
7978 1711 1507 1545 60 
7979 1711 1545 1163 60 
7980 2138 1483 1510 1722 
7981 2139 1482 1483 1452 
7982 1199 1200 1547 1201 
7983 2015 2130 1596 1756 
7984 2147 1799 199 163 
7985 1199 1722 62 1201 
7986 1453 1454 1171 1253 
7987 39 20 1466 1451 
7988 2192 1840 1839 134 
7989 2056 1861 1233 1816 
7990 2155 1548 1547 1546 
7991 20 21 1466 8 
7992 1455 9 1817 22 
7993 2056 1860 1768 1861 
7994 1453 1455 1817 23 
7995 1142 1991 1143 91 
7996 1821 1434 1822 1773 
7997 1819 1491 1522 1720 
7998 1365 63 1991 92 
7999 1815 21 9 8 
8000 1226 1365 1233 1452 
8001 1063 1731 1457 94 
8002 1063 1457 1064 1820 
8003 2192 1840 1348 1930 
8004 1768 1770 1769 1862 
8005 1768 1253 1232 1770 
8006 1063 1065 65 64 
8007 1732 1802 1457 1172 
8008 1884 1225 1861 2130 
8009 1455 1454 2045 1456 
8010 1453 1171 42 2103 
8011 9 1815 1600 1613 
8012 1390 1389 1838 1600 
8013 1482 2056 1861 1838 
8014 1453 1817 1455 1454 
8015 1815 41 22 40 
8016 1815 21 22 9 
8017 1815 22 21 40 
8018 1466 1815 39 1451 
8019 1451 1547 1482 1199 
8020 2192 1348 1346 1930 
8021 1466 8 1467 20 
8022 39 1815 21 40 
8023 1475 1267 2132 2133 
8024 1456 42 43 23 
8025 1456 1173 1770 1885 
8026 1171 67 43 42 
8027 1756 1611 1391 1755 
8028 1455 2087 2045 1454 
8029 1171 1454 1456 1770 
8030 1186 1378 1187 1308 
8031 2045 1885 1456 1454 
8032 1860 1885 1454 1770 
8033 2139 1226 1225 1861 
8034 1860 1454 2087 1838 
8035 1063 65 1233 64 
8036 2046 1989 1988 1767 
8037 1943 2038 1796 1301 
8038 1536 1867 1522 1524 
8039 1960 1051 1920 1024 
8040 1595 1231 1229 1598 
8041 1489 1954 1490 1492 
8042 2066 2068 160 126 
8043 1861 1687 2139 2155 
8044 1769 1866 1819 1492 
8045 1475 1267 2133 1124 
8046 1819 1172 1769 1457 
8047 1594 1521 1774 2038 
8048 1768 1232 1227 1769 
8049 2056 1454 1453 1253 
8050 1482 2056 1838 1466 
8051 1756 2098 1611 1581 
8052 1757 1861 1391 2130 
8053 1450 39 1451 63 
8054 1769 1171 1954 1770 
8055 1819 1457 1769 1820 
8056 2172 1821 1434 69 
8057 1769 1954 1490 1862 
8058 1769 1232 1457 1859 
8059 1450 41 1233 1816 
8060 2056 1253 1768 1454 
8061 1227 1490 1820 1720 
8062 1063 2103 1232 1253 
8063 2172 1173 2170 1229 
8064 2000 2041 2017 1485 
8065 1063 1457 1820 1232 
8066 1233 1253 1816 41 
8067 1687 1861 1225 2130 
8068 1226 1233 1365 1066 
8069 1233 1816 1861 1452 
8070 1065 1465 1224 1064 
8071 1142 1485 2000 1465 
8072 1558 2080 2001 2010 
8073 2138 1883 2000 1722 
8074 1464 124 125 92 
8075 1063 66 2103 65 
8076 1721 1522 1491 1720 
8077 1475 2133 1542 2030 
8078 1475 2132 1542 2133 
8079 1227 1769 1490 1862 
8080 1063 1820 1066 1232 
8081 2068 160 159 196 
8082 1999 1224 2007 1720 
8083 1224 1364 1226 2000 
8084 2106 130 1979 129 
8085 2000 2010 1883 2198 
8086 2139 1483 1482 1547 
8087 1226 1991 2138 2000 
8088 1227 1490 1769 1820 
8089 1142 91 123 124 
8090 1483 2138 1991 1722 
8091 1389 1391 1612 1203 
8092 1558 1225 1884 1559 
8093 1389 1467 1482 1466 
8094 1168 1169 2194 1546 
8095 1558 2138 1367 2198 
8096 1558 1226 2138 2000 
8097 1999 1226 1224 1558 
8098 1227 1861 1884 1225 
8099 1719 1559 2016 2080 
8100 1558 1516 2198 1367 
8101 1961 1396 1397 2176 
8102 1475 1032 2030 1476 
8103 1451 1547 1199 1200 
8104 39 20 21 1466 
8105 1483 1548 1989 1201 
8106 1226 1861 1482 1452 
8107 2056 1816 1482 1861 
8108 1482 1861 1816 1452 
8109 1451 1483 1482 1452 
8110 1451 1466 1482 1200 
8111 2139 1861 2155 1482 
8112 1475 1032 1124 2030 
8113 1389 1612 1600 1203 
8114 1501 1502 1104 1934 
8115 1389 1600 1390 1203 
8116 2155 1482 1861 1838 
8117 1483 1548 2138 1989 
8118 1483 1722 1199 1201 
8119 1991 1483 1451 1452 
8120 1483 1991 1199 1722 
8121 1451 1482 1547 1200 
8122 1687 2098 2130 1167 
8123 2046 1988 1548 1546 
8124 2036 1957 1542 1216 
8125 1515 2046 1368 1100 
8126 2046 2047 1515 1367 
8127 2036 1541 1957 215 
8128 2046 1367 1515 1368 
8129 2139 1482 1226 1861 
8130 1687 1559 1225 1367 
8131 1687 1225 1559 2130 
8132 1687 1548 2046 1367 
8133 1366 1559 1687 1367 
8134 1167 1168 2098 1169 
8135 1687 1546 2155 2098 
8136 1687 2098 2155 2130 
8137 1687 1548 2155 1546 
8138 1756 1757 1391 2130 
8139 1391 1861 2155 2130 
8140 1391 2155 1861 1838 
8141 1377 1188 1378 2099 
8142 1757 1861 2130 1862 
8143 1961 1090 1396 2176 
8144 1596 1757 2130 1862 
8145 1756 1167 2187 2130 
8146 1754 1189 1597 1187 
8147 1756 2169 2199 1581 
8148 1595 1229 1231 1885 
8149 1756 2199 2187 1581 
8150 2015 1884 1862 2130 
8151 1366 1167 1687 1559 
8152 2195 998 2150 1366 
8153 2195 998 1366 1170 
8154 1366 1687 1168 1367 
8155 1514 1094 1093 1580 
8156 1514 1093 1517 1580 
8157 1514 2060 2062 2010 
8158 1514 2061 2060 2010 
8159 1359 1517 1514 1516 
8160 1359 1514 1356 2062 
8161 1359 2040 2016 2069 
8162 1356 1514 1517 1580 
8163 1514 2062 2060 2061 
8164 1999 2001 2017 2010 
8165 2060 2080 2062 2010 
8166 2085 2086 1922 1681 
8167 1514 2061 1094 1580 
8168 2060 2061 2086 2010 
8169 124 1794 159 158 
8170 1591 196 2068 159 
8171 1591 2085 1593 2035 
8172 1721 1522 1943 1491 
8173 1768 1233 1227 1066 
8174 1884 1559 1225 2130 
8175 1719 1943 1721 2080 
8176 1768 1862 1861 1860 
8177 1558 1516 1367 1559 
8178 1224 1558 1225 1227 
8179 2113 1947 1301 1798 
8180 1347 70 100 71 
8181 1799 162 161 198 
8182 1866 1867 1819 1492 
8183 2205 2188 1962 1023 
8184 1595 1231 1598 1885 
8185 2015 1862 1596 2130 
8186 1783 1823 1830 1109 
8187 1486 2206 1689 2163 
8188 1978 1858 1866 1802 
8189 1980 2200 1174 97 
8190 1732 1457 1819 1929 
8191 1929 2109 2007 1522 
8192 2019 1771 2168 200 
8193 1758 2101 1776 236 
8194 1978 128 1868 129 
8195 1978 1172 1858 1980 
8196 2032 161 2109 197 
8197 1800 1522 1867 1523 
8198 1224 1064 2007 1820 
8199 2068 160 125 159 
8200 2068 1500 2067 1465 
8201 1721 2001 2085 2067 
8202 1832 2177 1759 2162 
8203 1832 2177 1771 1759 
8204 2007 2109 2067 1522 
8205 2085 2061 2060 1922 
8206 1521 2166 1774 1523 
8207 2066 1732 1731 127 
8208 2106 1352 1353 130 
8209 1829 1537 1867 1109 
8210 2105 2147 2146 2168 
8211 1299 1833 1891 1776 
8212 1774 1300 1301 1524 
8213 1731 1457 1929 1820 
8214 1858 1172 1457 1859 
8215 1172 1173 1830 1954 
8216 2076 236 2101 198 
8217 2076 2077 1775 235 
8218 2018 1299 1774 1300 
8219 1799 162 1801 161 
8220 1799 1802 1801 163 
8221 2018 2166 2032 1523 
8222 1978 1830 1866 1980 
8223 1801 128 127 162 
8224 2066 1500 1731 1929 
8225 1801 127 161 162 
8226 1064 2007 1929 1500 
8227 1858 96 1980 1859 
8228 1858 1859 1980 1172 
8229 1978 1829 1830 1979 
8230 2200 1353 98 97 
8231 1783 1823 1784 1773 
8232 1859 96 67 95 
8233 1769 1172 1171 1859 
8234 1769 1954 1171 1172 
8235 1063 1064 1066 1820 
8236 1859 67 66 95 
8237 1859 2103 1232 66 
8238 1859 67 2103 66 
8239 1732 1457 1858 1172 
8240 1732 1819 1457 1802 
8241 1732 128 1801 1802 
8242 1929 1720 2007 1820 
8243 1064 126 93 125 
8244 1929 2007 1720 1522 
8245 1819 1172 1457 1802 
8246 1866 1858 1172 1802 
8247 1978 1866 1172 1980 
8248 1065 1464 93 92 
8249 1591 1903 2068 196 
8250 2066 1731 1500 126 
8251 1794 1465 2001 1485 
8252 1794 1485 2001 1018 
8253 1464 125 93 92 
8254 1591 2067 2085 2001 
8255 2068 125 1794 159 
8256 1592 2066 2067 2068 
8257 1999 2017 2001 1485 
8258 196 1591 195 159 
8259 196 2068 160 1592 
8260 1521 1522 1800 1523 
8261 1521 1800 2109 1523 
8262 1721 2067 2007 2001 
8263 1592 2032 197 2078 
8264 1592 197 161 160 
8265 2066 1801 1732 127 
8266 2068 1592 161 160 
8267 2068 2067 1794 1465 
8268 2148 2019 2168 200 
8269 1799 2101 199 198 
8270 1799 199 162 198 
8271 1117 1107 1852 1108 
8272 1370 1354 1115 132 
8273 1822 1823 1784 1107 
8274 1430 1431 2162 1572 
8275 2147 1799 1868 2020 
8276 1832 1771 1298 1759 
8277 1430 1759 274 239 
8278 1352 1354 1353 131 
8279 1352 165 131 130 
8280 2105 164 2147 201 
8281 2106 1353 1979 130 
8282 1348 100 1370 133 
8283 1370 99 1354 132 
8284 1866 1783 1830 1109 
8285 1335 1103 1529 1550 
8286 2200 68 98 69 
8287 1116 1987 1117 1847 
8288 1228 1821 1229 1773 
8289 1087 1089 1088 1986 
8290 1671 1864 1865 170 
8291 1852 1108 1107 1110 
8292 1117 1852 166 1108 
8293 2051 1712 1784 1847 
8294 1088 2175 1564 1986 
8295 1354 167 1115 132 
8296 2172 2173 1821 1229 
8297 1117 1847 1852 1107 
8298 1501 1191 1106 1355 
8299 1116 1117 1987 1852 
8300 1370 1115 133 132 
8301 1353 130 98 97 
8302 1354 131 132 99 
8303 1354 1117 166 1108 
8304 1354 1107 1117 1108 
8305 2106 164 130 129 
8306 1354 166 1117 167 
8307 1354 166 167 132 
8308 2105 202 166 165 
8309 1354 131 166 132 
8310 2200 98 68 97 
8311 1082 1434 98 99 
8312 1228 1229 1501 1773 
8313 1087 2175 1935 1857 
8314 1348 1347 1370 100 
8315 99 1347 70 100 
8316 1501 1502 1934 1773 
8317 2173 69 1434 70 
8318 1228 1230 1726 1231 
8319 1726 1231 1727 1355 
8320 2170 1174 1171 1173 
8321 1434 69 98 99 
8322 1434 99 70 69 
8323 1868 128 163 129 
8324 1171 1173 1954 1770 
8325 1829 1823 1353 1107 
8326 1821 1082 2200 1830 
8327 1822 1082 1107 1354 
8328 1229 1501 1773 1502 
8329 1980 129 1979 97 
8330 1190 1335 1319 1950 
8331 1784 1107 1109 1110 
8332 1783 1229 1823 1773 
8333 104 1949 1158 136 
8334 1228 1726 1347 1439 
8335 1597 1596 1757 2199 
8336 2092 1455 1456 23 
8337 1769 1866 1172 1819 
8338 1109 1866 1867 1829 
8339 1866 1783 1492 1954 
8340 2106 1868 164 129 
8341 1829 1107 1353 1108 
8342 1063 93 1065 1064 
8343 1979 129 130 97 
8344 1353 1107 1082 1354 
8345 1353 1354 1082 131 
8346 2105 202 1570 1108 
8347 1353 1823 1830 1082 
8348 1353 1107 1823 1082 
8349 2105 1352 2106 165 
8350 1868 128 1802 163 
8351 2106 1108 1829 1352 
8352 1980 96 129 97 
8353 1829 1109 1830 1823 
8354 1979 1353 1830 97 
8355 1980 1830 2200 97 
8356 1978 1866 1868 1802 
8357 1783 1489 1538 1492 
8358 1173 1954 1229 1830 
8359 1174 2200 68 97 
8360 1174 68 67 97 
8361 2092 43 2170 44 
8362 1174 67 96 97 
8363 1980 1979 1830 97 
8364 1174 67 1859 96 
8365 1978 1830 1829 1866 
8366 1980 1174 1830 1172 
8367 1980 96 1174 1859 
8368 1980 1859 1174 1172 
8369 2066 1929 2007 1500 
8370 1980 1174 96 97 
8371 2148 2149 1300 1537 
8372 2147 199 200 163 
8373 1868 1802 1867 1800 
8374 1832 2177 1298 1771 
8375 1868 1867 2020 1800 
8376 2148 2146 1537 1867 
8377 1800 1868 1802 1799 
8378 2146 2168 2149 1570 
8379 1868 1802 1799 163 
8380 1867 1300 1537 2148 
8381 2147 2020 1868 1867 
8382 1867 2020 2146 2147 
8383 2147 1868 163 164 
8384 2147 163 200 164 
8385 2147 200 2168 201 
8386 2147 164 200 201 
8387 2148 2146 1867 2020 
8388 2019 200 237 238 
8389 1832 1759 1298 1806 
8390 1917 1036 1920 2181 
8391 2113 1300 2149 1537 
8392 1924 1712 1564 1529 
8393 1999 1721 1558 1720 
8394 2113 2180 1947 1798 
8395 2051 1712 2188 1784 
8396 1962 1963 1943 2016 
8397 1783 1830 1229 1954 
8398 2045 2087 1554 1189 
8399 1784 1107 1823 1109 
8400 1822 1784 1773 1847 
8401 2051 2180 2188 1088 
8402 1822 1117 1354 1107 
8403 1987 1852 1117 1847 
8404 1852 2051 1987 1571 
8405 1571 1987 2186 1088 
8406 2186 1116 1114 1340 
8407 1832 1806 2162 1759 
8408 1852 1784 2051 1110 
8409 1948 1571 2186 1088 
8410 1832 2162 1806 2204 
8411 1571 1110 2052 1572 
8412 1116 1987 1703 1852 
8413 1961 1090 1088 1948 
8414 2186 1703 1114 1116 
8415 1935 1865 1669 1551 
8416 2113 1536 1867 1537 
8417 1847 1369 1550 1773 
8418 1960 1962 1021 1963 
8419 2171 1552 1116 1115 
8420 2171 1549 1840 1865 
8421 2171 1986 1116 1552 
8422 1847 1116 1986 1552 
8423 2171 1935 1865 1341 
8424 2081 1341 1670 1935 
8425 1114 1117 1116 1852 
8426 1970 1835 1747 1853 
8427 1114 1341 1115 168 
8428 1114 1341 1116 1115 
8429 1089 2175 1088 1986 
8430 1551 1712 1986 1552 
8431 2171 1840 1552 1115 
8432 1549 1338 1864 1271 
8433 1346 1190 72 102 
8434 1671 171 1531 1271 
8435 1346 1369 1347 1439 
8436 1712 1847 1552 1550 
8437 1551 1712 1552 1550 
8438 1934 1550 1773 1847 
8439 1103 1501 1105 1104 
8440 1563 1701 1157 1260 
8441 1934 1502 1784 1773 
8442 1171 1954 1173 1172 
8443 1924 1564 1054 1529 
8444 1712 1934 1784 1847 
8445 1960 1920 2176 1624 
8446 1272 1551 1549 1928 
8447 1267 1124 1007 1123 
8448 1564 2175 1551 1986 
8449 1564 1551 1712 1986 
8450 1970 1703 1702 1705 
8451 1563 1260 1157 1639 
8452 1335 1930 1190 1103 
8453 1191 1335 1319 1190 
8454 2188 1784 1934 1502 
8455 1564 1551 2175 1272 
8456 2188 1961 2180 1023 
8457 1563 1260 1639 2174 
8458 1089 1856 2082 2107 
8459 2051 2178 2052 1110 
8460 1564 1550 1928 1529 
8461 2175 1272 1856 1052 
8462 1564 1928 1551 1272 
8463 1563 1272 1564 1054 
8464 1564 2175 1052 1272 
8465 1564 1052 1054 1272 
8466 1924 1054 1564 1712 
8467 1267 1123 1007 1269 
8468 1104 1924 1265 1529 
8469 1595 1757 1596 1860 
8470 1924 1054 1023 1022 
8471 1924 1265 1264 2199 
8472 2188 1784 1712 1934 
8473 1104 1934 1924 1529 
8474 1596 2199 1756 1757 
8475 1596 1757 1756 2130 
8476 2205 1104 1502 1924 
8477 1880 1310 1377 1186 
8478 1595 1862 1489 1490 
8479 2205 1489 1538 1502 
8480 1228 1369 1501 1439 
8481 1331 1319 1728 1160 
8482 1501 1598 1105 1104 
8483 2045 1860 2026 1885 
8484 1754 1186 1189 1187 
8485 1783 1823 1229 1830 
8486 2205 1924 1023 1264 
8487 2205 2187 1021 2015 
8488 1104 1924 2199 1265 
8489 1104 1502 1924 1934 
8490 2192 101 133 134 
8491 1501 1355 1105 1231 
8492 1595 1229 1783 1502 
8493 1597 1598 1596 2199 
8494 1377 12 2099 13 
8495 1598 1104 1596 2199 
8496 1754 1638 2169 1648 
8497 2205 1924 1264 2199 
8498 1105 1889 1187 1106 
8499 1754 1757 1597 1755 
8500 1105 1889 1104 2009 
8501 1754 1187 1597 1105 
8502 1104 1754 1598 1105 
8503 1851 1554 1455 10 
8504 2026 1598 1231 1885 
8505 1597 1757 1860 2087 
8506 1597 1757 2087 1755 
8507 1597 2087 1189 1755 
8508 1369 1550 1103 1930 
8509 1331 1728 1607 1609 
8510 1191 1160 1336 1106 
8511 1103 1106 1336 1104 
8512 1336 1529 1104 1265 
8513 1336 1265 1104 1330 
8514 1330 1701 1331 1336 
8515 1336 1104 1106 1330 
8516 1701 2174 1336 1330 
8517 1701 1260 2174 1330 
8518 1335 1336 1701 1529 
8519 1701 1529 1336 2174 
8520 1563 1639 1270 1641 
8521 1822 1434 1082 1370 
8522 1191 1106 1320 1160 
8523 1369 1348 1370 1552 
8524 2170 1229 1173 1885 
8525 1813 2099 1188 12 
8526 2092 1456 2170 43 
8527 1192 1727 46 26 
8528 1355 1814 1105 1231 
8529 1549 1552 1930 1550 
8530 1726 1501 1355 1439 
8531 1335 1529 1928 1550 
8532 1821 2200 98 69 
8533 2192 135 1839 102 
8534 2092 1885 2045 2026 
8535 2173 1434 1726 70 
8536 2171 1551 1986 1552 
8537 1190 1950 1319 102 
8538 1348 100 133 101 
8539 1346 1930 1369 1439 
8540 1847 1369 1552 1550 
8541 1822 1117 1370 1354 
8542 1821 98 1434 69 
8543 2192 1839 1549 1950 
8544 1347 1434 1370 99 
8545 1267 2133 1123 253 
8546 1347 1370 100 99 
8547 1346 1348 1369 1930 
8548 1346 101 72 71 
8549 1369 1847 1822 1773 
8550 1348 1552 1930 1840 
8551 1369 1773 1934 1550 
8552 1190 1160 1192 47 
8553 1949 103 102 135 
8554 2092 1230 1727 25 
8555 1595 1757 1597 1596 
8556 1229 1598 1231 1502 
8557 1595 1954 1783 1229 
8558 1595 2205 1596 1502 
8559 1783 1502 1229 1773 
8560 1783 1784 1502 1773 
8561 1783 1502 1784 1538 
8562 1595 1489 1783 1954 
8563 1453 42 1171 1456 
8564 1173 1229 1954 1770 
8565 1453 22 1817 41 
8566 1171 1253 1232 2103 
8567 1173 1885 1229 1770 
8568 1171 67 1174 43 
8569 1851 1813 10 2092 
8570 9 1613 1817 1815 
8571 2045 1454 1860 1885 
8572 1192 47 27 26 
8573 1230 45 1727 25 
8574 2172 68 1174 2200 
8575 23 2092 43 1456 
8576 1813 26 1727 1814 
8577 1390 1554 1755 1202 
8578 2092 1230 1885 2026 
8579 2026 1105 1597 1187 
8580 2026 1814 1105 1187 
8581 2045 2087 1860 1454 
8582 1553 3 1554 1234 
8583 1726 46 70 71 
8584 2026 1189 1597 2087 
8585 2026 1597 1189 1187 
8586 2026 1189 1814 1187 
8587 1369 1347 1822 1370 
8588 2092 1727 1813 25 
8589 1455 2045 2087 1554 
8590 1267 1217 2133 1124 
8591 2092 1455 10 1851 
8592 1727 2026 1814 1231 
8593 2026 1230 1231 1727 
8594 1191 1192 1320 1355 
8595 1727 45 46 26 
8596 1726 1355 1501 1231 
8597 1727 1814 1355 1231 
8598 1455 1553 2087 1817 
8599 1727 45 26 25 
8600 2170 1174 68 43 
8601 2172 68 2170 1174 
8602 2170 1171 1174 43 
8603 2172 2170 1230 1229 
8604 1726 1727 45 46 
8605 2172 1821 2200 1229 
8606 2173 1228 1821 1229 
8607 1726 1727 1230 45 
8608 1726 70 46 45 
8609 1267 1123 1217 1124 
8610 46 71 1190 72 
8611 1346 100 1348 101 
8612 1192 1439 1726 1355 
8613 72 47 1190 46 
8614 1346 1347 100 71 
8615 1439 46 1190 1192 
8616 1320 48 1699 27 
8617 1320 1355 1192 1814 
8618 1320 1187 1355 1814 
8619 1320 1192 27 26 
8620 1320 1814 1192 26 
8621 1186 1177 1755 1202 
8622 2099 27 1699 28 
8623 2099 26 1320 27 
8624 2099 26 27 12 
8625 1378 1699 1320 1888 
8626 1378 2099 1320 1699 
8627 2099 27 13 12 
8628 1377 1308 1186 1310 
8629 1377 2099 1378 13 
8630 1378 1888 1187 1308 
8631 1378 13 1323 1677 
8632 28 1378 13 1323 
8633 1378 1308 1323 1888 
8634 1378 1888 1323 1699 
8635 1378 1677 1323 1308 
8636 1186 1177 1310 1648 
8637 1754 1755 1186 1648 
8638 1638 1888 1889 1710 
8639 1813 11 26 12 
8640 1813 2099 26 1814 
8641 1813 1188 2099 1814 
8642 1813 26 11 25 
8643 1377 1378 1677 13 
8644 1377 1677 5 13 
8645 1377 1310 1644 1677 
8646 1851 1188 1880 12 
8647 1377 1677 1644 5 
8648 1335 1319 1701 1336 
8649 1949 1701 1950 1319 
8650 1701 1949 1254 1728 
8651 1549 1864 1551 1271 
8652 2171 1549 1552 1840 
8653 1049 1864 1271 171 
8654 1864 1551 1669 1865 
8655 2171 1865 1935 1551 
8656 1864 136 1049 1338 
8657 2128 1832 1806 2204 
8658 1839 1549 1864 1865 
8659 2192 102 1839 1950 
8660 1335 1930 1549 1950 
8661 2171 1935 1116 1986 
8662 1254 103 1949 104 
8663 2019 1298 1299 1300 
8664 1254 1239 1260 1607 
8665 1532 2023 2053 245 
8666 1531 207 208 171 
8667 1530 1533 1532 1535 
8668 1531 208 172 171 
8669 1531 1535 1271 1049 
8670 1531 1049 1271 171 
8671 1532 1534 1533 2024 
8672 1157 1049 1270 1240 
8673 1156 1157 1240 1049 
8674 1157 1701 1338 1158 
8675 1157 1270 1639 1240 
8676 1157 1338 1049 1158 
8677 1669 1551 2175 1857 
8678 1669 2175 1551 1272 
8679 1669 1856 2175 1272 
8680 1669 1857 2175 1856 
8681 1669 1535 1270 1271 
8682 1640 1669 1535 1270 
8683 1669 1271 1270 1272 
8684 1864 136 1949 135 
8685 1864 170 136 135 
8686 1839 1865 1864 170 
8687 1839 135 169 170 
8688 1839 1864 135 170 
8689 2192 1346 101 102 
8690 1338 1839 1949 1950 
8691 1839 1549 1950 1338 
8692 1671 171 1864 170 
8693 1671 207 171 170 
8694 1298 1758 1759 1771 
8695 1532 2053 2063 245 
8696 1669 1864 1671 1271 
8697 2192 134 102 101 
8698 2192 1549 1840 1930 
8699 1549 1550 1928 1551 
8700 2192 1346 1950 1930 
8701 1549 1551 1864 1865 
8702 1839 1840 1549 1865 
8703 2171 1840 1115 1341 
8704 2081 1935 1340 1341 
8705 2081 1343 244 243 
8706 2081 1857 1343 1496 
8707 1935 1116 1340 1341 
8708 1114 167 1117 203 
8709 1114 168 167 204 
8710 2186 1088 1987 1986 
8711 1114 1970 204 1703 
8712 1114 1703 204 203 
8713 1114 204 167 203 
8714 2177 1430 1570 2168 
8715 339 1381 366 2206 
8716 1486 1688 364 1427 
8717 1688 364 386 365 
8718 1486 2206 2164 338 
8719 1663 310 2083 309 
8720 2206 366 339 365 
8721 2206 339 338 365 
8722 1298 1299 1833 1891 
8723 1832 2204 1946 2162 
8724 1806 308 274 307 
8725 2019 199 2147 1799 
8726 1431 1705 241 276 
8727 1430 1771 1759 238 
8728 2105 165 164 201 
8729 1431 275 1666 276 
8730 1704 203 1852 202 
8731 1704 241 1703 203 
8732 1704 240 241 203 
8733 1571 2186 1702 1948 
8734 1571 1852 1570 1704 
8735 1430 1704 1431 1572 
8736 1704 202 240 203 
8737 1832 1298 2178 1833 
8738 1486 1690 1688 1745 
8739 2105 2168 1570 201 
8740 2162 275 239 274 
8741 1431 241 240 276 
8742 1571 2051 2052 1110 
8743 1430 2168 1771 238 
8744 1431 275 276 240 
8745 1702 1704 1431 1705 
8746 1702 2162 1572 2052 
8747 2177 1430 1759 2162 
8748 1806 1387 273 1891 
8749 1970 204 1703 241 
8750 2090 2164 2163 2206 
8751 1737 1428 2203 1278 
8752 1776 1890 1891 2057 
8753 2054 1665 1946 1666 
8754 1890 2058 1487 1387 
8755 2177 1759 1430 1771 
8756 2149 2052 1110 1572 
8757 1835 1836 1747 1853 
8758 1664 1383 1834 1836 
8759 1946 1947 2052 1948 
8760 1663 1665 1664 1383 
8761 1946 1947 1665 2204 
8762 1702 1705 1431 1666 
8763 1759 238 273 274 
8764 2148 2168 2147 200 
8765 1299 1891 1758 1776 
8766 1298 2019 1758 1771 
8767 1387 273 306 307 
8768 1298 2019 1299 1758 
8769 1832 2128 1833 2178 
8770 1299 2101 1758 2019 
8771 2105 202 1108 166 
8772 2106 1868 1829 2146 
8773 2149 2178 2052 1572 
8774 1890 1488 1487 1388 
8775 2177 2149 1570 1572 
8776 2148 2146 2147 2168 
8777 1829 1537 1868 1867 
8778 2146 1108 1570 1110 
8779 2148 2149 2146 2168 
8780 2177 2149 1300 1771 
8781 2149 1110 1570 1572 
8782 2148 1771 2149 2168 
8783 1300 1523 1867 1524 
8784 2113 2051 1537 1110 
8785 2076 197 2032 2078 
8786 1867 1300 2148 2020 
8787 1536 1492 1538 1489 
8788 2018 2101 1299 2019 
8789 1087 1986 1935 2175 
8790 2128 1832 1833 1806 
8791 1298 1806 1759 1891 
8792 2105 2147 2168 201 
8793 2105 1108 1352 166 
8794 2019 2101 1799 2020 
8795 2019 1799 2101 199 
8796 2019 2147 199 200 
8797 2019 2101 237 199 
8798 2019 237 200 199 
8799 1301 1298 1833 2178 
8800 2054 1431 1946 2162 
8801 2128 1487 1690 2163 
8802 2128 1947 1798 1301 
8803 1088 2052 1947 1948 
8804 1387 306 1891 2058 
8805 2164 337 1387 1388 
8806 2054 2145 1666 309 
8807 2090 2204 1806 2054 
8808 1664 2083 1836 1705 
8809 1664 1665 1946 1948 
8810 1806 308 2054 274 
8811 1486 364 1488 1427 
8812 1890 1388 1539 1428 
8813 2090 338 2164 2206 
8814 2164 1387 337 307 
8815 2164 338 308 307 
8816 2090 1806 2164 307 
8817 2090 2204 2163 2164 
8818 1947 1832 1946 2178 
8819 2090 1665 2054 2145 
8820 2090 2163 2145 2206 
8821 1993 2206 1689 1744 
8822 2128 2184 1738 1798 
8823 1890 1833 1737 1776 
8824 1487 1745 1690 1488 
8825 1665 2128 2163 2204 
8826 1673 1689 1744 1398 
8827 1917 2050 1036 2181 
8828 2029 1397 1629 1996 
8829 2029 1960 1624 1917 
8830 1797 1745 2184 1630 
8831 2125 2201 1075 1078 
8832 1664 1946 1702 1948 
8833 2161 1873 1781 1363 
8834 1486 337 2164 1388 
8835 1688 386 2126 365 
8836 1996 1715 1075 1716 
8837 1689 2126 1744 365 
8838 1629 1715 1716 1675 
8839 1629 1745 1630 1631 
8840 1665 1947 2128 2204 
8841 1911 1797 1738 2184 
8842 1886 1798 1797 2184 
8843 1886 2184 1797 1690 
8844 2029 1397 1996 1624 
8845 1996 1674 1382 1397 
8846 1850 1848 1795 1919 
8847 1716 1629 1674 1996 
8848 1961 1798 1947 2180 
8849 1620 1305 1079 1384 
8850 1615 1617 1879 1616 
8851 1993 1959 1744 1398 
8852 1629 1397 1886 1398 
8853 1615 2117 1285 2181 
8854 1917 1920 1036 1024 
8855 1382 1398 1383 1396 
8856 2051 2180 1088 2052 
8857 2178 2051 2180 2113 
8858 1087 1089 2012 1090 
8859 1087 1935 2059 1857 
8860 1963 1798 2113 1301 
8861 2178 2128 1833 1301 
8862 2051 2178 2180 2052 
8863 1962 1963 1961 2180 
8864 2113 2149 1110 1537 
8865 2177 1570 1430 1572 
8866 1397 1947 1798 1886 
8867 1947 2052 2180 2178 
8868 2054 2145 1665 1666 
8869 1051 1920 1053 1052 
8870 1961 2180 1963 1798 
8871 1088 1986 1712 1987 
8872 1712 1088 2188 1051 
8873 1538 2113 2051 1537 
8874 1712 1088 1051 1564 
8875 2188 2180 1961 1088 
8876 2188 1961 1051 1088 
8877 1960 1258 1021 1024 
8878 2186 1987 1116 1986 
8879 1571 1702 2052 1948 
8880 2186 1703 1116 1987 
8881 1970 1835 2186 1747 
8882 2186 1340 1935 1116 
8883 2186 1935 1340 2059 
8884 1746 312 1345 279 
8885 987 1627 1626 990 
8886 1664 1834 1383 1396 
8887 2189 2116 2191 2176 
8888 987 343 344 313 
8889 1970 1747 1344 1853 
8890 1087 2059 2186 1747 
8891 1993 1744 1959 1381 
8892 1993 1690 1689 2163 
8893 1948 1834 1090 1835 
8894 1835 1747 2012 1090 
8895 1835 2012 1747 1836 
8896 1835 1090 2186 1747 
8897 1835 2186 1090 1948 
8898 2083 1853 1705 277 
8899 311 2083 310 277 
8900 2083 1836 1853 2044 
8901 1663 1981 1381 1383 
8902 1664 1383 1665 1396 
8903 1664 1665 1948 1396 
8904 2083 1705 1666 276 
8905 2083 1836 1705 1853 
8906 2054 2204 1946 1665 
8907 1981 2043 341 1384 
8908 1981 2044 2043 1384 
8909 1981 341 310 340 
8910 1981 2044 2083 310 
8911 1981 1836 2083 2044 
8912 1834 1836 1981 2044 
8913 1304 368 367 388 
8914 339 1381 340 366 
8915 1993 339 1381 340 
8916 2054 1946 1431 1666 
8917 1993 1690 2163 1398 
8918 1382 1397 1396 2176 
8919 1664 1705 1835 1702 
8920 2011 1384 1834 1081 
8921 1383 2083 1981 1836 
8922 2179 312 342 343 
8923 1746 2012 1747 1496 
8924 1746 2044 2179 312 
8925 2116 1396 1090 2176 
8926 2116 1396 1834 1090 
8927 1746 2012 2011 1836 
8928 1618 1905 1879 1525 
8929 1615 2008 1879 1619 
8930 1382 1081 1834 1384 
8931 2116 1090 1834 2012 
8932 2189 1619 1997 1617 
8933 2116 1834 2011 2012 
8934 1345 2179 2193 313 
8935 1384 2011 1834 2044 
8936 1626 342 1305 368 
8937 1087 2186 1935 1986 
8938 2179 2116 1080 1081 
8939 1089 2012 2116 2082 
8940 2116 2011 1834 1081 
8941 1716 1629 1675 1674 
8942 1810 1714 2201 1717 
8943 2179 2082 2116 2011 
8944 2179 2116 2082 1080 
8945 2189 1036 1997 1920 
8946 1079 1619 2116 1080 
8947 1620 1079 1081 1384 
8948 1077 1075 1716 2008 
8949 1959 1620 1077 1674 
8950 1079 1305 1081 1384 
8951 1626 368 1958 369 
8952 2179 342 1626 343 
8953 1626 1079 1305 1081 
8954 2176 1996 1397 1624 
8955 1620 1081 1382 1384 
8956 1620 2116 1382 1081 
8957 2116 1079 1620 1619 
8958 1959 1620 1306 1077 
8959 1715 1622 1283 2136 
8960 1996 2008 1716 1075 
8961 2116 1079 1081 1620 
8962 1618 2008 1304 1620 
8963 1503 1080 1505 1617 
8964 1503 1619 1080 1617 
8965 1627 1504 1503 990 
8966 1503 1616 1037 1504 
8967 1503 1616 1879 1617 
8968 1503 990 1504 1080 
8969 1503 1879 1619 1617 
8970 1961 1089 1088 1090 
8971 1961 1396 1090 1948 
8972 1089 1088 2175 1052 
8973 1089 1856 2107 1052 
8974 1089 2107 2191 1052 
8975 1089 2175 1856 1052 
8976 1961 2176 1089 1090 
8977 1961 1947 1088 2180 
8978 1021 1024 1258 1925 
8979 2188 1924 1502 1934 
8980 1917 1256 2050 1625 
8981 1623 1944 1684 2111 
8982 1586 1587 322 2102 
8983 1051 1023 1022 1024 
8984 1960 1024 1021 1023 
8985 1917 1258 1256 1919 
8986 1917 1024 1258 1919 
8987 2176 1996 1624 1997 
8988 1622 1715 1683 2136 
8989 1997 2116 1620 1619 
8990 1586 1221 1009 1649 
8991 2189 1080 2013 2107 
8992 2189 2013 1505 1038 
8993 1997 1624 1920 2181 
8994 1615 1285 2117 1927 
8995 2189 1997 2176 1920 
8996 1997 2176 1920 1624 
8997 2075 1214 1342 1275 
8998 2075 2182 1214 1275 
8999 1810 1765 2201 402 
9000 1715 2201 2182 1075 
9001 2097 1684 1717 2136 
9002 1334 1480 1684 1694 
9003 1622 1624 1285 1625 
9004 1634 1717 1495 1675 
9005 1586 1009 1287 2102 
9006 1078 413 404 403 
9007 1078 1075 1565 2182 
9008 2075 1078 413 414 
9009 1078 413 414 404 
9010 1634 1688 1675 1745 
9011 1306 388 366 387 
9012 1714 387 2126 386 
9013 1076 389 404 405 
9014 2125 404 388 403 
9015 1077 1674 1620 1716 
9016 1077 1716 1620 2008 
9017 2201 1765 2075 413 
9018 2201 1765 413 402 
9019 2201 413 403 402 
9020 1714 2126 2125 1716 
9021 2125 1075 1077 1078 
9022 2125 1715 1716 1075 
9023 2201 413 1078 403 
9024 1714 2125 387 403 
9025 1715 1765 2201 1717 
9026 1715 2201 1765 2136 
9027 1715 1765 1717 2136 
9028 1714 2126 1716 1675 
9029 1715 1683 2136 1717 
9030 2126 365 386 387 
9031 1486 2164 1487 1388 
9032 1381 2206 1744 366 
9033 2126 1674 1077 1716 
9034 1673 2126 1688 1675 
9035 1689 1688 2126 365 
9036 1673 1745 1688 1690 
9037 1306 2126 1077 387 
9038 1959 1306 1305 1384 
9039 1382 1959 1381 1993 
9040 1744 365 2126 387 
9041 1744 366 365 387 
9042 1486 2206 2163 2164 
9043 1744 366 2206 365 
9044 1486 1690 1745 1488 
9045 1388 1486 337 364 
9046 1673 2126 1689 1688 
9047 1634 1717 1810 1495 
9048 1486 1487 1690 1488 
9049 1673 1886 1690 1398 
9050 1745 1427 1688 1486 
9051 1381 367 1384 341 
9052 1381 340 367 341 
9053 1381 1383 1981 1384 
9054 1381 1384 1981 341 
9055 1381 341 1981 340 
9056 1304 368 388 389 
9057 1304 367 1306 388 
9058 1076 1565 1078 1075 
9059 1306 1384 1381 367 
9060 1306 1305 1384 367 
9061 1304 1958 368 389 
9062 2006 1618 1503 1525 
9063 2006 1958 1618 1304 
9064 1304 388 1306 1077 
9065 1586 1009 1221 1287 
9066 987 2179 312 313 
9067 1618 1079 1503 1619 
9068 1904 1618 1076 1905 
9069 1075 1076 2008 1077 
9070 1076 1304 1618 2008 
9071 1076 1618 1304 1905 
9072 1904 1394 1803 1905 
9073 1904 2008 1076 1618 
9074 1076 404 1078 405 
9075 2006 390 1905 370 
9076 2006 369 390 370 
9077 1627 1503 2006 990 
9078 2006 1905 1525 370 
9079 1627 2006 1525 370 
9080 345 1627 1525 370 
9081 1627 369 2006 370 
9082 1627 344 369 370 
9083 1627 345 989 344 
9084 345 1627 989 1525 
9085 1627 345 344 370 
9086 1626 1081 1080 990 
9087 1626 1958 1627 369 
9088 1626 369 1627 343 
9089 1746 278 312 279 
9090 1626 990 1627 1958 
9091 987 312 343 313 
9092 1276 1661 1804 281 
9093 2179 2011 2116 1081 
9094 2053 280 1345 313 
9095 987 344 988 314 
9096 2193 2107 1080 2082 
9097 2064 988 1277 314 
9098 313 2193 1345 2053 
9099 2053 2065 2064 2193 
9100 1276 314 1713 315 
9101 988 2193 2013 1080 
9102 988 2013 989 1080 
9103 988 2193 313 314 
9104 987 989 988 344 
9105 988 2013 1713 989 
9106 988 1713 314 989 
9107 988 2013 2193 1277 
9108 988 344 989 314 
9109 2064 1277 988 2193 
9110 1586 1222 1587 2102 
9111 2179 2043 1626 342 
9112 2179 312 2043 342 
9113 1746 1747 2012 1836 
9114 1345 2082 2179 2011 
9115 1343 244 243 279 
9116 2179 2044 2011 2043 
9117 2179 2044 2043 312 
9118 1345 312 2179 313 
9119 1345 279 312 313 
9120 2065 1805 1718 1804 
9121 1345 1496 2024 2082 
9122 1532 2024 2053 2023 
9123 2053 2024 2065 2082 
9124 1345 2193 2179 2082 
9125 2081 1341 1340 205 
9126 1970 1114 2186 1703 
9127 1970 2186 1114 1340 
9128 1586 1588 1221 1649 
9129 1970 1703 1705 241 
9130 1970 1705 242 241 
9131 1970 2186 2059 1747 
9132 1970 242 2059 1340 
9133 1970 2059 2186 1340 
9134 2065 1718 2107 2024 
9135 313 2193 2053 2064 
9136 2064 2193 988 314 
9137 2065 2024 2107 2082 
9138 1622 1283 1682 1285 
9139 1805 1416 1520 2025 
9140 1622 1683 1996 1624 
9141 1416 1804 1520 1793 
9142 1534 1856 1669 1718 
9143 1793 1661 1804 1520 
9144 1804 1805 1416 1520 
9145 1533 1793 1416 1575 
9146 1640 1533 1718 1416 
9147 1533 1647 1793 1575 
9148 1533 2063 2065 1804 
9149 1533 1804 2065 1718 
9150 1532 1533 2063 2024 
9151 1416 1533 1804 1793 
9152 1518 1520 1793 1415 
9153 1622 1283 1285 1927 
9154 1785 1415 1792 1295 
9155 1785 1294 173 174 
9156 1792 248 211 210 
9157 1785 1621 1414 2131 
9158 1662 1660 1736 1779 
9159 247 1792 1647 210 
9160 1936 1786 1792 211 
9161 1622 2136 1683 1682 
9162 1936 1252 1029 1786 
9163 1936 1029 1577 1676 
9164 1936 1415 1792 1786 
9165 1936 1415 1029 1676 
9166 1936 1029 1415 1786 
9167 1662 1695 284 316 
9168 1415 1736 1676 1519 
9169 1519 249 283 284 
9170 1519 1676 1936 1577 
9171 1662 1044 1672 1695 
9172 1672 1676 1519 1577 
9173 1672 1578 1519 1695 
9174 1672 1578 1695 1044 
9175 1583 1577 1118 1676 
9176 1672 1584 1578 1044 
9177 1672 1577 1519 1578 
9178 1261 317 1812 346 
9179 1261 317 346 347 
9180 1261 1695 1046 1812 
9181 1261 317 1695 1812 
9182 1371 1449 348 373 
9183 1197 346 1812 1212 
9184 1661 283 315 316 
9185 316 1660 315 1661 
9186 1661 283 316 1662 
9187 1518 282 1661 283 
9188 1662 1660 1812 316 
9189 1276 1661 315 1660 
9190 1790 1392 1803 1380 
9191 1790 1393 1392 1380 
9192 1790 391 392 371 
9193 1790 1198 391 371 
9194 1790 1803 1198 1380 
9195 1790 392 1393 1380 
9196 1790 1393 392 391 
9197 1283 2182 1075 1715 
9198 1283 1214 1565 2182 
9199 1283 1275 1214 2182 
9200 1283 1565 1215 1927 
9201 1283 1682 1275 2136 
9202 1283 2182 1565 1927 
9203 2117 1285 1286 1927 
9204 2117 1286 1392 1927 
9205 2117 1668 1392 1286 
9206 2117 1939 1285 2181 
9207 2117 1392 1668 1616 
9208 1615 1619 1996 2008 
9209 1667 2117 1037 2181 
9210 1667 2117 2181 1939 
9211 1667 2181 2050 1939 
9212 1667 1668 1333 1037 
9213 1035 1736 1332 2025 
9214 1035 1805 2025 1038 
9215 1035 1505 1037 1779 
9216 2013 1035 1505 1038 
9217 1035 1037 1505 1038 
9218 1035 2025 1332 1038 
9219 1071 1333 1047 1044 
9220 1071 1601 1333 1332 
9221 1583 1736 1332 1044 
9222 1071 1073 1333 1601 
9223 1071 1385 1074 1008 
9224 1071 1385 1219 1584 
9225 1071 1385 1584 1074 
9226 1371 348 1915 318 
9227 1197 1213 1046 1372 
9228 1371 347 372 348 
9229 1371 1372 1047 1072 
9230 1371 1449 1915 348 
9231 1045 1047 1584 1915 
9232 1045 1915 1371 1047 
9233 1045 1371 1915 318 
9234 1045 1469 1578 318 
9235 1045 1915 1469 318 
9236 1045 1047 1371 1261 
9237 1045 1578 317 318 
9238 1218 1584 1469 1578 
9239 1606 2133 252 287 
9240 1218 1584 1219 1385 
9241 1218 1577 1469 1433 
9242 1032 1316 1315 1031 
9243 1475 1032 1268 1124 
9244 1315 1316 1289 1031 
9245 1315 1289 1073 1601 
9246 1315 1031 1289 1259 
9247 1315 1601 1724 1033 
9248 1937 1461 1287 1328 
9249 1938 2002 2003 1274 
9250 2002 2144 2135 1196 
9251 1937 1327 2003 2033 
9252 1937 2003 1327 1328 
9253 2096 1937 1287 1328 
9254 1937 2033 2144 1287 
9255 1937 1938 2003 1328 
9256 2183 1073 1009 1328 
9257 2183 1328 1009 1326 
9258 1971 1073 2183 1328 
9259 2183 1326 1846 1141 
9260 1379 1073 1072 1971 
9261 1487 1690 1745 2184 
9262 1487 1745 1488 2184 
9263 2128 2164 2163 2204 
9264 2128 1798 1738 1301 
9265 1890 1387 1891 2058 
9266 1487 1388 2164 1387 
9267 2128 2164 1487 2163 
9268 1996 1620 1674 1716 
9269 2029 1797 1629 1397 
9270 2029 1797 1628 1629 
9271 1629 1683 1717 1631 
9272 1629 1717 1675 1745 
9273 1629 1717 1745 1631 
9274 1629 1690 1797 1745 
9275 1673 1744 1689 2126 
9276 1422 1010 321 288 
9277 1422 1588 1269 289 
9278 1588 1809 1460 2084 
9279 1422 322 289 321 
9280 1586 1007 1422 1649 
9281 1422 1010 1557 321 
9282 1422 1557 322 321 
9283 1832 2204 2128 1947 
9284 1832 1947 2128 2178 
9285 1890 1487 1488 2184 
9286 1806 1387 2128 2204 
9287 2128 1886 2184 1798 
9288 1665 1690 1886 1398 
9289 1890 1891 1387 1833 
9290 1993 1383 1381 1382 
9291 1663 1993 1381 340 
9292 1665 1947 1948 1396 
9293 2090 2204 1665 2163 
9294 1665 1886 1947 1396 
9295 1665 1398 1886 1396 
9296 1665 1396 1383 1398 
9297 1664 1948 1834 1396 
9298 1007 1268 1288 1124 
9299 1007 1288 1268 1649 
9300 1007 1269 1649 1268 
9301 1007 1269 1422 1649 
9302 1030 1316 1351 1246 
9303 1030 1766 1906 1375 
9304 1764 1246 1149 1809 
9305 1764 1246 1576 1149 
9306 1246 1809 1764 1876 
9307 1032 1031 1315 1033 
9308 1734 1907 1877 1312 
9309 1734 1312 1877 1876 
9310 1032 1288 1124 1008 
9311 1032 1124 1724 1008 
9312 1032 1288 1315 1316 
9313 1032 1724 2030 1033 
9314 1032 2030 1476 1033 
9315 1475 1542 2132 1476 
9316 1032 2030 1724 1124 
9317 1974 1128 1877 1126 
9318 1568 217 254 255 
9319 1569 216 1691 2132 
9320 1568 1569 254 217 
9321 1568 1127 217 255 
9322 1051 1920 2191 2176 
9323 1051 1088 1961 1089 
9324 1051 1088 1089 1052 
9325 1051 1023 1054 1022 
9326 1960 1023 1021 1962 
9327 1051 1052 2191 1920 
9328 2188 1712 1924 1934 
9329 1475 1569 1127 1476 
9330 1568 1268 1127 1700 
9331 1568 1268 1700 1269 
9332 1568 1700 1127 255 
9333 255 1568 1700 1269 
9334 255 1568 1269 254 
9335 2036 215 214 252 
9336 2036 1691 1541 215 
9337 1606 1915 1584 1385 
9338 1622 1283 2136 1682 
9339 1606 1915 1469 1584 
9340 1216 2030 2133 1217 
9341 1808 251 1252 1433 
9342 1216 1217 2133 252 
9343 1807 2031 1956 1957 
9344 1808 214 213 251 
9345 1807 176 1026 213 
9346 1808 1433 1635 2031 
9347 1956 1656 1011 1740 
9348 2036 1808 252 214 
9349 1087 2059 1747 1857 
9350 1087 2175 1857 1856 
9351 1087 2175 1089 1986 
9352 1087 1856 1089 2175 
9353 1087 2186 1090 1747 
9354 1606 1123 287 1386 
9355 1606 1217 1123 1386 
9356 1606 252 286 287 
9357 1606 1386 287 319 
9358 1606 287 286 319 
9359 1606 1385 1217 1386 
9360 1606 286 1469 319 
9361 1606 1433 1469 286 
9362 1664 1836 1835 1705 
9363 1664 2083 1705 1666 
9364 1663 2145 1665 1383 
9365 1946 1702 1948 2052 
9366 1946 2162 1702 2052 
9367 2054 308 2145 309 
9368 1971 1141 1379 1328 
9369 2054 275 2162 274 
9370 2054 308 275 274 
9371 2054 1431 2162 275 
9372 2054 1666 1431 275 
9373 2054 2162 1946 2204 
9374 309 2054 308 275 
9375 1664 1702 1835 1948 
9376 1664 2083 1383 1836 
9377 1664 1666 1946 1665 
9378 1664 1702 1946 1666 
9379 1663 1993 340 2145 
9380 1971 1141 2183 1846 
9381 2189 1505 1080 1617 
9382 1037 2189 1617 1505 
9383 2189 2116 1080 2082 
9384 2189 2191 2116 2082 
9385 2189 2191 2107 1038 
9386 2189 1920 2191 1038 
9387 2189 1997 1036 1617 
9388 1619 2189 2116 1080 
9389 1615 1927 2117 1879 
9390 1615 1619 1879 1617 
9391 1615 1997 1996 1619 
9392 1615 1617 1997 1619 
9393 1615 1997 1617 2181 
9394 1673 1629 1886 1398 
9395 1673 1674 1744 2126 
9396 1993 1663 1383 2145 
9397 1993 2145 339 340 
9398 1689 1744 2206 365 
9399 1993 1689 1690 1398 
9400 2125 1078 1077 404 
9401 2125 1078 404 403 
9402 1714 387 386 403 
9403 1715 2125 1714 2201 
9404 2125 1077 2126 387 
9405 2125 1077 1075 1716 
9406 2125 2201 1078 403 
9407 2125 1716 2126 1077 
9408 1714 1675 1688 2126 
9409 1714 2126 1688 386 
9410 1714 403 386 402 
9411 1714 2201 2125 403 
9412 1714 2201 403 402 
9413 1715 2125 1716 1714 
9414 1959 1744 1398 1674 
9415 1959 1744 1306 1381 
9416 1959 1382 1620 1674 
9417 1959 1381 1306 1384 
9418 1959 1382 1381 1384 
9419 1382 1959 1993 1398 
9420 1959 1398 1382 1674 
9421 1026 175 1027 212 
9422 1026 1027 1029 1786 
9423 1013 1645 1014 1012 
9424 1011 1013 1741 141 
9425 1741 1026 1012 1635 
9426 1026 1028 1635 1029 
9427 1956 1635 1208 2031 
9428 1379 1073 1971 1328 
9429 1741 1026 1013 1012 
9430 1026 1027 1013 1012 
9431 1807 177 1741 176 
9432 1026 1252 213 212 
9433 1026 213 176 212 
9434 1026 1029 1635 1252 
9435 1026 176 1013 1027 
9436 1026 1252 1635 213 
9437 1785 1294 2131 1295 
9438 1048 172 1050 209 
9439 1785 1295 1792 1647 
9440 1785 1647 1792 210 
9441 1048 173 1294 172 
9442 1048 173 1785 1294 
9443 1048 1294 1785 1295 
9444 1048 1647 1575 1295 
9445 1048 1575 1050 1295 
9446 1048 1295 1785 1647 
9447 1254 74 104 105 
9448 1254 1260 1158 1701 
9449 1254 1949 1158 104 
9450 1254 1158 1156 104 
9451 1254 1728 104 74 
9452 1254 1607 1728 74 
9453 1777 50 75 76 
9454 1777 1608 1723 1778 
9455 1777 1113 1211 76 
9456 1777 1211 1778 76 
9457 1777 75 1113 76 
9458 1777 50 1778 1723 
9459 1777 1778 50 76 
9460 2028 33 1561 34 
9461 1933 1677 1309 14 
9462 1933 1642 6 15 
9463 1179 1778 1322 1828 
9464 1179 1322 1778 51 
9465 1179 1458 1459 1828 
9466 1971 1846 1449 1141 
9467 1179 1827 1458 1828 
9468 51 1179 1181 52 
9469 1211 1179 77 1459 
9470 1827 1324 1322 1180 
9471 1179 1180 1322 51 
9472 1181 52 1179 1193 
9473 1181 30 1180 51 
9474 1181 1193 1179 1180 
9475 1181 30 51 52 
9476 1971 1449 1846 1072 
9477 1181 52 31 30 
9478 1255 31 1484 32 
9479 1590 1561 1001 1446 
9480 1590 1446 1001 1017 
9481 1255 32 16 15 
9482 1255 1933 1841 15 
9483 1255 1642 1933 15 
9484 1255 1472 1484 1841 
9485 1255 16 1642 15 
9486 1411 1458 1069 1509 
9487 1411 1752 2039 1121 
9488 1653 1411 1752 2039 
9489 1411 1654 1752 1412 
9490 1411 1752 1121 1412 
9491 1442 1990 1210 1424 
9492 1442 1646 1990 1424 
9493 1442 1645 1014 1417 
9494 1442 1417 1014 1210 
9495 1442 1012 1014 1645 
9496 1442 1646 1012 1645 
9497 1442 1645 1417 1646 
9498 2134 1656 1655 2048 
9499 1011 1012 1208 1741 
9500 1011 1014 1013 141 
9501 1441 108 1014 141 
9502 1441 142 108 141 
9503 1441 1210 1014 1417 
9504 1441 1417 1014 108 
9505 1441 1210 1417 108 
9506 1441 108 1459 1210 
9507 1441 109 1509 78 
9508 1423 1441 1509 1459 
9509 1441 1509 1740 2048 
9510 1011 1740 1441 142 
9511 1441 109 78 108 
9512 1827 1425 1068 1070 
9513 1827 1070 1068 1710 
9514 1827 1425 1070 1069 
9515 1971 1072 1373 1449 
9516 1827 1425 1069 1828 
9517 1827 1778 1425 1828 
9518 1827 1778 1322 1710 
9519 1827 1322 1778 1828 
9520 1754 1756 1755 2169 
9521 1754 1755 1597 1189 
9522 2096 2050 1289 1939 
9523 1638 2169 1473 2009 
9524 1638 1473 1307 2009 
9525 1754 2169 1755 1648 
9526 1638 1068 1889 2009 
9527 1638 1307 1068 2009 
9528 1473 1638 1307 1648 
9529 1976 1263 1053 1641 
9530 1976 1053 1293 1641 
9531 1976 1119 1414 2025 
9532 1976 1293 1053 1416 
9533 1976 1053 2025 1416 
9534 1976 1053 1332 2025 
9535 1976 2025 1332 1119 
9536 1207 1646 1027 1028 
9537 1207 1976 1293 1639 
9538 1207 2131 1639 1293 
9539 1207 2131 1414 1027 
9540 1207 2131 1027 1646 
9541 1207 2131 1293 1414 
9542 1207 1293 1976 1414 
9543 1493 2174 1639 1260 
9544 1493 1260 1639 1239 
9545 1655 1067 1709 1494 
9546 1655 1067 1494 1424 
9547 1655 1069 1067 1424 
9548 1655 2048 1069 1424 
9549 1655 1656 2039 2048 
9550 1655 1069 2048 2039 
9551 1011 1014 1442 1012 
9552 1011 2048 1441 1740 
9553 1011 1740 1656 2048 
9554 1956 1208 1656 1543 
9555 1906 2074 1375 1555 
9556 2096 2050 1073 1289 
9557 1906 1375 1766 1555 
9558 1650 1729 1311 1730 
9559 1650 1730 1311 1314 
9560 1906 1513 1750 1122 
9561 1906 1908 1513 1122 
9562 1906 1766 1908 1122 
9563 1374 1243 1131 2074 
9564 1511 1016 1729 1652 
9565 2146 1868 1537 1867 
9566 2146 1110 2149 1537 
9567 2146 1110 1537 1109 
9568 2146 1108 1110 1109 
9569 2146 1868 1867 2147 
9570 1829 1830 1979 1353 
9571 2148 2168 2019 1771 
9572 2188 1054 1051 1023 
9573 2096 2144 1937 1939 
9574 2205 1264 2187 2199 
9575 2205 1596 1104 2199 
9576 2205 2188 1924 1502 
9577 1960 1051 1961 2176 
9578 1021 2016 1962 2015 
9579 1051 1054 2188 1712 
9580 1054 2188 1712 1924 
9581 1974 1290 1311 1513 
9582 1129 1973 1972 181 
9583 1974 1908 1513 1907 
9584 1974 1877 1908 1907 
9585 1128 2132 1691 1476 
9586 1972 1973 146 181 
9587 1511 1513 1878 1750 
9588 1440 81 2005 80 
9589 1878 145 1512 112 
9590 1878 145 112 111 
9591 1878 144 1290 145 
9592 1878 144 145 111 
9593 1878 1290 1513 1512 
9594 1878 1290 1512 145 
9595 1440 1729 81 112 
9596 1440 1750 1412 1448 
9597 1440 1412 2005 1448 
9598 1511 1878 1440 1750 
9599 1749 111 80 110 
9600 1749 1752 1975 110 
9601 1749 110 1975 111 
9602 1749 1654 1412 1752 
9603 1749 111 1440 80 
9604 1749 1878 1440 111 
9605 1749 1654 1752 110 
9606 1956 1739 177 178 
9607 1807 1741 1956 1635 
9608 1807 177 214 178 
9609 1807 1635 1026 1741 
9610 1956 1208 1543 2031 
9611 1541 215 1691 179 
9612 1541 1957 215 178 
9613 1956 1543 1957 2031 
9614 1542 2133 1216 2030 
9615 1475 1568 1267 1268 
9616 1542 1691 2132 1476 
9617 1542 1544 1691 1476 
9618 1542 1543 1544 2030 
9619 2036 1216 2133 252 
9620 1542 2030 1544 1476 
9621 1475 1476 1127 1268 
9622 1541 1656 1739 1692 
9623 1541 1544 1656 1692 
9624 1541 1656 1956 1739 
9625 1541 1691 1542 1544 
9626 1541 1692 1691 1544 
9627 1400 994 1098 149 
9628 1400 1098 1349 149 
9629 1400 1789 1349 1401 
9630 1400 1098 994 1125 
9631 1399 1125 1292 1242 
9632 1400 1350 1349 1098 
9633 2156 1098 1376 1350 
9634 2156 1349 1843 1789 
9635 2156 1843 1183 1916 
9636 1854 2190 1005 1034 
9637 1854 1350 2190 1034 
9638 2096 1289 1073 1287 
9639 1002 258 1003 1005 
9640 1855 184 1005 221 
9641 1855 1896 1092 222 
9642 1004 1854 1005 1896 
9643 1855 185 221 222 
9644 1855 1005 1854 1896 
9645 1855 1092 185 222 
9646 1650 1513 1906 1312 
9647 1651 2073 2072 1652 
9648 1511 1440 1878 1512 
9649 1650 1652 1811 2073 
9650 1129 1877 1764 1876 
9651 147 1314 1599 1730 
9652 1126 181 1290 180 
9653 1126 1129 1128 1877 
9654 1126 2034 1972 1974 
9655 1972 1974 2034 1290 
9656 1129 218 181 217 
9657 1129 1127 218 217 
9658 1129 1148 218 1127 
9659 1599 182 219 183 
9660 1576 1034 2190 1314 
9661 1576 1034 1599 1764 
9662 220 1599 1764 219 
9663 1599 1129 182 1973 
9664 1599 1764 1129 1973 
9665 1576 1312 1734 1876 
9666 1576 1247 1313 2190 
9667 2096 1939 1667 2050 
9668 1733 1221 1649 1268 
9669 2096 1667 1073 2050 
9670 1576 1314 1313 1312 
9671 1576 1876 1764 1312 
9672 1246 1764 1576 1876 
9673 1842 1791 1401 1789 
9674 1842 1983 1438 1136 
9675 151 1468 118 152 
9676 1842 1678 1789 1025 
9677 1842 1438 1791 1678 
9678 1842 1678 1791 1789 
9679 1435 1913 1337 1438 
9680 1435 1913 1438 1982 
9681 1435 1337 1984 1438 
9682 996 1844 1984 1101 
9683 996 2150 997 998 
9684 1030 1032 1734 1907 
9685 995 1898 1605 1985 
9686 995 997 996 1605 
9687 1897 1994 1984 1985 
9688 1844 996 998 1368 
9689 996 1368 2150 998 
9690 1845 1648 1473 1472 
9691 1845 1755 1756 2169 
9692 1470 1243 1471 2143 
9693 1470 1581 1243 2143 
9694 1472 1470 1244 1471 
9695 1470 1582 2014 1244 
9696 1470 1243 1582 1244 
9697 1470 1244 1471 1243 
9698 1845 1473 2169 1581 
9699 1845 1755 2169 1648 
9700 1845 1756 1611 1581 
9701 1845 2169 1756 1581 
9702 1845 1470 1581 1582 
9703 1845 1581 1611 1582 
9704 1291 1497 1243 1244 
9705 1291 1130 1242 1243 
9706 1291 1497 1130 1243 
9707 1291 1130 1497 1499 
9708 1291 1887 1130 1499 
9709 1015 55 1001 1017 
9710 1291 1887 1292 1242 
9711 1249 1291 1000 1244 
9712 1291 1887 1242 1130 
9713 1735 1125 1400 994 
9714 1399 1376 1400 1098 
9715 1735 1400 1401 1789 
9716 1735 1401 1791 1789 
9717 1399 1130 1791 1982 
9718 1735 994 1325 1125 
9719 1735 994 1479 1325 
9720 2072 1098 1811 2073 
9721 2072 1811 1098 1125 
9722 1374 1376 1131 1243 
9723 1399 1982 1791 1401 
9724 2072 1098 1376 1125 
9725 2072 1376 1098 2073 
9726 1374 1241 2072 1243 
9727 1374 1447 1241 1243 
9728 1374 2074 1447 1243 
9729 1374 1375 1376 2073 
9730 1374 1906 1375 2073 
9731 1651 1241 1447 1448 
9732 1651 1652 1241 1016 
9733 1651 1016 1241 1448 
9734 1651 1652 1016 1448 
9735 1651 1652 1650 2073 
9736 1511 1311 1650 1729 
9737 1001 1561 1000 1562 
9738 999 1242 1241 1562 
9739 1015 83 999 56 
9740 1001 33 55 56 
9741 999 1292 84 83 
9742 1015 999 1001 56 
9743 1017 1015 1562 1001 
9744 1030 1555 1245 1031 
9745 1001 54 1017 55 
9746 1001 33 54 55 
9747 1001 1017 1446 1562 
9748 999 1000 34 56 
9749 999 1242 1292 1708 
9750 999 1292 1000 57 
9751 999 57 1000 56 
9752 999 1708 1292 83 
9753 999 1562 1001 1000 
9754 1015 1001 999 1562 
9755 1015 83 56 55 
9756 1241 999 1562 1015 
9757 1015 1708 999 83 
9758 1015 1708 83 82 
9759 1015 83 55 82 
9760 1015 1016 1708 82 
9761 1015 55 1016 82 
9762 1432 2046 2194 1988 
9763 1432 1100 2046 1988 
9764 1432 1100 1988 1767 
9765 1161 1988 1432 1164 
9766 1432 1164 1988 2194 
9767 1099 1875 1101 1994 
9768 1099 1101 1875 1102 
9769 1897 1100 1515 1368 
9770 1099 154 1102 153 
9771 1099 1994 1101 1900 
9772 1099 1748 1102 154 
9773 1897 1899 1560 1900 
9774 1897 1101 1984 1994 
9775 1897 1900 1101 1994 
9776 1897 1101 996 1984 
9777 1897 1984 996 1605 
9778 1897 1985 1984 1605 
9779 1897 996 1515 1605 
9780 1030 1555 1375 1245 
9781 1842 1134 1678 1025 
9782 1134 1025 1136 187 
9783 1134 151 1678 186 
9784 1134 151 186 187 
9785 1134 1468 1678 151 
9786 1135 1134 1637 1438 
9787 1002 1576 1764 1034 
9788 1004 1183 1854 1896 
9789 1003 221 258 259 
9790 1002 1881 1576 2190 
9791 1003 1658 1896 259 
9792 1003 259 293 1658 
9793 1003 1005 258 221 
9794 1004 2190 1183 1881 
9795 1182 1004 1772 1659 
9796 2100 1004 1183 1182 
9797 1004 1772 1659 1881 
9798 1149 257 220 219 
9799 1764 1002 1034 220 
9800 1149 1576 1002 1881 
9801 1002 1005 2190 1034 
9802 1002 1881 1004 1863 
9803 1002 1863 1149 1881 
9804 1002 1005 1034 220 
9805 1460 1700 1148 1809 
9806 1588 290 1460 256 
9807 1733 1221 1588 1649 
9808 1460 1809 1149 2084 
9809 1460 1149 1148 256 
9810 1460 1148 1149 1809 
9811 1351 2185 1220 2110 
9812 1733 1288 1221 1268 
9813 1246 1734 1576 1312 
9814 1030 1351 1182 1246 
9815 1182 1659 1445 2100 
9816 2190 1246 1247 1183 
9817 1030 1766 1375 1555 
9818 1809 1246 2084 1733 
9819 1182 2100 1445 2110 
9820 2100 1004 1182 1659 
9821 1588 1269 1700 1649 
9822 255 1269 1700 1588 
9823 1422 1588 1649 1269 
9824 255 1269 1588 289 
9825 1588 290 255 289 
9826 1588 322 290 289 
9827 1733 1588 1700 1649 
9828 1588 1893 1460 290 
9829 1588 290 1587 1893 
9830 1351 1733 1246 1316 
9831 1030 1766 1555 1031 
9832 1733 1700 1588 1809 
9833 1733 1268 1700 1876 
9834 1733 1246 1876 1809 
9835 1733 1700 1809 1876 
9836 2122 352 2140 353 
9837 2122 2135 2140 2033 
9838 1818 1573 1222 1223 
9839 1818 1892 1573 1223 
9840 1818 1223 1222 1587 
9841 1818 1587 1236 352 
9842 2122 1818 1892 1573 
9843 2122 1892 2124 1573 
9844 2122 1222 1818 1573 
9845 2122 1818 1222 1236 
9846 2122 2124 2135 1573 
9847 1351 1220 1289 2110 
9848 1351 1031 1289 1316 
9849 1351 1289 1031 2110 
9850 1351 1733 1316 1288 
9851 1351 1289 1288 1316 
9852 1182 1184 2100 2110 
9853 1182 1245 1257 2110 
9854 1182 1257 1245 1184 
9855 1182 2110 1257 1184 
9856 1030 1031 1245 2110 
9857 1182 1246 1351 1772 
9858 1182 1772 1351 2185 
9859 1182 2185 1351 2110 
9860 2110 1182 1030 1351 
9861 1910 2055 1657 2100 
9862 1910 2055 2100 1742 
9863 1742 2100 1279 1061 
9864 1742 1279 2100 1910 
9865 1742 1061 1279 1282 
9866 1508 1742 1444 1361 
9867 2055 1444 1526 1443 
9868 2055 1526 986 1443 
9869 2055 1445 1444 1443 
9870 2055 1445 1443 2089 
9871 2088 2089 2159 1421 
9872 2088 2055 1443 2089 
9873 2055 1361 1302 986 
9874 985 2055 986 1361 
9875 2088 293 1421 325 
9876 1030 1031 2110 1351 
9877 2088 294 1753 293 
9878 2088 294 293 326 
9879 2088 293 325 326 
9880 2088 2159 986 354 
9881 2088 354 986 326 
9882 1967 1195 1574 1196 
9883 1195 1526 1444 1443 
9884 1195 1526 1573 2135 
9885 1195 1573 1574 2135 
9886 1195 1444 1526 985 
9887 1083 2004 1297 1679 
9888 1083 2004 1679 1086 
9889 1083 1297 2004 1697 
9890 1083 2004 1567 1697 
9891 1083 1707 1567 2004 
9892 1083 1707 2004 1086 
9893 1280 1083 1567 1282 
9894 1030 1351 1316 1031 
9895 1083 1508 1874 1282 
9896 1083 1508 1707 1086 
9897 1085 1083 1086 1508 
9898 995 1743 1279 1281 
9899 1952 1337 1912 2158 
9900 995 1985 1984 1337 
9901 995 1984 1985 1605 
9902 995 1909 1279 1743 
9903 1583 1044 1672 1676 
9904 1059 1061 1184 2110 
9905 1059 1184 1061 2070 
9906 1059 2049 1184 2070 
9907 1059 2049 1918 1256 
9908 1059 2070 1918 2049 
9909 1317 1686 993 1831 
9910 1317 993 1686 1318 
9911 1317 1831 993 1318 
9912 1317 1686 2152 2129 
9913 1317 1686 2129 1318 
9914 1317 1058 2152 1686 
9915 1831 1334 411 1342 
9916 411 399 1693 1685 
9917 411 399 1685 410 
9918 1685 1058 1603 1480 
9919 2002 2129 1317 2152 
9920 2002 1317 2129 1274 
9921 2002 2152 1317 1274 
9922 2002 2152 1274 1284 
9923 2002 2144 2152 1284 
9924 2002 1284 1937 2144 
9925 2002 2144 1937 2033 
9926 1589 2033 2002 1237 
9927 1589 395 2140 1237 
9928 1589 2129 992 1478 
9929 1589 1237 2140 2033 
9930 1039 2153 378 397 
9931 991 1685 1831 1686 
9932 1055 1057 1685 1058 
9933 1039 2129 2123 1196 
9934 1039 1686 2129 1196 
9935 1039 2123 2153 1196 
9936 1055 1686 1039 1196 
9937 1463 1992 2079 1707 
9938 1603 1481 1693 1480 
9939 1603 1528 1481 1403 
9940 2119 1426 1630 2196 
9941 1603 1481 1528 381 
9942 1603 1528 1057 381 
9943 1463 1528 1403 2004 
9944 1463 1086 1679 2004 
9945 1463 2004 1679 1528 
9946 1463 1403 1603 1992 
9947 1463 1603 1403 1528 
9948 1463 1057 1603 1528 
9949 1951 260 294 295 
9950 1951 261 1091 260 
9951 1951 295 261 260 
9952 1410 1409 296 295 
9953 1951 1302 1360 1303 
9954 1951 295 1302 1303 
9955 1941 225 262 263 
9956 1941 1940 1898 1942 
9957 1941 1898 2141 1942 
9958 226 1940 263 1941 
9959 1583 1332 1333 1044 
9960 1941 2151 2141 1898 
9961 1941 262 1871 263 
9962 1409 1951 1360 1303 
9963 1409 295 1951 1303 
9964 1409 1871 262 296 
9965 1409 1303 1408 296 
9966 1409 1303 296 295 
9967 1406 230 192 229 
9968 1406 1580 1095 2121 
9969 1406 1095 1580 2137 
9970 1406 2121 192 230 
9971 1165 1894 2120 1895 
9972 1406 2137 1580 1418 
9973 1406 1166 230 229 
9974 2120 2108 1356 2061 
9975 2120 2061 1356 1580 
9976 2120 2108 2061 1580 
9977 2120 1895 1894 1146 
9978 1165 1895 231 230 
9979 1165 1406 1138 1166 
9980 2120 1356 1138 1580 
9981 2120 1895 1146 2108 
9982 1932 1020 1019 232 
9983 1932 268 1914 1681 
9984 1932 268 1681 232 
9985 1932 1681 1914 2108 
9986 1932 1681 1020 232 
9987 1144 1145 1147 1154 
9988 1144 1146 1914 1147 
9989 1144 1145 1894 1146 
9990 1144 300 1154 301 
9991 1144 1146 1894 267 
9992 1144 1154 1147 301 
9993 1610 1339 1166 265 
9994 1696 299 298 330 
9995 1696 298 1788 330 
9996 1696 1339 299 1698 
9997 1955 1787 1137 1339 
9998 1955 1339 1137 1140 
9999 1566 1998 1404 1707 
10000 1955 1787 1696 1697 
10001 1955 1140 1696 1339 
10002 1955 1339 1696 1787 
10003 1610 1788 298 297 
10004 1955 1140 1567 1788 
10005 1419 1403 2111 1480 
10006 1420 383 2027 360 
10007 1964 1420 383 2027 
10008 2021 1419 2027 1405 
10009 1419 1405 2111 1403 
10010 1420 382 383 360 
10011 1420 1403 1481 1528 
10012 1420 2027 1931 360 
10013 1420 1931 382 360 
10014 1420 1680 1931 1403 
10015 1426 2196 1362 2203 
10016 1420 1419 1481 1403 
10017 1402 2027 1420 1419 
10018 1402 2027 1419 1405 
10019 1402 1995 1872 1155 
10020 1402 1405 1995 1155 
10021 1402 2027 1405 1155 
10022 1402 1931 2027 1155 
10023 1402 1706 1969 1872 
10024 1402 1706 1403 1680 
10025 1837 1402 1931 1680 
10026 1402 1403 1931 1680 
10027 1810 1495 2022 385 
10028 1810 402 1714 386 
10029 1810 402 386 385 
10030 1810 385 2022 401 
10031 1810 402 385 401 
10032 1966 384 383 401 
10033 2021 2027 1966 2202 
10034 2119 2202 2021 1824 
10035 1966 401 1965 2022 
10036 1966 2022 2202 384 
10037 1966 384 2202 383 
10038 2021 1419 1405 2111 
10039 1717 2021 1631 1684 
10040 2021 1631 1684 2111 
10041 2021 1405 2118 2111 
10042 2021 2111 2118 1631 
10043 1964 1966 2021 2027 
10044 2021 2022 1966 1965 
10045 1334 400 411 412 
10046 2097 2136 2075 1694 
10047 1334 411 1342 412 
10048 1831 1334 1693 411 
10049 1623 1917 1624 1625 
10050 1623 1918 1917 1625 
10051 1623 1968 1918 1625 
10052 1850 1628 1795 2118 
10053 1622 1624 1623 1683 
10054 1060 1623 1918 2104 
10055 1628 2111 2118 2104 
10056 1628 2118 2111 1631 
10057 2029 1963 1795 1798 
10058 2029 1623 1795 1919 
10059 1795 1963 1796 1798 
10060 1628 1630 1629 1797 
10061 1628 1683 1629 1631 
10062 2029 1629 1628 1683 
10063 1684 1628 1683 1623 
10064 2029 1996 1629 1683 
10065 2029 1623 1917 1624 
10066 2029 1795 1963 1919 
10067 1795 1848 1796 1963 
10068 1795 1848 1963 1919 
10069 1795 1628 1797 1630 
10070 2029 1960 1917 1919 
10071 2161 2118 1630 2196 
10072 2161 2118 1995 1849 
10073 2161 1995 2118 2196 
10074 2161 1849 1995 1873 
10075 1566 1404 1706 1707 
10076 1795 2112 2161 2037 
10077 2037 1278 1921 1363 
10078 2112 1923 2062 1922 
10079 1998 1707 1280 2070 
10080 1998 1849 1848 1358 
10081 1998 1848 2070 1358 
10082 1998 1137 1849 1358 
10083 1998 2070 997 1358 
10084 1566 1955 1137 1567 
10085 1566 1137 1955 1787 
10086 1566 1404 1849 1872 
10087 1566 1872 1849 1787 
10088 1566 1998 1137 1849 
10089 1566 1998 1849 1404 
10090 1362 1153 1825 1152 
10091 1427 1388 1488 1428 
10092 2119 2027 2021 2202 
10093 1362 1995 1781 2196 
10094 2119 2021 2027 1405 
10095 2119 2027 1826 1405 
10096 1593 2078 1903 234 
10097 2160 1593 1903 234 
10098 2160 1593 2085 2035 
10099 2085 1922 1945 1681 
10100 2085 1922 2060 2062 
10101 1721 2062 2085 2060 
10102 2085 1922 2062 1594 
10103 2085 2060 2086 2035 
10104 1721 1594 2062 1923 
10105 2085 2001 2060 2035 
10106 1921 2085 1594 1922 
10107 1357 1922 2062 2061 
10108 1357 1873 1922 1782 
10109 1357 1356 1873 1782 
10110 1359 2150 1366 2040 
10111 1356 1357 1359 2062 
10112 1357 1873 1356 1358 
10113 2112 2062 1923 1848 
10114 1795 2112 2037 1796 
10115 2112 1363 2161 2196 
10116 1911 1796 1738 1798 
10117 2112 1796 1848 1923 
10118 2037 2038 1737 1738 
10119 2112 1873 2161 1363 
10120 2112 1922 1363 1923 
10121 1021 2016 2040 1919 
10122 1943 1963 1796 2016 
10123 1943 2016 1796 1923 
10124 1943 1301 1796 1963 
10125 1943 1923 1796 2038 
10126 1943 1923 2038 1524 
10127 1536 1491 1819 1492 
10128 1911 2184 1428 1630 
10129 1911 1630 2161 1795 
10130 1911 2161 1630 2196 
10131 2037 1911 1795 1796 
10132 1911 1428 2196 1630 
10133 1426 1825 1824 1429 
10134 1426 1824 1825 1826 
10135 1426 1429 1824 1427 
10136 1426 1427 1824 1630 
10137 1426 1362 1826 1825 
10138 1540 1429 1428 1427 
10139 1540 1427 1388 336 
10140 1540 1429 1427 336 
10141 1540 1428 1426 2203 
10142 1540 1426 1428 1429 
10143 1540 1429 336 335 
10144 1890 1388 1487 2058 
10145 1737 2203 1539 1869 
10146 1539 1540 304 2203 
10147 1539 304 1869 2203 
10148 1539 1540 2203 1428 
10149 2057 1776 1775 271 
10150 2057 1776 271 272 
10151 2057 271 305 272 
10152 2057 305 1539 2058 
10153 1890 2128 1833 1387 
10154 2057 1869 305 271 
10155 2057 1539 305 1869 
10156 1299 2020 2019 1300 
10157 1737 1301 1738 2038 
10158 2018 1774 1523 1300 
10159 1921 1922 1923 1363 
10160 1776 1890 2057 1737 
10161 1737 1775 2057 1776 
10162 2037 1911 2161 1795 
10163 1890 1833 2128 1301 
10164 1890 1301 1737 1833 
10165 1890 1737 1301 1738 
10166 2057 1890 2058 1539 
10167 1890 2128 2184 1738 
10168 1890 2184 1428 1738 
10169 1758 272 1891 273 
10170 1758 272 273 237 
10171 1758 237 2019 2101 
10172 1758 272 1776 1891 
10173 1774 1300 1299 1301 
10174 1774 1301 2038 1524 
10175 1298 1833 1806 1891 
10176 1774 1301 1737 2038 
10177 1774 1737 1299 1776 
10178 2018 2101 2019 2020 
10179 1583 1333 1071 1044 
10180 1521 1524 1774 2038 
10181 2166 1775 2078 2077 
10182 2032 1801 1799 1800 
10183 1921 1594 2038 1923 
10184 1592 2032 2109 197 
10185 2032 1799 161 198 
10186 2018 2020 1299 1300 
10187 2078 1521 1592 2032 
10188 1521 1594 1522 1524 
10189 1583 1332 1071 1333 
10190 1594 1521 2166 1774 
10191 1521 1524 2038 1594 
10192 1521 1592 2032 2109 
10193 1521 1774 1524 1523 
10194 2018 1774 1776 1775 
10195 2032 2109 1800 1523 
10196 2018 2032 2020 1523 
10197 2018 2166 2076 2032 
10198 2032 2101 1799 198 
10199 2032 2020 1799 2101 
10200 2076 198 2032 197 
10201 2076 198 197 235 
10202 2076 271 1775 1776 
10203 2076 271 1776 236 
10204 2076 236 198 235 
10205 2076 1775 271 235 
10206 2076 271 236 235 
10207 1150 2077 270 235 
10208 1150 1775 2077 235 
10209 1150 1869 1775 271 
10210 1150 270 1869 271 
10211 1921 1775 1737 2038 
10212 1150 2077 1151 270 
10213 1592 197 160 196 
10214 1592 197 196 1903 
10215 1593 1592 1903 2078 
10216 2160 2085 1945 1681 
10217 195 1903 2160 2035 
10218 2160 234 233 269 
10219 2160 233 196 195 
10220 1591 1592 2068 1903 
10221 1903 2078 1592 197 
10222 1583 1332 1219 1601 
10223 197 1903 2078 234 
10224 2160 1903 1593 2035 
10225 1774 1921 2166 1594 
10226 1921 1945 1593 2085 
10227 1591 1903 1593 1592 
10228 2160 1151 234 269 
10229 2160 2077 1151 1945 
10230 2160 1020 1681 233 
10231 2160 1681 1020 2035 
10232 195 2160 233 1020 
10233 2165 1096 2197 1095 
10234 2165 1096 1095 2137 
10235 2165 2197 155 156 
10236 2165 1095 2197 156 
10237 2165 2137 1095 192 
10238 1161 1102 1767 120 
10239 1161 120 89 88 
10240 1510 1483 1989 1201 
10241 1510 62 1722 1201 
10242 1767 1510 89 2167 
10243 1510 1161 1989 1767 
10244 1161 120 1767 89 
10245 1510 1883 2167 2047 
10246 1767 1510 2167 2047 
10247 1510 1883 2047 1989 
10248 1510 1201 1989 61 
10249 1510 61 89 90 
10250 1197 1198 371 346 
10251 1143 1722 1510 90 
10252 122 1510 2167 89 
10253 1510 1883 2138 1722 
10254 1143 2000 2041 1883 
10255 1143 2041 1321 1883 
10256 1143 1321 123 122 
10257 1143 1991 1722 91 
10258 1143 1321 2041 123 
10259 1171 1859 1174 67 
10260 1769 1859 1171 1232 
10261 1769 1171 1770 1232 
10262 1171 1232 1859 2103 
10263 1171 1456 1173 1770 
10264 1171 2103 1859 67 
10265 9 1815 8 1600 
10266 1197 1261 346 347 
10267 1613 1815 1466 1816 
10268 1455 2087 1553 1554 
10269 1390 1554 2087 1755 
10270 2087 1613 1390 1838 
10271 2092 1813 2026 2045 
10272 1455 22 1817 23 
10273 1390 1838 1613 1600 
10274 1197 371 372 346 
10275 1613 1817 1838 2087 
10276 9 1613 1553 1817 
10277 1613 1466 1815 1600 
10278 1389 1498 1611 2098 
10279 2087 1613 1553 1390 
10280 1389 2098 2155 1546 
10281 1389 1498 1780 1611 
10282 1390 1755 1203 1202 
10283 1234 1613 1390 1553 
10284 1390 1600 1234 1203 
10285 1390 1755 1391 1203 
10286 1790 1197 1198 371 
10287 1482 1389 1466 1838 
10288 1389 1467 1466 1600 
10289 1546 1389 1780 1547 
10290 1389 1467 1780 1547 
10291 1389 1600 1612 1467 
10292 1389 1612 1780 1467 
10293 1390 1389 1391 1838 
10294 1389 2155 1391 1838 
10295 1451 1816 1482 1466 
10296 1451 1482 1816 1452 
10297 1450 39 63 40 
10298 1450 64 1233 41 
10299 1451 1200 1199 39 
10300 1451 63 1991 1452 
10301 1451 1199 63 39 
10302 1455 1554 9 10 
10303 1851 1455 1554 2045 
10304 1851 1189 1880 1188 
10305 2092 1455 1851 2045 
10306 1455 9 23 10 
10307 2092 1456 1455 2045 
10308 1197 372 347 346 
10309 2092 10 1455 23 
10310 1453 1816 1253 41 
10311 1453 41 42 23 
10312 1453 41 1253 2103 
10313 1453 41 2103 42 
10314 2056 1482 1816 1466 
10315 1769 1820 1457 1232 
10316 1819 1929 1457 1820 
10317 1999 1226 1558 2000 
10318 2056 1233 1768 1253 
10319 1227 1820 1769 1232 
10320 2056 1233 1253 1816 
10321 1227 1232 1066 1820 
10322 2056 1817 1453 1454 
10323 1768 1861 1227 1233 
10324 1768 1253 1233 1232 
10325 1197 1261 1371 1372 
10326 1142 2000 1364 1465 
10327 1142 92 1991 91 
10328 1142 2041 1143 2000 
10329 1999 1224 1226 2000 
10330 1065 1224 1465 1364 
10331 1558 1884 2080 1559 
10332 1365 1991 1364 92 
10333 1365 1452 1991 63 
10334 1450 63 64 40 
10335 39 1450 1816 40 
10336 1450 1233 1365 1452 
10337 1450 63 1365 64 
10338 1226 1991 1483 2138 
10339 1465 1065 1364 1464 
10340 1450 64 41 40 
10341 1450 64 1365 1233 
10342 1226 1066 1365 1364 
10343 1721 2080 1943 1923 
10344 1226 1364 1365 1991 
10345 1226 2000 1364 1991 
10346 2139 1687 1225 1367 
10347 2139 1225 2138 1367 
10348 2139 1548 1687 1367 
10349 2139 2138 1548 1367 
10350 2139 1483 1548 2138 
10351 1366 1516 1367 1368 
10352 1168 1367 1687 2046 
10353 1168 1367 2046 1368 
10354 1366 2150 1516 1368 
10355 1168 1844 1169 1170 
10356 1168 1368 2046 1844 
10357 1168 1546 1687 2098 
10358 1168 1844 1170 1368 
10359 2015 1167 1559 2130 
10360 2015 1489 1596 1862 
10361 2015 1884 1489 1862 
10362 2015 1884 2130 1559 
10363 1536 1492 1489 1491 
10364 1719 2015 2016 1559 
10365 1021 2016 2015 1559 
10366 1719 1489 2015 1884 
10367 1559 1021 2187 2015 
10368 1021 2016 1559 2040 
10369 1021 1925 1022 1024 
10370 2205 1104 1924 2199 
10371 2205 1104 1598 1502 
10372 2205 2015 1021 1962 
10373 2205 1924 2188 1023 
10374 2205 1962 1021 1023 
10375 1021 1925 2187 1264 
10376 2205 1264 1021 2187 
10377 1021 2187 1258 2040 
10378 2205 1962 1538 1489 
10379 2205 1596 1598 1104 
10380 1021 1925 1258 2187 
10381 1366 1167 2040 1170 
10382 1366 1168 1170 1368 
10383 1359 1848 1357 1358 
10384 1366 1168 1167 1170 
10385 1356 1359 1358 1517 
10386 1366 2040 2195 1170 
10387 1514 1356 2062 2061 
10388 1197 347 1371 1261 
10389 1514 1093 2010 2198 
10390 1514 2010 1093 1094 
10391 1514 2010 1094 2061 
10392 1359 1516 2080 1559 
10393 1359 2080 2016 1559 
10394 1359 1559 2016 2040 
10395 1359 2150 2069 1358 
10396 1359 2016 2062 1848 
10397 1359 2080 2062 2016 
10398 1558 2198 1514 2010 
10399 1558 2010 1514 2080 
10400 1558 2138 1225 1367 
10401 1558 2000 2138 2010 
10402 1558 2010 2138 2198 
10403 1999 2007 1721 1720 
10404 1224 1558 1227 1720 
10405 1064 1820 1731 1929 
10406 2007 2001 2067 1465 
10407 1721 1943 1594 1923 
10408 2007 1465 2067 1500 
10409 1064 1820 1929 2007 
10410 1720 1224 1820 1227 
10411 1721 2067 2085 1594 
10412 1721 2060 2001 2080 
10413 1721 1594 1943 1522 
10414 1521 2078 1593 2166 
10415 2007 1721 1720 1522 
10416 1719 1721 1720 2080 
10417 1719 1491 1962 1489 
10418 1719 1491 1489 1884 
10419 1719 1943 1962 1491 
10420 1719 1720 1491 1884 
10421 1719 1720 1884 2080 
10422 1536 1867 1537 1492 
10423 1536 1491 1962 1943 
10424 2113 2149 1300 2178 
10425 1521 2032 2166 1523 
10426 1521 2067 1592 2109 
10427 1521 1522 2067 2109 
10428 1521 2067 1721 1594 
10429 1521 1721 2067 1522 
10430 1521 1594 1721 1522 
10431 1521 1593 1592 1594 
10432 1521 2166 1593 1594 
10433 1521 1594 1592 2067 
10434 1819 1802 1801 1800 
10435 1929 1800 1801 2109 
10436 1819 1491 1490 1492 
10437 1819 1867 1522 1536 
10438 1819 1867 1802 1800 
10439 1819 1800 1929 2109 
10440 1819 2109 1929 1522 
10441 1819 1800 2109 1522 
10442 1819 1867 1800 1522 
10443 1819 1867 1536 1492 
10444 1858 96 1859 95 
10445 1858 1980 96 129 
10446 1858 96 128 129 
10447 1978 1858 128 129 
10448 1858 96 95 128 
10449 1732 1858 95 128 
10450 1732 95 127 128 
10451 1731 95 1732 1457 
10452 1732 95 1858 1457 
10453 1732 1801 128 127 
10454 1065 93 64 92 
10455 1063 2103 1253 65 
10456 1064 93 126 94 
10457 2066 1929 1732 1801 
10458 2066 1500 2068 126 
10459 1064 1500 126 125 
10460 1224 1225 1558 1226 
10461 2068 1500 125 126 
10462 2068 125 160 126 
10463 1591 1593 2085 1594 
10464 196 2068 1592 1903 
10465 1591 2067 1592 1594 
10466 2068 125 1464 1794 
10467 1591 2001 2085 2035 
10468 1591 1018 1794 2001 
10469 1197 346 1212 345 
10470 1591 1018 2001 2035 
10471 1591 2035 1903 195 
10472 1018 1591 1794 195 
10473 1591 1794 2067 2001 
10474 2066 127 1731 126 
10475 2066 127 126 161 
10476 2066 2109 1929 1801 
10477 2066 1801 127 161 
10478 2066 161 2068 1592 
10479 1518 1661 1793 1520 
10480 2066 161 1592 2109 
10481 2066 2109 1801 161 
10482 1352 1107 1354 1108 
10483 1352 166 131 165 
10484 1829 1109 1823 1107 
10485 2105 2147 2106 2146 
10486 1352 1108 1353 1107 
10487 1822 1847 1117 1107 
10488 1822 1082 1823 1107 
10489 1821 1082 1830 1823 
10490 1821 98 2200 1082 
10491 1821 98 1082 1434 
10492 1821 1822 1434 1082 
10493 1821 1823 1822 1082 
10494 2172 1821 2173 1434 
10495 1821 1823 1229 1773 
10496 1821 1229 1823 1830 
10497 1821 2200 1229 1830 
10498 1866 1830 1783 1954 
10499 1866 1954 1769 1172 
10500 1866 1769 1954 1492 
10501 1518 248 1792 247 
10502 1866 1172 1980 1830 
10503 1866 1172 1830 1954 
10504 2105 164 2106 2147 
10505 2106 1829 1108 2146 
10506 1829 1537 2146 1868 
10507 1829 2146 1537 1109 
10508 1829 1108 2146 1109 
10509 1978 1802 1868 128 
10510 1829 1866 1830 1109 
10511 1829 1868 1866 1867 
10512 1978 1172 1866 1858 
10513 2106 1868 2147 164 
10514 2106 1829 1979 1353 
10515 2106 1352 1829 1353 
10516 2106 1829 1868 1979 
10517 1538 2113 2180 2051 
10518 2051 1109 1538 1537 
10519 2051 1109 1537 1110 
10520 2051 2188 2180 1538 
10521 2051 1784 1538 1109 
10522 2051 1110 1784 1109 
10523 2051 1784 2188 1538 
10524 1563 1529 1701 2174 
10525 1563 1928 1564 1272 
10526 1563 1529 1564 1928 
10527 1563 1641 1054 2174 
10528 1338 1563 1272 1928 
10529 1563 1639 1641 2174 
10530 2205 2015 1596 2199 
10531 1595 1596 2205 1489 
10532 2205 1596 2015 1489 
10533 2205 2015 1962 1489 
10534 1754 1104 2199 2009 
10535 1754 2169 1638 2009 
10536 1754 2169 2009 2199 
10537 1754 1597 1757 2199 
10538 1754 1105 1597 1598 
10539 1754 1598 1597 2199 
10540 1104 1754 2199 1598 
10541 1331 1609 1320 1160 
10542 1331 1320 1609 1699 
10543 1331 1160 1320 1106 
10544 1331 1609 1329 1699 
10545 1335 1191 1319 1336 
10546 1191 1103 1106 1336 
10547 1346 1347 1369 1348 
10548 1369 1847 1552 1370 
10549 1190 1319 47 72 
10550 1103 1104 1336 1529 
10551 1103 1934 1104 1529 
10552 1369 1228 1773 1434 
10553 1103 1501 1104 1934 
10554 1346 72 101 102 
10555 1501 1191 1103 1106 
10556 1191 1501 1103 1439 
10557 1191 1355 1501 1439 
10558 1191 1439 1192 1355 
10559 1369 1501 1103 1934 
10560 1369 1773 1501 1934 
10561 1369 1348 1552 1930 
10562 1518 283 1519 248 
10563 1369 1930 1103 1439 
10564 1228 1347 1369 1439 
10565 1190 1191 1103 1439 
10566 1190 1103 1930 1439 
10567 1190 1192 1191 1439 
10568 1190 1335 1950 1930 
10569 1439 1726 71 46 
10570 1228 1434 1821 1773 
10571 1434 1822 1773 1369 
10572 1228 1347 1726 1434 
10573 1595 1885 1860 1770 
10574 1595 1598 1229 1502 
10575 1595 1229 1885 1770 
10576 1595 1862 1596 1489 
10577 1595 1860 1596 1862 
10578 1595 1860 1862 1770 
10579 1595 1596 1598 1502 
10580 1595 1954 1229 1770 
10581 1595 1862 1954 1770 
10582 2170 1173 1171 1456 
10583 2170 1456 1171 43 
10584 2092 1727 1230 2026 
10585 1851 1813 2092 2045 
10586 2170 43 68 44 
10587 2170 1173 1456 1885 
10588 2092 2170 1456 1885 
10589 2092 44 1230 25 
10590 2092 24 44 25 
10591 2092 1813 10 24 
10592 2092 1813 24 25 
10593 2092 2170 1230 44 
10594 2092 1230 2170 1885 
10595 2173 70 1726 45 
10596 2173 69 70 45 
10597 2173 1230 44 45 
10598 2173 44 69 45 
10599 2173 1228 1726 1434 
10600 2173 1726 1230 45 
10601 2173 1726 1228 1230 
10602 1851 1880 4 12 
10603 1851 1189 1813 2045 
10604 1880 1554 1202 1189 
10605 1851 1813 1188 12 
10606 1880 1186 1377 1188 
10607 1880 1188 1377 12 
10608 1880 1202 1554 4 
10609 2192 133 1348 1840 
10610 2192 1549 1839 1840 
10611 1346 1930 1190 1950 
10612 1346 1950 1190 102 
10613 2192 101 1348 133 
10614 1839 169 1840 1865 
10615 2192 1950 1346 102 
10616 1518 282 283 248 
10617 2192 1950 1549 1930 
10618 2192 135 102 134 
10619 1338 1839 1864 1949 
10620 1839 1864 1949 135 
10621 102 1839 1950 1949 
10622 1670 206 207 170 
10623 2081 2023 206 244 
10624 2081 2059 1935 1857 
10625 1670 1857 1935 1865 
10626 1670 1671 1865 170 
10627 1670 2023 1671 207 
10628 1670 2023 207 206 
10629 2171 1551 1935 1986 
10630 2171 1552 1549 1551 
10631 2171 1551 1549 1865 
10632 2171 1935 1341 1116 
10633 1663 2145 340 309 
10634 1663 1981 1383 2083 
10635 1663 2083 1666 309 
10636 1663 1666 2145 309 
10637 1571 1852 1704 1703 
10638 1571 2186 1987 1703 
10639 1571 1702 2186 1703 
10640 1571 1704 1702 1703 
10641 1571 1702 1704 1572 
10642 1571 1987 1852 1703 
10643 1571 2052 1702 1572 
10644 2177 1430 2168 1771 
10645 1430 1704 1570 202 
10646 1430 2168 239 201 
10647 201 1570 1430 2168 
10648 1430 239 202 201 
10649 1430 239 2162 1431 
10650 201 1570 202 1430 
10651 1298 1833 1299 1301 
10652 1832 1946 2177 2162 
10653 2177 1946 2178 2052 
10654 2177 2162 1946 2052 
10655 2177 1430 2162 1572 
10656 2177 2178 2149 1572 
10657 2177 1572 2162 2052 
10658 2177 1572 2052 2178 
10659 2148 2146 2020 2147 
10660 2148 2020 2019 2147 
10661 2148 1771 1300 2149 
10662 2148 1300 2019 2020 
10663 2148 1771 2019 1300 
10664 1806 2054 2162 274 
10665 1806 2162 1759 274 
10666 1806 274 1759 273 
10667 1806 1387 1833 2128 
10668 1298 2177 1300 1771 
10669 2090 2164 308 307 
10670 2090 2206 2145 339 
10671 2090 308 2164 338 
10672 2090 308 338 339 
10673 2090 2054 1806 308 
10674 2090 2145 308 339 
10675 2090 2145 2054 308 
10676 2113 1536 1943 1524 
10677 2113 1943 1301 1524 
10678 2113 1867 1536 1524 
10679 2113 1300 1867 1524 
10680 2113 1947 2180 2178 
10681 2113 1301 1947 2178 
10682 2113 1943 1536 2180 
10683 2113 1943 1963 1301 
10684 2113 1301 1300 1524 
10685 2113 2178 1300 1301 
10686 1993 1665 2145 1383 
10687 1993 1665 1383 1398 
10688 1993 1383 1382 1398 
10689 1993 2163 1665 1398 
10690 1993 1665 2163 2145 
10691 1993 2163 1689 2206 
10692 1993 1381 339 2206 
10693 1993 339 2145 2206 
10694 1993 1744 1381 2206 
10695 1993 2145 2163 2206 
10696 2029 1397 1961 1798 
10697 2029 1960 1961 2176 
10698 2029 1795 1797 1798 
10699 2029 1624 1960 2176 
10700 2029 1397 1624 2176 
10701 1904 2008 1879 1927 
10702 1904 1565 1076 2008 
10703 1904 2008 1618 1879 
10704 1904 1879 1618 1905 
10705 2064 1277 1804 281 
10706 2064 314 1277 281 
10707 2064 280 314 281 
10708 2064 2193 2065 1277 
10709 2064 2063 280 281 
10710 987 2179 1080 1626 
10711 987 2193 2179 313 
10712 987 988 2193 313 
10713 987 2179 1626 343 
10714 1746 278 1853 2044 
10715 1746 2012 1345 2011 
10716 279 1746 278 1344 
10717 1746 2011 1345 2179 
10718 1746 2011 2179 2044 
10719 2081 1496 1343 2059 
10720 1343 1496 1344 2059 
10721 1343 1345 1496 2024 
10722 1857 1343 1496 2024 
10723 2081 206 243 244 
10724 2081 2059 1343 243 
10725 2081 2059 243 205 
10726 2081 243 206 205 
10727 2081 1857 1670 2023 
10728 2081 2023 1670 206 
10729 1534 1670 1857 2023 
10730 1532 207 2023 245 
10731 1530 2063 1532 1533 
10732 1532 1671 2023 207 
10733 1534 1669 1671 1535 
10734 1534 2024 2023 1857 
10735 1532 1535 1671 1531 
10736 2053 1345 280 279 
10737 2053 245 1343 244 
10738 2053 245 244 280 
10739 2053 280 313 2064 
10740 2053 2063 245 280 
10741 2053 2064 2063 280 
10742 1530 1647 209 246 
10743 1530 1531 208 172 
10744 1532 207 245 208 
10745 1532 245 2063 246 
10746 1532 245 246 208 
3 2 4 2947
10747 742 228 701 743 
10748 286 770 252 251 
10749 242 243 205 717 
10750 747 788 267 268 
10751 954 387 403 953 
10752 200 199 669 163 
10753 955 390 934 956 
10754 289 322 851 321 
10755 563 141 602 601 
10756 317 347 881 880 
10757 700 227 190 659 
10758 349 849 883 884 
10759 567 145 606 111 
10760 475 57 34 35 
10761 567 112 607 145 
10762 240 713 756 714 
10763 705 663 194 662 
10764 24 442 11 441 
10765 140 641 601 600 
10766 339 872 836 871 
10767 142 643 602 141 
10768 371 936 370 391 
10769 222 694 737 695 
10770 452 35 36 476 
10771 705 747 232 748 
10772 46 45 489 463 
10773 217 688 216 730 
10774 440 22 9 23 
10775 974 408 960 961 
10776 820 779 780 294 
10777 23 440 441 10 
10778 593 592 133 633 
10779 16 17 7 434 
10780 590 552 591 99 
10781 242 716 758 759 
10782 253 729 772 730 
10783 427 11 441 10 
10784 261 780 781 738 
10785 654 150 653 613 
10786 146 568 112 607 
10787 920 379 356 921 
10788 231 232 704 747 
10789 333 865 864 897 
10790 447 468 446 29 
10791 628 588 129 587 
10792 426 438 425 8 
10793 954 403 388 404 
10794 425 2 3 8 
10795 293 259 778 779 
10796 157 194 158 662 
10797 527 107 526 77 
10798 354 919 378 355 
10799 131 98 130 589 
10800 392 958 957 406 
10801 741 228 783 263 
10802 670 165 671 201 
10803 7 435 17 18 
10804 900 335 899 867 
10805 289 814 851 322 
10806 586 549 128 95 
10807 242 716 759 717 
10808 954 933 955 389 
10809 593 134 101 555 
10810 789 268 269 302 
10811 39 456 38 480 
10812 859 893 892 357 
10813 152 187 655 151 
10814 691 649 182 690 
10815 332 300 863 827 
10816 922 892 893 357 
10817 426 3 9 8 
10818 371 370 936 910 
10819 426 10 9 3 
10820 363 900 336 335 
10821 334 865 829 302 
10822 301 828 788 827 
10823 27 464 26 47 
10824 501 55 56 83 
10825 414 413 979 970 
10826 685 178 177 644 
10827 694 185 653 695 
10828 344 878 315 314 
10829 979 968 412 978 
10830 67 516 486 485 
10831 936 935 909 370 
10832 95 94 548 514 
10833 328 892 356 357 
10834 298 825 299 785 
10835 298 785 264 784 
10836 922 330 358 357 
10837 131 590 591 99 
10838 462 463 45 25 
10839 489 488 70 519 
10840 535 84 115 83 
10841 114 570 569 609 
10842 27 443 464 444 
10843 114 569 570 533 
10844 394 941 960 961 
10845 530 531 80 499 
10846 261 296 262 781 
10847 699 657 190 189 
10848 436 2 435 419 
10849 424 435 7 2 
10850 769 726 251 250 
10851 734 776 733 257 
10852 917 888 352 887 
10853 298 265 264 785 
10854 425 2 420 3 
10855 66 485 67 42 
10856 328 821 295 327 
10857 39 457 456 481 
10858 427 441 440 10 
10859 535 115 571 83 
10860 885 321 351 350 
10861 702 659 660 191 
10862 826 862 331 863 
10863 700 190 227 699 
10864 75 74 524 493 
10865 60 455 38 37 
10866 33 17 450 451 
10867 507 506 60 88 
10868 260 222 259 737 
10869 618 154 190 658 
10870 752 271 751 235 
10871 829 789 269 302 
10872 333 864 332 897 
10873 672 166 673 203 
10874 264 743 783 784 
10875 663 622 158 621 
10876 530 79 110 565 
10877 317 346 880 316 
10878 749 789 748 269 
10879 338 903 339 871 
10880 599 139 138 105 
10881 592 591 100 132 
10882 167 631 632 132 
10883 371 937 936 391 
10884 680 173 172 638 
10885 260 223 737 738 
10886 412 977 966 411 
10887 140 106 139 600 
10888 773 288 289 813 
10889 4 422 5 1 
10890 22 438 21 457 
10891 791 303 790 270 
10892 748 269 789 268 
10893 273 753 754 237 
10894 750 270 234 235 
10895 786 826 299 300 
10896 258 259 736 778 
10897 233 705 232 748 
10898 425 2 436 419 
10899 226 699 190 189 
10900 298 824 861 825 
10901 648 181 689 647 
10902 108 528 78 77 
10903 526 76 107 106 
10904 599 139 640 639 
10905 58 476 36 35 
10906 356 892 858 891 
10907 328 356 892 858 
10908 50 494 495 468 
10909 443 12 11 429 
10910 43 42 460 23 
10911 22 459 440 439 
10912 839 278 800 801 
10913 550 96 129 587 
10914 117 537 574 86 
10915 258 735 777 778 
10916 43 460 24 23 
10917 50 495 51 468 
10918 409 974 416 975 
10919 727 213 214 251 
10920 188 152 656 153 
10921 479 38 60 455 
10922 20 38 39 456 
10923 791 304 792 831 
10924 494 495 526 76 
10925 469 52 496 51 
10926 761 244 718 719 
10927 850 321 813 851 
10928 916 887 917 352 
10929 290 322 852 814 
10930 261 780 295 781 
10931 560 106 105 525 
10932 175 140 139 641 
10933 22 438 9 21 
10934 925 897 360 896 
10935 949 967 401 950 
10936 928 900 363 362 
10937 895 359 358 331 
10938 467 49 28 29 
10939 109 565 603 604 
10940 532 113 82 533 
10941 147 569 609 114 
10942 54 33 472 55 
10943 385 401 950 384 
10944 724 682 212 211 
10945 138 139 639 174 
10946 130 129 164 628 
10947 678 172 208 171 
10948 447 31 30 15 
10949 561 139 106 600 
10950 109 142 143 603 
10951 48 493 466 492 
10952 885 321 322 351 
10953 127 94 126 585 
10954 166 671 630 165 
10955 754 238 755 274 
10956 78 52 496 497 
10957 530 110 80 566 
10958 565 143 605 604 
10959 532 568 112 113 
10960 179 180 688 216 
10961 184 651 692 693 
10962 773 288 813 772 
10963 807 284 808 846 
10964 411 982 417 977 
10965 926 383 925 360 
10966 394 960 408 961 
10967 922 893 330 357 
10968 855 856 325 818 
10969 222 185 694 695 
10970 949 967 966 400 
10971 866 335 334 303 
10972 850 320 812 288 
10973 898 361 362 927 
10974 815 290 814 774 
10975 298 860 329 893 
10976 651 148 650 610 
10977 16 433 7 6 
10978 399 410 411 976 
10979 792 305 271 793 
10980 390 405 391 957 
10981 945 379 920 921 
10982 689 218 181 690 
10983 498 497 470 52 
10984 527 77 496 528 
10985 952 385 386 402 
10986 702 701 229 744 
10987 949 967 400 401 
10988 954 387 388 403 
10989 952 402 968 951 
10990 356 858 327 891 
10991 912 347 882 348 
10992 407 974 415 408 
10993 925 360 382 359 
10994 374 393 939 373 
10995 243 279 760 278 
10996 790 749 750 269 
10997 722 764 721 246 
10998 829 269 303 302 
10999 233 269 749 748 
11000 304 831 830 867 
11001 16 32 449 15 
11002 567 531 111 566 
11003 42 460 23 459 
11004 546 65 513 94 
11005 424 7 433 6 
11006 24 441 11 10 
11007 131 630 166 631 
11008 131 591 132 99 
11009 483 41 484 65 
11010 934 368 907 369 
11011 140 601 107 562 
11012 259 737 222 736 
11013 910 879 346 345 
11014 979 968 413 412 
11015 339 308 836 309 
11016 805 281 282 314 
11017 543 91 62 510 
11018 188 698 656 697 
11019 828 268 788 789 
11020 599 639 138 139 
11021 636 170 136 171 
11022 48 49 466 493 
11023 423 422 418 1 
11024 2 420 3 1 
11025 11 441 442 428 
11026 179 688 646 687 
11027 918 354 919 377 
11028 820 779 294 819 
11029 64 41 482 483 
11030 515 95 548 514 
11031 483 459 484 41 
11032 339 904 872 903 
11033 869 870 306 834 
11034 673 167 204 203 
11035 233 748 232 268 
11036 741 228 742 743 
11037 656 153 615 616 
11038 657 154 617 658 
11039 820 327 294 295 
11040 227 228 191 701 
11041 352 323 351 886 
11042 686 728 215 729 
11043 20 456 437 455 
11044 188 225 697 224 
11045 697 225 698 740 
11046 264 744 784 785 
11047 949 401 384 950 
11048 926 360 925 897 
11049 790 829 269 303 
11050 426 425 3 8 
11051 22 9 438 439 
11052 24 441 23 460 
11053 498 497 52 79 
11054 864 332 863 827 
11055 301 268 267 788 
11056 157 621 620 662 
11057 356 892 891 921 
11058 328 859 892 357 
11059 844 879 315 316 
11060 339 366 904 903 
11061 761 760 243 279 
11062 952 930 953 387 
11063 925 360 359 896 
11064 143 605 144 110 
11065 310 837 838 799 
11066 5 422 430 431 
11067 176 177 643 684 
11068 603 109 108 564 
11069 212 250 213 726 
11070 560 138 598 105 
11071 494 525 75 76 
11072 527 108 107 77 
11073 526 106 525 76 
11074 209 172 680 173 
11075 240 714 715 203 
11076 559 137 138 598 
11077 758 241 757 715 
11078 7 2 435 18 
11079 42 485 460 459 
11080 885 322 851 886 
11081 885 351 322 886 
11082 883 848 319 348 
11083 109 143 565 604 
11084 108 602 563 141 
11085 169 205 675 168 
11086 298 299 265 785 
11087 663 621 158 662 
11088 188 656 698 189 
11089 702 659 191 701 
11090 310 838 837 873 
11091 200 201 712 238 
11092 841 876 313 877 
11093 214 728 252 215 
11094 146 113 608 147 
11095 143 605 604 645 
11096 143 603 142 644 
11097 394 959 393 407 
11098 811 320 287 812 
11099 24 25 11 442 
11100 522 103 73 523 
11101 22 458 457 40 
11102 420 419 418 1 
11103 23 460 440 459 
11104 42 484 485 459 
11105 24 23 441 10 
11106 23 441 440 460 
11107 4 421 422 1 
11108 483 484 513 65 
11109 440 22 439 9 
11110 64 545 511 92 
11111 48 27 465 28 
11112 666 709 197 667 
11113 486 487 44 461 
11114 462 25 461 442 
11115 130 129 628 588 
11116 305 792 304 832 
11117 550 96 549 515 
11118 314 805 281 804 
11119 362 335 334 899 
11120 16 32 33 450 
11121 114 571 115 83 
11122 152 151 655 614 
11123 273 794 753 272 
11124 629 130 630 165 
11125 239 713 240 202 
11126 310 874 838 873 
11127 673 204 715 203 
11128 518 99 70 553 
11129 205 243 718 717 
11130 586 128 549 587 
11131 98 69 68 517 
11132 39 457 481 40 
11133 707 197 234 196 
11134 851 322 852 886 
11135 301 828 268 788 
11136 966 412 400 967 
11137 22 439 457 458 
11138 619 121 156 155 
11139 20 456 39 21 
11140 5 430 13 431 
11141 786 299 825 785 
11142 503 84 502 56 
11143 479 480 61 38 
11144 960 973 959 407 
11145 344 369 909 908 
11146 912 348 913 373 
11147 885 350 850 321 
11148 895 358 359 924 
11149 914 884 915 350 
11150 284 767 768 250 
11151 286 770 287 252 
11152 680 639 173 638 
11153 640 641 139 600 
11154 140 107 106 600 
11155 881 882 347 318 
11156 782 262 740 263 
11157 890 857 326 856 
11158 786 745 266 265 
11159 119 153 120 616 
11160 791 303 304 830 
11161 928 384 950 927 
11162 273 753 237 272 
11163 752 793 272 753 
11164 752 793 271 272 
11165 668 199 163 669 
11166 137 136 171 637 
11167 311 312 278 801 
11168 308 836 835 871 
11169 247 246 281 764 
11170 853 324 854 887 
11171 803 841 280 313 
11172 349 374 914 373 
11173 333 332 864 301 
11174 979 978 412 417 
11175 696 186 654 187 
11176 611 148 149 651 
11177 696 187 224 223 
11178 970 403 954 404 
11179 395 941 961 942 
11180 952 385 402 951 
11181 966 412 967 978 
11182 922 358 946 380 
11183 264 743 228 783 
11184 864 828 301 827 
11185 333 865 898 334 
11186 727 684 213 726 
11187 895 923 358 924 
11188 722 210 209 680 
11189 315 879 878 345 
11190 4 5 429 12 
11191 786 265 266 299 
11192 298 824 785 784 
11193 230 745 746 703 
11194 724 212 682 725 
11195 206 244 719 718 
11196 327 326 355 857 
11197 895 896 331 863 
11198 353 889 855 888 
11199 782 740 262 739 
11200 918 919 943 377 
11201 383 949 401 384 
11202 926 950 384 927 
11203 977 978 417 412 
11204 954 388 933 389 
11205 979 414 417 413 
11206 445 27 444 13 
11207 119 120 88 539 
11208 240 202 713 714 
11209 121 578 89 120 
11210 43 486 460 485 
11211 275 757 240 756 
11212 367 906 368 342 
11213 952 402 386 403 
11214 527 526 495 77 
11215 530 110 566 565 
11216 294 857 819 326 
11217 737 223 695 738 
11218 817 854 816 324 
11219 752 751 271 792 
11220 670 201 671 713 
11221 758 759 799 277 
11222 895 924 359 896 
11223 826 300 787 827 
11224 722 765 247 723 
11225 676 675 169 205 
11226 599 138 560 105 
11227 803 314 842 280 
11228 800 277 759 278 
11229 844 282 805 806 
11230 879 346 345 316 
11231 283 807 766 806 
11232 909 910 370 345 
11233 395 941 376 375 
11234 866 867 899 335 
11235 364 930 386 365 
11236 971 970 955 404 
11237 311 840 312 801 
11238 245 207 244 719 
11239 243 718 717 760 
11240 905 366 367 932 
11241 566 144 606 605 
11242 530 566 80 531 
11243 567 531 532 112 
11244 403 968 402 413 
11245 364 363 929 901 
11246 364 386 930 929 
11247 869 868 336 901 
11248 401 968 967 412 
11249 733 219 257 256 
11250 293 779 778 819 
11251 260 223 222 737 
11252 820 819 294 857 
11253 354 325 889 856 
11254 127 586 626 128 
11255 788 268 748 789 
11256 705 663 706 195 
11257 89 88 120 508 
11258 2 424 1 7 
11259 10 426 440 427 
11260 423 418 424 1 
11261 36 18 453 19 
11262 614 117 151 613 
11263 477 60 37 478 
11264 955 404 389 405 
11265 273 795 834 307 
11266 310 837 340 873 
11267 472 33 32 450 
11268 18 436 2 435 
11269 425 419 420 2 
11270 869 834 306 833 
11271 668 162 199 198 
11272 275 757 798 276 
11273 791 270 790 750 
11274 791 270 304 303 
11275 344 909 877 908 
11276 389 954 388 404 
11277 968 967 412 978 
11278 640 681 639 174 
11279 147 183 148 650 
11280 424 419 435 2 
11281 33 34 17 451 
11282 905 873 341 340 
11283 802 313 841 312 
11284 283 806 766 765 
11285 972 958 406 957 
11286 212 725 250 726 
11287 972 406 958 973 
11288 852 322 323 886 
11289 60 478 455 37 
11290 227 699 226 741 
11291 618 154 155 190 
11292 131 166 630 165 
11293 230 745 702 229 
11294 198 236 709 235 
11295 66 513 65 94 
11296 48 465 466 28 
11297 462 463 488 45 
11298 63 511 510 544 
11299 452 451 17 34 
11300 298 299 825 862 
11301 702 229 745 744 
11302 706 234 707 749 
11303 828 268 789 302 
11304 176 212 684 683 
11305 811 770 287 810 
11306 626 627 668 162 
11307 166 202 671 165 
11308 131 591 590 631 
11309 722 210 680 723 
11310 104 103 136 558 
11311 226 698 699 189 
11312 922 358 380 357 
11313 654 614 151 613 
11314 739 225 697 740 
11315 188 656 189 153 
11316 654 151 655 187 
11317 696 654 186 695 
11318 696 654 655 187 
11319 501 82 534 533 
11320 449 450 472 32 
11321 443 463 442 25 
11322 72 521 522 491 
11323 337 902 870 901 
11324 979 412 413 417 
11325 983 980 981 417 
11326 80 110 111 566 
11327 489 519 70 71 
11328 527 563 108 528 
11329 527 528 108 77 
11330 561 106 107 600 
11331 226 740 741 698 
11332 333 360 361 897 
11333 820 780 821 295 
11334 292 293 777 818 
11335 918 353 917 888 
11336 727 770 769 251 
11337 200 711 199 237 
11338 66 515 67 485 
11339 754 711 237 753 
11340 317 808 285 284 
11341 936 909 910 370 
11342 885 915 884 350 
11343 285 769 251 250 
11344 414 980 971 970 
11345 425 2 8 19 
11346 396 942 395 961 
11347 393 938 958 959 
11348 665 160 197 196 
11349 550 96 516 97 
11350 673 167 166 631 
11351 708 234 197 235 
11352 627 129 128 587 
11353 131 98 552 99 
11354 100 70 519 71 
11355 443 11 428 429 
11356 793 272 305 271 
11357 98 552 69 517 
11358 668 198 199 710 
11359 338 835 307 870 
11360 668 162 198 667 
11361 184 183 692 651 
11362 752 271 236 272 
11363 627 628 129 587 
11364 123 580 90 122 
11365 535 115 84 572 
11366 63 39 481 40 
11367 30 51 469 468 
11368 19 425 437 8 
11369 498 52 53 79 
11370 605 566 110 565 
11371 527 495 496 77 
11372 114 148 115 610 
11373 114 115 571 610 
11374 945 946 380 921 
11375 889 325 855 856 
11376 312 801 279 278 
11377 957 390 936 391 
11378 754 238 712 755 
11379 200 238 711 237 
11380 656 657 153 616 
11381 73 74 492 523 
11382 462 44 45 487 
11383 464 490 47 491 
11384 262 224 739 225 
11385 299 862 330 331 
11386 354 890 326 856 
11387 747 267 787 746 
11388 328 296 821 822 
11389 306 870 337 307 
11390 931 365 930 903 
11391 275 797 756 796 
11392 338 902 365 903 
11393 758 798 757 276 
11394 974 961 975 409 
11395 974 416 415 408 
11396 883 849 319 848 
11397 817 818 855 325 
11398 911 347 372 346 
11399 866 829 334 865 
11400 301 268 828 302 
11401 304 868 832 831 
11402 928 363 929 385 
11403 242 759 278 760 
11404 137 596 597 558 
11405 678 208 207 171 
11406 242 717 759 760 
11407 537 536 504 85 
11408 39 481 456 480 
11409 188 656 152 655 
11410 81 531 80 111 
11411 754 274 755 795 
11412 712 201 670 713 
11413 710 237 753 236 
11414 200 670 164 669 
11415 354 326 325 856 
11416 354 889 919 890 
11417 733 691 219 690 
11418 378 944 920 919 
11419 221 694 222 185 
11420 928 899 362 927 
11421 413 403 970 404 
11422 948 383 382 925 
11423 900 868 336 867 
11424 304 868 867 336 
11425 866 830 335 303 
11426 866 303 829 830 
11427 898 899 362 334 
11428 934 390 369 935 
11429 954 388 932 933 
11430 390 955 389 405 
11431 931 932 953 387 
11432 242 205 204 716 
11433 805 765 282 764 
11434 802 280 841 313 
11435 344 314 313 877 
11436 374 375 915 940 
11437 885 351 915 350 
11438 317 808 284 846 
11439 260 737 259 779 
11440 58 476 59 36 
11441 538 118 574 86 
11442 880 346 879 316 
11443 392 372 371 937 
11444 285 808 847 809 
11445 16 434 7 433 
11446 535 571 115 572 
11447 5 13 14 431 
11448 143 144 605 645 
11449 436 453 435 18 
11450 452 17 18 35 
11451 427 441 11 428 
11452 452 17 435 18 
11453 421 418 422 1 
11454 395 376 941 942 
11455 392 407 393 958 
11456 394 408 960 407 
11457 394 408 395 961 
11458 974 973 960 407 
11459 961 962 975 409 
11460 414 406 972 415 
11461 502 56 84 83 
11462 612 149 150 653 
11463 502 534 501 83 
11464 966 399 948 400 
11465 968 401 951 402 
11466 926 950 949 384 
11467 692 650 651 183 
11468 117 85 116 573 
11469 614 117 613 574 
11470 117 613 574 573 
11471 657 153 616 154 
11472 188 698 697 225 
11473 700 190 699 658 
11474 227 742 741 228 
11475 657 190 154 658 
11476 226 741 699 698 
11477 152 655 615 614 
11478 691 182 219 690 
11479 918 943 942 377 
11480 963 397 410 409 
11481 354 889 890 856 
11482 292 776 817 777 
11483 353 855 889 325 
11484 293 294 259 779 
11485 354 890 919 355 
11486 396 963 962 409 
11487 918 353 354 377 
11488 920 356 891 921 
11489 20 438 456 21 
11490 546 94 513 547 
11491 160 664 159 196 
11492 64 545 93 512 
11493 63 544 92 511 
11494 62 510 481 480 
11495 938 373 913 939 
11496 811 810 287 319 
11497 686 215 687 729 
11498 951 950 401 967 
11499 364 929 902 901 
11500 401 968 412 402 
11501 414 979 980 970 
11502 977 417 411 412 
11503 947 398 399 964 
11504 376 917 916 942 
11505 945 964 963 398 
11506 619 618 155 660 
11507 64 511 545 512 
11508 456 457 21 438 
11509 479 455 480 38 
11510 258 259 221 736 
11511 780 737 260 779 
11512 28 446 467 29 
11513 4 428 11 429 
11514 452 17 434 435 
11515 501 500 82 533 
11516 81 499 80 531 
11517 522 103 523 557 
11518 50 467 468 29 
11519 75 493 524 525 
11520 48 466 49 28 
11521 72 47 46 490 
11522 524 74 104 523 
11523 46 464 489 490 
11524 24 461 441 460 
11525 46 26 45 463 
11526 72 490 46 71 
11527 679 638 680 172 
11528 133 633 592 632 
11529 595 136 103 557 
11530 104 559 523 558 
11531 524 559 104 105 
11532 114 571 570 610 
11533 80 111 531 566 
11534 334 829 303 302 
11535 866 303 334 829 
11536 364 385 386 929 
11537 710 198 709 667 
11538 554 520 555 101 
11539 104 74 103 523 
11540 245 246 208 720 
11541 131 552 590 99 
11542 131 630 130 165 
11543 676 170 169 635 
11544 842 314 804 843 
11545 722 247 209 210 
11546 949 966 948 400 
11547 338 871 902 903 
11548 761 244 243 718 
11549 909 879 910 345 
11550 842 877 841 313 
11551 143 603 644 604 
11552 647 646 180 688 
11553 689 217 218 731 
11554 733 256 732 219 
11555 822 296 297 329 
11556 261 295 780 260 
11557 327 821 295 820 
11558 261 295 296 781 
11559 327 821 820 858 
11560 36 476 477 453 
11561 117 537 85 573 
11562 454 455 478 37 
11563 505 59 87 86 
11564 479 455 60 478 
11565 462 25 442 463 
11566 46 70 489 45 
11567 462 461 44 487 
11568 442 24 461 441 
11569 212 726 213 684 
11570 399 382 948 400 
11571 982 977 983 417 
11572 895 358 923 894 
11573 400 412 401 967 
11574 923 381 946 358 
11575 546 65 93 512 
11576 619 156 121 122 
11577 663 159 158 622 
11578 819 326 857 856 
11579 292 817 776 816 
11580 100 553 70 99 
11581 42 23 41 459 
11582 462 45 488 487 
11583 591 632 631 132 
11584 518 553 70 519 
11585 46 489 464 463 
11586 424 433 7 434 
11587 507 60 479 88 
11588 58 505 59 476 
11589 292 816 291 324 
11590 773 289 774 814 
11591 292 325 293 818 
11592 668 163 627 669 
11593 121 154 578 120 
11594 828 789 829 302 
11595 157 621 158 123 
11596 751 271 270 235 
11597 352 887 323 886 
11598 352 324 887 888 
11599 895 359 331 896 
11600 264 228 743 744 
11601 926 925 383 949 
11602 923 924 947 381 
11603 567 606 566 111 
11604 255 731 732 218 
11605 390 956 955 405 
11606 954 932 388 387 
11607 798 309 276 310 
11608 841 876 840 312 
11609 629 130 628 588 
11610 273 753 794 754 
11611 755 274 796 795 
11612 668 162 627 163 
11613 629 628 130 164 
11614 237 753 236 272 
11615 273 795 794 834 
11616 623 159 160 664 
11617 137 597 598 559 
11618 678 720 207 208 
11619 640 174 639 139 
11620 561 107 526 562 
11621 5 422 429 430 
11622 142 644 643 177 
11623 654 151 150 613 
11624 84 572 115 116 
11625 654 187 186 151 
11626 900 336 335 867 
11627 304 830 335 867 
11628 304 867 868 831 
11629 869 337 870 901 
11630 306 833 794 272 
11631 317 880 845 316 
11632 844 282 315 805 
11633 769 726 250 768 
11634 793 832 305 833 
11635 274 835 796 795 
11636 835 834 307 870 
11637 338 337 902 870 
11638 546 93 583 545 
11639 233 749 706 748 
11640 664 195 159 196 
11641 89 542 61 508 
11642 322 351 323 886 
11643 885 321 851 322 
11644 850 350 320 321 
11645 853 852 323 886 
11646 582 92 544 545 
11647 581 91 544 124 
11648 20 19 437 8 
11649 184 692 220 693 
11650 184 149 651 652 
11651 691 692 220 183 
11652 503 475 57 474 
11653 108 563 564 528 
11654 841 876 312 313 
11655 761 279 802 801 
11656 242 243 717 760 
11657 161 624 126 160 
11658 547 548 585 94 
11659 383 925 360 382 
11660 398 946 947 381 
11661 926 949 383 384 
11662 381 948 382 924 
11663 149 150 653 185 
11664 496 468 51 495 
11665 446 430 13 445 
11666 285 769 286 251 
11667 349 319 883 849 
11668 285 847 318 809 
11669 848 348 882 318 
11670 285 809 286 769 
11671 543 123 581 580 
11672 120 616 617 577 
11673 657 154 616 617 
11674 121 579 89 578 
11675 62 509 510 480 
11676 507 88 540 539 
11677 815 291 853 323 
11678 850 849 812 320 
11679 290 774 775 256 
11680 292 817 325 818 
11681 853 323 887 886 
11682 902 903 930 365 
11683 906 368 907 933 
11684 968 967 951 401 
11685 950 385 384 928 
11686 928 363 900 901 
11687 385 401 951 950 
11688 279 801 760 278 
11689 595 596 636 136 
11690 317 347 880 346 
11691 727 251 214 252 
11692 689 688 217 731 
11693 144 646 605 645 
11694 294 327 857 326 
11695 293 856 819 818 
11696 578 120 617 577 
11697 673 204 674 716 
11698 673 714 203 715 
11699 227 742 228 701 
11700 188 698 225 189 
11701 188 152 187 655 
11702 739 697 225 224 
11703 576 120 119 539 
11704 609 147 650 649 
11705 289 321 813 288 
11706 608 147 569 609 
11707 567 112 145 111 
11708 254 772 773 730 
11709 443 428 11 442 
11710 50 49 467 29 
11711 447 15 14 432 
11712 48 492 466 465 
11713 447 448 31 15 
11714 109 79 78 529 
11715 687 216 730 729 
11716 647 181 180 145 
11717 599 598 560 138 
11718 39 21 457 40 
11719 426 9 440 439 
11720 543 510 62 509 
11721 579 122 90 580 
11722 546 93 65 94 
11723 866 899 334 335 
11724 747 788 268 748 
11725 264 229 228 744 
11726 78 77 496 51 
11727 54 500 472 499 
11728 114 534 82 533 
11729 78 529 497 528 
11730 320 811 319 849 
11731 854 887 324 888 
11732 292 776 291 816 
11733 255 731 773 774 
11734 837 309 872 836 
11735 200 201 164 670 
11736 167 166 631 132 
11737 338 835 308 307 
11738 762 244 280 279 
11739 212 725 249 250 
11740 364 337 363 901 
11741 840 279 312 801 
11742 878 879 909 345 
11743 431 13 14 446 
11744 29 447 30 14 
11745 447 14 431 432 
11746 429 13 444 12 
11747 4 428 421 427 
11748 264 783 228 263 
11749 356 379 380 921 
11750 264 743 784 744 
11751 861 893 330 894 
11752 931 387 366 932 
11753 931 366 903 904 
11754 952 969 403 953 
11755 926 361 360 897 
11756 925 359 382 924 
11757 866 899 898 334 
11758 928 929 363 901 
11759 952 930 386 929 
11760 443 442 11 25 
11761 4 427 421 3 
11762 11 427 428 4 
11763 22 457 21 40 
11764 231 746 266 267 
11765 542 579 90 580 
11766 579 620 122 580 
11767 546 513 65 512 
11768 665 666 160 624 
11769 710 709 198 236 
11770 42 65 484 41 
11771 175 640 641 139 
11772 677 207 678 720 
11773 945 398 963 397 
11774 381 948 924 947 
11775 916 352 351 886 
11776 125 92 582 545 
11777 548 127 94 95 
11778 546 93 545 512 
11779 123 543 91 90 
11780 706 196 707 234 
11781 288 850 813 812 
11782 391 406 957 405 
11783 393 373 938 939 
11784 961 396 962 409 
11785 371 910 937 911 
11786 217 731 688 730 
11787 289 814 813 851 
11788 851 814 852 322 
11789 854 324 855 888 
11790 853 324 816 854 
11791 958 407 959 973 
11792 320 811 287 319 
11793 507 506 88 539 
11794 538 87 506 539 
11795 176 683 642 641 
11796 642 602 643 141 
11797 805 282 281 764 
11798 285 318 847 808 
11799 762 279 761 244 
11800 722 764 247 765 
11801 725 768 250 726 
11802 680 173 639 681 
11803 595 136 636 135 
11804 137 597 104 558 
11805 137 104 597 559 
11806 640 681 174 682 
11807 231 703 746 704 
11808 192 155 191 660 
11809 787 301 788 827 
11810 786 787 266 746 
11811 803 842 841 313 
11812 842 314 877 313 
11813 245 763 281 246 
11814 761 243 244 279 
11815 314 803 804 281 
11816 421 420 418 1 
11817 446 445 13 28 
11818 27 444 464 465 
11819 817 855 854 324 
11820 184 694 652 693 
11821 920 355 356 379 
11822 327 857 355 891 
11823 327 858 857 891 
11824 298 330 299 862 
11825 48 47 491 465 
11826 72 521 490 71 
11827 612 149 572 116 
11828 522 523 73 492 
11829 167 674 204 168 
11830 593 100 133 554 
11831 611 572 149 115 
11832 114 609 148 610 
11833 567 607 606 145 
11834 59 477 506 60 
11835 64 41 483 65 
11836 509 508 479 61 
11837 63 92 544 91 
11838 358 381 359 924 
11839 895 862 330 894 
11840 895 331 330 862 
11841 895 330 358 894 
11842 895 358 330 331 
11843 922 894 358 330 
11844 922 330 893 894 
11845 946 380 358 381 
11846 875 312 840 876 
11847 802 313 312 279 
11848 934 935 369 908 
11849 799 759 800 277 
11850 275 797 757 756 
11851 275 276 798 309 
11852 835 307 834 795 
11853 493 523 74 524 
11854 537 85 504 86 
11855 114 534 570 571 
11856 85 116 573 536 
11857 117 573 150 613 
11858 84 536 572 116 
11859 58 476 475 504 
11860 475 34 57 474 
11861 93 584 126 94 
11862 663 159 664 195 
11863 543 509 62 90 
11864 39 21 456 457 
11865 127 626 585 625 
11866 547 514 548 94 
11867 750 234 708 235 
11868 544 92 511 545 
11869 222 223 186 695 
11870 265 745 229 744 
11871 702 229 701 191 
11872 298 823 824 784 
11873 811 810 319 849 
11874 850 321 320 288 
11875 813 812 772 288 
11876 108 564 602 603 
11877 565 143 110 605 
11878 175 211 212 682 
11879 705 232 747 704 
11880 708 234 707 197 
11881 750 269 749 234 
11882 708 197 709 235 
11883 623 624 665 160 
11884 253 216 729 730 
11885 175 683 641 682 
11886 689 217 181 218 
11887 255 731 218 217 
11888 687 730 216 688 
11889 284 250 249 767 
11890 686 687 215 178 
11891 211 174 210 681 
11892 689 180 647 181 
11893 144 145 647 180 
11894 5 14 6 431 
11895 522 492 73 491 
11896 493 523 492 74 
11897 696 695 223 738 
11898 696 186 223 695 
11899 654 614 655 151 
11900 627 128 586 587 
11901 629 671 670 165 
11902 125 623 624 583 
11903 665 197 707 196 
11904 665 197 160 666 
11905 627 163 128 129 
11906 629 630 130 589 
11907 96 128 129 587 
11908 317 846 845 880 
11909 845 880 879 316 
11910 910 879 880 346 
11911 287 288 771 812 
11912 882 348 347 318 
11913 63 511 482 481 
11914 627 129 628 163 
11915 125 624 623 160 
11916 254 253 730 216 
11917 687 729 215 216 
11918 686 214 215 728 
11919 685 643 644 177 
11920 918 919 354 889 
11921 352 887 324 323 
11922 66 65 513 484 
11923 462 44 461 25 
11924 44 24 461 25 
11925 43 461 24 460 
11926 442 24 25 461 
11927 859 893 329 860 
11928 328 822 821 859 
11929 299 826 825 862 
11930 298 329 330 893 
11931 298 264 823 784 
11932 751 708 709 235 
11933 790 830 829 303 
11934 802 279 280 313 
11935 842 280 314 313 
11936 344 315 878 345 
11937 782 739 262 781 
11938 696 224 739 738 
11939 780 294 260 295 
11940 820 294 780 295 
11941 260 259 294 779 
11942 820 294 327 857 
11943 222 737 223 695 
11944 222 694 736 737 
11945 775 257 291 256 
11946 144 647 145 606 
11947 144 180 647 646 
11948 609 147 148 650 
11949 214 685 178 177 
11950 727 252 770 251 
11951 233 195 705 706 
11952 752 751 709 235 
11953 198 709 197 235 
11954 161 198 162 667 
11955 126 584 583 624 
11956 657 153 154 189 
11957 578 617 120 154 
11958 157 193 194 662 
11959 120 154 616 153 
11960 657 154 190 189 
11961 680 210 173 681 
11962 314 803 842 804 
11963 284 768 767 808 
11964 157 158 621 662 
11965 786 266 787 300 
11966 293 819 856 326 
11967 815 816 853 291 
11968 184 185 149 652 
11969 222 186 185 695 
11970 147 183 650 649 
11971 184 694 221 185 
11972 254 731 217 730 
11973 817 325 855 324 
11974 259 736 778 779 
11975 691 220 219 183 
11976 771 772 812 288 
11977 686 645 687 178 
11978 179 688 180 646 
11979 815 291 290 775 
11980 447 30 468 29 
11981 54 53 471 32 
11982 473 474 56 34 
11983 54 499 472 471 
11984 70 45 69 488 
11985 42 41 484 459 
11986 518 70 69 488 
11987 46 489 70 71 
11988 48 491 492 465 
11989 567 531 112 111 
11990 567 532 568 112 
11991 114 82 113 533 
11992 81 532 500 531 
11993 648 146 649 182 
11994 289 851 813 321 
11995 149 115 572 116 
11996 572 536 573 116 
11997 535 572 84 536 
11998 117 85 537 86 
11999 608 568 569 113 
12000 747 788 787 267 
12001 786 746 266 745 
12002 125 124 582 92 
12003 125 623 582 622 
12004 127 161 626 625 
12005 706 664 707 196 
12006 454 36 453 19 
12007 506 87 88 539 
12008 120 617 616 154 
12009 575 538 87 118 
12010 121 89 579 122 
12011 288 850 321 813 
12012 376 941 916 375 
12013 518 69 99 552 
12014 69 45 44 487 
12015 68 69 44 487 
12016 43 486 461 460 
12017 462 45 44 25 
12018 69 488 45 487 
12019 822 860 859 329 
12020 701 700 659 227 
12021 426 3 420 427 
12022 436 453 18 19 
12023 10 426 9 440 
12024 593 101 133 100 
12025 99 591 132 100 
12026 100 519 520 71 
12027 413 412 968 402 
12028 396 943 962 944 
12029 396 942 962 943 
12030 394 395 941 961 
12031 392 957 391 406 
12032 773 813 289 814 
12033 952 403 968 402 
12034 757 715 240 714 
12035 119 88 87 539 
12036 656 153 657 189 
12037 803 281 314 280 
12038 802 312 840 279 
12039 636 136 596 637 
12040 678 720 208 721 
12041 763 246 721 764 
12042 333 334 898 361 
12043 790 749 269 789 
12044 866 334 898 865 
12045 63 482 40 481 
12046 62 481 39 480 
12047 64 482 511 512 
12048 157 620 661 662 
12049 125 622 124 159 
12050 125 624 126 583 
12051 131 132 591 631 
12052 629 164 165 670 
12053 100 520 101 71 
12054 672 630 166 671 
12055 516 517 68 486 
12056 100 519 554 520 
12057 629 630 671 165 
12058 629 628 164 670 
12059 551 516 68 97 
12060 489 45 70 488 
12061 26 11 443 12 
12062 422 4 5 429 
12063 489 520 519 71 
12064 489 490 520 71 
12065 157 156 620 122 
12066 700 741 699 227 
12067 226 225 698 189 
12068 228 744 229 701 
12069 228 744 701 743 
12070 298 861 330 862 
12071 226 740 698 225 
12072 228 701 229 191 
12073 498 53 470 471 
12074 81 500 82 55 
12075 532 569 113 533 
12076 89 61 88 508 
12077 125 582 583 545 
12078 752 272 236 753 
12079 668 198 710 667 
12080 668 711 199 669 
12081 751 792 270 271 
12082 928 362 363 385 
12083 928 362 384 927 
12084 306 834 273 794 
12085 691 649 650 183 
12086 691 219 182 183 
12087 691 182 649 183 
12088 254 773 731 730 
12089 598 105 138 559 
12090 175 212 683 682 
12091 679 172 209 208 
12092 722 247 210 723 
12093 247 281 282 764 
12094 211 210 248 723 
12095 140 107 600 562 
12096 247 282 765 764 
12097 722 721 209 246 
12098 133 100 592 554 
12099 242 241 758 716 
12100 673 632 167 631 
12101 432 16 433 449 
12102 84 116 85 536 
12103 114 113 569 533 
12104 503 56 474 57 
12105 54 471 53 499 
12106 498 80 530 79 
12107 550 516 96 515 
12108 586 549 95 548 
12109 627 162 128 163 
12110 875 312 311 840 
12111 931 953 930 387 
12112 396 963 397 944 
12113 68 517 69 487 
12114 592 554 100 553 
12115 763 281 246 764 
12116 26 25 443 11 
12117 456 38 480 455 
12118 18 436 19 2 
12119 422 4 429 421 
12120 2 424 419 1 
12121 652 653 694 185 
12122 612 150 149 116 
12123 634 168 134 169 
12124 144 646 647 606 
12125 619 660 156 661 
12126 424 418 419 1 
12127 333 302 301 828 
12128 333 302 828 865 
12129 333 864 865 828 
12130 502 56 501 473 
12131 503 84 56 57 
12132 56 474 57 34 
12133 472 473 500 55 
12134 502 84 535 83 
12135 501 82 500 55 
12136 507 540 88 508 
12137 540 88 120 539 
12138 59 477 60 37 
12139 506 60 88 87 
12140 479 38 61 60 
12141 651 650 148 183 
12142 292 777 817 818 
12143 184 221 694 693 
12144 146 112 145 607 
12145 793 833 305 272 
12146 791 790 303 830 
12147 306 834 870 307 
12148 273 754 794 795 
12149 274 835 795 307 
12150 310 340 837 309 
12151 275 240 239 756 
12152 672 671 202 714 
12153 756 755 274 796 
12154 275 309 798 797 
12155 425 436 2 19 
12156 2 420 1 419 
12157 479 60 61 88 
12158 479 88 61 508 
12159 542 61 509 90 
12160 540 120 88 508 
12161 912 372 348 373 
12162 317 808 847 318 
12163 881 847 882 318 
12164 961 396 409 395 
12165 750 270 269 234 
12166 791 792 304 270 
12167 790 750 270 269 
12168 752 709 236 235 
12169 383 400 948 382 
12170 383 401 949 400 
12171 963 964 976 410 
12172 945 379 397 944 
12173 925 359 924 896 
12174 382 359 381 924 
12175 923 946 922 358 
12176 923 381 358 924 
12177 399 411 965 976 
12178 920 356 355 891 
12179 396 942 961 962 
12180 398 963 397 410 
12181 354 890 355 326 
12182 918 942 917 377 
12183 708 197 666 709 
12184 750 749 707 234 
12185 665 197 708 707 
12186 665 707 664 196 
12187 754 711 238 237 
12188 560 561 106 525 
12189 560 105 524 525 
12190 306 794 273 272 
12191 869 868 305 336 
12192 609 148 610 650 
12193 146 113 112 568 
12194 147 182 183 649 
12195 648 182 649 690 
12196 426 9 438 8 
12197 426 9 439 438 
12198 421 3 420 1 
12199 421 427 420 3 
12200 741 783 228 743 
12201 119 616 615 153 
12202 117 574 537 573 
12203 576 615 119 616 
12204 537 536 85 573 
12205 114 570 609 610 
12206 114 83 534 571 
12207 114 570 534 533 
12208 161 126 624 625 
12209 126 584 624 625 
12210 626 586 627 128 
12211 668 199 162 163 
12212 198 197 709 667 
12213 127 585 586 548 
12214 963 410 976 409 
12215 411 410 416 976 
12216 410 416 976 409 
12217 527 107 563 562 
12218 526 107 76 77 
12219 108 563 602 564 
12220 142 643 644 603 
12221 78 497 496 528 
12222 734 777 258 735 
12223 689 647 180 688 
12224 188 697 656 655 
12225 696 655 697 187 
12226 654 653 150 186 
12227 258 736 221 735 
12228 186 653 185 695 
12229 696 223 186 187 
12230 50 468 30 29 
12231 31 471 449 448 
12232 469 51 496 468 
12233 526 76 495 77 
12234 393 938 959 939 
12235 974 407 960 408 
12236 958 406 407 973 
12237 912 882 913 348 
12238 954 953 403 969 
12239 343 313 312 876 
12240 343 313 876 877 
12241 907 343 342 876 
12242 505 59 476 477 
12243 117 574 118 86 
12244 503 536 535 84 
12245 100 520 554 101 
12246 72 490 521 491 
12247 556 555 101 594 
12248 626 161 162 667 
12249 634 135 134 594 
12250 551 589 98 552 
12251 341 342 875 906 
12252 398 947 946 964 
12253 975 416 409 976 
12254 917 888 353 352 
12255 977 966 411 965 
12256 399 964 965 947 
12257 619 155 156 660 
12258 383 400 949 948 
12259 926 361 898 927 
12260 898 362 899 927 
12261 339 836 308 871 
12262 254 253 772 730 
12263 775 816 291 776 
12264 853 324 887 323 
12265 291 853 323 324 
12266 733 219 220 257 
12267 298 861 860 893 
12268 192 229 230 702 
12269 786 265 299 785 
12270 826 331 300 863 
12271 864 301 332 827 
12272 906 368 342 907 
12273 905 341 367 340 
12274 934 368 389 933 
12275 954 953 932 387 
12276 934 955 933 389 
12277 934 907 368 933 
12278 972 973 415 406 
12279 599 560 106 105 
12280 75 74 493 49 
12281 137 596 136 637 
12282 636 135 136 170 
12283 875 342 311 312 
12284 389 954 404 955 
12285 339 836 872 309 
12286 757 241 240 715 
12287 758 716 241 715 
12288 907 908 369 343 
12289 584 94 547 585 
12290 518 488 69 487 
12291 518 70 99 69 
12292 518 69 552 517 
12293 46 47 26 464 
12294 157 621 123 620 
12295 544 124 91 92 
12296 582 124 544 92 
12297 543 542 509 90 
12298 543 91 510 544 
12299 123 543 90 580 
12300 543 542 90 580 
12301 663 194 158 195 
12302 543 581 123 91 
12303 125 126 624 160 
12304 665 664 160 196 
12305 706 195 664 196 
12306 414 415 972 981 
12307 412 977 978 966 
12308 963 409 975 962 
12309 752 236 271 235 
12310 665 708 197 666 
12311 752 710 753 236 
12312 142 177 643 141 
12313 142 602 643 603 
12314 527 562 526 107 
12315 188 697 187 224 
12316 656 657 698 189 
12317 81 500 499 531 
12318 449 31 15 32 
12319 16 433 449 450 
12320 434 451 450 17 
12321 534 83 535 571 
12322 114 534 83 82 
12323 146 608 568 607 
12324 501 82 55 83 
12325 498 530 80 499 
12326 530 79 80 110 
12327 78 51 496 52 
12328 78 529 79 497 
12329 81 112 531 111 
12330 515 548 95 549 
12331 131 589 130 630 
12332 551 130 98 589 
12333 551 68 516 517 
12334 790 270 303 269 
12335 750 707 708 234 
12336 751 270 750 235 
12337 890 857 355 326 
12338 376 916 352 351 
12339 822 823 329 297 
12340 298 825 861 862 
12341 264 784 783 823 
12342 298 861 824 860 
12343 593 554 133 592 
12344 353 855 325 324 
12345 353 888 855 324 
12346 353 324 352 888 
12347 376 916 941 942 
12348 598 138 639 638 
12349 451 33 473 450 
12350 473 451 474 34 
12351 618 617 154 658 
12352 663 158 194 662 
12353 155 191 660 659 
12354 192 156 155 660 
12355 155 190 191 659 
12356 164 163 628 129 
12357 552 131 590 589 
12358 164 628 163 669 
12359 164 670 628 669 
12360 164 165 670 201 
12361 629 589 130 588 
12362 581 123 91 124 
12363 158 124 622 159 
12364 581 123 124 621 
12365 582 124 581 544 
12366 123 580 620 621 
12367 123 620 580 122 
12368 494 76 526 525 
12369 466 467 493 49 
12370 466 467 49 28 
12371 385 402 951 401 
12372 952 929 386 385 
12373 952 386 930 387 
12374 952 929 385 951 
12375 14 6 431 432 
12376 14 15 6 432 
12377 446 13 29 28 
12378 253 252 771 729 
12379 811 320 812 849 
12380 692 735 220 693 
12381 611 651 149 652 
12382 33 56 473 55 
12383 33 473 56 34 
12384 472 33 473 55 
12385 472 473 33 450 
12386 451 33 34 473 
12387 333 332 360 897 
12388 926 361 383 360 
12389 826 300 827 863 
12390 297 823 264 783 
12391 297 783 264 263 
12392 782 297 822 296 
12393 618 190 659 658 
12394 619 579 121 578 
12395 618 190 155 659 
12396 619 618 121 155 
12397 31 470 53 471 
12398 449 31 448 15 
12399 108 564 78 528 
12400 496 495 51 77 
12401 501 534 82 83 
12402 501 55 473 56 
12403 31 32 449 471 
12404 449 472 471 32 
12405 503 85 84 57 
12406 532 82 500 533 
12407 686 685 214 728 
12408 685 213 684 177 
12409 175 174 211 682 
12410 213 250 251 726 
12411 176 684 642 683 
12412 436 454 453 19 
12413 454 36 19 37 
12414 423 5 6 431 
12415 434 16 450 433 
12416 454 20 19 437 
12417 452 476 475 35 
12418 642 601 602 141 
12419 685 684 643 177 
12420 678 637 172 171 
12421 595 135 636 635 
12422 679 172 678 637 
12423 254 773 772 288 
12424 771 252 770 728 
12425 252 215 728 729 
12426 253 771 772 729 
12427 686 178 214 685 
12428 686 644 645 178 
12429 727 728 214 685 
12430 828 302 829 865 
12431 333 301 864 828 
12432 775 776 291 257 
12433 734 258 777 257 
12434 634 635 135 594 
12435 592 632 591 132 
12436 803 841 802 280 
12437 802 312 841 840 
12438 802 279 840 801 
12439 314 805 804 843 
12440 477 454 478 37 
12441 9 440 23 10 
12442 58 475 57 504 
12443 396 943 378 377 
12444 396 942 943 377 
12445 396 395 942 377 
12446 396 378 943 944 
12447 396 397 378 944 
12448 179 687 645 178 
12449 179 687 646 645 
12450 179 646 144 645 
12451 179 180 144 646 
12452 179 144 143 645 
12453 179 143 178 645 
12454 179 215 687 178 
12455 179 216 687 215 
12456 179 688 687 216 
12457 550 96 587 549 
12458 981 414 415 417 
12459 979 414 980 417 
12460 414 413 970 404 
12461 404 971 414 405 
12462 392 958 393 938 
12463 392 372 937 938 
12464 957 392 391 937 
12465 392 938 937 958 
12466 394 374 940 375 
12467 394 940 374 393 
12468 959 394 393 940 
12469 394 941 375 940 
12470 394 941 395 375 
12471 394 960 941 940 
12472 58 504 85 86 
12473 58 85 504 57 
12474 58 59 505 86 
12475 58 505 504 86 
12476 58 504 505 476 
12477 50 51 495 76 
12478 50 495 494 76 
12479 50 494 75 76 
12480 50 75 494 49 
12481 72 101 521 71 
12482 72 102 521 101 
12483 72 522 102 73 
12484 72 522 521 102 
12485 344 878 314 877 
12486 22 458 41 459 
12487 22 41 23 459 
12488 22 40 41 458 
12489 22 439 458 459 
12490 648 608 146 607 
12491 603 109 142 108 
12492 109 78 108 564 
12493 109 565 143 110 
12494 64 93 65 512 
12495 64 40 63 482 
12496 64 511 63 92 
12497 498 497 79 529 
12498 231 193 230 703 
12499 231 230 746 703 
12500 231 747 704 746 
12501 231 267 747 746 
12502 349 348 883 319 
12503 109 78 564 529 
12504 143 644 142 178 
12505 143 604 644 645 
12506 143 644 178 645 
12507 364 338 902 365 
12508 364 902 338 337 
12509 364 902 337 901 
12510 48 492 73 74 
12511 48 491 73 492 
12512 48 491 47 73 
12513 48 493 74 49 
12514 48 74 493 492 
12515 328 296 822 329 
12516 328 822 859 329 
12517 328 327 356 858 
12518 328 329 859 357 
12519 328 859 821 858 
12520 328 821 327 858 
12521 543 544 581 91 
12522 233 234 706 749 
12523 233 234 749 269 
12524 233 706 196 195 
12525 233 196 706 234 
12526 869 305 832 833 
12527 869 832 305 868 
12528 292 293 258 777 
12529 292 777 258 257 
12530 184 183 651 148 
12531 184 651 149 148 
12532 254 731 255 217 
12533 254 773 255 731 
12534 254 289 255 773 
12535 66 94 95 514 
12536 66 95 515 514 
12537 66 95 67 515 
12538 66 514 513 94 
12539 811 812 287 771 
12540 43 42 67 485 
12541 43 67 486 485 
12542 43 68 44 486 
12543 43 67 68 486 
12544 679 209 722 721 
12545 310 800 311 277 
12546 310 838 800 277 
12547 310 800 838 311 
12548 310 838 874 311 
12549 127 585 126 625 
12550 127 126 161 625 
12551 127 95 586 128 
12552 548 127 585 94 
12553 67 515 96 516 
12554 67 96 515 95 
12555 43 461 486 44 
12556 66 485 484 514 
12557 66 484 513 514 
12558 67 515 516 485 
12559 67 68 516 97 
12560 67 516 96 97 
12561 93 92 125 545 
12562 64 483 482 512 
12563 93 125 583 545 
12564 546 584 93 94 
12565 93 583 125 126 
12566 926 898 361 897 
12567 724 681 211 723 
12568 367 932 366 388 
12569 367 932 388 933 
12570 905 366 932 904 
12571 905 906 367 341 
12572 317 807 284 316 
12573 317 284 807 846 
12574 317 881 347 318 
12575 317 845 807 316 
12576 285 286 809 318 
12577 285 808 809 768 
12578 285 284 768 250 
12579 285 768 284 808 
12580 434 16 17 450 
12581 16 450 33 17 
12582 16 6 432 433 
12583 16 432 6 15 
12584 245 244 762 719 
12585 245 762 720 719 
12586 245 762 763 720 
12587 245 763 246 720 
12588 245 762 244 280 
12589 298 264 297 823 
12590 298 297 329 823 
12591 298 823 329 860 
12592 298 824 823 860 
12593 333 865 334 302 
12594 507 478 479 60 
12595 507 506 478 60 
12596 131 166 132 631 
12597 443 27 26 12 
12598 27 445 465 28 
12599 27 465 445 444 
12600 982 416 975 976 
12601 338 337 870 307 
12602 338 871 835 870 
12603 844 805 315 843 
12604 253 772 771 288 
12605 254 730 217 216 
12606 254 289 773 288 
12607 253 771 287 288 
12608 253 252 287 771 
12609 551 552 98 517 
12610 133 592 100 132 
12611 593 101 554 555 
12612 133 633 168 134 
12613 133 632 592 132 
12614 734 691 692 220 
12615 734 733 691 220 
12616 734 692 735 220 
12617 290 814 289 322 
12618 290 256 255 774 
12619 290 774 289 814 
12620 290 774 255 289 
12621 626 668 667 162 
12622 157 620 156 661 
12623 157 156 193 661 
12624 157 620 123 122 
12625 64 65 483 512 
12626 633 168 674 632 
12627 142 108 602 603 
12628 142 602 108 141 
12629 142 644 177 178 
12630 109 565 564 603 
12631 315 843 282 314 
12632 315 843 805 282 
12633 315 879 345 316 
12634 344 909 369 370 
12635 344 878 909 345 
12636 344 313 343 877 
12637 315 314 878 843 
12638 242 716 204 241 
12639 242 759 277 278 
12640 242 759 758 277 
12641 242 758 241 277 
12642 286 809 318 810 
12643 810 319 318 286 
12644 810 319 848 318 
12645 286 319 287 810 
12646 286 769 809 810 
12647 317 846 881 847 
12648 200 669 199 711 
12649 200 711 712 669 
12650 200 712 670 669 
12651 200 670 712 201 
12652 552 131 589 98 
12653 192 191 702 660 
12654 192 660 702 703 
12655 192 702 230 703 
12656 192 230 193 703 
12657 192 661 660 703 
12658 192 193 661 703 
12659 72 47 490 491 
12660 46 490 489 71 
12661 137 138 598 638 
12662 137 598 597 638 
12663 137 638 597 637 
12664 137 172 638 637 
12665 137 172 173 638 
12666 137 173 138 638 
12667 559 137 104 138 
12668 558 137 596 136 
12669 137 597 596 637 
12670 482 40 457 458 
12671 489 45 488 463 
12672 690 731 218 732 
12673 503 57 504 85 
12674 503 57 475 504 
12675 672 673 166 631 
12676 593 634 633 134 
12677 54 500 81 55 
12678 54 499 81 500 
12679 54 80 81 499 
12680 54 53 80 499 
12681 595 594 135 635 
12682 576 540 120 539 
12683 576 120 540 577 
12684 599 139 561 600 
12685 306 272 305 833 
12686 869 305 306 337 
12687 306 273 834 307 
12688 575 118 615 614 
12689 538 574 537 86 
12690 261 739 262 224 
12691 261 781 262 739 
12692 261 781 739 738 
12693 261 739 224 738 
12694 292 817 816 324 
12695 31 52 53 470 
12696 31 52 470 469 
12697 31 30 52 469 
12698 31 471 53 32 
12699 96 549 515 95 
12700 96 95 128 549 
12701 550 129 588 587 
12702 96 549 128 587 
12703 734 220 258 257 
12704 258 777 293 778 
12705 258 293 259 778 
12706 292 325 817 324 
12707 144 566 111 110 
12708 144 605 566 110 
12709 144 111 606 145 
12710 566 144 111 606 
12711 144 605 646 606 
12712 733 257 775 256 
12713 595 594 556 135 
12714 677 719 207 720 
12715 341 874 875 311 
12716 341 875 342 311 
12717 310 340 341 873 
12718 341 906 875 874 
12719 4 3 421 1 
12720 11 427 4 10 
12721 4 427 3 10 
12722 275 240 757 276 
12723 275 274 308 796 
12724 836 275 308 796 
12725 672 671 166 202 
12726 672 166 630 631 
12727 266 746 787 267 
12728 231 704 232 194 
12729 266 787 300 267 
12730 266 230 265 745 
12731 298 330 861 893 
12732 626 625 161 667 
12733 199 710 237 711 
12734 199 710 236 237 
12735 199 236 710 198 
12736 31 469 470 448 
12737 31 448 470 471 
12738 54 32 472 33 
12739 498 53 80 79 
12740 498 470 53 52 
12741 575 538 539 87 
12742 505 537 504 86 
12743 678 636 637 171 
12744 679 680 722 209 
12745 982 974 975 416 
12746 409 974 408 416 
12747 411 982 416 417 
12748 447 30 14 15 
12749 30 52 469 51 
12750 447 30 31 469 
12751 983 979 980 417 
12752 349 373 914 913 
12753 374 350 914 915 
12754 374 375 350 915 
12755 349 319 849 320 
12756 349 884 883 914 
12757 349 373 913 348 
12758 349 914 374 350 
12759 349 913 883 348 
12760 395 961 408 409 
12761 108 601 107 141 
12762 108 563 601 141 
12763 108 601 563 107 
12764 109 603 143 604 
12765 527 107 108 563 
12766 109 529 564 565 
12767 109 79 565 110 
12768 109 79 529 565 
12769 752 709 710 236 
12770 81 532 113 82 
12771 81 113 532 112 
12772 81 532 531 112 
12773 81 532 82 500 
12774 839 311 838 800 
12775 206 676 205 718 
12776 206 719 676 718 
12777 677 636 171 170 
12778 677 171 207 170 
12779 206 243 244 718 
12780 206 205 243 718 
12781 93 583 126 584 
12782 125 582 623 583 
12783 125 160 623 159 
12784 423 432 6 433 
12785 423 6 424 433 
12786 293 856 325 326 
12787 293 818 325 856 
12788 293 294 819 326 
12789 293 778 777 818 
12790 258 735 221 220 
12791 209 721 208 246 
12792 679 209 721 208 
12793 679 638 172 637 
12794 722 209 247 246 
12795 844 315 282 806 
12796 315 316 283 806 
12797 283 282 765 248 
12798 283 282 806 765 
12799 844 878 315 879 
12800 298 824 825 785 
12801 265 230 229 745 
12802 265 744 264 785 
12803 265 229 264 744 
12804 50 467 494 468 
12805 371 370 910 345 
12806 371 910 346 345 
12807 371 910 911 346 
12808 371 911 372 346 
12809 406 971 405 414 
12810 482 458 483 41 
12811 482 481 457 40 
12812 482 458 41 40 
12813 20 37 38 455 
12814 438 20 437 8 
12815 20 455 454 37 
12816 20 437 454 455 
12817 399 965 411 966 
12818 399 411 400 966 
12819 399 947 948 381 
12820 966 399 965 948 
12821 399 947 965 948 
12822 98 99 69 552 
12823 551 68 98 97 
12824 376 353 917 377 
12825 376 352 917 353 
12826 376 917 942 377 
12827 376 352 916 917 
12828 376 375 916 351 
12829 926 384 383 361 
12830 926 384 361 927 
12831 399 381 948 382 
12832 227 191 190 659 
12833 227 226 699 190 
12834 700 190 658 659 
12835 793 794 833 272 
12836 679 680 209 172 
12837 677 206 207 719 
12838 679 678 208 721 
12839 680 210 681 723 
12840 231 193 703 704 
12841 231 267 232 747 
12842 786 299 266 300 
12843 273 274 795 307 
12844 273 274 754 795 
12845 273 238 754 274 
12846 273 237 754 238 
12847 551 517 98 68 
12848 550 588 129 97 
12849 130 551 97 588 
12850 550 551 588 97 
12851 550 129 96 97 
12852 275 756 274 796 
12853 820 327 858 857 
12854 780 781 821 295 
12855 983 977 978 417 
12856 982 415 974 416 
12857 121 618 154 155 
12858 121 618 578 154 
12859 619 121 579 122 
12860 837 836 798 309 
12861 5 423 1 422 
12862 5 12 13 429 
12863 4 429 11 12 
12864 4 421 428 429 
12865 839 840 311 801 
12866 838 799 800 277 
12867 310 799 838 277 
12868 328 892 859 858 
12869 599 106 561 139 
12870 599 106 560 561 
12871 560 105 598 559 
12872 175 683 176 641 
12873 175 212 176 683 
12874 175 176 140 641 
12875 175 641 640 682 
12876 175 640 174 682 
12877 117 151 118 614 
12878 117 118 574 614 
12879 117 116 150 573 
12880 396 397 963 409 
12881 839 311 278 801 
12882 541 120 540 508 
12883 89 61 542 90 
12884 89 542 579 90 
12885 541 542 89 508 
12886 89 579 122 90 
12887 905 932 367 933 
12888 905 367 906 933 
12889 905 906 341 874 
12890 367 368 906 933 
12891 599 640 139 600 
12892 599 106 139 105 
12893 925 382 948 924 
12894 948 383 925 949 
12895 176 140 642 141 
12896 176 684 212 213 
12897 176 643 177 141 
12898 176 642 643 141 
12899 176 684 213 177 
12900 612 150 573 613 
12901 612 116 572 573 
12902 612 150 116 573 
12903 612 653 150 613 
12904 130 129 588 97 
12905 130 551 588 589 
12906 629 164 130 165 
12907 550 516 551 97 
12908 131 590 630 631 
12909 66 485 42 484 
12910 971 956 957 405 
12911 556 101 102 594 
12912 595 135 103 136 
12913 556 594 102 135 
12914 239 756 240 713 
12915 239 755 756 713 
12916 239 712 755 713 
12917 239 755 712 238 
12918 239 274 755 238 
12919 239 274 756 755 
12920 239 201 712 713 
12921 239 238 712 201 
12922 239 713 202 201 
12923 232 748 747 268 
12924 232 747 267 268 
12925 705 194 232 704 
12926 233 706 705 748 
12927 705 195 232 194 
12928 231 230 266 746 
12929 233 232 705 195 
12930 233 269 748 268 
12931 255 218 732 256 
12932 255 732 774 256 
12933 815 290 852 814 
12934 290 775 291 256 
12935 255 774 773 289 
12936 255 732 731 774 
12937 423 422 5 431 
12938 701 700 227 742 
12939 648 689 181 690 
12940 146 182 147 649 
12941 673 674 167 632 
12942 672 202 166 203 
12943 673 204 167 674 
12944 167 632 674 168 
12945 575 576 119 539 
12946 58 57 475 35 
12947 200 238 712 711 
12948 758 241 277 276 
12949 275 798 757 797 
12950 226 228 741 263 
12951 226 740 225 263 
12952 226 741 740 263 
12953 551 98 130 97 
12954 67 486 516 68 
12955 253 215 252 729 
12956 811 771 287 770 
12957 287 770 771 252 
12958 285 768 769 250 
12959 152 615 656 153 
12960 152 655 656 615 
12961 152 119 615 153 
12962 152 615 119 118 
12963 152 614 118 151 
12964 152 614 615 118 
12965 75 525 106 76 
12966 75 525 105 106 
12967 75 524 105 525 
12968 75 105 524 74 
12969 690 731 689 218 
12970 648 607 146 145 
12971 283 807 845 316 
12972 807 284 767 808 
12973 363 336 900 901 
12974 363 337 336 901 
12975 928 899 900 362 
12976 950 385 928 951 
12977 363 362 900 335 
12978 974 415 981 973 
12979 567 112 568 607 
12980 16 450 449 32 
12981 7 435 434 17 
12982 424 7 6 1 
12983 261 224 223 738 
12984 782 823 297 783 
12985 131 590 589 630 
12986 66 484 42 65 
12987 43 460 42 485 
12988 68 44 486 487 
12989 68 486 517 487 
12990 247 765 282 248 
12991 247 765 248 723 
12992 247 248 210 723 
12993 762 803 802 280 
12994 245 281 763 280 
12995 245 720 207 719 
12996 762 244 761 719 
12997 763 804 281 764 
12998 762 280 802 279 
12999 677 170 676 635 
13000 648 649 146 608 
13001 339 872 340 309 
13002 339 366 903 365 
13003 339 366 340 904 
13004 339 340 872 904 
13005 634 676 169 635 
13006 636 171 136 637 
13007 955 390 389 934 
13008 934 956 390 935 
13009 390 369 935 370 
13010 957 390 956 936 
13011 390 936 935 956 
13012 390 936 370 935 
13013 390 370 936 391 
13014 934 389 368 369 
13015 368 933 388 389 
13016 367 388 368 933 
13017 905 873 340 904 
13018 934 369 390 389 
13019 699 657 658 190 
13020 699 698 657 189 
13021 593 134 133 101 
13022 979 969 413 968 
13023 983 978 979 417 
13024 815 291 775 816 
13025 26 25 45 463 
13026 26 463 443 25 
13027 26 463 464 443 
13028 27 444 13 12 
13029 443 27 12 444 
13030 27 443 26 464 
13031 732 218 219 256 
13032 219 182 218 690 
13033 732 219 218 690 
13034 406 971 414 972 
13035 413 969 970 403 
13036 403 968 413 969 
13037 724 211 249 248 
13038 212 726 683 725 
13039 724 723 211 248 
13040 212 683 682 725 
13041 266 746 230 745 
13042 193 704 661 703 
13043 192 229 702 191 
13044 265 745 744 785 
13045 970 404 954 955 
13046 971 957 406 405 
13047 398 380 946 381 
13048 399 964 398 410 
13049 947 398 381 399 
13050 398 963 410 964 
13051 502 535 534 83 
13052 503 535 502 84 
13053 502 501 56 83 
13054 147 569 114 113 
13055 114 148 609 147 
13056 397 378 944 379 
13057 963 975 409 976 
13058 945 379 398 397 
13059 447 469 31 448 
13060 446 468 467 29 
13061 62 509 61 90 
13062 543 62 91 90 
13063 62 509 480 61 
13064 62 61 480 38 
13065 62 480 39 38 
13066 541 579 89 542 
13067 541 89 579 578 
13068 541 120 89 578 
13069 221 220 735 693 
13070 221 735 736 693 
13071 221 736 694 693 
13072 221 736 222 694 
13073 258 736 735 778 
13074 221 736 259 222 
13075 466 465 445 28 
13076 780 779 260 294 
13077 563 107 601 562 
13078 78 528 564 529 
13079 78 79 52 497 
13080 78 496 77 528 
13081 173 174 639 681 
13082 173 210 174 681 
13083 173 138 639 174 
13084 593 633 133 134 
13085 593 134 555 594 
13086 633 168 675 674 
13087 354 325 353 889 
13088 317 846 807 845 
13089 317 847 881 318 
13090 317 318 285 808 
13091 283 766 807 767 
13092 283 284 807 316 
13093 705 194 704 662 
13094 498 80 53 499 
13095 161 160 197 666 
13096 161 666 197 667 
13097 626 627 162 128 
13098 161 625 666 667 
13099 161 666 625 624 
13100 161 160 666 624 
13101 411 400 966 412 
13102 414 971 980 972 
13103 970 969 954 403 
13104 971 957 972 406 
13105 971 955 956 405 
13106 505 87 59 506 
13107 59 506 87 60 
13108 538 87 118 86 
13109 505 506 59 477 
13110 538 505 87 86 
13111 59 36 476 477 
13112 754 712 238 711 
13113 793 753 794 272 
13114 305 832 304 868 
13115 305 304 336 868 
13116 752 271 793 792 
13117 869 336 337 901 
13118 299 826 331 300 
13119 786 787 826 300 
13120 299 331 826 862 
13121 705 194 663 195 
13122 710 753 237 711 
13123 354 377 378 919 
13124 378 919 920 355 
13125 378 920 379 355 
13126 945 380 379 921 
13127 378 943 919 377 
13128 378 944 919 943 
13129 378 920 944 379 
13130 937 372 911 912 
13131 937 372 912 938 
13132 371 936 937 910 
13133 308 307 835 274 
13134 275 836 308 309 
13135 308 274 835 796 
13136 308 835 836 796 
13137 338 339 903 365 
13138 374 939 393 940 
13139 395 377 376 942 
13140 393 959 940 939 
13141 59 36 477 37 
13142 36 452 18 35 
13143 36 454 477 37 
13144 36 453 477 454 
13145 452 34 17 35 
13146 959 394 940 960 
13147 396 962 963 944 
13148 916 887 352 886 
13149 261 223 260 738 
13150 782 296 822 781 
13151 822 860 329 823 
13152 432 16 449 15 
13153 449 15 448 432 
13154 982 983 981 417 
13155 982 976 977 411 
13156 976 399 410 964 
13157 733 219 732 690 
13158 691 650 692 183 
13159 733 219 691 220 
13160 431 13 446 430 
13161 447 30 469 468 
13162 446 13 14 29 
13163 864 896 332 897 
13164 864 863 332 896 
13165 595 135 102 103 
13166 556 102 521 522 
13167 102 103 522 557 
13168 595 135 556 102 
13169 556 557 102 522 
13170 102 134 594 101 
13171 102 594 134 135 
13172 521 101 555 520 
13173 102 73 522 103 
13174 937 957 936 391 
13175 392 938 393 373 
13176 805 765 806 282 
13177 46 464 26 463 
13178 176 642 140 641 
13179 283 766 249 248 
13180 249 725 767 250 
13181 724 211 212 249 
13182 724 766 723 248 
13183 283 249 766 767 
13184 724 249 766 248 
13185 283 284 249 767 
13186 724 249 212 725 
13187 546 547 584 94 
13188 63 39 62 481 
13189 63 510 62 91 
13190 63 62 510 481 
13191 63 544 510 91 
13192 64 92 93 545 
13193 20 456 438 437 
13194 844 806 845 316 
13195 815 775 290 774 
13196 815 290 291 323 
13197 815 853 852 323 
13198 918 889 353 888 
13199 916 351 375 915 
13200 668 710 199 711 
13201 627 163 628 669 
13202 204 674 716 205 
13203 204 674 205 168 
13204 673 714 672 203 
13205 673 166 167 203 
13206 786 745 265 785 
13207 786 825 299 826 
13208 206 205 676 169 
13209 636 135 170 635 
13210 206 244 207 719 
13211 677 206 170 207 
13212 677 636 678 171 
13213 677 170 206 676 
13214 741 783 740 263 
13215 982 415 416 417 
13216 974 408 961 409 
13217 393 958 407 959 
13218 415 973 407 406 
13219 981 414 417 980 
13220 414 972 980 981 
13221 905 340 366 904 
13222 837 309 340 872 
13223 310 874 341 311 
13224 340 872 904 873 
13225 364 902 930 365 
13226 339 903 872 871 
13227 619 620 156 122 
13228 542 508 509 61 
13229 619 578 121 618 
13230 766 765 723 248 
13231 283 807 284 767 
13232 283 845 807 806 
13233 72 73 47 491 
13234 521 101 520 71 
13235 72 522 73 491 
13236 560 559 524 105 
13237 494 49 75 493 
13238 839 278 311 800 
13239 798 309 310 837 
13240 367 341 906 342 
13241 875 907 342 876 
13242 905 874 341 873 
13243 375 350 915 351 
13244 374 914 373 939 
13245 394 960 959 407 
13246 374 915 914 940 
13247 751 791 270 792 
13248 751 270 791 750 
13249 227 741 226 228 
13250 227 701 191 659 
13251 126 584 585 94 
13252 64 482 41 40 
13253 126 584 625 585 
13254 125 622 582 124 
13255 127 626 161 162 
13256 127 128 626 162 
13257 127 585 626 586 
13258 507 88 479 508 
13259 575 119 576 615 
13260 506 60 477 478 
13261 763 281 803 280 
13262 803 280 842 313 
13263 763 803 762 280 
13264 503 504 536 85 
13265 104 559 138 105 
13266 599 639 598 138 
13267 524 104 74 105 
13268 104 597 559 558 
13269 301 300 332 827 
13270 301 787 300 827 
13271 301 267 300 787 
13272 787 301 267 788 
13273 134 101 555 594 
13274 634 635 169 135 
13275 633 634 168 134 
13276 593 634 134 594 
13277 521 520 490 71 
13278 592 100 591 553 
13279 54 472 500 55 
13280 885 350 884 850 
13281 618 659 155 660 
13282 578 154 618 617 
13283 751 750 708 235 
13284 792 305 793 832 
13285 686 685 644 178 
13286 158 622 124 621 
13287 158 124 123 621 
13288 866 335 830 867 
13289 333 897 898 865 
13290 240 715 241 203 
13291 242 278 243 760 
13292 262 225 740 263 
13293 782 823 822 297 
13294 188 187 697 655 
13295 782 783 297 263 
13296 782 740 783 263 
13297 262 739 740 225 
13298 782 262 296 781 
13299 782 297 296 262 
13300 286 770 769 810 
13301 286 251 769 770 
13302 319 348 848 318 
13303 287 288 812 320 
13304 319 810 848 849 
13305 317 880 881 846 
13306 349 849 884 320 
13307 349 884 914 350 
13308 253 216 215 729 
13309 311 277 800 278 
13310 310 341 874 873 
13311 5 423 6 1 
13312 423 431 6 432 
13313 423 424 6 1 
13314 503 84 85 536 
13315 502 56 473 474 
13316 501 55 500 473 
13317 503 56 502 474 
13318 839 311 875 874 
13319 931 366 365 903 
13320 366 387 388 932 
13321 175 174 640 139 
13322 140 141 107 601 
13323 140 601 642 141 
13324 140 641 642 601 
13325 140 139 641 600 
13326 230 702 745 703 
13327 619 579 620 122 
13328 663 158 159 195 
13329 157 661 193 662 
13330 452 475 34 35 
13331 452 34 475 451 
13332 58 475 476 35 
13333 36 452 453 18 
13334 475 34 474 451 
13335 883 913 882 348 
13336 883 882 848 348 
13337 374 940 914 939 
13338 878 314 842 843 
13339 169 135 635 170 
13340 634 168 169 675 
13341 634 169 676 675 
13342 595 102 556 557 
13343 676 675 205 718 
13344 619 661 156 620 
13345 193 661 704 662 
13346 368 342 907 343 
13347 757 240 241 276 
13348 338 308 835 871 
13349 338 871 339 308 
13350 338 902 871 870 
13351 306 834 794 833 
13352 869 336 305 337 
13353 920 890 891 355 
13354 920 919 890 355 
13355 696 697 739 224 
13356 696 223 224 738 
13357 654 653 186 695 
13358 928 951 385 929 
13359 900 336 868 901 
13360 310 798 799 276 
13361 275 756 239 274 
13362 310 799 277 276 
13363 133 167 632 132 
13364 99 591 100 553 
13365 133 167 168 632 
13366 538 87 505 506 
13367 576 616 120 577 
13368 575 539 119 87 
13369 576 616 119 120 
13370 575 87 119 118 
13371 180 216 217 688 
13372 593 101 100 554 
13373 633 168 634 675 
13374 342 876 343 312 
13375 836 275 796 797 
13376 934 369 907 908 
13377 875 907 906 342 
13378 905 340 367 366 
13379 839 875 311 840 
13380 9 21 438 8 
13381 22 439 438 457 
13382 22 459 23 440 
13383 821 781 822 296 
13384 821 781 296 295 
13385 837 872 340 873 
13386 673 715 204 716 
13387 392 372 938 373 
13388 972 981 415 973 
13389 556 101 521 102 
13390 556 521 101 555 
13391 844 845 879 316 
13392 722 247 764 246 
13393 805 314 282 843 
13394 176 643 642 684 
13395 100 554 519 553 
13396 518 519 70 488 
13397 483 65 513 512 
13398 513 514 547 94 
13399 73 523 103 74 
13400 48 465 27 47 
13401 368 907 369 343 
13402 909 369 370 935 
13403 907 908 343 876 
13404 344 343 908 877 
13405 909 908 369 935 
13406 390 405 957 956 
13407 452 434 17 451 
13408 424 434 7 435 
13409 452 476 36 453 
13410 911 910 880 346 
13411 911 912 372 347 
13412 881 911 880 347 
13413 349 914 883 913 
13414 426 3 425 420 
13415 140 600 601 562 
13416 790 269 829 789 
13417 595 103 102 557 
13418 103 558 523 557 
13419 558 137 136 104 
13420 103 596 558 557 
13421 103 136 596 557 
13422 103 596 136 558 
13423 689 180 217 688 
13424 648 145 647 607 
13425 647 145 606 607 
13426 780 260 737 738 
13427 356 891 327 355 
13428 386 365 930 387 
13429 931 930 365 387 
13430 387 952 386 403 
13431 404 971 970 414 
13432 869 306 305 833 
13433 364 930 902 929 
13434 364 363 385 929 
13435 387 952 403 953 
13436 425 438 437 8 
13437 436 437 454 19 
13438 19 425 436 437 
13439 63 481 510 511 
13440 541 89 120 508 
13441 509 61 479 480 
13442 202 201 671 165 
13443 133 168 633 632 
13444 202 713 671 201 
13445 202 713 714 671 
13446 541 120 578 577 
13447 608 147 609 649 
13448 734 777 776 257 
13449 734 733 220 257 
13450 292 291 776 257 
13451 293 819 778 818 
13452 292 776 777 257 
13453 293 294 779 819 
13454 261 260 780 738 
13455 483 459 41 458 
13456 66 515 485 514 
13457 43 461 44 24 
13458 64 482 63 511 
13459 204 241 715 203 
13460 240 202 714 203 
13461 672 714 202 203 
13462 204 715 241 716 
13463 575 119 615 118 
13464 541 577 540 120 
13465 452 18 435 453 
13466 575 574 118 614 
13467 538 537 505 86 
13468 575 574 538 118 
13469 895 331 862 863 
13470 918 917 353 377 
13471 923 358 922 894 
13472 839 874 838 311 
13473 758 799 798 276 
13474 848 847 809 318 
13475 848 809 810 318 
13476 231 193 704 194 
13477 192 661 193 156 
13478 193 704 194 662 
13479 663 159 622 664 
13480 184 652 651 693 
13481 259 737 736 779 
13482 734 735 258 220 
13483 582 124 622 581 
13484 622 621 581 124 
13485 663 664 706 195 
13486 291 853 324 816 
13487 815 852 290 323 
13488 184 220 692 183 
13489 733 732 256 775 
13490 622 623 664 159 
13491 875 342 312 876 
13492 344 343 369 908 
13493 344 909 878 877 
13494 908 877 343 876 
13495 941 915 375 940 
13496 885 850 851 321 
13497 914 913 373 939 
13498 884 849 850 320 
13499 798 309 836 797 
13500 931 365 366 387 
13501 758 277 799 276 
13502 758 757 241 276 
13503 757 240 756 714 
13504 716 717 205 674 
13505 911 880 347 346 
13506 634 169 134 135 
13507 212 683 726 684 
13508 211 682 174 681 
13509 438 20 8 21 
13510 426 10 3 427 
13511 454 20 37 19 
13512 20 38 456 455 
13513 916 351 885 886 
13514 349 884 350 320 
13515 884 850 350 320 
13516 916 941 915 375 
13517 677 636 170 635 
13518 762 761 279 802 
13519 761 243 760 718 
13520 763 804 803 281 
13521 861 330 862 894 
13522 27 464 47 465 
13523 445 27 13 28 
13524 429 13 430 444 
13525 13 444 445 430 
13526 5 429 13 430 
13527 611 115 149 148 
13528 611 572 115 571 
13529 611 115 148 610 
13530 611 115 610 571 
13531 184 185 652 694 
13532 184 220 221 693 
13533 149 653 652 185 
13534 922 921 892 357 
13535 782 297 262 263 
13536 923 947 946 381 
13537 771 729 252 728 
13538 945 397 963 944 
13539 890 891 355 857 
13540 918 889 354 353 
13541 916 915 885 351 
13542 982 976 411 416 
13543 727 213 251 726 
13544 727 684 685 213 
13545 254 772 253 288 
13546 727 685 214 213 
13547 286 287 770 810 
13548 844 315 806 316 
13549 945 964 398 946 
13550 922 380 946 921 
13551 945 944 920 379 
13552 945 380 398 379 
13553 466 445 467 28 
13554 28 446 445 467 
13555 724 682 211 681 
13556 724 249 725 767 
13557 211 681 210 723 
13558 332 300 331 863 
13559 332 331 896 863 
13560 333 898 897 361 
13561 332 896 360 897 
13562 332 331 359 896 
13563 332 359 360 896 
13564 979 970 413 969 
13565 952 969 968 403 
13566 869 337 306 870 
13567 464 47 465 491 
13568 595 596 136 557 
13569 329 330 893 357 
13570 192 661 156 660 
13571 356 357 892 921 
13572 328 295 821 296 
13573 356 380 357 921 
13574 859 329 893 357 
13575 767 250 725 768 
13576 283 765 766 248 
13577 696 187 697 224 
13578 612 652 149 653 
13579 654 186 150 151 
13580 150 185 186 653 
13581 612 149 611 572 
13582 612 652 611 149 
13583 611 148 651 610 
13584 117 613 150 151 
13585 608 113 569 147 
13586 146 147 608 649 
13587 532 113 569 568 
13588 761 760 279 801 
13589 205 675 168 674 
13590 245 208 207 720 
13591 205 717 675 674 
13592 205 718 675 717 
13593 181 218 182 690 
13594 648 181 647 145 
13595 689 217 180 181 
13596 648 181 146 182 
13597 648 146 181 145 
13598 146 608 113 568 
13599 648 181 182 690 
13600 931 932 366 904 
13601 245 280 763 762 
13602 677 171 678 207 
13603 137 171 172 637 
13604 104 523 103 558 
13605 304 270 792 271 
13606 791 304 831 830 
13607 304 335 336 867 
13608 304 831 832 792 
13609 304 303 335 830 
13610 800 760 801 278 
13611 800 759 760 278 
13612 208 721 720 246 
13613 209 173 680 210 
13614 206 169 676 170 
13615 677 676 206 719 
13616 679 208 678 172 
13617 173 138 638 639 
13618 242 205 716 717 
13619 275 836 309 797 
13620 100 519 70 553 
13621 553 591 552 99 
13622 518 99 553 552 
13623 518 69 517 487 
13624 848 882 847 318 
13625 727 252 214 728 
13626 285 809 769 768 
13627 881 912 911 347 
13628 392 937 371 391 
13629 392 407 958 406 
13630 317 847 808 846 
13631 546 93 584 583 
13632 732 775 774 256 
13633 290 323 852 322 
13634 733 776 775 257 
13635 50 51 30 468 
13636 494 49 493 467 
13637 524 523 104 559 
13638 54 472 32 471 
13639 498 499 53 471 
13640 498 79 530 529 
13641 623 160 665 664 
13642 310 798 837 799 
13643 724 766 249 767 
13644 912 938 372 373 
13645 881 882 912 347 
13646 371 911 937 372 
13647 957 392 937 958 
13648 912 372 347 348 
13649 878 877 842 314 
13650 46 47 464 490 
13651 443 444 12 429 
13652 305 304 792 271 
13653 407 974 973 415 
13654 971 955 405 404 
13655 977 965 411 976 
13656 982 981 974 415 
13657 982 981 415 417 
13658 561 600 107 562 
13659 561 525 526 106 
13660 494 493 75 525 
13661 561 106 526 107 
13662 283 845 806 316 
13663 805 281 804 764 
13664 763 246 720 721 
13665 844 843 315 878 
13666 315 806 283 282 
13667 125 623 622 159 
13668 161 197 198 667 
13669 200 669 164 163 
13670 127 586 95 548 
13671 912 938 373 913 
13672 344 909 370 345 
13673 581 580 123 621 
13674 900 362 899 335 
13675 928 384 362 385 
13676 362 361 384 927 
13677 898 334 362 361 
13678 469 496 52 497 
13679 470 497 469 52 
13680 530 79 565 529 
13681 447 448 15 432 
13682 50 49 494 467 
13683 29 447 14 446 
13684 51 495 76 77 
13685 447 14 446 431 
13686 686 214 178 215 
13687 727 728 770 252 
13688 727 251 769 726 
13689 214 213 685 177 
13690 976 399 964 965 
13691 945 946 398 380 
13692 922 380 921 357 
13693 700 741 227 742 
$EndElements
