781 13897 331
4456 4631 11039
4631 4999 11039
4631 4995 4999
4995 5341 4999
4995 5337 5341
11040 5341 5546
5341 5695 5546
5341 5337 5695
5695 11036 5546
10085 9890 11037
9890 10085 11041
10085 10507 11041
10085 10505 10507
10505 10609 10613
10505 10613 10507
4631 4456 11035
13850 14049 10614
2947 11034 2734
11038 10608 2734
10085 11037 10083
10083 11037 11033
10083 10607 10278
10505 10083 10278
10085 10083 10505
10609 10505 10278
17468 17717 10610
17954 18181 17717
17954 17717 17468
18424 18651 18181
18424 18181 17954
18890 19111 18651
18890 18651 18424
10611 19111 18890
10608 2947 2734
10612 10608 11038
6061 11032 5898
14276 11042 14049
14274 14276 13850
19111 10617 19113
10612 11046 10618
11038 11046 10612
4999 4846 11039
4846 4999 5196
5196 4999 5341
5341 11040 5196
10509 11047 10507
10507 11047 11041
10507 10613 10619
10507 10619 10509
12978 13243 10620
13438 11048 13243
12978 13438 13243
13434 13438 12978
19111 10611 10617
13850 14276 14049
18651 19111 19113
18426 18651 11045
14716 14276 14274
14716 14718 14276
15178 14718 14716
15178 15180 14718
15632 15853 11043
15180 15632 11043
15178 15632 15180
10615 15853 15632
17721 10616 10610
17721 10610 17717
11044 17721 17956
17721 18181 17956
17721 17717 18181
17956 18181 18426
18426 18181 18651
18651 19113 11045
14049 13852 10614
5695 5691 6061
11036 5695 5898
5687 5544 10598
6051 5687 10598
6057 5687 6051
6051 6425 6057
6051 6421 6425
6421 11026 6425
6425 11026 11028
11029 10599 10603
11029 11027 10599
2945 10604 10600
2945 10600 2943
11030 2945 3162
2945 3349 3162
2945 2943 3349
3162 3349 3588
5544 5687 10602
3588 3349 3771
4983 10601 4987
4621 4983 4987
10075 9888 11025
11027 9888 10075
10595 11027 10075
10599 11027 10595
2730 2943 10600
3160 3349 2943
3160 2943 2730
3349 3160 10596
3769 3349 10596
3771 3349 3769
3769 4219 3771
3769 4217 4219
4217 4623 4219
4217 4621 4623
4621 4987 4623
4983 10597 10601
5695 6061 5898
3588 3771 11031
3771 4219 4221
2947 10604 2945
2945 11030 2947
2947 11030 11034
4221 4020 11031
4020 4221 11035
4221 4631 11035
4221 4627 4631
4627 10605 4844
4995 4627 4844
4631 4627 4995
5194 5337 4995
5194 4995 4844
5337 5194 10606
5691 5337 10606
5695 5337 5691
2947 10608 10604
3771 4221 11031
10603 10607 11029
10607 10083 9889
4219 4627 4221
4219 4623 4627
4987 4843 10605
4627 4987 10605
4623 4987 4627
4987 10601 4843
5691 10606 10602
5691 10602 5687
5687 6061 5691
5687 6057 6061
11032 6061 6250
6061 6425 6250
6061 6057 6425
6425 11028 6250
11033 9889 10083
11029 10607 9889
13852 13434 10614
13852 13438 13434
14049 11042 13852
10629 17204 10627
10627 17204 17202
11059 17202 17204
11059 17204 11061
18993 19082 11060
19082 18993 11062
256 19082 11062
254 19082 256
10628 254 615
254 708 615
254 256 708
708 10630 615
10631 17206 10629
10629 17206 17204
17684 17596 11061
254 10628 161
17204 17684 11061
19080 19082 254
10626 19080 161
18529 18071 11058
18529 18069 18071
19080 18991 18618
18618 18991 18529
19080 10626 18991
17202 17123 10627
17595 17678 10625
17595 10625 17123
11059 17595 17123
17202 11059 17123
11057 17678 17595
18533 18618 11058
18618 18533 11060
19082 18618 11060
19080 18618 19082
19080 254 161
18618 18529 11058
17206 17684 17204
18994 11064 19086
18626 19086 18534
19088 19086 18626
260 19086 19088
258 19086 260
712 258 260
710 258 712
1064 1168 10634
1168 712 10634
1168 710 712
10632 1168 1064
10635 17688 10633
10633 17688 17686
18158 17686 17688
18156 17686 18158
18628 18156 18158
19086 11064 18534
11063 17596 17684
18072 18626 18534
17686 18156 17684
256 11062 18994
19086 256 18994
258 256 19086
710 256 258
708 256 710
10630 708 1063
708 1168 1063
708 710 1168
1168 10632 1063
17124 17206 10631
10633 17686 17124
17686 17206 17124
17686 17684 17206
18156 18072 11063
17684 18156 11063
18072 18156 18626
18071 18069 17593
18071 17593 17678
11057 18071 17678
11051 54 10621
2268 11052 10622
2268 10622 2266
2266 10618 2268
2268 10618 11046
10509 10280 11047
10941 11053 10696
10696 11053 10619
11053 10280 10619
10280 10509 10619
10623 10941 10696
12448 12783 10624
13243 12980 10620
10620 12980 12448
12980 11054 12448
11051 56 54
11054 12783 12448
54 56 18892
10617 54 19113
15853 15634 11043
16309 11049 16084
16084 11049 10615
11049 15634 10615
15634 15853 10615
16536 16767 16309
16536 16309 16084
17002 17237 16767
17002 16767 16536
17721 17470 10616
10616 17470 17002
17470 11050 17002
11050 17237 17002
17721 11044 17470
19113 18892 11045
54 18892 19113
13243 11048 12980
16309 16086 11049
16086 16309 16538
11542 11363 11116
11962 12267 11807
11962 11807 11542
12783 12450 10624
10624 12450 11962
12450 11056 11962
11056 12267 11962
12783 11054 12450
11363 11118 11055
11118 11363 11544
11544 11363 11807
11544 11807 11964
11964 11807 12267
12267 11056 11964
17678 17593 10625
11542 11807 11363
10698 10941 10623
11055 10698 10623
11116 11055 10623
16538 16309 16767
16538 16767 17004
17004 16767 17237
17237 11050 17004
10621 510 11051
11051 510 512
946 512 510
6757 11024 6616
946 948 512
1400 1402 948
1834 1402 1400
1834 1836 1402
1834 10622 1836
1836 10622 11052
10941 10698 11053
11363 11055 11116
1400 948 946
6421 6415 6757
6421 6757 6616
11026 6421 6616
10550 4544 10552
10552 4544 4550
10551 8502 10983
10983 8502 8506
8502 10553 8870
8798 8502 8870
8506 8502 8798
10985 8798 8870
10986 4556 4550
10986 4550 10984
10552 4550 10554
10554 4550 4556
8794 8870 10553
9134 10985 9226
9226 10985 10555
10984 4544 10982
10985 8870 10555
10984 4550 4544
10551 10981 8252
10980 4540 4451
10980 4451 10546
4017 10980 10546
4124 4017 10546
4540 10548 4451
10549 8286 10547
10547 8286 8284
10979 8284 8286
10979 8286 10981
10982 4544 4540
10982 4540 10980
10548 4540 10550
10550 4540 4544
8252 8286 10549
10981 8286 8252
10983 10981 10551
3686 4017 4124
8870 8794 10555
4018 10988 10556
9232 10559 9135
10559 10993 9135
10559 10561 10993
10991 9232 9135
10560 10994 10562
10992 10994 10560
10995 8799 10563
10563 8799 8795
10561 8795 8799
10561 8799 10993
10996 3722 3583
10562 10996 3583
10994 10996 10562
3722 10564 3583
10997 10563 10565
10990 10992 10558
10987 9134 9226
10558 10992 10560
10989 9228 9232
4018 10556 4014
10986 4018 4556
4018 4452 4556
4018 4014 4452
10554 4556 4452
10557 9228 10555
10555 9228 9226
10987 9226 9228
10987 9228 10989
3586 10990 10558
3586 10558 3582
3582 10556 3586
3586 10556 10988
10559 9232 10557
10557 9232 9228
10989 9232 10991
3686 3585 4017
3585 3686 10978
10977 8284 10979
9885 9982 10539
9982 10386 10539
9982 10388 10386
10824 10386 10388
10822 10386 10824
11256 10822 10824
11254 10822 11256
10969 11254 11256
10969 11256 10971
10540 10972 10542
10970 10972 10540
10973 8505 10543
10543 8505 8501
8797 8858 10541
8501 8797 10541
9598 9885 9495
8505 8797 8501
9982 9885 9598
9598 9495 9212
11252 11254 10969
11541 11252 10969
11543 11541 10969
11252 11541 10536
11543 11961 11541
11963 11961 11543
11963 12447 11961
12449 12447 11963
10537 12447 12449
10537 12449 10967
10538 10970 10540
10968 10970 10538
8858 8793 10541
9212 9131 8858
8858 9131 8793
9212 9495 9131
8858 8797 9133
8858 9133 9212
9212 9133 9497
10279 10390 10974
10390 10279 10697
10390 10697 10826
10975 10826 10697
3159 10544 10976
3159 10976 3161
3686 3581 10978
3581 3161 10978
3581 3159 3161
4124 4013 3686
3686 4013 3581
4124 10546 4013
10547 8284 10545
10545 8284 8282
10977 8282 8284
10973 10543 10977
10977 10543 8282
10543 8251 8282
8282 8251 10545
9212 9497 9598
9598 9497 9887
9598 9887 9982
9982 9887 10974
10390 9982 10974
10388 9982 10390
10826 10388 10390
10997 10995 10563
10824 10388 10826
11256 10826 11117
10824 10826 11256
10971 11256 11117
2729 10542 10972
2729 10972 2733
2733 10976 2729
2729 10976 10544
10826 10975 11117
18626 18156 18628
3587 3722 10996
10998 4015 10564
11017 10587 8594
11017 10585 10587
11019 8508 8594
11018 6249 6409
10588 11018 6409
10586 11018 10588
6249 11020 6409
8504 8594 10587
8800 11019 8922
8922 11019 10589
11019 8594 10589
8594 8504 10589
11021 8800 8922
6411 10590 10588
6411 10588 6409
8508 11017 8594
6409 11020 6411
11016 11018 10584
11017 8254 10585
10580 11012 10582
5897 11014 6035
7760 7786 10581
7786 7760 11013
7760 8008 11013
7760 8006 8008
11015 8008 8006
11015 8006 10583
6035 5893 10582
6035 11014 5893
11014 10584 5893
11014 11016 10584
10583 8254 11015
11015 8254 8256
11017 8256 8254
10584 11018 10586
10582 11012 6035
6411 11020 11022
8922 8796 11021
10595 10075 9886
3584 3769 10596
3769 3584 10592
4215 3769 10592
4217 3769 4215
4215 10593 4454
4621 4215 4454
4217 4215 4621
4842 4983 4621
4842 4621 4454
10597 4983 4842
6051 10598 10594
6051 10594 6049
6049 6421 6051
6049 6415 6421
11025 11023 10591
8796 8922 10589
11025 10591 9886
6615 11024 6757
8796 9136 11021
8796 9132 9136
9496 9136 9132
9496 9498 9136
11023 9498 9496
11023 9496 10591
4016 4215 10592
10593 4215 4016
5894 6049 10594
6049 5894 10590
6411 6049 10590
6415 6049 6411
6615 6757 11022
6757 6411 11022
6757 6415 6411
10075 11025 9886
11012 5897 6035
11013 7762 7786
7534 7512 10581
10567 10569 11001
10999 8568 8507
4845 4956 11000
4956 4845 5195
4956 5195 5296
5543 10568 5296
5195 5543 5296
5545 5543 5195
5545 11002 5543
5543 11002 10570
8026 8005 10571
11003 8255 8026
8255 8005 8026
8255 8253 8005
10569 8253 8255
10567 11001 8507
10569 8255 11001
8568 10567 8507
4956 5193 4841
3587 10998 10564
3722 3587 10564
4176 10566 4015
8568 8503 10567
10565 8503 8568
10999 10565 8568
10997 10565 10999
4019 4176 10998
4453 10566 4176
4019 4453 4176
4455 4453 4019
4956 4841 11000
4841 4455 11000
4841 4453 4455
5296 5193 4956
5296 10568 5193
5891 10570 11002
5891 11002 5895
5895 11004 5891
5892 10576 6025
10576 11010 6025
10576 11008 11010
7514 11009 7534
11009 10579 7534
11009 10577 10579
11011 7514 7534
10578 6025 5896
11012 10578 5896
10580 10578 11012
6025 11010 5896
7512 7534 10579
7762 11011 7786
7786 11011 10581
11011 7534 10581
5892 6025 10578
11009 11007 10575
11009 10575 10577
11006 11008 10574
5891 11004 10572
7526 7511 10573
11005 7761 7526
7761 7511 7526
7761 7759 7511
8007 8026 10571
7759 8007 10571
10998 4176 4015
7761 8007 7759
10572 11006 10574
11004 11006 10572
7526 10573 7513
10573 11007 7513
10573 10575 11007
11005 7526 7513
10574 11008 10576
11003 8026 8007
10822 11254 11252
19090 18626 18628
262 19088 19090
8878 11427 8799
11425 9236 9139
10994 11428 10996
11426 11428 10994
8878 10995 8803
10995 11429 8803
10995 10997 11429
11427 8878 8803
3587 10996 11428
3587 11428 3591
3591 11430 3587
3587 11430 10998
11431 10997 10999
11431 11429 10997
4019 10998 11430
11427 9139 8799
4019 11430 4023
9139 10993 8799
8878 8799 10995
10988 3704 3586
10991 9618 10989
10989 9618 9614
11421 9614 9618
11421 9618 11423
10990 11424 10992
11422 11424 10990
9236 9135 10993
9501 9618 10991
9501 10991 9135
11425 9501 9135
9236 11425 9135
11423 9618 9501
10992 11426 10994
11424 11426 10992
9139 9236 10993
11422 10990 11420
4588 4455 11432
4455 4019 4023
8290 11435 8255
11433 8572 8509
5895 11002 11434
5895 11434 5899
5899 11436 5895
5895 11436 11004
11437 7763 11005
11005 7763 7761
7763 8007 7761
8009 8007 7763
8257 8290 11003
8007 8257 11003
8009 8257 8007
11435 8290 8257
11004 11438 11006
11435 8509 8255
4455 4023 11432
8509 11001 8255
8290 8255 11003
4588 11000 4455
8572 8507 11001
10999 8507 8572
11433 10999 8572
11431 10999 11433
4457 4588 11432
4845 11000 4588
4457 4845 4588
4847 4845 4457
4847 5195 4845
5197 5195 4847
5197 5545 5195
5547 5545 5197
5547 11434 5545
5545 11434 11002
8509 8572 11001
11436 11438 11004
11420 10990 3704
11419 9614 11421
10828 11119 11260
11409 11260 11119
3163 3284 11410
3585 10978 3284
3163 3585 3284
3589 3585 3163
4128 4017 11412
4017 3589 11412
4017 3585 3589
4128 10980 4017
10981 8556 10979
10979 8556 8554
11411 8554 8556
11411 8556 11413
4021 4128 11412
10828 10699 11119
4021 11414 4128
10392 10699 10828
9986 10281 10392
10828 11260 11258
11260 11409 11545
11700 11260 11545
11258 11260 11700
11405 11700 11545
11410 3284 3161
10976 11410 3161
11406 11410 10976
3284 10978 3161
10979 8554 10977
10977 8554 8552
11407 8552 8554
11407 8554 11411
9891 9986 11408
9986 9891 10281
10392 10281 10699
10990 3586 3704
11414 10980 4128
10983 8558 10981
9134 9224 10985
9500 11417 9612
9612 11417 10987
11417 9224 10987
9224 9134 10987
11419 9500 9612
3590 11420 3704
4144 11418 3590
4144 3590 3704
4018 4144 3704
10988 4018 3704
10986 4144 4018
10989 9614 10987
10987 9614 9612
11419 9612 9614
10986 10984 11416
11414 10982 10980
10986 11416 4022
4022 11418 4144
10981 8558 8556
8868 8802 11413
8556 8868 11413
8558 8868 8556
11415 8802 8868
10982 11416 10984
11414 11416 10982
8506 8558 10983
8798 8868 8506
8506 8868 8558
9138 11415 9224
9224 11415 10985
11415 8868 10985
8868 8798 10985
11417 9138 9224
4144 10986 4022
11439 7515 11007
11007 7515 7513
11005 7513 7515
10077 11461 11459
10077 11027 11029
10077 11029 10079
3162 3351 11030
3588 3773 3351
3588 3351 3162
11031 3773 3588
6250 6429 11032
6767 6618 11028
11028 6618 6250
6618 11462 6250
11462 6429 6250
6618 6767 6960
6960 6767 7059
7059 11460 6960
10079 11461 10077
11463 9503 9699
7059 11458 11460
6763 7055 7059
11023 11457 9685
11025 11457 11023
6616 6763 11026
6763 6616 11024
7053 6763 11024
7055 6763 7053
7053 11456 7055
7055 11456 11458
10077 11459 9888
11459 11025 9888
11459 11457 11025
11027 10077 9888
6767 11028 11026
6767 11026 6763
6763 7059 6767
7055 11458 7059
11457 9502 9685
11461 10079 9503
10079 9889 9699
9699 11037 9701
2734 2951 11038
3355 3164 11034
11034 3164 2734
3164 11466 2734
11466 2951 2734
3164 3355 3592
3592 3355 3777
3592 3777 4024
4024 3777 4225
4635 11467 4456
4456 11467 11035
11467 4024 11035
4024 4225 11035
11039 4635 4456
9699 11033 11037
9503 10079 9699
9699 11465 11463
6429 11462 6252
9889 11033 9699
10079 11029 9889
3355 11034 11030
3355 11030 3351
3351 3777 3355
3351 3773 3777
3773 11031 4020
4225 3773 4020
3777 3773 4225
11035 4225 4020
5898 6065 11036
6429 6252 11032
11032 6252 5898
6252 11464 5898
11464 6065 5898
9701 11465 9699
9685 9502 11455
7053 11454 11456
7049 11454 7053
11445 7764 7762
11445 7762 11013
6031 5897 11012
6031 11444 5897
11444 11014 5897
11444 11446 11014
11013 8008 11445
11445 8008 8010
11447 8010 8008
11447 8008 11015
11014 11448 11016
11446 11448 11014
11015 8256 11447
11447 8256 8258
8256 11017 8590
7762 7764 7516
8510 8256 8590
7762 7516 7535
7535 7516 11443
11005 7515 11437
11006 11440 11008
11438 11440 11006
11441 11007 11009
11441 11439 11007
11008 11442 11010
11440 11442 11008
7535 11443 7514
11443 11009 7514
11443 11441 11009
11011 7535 7514
5896 6031 11012
5896 11010 6031
11010 11444 6031
11010 11442 11444
11011 7762 7535
8258 8256 8510
11449 8510 8590
11448 6251 6403
6749 11020 6743
6959 7049 11452
7049 6743 11452
7049 6749 6743
6959 11454 7049
11021 9136 11453
11453 9136 9140
9498 9685 11455
9140 9498 11455
9136 9498 9140
11023 9685 9498
6749 6615 11022
7053 11024 6615
6749 7053 6615
7049 7053 6749
6749 11022 11020
11453 11451 11021
11021 11451 8800
11451 8916 8800
11018 11448 6403
11016 11448 11018
6251 11450 6403
8508 8590 11017
8804 11449 8916
8916 11449 11019
11449 8590 11019
10828 11258 10975
8590 8508 11019
6403 6249 11018
11450 6617 6743
11450 6743 11020
6403 11450 11020
6249 6403 11020
6617 11452 6743
8800 8916 11019
11451 8804 8916
10697 10828 10975
10392 10697 10279
10828 10697 10392
11077 17710 10653
17710 17594 10653
18074 18178 18648
18074 18648 18536
18536 18648 19108
18536 19108 18996
280 11078 18996
280 18996 19108
162 280 19108
10654 162 19108
10652 280 162
18070 18178 10653
10655 18650 18070
18650 18178 18070
18650 18648 18178
18178 11077 10653
18992 19108 10656
18074 11077 18178
618 10650 11076
11075 10647 10649
11075 11073 10647
1068 11076 10650
1068 10650 1066
1066 10648 1068
1068 10648 11074
17598 11075 17710
11075 10651 17710
11075 10649 10651
11077 17598 17710
164 11078 280
164 280 10652
616 164 10652
618 164 616
616 10650 618
17594 17710 10651
1502 10646 11072
19108 18650 10656
10654 19108 18992
18427 11378 10944
18544 18427 10944
19004 10946 18891
11379 10945 10947
11379 11377 10945
18893 19004 11378
55 10946 19004
18893 55 19004
57 55 18893
57 11380 55
55 11380 10948
11381 17005 10949
10949 17005 17003
10947 17003 17005
10947 17005 11379
11378 18891 10944
19108 18648 18650
11378 19004 18891
18082 17957 18427
18530 18650 10655
10656 18650 18530
18654 18531 10657
18654 10658 18531
18532 18654 10657
10658 18654 18532
18082 17955 10943
18544 18425 18082
18082 18425 17955
18544 10944 18425
11377 17471 10945
10945 17471 17469
17957 18082 10943
17469 17957 10943
17471 17957 17469
18082 18427 18544
1500 10646 1502
1502 10648 1500
1502 11074 10648
10636 714 10638
10638 714 716
10639 17214 10637
10637 17214 17212
17692 17212 17214
17690 17212 17692
17692 11065 18073
18160 17692 18073
17690 17692 18160
18160 18073 18535
18160 18535 18630
18630 18535 18995
18630 18995 19092
19092 18995 11066
266 19092 11066
714 262 716
264 19092 266
716 262 264
264 19090 19092
260 19088 262
714 260 262
712 260 714
10634 712 10636
10636 712 714
17212 17125 10637
17125 17212 10635
17212 17688 10635
17212 17690 17688
18160 17688 17690
18158 17688 18160
18630 18158 18160
18628 18158 18630
19092 18628 18630
19090 18628 19092
262 19090 264
718 264 266
716 264 718
10638 716 10640
11067 17698 11069
11070 1612 1499
10642 11070 1499
11068 11070 10642
1612 10644 1499
17698 10643 17597
10643 11071 17597
10643 10645 11071
11069 17698 17597
1501 1612 11070
1501 11072 1612
11072 10644 1612
11072 10646 10644
11073 10645 10647
11073 11071 10645
11067 17694 17698
17698 17694 17216
17698 17216 17126
10643 17698 17126
10640 716 718
10641 17216 10639
10639 17216 17214
17694 17214 17216
17692 17214 17694
11065 17692 17694
11065 17694 11067
11380 513 625
163 266 11066
266 617 718
1065 10640 718
617 1065 718
1067 1065 617
1067 11068 1065
1065 11068 10642
17126 17216 10641
266 163 617
19088 18626 19090
10950 11380 625
513 11382 625
11690 11543 10969
12130 11963 11690
11690 11963 11543
11401 12451 12130
12451 11963 12130
12451 12449 11963
10967 12449 12451
10967 12451 11399
10968 11402 10970
11400 11402 10968
10971 11696 10969
10969 11696 11690
11696 11403 11965
12130 11696 11965
11690 11696 12130
2861 11398 2736
11401 12130 11965
10968 10966 11400
10966 2861 2736
2732 10962 2857
10962 11396 2857
10962 11394 11396
13437 10965 13565
10965 11395 13565
10965 11397 11395
13565 10963 13437
2861 10966 10964
2861 10964 2857
2857 11396 2861
2861 11396 11398
11399 12981 10967
10967 12981 12979
10965 12979 12981
10965 12981 11397
11400 10966 2736
2732 2857 10964
10970 11404 10972
8550 8505 10973
10977 8552 10973
10973 8552 8550
8552 11407 8801
8860 8552 8801
8550 8552 8860
8860 8801 9137
8860 9137 9214
9214 9137 9499
9214 9499 9600
9600 9499 11408
9986 9600 11408
9984 9600 9986
10974 9984 10279
9984 10392 10279
9984 9986 10392
2733 11406 10976
11402 11404 10970
2737 11406 2733
2733 10972 11404
8860 8797 8550
8550 8797 8505
9214 9133 8860
8860 9133 8797
9600 9497 9214
9214 9497 9133
9984 9887 9600
9600 9887 9497
9984 10974 9887
11258 11117 10975
11117 11258 10971
11258 11696 10971
11258 11700 11696
11403 11696 11700
11403 11700 11405
2733 11404 2737
13561 10963 13565
13561 10961 10963
13561 11395 11393
10951 16087 11383
629 10954 10952
629 10952 627
627 11384 629
629 11384 11386
11387 13853 10955
10955 13853 13851
10953 13851 13853
10953 13853 11385
629 511 10954
11386 949 1081
11386 1081 10956
629 11386 10956
511 629 10956
1081 949 1515
10951 16085 16087
1515 949 1403
16087 16085 15635
15635 15633 15181
11383 16539 10951
10951 16539 16537
10949 16537 16539
10949 16539 11381
627 10952 10950
627 10950 625
625 11382 627
627 11382 11384
11385 14277 10953
10953 14277 14275
14277 14717 14275
14719 14717 14277
14719 15179 14717
15181 15179 14719
15181 15633 15179
15635 16085 15633
1515 1403 1951
1951 1403 1837
1951 1837 2393
10957 10959 11391
11389 13554 13439
2853 10960 10958
2853 10958 2851
2851 11390 2853
2853 11390 11392
13561 11393 13436
11393 10959 13436
11393 11391 10959
10961 13561 13436
2853 2731 10960
2853 11392 2731
11392 10962 2731
11392 11394 10962
13565 11395 13561
10957 11391 13439
13554 10957 13439
2735 11390 2851
2267 2393 10958
2393 1837 2269
2269 11388 2393
13554 13435 10957
10955 13435 13554
11389 10955 13554
11387 10955 11389
1081 947 10956
10948 11380 10950
1515 1401 947
1951 1835 1401
1951 1401 1515
2393 2267 1835
2393 1835 1951
11388 2735 2851
11388 2851 10958
2393 11388 10958
1515 947 1081
5546 5699 11040
10822 11252 10535
10386 10695 10277
10548 10550 10130
10131 8248 10549
10549 8248 8252
10551 8252 8248
10551 8248 10133
10132 10552 10134
10550 10552 10132
10133 8498 10551
10551 8498 8502
10553 8502 8498
10553 8498 10135
10134 10554 10136
10552 10554 10134
10135 8790 10553
10553 8790 8794
10130 10550 10132
10555 8794 8790
10549 10547 10129
4447 10548 10130
10125 8247 8251
10125 8251 10543
3159 3280 10544
3579 10126 3280
3159 3579 3280
3581 3579 3159
3581 4009 3579
4013 4009 3581
4013 10546 4009
4009 10546 10128
10547 10127 10129
10547 10545 10127
4447 10128 10546
4447 10546 4451
4451 10548 4447
10549 10129 10131
10127 8251 8247
10555 8790 10137
4014 4150 10138
10561 10559 10141
10562 3716 3712
10562 3712 10560
10142 3712 10144
10144 3712 3716
10563 8795 10145
10145 8795 8791
10143 8791 8795
10143 8795 10561
3583 3716 10562
3583 10564 3716
10564 10144 3716
10564 10146 10144
10565 10145 10147
10565 10563 10145
10561 10141 10143
4014 10556 4150
10142 3708 3712
10560 3708 10558
4448 4014 10138
4452 4014 4448
4448 10136 4452
4452 10136 10554
10557 10137 10139
10557 10555 10137
3582 10558 3708
4150 10556 3582
4150 3582 3708
4010 4150 3708
10140 4010 3708
10138 4150 4010
10559 10139 10141
10559 10557 10139
10560 3712 3708
10140 3708 10142
4011 10146 10564
10545 8251 10127
2876 2729 10124
10537 12977 12445
12644 10537 12445
10533 13144 12977
1533 1397 10118
1967 1831 1397
1967 1397 1533
2407 2263 1831
2407 1831 1967
2407 10534 2263
10534 10120 2263
10534 10538 10120
9210 9129 10121
9596 9493 9210
9210 9493 9129
9980 9883 9596
12977 10117 12445
9596 9883 9493
12977 13144 10117
12644 12445 12124
1967 1533 1529
1967 1833 2407
2407 1833 2265
2265 10534 2407
10384 10275 10119
10820 10693 10384
10384 10693 10275
10535 11115 10820
11115 10693 10820
11115 11113 10693
11684 11539 10536
11539 11115 10536
11539 11113 11115
12124 11959 11684
11684 11959 11539
12124 12445 11959
3280 10126 3157
10277 10384 10119
10539 10277 9883
9596 9495 9885
9596 9885 9980
10539 9980 9885
10542 2876 2727
10122 10542 2727
10540 10542 10122
2876 10124 2727
10543 8501 10125
10125 8501 8497
10123 8497 8501
10123 8501 10541
2729 2876 10542
10544 3280 3157
10544 3157 10124
2729 10544 10124
9210 9495 9596
10277 10119 9883
9210 9131 9495
8789 9131 10121
9980 10539 9883
10384 10277 10695
10384 10695 10820
10535 10820 10695
11541 11684 10536
11684 11541 11961
11684 11961 12124
12124 11961 12447
12124 12447 12644
10537 12644 12447
10120 10540 10122
10538 10540 10120
10541 8793 10123
10123 8793 8789
9131 9210 10121
8793 9131 8789
4011 10564 4015
4582 4449 10566
4449 4015 10566
8004 8040 10165
8254 10583 8306
8306 10583 10167
10583 8040 10167
8040 8004 10167
10585 8254 8306
6043 10168 10166
6043 10166 6039
6039 10584 6043
6043 10584 10586
10169 8310 10167
10167 8310 8306
10585 8306 8310
10585 8310 10587
4012 4207 10170
5893 10584 6039
10171 4207 4012
10164 10582 10166
10582 5893 6039
7512 10579 7538
7538 10579 10163
10579 7282 10163
7282 7254 10163
10581 7512 7538
10162 10582 10164
10580 10582 10162
7510 7538 10163
7538 7510 10581
7510 7760 10581
7510 7758 7760
7758 10165 8040
8006 7758 8040
7760 7758 8006
10583 8006 8040
10166 10582 6039
7254 7282 10161
6045 10172 10168
6043 10586 6045
6045 10588 6047
6047 10588 10590
8500 8600 10173
8600 8500 10589
8500 8796 10589
8500 8792 8796
9130 8796 8792
9130 9132 8796
9494 9132 9130
9494 9496 9132
10591 9496 9494
10591 9494 10177
3767 10178 10174
3767 10174 3763
10592 3767 4016
6047 5679 6045
6045 10168 6043
6045 5679 10172
5542 5679 10176
6045 10586 10588
8250 8310 10169
8504 10587 8600
8600 10587 10173
10587 8310 10173
8310 8250 10173
10589 8504 8600
3580 3763 10174
3763 3580 10170
4207 3763 10170
4211 3763 4207
4207 10171 4450
4615 4207 4450
4211 4207 4615
10175 4615 4450
5679 5542 10172
10578 10580 10160
10160 10580 10162
10577 7282 10579
5644 10150 5541
8288 8249 10151
10149 8249 8288
10569 10149 8288
10567 10149 10569
5543 5644 10568
5543 10570 5644
10570 10150 5644
10570 10152 10150
7524 7509 10153
7776 7757 7524
7524 7757 7509
10571 8005 7776
8005 7757 7776
8005 8003 7757
5292 5193 10148
8253 8288 10151
5193 10568 10148
10568 5644 5541
4449 4011 4015
4952 4839 4582
4582 4839 4449
5292 5191 4952
4952 5191 4839
5292 10148 5191
10567 8503 10149
10149 8503 8499
10147 8499 8503
10147 8503 10565
4453 4582 10566
4582 4453 4841
4582 4841 4952
4952 4841 5193
4952 5193 5292
10568 5541 10148
8003 8253 10151
8005 8253 8003
10569 8288 8253
6019 10158 10156
6019 10156 6013
6013 10574 6019
6019 10574 10576
10159 7280 10157
10157 7280 7278
10575 7278 7280
10575 7280 10577
10158 6019 5892
10578 10158 5892
10160 10158 10578
6019 10576 5892
10161 7282 10159
10159 7282 7280
10577 7280 7282
10573 7278 10575
10573 7276 7278
10155 7278 7276
10157 7278 10155
10570 5891 6009
10154 10570 6009
10152 10570 10154
5891 10572 6009
7276 7253 10155
7511 7524 10153
7511 10153 7253
1967 1529 10532
10573 7511 7253
7524 7511 7759
7524 7759 7776
10571 7776 7759
6013 10156 10154
6013 10154 6009
6009 10572 6013
6013 10572 10574
7276 10573 7253
1833 1967 10532
1533 10116 1529
1533 10118 10116
1181 1057 9838
1181 10224 1057
10224 9840 1057
10224 10226 9840
9839 17120 10225
10225 17120 17122
10227 17122 17120
10227 17120 9841
9840 10228 9842
10226 10228 9840
10229 9841 9843
10229 10227 9841
1058 1191 9844
1058 9842 1191
9842 10230 1191
10225 10223 9839
9842 10228 10230
9839 10223 16656
16656 16744 9837
10221 16204 16282
1060 10222 9836
1060 9836 1056
1056 9834 1060
1060 9834 10220
16202 16282 9835
16658 10221 16744
16744 10221 9837
10221 16282 9837
16282 16202 9837
10223 16658 16744
10222 1061 1181
9838 10222 1181
9836 10222 9838
1061 10224 1181
10223 16744 16656
15824 15748 9835
10231 9843 9845
9844 1191 1062
10238 734 732
10238 732 10236
9850 732 9852
9852 732 734
17720 17587 9853
9851 17587 17720
10239 9851 17720
10237 9851 10239
10240 736 734
10240 734 10238
9852 734 9854
9854 734 736
17720 9853 17591
9853 10241 17591
9853 9855 10241
10237 10235 9849
10231 10229 9843
10237 9849 9851
9850 10234 614
10232 9844 1062
9846 9844 10232
1191 10230 1062
17709 10233 17586
10233 9845 17586
10233 10231 9845
9847 17709 17586
9846 10234 9848
10232 10234 9846
17709 17590 10233
10235 17590 17709
9847 10235 17709
9849 10235 9847
614 10236 732
732 9850 614
9850 9848 10234
10219 15824 9835
16282 10219 9835
16204 10219 16282
613 611 159
1160 1055 10210
1055 613 10210
1055 611 613
1160 9824 1055
15358 15285 9825
15749 15814 9823
15749 9823 15285
10211 15749 15285
15358 10211 15285
15814 15749 16203
15814 16203 16270
10209 16270 16203
1059 1160 10210
1059 10212 1160
159 611 252
10212 9824 1160
611 9822 252
9821 16657 10207
17119 17121 17585
17675 9819 17585
18987 9820 10206
18987 10206 18989
252 157 10208
157 18989 10208
157 18987 18989
252 9822 157
15814 15747 9823
16270 16201 15814
15814 16201 15747
10209 16657 16270
16657 16201 16270
16657 16655 16201
9821 16655 16657
159 252 10208
10212 9826 9824
14890 14823 9827
15287 15358 9825
14892 14824 9831
10217 15288 15364
9832 1498 1600
10216 9832 1600
10218 9832 10216
9830 1600 1498
15286 15364 9831
15750 10217 15824
15824 10217 9833
10217 15364 9833
15364 15286 9833
10219 15750 15824
9832 10220 9834
10218 10220 9832
15748 15824 9833
10215 14892 9831
15364 10215 9831
15288 10215 15364
14824 14892 9829
15287 9825 14823
10213 15287 14823
14890 10213 14823
10211 15358 15287
10214 1596 1497
9826 10214 1497
10212 10214 9826
10239 17720 17591
1596 9828 1497
9827 14892 14890
10213 14890 14892
10213 14892 10215
10216 1600 1596
10216 1596 10214
9828 1596 9830
9830 1596 1600
9829 14892 9827
3767 4211 4016
10242 738 736
9854 736 9856
16083 16081 15631
10103 16081 16083
10103 16083 10519
50 181 10106
50 10104 181
10104 10522 181
10104 10520 10522
10523 13433 10107
10107 13433 13431
10105 13431 13433
10105 13433 10521
183 10108 10106
183 10106 181
181 10522 183
183 10522 10524
15631 16081 15629
10525 10107 10109
15631 15629 15177
15177 15175 14715
10100 10518 10102
10516 10518 10100
10519 16535 10103
10103 16535 16533
10101 16533 16535
10101 16535 10517
10102 10520 10104
10518 10520 10102
10521 13849 10105
10105 13849 13847
13849 14271 13847
14273 14271 13849
14273 14713 14271
14715 14713 14273
14715 15175 14713
15177 15629 15175
10517 10515 10099
10525 10523 10107
189 10108 183
1093 945 1525
1525 945 1399
1399 10530 1525
10531 10113 10115
10531 10529 10113
1093 943 10114
1529 10116 943
1093 1529 943
1525 1529 1093
1525 10530 1529
1529 10530 10532
13144 12975 10117
10115 12975 13144
10533 10115 13144
10531 10115 10533
507 639 10114
189 10110 10108
639 10528 10114
10528 945 1093
183 10524 189
189 10524 10526
10527 10109 10111
10527 10525 10109
195 10112 10110
195 10110 189
509 639 10526
639 189 10526
639 195 189
509 10528 639
10529 10111 10113
10529 10527 10111
195 51 10112
639 507 51
639 51 195
10528 1093 10114
10517 10099 10101
10514 10516 10098
10098 10516 10100
290 18990 19118
158 290 19118
9860 158 19118
9858 290 158
18066 18194 9859
18194 18066 10245
18066 18528 10245
18066 18526 18528
10246 18528 19118
18528 18988 19118
18528 18526 18988
9860 19118 18988
18078 17951 10091
18078 10092 17951
17128 16999 10093
290 10244 18990
17602 17465 17128
18990 10246 19118
17730 17588 9859
9856 736 738
17592 10241 17730
10241 9857 17730
10241 9855 9857
10243 17592 17730
160 10244 290
738 10242 160
738 160 290
612 738 290
9858 612 290
9856 738 612
17588 17730 9857
18068 10243 18194
18194 10243 9859
10243 17730 9859
10245 18068 18194
17128 17465 16999
17465 17602 10091
17602 18078 10091
18889 10512 10094
19000 18889 10094
168 10096 49
10097 17132 10095
10095 17132 17130
10511 17130 17132
10511 17132 10513
53 168 10512
53 10514 168
10514 10096 168
10514 10098 10096
17132 10097 17001
10097 10515 17001
10097 10099 10515
10513 17132 17001
10512 49 10094
10512 168 49
18542 18889 19000
18542 18423 18889
17602 18080 18078
10092 18078 18421
18078 18542 18421
18078 18080 18542
19000 18887 18542
18542 18887 18421
19000 10094 18887
10242 736 10240
10095 17130 10093
17130 10511 17467
17602 17130 17467
17128 17130 17602
17602 17467 17953
17602 17953 18080
18080 17953 18423
18080 18423 18542
10093 17130 17128
10695 10822 10535
3767 3763 4211
4211 4619 10593
10236 614 282
10234 730 614
18070 10653 18180
10653 10237 18180
10653 10235 10237
10655 18070 18180
18992 10656 19110
282 10654 18992
19110 282 18992
284 282 19110
10236 282 10238
10238 282 284
10239 18182 10237
10237 18182 18180
18652 18530 10655
614 730 282
18180 18652 10655
730 162 282
162 10654 282
10649 10647 10229
1066 10650 10232
1066 10232 1062
1062 10230 1066
1066 10230 10648
10651 10231 10233
10651 10649 10231
616 10652 730
730 10234 616
10234 10650 616
10234 10232 10650
10233 17590 10651
10651 17590 17594
10653 17594 17590
10653 17590 10235
730 10652 162
10649 10229 10231
18182 18652 18180
18652 19110 18530
17592 17724 10241
10243 18190 17592
18190 17724 17592
18190 18186 17724
18658 18532 10657
18186 18658 10657
18190 18658 18186
19114 10658 18532
18658 19114 18532
19116 19114 18658
160 288 10244
288 19116 10244
288 19114 19116
10242 288 160
18068 18190 10243
10242 286 288
19110 10656 18530
10240 286 10242
288 19112 19114
19112 19110 18652
286 19110 19112
284 19110 286
10238 284 10240
10240 284 286
17724 17591 10241
17591 17724 10239
17724 18182 10239
17724 18186 18182
18186 10657 18531
18652 18186 18531
18182 18186 18652
18652 18531 10658
19114 18652 10658
19112 18652 19114
286 19112 288
10245 18660 18068
1615 10646 1500
10648 10228 1500
10216 1170 10218
10218 1170 1172
15750 15822 10217
10219 16280 15750
16280 15822 15750
16280 16278 15822
16740 16278 16280
16738 16278 16740
16740 10637 17125
17210 16740 17125
16738 16740 17210
10635 17210 17125
10638 1176 1172
10638 1172 10636
10218 1172 10220
10636 1170 10634
10220 1172 1176
10636 1172 1170
10633 17208 17210
10633 17124 17208
1064 10634 1170
1170 10216 1064
10216 10632 1064
10216 10214 10632
15288 15362 10215
10217 15822 15288
15822 15362 15288
15822 15820 15362
16278 15820 15822
16276 15820 16278
16738 16276 16278
16736 16276 16738
17210 16736 16738
17208 16736 17210
10633 17210 10635
10230 10228 10648
16204 16280 10219
16742 16280 16204
10642 1499 1611
10226 10642 1611
10224 10642 10226
1499 10644 1611
17122 17220 10225
10643 17220 17122
10227 10643 17122
10645 10643 10227
1615 10228 10226
1615 10226 1611
1611 10644 1615
1615 10644 10646
10647 10227 10229
10647 10645 10227
10228 1615 1500
10643 17126 17220
10221 16742 16204
10641 10223 10225
17126 10641 17220
16742 16740 16280
10637 16740 16742
10637 16742 10639
10222 1060 1176
10638 10222 1176
10640 10222 10638
10220 1176 1060
16658 16742 10221
10639 16742 16658
10223 10639 16658
10641 10639 10223
1061 10222 10640
1061 10640 1065
1065 10642 1061
1061 10642 10224
10641 10225 17220
18660 18190 18068
18660 18658 18190
18990 19116 10246
1517 1953 1955
1953 2397 1955
1953 2395 2397
2395 10958 2397
2397 10958 10960
13436 10959 13560
10959 10529 13560
10959 10527 10529
10961 13436 13560
1089 945 10528
1521 1399 945
1521 945 1089
1959 10530 1399
1521 1959 1399
1955 1959 1521
1517 1955 1521
1955 2399 1959
1085 1517 1521
1085 1089 635
947 1085 10956
1085 631 10956
1085 635 631
1085 947 1517
1517 947 1401
1517 1401 1953
1953 1401 1835
1953 1835 2395
2395 1835 2267
2267 10958 2395
10959 10525 10527
10959 10957 10525
635 509 10526
1089 10528 509
635 1089 509
1085 1521 1089
635 10524 631
1955 2397 2399
2855 2397 10960
2403 2265 1833
2403 1833 1963
2403 10964 2265
10964 10534 2265
10964 10966 10534
11252 11115 10535
11252 10536 11115
10967 12979 10537
10537 12979 12977
10533 12977 12979
10533 12979 10965
10534 10968 10538
10966 10968 10534
10386 10277 10539
10822 10695 10386
1963 1833 10532
2731 2855 10960
10963 13564 13437
10531 10965 13437
2855 2399 2397
2731 10962 2855
10531 13564 10529
10529 13564 13560
10961 13560 13564
10961 13564 10963
1963 10532 10530
1963 10530 1959
1959 2403 1963
1959 2399 2403
10964 2403 2732
2403 2855 2732
2403 2399 2855
2855 10962 2732
13564 10531 13437
10531 10533 10965
635 10526 10524
10955 13550 13435
10523 10525 10957
18891 19002 10944
10946 170 53
10946 53 10512
18891 10946 10512
19002 18891 10512
170 10514 53
17138 17001 10515
10513 17001 17138
10947 10513 17138
10945 10513 10947
55 170 10946
55 10948 170
10948 10514 170
10948 10516 10514
17138 10515 17003
10943 17604 17469
10515 10949 17003
10511 10513 10945
17604 10511 17469
19116 18660 10246
19116 18658 18660
10244 19116 18990
18528 18660 10245
10246 18660 18528
17604 17467 10511
10943 17955 17604
17955 17467 17604
17955 17953 17467
17955 18423 17953
18425 18423 17955
19002 18889 10944
18889 18425 10944
18889 18423 18425
19002 10512 18889
10511 10945 17469
10515 10517 10949
10947 17138 17003
10516 10950 10518
10519 16085 10951
10520 10954 10522
10952 10954 10520
13550 13433 10523
13851 13962 10521
13851 10521 13433
10955 13851 13433
13550 10955 13433
10953 13962 13851
10954 511 631
10524 10954 631
10522 10954 10524
511 10956 631
13550 10523 13435
10523 10957 13435
10519 16083 16085
16085 16083 15633
15633 16083 15631
15633 15631 15179
10948 10950 10516
10951 16537 10519
10519 16537 16535
10517 16535 16537
10517 16537 10949
10518 10952 10520
10950 10952 10518
16736 17208 16734
13962 13849 10521
14275 13849 13962
14275 14273 13849
14275 14715 14273
14717 14715 14275
14717 15177 14715
15179 15177 14717
15179 15631 15177
10953 14275 13962
16734 17208 10631
17208 17124 10631
16734 16274 16736
17711 18177 18179
18177 18649 18179
18177 18647 18649
18647 10187 18888
19109 18647 18888
18649 18647 19109
10191 19109 18888
2485 10192 10188
2485 10188 2483
2483 10604 2485
2485 10604 10608
4991 4844 10605
4844 4991 5194
5194 4991 5333
5333 10606 5194
17711 18179 17713
10499 10278 10607
17229 17711 17713
16759 17229 17231
5329 4991 4843
5329 5333 4991
5329 10602 5333
5333 10602 10606
10499 10607 10276
10607 10185 10276
10607 10603 10185
10189 10499 10276
15845 10190 10186
15845 10186 15843
15843 16301 15845
15843 16299 16301
16299 16761 16301
16299 16759 16761
16759 17231 16761
17229 17713 17231
10601 5329 4843
10609 10278 10499
10193 10609 10189
10611 18890 10191
18890 19109 10191
10195 285 52
2489 10196 10192
2489 10192 2485
2485 10608 2489
2489 10608 10612
10931 10613 10694
10613 10193 10694
10613 10609 10193
10197 10931 10694
13850 10614 10198
13850 10198 13848
14272 13850 13848
14272 14274 13850
52 10611 10191
10189 10609 10499
285 10611 52
18424 18649 18890
15849 10194 10190
15849 10190 15845
15845 16305 15849
15845 16301 16305
16301 16763 16305
16301 16761 16763
16761 17233 16763
16761 17231 17233
10610 17233 17468
17233 17713 17468
17233 17231 17713
17468 17713 17954
17954 17713 18179
17954 18179 18424
18424 18179 18649
18890 18649 19109
10605 4843 4991
10184 10600 10604
10184 10604 2483
10178 3584 3158
3584 10596 3158
10596 3347 3158
3767 10592 3584
4619 4454 10593
4454 4619 4842
4842 4619 4981
4842 4981 10597
4981 5325 10597
4981 5323 5325
5323 5683 5325
5323 5681 5683
5681 10594 5683
5683 10594 10598
10599 10179 10181
3767 3584 10178
10599 10595 10179
3158 3347 10180
10595 9886 9884
4211 4615 4619
4615 10175 4840
4981 4615 4840
4619 4615 4981
5192 5323 4981
5192 4981 4840
5323 5192 10176
5679 5323 10176
5681 5323 5679
10594 5681 5894
5681 6047 5894
5681 5679 6047
6047 10590 5894
10177 9884 10591
10591 9884 9886
10595 9884 10179
17000 17227 10182
17466 17707 17227
17466 17227 17000
16534 16759 16299
16534 16299 16082
16759 16534 10182
17227 16759 10182
17229 16759 17227
17227 17711 17229
17227 17707 17711
17707 18177 17711
17707 18175 18177
18175 10183 18422
18647 18175 18422
18177 18175 18647
10187 18647 18422
2264 2483 10188
2264 10184 2483
16082 15843 15630
16082 16299 15843
15630 15843 10186
10603 10599 10181
17952 18175 17707
17952 17707 17466
10183 18175 17952
2730 10600 10184
2730 10184 2728
3347 3160 10180
3160 2728 10180
14714 14274 14272
3160 2730 2728
5329 10601 5325
5325 10601 10597
10602 5329 5544
5329 5683 5544
5329 5325 5683
5683 10598 5544
10603 10181 10185
3347 10596 3160
4016 4211 10593
14714 14716 14274
15176 15178 14716
18146 18529 18616
18989 10206 18616
18529 18989 18616
18991 18989 18529
18991 10626 18989
18989 10626 10208
16730 16657 10209
17123 17200 10207
17123 10207 16657
10627 17123 16657
16730 10627 16657
10625 17200 17123
159 10208 10626
159 10626 161
706 613 10628
18146 18069 18529
613 161 10628
17676 18069 18146
17200 10625 17121
11116 11359 11542
11542 11359 11805
11542 11805 11962
11962 11805 12265
12265 10624 11962
17676 17589 10205
18146 18067 17676
17676 18067 17589
18616 18527 18146
18146 18527 18067
18616 10206 18527
17200 17121 10207
17593 17676 10205
17593 10205 17121
10625 17593 17121
17676 17593 18069
11359 11116 10623
613 159 161
15816 15749 10211
16734 16272 16274
16732 16272 16734
10629 16732 16734
10629 16734 10631
1063 1164 10630
1063 10632 1164
10632 10212 1164
10632 10214 10212
10215 15362 10213
10213 15362 15360
15820 15360 15362
15818 15360 15820
16276 15818 15820
16274 15818 16276
16736 16274 16276
16272 15816 16274
706 10210 613
16274 15816 15818
15360 15816 10211
16272 16203 15816
15816 16203 15749
16203 16272 10209
16272 16730 10209
16272 16732 16730
10627 16730 16732
10627 16732 10629
615 706 10628
10630 1164 1059
10630 1059 10210
615 10630 10210
706 615 10210
1164 10212 1059
15360 15287 10213
15287 15360 10211
15360 15818 15816
2057 10622 1834
1834 1400 1398
1834 1398 10204
2493 10612 10618
10937 10619 10931
10931 10619 10613
10931 10197 11114
11357 10931 11114
10937 10931 11357
10201 11357 11114
12978 10620 10202
12978 10202 12976
13432 12978 12976
13432 13434 12978
13432 10198 13434
13434 10198 10614
16307 16084 10615
16084 16307 16536
2489 10612 2493
16536 16307 16765
2493 10196 2489
285 10199 287
15849 15632 10194
15632 15176 10194
15632 15178 15176
15632 15849 10615
15849 16307 10615
15849 16305 16307
16305 16765 16307
16305 16763 16765
16763 17235 16765
16763 17233 17235
17233 10610 17235
17235 10610 10616
287 10617 285
285 10617 10611
285 10195 10199
2493 10200 10196
16536 16765 17002
17002 16765 17235
17235 10616 17002
11359 11357 11805
11960 12265 11805
11960 11805 11540
12448 10624 12265
11960 12448 12265
12446 12448 11960
12446 10202 12448
12448 10202 10620
739 510 10621
510 739 946
946 739 1205
10203 1398 1205
1398 946 1205
1398 1400 946
2057 1834 10204
11805 11357 11540
11357 10201 11540
10937 11357 11359
10937 11359 10623
287 54 10617
739 10621 508
508 10621 10199
10621 54 10199
54 287 10199
944 1205 739
944 739 508
15176 14716 14714
10203 1205 944
2493 2266 10200
10200 2266 1832
2266 10622 1832
10622 2057 1832
2493 10618 2266
10937 10696 10619
10696 10937 10623
1832 2057 10204
17585 17121 17675
6065 5900 11036
5900 11468 5546
2745 12854 12322
12664 12321 12459
12321 12855 12459
12321 12323 12855
12853 12664 12459
3173 12322 12854
3173 12854 3177
12324 3173 3687
3173 3601 3687
3173 3177 3601
3601 12856 3687
12156 11969 12325
12323 11969 12156
12857 12323 12156
12855 12323 12857
2749 12854 2745
3687 3597 12324
2745 12852 2749
12851 12664 12853
2744 12314 2748
2748 12314 12846
12849 12315 12317
12849 12847 12315
12316 12850 12318
12848 12850 12316
12458 12849 12658
12849 12319 12658
12849 12317 12319
12851 12458 12658
12318 12852 12320
12850 12852 12318
12321 12664 12319
12319 12664 12658
12851 12658 12664
2745 12320 12852
2748 12316 2744
12856 4033 4129
3687 12856 12326
10287 10396 12327
10287 12327 9895
12861 10287 9895
9992 12861 9895
12859 10396 10287
12328 12862 12330
12860 12862 12328
9992 12329 9899
12329 12863 9899
12329 12331 12863
12861 9992 9899
4030 4145 12332
4030 12330 4145
12330 12864 4145
12330 12862 12864
9992 9895 12329
12856 4129 12326
12858 12860 12328
4129 12858 4029
3597 3687 12326
4033 12858 4129
10396 10285 12327
12859 10707 10396
10707 10285 10396
10707 10703 10285
10707 11123 10703
11127 11123 10707
11127 11549 11123
11553 11549 11127
11973 12156 12325
11549 11973 12325
11553 11973 11549
12857 12156 11973
4129 4029 12326
12858 12328 4029
12865 12331 12333
2748 12848 12316
12313 12847 12119
12621 13123 12307
12617 13123 12621
13123 12305 12985
12306 12840 12308
12838 12840 12306
10811 12841 10809
10809 12841 12839
10809 11243 10811
10809 11241 11243
11241 11677 11243
11241 11675 11677
11675 12115 11677
11675 12111 12115
12111 12625 12115
12111 12621 12625
13123 12985 12307
12621 12307 12309
12107 12617 12621
11673 12107 12111
13123 12457 12987
12835 13551 12987
12987 13551 13123
13551 13443 13123
13443 12305 13123
13551 12303 13443
12304 12838 12306
12836 12838 12304
12839 10705 10809
12837 11239 10705
11239 10809 10705
11239 11241 10809
11239 11675 11241
11239 11673 11675
11673 12111 11675
12107 12621 12111
12315 12847 12313
12621 12309 12625
12308 12842 3171
11126 11245 12845
11245 11681 12845
11245 11679 11681
11679 12119 11681
11679 12117 12119
12629 12455 12313
12119 12629 12313
12117 12629 12119
12629 12311 12455
12312 12846 12314
12844 12846 12312
11681 11552 12845
11552 11681 11972
11972 11681 12119
12847 11972 12119
11245 11126 12843
12842 3264 3171
12310 3264 3172
12842 12312 3264
12840 12842 12308
3264 12310 3171
10811 10706 12841
10706 10811 12843
10811 11245 12843
10811 11243 11245
11243 11679 11245
11243 11677 11679
11677 12117 11679
11677 12115 12117
12115 12629 12117
12115 12625 12629
12625 12309 12311
12625 12311 12629
12312 3172 3264
12844 12312 12842
12865 12863 12331
4151 12334 12332
4151 12332 4145
7528 12351 7521
12351 12887 7521
12351 12353 12887
12885 7528 7521
12352 6703 6624
12888 12352 6624
12354 12352 12888
6703 12886 6624
12889 12353 12355
12889 12887 12353
12354 12890 12356
12888 12890 12354
12891 12355 12357
12891 12889 12355
12356 12892 12358
6623 12886 6703
12890 12892 12356
12350 12884 12352
12884 6623 6703
8263 8261 8015
8263 8513 8261
8515 8513 8263
12347 8513 8515
12347 8515 12881
6361 6255 12348
6361 12882 6255
12882 12350 6255
12882 12884 12350
7528 7519 12351
12885 7769 7528
7769 7519 7528
7769 7767 7519
12349 7767 7769
12349 7769 12883
12352 12884 6703
8015 8261 8013
12357 7520 12891
12893 7522 7520
8262 8514 8264
12363 8591 8514
12362 12898 12364
12896 12898 12362
8591 8516 12897
8917 12899 8808
8808 12899 12363
12899 8516 12363
8516 8591 12363
12365 8917 8808
6963 12364 12898
6963 12898 6965
6965 12900 6963
6963 12900 12366
8923 12901 8917
8264 8514 12897
12891 7520 7522
8514 8591 12897
8262 8016 8014
12893 7520 12359
12892 6625 6725
12360 12892 6725
12358 12892 12360
6625 12894 6725
12359 7768 12893
12893 7768 7770
12895 7770 7768
12895 7768 12361
6725 6621 12360
6725 12894 6621
12894 12362 6621
12894 12896 12362
12361 8014 12895
12895 8014 8016
8262 8264 8016
12349 8015 8013
12883 8015 12349
6257 12882 6361
3713 12868 12870
12871 12337 12339
12871 12869 12337
3717 12340 12338
3717 12338 3713
3713 12870 3717
3717 12870 12872
12873 9901 12341
12341 9901 9897
12339 9897 9901
12339 9901 12871
3717 3599 12340
3717 12872 3599
12872 12342 3599
12872 12874 12342
3709 12868 3713
12875 9511 12343
3713 12336 3709
12869 12867 12337
4145 12864 4151
4151 12864 12866
9900 12865 10002
12865 12335 10002
12865 12333 12335
12867 9900 10002
3598 3709 12336
4151 4034 12334
12334 4034 3598
4034 12868 3598
12868 3709 3598
4151 12866 4034
9896 10002 12335
12867 10002 9896
12337 12867 9896
3713 12338 12336
12343 9511 9509
12341 9509 9511
12341 9511 12873
4589 4461 12346
4461 4589 12878
4853 4461 12878
4851 4461 4853
4853 5201 4851
5203 5201 4853
5203 12879 5645
5551 5203 5645
5201 5203 5551
5551 5645 12880
5905 5551 12880
5903 5551 5905
12348 5903 6361
5903 6257 6361
5903 5905 6257
12345 8809 12877
12345 8807 8809
12347 8809 8807
12881 8809 12347
12874 4035 4177
12344 12874 4177
12342 12874 12344
4035 12876 4177
12877 9145 12345
12345 9145 9143
12343 9143 9145
12617 12457 13123
12343 9145 12875
12876 4463 4589
12876 4589 12346
4177 12876 12346
4031 4177 12346
4463 12878 4589
12879 5553 5645
5553 12880 5645
4177 4031 12344
12617 11971 12457
12107 11971 12617
12107 11551 11971
5552 12384 11906
5552 11906 5550
5902 5552 5550
5902 5904 5552
5902 11902 5904
5904 11902 12380
11903 9508 12381
12381 9508 9510
12385 9510 9508
12385 9508 11907
17476 12386 17726
17476 17726 11908
17960 17476 11908
17962 17476 17960
12387 17962 17960
12383 4460 11905
12387 17960 11909
12383 4462 4460
4460 4032 4028
7063 12376 6964
12379 11899 11901
12379 12377 11899
6256 12380 11902
6256 11902 6254
6254 11900 6256
6256 11900 12378
12381 11901 11903
12381 12379 11901
3168 3363 11904
3600 12382 3363
3168 3600 3363
3596 3600 3168
4028 3600 3596
4028 4032 3600
4460 4462 4032
6964 6622 6620
11904 3363 3174
11910 11904 12388
15638 15186 15184
15638 15640 15186
16090 15640 15638
16090 16092 15640
16542 16092 16090
16542 16544 16092
17008 16544 16542
17008 17010 16544
12386 17010 17726
17010 17474 17726
17010 17008 17474
11908 17726 17474
11909 18430 12387
12387 18430 18432
18896 18432 18430
15184 15186 14724
12388 11904 3174
15184 14724 14722
14280 14724 14477
3363 12382 3174
11905 4850 12383
12383 4850 4852
5200 4852 4850
5200 5202 4852
5200 11906 5202
5202 11906 12384
11907 9894 12385
12385 9894 9898
10284 9898 9894
10284 10286 9898
12389 10286 10284
12389 10284 11911
14280 14477 11912
14724 12390 14477
14722 14724 14280
6964 6620 11898
7063 6964 11898
6622 11900 6620
6731 12362 6619
12362 11886 6619
12362 12364 11886
11885 8806 12363
12363 8806 8808
12365 8808 8806
12365 8806 11887
6961 11886 12364
6961 12364 6963
6963 12366 6961
6961 12366 11888
12367 11887 11889
12367 12365 11887
7255 11888 12366
7255 12366 7257
6731 6619 11884
7257 12368 7255
12363 8512 11885
8512 8514 8262
11881 7766 12359
12359 7766 7768
8012 8041 12361
7768 8012 12361
7766 8012 7768
11883 8041 8012
12360 6621 6731
11884 12360 6731
11882 12360 11884
6621 12362 6731
8041 8014 12361
11883 8260 8041
8260 8014 8041
8260 8262 8014
8512 8262 8260
12363 8514 8512
7255 12368 11890
9297 12369 9142
12369 11889 9142
11894 12374 7305
11894 12372 12374
9507 11897 9691
11897 12373 9691
11897 12375 12373
9691 11895 9507
6962 7063 11898
7305 7258 11896
11896 7258 6962
7258 12376 6962
12376 7063 6962
7305 12374 7258
12377 11897 11899
12377 12375 11897
6622 12378 11900
7256 11894 7305
7256 7305 11896
9687 11895 9691
9687 11893 11895
12369 12367 11889
11891 9297 9142
11890 12370 11892
12368 12370 11890
9301 12371 9297
9297 12371 12369
9297 11891 9506
18896 18898 18432
9687 9297 9506
11893 9687 9506
11892 12372 11894
12370 12372 11892
9301 9144 12371
9144 9301 12373
9301 9691 12373
9301 9687 9691
9301 9297 9687
8917 12901 12899
60 18898 18896
516 62 60
2743 2273 2747
2747 12828 2743
2743 12828 12294
16543 12295 16661
12295 12827 16661
12295 12829 12827
16661 12293 16543
3169 12294 12828
3169 12828 3175
3175 12830 3169
3169 12830 12296
12831 13859 13957
13957 13859 12297
13859 14281 12297
13859 14283 14281
2747 2273 12826
14283 14723 14281
2273 2383 12826
1071 12291 953
12827 16545 16661
12823 17133 16545
16545 17133 16661
17133 17009 16661
17009 12293 16661
17133 12289 17009
18897 12290 12824
18897 12824 18899
18899 61 18897
63 61 18899
63 517 61
519 517 63
519 12825 1071
953 519 1071
517 519 953
2383 2273 12292
2275 12826 2383
14725 14723 14283
14723 15187 15295
15757 12299 15639
12300 12834 12302
12832 12834 12300
13551 12835 13545
13545 12835 12833
13545 12301 12303
13545 12303 13551
3176 12836 12304
3176 12304 3170
3170 12302 3176
3176 12302 12834
12837 11125 11239
11239 11125 11673
11673 11125 11551
11673 11551 12107
15757 15185 15295
12298 14723 15295
15757 15639 15185
13957 12297 13857
14723 14725 15187
15295 15187 15757
15757 15187 15641
15757 15641 12299
15641 16091 12299
15641 16093 16091
12295 16091 16093
12295 16093 12829
12296 12832 12300
12830 12832 12296
12833 13445 13545
12831 13957 13445
13445 13957 13545
13957 13857 13545
13857 12301 13545
15295 15185 12298
1841 1939 12292
1939 12822 12292
12822 2383 12292
12454 12984 12456
13442 13651 13249
13442 13249 12984
13856 14061 13651
13856 13651 13442
14477 14282 11912
11912 14282 13856
14282 12396 13856
12396 14061 13856
14477 12390 14282
11913 952 12391
12391 952 954
1406 954 952
1406 1408 954
1840 1408 1406
12456 12984 12395
1840 1842 1408
12984 13249 12395
12454 11970 11916
516 518 62
12391 518 516
12391 516 11913
2746 12392 11914
2746 11914 2742
2742 11910 2746
2746 11910 12388
11911 10702 12389
12389 10702 10704
10702 11915 11364
11124 10702 11364
10704 10702 11124
12393 11124 11364
11970 12394 12268
11970 12268 11916
12456 11970 12454
2272 1842 1840
2272 2274 1842
2272 11914 2274
17011 17477 17475
17477 17961 17475
17963 17961 17477
17963 18431 17961
18433 18431 17963
18433 12824 18431
18431 12824 12290
12825 955 1071
1071 955 12291
955 1407 12291
955 1409 1407
1409 12821 1939
1841 1409 1939
1407 1409 1841
12822 2275 2383
17011 17475 12289
17133 17011 12289
12823 17011 17133
1843 12822 1939
2274 11914 12392
11122 11364 11915
11364 11122 12393
11122 11550 12393
11122 11548 11550
12394 11550 12268
11550 11968 12268
60 62 18898
11550 11548 11968
13249 12986 12395
12986 13249 13444
13444 13249 13651
13444 13651 13858
13858 13651 14061
14061 12396 13858
12821 1843 1939
11916 12268 11968
12358 12360 11882
8917 12365 12367
7257 12366 12900
11268 11557 11716
13317 11716 11557
4551 12862 12860
4551 12860 4545
4545 13318 4551
4551 13318 13320
9994 9899 12863
12861 9899 9994
13321 12861 9994
13319 12861 13321
4557 12864 12862
4557 12862 4551
4551 13320 4557
4557 13320 13322
12865 9998 12863
11268 11131 11557
12863 9998 9994
10832 11131 11268
10291 10711 10287
11716 11553 11268
11268 11553 11127
13317 11977 11716
11977 11553 11716
11977 11973 11553
12857 11973 11977
12857 11977 13315
4545 12860 12858
4545 12858 4541
4541 13316 4545
4545 13316 13318
13319 10291 12861
12861 10291 10287
10711 10832 12859
10287 10711 12859
10832 10711 11131
10832 11127 10707
13321 9994 9998
12864 4557 4466
4167 12872 12870
4167 12870 4163
4163 13328 4167
4167 13328 13330
13331 9903 12873
12873 9903 9901
12871 9901 9903
12871 9903 13329
4171 12874 12872
4171 12872 4167
4467 4577 13330
4577 4167 13330
4577 4171 4167
4467 13332 4577
13333 9513 12875
13329 13327 12869
13321 9998 13323
13329 12869 12871
4157 13326 4163
13324 12864 4466
12866 12864 13324
4557 13322 4466
9900 9998 12865
13323 9998 9900
12867 13323 9900
13325 13323 12867
4034 4157 12868
4034 12866 4157
12866 13326 4157
12866 13324 13326
13327 12867 12869
13327 13325 12867
4163 12870 12868
4163 12868 4157
4163 13326 13328
12875 9513 9511
11268 11127 10832
4465 13316 4541
11972 12125 13305
11556 11972 13305
11552 11972 11556
12847 12125 11972
2748 2865 12848
2748 12846 2865
12846 13306 2865
12846 13304 13306
12125 11976 13305
13307 11976 12125
12847 13307 12125
12849 13307 12847
12848 2865 2754
13308 12848 2754
12850 12848 13308
11552 11556 11130
2865 13306 2754
11552 11130 11249
11249 11130 13303
13301 10290 12841
10290 10379 12841
12843 10813 10706
2753 2856 13300
2753 13302 2856
13302 12842 2856
13302 12844 12842
10813 10710 13301
11249 13303 11126
11126 13303 12843
13303 10710 12843
10710 10813 12843
12845 11249 11126
12844 13304 12846
13302 13304 12844
12845 11552 11249
10832 10707 12859
12849 12458 13307
13309 12462 12458
3603 3177 13312
3601 3177 3603
12856 3601 4125
3601 4037 4125
3601 3603 4037
4037 13314 4125
12670 12855 12463
12855 13315 12463
12855 12857 13315
13313 12670 12463
4125 4033 12856
13314 4465 4541
13314 4541 12858
4125 13314 12858
4033 4125 12858
3177 3281 13312
13307 12458 12462
3281 3177 12854
13313 12853 12670
13309 12458 12851
13308 2755 2877
12852 13308 2877
12850 13308 12852
2755 13310 2877
13311 12851 12853
13311 13309 12851
2877 2749 12852
13310 3181 3281
13310 3281 12854
2877 13310 12854
2749 2877 12854
3181 13312 3281
12670 12459 12855
12853 12459 12670
13311 12853 13313
12873 9511 9513
12873 9513 13331
4171 4035 12874
6719 13348 6625
13348 12894 6625
13348 13350 12894
7770 7788 12893
8018 13349 8042
8042 13349 12895
13349 7788 12895
7788 7770 12895
13351 8018 8042
12894 13352 12896
13350 13352 12894
8016 8042 12895
8042 8016 13351
8016 8266 13351
8016 8264 8266
6719 6625 12892
8264 12897 8592
13349 7772 7788
13347 7536 12893
12888 6709 6628
13346 12888 6628
12890 12888 13346
6709 13344 6628
12891 7536 12889
12889 7536 7532
13345 7532 7536
13345 7536 13347
13346 6629 6719
12892 13346 6719
12890 13346 12892
6629 13348 6719
7522 7536 12891
7772 13347 7788
7788 13347 12893
7536 7522 12893
13343 7532 13345
8518 8264 8592
13353 8518 8592
13358 13360 12902
12903 8810 13359
13359 8810 8812
13361 8812 8810
13361 8810 12905
12904 13362 12906
13360 13362 12904
13363 12905 12907
13363 13361 12905
7262 13364 7306
7306 12908 7262
12908 13362 7262
12908 12906 13362
12907 9146 13363
13363 9146 9148
12902 13360 12904
8266 8264 8518
13359 13357 12901
7259 13358 12902
12896 13354 12898
13352 13354 12896
8516 8592 12897
13353 8592 8516
12899 13353 8516
13355 13353 12899
6965 12898 13354
6965 13354 6967
6967 13356 6965
6965 13356 12900
13357 12899 12901
13357 13355 12899
7259 12900 13356
7259 13356 7261
7261 13358 7259
13359 12901 12903
13343 7530 7532
12887 7532 7530
12889 7532 12887
4953 5297 4957
4953 5293 5297
5641 5553 12879
5297 5641 12879
5293 5641 5297
13334 5907 5995
13334 5995 12880
5641 13334 12880
5553 5641 12880
5907 13336 5995
13337 8811 12881
12881 8811 8809
12877 8809 8811
12877 8811 13335
4957 4853 12878
4953 4957 4583
5297 5203 4853
4583 4957 4463
4583 4463 12876
4583 12876 4035
4171 4583 4035
4577 4583 4171
4855 4953 13332
4953 4577 13332
4953 4583 4577
4953 4855 5293
5293 4855 5205
5293 5205 5641
5641 5205 5555
5555 13334 5641
13335 9147 12877
12877 9147 9145
12875 9145 9147
12875 9147 13333
4957 12878 4463
5297 4853 4957
5297 12879 5203
5995 5905 12880
7769 8017 12883
7771 8017 7769
13339 8028 8017
6699 6623 12884
6699 13340 6623
13340 12886 6623
13340 13342 12886
7530 7521 12887
12885 7521 7530
13343 12885 7530
13341 12885 13343
6624 6709 12888
6624 12886 6709
12886 13344 6709
12886 13342 13344
8017 8028 12883
12885 7771 7769
13341 7771 12885
6627 13340 6699
5905 5995 13336
6259 5905 13336
6257 5905 6259
6259 13338 6257
6257 13338 12882
8028 8015 12883
13339 8265 8028
10706 13301 12841
8265 8015 8028
8265 8515 8263
8517 8515 8265
12881 8515 8517
12881 8517 13337
13338 6627 6699
12884 13338 6699
12882 13338 12884
8265 8263 8015
10813 13301 10706
10379 10290 13299
12842 2854 2856
16092 16311 15857
16092 15857 15640
16544 16769 16311
16544 16311 16092
17012 12924 16769
16544 17012 16769
17010 17012 16544
17010 12386 17012
17012 12386 12920
18432 18656 12387
18656 18432 12921
18432 18900 12921
18432 18898 18900
62 18900 18898
62 64 18900
15640 15401 15186
518 64 62
15640 15857 15401
15186 15401 14931
12922 12388 12916
12382 3364 3174
12383 4852 12917
12917 4852 4854
5202 4854 4852
5202 5204 4854
5202 12384 5204
5204 12384 12918
12385 9898 12919
12919 9898 9902
10286 9902 9898
10286 10288 9902
12923 10288 10286
12923 10286 12389
14724 14931 12390
15186 14931 14724
12916 12388 3364
518 520 64
12925 518 12391
14726 14931 15188
15188 14931 15401
15188 15401 15642
15642 15401 15857
15642 15857 16094
16094 15857 16311
16094 16311 16546
16546 16311 16769
16769 12924 16546
12391 954 12925
12925 954 956
1408 956 954
1408 1410 956
1842 1410 1408
1842 1844 1410
12928 14479 14282
12925 520 518
14726 12928 14282
14931 14726 12390
2750 12926 12392
2750 12392 2746
2746 12388 2750
2750 12388 12922
12389 10704 12923
12923 10704 10708
11124 11365 12927
10708 11124 12927
10704 11124 10708
12393 11365 11124
11970 12269 12394
12456 12785 12269
12456 12269 11970
12395 12785 12456
14282 14479 12396
12390 14726 14282
12388 3174 3364
12921 18434 18656
17964 17962 18434
12372 12908 12374
12906 12908 12372
9305 9146 12907
12909 9146 9305
12373 12909 9305
12375 12909 12373
7260 12910 12376
7260 12376 7258
7258 12374 7260
7260 12374 12908
12911 12375 12377
12911 12909 12375
6258 12912 6434
6258 6434 12378
6622 6258 12378
12373 9305 9144
6626 6258 6622
12907 12905 12371
9305 12907 9144
7257 12900 7259
7259 12902 7257
7257 12902 12368
8927 12903 8923
8923 12903 12901
8923 12367 12369
8923 12369 8927
12368 12904 12370
12902 12904 12368
8927 8810 12903
12905 8810 8927
12369 12905 8927
12371 12905 12369
12370 12906 12372
12904 12906 12370
12907 12371 9144
6964 6626 6622
6964 6966 6626
6964 12376 6966
5554 12384 5552
5904 5554 5552
5904 5906 5554
5904 12380 5906
5906 12380 12914
12381 9510 12915
12915 9510 9512
12919 9512 9510
12919 9510 12385
17478 12920 12386
17478 12386 17476
17962 17478 17476
17962 17964 17478
17962 12387 18656
18434 17962 18656
5554 12918 12384
12917 4462 12383
12917 4464 4462
4462 4464 4036
6966 12376 12910
12913 12377 12379
12913 12911 12377
12380 6256 6434
12912 12380 6434
12914 12380 12912
12378 6434 6256
2274 1844 1842
12915 12379 12381
3178 12916 3364
3178 3364 12382
3600 3178 12382
3602 3178 3600
4032 3602 3600
4032 4036 3602
4462 4036 4032
12915 12913 12379
8917 12367 8923
2274 2276 1844
2276 12392 12926
12832 13292 12834
13290 13292 12832
13293 11129 11237
11237 11129 11671
11671 11129 11555
11671 11555 12105
12105 11555 11975
12105 11975 12613
12613 11975 12461
12613 12461 13119
13119 12461 12989
12835 13119 12989
13291 12835 12989
12833 12835 13291
3180 13294 12836
12831 13447 13289
3180 12836 3176
12831 13445 13447
13291 13447 12833
12831 13861 13859
13861 14283 13859
14285 14283 13861
14285 14725 14283
14727 14725 14285
14727 15187 14725
15189 15187 14727
15189 15641 15187
15643 15641 15189
15643 13287 16209
16093 15643 16209
15641 15643 16093
16209 12829 16093
12830 13290 12832
13288 13290 12830
12833 13447 13445
13289 13861 12831
3176 12834 3180
13295 10709 10807
10289 10807 10377
10807 10705 10377
10705 12839 10377
10807 12837 10705
13298 2854 2852
13298 2852 13296
12838 2852 12840
12840 2852 2854
10379 13299 10377
10377 13299 13297
10377 12839 12841
10377 12841 10379
13300 2856 2854
13300 2854 13298
12840 2854 12842
13295 10807 10289
3180 12834 13292
13297 10289 10377
12838 13294 2752
13293 11237 10709
10709 11237 10807
11237 11125 10807
11125 12837 10807
11671 11551 11125
11671 11125 11237
12105 11971 11551
12105 11551 11671
12613 12457 11971
12613 11971 12105
13119 12987 12457
13119 12457 12613
13119 12835 12987
2752 13296 2852
2852 12838 2752
12838 12836 13294
3175 13288 12830
3179 13288 3175
3175 13286 3179
14479 12928 14284
13279 1411 1503
1503 1411 12821
1411 1843 12821
1411 1845 1843
12822 1843 2381
1843 2277 2381
1843 1845 2277
2277 13280 2381
17134 17011 12823
13281 17479 17134
17479 17011 17134
17479 17477 17011
17479 17963 17477
17965 17963 17479
14284 13860 13858
17965 18433 17963
14284 13858 12396
13858 13860 13446
11365 11128 12927
12393 11550 11365
11550 11128 11365
11550 11554 11128
12269 11974 12394
11974 11550 12394
11974 11554 11550
11974 12269 12460
12460 12269 12785
12395 12986 12785
12986 12460 12785
12986 12988 12460
13444 12988 12986
13444 13446 12988
13858 13446 13444
14479 14284 12396
18435 18433 17965
18435 13282 18433
18433 13282 12824
18901 63 18899
65 63 18901
65 519 63
521 519 65
12825 519 521
12825 521 13283
2839 2747 12826
2839 13284 2747
13284 12828 2747
13284 13286 12828
13287 16095 16209
12829 16209 16095
13285 12829 16095
12827 12829 13285
3175 12828 13286
18899 13282 18901
18899 12824 13282
13281 17134 17013
16547 17013 16545
13283 957 12825
12825 957 955
957 13279 1503
1409 957 1503
955 957 1409
1503 12821 1409
2381 2275 12822
2274 12392 2276
13280 2751 2839
2381 13280 12826
2275 2381 12826
2751 13284 2839
13285 16547 12827
12827 16547 16545
17013 17134 12823
16545 17013 12823
13280 2839 12826
11036 5900 5546
12358 11882 6253
6389 6253 11880
12645 11399 12451
11400 11840 11402
11838 11840 11400
12136 11965 11403
11401 11965 12136
11841 11401 12136
11839 11401 11841
11402 11842 11404
11840 11842 11402
12136 11403 11967
11403 11843 11967
11403 11405 11843
11841 12136 11967
2737 11404 11842
2737 11842 2741
11401 11839 11837
2741 11844 2737
11401 11837 12645
2740 11398 11836
11835 12983 13145
11397 13145 12983
11833 11397 12983
11395 11397 11833
11396 11836 11398
11834 11836 11396
11837 12453 12645
11835 13145 12453
12453 13145 12645
13145 12981 12645
12981 11399 12645
13145 11397 12981
2740 11838 11400
2740 11400 2736
2736 11398 2740
12451 11401 12645
3263 11832 3166
2737 11844 11406
9216 9137 8862
10394 10281 9988
9988 10281 9891
10830 10699 10394
10394 10699 10281
11262 11119 10830
10830 11119 10699
11547 11702 11409
11547 11409 11119
11847 11547 11119
11262 11847 11119
11845 11702 11547
3163 11410 11846
3163 11846 3167
3167 3589 3163
3593 3589 3167
9602 9604 9988
8862 8801 11407
9602 9988 9891
9602 9216 9604
8862 9137 8801
9602 9499 9216
9216 9499 9137
9602 11408 9499
11702 11545 11409
11405 11545 11702
11845 11405 11702
11843 11405 11845
11406 11846 11410
11844 11846 11406
11411 8864 11407
11407 8864 8862
9218 8862 8864
9216 8862 9218
9604 9216 9218
11408 9602 9891
3593 11848 3589
11396 11394 11834
11394 3263 3166
15637 15635 15183
15637 16087 15635
16089 16087 15637
11383 16087 16089
11383 16089 11821
1079 11386 11384
1079 11384 1077
1077 1513 1079
1077 1511 1513
1511 1949 1513
1511 1947 1949
1947 2391 1949
1947 2389 2391
2389 2847 2391
2389 2845 2847
15183 15635 15181
2845 11822 2847
15183 15181 14721
14721 14719 14279
1077 11384 11382
1077 11382 1075
1075 1511 1077
1075 1509 1511
1509 1947 1511
1509 1945 1947
1945 2389 1947
1945 2387 2389
2387 2845 2389
2387 2843 2845
2843 11820 2845
2845 11820 11822
11823 14279 11385
11385 14279 14277
14279 14719 14277
14721 15181 14719
11834 11394 3166
2847 11822 11824
11387 13855 13853
11826 11828 11390
11829 13441 11391
11391 13441 13439
11389 13439 13441
11389 13441 11827
11390 11830 11392
11828 11830 11390
11831 11391 11393
11831 11829 11391
11830 3165 3263
11394 11830 3263
11392 11830 11394
3165 11832 3263
11833 11393 11395
11833 11831 11393
11826 11390 2735
11825 13855 11387
2849 11826 2735
11827 11825 11387
11385 13853 13855
11385 13855 11823
1079 949 11386
1513 1403 949
1513 949 1079
1949 1837 1403
1949 1403 1513
2391 2269 1837
2391 1837 1949
2849 11388 2269
2391 2849 2269
2847 2849 2391
2847 11824 2849
2849 11824 11826
11827 11387 11389
2849 2735 11388
3589 11848 11412
11413 8866 11411
11411 8866 8864
4459 4847 4457
4849 4847 4459
4849 5197 4847
5199 5197 4849
5199 5547 5197
5549 5547 5199
5549 11870 5547
5547 11870 11434
11871 8259 8291
8291 8259 11435
8259 8509 11435
8259 8511 8509
11433 8509 8511
11433 8511 11869
5899 11434 11870
4457 11868 4459
5899 11870 5901
4457 11432 11868
11431 11433 11869
11863 9240 9141
3723 3591 11428
3723 11864 3591
11864 11430 3591
11864 11866 11430
11431 8886 11429
11429 8886 8882
11865 8882 8886
11865 8886 11867
4023 11430 11866
4023 11866 4027
4027 11868 4023
4023 11868 11432
8886 11431 8805
11431 11869 8805
11867 8886 8805
8882 11865 8803
5901 11872 5899
11873 7517 7527
11440 11878 11442
11876 11878 11440
11879 11441 11443
11879 11877 11441
11442 11880 11444
11878 11880 11442
11443 7516 11879
11879 7516 7518
7764 7787 11881
7518 7764 11881
7516 7764 7518
11445 7787 7764
11880 6253 6393
11446 11880 6393
11444 11880 11446
11877 11875 11439
5899 11872 11436
11877 11439 11441
11438 11876 11440
7527 7517 11437
7517 7763 11437
7517 7765 7763
7765 8009 7763
8011 8009 7765
8011 11871 8291
8257 8011 8291
8009 8011 8257
8291 11435 8257
11436 11874 11438
11872 11874 11436
7515 11439 7527
11439 11873 7527
11439 11875 11873
7527 11437 7515
11874 11876 11438
11865 9141 8803
9141 11427 8803
9141 9240 11427
11415 9222 8802
9222 8866 8802
9222 9220 8866
9608 9220 9222
9606 9220 9608
11849 9606 9608
11849 9608 11851
4026 11852 4138
4138 11416 4026
11416 11850 4026
11416 11414 11850
9138 9222 11415
11417 9610 9138
9610 9222 9138
9610 9608 9222
8802 8866 11413
11851 9608 9610
4021 11850 11414
4021 11848 4025
9220 8864 8866
9218 8864 9220
9606 9218 9220
9604 9218 9606
9606 11849 9893
9988 9606 9893
9604 9606 9988
9988 9893 10283
9988 10283 10394
10394 10283 10701
10394 10701 10830
10830 10701 11121
10830 11121 11262
11847 11262 11121
4021 11412 11848
4025 11850 4021
11851 9610 11853
11418 4022 4138
11852 11418 4138
11861 11423 9622
11859 11423 11861
11424 11862 11426
11860 11862 11424
9240 9139 11427
9505 9622 11425
9505 11425 9139
11863 9505 9139
9240 11863 9139
11861 9622 9505
11862 3595 3723
11428 11862 3723
11426 11862 11428
3595 11864 3723
8882 8803 11429
11423 9501 9622
9622 9501 11425
11858 11860 11422
11422 11860 11424
11854 11418 11852
11416 4138 4022
9500 9610 11417
11853 9610 9500
11419 11853 9500
11855 11853 11419
3594 11856 11420
11381 16541 11819
3594 11420 3590
3594 11418 11854
11857 11419 11421
11857 11855 11419
11420 11858 11422
11856 11858 11420
11859 11421 11423
11859 11857 11421
3590 11418 3594
11381 16539 16541
11383 16541 16539
11821 16541 11383
19115 18894 11475
18894 19115 58
58 19115 289
11051 512 289
512 58 289
512 514 58
948 1207 11479
514 948 11479
512 948 514
1402 1633 1207
1402 1207 948
1838 11480 1633
1402 1838 1633
1836 1838 1402
2497 2270 11052
17725 11474 17472
2270 1836 11052
17472 17006 17004
17725 17472 11050
11477 10280 11053
12980 13247 11054
13247 12980 11048
13643 13247 11048
13647 13247 13643
11478 13647 13854
13647 14053 13854
13647 13643 14053
14053 11472 13854
11049 16086 11473
11473 16086 16088
16538 16088 16086
16538 16540 16088
17004 16540 16538
17004 17006 16540
17472 17004 11050
11477 10282 10280
2270 1838 1836
11053 10698 11477
11964 11546 11544
11964 11966 11546
11964 11056 11966
11966 11056 11482
18148 18071 11057
18148 11058 18071
17680 17595 11059
17595 17680 11057
17680 18148 11057
17680 18150 18148
11058 18148 18533
18148 18620 18533
18148 18150 18620
18620 11060 18533
11061 17682 11059
11544 11546 11120
2497 11476 2270
11544 11120 11118
11055 11118 11481
11477 10698 10700
11481 10700 10698
11481 10698 11055
12452 11482 11056
12452 11056 12450
13247 12982 11054
12982 12450 11054
12982 12452 12450
12982 13247 13440
13440 13247 13647
13647 11478 13440
1207 950 11479
950 1207 1404
1404 1207 1633
1633 11480 1404
11481 11118 11120
10280 10282 9892
10280 9892 10089
11047 10280 10089
11470 11038 2738
11046 11038 11470
2951 11466 2738
4635 4458 11467
11039 4846 4635
4846 4458 4635
4846 4848 4458
5196 4848 4846
5196 5198 4848
5699 5548 11040
5548 5196 11040
5548 5198 5196
5699 11468 5548
9703 9504 11469
9504 9703 11471
11038 2951 2738
9703 10089 11471
11045 18653 18426
18426 18653 18183
11468 5699 5546
6065 11464 5900
9703 11469 9701
9701 11469 11465
9701 11037 9890
10087 9701 9890
9703 9701 10087
11041 10087 9890
14276 14469 11042
14718 14923 14469
14718 14469 14276
15180 15395 14923
15180 14923 14718
11043 15395 15180
17956 18183 11044
18426 18183 17956
9703 10087 10089
10087 11041 11047
10087 11047 10089
11474 17725 17470
17958 18183 18428
18428 18183 18653
19115 11475 18892
18892 11475 11045
11475 18428 11045
18428 18653 11045
56 289 19115
56 19115 18892
11051 289 56
2268 2497 11052
2268 11046 2497
11046 11476 2497
11046 11470 11476
10089 9892 11471
17958 11474 17470
11044 17958 17470
18183 17958 11044
17470 17725 11050
13438 13643 11048
13852 14053 13643
13852 13643 13438
14469 14278 11042
11042 14278 13852
14278 11472 13852
11472 14053 13852
11059 17682 17680
14278 14469 14720
14720 14923 15182
15182 14923 15395
11043 15634 15395
15634 15182 15395
15634 15636 15182
11473 15636 15634
11473 15634 11049
14720 14469 14923
6253 11882 6393
18152 17680 17682
18622 18150 18152
19106 19104 18646
164 278 11078
278 19106 11078
278 19104 19106
618 728 164
164 728 278
11076 728 618
18074 18176 11077
18536 18646 18074
18074 18646 18176
18996 19106 18536
18536 19106 18646
11078 19106 18996
11815 17473 11377
11377 17473 17471
18646 19104 18538
17473 17957 17471
19104 11492 18538
18076 18176 18646
18998 11492 19104
18998 19104 278
18998 278 166
166 278 728
166 728 620
620 728 11076
1068 620 11076
1070 620 1068
1068 11074 1070
1070 11074 11490
17598 17706 11075
18076 11491 18176
18176 11491 11077
11491 17706 11077
17706 17598 11077
18076 18646 18538
11489 17706 11491
17959 17957 17473
18427 17959 11816
17139 11379 17005
623 513 11380
11818 951 1075
11818 1075 11382
623 11818 11382
513 623 11382
1075 951 1509
1509 951 1405
1509 1405 1945
1945 1405 1839
1945 1839 2387
2387 1839 2271
2387 2271 2843
2843 2271 2739
2739 11820 2843
11381 11819 11817
18546 18427 11816
11381 11817 17139
515 11818 623
18427 17957 17959
18546 11378 18427
11817 17007 17139
11379 17139 17007
11815 11379 17007
11377 11379 11815
18429 18546 11816
18893 11378 18546
18429 18893 18546
18895 18893 18429
18895 57 18893
59 57 18895
11380 57 623
57 515 623
57 59 515
17005 11381 17139
11489 17704 17706
11073 17706 17704
11075 17706 11073
18162 18073 11065
18632 18535 18162
18162 18535 18073
19094 18995 18632
18632 18995 18535
19094 11066 18995
11067 18164 11065
11065 18164 18162
18634 18162 18164
18632 18162 18634
19096 18632 18634
19094 18632 19096
19094 19096 11483
163 19094 11483
165 163 11483
11064 18624 18534
19094 163 11066
18072 18624 18154
18072 18154 11063
18620 18150 18622
11060 18620 18993
18620 19084 18993
18620 18622 19084
19084 11062 18993
17596 17682 11061
11063 18154 17596
18154 17682 17596
18154 18152 17682
18624 18152 18154
18622 18152 18624
18994 19084 11064
19084 18624 11064
19084 18622 18624
11062 19084 18994
18534 18624 18072
165 617 163
619 617 165
1182 1067 11484
11485 18170 11487
11488 1616 1501
11070 11488 1501
11486 11488 11070
1616 11072 1501
11073 17704 11071
11071 17704 17702
17704 11489 18075
18170 17704 18075
17702 17704 18170
11487 18170 18075
11074 1502 1616
11488 11074 1616
11490 11074 11488
11072 1616 1502
11485 18168 18170
17702 18170 18168
17702 18168 11069
17597 17702 11069
1067 619 11484
1067 617 619
1182 11068 1067
11069 18168 11067
11067 18168 18164
18168 11485 18537
18634 18168 18537
18150 17680 18152
18164 18168 18634
18634 18997 19096
11483 19096 18997
1069 1182 11484
1069 11486 1182
11486 11068 1182
11486 11070 11068
17702 17597 11071
18634 18537 18997
6389 12358 6253
7787 7766 11881
8010 7766 7787
3171 12310 3165
3165 12310 11832
13137 12311 13131
13131 12311 12309
13131 11831 11833
13131 11833 13137
3172 12312 11834
3172 11834 3166
3166 11832 3172
3172 11832 12310
12313 12455 12637
12311 13137 12455
12455 13137 12637
13137 12983 12637
12983 11835 12637
3165 12308 3171
13137 11833 12983
3165 11830 12308
13127 11829 11831
11827 13555 13443
12303 11827 13443
11825 11827 12303
11826 12306 11828
12304 12306 11826
12307 12985 13127
12305 13555 12985
12985 13555 13127
13555 13441 13127
13441 11829 13127
13555 11827 13441
11828 12308 11830
12306 12308 11828
13131 12309 13127
13127 12309 12307
13127 11831 13131
12305 13443 13555
11834 12314 11836
12453 11837 12637
2741 11842 12320
2741 12320 2745
2745 12322 2741
2741 12322 11844
11845 12148 11843
11843 12148 12142
12321 12142 12148
12321 12148 12323
12322 3173 3285
11846 12322 3285
11844 12322 11846
3173 12324 3285
11708 11547 11847
11969 12148 11845
11969 11845 11547
12319 11841 12321
12312 12314 11834
12321 11841 12142
12142 11967 11843
11837 12313 12637
11837 12315 12313
12637 11835 12453
2744 12316 11838
2744 11838 2740
2740 11836 2744
2744 11836 12314
12317 11837 11839
12317 12315 11837
11838 12318 11840
12316 12318 11838
12319 11839 11841
12319 12317 11839
11840 12320 11842
12318 12320 11840
11841 11967 12142
12325 11969 11547
3261 12302 3170
12304 11824 3170
1073 951 11818
1507 1405 951
1507 951 1073
1943 1839 1405
1943 1405 1507
2385 2271 1839
2385 1839 1943
2841 2739 2271
2841 2271 2385
12294 3169 3257
12294 3257 11820
2841 12294 11820
2739 2841 11820
3169 12296 3257
12297 14281 14377
11817 11819 12293
14377 14281 14829
12293 11819 16543
12295 16543 16665
517 515 61
11818 515 1073
515 953 1073
515 517 953
12291 1505 953
1505 1073 953
1505 1507 1073
1505 1943 1507
1505 1941 1943
2273 2385 12292
2385 1941 12292
2385 1943 1941
2385 2273 2841
2841 2273 2743
2743 12294 2841
11819 16665 16543
11826 11824 12304
14829 14281 14723
12299 16091 16213
15185 15637 15183
15639 15637 15185
15639 12299 16213
16089 15639 16213
15637 15639 16089
16213 11821 16089
3261 11824 11822
3261 11822 3259
3259 12300 3261
3261 12300 12302
13855 11825 13963
11825 12301 13963
11825 12303 12301
13963 11823 13855
11824 3261 3170
15183 14721 15185
14723 12298 14829
15185 14721 12298
14829 14279 14377
12295 16665 16091
16091 16665 16213
16665 16541 16213
16541 11821 16213
16665 11819 16541
3259 11822 11820
3259 11820 3257
3257 12296 3259
3259 12296 12300
12301 13857 13963
12297 14377 13857
13857 14377 13963
14377 14279 13963
14279 11823 13963
14829 14721 14279
14721 14829 12298
11708 12325 11547
12323 12148 11969
3285 3167 11846
5551 5549 5201
11870 5549 6001
5549 5903 6001
5549 5551 5903
5903 12348 6001
12349 8013 8027
8027 8013 11871
8013 8259 11871
8013 8261 8259
8261 8511 8259
8513 8511 8261
11869 8511 8513
11869 8513 12347
6001 5901 11870
12348 6255 6367
5201 5549 5199
12348 6367 11872
5201 5199 4851
4851 4849 4461
9244 11865 9143
11865 12345 9143
11865 11867 12345
12343 9244 9143
4027 11866 12344
4027 12344 4031
4031 12346 4027
4027 12346 11868
12347 8807 11869
11869 8807 8805
11867 8805 8807
11867 8807 12345
4459 11868 12346
4459 12346 4461
4461 4849 4459
4851 5199 4849
12342 12344 11864
6001 12348 11872
6255 12350 6367
12355 12353 11875
6383 11878 11876
6383 11876 6377
6377 12354 6383
6383 12354 12356
12357 11877 11879
12357 12355 11877
6389 11880 11878
6389 11878 6383
6383 12356 6389
6389 12356 12358
11879 7518 12357
12357 7518 7520
12359 7520 7518
12359 7518 11881
12355 11875 11877
5901 6001 11872
6377 12352 12354
6377 11874 6371
12351 7519 11873
11873 7519 7517
7519 7765 7517
7767 7765 7519
7767 12349 8027
8011 7767 8027
7765 7767 8011
8027 11871 8011
6371 11874 11872
6371 11872 6367
6367 12350 6371
6371 12350 12352
12353 11873 11875
12353 12351 11873
6377 11876 11874
6371 12352 6377
11864 12344 11866
12341 9626 9509
9244 12343 9141
4029 12328 4025
4025 12328 11850
9990 11849 9895
11849 12329 9895
11849 11851 12329
12327 9990 9895
4026 4139 11852
4026 11850 4139
11850 12330 4139
11850 12328 12330
12331 11851 11853
12331 12329 11851
11852 4139 4030
12332 11852 4030
11854 11852 12332
4025 12326 4029
4139 12330 4030
4025 11848 12326
11123 11549 11121
3167 3285 12324
3597 3167 12324
3593 3167 3597
3597 12326 3593
3593 12326 11848
9990 9893 11849
12327 10285 9990
10285 9893 9990
10285 10283 9893
10285 10701 10283
10703 10701 10285
10703 11121 10701
11123 11121 10703
11549 11708 11847
11121 11549 11847
12325 11708 11549
12333 11853 11855
12333 12331 11853
3594 3705 11856
12338 12340 11860
9626 9505 11863
9897 10010 11861
9897 11861 9505
12341 9897 9505
9626 12341 9505
12339 10010 9897
3595 11862 12340
3595 12340 3599
3599 12342 3595
3595 12342 11864
9244 9141 11865
9509 9626 11863
9509 11863 9141
12343 9509 9141
11860 12340 11862
12337 10010 12339
12337 10006 10010
11859 10010 10006
3594 11854 3705
11854 12334 3705
11854 12332 12334
12335 11855 11857
12335 12333 11855
11856 3705 3598
12336 11856 3598
61 515 59
11858 11856 12336
9896 12335 10006
12335 11859 10006
12335 11857 11859
12337 9896 10006
11858 12338 11860
12336 12338 11858
11861 10010 11859
3705 12334 3598
61 59 18897
18897 59 18895
18895 18429 18897
3359 3168 11466
11466 3168 2738
3168 11904 2738
11904 2955 2738
3168 3359 3596
3596 3359 3781
3596 3781 4028
4028 3781 4229
11467 4458 4229
4458 4028 4229
4458 4460 4028
4848 5003 11905
4460 4848 11905
4458 4848 4460
5198 5345 5003
2738 2955 11470
5198 5003 4848
11903 11901 11465
6433 11900 6254
11900 6433 6252
6771 11898 6620
11901 11463 11465
11901 11899 11463
3164 3359 11466
3592 3781 3359
3592 3359 3164
4024 4229 3781
4024 3781 3592
11467 4229 4024
5900 6069 11468
6433 6254 11464
11464 6254 5900
6254 11902 5900
11902 6069 5900
11903 11465 11469
6620 11900 6252
5550 11906 5345
5548 5550 5198
17960 18428 11909
17958 18428 17960
11475 18655 18428
2959 11476 11470
2959 11470 2955
2955 11904 2959
2959 11904 11910
5003 4850 11905
4850 5003 5200
5200 5003 5345
5345 11906 5200
11471 9892 11907
11907 9892 9894
10282 9894 9892
10282 10284 9894
18428 18655 11909
5198 5550 5345
17960 11474 17958
11473 15855 15636
6069 5902 11468
5902 5548 11468
5902 5550 5548
6069 11902 5902
11469 9504 11903
11903 9504 9508
11907 9508 9504
11907 9504 11471
14278 14473 11472
14720 14927 14473
14720 14473 14278
15182 15399 14927
15182 14927 14720
15636 15855 15399
15636 15399 15182
17960 11908 11474
11462 6620 6252
6771 6620 11462
6252 6433 11464
11449 8804 11885
11885 8804 8806
11887 8806 8804
11887 8804 11451
6737 6617 11450
11886 6961 7045
11886 7045 11452
6737 11886 11452
6617 6737 11452
6961 11888 7045
11889 11451 11453
11889 11887 11451
7045 6959 11452
11888 7255 7299
11888 7299 11454
6619 11886 6737
7045 11888 11454
6251 6397 11450
11884 6737 11450
8010 8012 7766
11883 8012 8010
11883 8010 11447
6397 11448 11446
6397 11446 6393
6393 11882 6397
6397 11882 11884
11447 8258 11883
11883 8258 8260
8510 8260 8258
8510 8512 8260
11885 8512 8510
11885 8510 11449
6397 6251 11448
11884 6619 6737
6397 11884 11450
6959 7045 11454
7255 11890 7299
11453 9140 11889
7303 11894 7256
11897 9507 9695
11461 9695 9507
11895 11461 9507
11459 11461 11895
6618 6771 11462
6962 11898 6771
6618 6962 6771
6960 6962 6618
6960 11460 6962
6962 11460 11896
9503 11463 9695
11463 11897 9695
11463 11899 11897
9695 11461 9503
11460 11458 11896
11896 11458 7256
11458 7303 7256
11895 11893 11457
11889 9140 9142
11891 9142 9140
11891 9140 11455
7301 11456 11454
7301 11454 7299
7299 11890 7301
7301 11890 11892
11911 10284 10282
11455 9502 11891
11893 9506 9502
11893 9502 11457
7303 11458 11456
7303 11456 7301
7301 11892 7303
7303 11892 11894
11895 11457 11459
11891 9502 9506
11445 8010 7787
11911 10282 11477
14473 14280 11472
11486 1184 11488
11488 1184 1188
18172 18075 11489
18075 18172 11487
18172 18640 11487
18172 18642 18640
19102 18640 18642
19100 18640 19102
276 19100 19102
274 19100 276
726 274 276
724 274 726
1192 724 726
1188 724 1192
11488 1188 11490
1184 722 1188
11490 1188 1192
1188 722 724
724 272 274
18997 19098 11483
19098 270 11483
19098 272 270
722 270 272
720 270 722
11484 720 1069
720 1184 1069
720 722 1184
1184 11486 1069
11487 18640 11485
11485 18640 18636
19100 18636 18640
19098 18636 19100
274 19098 19100
272 19098 274
722 272 724
18636 18997 18537
11491 18174 11489
18644 18172 18174
11816 17959 18547
17959 18431 18547
17959 17961 18431
18431 12290 18547
12291 1407 1505
1505 1407 1941
1941 1407 1841
1841 12292 1941
12293 17009 11817
11817 17009 17007
11815 17007 17009
11815 17009 12289
18547 18429 11816
18429 18547 12290
18897 18429 12290
17961 17959 17475
11489 18174 18172
17475 17959 17473
12289 17475 11815
18642 18172 18644
18998 19102 11492
19102 18644 11492
19102 18642 18644
166 276 18998
18998 276 19102
620 726 166
166 726 276
1070 1192 620
620 1192 726
11490 1192 1070
18076 18174 11491
18538 18644 18076
18076 18644 18174
11492 18644 18538
11815 17475 17473
19098 18997 18636
18636 18537 11485
720 11484 619
17474 11474 11908
18655 18430 11909
11475 18894 18655
18894 18430 18655
18894 18896 18430
58 18896 18894
58 60 18896
514 60 58
514 516 60
11913 516 514
11913 514 11479
1838 2061 11480
2270 2505 2061
2270 2061 1838
2959 2742 11476
17472 11474 17474
11476 2742 2270
17472 17474 17008
17006 17008 16542
11472 14280 13854
14280 11912 13854
11912 14057 13854
14280 14473 14722
14722 14473 14927
14722 14927 15184
15184 14927 15399
15184 15399 15638
15638 15399 15855
11473 16088 15855
16088 15638 15855
16088 16090 15638
16540 16090 16088
16540 16542 16090
17006 16542 16540
17472 17008 17006
2742 11914 2270
11914 2505 2270
2959 11910 2742
1840 1406 1404
1840 2061 2272
2272 2061 2505
2505 11914 2272
11481 11120 11915
11915 11120 11122
11546 11122 11120
11546 11548 11122
11966 11548 11546
11966 11968 11548
11966 11482 11968
11968 11482 11916
270 165 11483
720 619 270
270 619 165
1840 1404 11480
2061 1840 11480
1404 1406 952
1404 952 950
11477 10700 11911
11911 10700 10702
11915 10702 10700
11915 10700 11481
12454 11916 11482
12454 11482 12452
12982 12454 12452
13854 14057 11478
12982 12984 12454
13440 13442 12984
14057 13856 11478
13856 13440 11478
13856 13442 13440
14057 11912 13856
11479 950 11913
11913 950 952
13440 12984 12982
13365 9148 9146
17121 10205 17675
10207 17121 9821
12606 12754 13224
12606 13224 13110
13110 13224 13626
13110 13626 13542
8739 13542 13626
8740 1618 1614
8740 1614 8738
8438 1614 1937
1614 2040 1937
1614 1618 2040
2478 2379 2040
2040 2379 1937
2940 2835 2478
2478 2835 2379
3346 3255 2940
12232 12096 8439
2940 3255 2835
8737 12232 8439
12606 8737 12754
8435 8733 11664
8735 8733 8435
8736 1610 1608
8736 1608 8734
8434 1608 8436
8436 1608 1610
12098 8735 12232
8735 8437 12232
8735 8435 8437
8737 12098 12232
8738 1614 1610
8738 1610 8736
8436 1610 8438
8438 1610 1614
12096 12232 8437
12754 8737 8439
8733 11776 11664
3346 8440 3255
13108 13224 12604
8442 3346 3348
13952 14038 8441
14374 8741 14458
14458 8741 8443
8741 14038 8443
14038 13952 8443
8743 14374 14458
16196 8744 16298
8745 16196 16298
8746 1622 1620
8746 1620 8742
2044 1620 1622
2042 1620 2044
2482 2042 2044
2480 2042 2482
8440 3346 8442
12604 12754 8439
3346 2940 3348
2940 2478 2942
12604 13224 12754
13540 13626 13108
13108 13626 13224
13954 8739 14038
14038 8739 8441
8739 13626 8441
13626 13540 8441
8741 13954 14038
8742 1620 1618
8742 1618 8740
2042 1618 1620
2040 1618 2042
2480 2040 2042
2478 2040 2480
2942 2478 2480
3348 2940 2942
2944 2480 2482
11664 11776 8433
8732 8734 8432
8424 8722 1167
8422 8722 8424
1043 8724 1167
14440 14371 8425
8423 14371 14440
8725 8423 14440
8723 8423 8725
1167 1041 8424
1167 8724 1041
8724 8426 1041
8724 8726 8426
14024 13951 8427
14373 14440 8425
14373 8425 13951
8727 14373 13951
8722 1043 1167
14024 8727 13951
8723 8721 8421
8720 8722 8420
15812 16195 16268
16268 16195 16649
16268 16649 16728
16728 16649 17113
16728 17113 17198
8717 17198 17113
703 603 8418
703 8718 603
8718 8420 603
8718 8720 8420
14886 8419 14815
8419 8721 14815
8419 8421 8721
8719 14886 14815
8420 8722 8422
8723 8421 8423
1608 8434 1493
8725 14440 14373
8726 8728 8426
12732 12605 13109
12732 13109 13206
13206 13109 13541
13206 13541 13616
8729 13616 13541
8430 8732 8432
8730 8732 8430
11776 11663 8433
12097 12216 8431
12097 8431 11663
8733 12097 11663
11776 8733 11663
8731 12216 12097
8734 1608 1493
8432 8734 1493
12212 12216 12732
8426 8728 8428
12732 12216 12605
8429 12216 12212
12212 12095 8429
12732 12603 12212
12212 12603 12095
13206 13107 12732
12732 13107 12603
13616 13539 13206
13206 13539 13107
13953 14024 8427
13953 8427 13539
8729 13953 13539
13616 8729 13539
8727 14024 13953
8428 8730 8430
8728 8730 8428
8431 12216 8429
12216 8731 12605
2942 2480 2944
3350 2942 2944
3348 2942 3350
18980 19120 8457
8459 296 18980
296 19120 18980
296 294 19120
746 294 296
744 294 746
1042 1210 8460
1210 746 8460
1210 744 746
8458 1210 1042
150 296 8459
8461 748 150
748 296 150
748 746 296
8460 746 8462
8456 1634 1494
8462 746 748
1634 1208 1210
1494 1634 8458
1634 1632 1208
8454 1632 8456
8456 1632 1634
8455 18518 8757
8757 18518 18520
18518 8457 19120
18982 18518 19120
18520 18518 18982
18982 19120 294
18982 294 152
152 294 744
152 744 606
1208 8758 606
744 1208 606
1210 1208 744
1634 1210 8458
1208 1632 1044
604 748 8461
16788 16647 8463
8466 17752 8468
8468 17752 17754
17112 17262 8467
17576 17754 17112
17112 17754 17262
8468 17754 17576
8937 17943 18077
17943 8938 18077
8939 16991 17127
17127 16991 17601
17601 16991 17457
8937 18077 17457
18077 17601 17457
18077 18079 17601
18413 18541 8938
17752 17260 17754
8462 748 604
17754 17260 17262
17262 16790 16648
17258 17111 16788
16788 17111 16647
17750 17575 17258
17258 17575 17111
17750 8464 17575
8465 16790 8463
8463 16790 16788
17260 16788 16790
17258 16788 17260
17752 17258 17260
17750 17258 17752
8464 17750 8466
8466 17750 17752
16648 16790 8465
8467 17262 16648
17262 17260 16790
1632 8756 1044
1044 8758 1208
8757 18058 8455
8748 1622 8746
2046 1622 1624
2044 1622 2046
2484 2044 2046
2482 2044 2484
2946 2482 2484
2944 2482 2946
3354 2944 2946
3350 2944 3354
8444 3350 8446
8446 3350 3354
8445 17110 8747
8747 17110 17114
8749 17114 17110
8749 17110 8447
8748 1624 1622
8750 1626 1624
8747 16646 8445
16194 16646 16650
8442 3348 8444
8444 3348 3350
14372 14458 8443
14458 14372 8743
14372 14816 8743
14372 14814 14816
15278 14816 14814
15278 15280 14816
15740 15280 15278
15740 15742 15280
8744 15742 16298
15742 16194 16298
15742 15740 16194
16298 16194 8745
16194 16650 8745
8747 16650 16646
8750 1624 8748
1938 2046 8448
2046 1626 8448
8754 1630 1628
8754 1628 8752
8450 1628 8452
8452 1628 1630
17723 17578 8753
8755 17578 17723
8451 8755 17723
8453 8755 8451
8756 1632 1630
8756 1630 8754
8452 1630 8454
8454 1630 1632
8453 18058 8755
8755 18058 18060
8757 18060 18058
17719 8451 17723
17719 8449 8451
17719 8753 8751
17723 8753 17719
2046 1624 1626
2380 2484 1938
1938 2484 2046
2836 2946 2380
2380 2946 2484
3256 3354 2836
2836 3354 2946
15812 15741 16195
8446 3354 3256
8751 8447 17574
8751 8749 8447
8449 17719 17574
8752 1628 1626
8752 1626 8750
8448 1626 8450
8450 1626 1628
17719 8751 17574
15354 15741 15812
15354 15279 15741
14884 14886 15354
16524 16074 8384
16526 16074 16524
16988 16526 16524
16988 16990 16526
17452 16990 16988
17452 17456 16990
17452 8385 18166
17942 17452 18166
17456 17452 17942
8689 17942 18166
496 721 8386
934 1183 721
934 721 496
8387 1183 934
8690 3336 3332
16074 16286 8384
8690 3332 8686
16074 8688 16286
7996 7994 8234
8685 7500 8381
3150 8686 3332
3150 3332 8382
3570 3150 8382
3572 3150 3570
8684 3572 4198
3572 4000 4198
3572 3570 4000
8380 4198 4000
8381 7748 8685
8685 7748 7750
7994 7750 7748
7994 7996 7750
7994 8383 8308
8234 7994 8308
8687 8234 8308
8685 7502 7500
8382 3332 8388
8230 8308 8383
721 273 8386
723 273 721
8694 723 936
723 1183 936
723 721 1183
1613 8695 1388
1388 8695 8387
8695 936 8387
936 1183 8387
8393 1613 1388
2720 8696 2934
3336 8690 2720
3336 2720 2934
3148 3336 2934
8394 3148 2934
273 34 8386
8388 3332 3336
34 273 8392
8693 18412 18408
8484 8687 8598
8598 8687 8389
8687 8308 8389
8308 8230 8389
8691 8484 8598
15622 8692 15834
16286 8688 15622
16286 15622 15834
16072 16286 15834
8390 16072 15834
8384 16286 16072
17938 18166 8385
18166 17938 8689
17938 18412 8689
17938 18408 18412
8693 18408 8391
7244 7500 7502
7244 7502 8683
7286 7244 8683
8893 8771 8479
8893 8479 8575
8893 8367 8771
8672 5533 5659
8370 8672 5659
8368 8672 8370
5533 8674 5659
7012 6955 8371
8369 6955 7012
8675 8369 7012
8673 8369 8675
5659 5529 8370
5659 8674 5529
8674 8372 5529
8674 8676 8372
8575 8479 8366
7012 8371 6957
8365 7501 8671
7501 7499 7245
8366 8229 8575
8229 8483 8575
8229 8233 8483
8575 8483 8893
8893 8483 8775
8669 9251 8775
8775 9251 8893
9251 9111 8893
9111 8367 8893
9251 8363 9111
8364 8672 8368
8670 8672 8364
8673 7245 8369
8369 7245 7243
7245 7499 7243
8365 7499 7501
8371 8677 6957
8371 8373 8677
8675 7012 6957
6956 7018 8377
7246 8681 7286
7286 8681 8379
8681 7018 8379
7018 6956 8379
8683 7246 7286
4002 8684 4198
4002 4198 8380
4436 4002 8380
4438 4002 4436
4830 4438 4436
4830 4832 4438
4830 8378 4832
4832 8378 8682
7244 7286 8379
5669 8680 5534
5534 5184 5182
5534 5182 8376
5669 5534 8376
5530 5667 8374
5530 8372 5667
8372 8678 5667
8372 8676 8678
8679 8373 8375
8679 8677 8373
5669 8376 8374
8388 3336 3148
5669 8374 5667
5669 8678 8680
6958 8679 7018
8679 8377 7018
8679 8375 8377
8681 6958 7018
5184 8682 8378
5184 8378 5182
5667 8678 5669
18541 18077 8938
8480 8598 8389
8480 8776 8691
13424 12966 13650
12968 12966 13424
13424 13650 14060
13424 14060 13840
13840 14060 8414
14262 13840 8414
14264 13840 14262
14700 14264 14262
14700 14704 14264
14700 8412 14704
14704 8412 8714
13422 13650 8413
13838 14060 13422
13422 14060 13650
8414 14060 13838
12966 8413 13650
17674 17573 8415
8713 12966 12968
8410 15398 15164
11950 12258 8407
8709 12258 11950
8409 8709 11950
8711 8709 8409
15168 8712 15398
15398 8410 15168
8410 8710 15168
8410 8408 8710
8409 12436 8711
8711 12436 12438
8713 12438 12436
8713 12436 8411
8412 15164 15398
8712 8412 15398
8714 8412 8712
8411 12966 8713
8708 8710 8406
8715 18059 17674
18059 18057 17573
17577 17674 8415
17577 8415 17109
8717 17577 17109
17198 8717 17109
8715 17674 17577
249 149 8416
8716 605 703
8716 703 8418
249 8716 8418
149 249 8418
605 8718 703
8419 14886 8417
8417 14886 14884
14886 8719 15279
15354 14886 15279
16728 17109 16645
18059 17573 17674
17198 17109 16728
16728 16645 16268
18059 18517 18057
18519 18517 18059
18519 18979 18517
18981 18979 18519
8416 18979 249
18979 151 249
18979 18981 151
151 8716 249
14884 14813 8417
15354 15277 14884
14884 15277 14813
15812 15739 15354
15354 15739 15277
16268 16193 15812
15812 16193 15739
16268 16645 16193
8406 8710 8408
8709 11952 12258
11532 11530 11952
1613 1390 8695
8393 1822 1613
1822 1390 1613
1822 1824 1390
2254 1824 1822
2254 2256 1824
8696 2256 2934
2256 2718 2934
2256 2254 2718
8394 2934 2718
8395 9874 8697
8697 9874 9876
8699 9876 9874
8699 9874 8397
15166 8700 8398
723 8694 498
15166 8398 15162
498 273 723
36 18874 18870
8480 8772 8776
9112 8776 8772
9112 9116 8776
9482 9116 9112
9482 9486 9116
8697 9486 9482
8697 9482 8395
8396 15620 15834
8692 8396 15834
8698 8396 8692
8390 15834 15620
8391 18870 8693
8693 18870 18874
273 36 8392
36 18870 8392
36 273 498
15162 8396 15166
15166 8396 8698
8701 8397 8399
10268 10684 8707
10266 10684 10268
8405 10927 10684
15167 15386 8706
15167 8708 15386
8708 8404 15386
8708 8406 8404
10927 10686 8707
8405 11104 10927
11104 10686 10927
11104 11106 10686
11530 11106 11104
11530 11532 11106
11530 8407 12258
11952 11530 12258
10684 10927 8707
8705 10266 10268
8403 10266 8705
15386 8404 15163
8701 8699 8397
14702 8702 14910
14910 8400 14702
8400 8700 14702
8400 8398 8700
8703 8399 8401
8703 8701 8399
8598 8480 8691
14703 14910 8702
8704 8400 14910
8704 8402 8400
8705 8401 8403
8705 8703 8401
8706 15386 15163
8402 8706 15163
8704 8706 8402
14703 8704 14910
8233 8229 7995
18541 18079 18077
17129 8941 17127
4832 4440 4438
4832 4834 4440
5313 5186 8682
5186 4832 8682
5186 4834 4832
5313 9016 5186
8683 7502 9017
9017 7502 7504
7502 8685 7792
7752 7502 7792
7504 7502 7752
9019 7752 7792
3152 9020 8686
3152 8686 3150
9018 3152 3750
4438 4440 4004
3152 3572 3750
4438 4004 4002
4002 3574 8684
9013 7016 6958
8681 9013 6958
9015 9013 8681
5184 5313 8682
5536 9016 5313
5184 5536 5313
5534 5536 5184
5534 8680 5536
5536 8680 9014
8681 7246 9015
9015 7246 7248
9017 7248 7246
9017 7246 8683
3574 9018 3750
3574 3750 8684
4004 3574 4002
6958 7016 8679
3152 3150 3572
7750 7792 8685
8686 9024 8690
9020 9024 8686
8687 8484 9021
9021 8484 8488
9025 8488 8484
9025 8484 8691
15624 9026 8692
15624 8692 15622
15622 8688 15624
15624 8688 9022
8689 18412 9023
9023 18412 18416
9027 18416 18412
9027 18412 8693
936 1185 8694
9023 17942 8689
8684 3750 3572
9023 17946 17942
17942 17460 17456
7792 7750 9019
7750 7998 9019
7750 7996 7998
8234 7998 7996
8234 8238 7998
9021 8238 8234
9021 8234 8687
16076 9022 8688
16076 8688 16074
16526 16076 16074
16526 16528 16076
16990 16528 16526
16990 16994 16528
17456 16994 16990
17456 17460 16994
17942 17946 17460
8695 1185 936
6023 9012 5884
9014 8678 5884
9115 8669 8889
9247 8667 9115
5532 5651 8670
5532 8668 5651
8668 9004 5651
8668 9002 9004
9005 7503 7523
7523 7503 8671
7503 7749 8671
7503 7751 7749
7751 7995 7749
7997 7995 7751
7997 8233 7995
8237 8233 7997
8237 8483 8233
9247 9115 8889
8487 8483 8237
8779 9247 8889
9003 8779 8889
5636 8664 5531
8999 9119 9243
8665 9243 9119
8997 8665 9119
8663 8665 8997
5535 5636 8998
5535 9000 5636
9000 8664 5636
9000 8666 8664
9247 9001 9243
9243 9001 8999
9243 8665 8667
9243 8667 9247
8666 9002 8668
9000 9002 8666
9001 9247 8779
8680 8678 9014
8487 9003 8889
8483 8487 8775
8674 9008 8676
5883 9010 6017
7014 6957 8677
8675 6957 7014
9011 8675 7014
9009 8675 9011
6023 8678 8676
6023 8676 6017
6017 9010 6023
6023 9010 9012
8679 7016 8677
8677 7016 7014
9011 7014 7016
9011 7016 9013
8678 6023 5884
8676 9008 6017
8775 8487 8889
9008 5883 6017
9009 8673 8675
8889 8669 8775
5655 8672 8670
5655 8670 5651
5651 9004 5655
5655 9004 9006
9007 7247 8673
8673 7247 7245
7247 9005 7523
7501 7247 7523
7245 7247 7501
7523 8671 7501
5655 5533 8672
5655 9006 5533
9006 8674 5533
9006 9008 8674
9009 9007 8673
2720 2935 8696
2720 8690 2935
8690 9028 2935
1197 9044 938
8705 10268 9045
9045 10268 10270
9047 10270 10268
9047 10268 8707
9048 15390 15167
8706 9048 15167
9046 9048 8706
15390 8708 15167
8707 10686 9047
9047 10686 10688
11106 10688 10686
11106 11108 10688
11532 11108 11106
11532 11534 11108
938 731 1197
11952 11534 11532
500 731 938
9046 8706 8704
279 40 9039
40 279 9043
279 731 9043
279 729 731
729 1197 731
729 1195 1197
9044 1197 1392
1197 1621 1392
1197 1195 1621
1621 9040 1392
9045 8703 8705
9045 9041 8703
14707 14914 9042
14707 9046 14914
9046 8704 14914
731 500 9043
14914 8704 14703
11952 11954 11534
9049 11952 8709
14930 8714 14708
8714 9052 14708
8714 8712 9052
12968 13246 8713
13246 12968 9053
12968 13426 9053
12968 13424 13426
13840 13426 13424
13840 13842 13426
14264 13842 13840
14264 14266 13842
9054 14266 14930
14266 14704 14930
14266 14264 14704
8714 14930 14704
14708 9054 14930
9049 11954 11952
9053 12970 13246
9051 12778 8713
9050 15394 15390
9050 15390 9048
8708 15390 8710
8710 15390 15394
12440 9049 12778
9049 8711 12778
9049 8709 8711
9051 12440 12778
8712 15168 15394
9050 8712 15394
9052 8712 9050
8710 15394 15168
12438 12778 8711
12970 9051 13246
13246 9051 8713
12778 12438 8713
9038 9042 8702
8702 9042 14703
9042 14914 14703
498 275 36
725 498 8694
1185 725 8694
1189 725 1185
1185 8695 1390
1617 1185 1390
1189 1185 1617
1824 2039 1617
1824 1617 1390
2258 9032 2039
1824 2258 2039
2256 2258 1824
2935 2722 8696
2722 2256 8696
2722 2258 2256
498 725 275
2935 9028 2722
18874 36 18878
36 275 9031
8690 9024 9028
8691 8776 9025
9025 8776 8780
9116 8780 8776
9116 9120 8780
9486 9120 9116
9486 9488 9120
9029 9488 9486
9029 9486 8697
15170 9030 15376
15376 8698 15170
8698 9026 15170
8698 8692 9026
8693 18874 9027
9027 18874 18878
18878 36 9031
8697 9876 9029
9029 9876 9878
9033 9878 9876
14706 8702 14702
14702 8700 14706
14706 8700 9034
279 9039 277
277 9039 9035
277 729 279
277 727 729
727 1195 729
727 1193 1195
1193 1621 1195
1193 1619 1621
1619 9036 1621
1621 9036 9040
9041 8701 8703
9041 9037 8701
14706 9038 8702
9037 9033 8699
9037 8699 8701
2039 9032 1826
9033 9876 8699
8700 15166 15376
9030 8700 15376
9034 8700 9030
8698 15376 15166
277 9035 275
275 9035 9031
8996 8998 8662
275 727 277
725 1193 727
725 1189 1193
1189 1619 1193
1189 1617 1619
9036 1619 1826
1619 2039 1826
1619 1617 2039
275 725 727
8662 8998 5531
8998 5636 5531
8997 8995 8661
18091 8954 17944
14263 8623 14381
8623 8955 14381
8623 8957 8955
14381 8621 14263
16673 8624 8622
16673 8622 16671
16993 17149 8956
17149 16671 8956
17149 16673 16671
16993 8958 17149
8959 17945 18095
17945 8960 18095
8961 13425 13557
13557 13425 8625
18091 17944 8953
13425 13839 8625
16671 8952 8956
16669 16671 16215
17613 18091 8953
17613 18089 18091
8954 18091 18414
18091 18553 18414
18091 18089 18553
18414 18553 18876
18876 18553 19013
19013 8950 18876
8955 14265 14381
8621 14381 14265
8951 8621 14265
8619 8621 8951
16215 16073 8620
16671 8622 16073
16215 16671 16073
16669 8952 16671
17458 17613 8953
13425 13841 13839
8623 13841 8957
17621 17455 16989
17621 16989 17151
18099 17941 17455
18099 17455 17621
18567 8628 17941
18099 18567 17941
18563 18567 18099
18563 8962 18567
18567 8962 8964
8965 12969 8629
8629 12969 12967
8627 12967 12969
8627 12969 8963
18567 18411 8628
18567 8964 18411
17151 16989 8626
8623 13839 13841
13557 8625 13423
8627 8961 13557
16673 16525 8624
17151 8626 16525
16673 17151 16525
17149 17151 16673
17459 17621 8958
17621 17149 8958
17621 17151 17149
8959 18095 17459
18095 17621 17459
18095 18099 17621
18415 18563 8960
18563 18095 8960
18563 18099 18095
18415 8962 18563
13423 8627 13557
8627 8963 8961
17458 17143 17613
16992 17143 17458
16669 16667 17143
8942 169 8614
19001 8942 8614
18871 19001 8614
37 8944 169
17137 8945 17131
17131 8945 8943
17131 8613 8615
17131 8615 17137
171 8616 8614
171 8614 169
169 8944 171
171 8944 8946
17141 8947 17137
17137 8947 8945
17137 8615 17454
8942 37 169
17611 17137 17454
19001 18871 8612
17129 8611 8613
17127 8941 8939
17601 17453 8611
17129 17601 8611
17127 17601 17129
18079 17939 17453
18079 17453 17601
18541 18409 17939
18541 17939 18079
8940 18875 19001
8940 19001 8612
18541 8940 8612
18409 18541 8612
18875 8942 19001
17131 8943 17129
17129 8943 8941
17129 8613 17131
17141 17137 17611
8617 17611 17454
175 8618 8616
175 8948 38
8951 14705 8619
8619 14705 14701
14705 15165 14701
15169 15165 14705
15169 15621 15165
15623 15621 15169
8620 15621 16215
15621 16075 16215
15621 15623 16075
8949 16667 16075
16667 16215 16075
16667 16669 16215
8952 16669 16992
16669 17143 16992
8950 19013 18872
38 8950 18872
8618 38 18872
175 38 8618
175 8616 171
171 8946 175
175 8946 8948
8949 16527 16667
8947 17141 16527
17141 16667 16527
17141 17143 16667
8964 8630 18411
17141 17613 17143
17611 8617 17940
18089 17611 17940
17613 17611 18089
18410 18553 18089
18410 18089 17940
18872 19013 18553
18872 18553 18410
17141 17611 17613
18413 8940 18541
8964 8966 8630
8631 12635 12439
4003 8982 4001
4001 8982 8648
8555 8983 8482
8983 8647 8482
8983 8981 8647
8649 8555 8482
4437 8648 8982
4437 8982 4439
4439 8984 4437
4437 8984 8650
8555 8486 8983
8649 8774 8555
8774 8486 8555
8774 8778 8486
8985 8778 8774
4001 8980 4003
8985 8774 8651
4001 8646 8980
8981 8236 8232
8974 8976 8642
8977 8641 8643
8977 8975 8641
8976 3573 3681
8644 8976 3681
8642 8976 8644
3573 8978 3681
8979 8643 8645
8979 8977 8643
3681 3571 8644
3681 8978 3571
8978 8646 3571
8978 8980 8646
8645 8232 8979
8979 8232 8236
8981 8232 8647
8974 8642 3149
8650 8986 8652
8651 9114 8985
8659 8993 8991
9613 8657 9485
4833 4934 8992
8994 5280 5183
8994 5183 8658
4833 8994 8658
4934 4833 8658
5280 8660 5183
8995 8659 8661
8995 8993 8659
5185 5280 8994
5185 8996 5280
8996 8660 5280
8996 8662 8660
8997 8661 8663
8659 8991 9613
8984 8986 8650
9485 8659 9613
8990 8992 8656
8985 9114 9118
8987 9118 9114
8987 9114 8653
8652 8988 8654
8986 8988 8652
8989 8653 8655
8989 8987 8653
8654 8990 8656
8988 8990 8654
9613 8991 9484
8991 8655 9484
8991 8989 8655
8657 9613 9484
8992 4934 4831
8656 8992 4831
4934 8658 4831
3269 8974 3149
3269 3149 8640
1541 8639 1389
10819 10687 11251
11251 10687 11107
11251 11107 11683
11683 11107 11533
11683 11533 8635
11533 11951 8635
11533 11953 11951
11953 8967 12635
12437 11953 12635
11951 11953 12437
12635 8631 12437
18873 8632 8968
18873 8968 18877
18877 8970 18873
18873 8970 8636
10819 10269 10687
8971 8235 8637
10383 10269 10819
9875 10269 10383
8965 8631 12439
8629 8631 8965
8630 8968 8632
8966 8968 8630
8969 8485 8633
8633 8485 8481
8485 8773 8481
8777 8773 8485
8777 9113 8773
9117 9113 8777
9117 9483 9113
9487 9483 9117
9487 9875 9483
9877 9875 9487
8634 9875 10383
9875 9877 10269
8637 8235 8231
8633 8231 8235
8633 8235 8969
2257 2719 2255
2721 2719 2257
8640 2719 3269
2719 3151 3269
2719 2721 3151
3151 8974 3269
8975 8637 8641
8975 8971 8637
659 497 8638
497 659 8972
937 497 8972
935 497 937
937 8973 1541
1389 937 1541
935 937 1389
2257 2255 1825
1825 2255 1823
1391 1825 1823
1391 1823 8639
10383 10267 8634
10819 10685 10267
10819 10267 10383
11251 11105 10685
11251 10685 10819
11683 11531 11105
11683 11105 11251
8967 12439 12635
11683 8635 11531
35 8970 39
8638 35 659
35 499 659
35 39 499
499 8972 659
8973 1391 1541
1541 1391 8639
35 8636 8970
9055 18061 8715
7995 8229 7993
7749 7993 7747
10493 10919 8133
10491 10919 10493
11345 11101 10681
11345 10681 10919
11345 8131 11101
8132 8400 8134
8398 8400 8132
10495 8401 10493
10493 8401 8399
10493 8133 8135
10493 8135 10495
8134 8402 8136
8400 8402 8134
10497 8403 10495
10495 8403 8401
10919 10681 8133
10495 8135 10682
10491 8399 8397
15162 8130 8396
2718 2716 3146
8128 3340 3146
10071 9874 8395
9874 10071 8397
10071 10491 8397
10071 10489 10491
10489 10919 10491
10489 10917 10919
10917 11345 10919
10917 11343 11345
11343 8129 8131
11343 8131 11345
15162 8398 8132
15162 8132 15158
15158 8130 15162
10493 8399 10491
2718 3146 3340
10925 10495 10682
8137 10925 10682
11528 11530 11104
8407 11530 11528
8407 11528 8141
8408 15852 15848
8408 15848 8406
8140 15848 8142
8142 15848 15852
11950 8407 12262
8407 8143 12262
8407 8141 8143
8409 11950 12262
8144 15618 15852
8408 8144 15852
8410 8144 8408
8142 15852 15618
11528 11104 11353
10497 10495 10925
8139 11528 11353
15848 8140 15617
15159 8136 8402
15159 8402 15163
15163 8404 15159
15159 8404 8138
10497 10266 8403
10266 10497 10684
10684 10497 10925
11353 8405 11102
11102 8405 8137
8405 10684 8137
10684 10925 8137
8139 11353 11102
8406 15848 15617
8138 8406 15617
8404 8406 8138
11353 11104 8405
11948 12262 8143
8394 2718 3340
2716 2254 2252
18868 19099 8391
18408 18868 8391
18868 18638 8126
18868 18408 18638
34 8392 19099
18868 34 19099
32 34 18868
32 8118 34
34 8118 8386
1609 1388 8387
2037 8393 1820
1820 8393 8119
8393 1388 8119
1388 1609 8119
8127 2037 1820
17938 17936 18408
3148 8394 3340
18408 17936 18638
17450 17936 17938
10911 11341 10915
10911 11337 11341
11337 8117 8123
11337 8123 11341
16072 8390 8124
16072 8124 16070
8384 16072 16746
16072 16522 16746
16072 16070 16522
16986 17218 16522
16522 17218 16746
17450 17696 16986
16986 17696 17218
17696 17450 8385
17450 17938 8385
17936 8125 18638
2716 2718 2254
3758 8388 3148
3568 3758 3340
10915 11341 11343
11341 8123 8129
11341 8129 11343
15620 8396 8130
15620 8130 15616
15616 8124 15620
15620 8124 8390
18406 18638 8125
18638 18406 8126
18870 8391 19099
19099 8392 18870
2037 1822 8393
8127 2252 2037
2252 1822 2037
2252 2254 1822
10915 11343 10917
3758 3148 3340
10487 10915 10917
10069 10487 10489
8128 3568 3340
8120 3758 3568
8121 8476 8389
8389 8476 8480
8768 8480 8476
8768 8772 8480
9108 8772 8768
9108 9112 8772
9478 9112 9108
9478 9482 9112
9482 9478 8395
9478 10069 8395
10069 10071 8395
9478 8122 10069
10069 10489 10071
10487 10917 10489
12436 8409 12782
12782 8409 8145
8409 12262 8145
601 8156 8418
601 8418 603
603 8420 601
601 8420 8158
8159 14018 8157
8157 14018 14016
14436 14016 14018
14434 14016 14436
8419 14434 14436
8419 14436 8421
8158 8422 8160
8420 8422 8158
8161 14020 8159
8159 14020 14018
14438 14018 14020
8417 14434 8419
14436 14018 14438
8417 14432 14434
14434 14014 14016
15810 15739 16193
15810 16193 16266
16266 16193 16645
16266 16645 16726
16726 16645 17109
16726 17109 17196
8415 17196 17109
19077 18977 8154
18977 19077 8416
149 18977 8416
147 18977 149
149 8418 147
147 8418 8156
8157 14016 8155
8155 14016 14014
14432 14014 14434
15352 15739 15810
8421 14436 14438
8160 8424 8162
13614 8427 13951
14022 13614 13951
13612 13614 14022
8425 14022 13951
8164 8428 8166
8426 8428 8164
8429 12095 8167
8167 12095 12093
12603 12730 8165
12093 12603 8165
12095 12603 12093
12730 12603 13107
12730 13107 13204
13204 13107 13539
13204 13539 13614
13204 13614 13612
8421 14438 8423
13204 13612 8163
12730 13105 12601
8422 8424 8160
13612 13537 8163
13537 13612 8161
13612 14020 8161
13612 14022 14020
14022 8425 14371
14438 14022 14371
14020 14022 14438
8423 14438 14371
1039 8162 8424
1039 8424 1041
1041 8426 1039
1039 8426 8164
12730 12601 8165
13204 13105 12730
13105 13204 8163
15352 15277 15739
14882 15277 15352
14882 14813 15277
14700 8146 8412
13649 13422 8413
8147 13836 13649
13836 13422 13649
13836 13838 13422
13836 8148 13838
13838 8148 8414
16722 16641 8149
17192 17105 16722
16722 17105 16641
17192 8150 17105
16264 16189 8151
16189 16264 8149
16264 16722 8149
16264 16724 16722
14698 8146 14700
17194 16722 16724
14698 14700 14262
14262 8148 14260
12262 11948 8145
8411 12436 12782
15164 8412 8146
15164 8146 15160
15160 8144 15164
15164 8144 8410
12434 12782 8145
12782 12434 8411
12434 12966 8411
12434 12964 12966
13420 13649 8413
12966 13420 8413
12964 13420 12966
8147 13649 13420
14262 8414 8148
14698 14262 14260
17192 16722 17194
8150 17192 17569
17192 17672 17569
17573 18053 17672
18057 18053 17573
18057 18513 18053
18517 18513 18057
8154 18513 19077
18513 18979 19077
18513 18517 18979
18979 8416 19077
14014 13949 8155
13949 14014 8153
14014 14430 8153
14014 14432 14430
14432 8417 14813
14882 14432 14813
14430 14432 14882
18053 8152 17672
17194 17196 17672
17672 17196 17573
17196 8415 17573
17192 17194 17672
17672 8152 17569
14430 14369 8153
14882 14811 14430
14430 14811 14369
15352 15275 14882
14882 15275 14811
10483 10911 10915
15810 15737 15352
15737 15810 8151
15810 16264 8151
15810 16266 16264
16726 16264 16266
16724 16264 16726
17196 16724 16726
17194 16724 17196
15352 15737 15275
10483 10915 10487
10065 10483 10487
10065 10487 10069
9611 9480 8349
8351 9480 9611
8079 8351 9611
8081 8351 8079
4559 4433 8080
8350 4829 4933
8350 4933 8082
4559 8350 8082
4433 4559 8082
4829 8352 4933
8353 9481 9617
8083 9617 9481
8351 8083 9481
8081 8083 8351
4933 4825 8082
4559 8348 8350
8352 5181 5279
4555 8348 4559
4559 8080 8078
4549 8074 4543
4543 8344 4549
4549 8344 8346
9609 8347 9607
9607 8347 8345
9607 8075 8077
9607 8077 9609
4555 8078 8076
4555 8076 4549
4549 8346 4555
4555 8346 8348
9611 8349 9609
9609 8349 8347
9609 8077 8079
9609 8079 9611
4559 8078 4555
4549 8076 8074
8352 5279 8084
4825 4933 8084
8359 8357 8087
8089 9629 9476
8088 8360 8090
8358 8360 8088
9633 8361 9629
9629 8361 8359
9629 8089 8091
9629 8091 9633
5528 8362 8092
5528 8092 5526
5526 8090 5528
5528 8090 8360
9637 8363 9633
9633 8363 8361
9633 8091 8093
8359 8087 9476
4933 8352 8084
9629 8359 9476
8356 8088 5525
5181 8354 5279
9475 8085 9617
8085 8353 9617
8085 8355 8353
9617 8083 9475
5279 5179 8084
8354 5527 5631
8354 5631 8086
5279 8354 8086
5179 5279 8086
5527 8356 5631
8357 8085 8087
8357 8355 8085
5631 5525 8086
5631 8356 5525
8356 8358 8088
8075 9607 9474
9110 9219 8073
8345 9110 8073
8333 1540 1387
2415 2251 8064
8334 2717 2875
8334 2875 8066
2415 8334 8066
2251 2415 8066
2717 8336 2875
8279 8337 8277
8277 8337 8335
8277 8065 8067
8277 8067 8279
2875 2715 8066
8336 3147 3279
8336 3279 8068
2875 8336 8068
1108 1387 1540
2715 2875 8068
1108 933 1387
658 495 933
8064 1819 2415
1819 2253 2415
1819 1821 2253
2253 8334 2415
8277 8335 8275
8275 8335 8331
8275 8059 8065
8275 8065 8277
10385 10263 8060
10385 8061 10263
11689 11527 8062
12129 11947 11527
12129 11527 11689
12129 8063 11947
495 658 8332
658 933 1108
3147 8338 3279
8281 8339 8279
8279 8339 8337
8766 8478 8553
8766 8770 8478
9106 9219 8343
8770 9106 8343
8766 9106 8770
8073 9219 9106
4127 3997 8072
8342 4435 4543
8342 4543 8074
4127 8342 8074
3997 4127 8074
4435 8344 4543
9219 9110 8343
9607 8345 9474
9474 8345 8073
8071 8766 8553
8553 8478 8341
3999 8342 4127
3567 3569 3999
8279 8067 8069
8279 8069 8281
3279 3145 8068
3279 8338 3145
8338 8070 3145
8338 8340 8070
8281 8228 8339
9633 8093 9637
8553 8341 8474
8341 8228 8069
8228 8281 8069
8071 8553 8474
3567 8070 8340
3567 8340 3569
8072 3567 4127
3567 3999 4127
8474 8341 8069
8427 13614 13539
5180 5301 8094
8092 8364 5301
8381 7498 8111
10680 10907 8112
8113 10907 10680
3570 8382 3754
3570 3754 4202
3570 4202 4000
4606 8380 4000
4606 4000 4202
4434 4606 4202
8114 4434 4202
8110 4606 4434
8111 7746 8381
8381 7746 7748
7992 7748 7746
7992 7994 7748
8381 7500 7498
8383 7994 7992
7498 7500 7244
8379 7242 7244
8106 5182 4828
5182 8378 4828
8378 4971 4828
5311 8376 5182
8107 6954 8377
8377 6954 6956
8379 6956 6954
8379 6954 8109
4436 8380 4606
4830 4436 4606
8108 4830 4606
8110 8108 4606
4830 8108 4971
4971 8378 4830
8109 7242 8379
7498 7244 7242
5311 5182 8106
8383 7992 8115
10264 10483 10065
934 1386 8387
932 1386 934
8119 1609 1386
8388 3758 3754
8388 3754 8382
3998 4202 8120
4202 3758 8120
4202 3754 3758
8114 4202 3998
8115 8226 8383
8383 8226 8230
8389 8230 8226
8389 8226 8121
10069 8122 8116
10069 8116 10065
1386 1609 8387
9872 10065 8116
932 934 496
496 8118 494
10264 10065 9872
10483 10264 8112
10907 10483 8112
10911 10483 10907
10907 8113 11100
11337 10907 11100
10911 10907 11337
8117 11337 11100
16524 8384 16746
16524 16746 17218
16524 17218 16988
16988 17218 17696
16988 17696 17452
8385 17452 17696
496 8386 8118
932 496 494
4828 4971 8108
8377 8375 8105
8377 8105 8107
8369 7243 8099
8099 7243 7241
7243 7497 7241
7499 7497 7243
8095 7497 7499
8095 7499 8365
8025 7991 8096
8289 8225 7991
8289 7991 8025
8225 8289 8366
8479 8225 8366
8475 8225 8479
8479 8767 8475
8771 8767 8479
8771 8367 9257
5303 8364 8368
9107 8771 9257
5301 8364 5303
5303 8098 8094
8092 8362 8364
8365 7747 8095
8095 7747 7745
8096 7745 8025
7745 7993 8025
7745 7747 7993
8025 7993 8289
8289 7993 8229
8229 8366 8289
8367 9111 9257
8363 9637 9111
9111 9637 9257
9637 9477 9257
9477 8097 9257
9637 8093 9477
5303 8094 5301
8767 8771 9107
9257 8097 9107
4826 4963 8100
4967 8102 4965
4965 5309 4967
4965 5307 5309
8374 5309 5530
5309 5663 5530
5309 5307 5663
5663 8372 5530
8375 8103 8105
8375 8373 8103
4967 4827 8104
5311 8106 4827
4967 5311 4827
5309 5311 4967
5309 8374 5311
5311 8374 8376
4967 8104 8102
8373 8371 8101
8373 8101 8103
5529 8372 5663
4963 4826 8098
5303 4963 8098
5305 4963 5303
5303 8368 5305
5305 8368 8370
8371 6955 8101
8101 6955 6953
5180 8092 5301
8099 6953 6955
4965 8102 8100
4965 8100 4963
4963 5307 4965
4963 5305 5307
5529 5663 8370
5663 5305 8370
5663 5307 5305
8099 6955 8369
7995 7993 7749
8166 8430 8168
11772 11661 8169
18103 17455 17941
17941 8628 18103
8629 12967 8323
8323 12967 12965
8321 12965 12967
8321 12967 8627
16677 16523 8322
17157 8324 16523
16677 17157 16523
17153 17157 16677
17153 17629 17157
17153 17625 17629
17625 18107 17629
17625 18103 18107
18411 18571 8628
17625 17455 18103
18571 18103 8628
17625 16989 17455
17153 16677 16675
16675 16219 8624
16675 16221 16219
16525 8626 16675
8627 13423 8321
8321 13423 13421
13423 8625 13969
13837 13423 13969
13421 13423 13837
13969 8319 13837
16221 16071 8320
16677 8322 16071
16221 16677 16071
16675 16677 16221
16989 17153 8626
17153 16675 8626
17153 16989 17625
16525 16675 8624
18571 18107 18103
8631 8323 8325
8328 9479 9977
9479 9875 9977
9479 9483 9875
9875 8634 9977
8635 11951 12123
12123 11951 8329
11951 12435 8329
11951 12437 12435
8325 12435 12437
8325 12437 8631
17161 16987 8326
17633 17451 16987
17633 16987 17161
18111 17937 17451
18111 17451 17633
9483 9479 9113
18411 8630 18571
9113 9479 9109
8773 9109 8769
8631 8629 8323
17161 8326 8324
17161 8324 17157
17157 17633 17161
17157 17629 17633
17629 18111 17633
17629 18107 18111
18107 18575 18111
18107 18571 18575
18571 8630 18575
18575 8630 8632
8633 8481 8327
8327 8481 8477
8481 8769 8477
8773 8769 8481
9113 9109 8773
18575 18407 17937
16221 8318 16219
14383 8317 14261
19003 8614 19005
19005 8614 8616
17607 17454 8615
17454 17607 8617
17607 18087 8617
17607 18085 18087
18085 18551 18087
18085 18549 18551
18549 19009 18551
18549 19005 19009
19005 8616 19009
19009 8616 8618
18087 17940 8617
17940 18087 18410
18410 18087 18551
18545 19003 19005
18410 18551 18872
18545 19005 18549
18083 18549 18085
18409 8612 18543
17605 8613 17603
17603 8613 8611
17603 18083 17605
17603 18081 18083
18081 18545 18083
18081 18543 18545
18871 19003 8612
19003 18543 8612
19003 18545 18543
18871 8614 19003
17607 8615 17605
17605 8615 8613
17605 18085 17607
17605 18083 18085
18083 18545 18549
16221 8320 8318
18872 18551 19009
8619 14701 14831
14263 14835 14383
14835 14699 14383
14699 8317 14383
14835 8315 14699
15761 15619 8316
16219 8318 15619
15761 16219 15619
16217 16219 15761
16217 8622 16219
16219 8622 8624
8625 13839 13969
8623 14383 13839
13839 14383 13969
14383 14261 13969
14261 8319 13969
8621 14835 14263
19009 8618 18872
8623 14263 14383
16217 15761 15759
14831 14701 15297
15297 14701 15165
15297 15165 15759
15759 15165 15621
15621 8620 15759
14835 8621 14831
14831 8621 8619
15297 15161 8315
14835 15297 8315
14831 15297 14835
15761 8316 15161
15297 15761 15161
15759 15761 15297
16073 16217 8620
16217 15759 8620
16073 8622 16217
18575 17937 18111
8632 18873 19041
8632 19041 8330
8652 8654 8346
8655 8347 8349
8655 8653 8347
8348 8656 8350
8654 8656 8348
8349 9480 8655
8655 9480 9484
8657 9484 9480
8657 9480 8351
4829 8350 8656
4829 8656 4831
4831 8658 4829
4829 8658 8352
8659 9485 8353
8353 9485 9481
8346 8654 8348
8351 9481 9485
8347 8653 8345
8653 9114 9221
8478 8770 8482
8343 8865 8770
4435 8342 8648
4435 8648 4437
4437 8650 4435
4435 8650 8344
8865 8774 8649
9221 8651 9110
9110 8651 8343
8651 8774 8343
8774 8865 8343
8345 9221 9110
8344 8652 8346
8650 8652 8344
9221 9114 8651
8345 8653 9221
8482 8770 8649
8351 9485 8657
5181 8658 5183
8667 8665 8359
5528 5643 8362
5528 8360 5643
8360 8668 5643
8360 8666 8668
8669 9115 9251
8363 9251 9115
8667 8363 9115
8361 8363 8667
8362 5643 5532
8670 8362 5532
8364 8362 8670
5643 8668 5532
8671 7749 8365
8365 7749 7747
8667 8359 8361
5181 8352 8658
8664 8666 8358
8665 8663 8357
5183 8660 5181
5181 8660 8354
8661 8353 8355
8661 8659 8353
8662 5632 5527
8354 8662 5527
8660 8662 8354
5632 8356 5527
8663 8355 8357
8663 8661 8355
5531 5632 8662
5531 8664 5632
8664 8356 5632
8664 8358 8356
8665 8357 8359
8358 8666 8360
8770 8865 8649
8647 8478 8482
8341 8478 8647
11529 11531 11949
12123 8329 11949
19041 18869 8330
18869 19041 8636
35 18869 8636
33 18869 35
35 8638 33
33 8638 8332
8639 1823 8333
8333 1823 1821
1823 2253 1821
2255 2253 1823
8334 2253 2869
2253 2719 2869
2253 2255 2719
11949 11531 12123
2719 8640 2869
11531 8635 12123
11105 11529 11103
18575 8632 8330
18407 18575 8330
18873 8636 19041
8637 8231 8331
8331 8231 8227
8327 8227 8231
8327 8231 8633
9977 9873 8328
9873 9977 8634
10267 9873 8634
10265 9873 10267
10267 10683 10265
10685 10683 10267
10685 11103 10683
11105 11103 10685
11531 11529 11105
8641 8331 8335
8641 8637 8331
495 8332 8638
8645 8643 8337
8644 3571 3685
8340 8644 3685
8338 8644 8340
3571 8646 3685
8339 8228 8645
8645 8228 8232
8647 8232 8228
8647 8228 8341
3685 3569 8340
3569 3685 8646
4001 3569 8646
3999 3569 4001
4001 8648 3999
3999 8648 8342
8645 8337 8339
8642 8644 8338
8642 8338 3147
3273 8642 3147
495 8638 497
497 933 495
935 933 497
935 1387 933
1389 1387 935
8333 1387 1389
8333 1389 8639
18543 17939 18409
2869 2717 8334
8640 3273 8336
2869 8640 8336
2717 2869 8336
3149 8642 3273
8643 8335 8337
8643 8641 8335
3273 3147 8336
8640 3149 3273
18081 17939 18543
18081 17453 17939
17603 17453 18081
13950 14370 14372
14370 8185 14916
14814 14370 14916
14372 14370 14814
14814 14916 8186
15276 14814 8186
15278 14814 15276
15738 15278 15276
15738 15740 15278
16190 15740 15738
16190 16194 15740
16642 16194 16190
16642 16646 16194
8445 16646 16642
8445 16642 8187
13950 14372 8443
8446 3776 3772
14040 13950 8443
8182 4218 4114
4218 3768 3770
4216 3768 4218
8180 4216 8182
8182 4216 4218
13538 13628 8181
13952 8441 14040
14040 8441 8183
8441 13628 8183
13628 13538 8183
8443 13952 14040
8444 3772 3770
8444 3770 8442
4114 4218 8184
4218 3772 8184
4218 3770 3772
13950 14040 8183
8442 3768 8440
8446 3772 8444
8188 3772 3776
8447 17570 17574
8449 17574 17570
8449 17570 8191
8450 2052 2048
8450 2048 8448
2378 2488 8192
2488 2052 8192
2488 2048 2052
2834 2950 2378
2378 2950 2488
8190 2950 2834
18185 8451 18054
8451 8191 18054
8451 8449 8191
8193 18185 18054
8189 17570 8447
8184 3772 8188
8188 3776 3674
3256 3674 3776
14812 14916 8185
8186 14916 14812
8187 17106 8445
8445 17106 17110
8447 17110 17106
8447 17106 8189
1938 8448 2048
1938 2048 2488
1938 2488 2380
2380 2488 2950
2380 2950 2836
2836 2950 8190
3254 2836 8190
3256 2836 3254
8446 3256 3776
3256 3254 3674
8442 3770 3768
8441 13540 13628
13108 13106 13540
8434 8436 8172
2034 8174 1935
8175 11788 8173
8173 11788 11782
8435 11782 11788
8435 11788 8437
8438 2038 2034
8438 2034 8436
8174 2034 2377
2034 2476 2377
2034 2038 2476
2936 2833 2476
2476 2833 2377
3342 3253 2936
2936 3253 2833
8172 8436 1935
3764 3673 3342
8436 2034 1935
8433 8171 8173
8167 11661 11772
8431 8167 11772
8429 8167 8431
8168 8432 8170
8430 8432 8168
11772 8169 11663
8169 8433 11663
8169 8171 8433
8431 11772 11663
1491 8170 8432
1491 8432 1493
1493 8434 1491
1491 8434 8172
11664 8433 11782
8433 8173 11782
8435 11664 11782
3342 3673 3253
3764 8176 3673
4616 4537 8177
3764 4216 4113
3764 3768 4216
4113 4216 8180
4616 8177 4538
4928 4980 4538
4538 4980 4616
8178 4980 4928
12094 12238 8179
12238 12094 8439
12094 12604 8439
12094 12602 12604
13106 12604 12602
13106 13108 12604
13106 8181 13628
13540 13106 13628
8176 3764 4113
3764 3342 3768
3768 3342 8440
3342 3255 8440
4980 4927 4616
4616 4927 4537
4980 8178 4927
11662 11788 8175
12096 8437 12238
12238 8437 8179
8437 11788 8179
8452 2056 2052
11788 11662 8179
1937 2038 8438
2038 1937 2379
2038 2379 2476
2476 2379 2835
2476 2835 2936
2936 2835 3255
2936 3255 3342
8439 12096 12238
8428 8430 8166
8452 2052 8450
8194 2052 2056
18220 17748 8464
18218 17748 18220
8210 18218 18515
18218 18678 18515
18218 18220 18678
18678 8212 18515
8213 16332 8211
8211 16332 16330
8463 16330 16332
8463 16332 8465
8466 18222 18220
8466 18220 8464
18682 18220 18222
18678 18220 18682
8212 18678 8214
17748 17575 8464
8214 18678 18682
17256 17575 17748
16786 17111 17256
8208 1218 1040
16786 16643 8209
17256 17107 16786
16786 17107 16643
17748 17571 17256
17256 17571 17107
18218 18055 17748
17748 18055 17571
18218 8210 18055
16330 16191 8211
16647 16786 8209
16647 8209 16191
8463 16647 16191
16330 8463 16191
16786 16647 17111
17256 17111 17575
602 1218 754
8215 16334 8213
16792 16648 8465
18226 17576 17756
18056 18226 17756
8218 18056 17756
8216 18226 18056
16644 16794 8217
8219 17266 16644
17266 16794 16644
17266 17264 16794
17572 17756 8220
17756 17266 8220
17756 17264 17266
8218 17756 17572
17108 17266 8219
8220 17266 17108
8611 17453 17603
18226 8468 17576
8213 16334 16332
17112 17756 17576
16794 17264 16792
16332 16792 8465
16334 16792 16332
8467 16648 16792
8468 18226 18222
8468 18222 8466
18516 18682 8216
18682 18226 8216
18682 18222 18226
8214 18682 18516
16192 16334 8215
8217 16794 16192
16794 16334 16192
16794 16792 16334
17264 17112 8467
16792 17264 8467
17112 17264 17756
1040 1218 602
602 754 8207
8206 1642 1492
8457 18514 8199
1494 8458 1636
2066 8456 1494
1636 2066 1494
2070 2066 1636
8198 2066 8200
8200 2066 2070
18980 8457 19122
8457 8201 19122
8457 8199 8201
8459 18980 19122
1042 8460 1212
1636 8458 1042
1212 1636 1042
1638 1636 1212
8457 18518 18514
1936 2070 8202
8455 18514 18518
8198 2060 2066
18189 8453 18185
18185 8453 8451
18185 8193 8195
18185 8195 18189
8454 2060 2056
8454 2056 8452
8194 2056 8196
8196 2056 2060
18189 18058 8453
8455 18058 18189
8195 8455 18189
8197 8455 8195
8456 2066 2060
8456 2060 8454
8196 2060 8198
8197 18514 8455
2070 1638 8202
2070 1636 1638
8200 2070 1936
750 1214 604
1216 1214 750
1642 1214 1216
1640 1214 1642
8204 1640 8206
8206 1640 1642
148 300 8205
8207 754 148
754 300 148
754 750 300
1218 750 754
1216 750 1218
1492 1642 8208
1642 1218 8208
1642 1216 1218
1214 8462 604
300 750 298
298 750 8461
750 604 8461
8203 19124 8201
8201 19124 19122
298 150 8459
19122 298 8459
19124 298 19122
8461 150 298
8462 1214 1212
8192 2052 8194
8462 1212 8460
1638 1212 1640
8202 1638 8204
8204 1638 1640
18978 19124 8203
8205 300 18978
300 19124 18978
300 298 19124
1640 1212 1214
9821 17121 17119
8715 18061 18059
18521 18519 18061
9424 14052 13844
9819 18065 9425
9425 18065 18063
18065 18523 18063
18525 18523 18065
19078 18985 9820
18985 18525 9820
18985 18523 18525
19078 9426 18985
9821 17119 17199
17199 17119 9427
17119 17581 9427
17119 17585 17581
9425 17581 17585
9425 17585 9819
13428 14052 13642
18987 19078 9820
13844 14052 13428
13428 13642 12972
12974 12442 13242
12442 9818 12779
12442 12974 9818
12974 13242 13642
12974 13642 13430
13430 13642 14052
13430 14052 13846
14468 9816 13846
14468 13846 14052
14268 14468 14052
9424 14268 14052
9422 14468 14268
12779 12444 9817
9818 12444 12779
12972 13242 9423
12972 13642 13242
12442 9423 13242
155 9426 19078
157 155 18987
9431 15285 15283
9429 15283 15285
9429 15285 9823
9430 9826 9432
9824 9826 9430
9827 14823 9433
9433 14823 14821
9431 14821 14823
9431 14823 9825
1495 9432 9826
1495 9826 1497
1497 9828 1495
1495 9828 9434
9829 9433 9435
9829 9827 9433
9825 15285 9431
18987 155 19078
1049 9824 9430
1055 1049 611
157 9822 155
155 9822 9428
9823 15747 9429
9429 15747 15745
15747 16199 15745
16201 16199 15747
16201 16653 16199
16655 16653 16201
16655 9821 17199
17117 16655 17199
16653 16655 17117
17199 9427 17117
609 9428 9822
609 9822 611
611 1049 609
1055 9824 1049
9434 9830 9436
11958 12259 9421
12442 9817 9421
283 9809 44
44 9809 9413
9809 18886 9413
18886 19107 9413
9417 283 44
1394 1625 9418
1625 1394 9414
2045 1625 9414
2047 1625 2045
2045 9806 2047
2047 9806 9810
9415 10690 9807
9807 10690 10692
9811 10692 10690
9811 10690 9419
19107 18886 9805
9416 9812 9420
9804 9808 9412
9807 10272 9415
9803 9407 9411
9803 9799 9407
9408 9804 9412
9800 9804 9408
19107 9805 18882
9805 9409 18882
9805 9801 9409
9413 19107 18882
1828 2045 9414
1828 9410 2045
9410 9806 2045
9410 9802 9806
9411 10272 9803
9803 10272 10274
9807 10274 10272
9412 9808 9416
9817 11958 9421
9808 9812 9416
735 9813 502
9421 12259 11956
14270 9816 14468
14270 14468 9422
14710 14270 9422
14712 14270 14710
14710 9420 14712
14712 9420 9812
735 506 9813
506 735 942
942 735 1201
942 1201 1396
1396 1201 1627
1627 9814 1396
12259 11958 9815
12779 9817 12442
11536 11956 11538
283 48 9809
11538 11956 9815
11536 11538 11112
502 9813 9417
9813 48 9417
48 283 9417
940 1201 735
940 735 502
1201 940 9418
1625 1201 9418
1627 1201 1625
9814 1627 1830
1627 2047 1830
1627 1625 2047
2047 9810 1830
9419 11110 9811
9811 11110 11112
11536 11112 11110
11956 12259 9815
9828 9830 9434
14824 9829 14894
9829 9437 14894
9457 9459 9853
9851 17716 17587
9854 1202 1200
9854 1200 9852
9458 1200 9460
9460 1200 1202
9855 9459 9461
9855 9853 9459
9856 1204 1202
9856 1202 9854
9460 1202 9462
9462 1202 1204
9857 9461 9463
9857 9855 9461
612 9858 740
9457 9853 17587
1204 9856 612
17716 9457 17587
9456 1198 9458
9846 9848 9452
17582 17708 9453
9847 17708 17582
9455 9847 17582
9849 9847 9455
9850 1198 1053
9454 9850 1053
9848 9850 9454
1198 9456 1053
17716 17583 9457
9455 17583 17716
9851 9455 17716
9849 9455 9851
9852 1200 1198
9852 1198 9850
9458 1198 1200
9452 9848 9454
1204 612 740
9464 1054 740
18988 18986 156
9466 292 156
17600 17463 9705
10091 17951 17600
17951 17463 17600
17951 17949 17463
18540 18419 10092
18419 17951 10092
18419 17949 17951
18540 9706 18419
10093 16999 9707
9707 16999 16997
17465 17600 9705
16997 17465 9705
16999 17465 16997
18988 156 292
1054 1204 740
9860 18988 292
18986 18526 18524
9462 1204 1054
9463 17584 9857
9857 17584 17588
9859 17588 17584
9859 17584 9465
158 9860 292
740 9858 158
740 158 292
610 740 292
9466 610 292
9464 740 610
9465 18064 9859
9859 18064 18066
18524 18066 18064
18524 18526 18066
18986 18988 18526
9847 17586 17708
9845 9451 9453
9845 9453 17708
9835 15748 15826
1056 9836 9442
1056 9442 1050
1050 9440 1056
1056 9440 9834
15284 15368 9441
9443 15828 15284
15828 15368 15284
15828 15826 15368
16284 16202 9835
15826 16284 9835
15828 16284 15826
9837 16202 16284
9838 1180 1051
9442 9838 1051
15368 15826 15366
9836 9838 9442
15366 15826 9833
9439 15368 15366
9829 9435 9437
9831 14824 14894
1498 9832 9438
1498 9438 1496
1496 9436 1498
1498 9436 9830
14822 14894 9437
15286 9831 15366
15366 9831 9439
9831 14894 9439
14894 14822 9439
9833 15286 15366
9438 9834 9440
9832 9834 9438
9441 15368 9439
15826 15748 9833
1180 9444 1051
15746 15828 9443
16200 16284 15746
9449 17224 9447
9447 17224 17222
9841 17222 17224
9841 17224 9843
9448 1187 1058
9844 9448 1058
9450 9448 9844
1187 9842 1058
17118 17224 9449
9843 17224 17118
9451 9843 17118
9845 9843 9451
9450 9846 9452
9844 9846 9450
17586 9845 17708
9446 9840 9842
9446 9842 1187
1052 9446 1187
1052 1187 9448
15746 16284 15828
16656 9837 16748
16748 9837 9445
9837 16284 9445
16284 16200 9445
9839 16656 16748
1057 1180 9838
2941 9798 2726
1057 9840 1180
9840 9446 9444
16654 16748 9445
17120 9839 17222
17222 9839 9447
9839 16748 9447
16748 16654 9447
9841 17120 17222
9840 9444 1180
2726 2262 2260
2726 2260 9406
2941 2726 9406
4946 5189 5288
5537 9368 5288
5189 5537 5288
5539 5537 5189
5539 9764 5537
5537 9764 9370
8783 9371 8881
9371 9763 8881
9371 9765 9763
8881 9369 8783
9370 9766 9372
9764 9766 9370
9767 8001 8023
8023 8001 8287
8287 8001 8245
4946 4837 5189
8287 8245 9373
4837 4946 9762
9123 9369 8881
9367 9239 9127
9759 9367 9127
9365 9367 9759
4445 4572 9760
9762 4946 4835
9762 4835 9366
4445 9762 9366
4572 4445 9366
5288 5187 4946
4946 5187 4835
5288 9368 5187
9763 8787 8881
9761 9239 8787
8787 9239 8881
9239 9123 8881
9239 9367 9123
9761 9127 9239
8245 8491 9373
9371 8491 8495
9771 7251 9377
9377 7251 7249
9375 7249 7251
9375 7251 9769
9376 6007 5890
9772 9376 5890
9378 9376 9772
6007 9770 5890
9773 9377 9379
9773 9771 9377
9774 6018 5887
9378 9774 5887
9772 9774 9378
6018 9380 5887
9775 9379 9381
9374 9768 9770
8245 8495 8491
9374 9770 6007
5886 6007 9376
9371 8495 9765
5885 9372 9766
5885 9766 5889
5889 9768 5885
5885 9768 9374
9769 7507 9375
9375 7507 7505
7507 7753 7505
7755 7753 7507
7755 9767 8023
7999 7755 8023
7753 7755 7999
8287 8241 7999
8287 7999 8023
8287 9373 8241
5886 9374 6007
9366 4568 4572
9364 4568 9366
9760 4568 9758
4005 9742 4007
4007 9744 4005
4005 9744 9350
9745 9349 9351
9745 9743 9349
4441 9350 9744
4441 9744 4443
4443 9746 4441
4441 9746 9352
8285 9747 8240
9747 9351 8240
9747 9745 9351
9353 8285 8240
9352 9748 9354
9746 9748 9352
4005 9348 9742
8285 8244 9747
9741 8280 8243
9347 9743 8243
8278 9739 8239
9737 8546 8493
3155 3270 9738
3155 9740 3270
9740 9344 3270
9740 9346 9344
9347 8280 9345
9345 8280 8278
9739 8278 8280
9739 8280 9741
3575 9346 9740
3575 9740 3577
3577 9742 3575
3575 9742 9348
8280 9347 8243
9347 9349 9743
9749 8244 8285
9353 9749 8285
9355 9749 9353
9755 9359 9361
9755 9753 9359
9756 4564 4560
9756 4560 9754
9360 4560 9362
9362 4560 4564
9757 9361 9363
9757 9755 9361
9758 4568 4564
9758 4564 9756
9362 4564 9364
9364 4564 4568
9759 9363 9365
9759 9757 9363
9760 4572 4568
9360 9358 9752
9360 9752 4444
4560 9360 4444
4444 9754 4560
9354 9750 9356
9748 9750 9354
9355 8490 9749
9749 8490 8494
8782 8869 9751
8494 8782 9751
8490 8782 8494
9775 9773 9379
9357 8869 8782
9750 9752 9356
8869 8786 9751
9357 9122 8869
9122 8786 8869
9122 9126 8786
9753 9126 9122
9753 9122 9359
9356 9752 9358
10091 17600 17465
9776 6024 6018
9380 6018 9382
9124 9128 8788
9791 9128 9124
9791 9124 9399
15626 15837 9400
15837 15626 9396
16291 15837 9396
16293 15837 16291
9792 16293 16532
16293 16751 16532
16293 16291 16751
16751 9788 16532
18169 17950 9789
18641 9793 18418
18418 9793 9397
9793 17950 9397
9124 8788 8784
17950 18169 9397
8784 8788 8496
9395 8784 8599
16747 16291 9392
16751 16291 16747
9788 16751 16998
16751 17219 16998
16751 16747 17219
16998 17219 17464
17464 17219 17697
18169 9789 17948
17948 9789 9393
9789 17464 9393
17464 17697 9393
9397 18169 17948
9394 9790 9398
9786 9790 9394
8599 8496 9787
8784 8496 8599
16291 16078 9392
9401 18641 18418
9790 9794 9398
2724 9402 2941
9402 9798 2941
9402 9794 9798
9880 10074 9403
9795 10074 9880
9407 9795 9880
9799 9795 9407
9404 15379 15174
9800 9404 15174
9408 9404 9800
15379 9796 15174
9801 9405 9409
9801 9797 9405
2262 9802 9410
2262 9410 2260
2724 2941 9406
9398 9794 9402
9405 9797 9401
9797 18420 18641
9399 9490 9791
9791 9490 9492
9490 9403 10074
9882 9490 10074
9492 9490 9882
9795 9882 10074
15172 15379 9404
15837 15628 9400
9400 15628 15172
15628 9796 15172
9796 15379 15172
15628 15837 16080
16080 15837 16293
16293 9792 16080
18641 18420 9793
9401 9797 18641
16078 16291 9396
9395 8599 8492
8246 8309 9391
3576 3751 9388
4006 4199 3751
4006 3751 3576
4442 4607 4199
4442 4199 4006
4836 4973 4607
4836 4607 4442
5188 5315 4973
5188 4973 4836
5671 5540 9386
9386 5540 5188
5540 9782 5188
9782 5315 5188
5671 9780 5540
9387 7754 9781
9781 7506 9387
9781 7754 7756
9781 7508 7506
9385 7506 9779
9382 6018 6024
9777 9381 9383
9777 9775 9381
9384 5888 6024
9776 9384 6024
9778 9384 9776
9382 6024 5888
9383 7250 9777
9777 7250 7252
9779 7252 7250
9779 7250 9385
5538 5671 9386
5538 9384 5671
9384 9780 5671
9384 9778 9780
9779 7506 7508
7754 9389 8044
8002 7754 8044
7756 7754 8002
9391 8309 8242
16530 16747 9392
16996 17219 16747
16996 16747 16530
17462 17697 17219
17462 17219 16996
9393 17697 17462
9390 3333 3156
9786 9390 3156
9394 9390 9786
3333 9784 3156
8309 8246 9785
8599 9787 8492
8492 9787 9391
9787 8246 9391
9785 8242 8309
9785 9783 8044
8242 9785 8044
8000 8242 8044
9783 8002 8044
3154 3333 9390
3751 3578 9388
9388 3578 3154
3578 9784 3154
9784 3333 3154
3578 3751 4008
9776 6018 9774
4008 3751 4199
4446 4199 4607
4446 4607 4838
4838 4607 4973
4838 4973 5190
5190 4973 5315
5315 9782 5190
8000 8044 9389
4008 4199 4446
9739 8493 8239
18421 18540 10092
18421 18883 18540
9787 8496 10173
10173 8496 8500
8788 8500 8496
8788 8792 8500
9128 8792 8788
9128 9130 8792
9128 9791 9684
9494 9128 9684
9130 9128 9494
10177 9494 9684
16532 16753 9792
16753 16532 9788
17221 16753 9788
17223 16753 17221
17221 17703 17223
5677 10172 5542
17221 17701 17703
5321 5319 5677
10176 5321 5542
17464 17701 17221
17464 17221 16998
9789 17701 17464
3341 9790 9786
3341 9786 3337
10174 3341 3580
3341 3759 3580
3341 3337 3759
3759 10170 3580
4613 4450 10171
4450 4613 10175
4613 4979 10175
4613 4977 4979
4977 5321 4979
4977 5319 5321
5321 5677 5542
16998 17221 9788
17701 9789 17950
17703 17701 18171
16753 16295 9792
16755 16295 16753
16753 17225 16755
16753 17223 17225
17223 17705 17225
17223 17703 17705
17703 18173 17705
17703 18171 18173
18171 9793 18420
18643 18171 18420
18173 18171 18643
9797 18643 18420
9794 3345 3158
10180 9794 3158
9798 9794 10180
16295 16080 9792
18171 17701 17950
16080 15839 15628
15628 15839 9796
9793 18171 17950
3345 9794 9790
3345 9790 3341
3341 10174 3345
3345 10174 10178
4979 4840 10175
4840 4979 5192
5192 4979 5321
5321 10176 5192
9492 9684 9791
9684 9492 10177
9492 9884 10177
9492 9882 9884
10179 9884 9882
10179 9882 9795
16080 16295 15839
3345 10178 3158
10173 8246 9787
10169 8246 8250
9778 10164 9780
10162 10164 9778
9779 7508 10163
10163 7508 7510
7508 9781 7790
7758 7508 7790
7510 7508 7758
10165 7758 7790
5540 5673 9782
5540 9780 5673
9780 10166 5673
9780 10164 10166
7756 7790 9781
7790 7756 10165
7756 8004 10165
10163 7252 9779
7756 8002 8004
10163 7254 7252
9777 7252 10161
10154 9772 6008
10156 9772 10154
9770 6008 5890
10157 9771 9773
10157 10155 9771
9772 10158 9774
10156 10158 9772
10159 9773 9775
10159 10157 9773
9774 10160 9776
10158 10160 9774
10161 9775 9777
10161 10159 9775
9776 10162 9778
10160 10162 9776
10161 7252 7254
10173 8250 8246
10167 8004 8002
3578 3755 9784
10170 3759 4012
3759 4203 4012
3759 3755 4203
4012 4203 10171
4203 4613 10171
4203 4611 4613
4611 4977 4613
4611 4975 4977
4975 5319 4977
4975 5317 5319
5317 5677 5319
5317 5675 5677
5675 10168 5677
5677 10168 10172
9785 8246 10169
3759 3337 3755
10167 8002 9783
3755 3337 9784
3156 3337 9786
4008 4203 3755
4008 3755 3578
4446 4611 4203
4446 4203 4008
4838 4975 4611
4838 4611 4446
5190 5317 4975
5190 4975 4838
5317 5190 9782
5673 5317 9782
5675 5317 5673
5673 10166 5675
5675 10166 10168
10169 9783 9785
10169 10167 9783
3337 3156 9784
10181 9795 9799
10181 10179 9795
15174 15381 9800
942 1203 737
942 737 506
1396 1629 1203
1396 1203 942
1629 1396 9814
2049 1629 9814
2053 1629 2049
2049 10196 2053
2053 10196 10200
11355 11114 10197
11114 11355 10201
11355 11803 10201
11355 11801 11803
11801 9815 11958
12263 11801 11958
10199 10195 9813
11803 11801 12263
10199 9813 506
15391 10194 15176
11112 10197 9811
10197 10694 9811
10694 10929 9811
11538 11801 11355
11538 11355 11112
9815 11801 11538
13848 10198 14048
13848 14048 9816
14270 13848 9816
14272 13848 14270
14712 14272 14270
14712 14714 14272
15391 15176 9812
15176 14712 9812
15176 14714 14712
737 10199 506
11355 10197 11112
9817 12263 11958
12976 9818 12974
9817 12444 12263
12444 11960 12263
12444 12446 11960
12444 9818 12446
12446 9818 10202
1631 1398 10203
1631 10204 1398
10205 17589 17675
17675 17589 9819
17589 18065 9819
17589 18067 18065
18067 18525 18065
18527 18525 18067
18527 10206 18525
18525 10206 9820
11960 11803 12263
12976 10202 9818
11540 11803 11960
2053 10200 1832
13430 12976 12974
13430 13432 12976
10198 13432 14048
13432 13846 14048
13432 13430 13846
9816 14048 13846
737 508 10199
508 737 944
944 737 1203
944 1203 10203
1203 1631 10203
1203 1629 1631
10204 1631 1832
1631 2053 1832
1631 1629 2053
11803 11540 10201
10929 10694 10193
9810 10192 10196
9810 10196 2049
2262 2481 9802
2728 10184 2481
2262 2728 2481
2726 2728 2262
2726 9798 2728
2728 9798 10180
10185 9799 9803
10185 10181 9799
15383 9804 9800
15383 9800 15381
10186 15383 15630
15383 15841 15630
15383 15381 15841
15630 15841 16082
16082 15841 16297
18643 9801 18645
16082 16297 16534
18643 9797 9801
18173 18645 10183
15381 15174 9796
15839 15381 9796
15841 15381 15839
15839 16297 15841
15839 16295 16297
16295 16757 16297
16295 16755 16757
10182 16757 17000
16757 17225 17000
16757 16755 17225
17000 17225 17466
17466 17225 17705
17466 17705 17952
17952 17705 18173
17952 18173 10183
18173 18643 18645
16534 16297 16757
16757 10182 16534
18645 18422 10183
10188 10192 9806
10929 10193 10692
10193 9807 10692
10193 10189 9807
9811 10929 10692
15391 9812 9808
15391 9808 15387
15387 10190 15391
15391 10190 10194
9809 48 10191
10191 48 52
10195 52 48
10195 48 9813
1830 2049 9814
1830 9810 2049
9806 10192 9810
10191 18886 9809
10191 18888 18886
10187 18886 18888
10187 18422 18645
9801 10187 18645
9805 10187 9801
9802 2481 2264
10188 9802 2264
9806 9802 10188
2481 10184 2264
9772 5890 6008
9803 10274 10185
10189 10276 10274
10189 10274 9807
15387 9808 9804
15387 9804 15383
15383 10186 15387
15387 10186 10190
9805 18886 10187
10185 10274 10276
9769 7253 10153
9769 7251 7253
9771 7253 7251
11248 9732 11111
12636 12443 9733
12975 13136 9729
12975 9729 12443
10117 12975 12443
12636 10117 12443
10115 13136 12975
647 505 9730
1101 9734 505
647 1101 505
1097 1101 647
1097 10116 1101
1101 10116 10118
10119 10275 9735
9735 10275 10273
10816 11111 10691
10693 10816 9731
11248 11111 10816
943 10116 1097
9726 10112 9728
201 51 643
643 51 507
507 10114 643
13136 12973 9729
9727 12973 13136
10115 9727 13136
10113 9727 10115
201 47 9728
647 9730 47
201 647 47
643 647 201
943 1097 10114
1097 643 10114
1097 647 643
10816 10691 9731
9728 10112 201
10273 10693 9731
10816 10693 11113
2263 10120 2411
8856 8785 9737
10121 9129 8856
9129 8785 8856
9129 9125 8785
9129 9491 9125
9493 9491 9129
9493 9881 9491
9883 9881 9493
9735 9881 9883
9735 9883 10119
1971 1829 9736
2411 2261 1829
2411 1829 1971
2725 2261 2411
2411 1831 2263
10275 10693 10273
1971 1831 2411
1395 1831 1971
10816 11113 11248
11537 9732 11248
11113 11537 11248
11539 11537 11113
11539 11957 11537
11959 11957 11539
12445 12636 9733
11957 12445 9733
11959 12445 11957
10117 12636 12445
1101 941 9734
941 1101 10118
1397 941 10118
1395 941 1397
9736 1395 1971
1395 1397 1831
10112 51 201
10113 10111 9725
10113 9725 9727
16664 16531 9715
9713 16531 16664
10101 9713 16664
10099 9713 10101
9716 504 622
10100 9716 622
10102 9716 10100
9714 622 504
16212 16079 9717
16533 16664 9715
16533 9715 16079
10103 16533 16079
16212 10103 16079
10101 16664 16533
9716 10104 9718
622 9714 503
10102 10104 9716
10098 10100 9712
10100 622 503
18887 18883 18421
18887 10094 18883
18883 10094 9708
10095 9707 9709
10095 10093 9707
45 9708 10094
45 10094 49
49 10096 45
45 10096 9710
10097 9709 9711
10097 10095 9709
9710 10098 9712
10096 10098 9710
10099 9711 9713
10099 10097 9711
9712 10100 503
10105 13847 9719
9719 13847 13845
13847 14269 13845
18884 9720 19017
9720 10108 19017
9720 10106 10108
10109 9721 9723
10109 10107 9721
19019 9724 9722
19019 9722 19017
19017 10108 19019
19019 10108 10110
10111 9723 9725
10111 10109 9723
19019 18885 9724
19019 10110 18885
10110 9726 18885
10110 10112 9726
18884 19017 9722
9719 13431 10105
9719 13429 13431
9721 13431 13429
14271 14269 13847
14271 14711 14269
14713 14711 14271
14713 15173 14711
15175 15173 14713
15175 15627 15173
15629 15627 15175
10122 2725 2411
16081 16212 9717
15629 16081 15627
10103 16212 16081
50 10106 9720
50 9720 46
46 9718 50
50 9718 10104
10107 13431 9721
15627 16081 9717
18883 9706 18540
10120 10122 2411
2870 9738 2725
9760 4166 4445
4166 4576 4445
4166 4170 4576
4576 9762 4445
8787 9763 8877
9763 10145 8877
9763 10147 10145
8877 9761 8787
4011 4170 10146
4170 4011 4449
4170 4449 4576
4837 9762 4576
4449 4837 4576
4839 4837 4449
4839 5189 4837
10146 4166 10144
5191 5189 4839
10146 4170 4166
9127 9761 8877
10142 4156 10140
9756 4156 9758
9758 4156 4162
9235 10143 9231
9231 10143 10141
9231 9757 9759
9231 9759 9235
10144 4166 4162
10144 4162 10142
9758 4162 9760
9760 4162 4166
10145 8791 8877
10143 9235 8791
8791 9235 8877
9235 9127 8877
9235 9759 9127
10142 4162 4156
5640 5539 10148
5539 5189 5191
10150 10152 9766
6000 9768 5889
10153 7509 9769
9769 7509 7507
7509 7755 7507
7757 7755 7509
8003 8024 9767
7755 8003 9767
7757 8003 7755
10151 8024 8003
10154 6008 6000
10154 6000 10152
9768 6000 9770
9770 6000 6008
10155 7253 9771
9766 10152 5889
5539 5191 10148
10152 6000 5889
8245 8249 8495
5640 9764 5539
10149 8499 8567
9765 8567 8499
10147 9765 8499
9763 9765 10147
5541 5640 10148
5541 10150 5640
10150 9764 5640
10150 9766 9764
8024 8001 9767
10151 8249 8024
8249 8001 8024
8249 8245 8001
8249 10149 8567
8495 8249 8567
8567 9765 8495
9227 9757 9231
9227 9755 9757
9227 10141 10139
3157 10126 9740
3274 3157 9740
3682 9742 3577
10127 8247 9743
9743 8247 8243
9741 8243 8247
9741 8247 10125
3579 3682 10126
4007 9742 3682
3579 4007 3682
4009 4007 3579
4009 10128 4007
4007 10128 9744
10129 9743 9745
10129 10127 9743
10126 3577 9740
4443 9744 10128
10126 3682 3577
10123 8548 8497
8548 8493 9739
8789 8856 9737
8789 9737 8493
10123 8789 8493
8548 10123 8493
10121 8856 8789
2727 2870 10122
10124 3274 3155
10124 3155 9738
2727 10124 9738
2870 2727 9738
3274 9740 3155
8548 9739 8497
9739 10125 8497
9739 9741 10125
3157 3274 10124
4443 10128 4447
4447 10130 4443
4443 10130 9746
8786 9126 8790
9753 9225 9126
4448 10138 9754
4448 9754 4444
4444 9752 4448
4448 9752 10136
9227 10139 9225
9225 10139 10137
9225 9753 9755
9225 9755 9227
4010 10140 4156
4156 9756 4010
9756 10138 4010
9756 9754 10138
9231 10141 9227
8790 9126 10137
9126 9225 10137
10135 8786 8790
9751 8786 10135
10131 9745 9747
10131 10129 9745
9746 10132 9748
10130 10132 9746
9747 8244 10131
10131 8244 8248
10133 8248 8244
2725 10122 2870
10133 8244 9749
10132 10134 9748
9749 8494 10133
10133 8494 8498
10135 8498 8494
10135 8494 9751
9750 10136 9752
10134 10136 9750
9748 10134 9750
18061 18519 18059
8493 9343 8239
8278 8239 9345
9489 9487 9121
9489 9877 9487
9879 9877 9489
9879 10269 9877
10271 10269 9879
10271 10687 10269
10689 10687 10271
10689 9337 11247
11107 10689 11247
10687 10689 11107
11107 11247 9338
11535 11107 9338
11533 11107 11535
11535 11953 11533
11955 11953 11535
9121 9487 9117
8967 11953 11955
9121 9117 8781
8781 8777 8485
19027 9334 19031
19031 9334 9336
9337 11109 11247
11109 9338 11247
9339 12441 8967
8967 12441 12439
8965 12439 12441
8965 12441 9335
19035 8968 8966
19035 8966 19031
19031 9336 19035
19035 9336 9340
8544 8485 8969
9341 8781 8544
8781 8485 8544
8781 9117 8777
19031 8964 19027
8967 11955 9339
9340 43 213
939 1393 1391
1393 1825 1391
1827 1825 1393
1827 2257 1825
2259 2257 1827
2259 2721 2257
2723 2721 2259
2723 3151 2721
3153 3151 2723
3153 9344 3151
3151 9344 8974
8276 8971 8239
8971 9345 8239
8971 8975 9345
9343 8276 8239
939 1391 8973
19035 18877 8968
1109 939 8973
499 939 1109
9340 213 8970
19035 9340 8970
18877 19035 8970
43 9342 213
8276 8235 8971
8489 8544 8969
8489 8969 8235
9343 8489 8235
8276 9343 8235
9341 8544 8489
213 39 8970
39 213 9342
501 39 9342
499 39 501
8972 499 1109
499 501 939
1109 937 8972
19031 8966 8964
8963 12969 12971
14379 14265 13965
14265 8955 13965
14379 8951 14265
17147 8956 8952
17147 8952 17145
17145 17617 17147
17145 17615 17617
17615 8953 17944
18093 17615 17944
17617 17615 18093
18093 17944 8954
18555 18093 8954
18557 18093 18555
18555 9326 18557
18557 9326 9328
13843 14379 13965
9329 13427 13553
9325 14379 13843
177 9324 42
15625 9323 16211
16075 15625 16211
15623 15625 16075
16211 8949 16075
16992 17145 8952
17458 17615 17145
17458 17145 16992
8953 17615 17458
18414 18555 8954
18880 9326 18555
18414 18880 18555
18876 18880 18414
177 42 8950
42 18876 8950
42 18880 18876
9327 13843 13965
8963 12971 9333
9327 13965 13427
13965 13967 13553
13967 8957 13841
17619 17459 8958
17619 8959 17459
18559 18415 8960
18559 9330 18415
9330 8962 18415
9330 9332 8962
9333 8961 8963
9333 9331 8961
9332 18881 19027
8964 9332 19027
8962 9332 8964
18881 9334 19027
9335 12971 8965
8965 12971 12969
13967 13425 13553
13965 13553 13427
13967 13841 13425
8961 9329 13553
13965 8955 8957
13965 8957 13967
17147 16993 8956
17619 8958 16993
17147 17619 16993
17617 17619 17147
18093 17945 8959
17619 18093 8959
17617 18093 17619
18559 8960 17945
18093 18559 17945
18557 18559 18093
18557 9328 18559
18559 9328 9330
13425 8961 13553
8961 9331 9329
1109 8973 937
8974 9346 8976
9344 9346 8974
8491 8885 8571
8885 8779 8571
8779 9003 8571
8885 9001 8779
9372 5885 5999
9004 9372 5999
9002 9372 9004
5885 9374 5999
9375 7505 9005
9005 7505 7503
7505 7751 7503
7753 7751 7505
7753 7997 7751
7999 7997 7753
7999 8237 7997
9371 8885 8491
8241 8237 7999
9373 8491 8571
9000 9372 9002
5187 9368 5284
9368 8996 5284
9368 8998 8996
9369 9123 8999
8999 9123 9119
8997 9119 9123
8997 9123 9367
5535 8998 9368
5535 9368 5537
5537 9370 5535
5535 9370 9000
9371 8783 8885
9001 8885 8783
9369 9001 8783
8999 9001 9369
9370 9372 9000
4942 5187 5284
8241 9373 8571
8237 8241 8487
9010 9382 9012
9380 9382 9010
9383 9011 9013
9383 9381 9011
5888 9384 9014
5888 9014 5884
5884 9012 5888
5888 9012 9382
7250 9383 7284
9383 9015 7284
9383 9013 9015
9385 7250 7284
5538 9386 9016
5538 9016 5536
5536 9014 5538
9381 9379 9009
8487 8241 8571
9381 9009 9011
5887 9380 5883
8571 9003 8487
9004 5999 5886
9376 9004 5886
9006 9004 9376
5999 9374 5886
9377 7249 9007
9007 7249 7247
9005 7247 7249
9005 7249 9375
9006 9378 9008
9376 9378 9006
9379 9007 9009
9379 9377 9007
5883 9008 9378
5883 9378 5887
5883 9380 9010
4942 4835 5187
4835 4942 9366
9367 9365 8995
4123 9350 8982
4003 4123 8982
4441 9352 4539
8283 8240 9351
9353 8240 8283
8981 9353 8283
8983 9353 8981
4539 4439 8982
4539 9352 4439
9352 8984 4439
9352 9354 8984
8557 9355 8486
9355 8983 8486
9355 9353 8983
8778 8867 8557
9350 4539 8982
8778 8557 8486
9350 4441 4539
8981 8283 8236
9347 8975 8977
9347 9345 8975
3573 8976 9346
3573 9346 3575
3575 9348 3573
3573 9348 8978
9349 8977 8979
9349 9347 8977
9348 4005 4123
8980 9348 4123
8978 9348 8980
4005 9350 4123
8283 9351 8236
9351 8979 8236
9351 9349 8979
4123 4003 8980
8985 8867 8778
8984 9356 8986
9354 9356 8984
9363 8991 8993
9363 9361 8991
9364 4938 4833
8992 9364 4833
9362 9364 8992
4938 8994 4833
9365 8993 8995
9365 9363 8993
9366 4942 4938
9366 4938 9364
8994 4938 5185
4938 5284 5185
4938 4942 5284
5284 8996 5185
9367 8995 8997
9360 9362 8990
8990 9362 8992
9361 9359 8989
9361 8989 8991
8557 8490 9355
8490 8557 8782
8782 8557 8867
9223 9357 9118
9118 9357 8985
9357 8782 8985
8782 8867 8985
15625 15623 15171
8987 9223 9118
9356 9358 8986
9223 9122 9357
9359 9122 9223
8987 9359 9223
8989 9359 8987
8988 9360 8990
9358 9360 8988
8986 9358 8988
15171 15623 15169
15171 15169 14709
14709 15169 14705
12742 12220 12224
12738 12220 12742
13214 12738 12742
13210 12738 13214
13622 13210 13214
13620 13210 13622
14032 13620 13622
14030 13620 14032
14450 14030 14032
14448 14030 14450
14902 14448 14450
14900 14448 14902
9073 14900 14902
9073 14902 9075
8734 9076 8736
8733 12224 12220
9074 9076 8734
8735 12224 8733
8732 9074 8734
12097 12220 8731
12220 12734 8731
12220 12738 12734
13210 12734 12738
13208 12734 13210
13620 13208 13210
13618 13208 13620
14030 13618 13620
14028 13618 14030
14448 14028 14030
14446 14028 14448
14900 14818 9071
14446 14900 9071
14448 14900 14446
9073 14818 14900
9072 9074 8732
12220 12097 8733
12098 12224 8735
12748 12224 12098
13110 13624 13218
8739 14036 13542
14036 13624 13542
14036 14034 13624
14454 14034 14036
14452 14034 14454
9077 14452 14454
9077 14454 9079
8738 9080 8740
9078 9080 8738
13954 14036 8739
8741 14456 13954
14456 14036 13954
14456 14454 14036
9079 14454 14456
13542 13624 13110
8737 12748 12098
12606 13218 12748
12606 12748 8737
12748 12742 12224
13218 12742 12748
13214 12742 13218
13624 13214 13218
13622 13214 13624
14034 13622 13624
14032 13622 14034
14452 14032 14034
14450 14032 14452
14452 9077 14819
14902 14452 14819
14450 14452 14902
9075 14902 14819
8736 9078 8738
9076 9078 8736
13110 13218 12606
9070 9072 8730
8730 9072 8732
9069 14446 9071
16197 16195 15743
16197 16649 16195
16651 16649 16197
16651 17113 16649
17115 17113 16651
8717 17113 17115
8717 17115 9057
8718 9060 8720
9058 9060 8718
14888 14815 8721
8719 14815 14888
9061 8719 14888
9059 8719 9061
9060 1045 1163
8722 9060 1163
15743 16195 15741
8720 9060 8722
15743 15741 15281
8719 15281 15279
18521 18981 18519
18983 18981 18521
18983 151 18981
153 151 18983
153 9056 151
151 9056 8716
9057 17579 8717
8717 17579 17577
8715 17577 17579
8715 17579 9055
605 8716 9056
605 9056 607
607 9058 605
605 9058 8718
9059 15281 8719
15281 15741 15279
1045 9062 1163
14888 8721 14817
8721 9063 14817
9067 14442 14444
9067 14444 9069
8728 9070 8730
9068 9070 8728
12734 12605 8731
13208 13109 12734
12734 13109 12605
13618 13541 13208
13208 13541 13109
13541 13618 8729
13618 14026 8729
13618 14028 14026
14446 14026 14028
14444 14026 14446
9069 14444 14446
14026 14444 14442
14026 14442 8727
13953 14026 8727
14026 13953 8729
8721 8723 9063
9061 14888 14817
1163 1043 8722
1163 9062 1043
9062 8724 1043
9062 9064 8724
9065 8723 8725
9079 14456 9081
9065 9063 8723
9064 9066 8724
14442 14373 8727
8725 14373 14442
9067 8725 14442
9065 8725 9067
8726 9068 8728
9066 9068 8726
8724 9066 8726
5538 9014 9384
15744 9082 15840
15744 16296 16198
17943 18417 18539
17943 17947 18417
18417 9312 18539
9313 16995 8939
8939 16995 16991
16995 9311 17599
17457 16995 17599
16991 16995 17457
17599 8937 17457
18539 18413 8938
9312 18879 18999
9312 18999 8940
18539 9312 8940
18413 18539 8940
18879 9314 18999
8938 17943 18539
9315 8939 8941
17461 17947 17943
17599 17461 8937
8758 1044 742
8756 1206 1044
18193 18062 9097
8757 18520 18193
18520 18062 18193
18520 18522 18062
18982 18522 18520
18982 18984 18522
152 18984 18982
152 154 18984
9098 154 742
154 606 742
154 152 606
8758 742 606
9311 17461 17599
17461 17943 8937
1044 1206 742
9315 9313 8939
9314 41 167
9320 9322 8946
9323 16077 16211
9321 16663 16077
16077 16663 16211
16663 16527 16211
16527 8949 16211
16663 8947 16527
38 177 8950
38 8948 177
8948 9324 177
8948 9322 9324
9325 14267 14379
14379 14267 8951
14267 14705 8951
14267 14709 14705
8946 9322 8948
18999 18875 8940
8945 8947 9319
8947 16663 16529
9314 167 8942
18999 9314 8942
18875 18999 8942
41 9316 167
9317 8941 8943
9317 9315 8941
167 37 8942
167 9316 37
9316 8944 37
9316 9318 8944
9319 8943 8945
9319 9317 8943
8944 9320 8946
9318 9320 8944
9321 16529 16663
9319 8947 16529
1206 608 742
1206 9096 608
608 9098 742
16296 15840 15842
8745 16758 16196
16758 16296 16196
16758 16756 16296
17228 17116 9083
16756 17228 9083
16758 17228 16756
9085 17116 17228
1047 1194 9084
1047 9086 1194
9086 8742 1194
9086 8746 8742
14816 14912 8743
15280 15382 14816
14816 15382 14912
16296 15842 8744
15742 15842 15280
16196 16296 8744
15382 15840 15282
16198 16296 16756
16198 16756 16652
9083 16652 16756
1046 9084 1194
1194 8742 1046
8742 9080 1046
8742 8740 9080
14374 14456 8741
14820 9081 14912
14912 9081 8743
9081 14456 8743
14456 14374 8743
14820 14912 15382
14820 15382 15282
15840 9082 15282
15842 15840 15382
15280 15842 15382
8744 15842 15742
16650 16758 8745
9092 9094 8752
17729 9095 17578
9095 8753 17578
9095 9093 8753
8755 17729 17578
1048 9096 1206
1206 8756 1048
8756 9094 1048
8756 8754 9094
17729 17580 9095
18193 9097 18060
18060 9097 8755
9097 17580 8755
17580 17729 8755
8757 18193 18060
8752 9094 8754
9093 9091 8751
9093 8751 8753
9090 9092 8750
8747 17230 16650
17230 16758 16650
17230 17228 16758
9085 17228 17230
9085 17230 9087
8746 9088 8748
9086 9088 8746
15744 15840 16296
17114 17230 8747
8749 9087 17114
9089 9087 8749
8748 9090 8750
9088 9090 8748
9091 8749 8751
9091 9089 8749
8750 9092 8752
9087 17230 17114
8493 8546 9343
7248 7284 9015
7540 9385 9017
9459 9089 9091
9459 9457 9089
9090 9460 9092
9458 9460 9090
9461 9091 9093
9461 9459 9091
9092 9462 9094
9460 9462 9092
9463 9093 9095
9463 9461 9093
1054 9464 9096
1054 9096 1048
1048 9094 1054
1054 9094 9462
9095 17580 9463
9456 9458 9088
9463 17580 17584
9088 9458 9090
9087 9089 9457
9453 9451 9085
9454 1196 1047
9084 9454 1047
9452 9454 9084
1196 9086 1047
17582 9453 17712
9453 9087 17712
9453 9085 9087
9455 17582 17712
1053 1196 9454
1053 9456 1196
9456 9086 1196
9456 9088 9086
17712 9087 17583
9087 9457 17583
9455 17712 17583
9085 9451 17116
9465 17584 17580
610 9466 9098
18419 9706 18417
18417 9706 9312
9707 16997 9313
9313 16997 16995
9311 16995 16997
9311 16997 9705
18879 9312 9706
18879 9706 18883
18883 9708 18879
18879 9708 9314
9709 9313 9315
9709 9707 9313
41 9314 9708
41 9708 45
45 9710 41
18419 18417 17949
9465 17580 9097
17949 18417 17947
17463 17947 17461
610 9098 608
608 9096 610
610 9096 9464
9097 18062 9465
9465 18062 18064
18522 18064 18062
18522 18524 18064
18984 18524 18522
18984 18986 18524
154 18986 18984
154 156 18986
154 9098 156
156 9098 9466
9705 17463 9311
9311 17463 17461
17949 17947 17463
41 9710 9316
9451 17226 17116
9082 15380 15282
14904 15372 9075
14904 15374 15372
15836 15372 15374
15830 15372 15836
16292 15830 15836
16288 15830 16292
16752 16654 9445
16288 16752 9445
16292 16752 16288
9447 16654 16752
1052 9448 1186
1186 9078 1052
9078 9446 1052
9078 9076 9446
9079 14906 9077
14819 14904 9075
9077 14906 14904
14904 14819 9077
9074 9446 9076
9441 14898 9073
14898 14818 9073
9443 15284 15370
1051 1178 9442
1051 9444 1178
9444 9072 1178
9444 9074 9072
9075 15372 9073
9073 15372 15370
15830 15746 9443
15370 15830 9443
15372 15830 15370
15746 15830 16288
15746 16288 16200
9445 16200 16288
9444 9446 9074
17116 17226 9083
15378 14904 14906
15838 15374 15378
15744 16294 15838
16652 16754 16198
16198 16754 16294
17118 9449 17226
17226 9449 9083
9449 16754 9083
16754 16652 9083
9451 17118 17226
9084 1046 1190
9450 9084 1190
9452 9084 9450
9080 1190 1046
14820 14908 9081
15282 15380 14820
14820 15380 14908
16198 16294 15744
15374 14904 15378
15838 15378 15380
15744 15838 9082
15836 15374 15838
16294 15836 15838
16292 15836 16294
16754 16292 16294
16752 16292 16754
9447 16752 16754
9447 16754 9449
9450 1190 1186
9450 1186 9448
9078 1186 9080
9080 1186 1190
9081 14908 9079
9079 14908 14906
15380 14906 14908
15378 14906 15380
15838 15380 9082
9711 9315 9317
9711 9709 9315
9316 9712 9318
9978 9879 9594
9594 9879 9489
9735 10273 9978
10273 9879 9978
10273 10271 9879
10273 9731 10815
10689 10273 10815
10271 10273 10689
10815 9337 10689
11535 9338 9732
11535 9732 11537
11537 11955 11535
11957 11955 11537
9339 11955 11957
9339 11957 9733
9208 9489 9121
209 43 9340
9594 9489 9208
9208 9121 8854
10691 11109 9337
10691 11111 11109
11111 9732 11109
11109 9732 9338
9733 12443 9339
9339 12443 12441
9335 12441 12443
9335 12443 9729
209 9340 9336
209 9336 205
505 651 9730
651 205 9730
651 209 205
505 9734 651
8854 8781 9341
8854 9121 8781
10815 10691 9337
655 9342 43
651 655 209
1105 939 501
1105 501 655
1537 1393 939
1537 939 1105
1393 1537 9736
1829 1393 9736
1827 1393 1829
1829 2259 1827
2261 2259 1829
2261 2723 2259
2725 2723 2261
3270 3153 9738
3153 2725 9738
3153 2723 2725
3270 9344 3153
655 501 9342
209 655 43
9735 9978 9881
9594 9491 9881
941 1105 9734
1105 651 9734
1105 655 651
1105 941 1537
1537 941 1395
1395 9736 1537
8546 8489 9343
8785 8854 9341
8785 9341 8489
9737 8785 8489
8546 9737 8489
8854 8785 9125
8854 9125 9208
9208 9125 9491
9208 9491 9594
9594 9881 9978
9731 10691 10815
47 9730 205
9334 9728 9336
9322 9718 9324
9716 9718 9322
9719 13845 13961
13961 13845 9325
13845 14267 9325
13845 14269 14267
14269 14709 14267
14711 14709 14269
14711 15171 14709
15173 15171 14711
15173 15625 15171
15627 15625 15173
9323 15625 15627
9323 15627 9717
18880 19015 9326
9321 16079 9715
46 9720 19015
9321 16077 16079
9717 16079 9323
9710 9712 9316
9713 9317 9319
9713 9711 9317
9712 503 621
9320 9712 621
9318 9712 9320
503 9714 621
9715 16531 9321
9321 16531 16529
9319 16529 16531
9319 16531 9713
9320 621 504
9716 9320 504
9322 9320 9716
621 9714 504
9323 16079 16077
18880 46 19015
42 46 18880
42 9324 46
9332 9724 19023
9330 9724 9332
18885 9726 19023
9727 9331 9333
9727 9725 9331
19023 18881 9332
19023 9726 18881
9726 9334 18881
9726 9728 9334
9729 12973 9335
9335 12973 12971
9333 12971 12973
9333 12973 9727
9728 47 205
9336 9728 205
9724 18885 19023
9725 9723 9329
9725 9329 9331
9722 9724 9328
46 9324 9718
9721 13429 13549
9719 13961 13429
13429 13961 13549
13961 13843 13549
13843 9327 13549
13961 9325 13843
15370 9441 9073
9326 19015 18884
9328 9326 9722
19015 9720 18884
13427 9329 13549
9329 9721 13549
9329 9723 9721
13549 9327 13427
9328 9724 9330
9722 9326 18884
15284 9441 15370
14818 14898 9071
9072 9070 9440
9404 9030 15172
9034 9030 9404
15377 9400 15172
19103 9405 19101
19101 9405 9401
19101 9031 9035
19101 9035 19103
1826 2041 9036
2041 1826 9032
2477 2041 9032
2479 2041 2477
9406 2479 2724
2479 2939 2724
2479 2477 2939
2939 9402 2724
9030 15377 15172
10073 9880 9403
9033 10073 9878
9403 9490 9029
18639 18418 9397
19101 9401 18878
18878 9401 9027
9401 18418 9027
18418 18639 9027
9031 19101 18878
2258 2477 9032
2722 2939 2477
2722 2477 2258
2722 9028 2939
9028 9402 2939
9028 9398 9402
9683 9490 9399
10073 9403 9878
9878 9403 9029
9490 9683 9029
15835 9396 15626
9407 9880 10073
9037 9407 9033
14915 9408 9412
19105 18882 9409
281 9413 40
40 9413 9039
9413 18882 9039
18882 19105 9039
9043 281 40
1392 1623 9044
2043 1828 9040
9040 1828 1392
1828 9414 1392
9414 1623 1392
2043 9410 1828
10272 9411 10498
9411 9045 10498
14911 9408 14915
9033 9407 10073
14915 9038 14911
9411 9407 9037
14706 14911 9038
14706 9034 14911
9034 9408 14911
9034 9404 9408
19105 9409 19103
19103 9409 9405
19103 9035 9039
19103 9039 19105
2043 9040 9036
2043 9036 2041
9410 2043 2260
2043 2479 2260
2043 2041 2479
2479 9406 2260
9411 9037 9041
14915 9042 9038
9400 15377 15170
15626 9400 15170
9026 15626 15170
9389 7754 7752
9389 7752 9019
3154 9390 9020
3154 9020 3152
3152 9018 3154
3154 9018 9388
9019 7998 9389
9389 7998 8000
8238 8000 7998
8238 8242 8000
9391 8242 8238
9391 8238 9021
16076 16287 9022
16530 9392 16287
16076 16530 16287
7504 7752 7754
16528 16530 16076
7504 7754 9387
7504 7540 9017
9385 7284 9017
7284 7248 9017
9387 7506 7540
3576 9388 9018
3576 9018 3574
4004 3576 3574
4004 4006 3576
4440 4006 4004
4440 4442 4006
4834 4442 4440
4834 4836 4442
5186 4836 4834
5186 5188 4836
5186 9016 5188
5188 9016 9386
7540 7504 9387
16994 16530 16528
16994 16996 16530
17460 16996 16994
9397 17948 9023
17948 18167 9023
9027 18639 18416
9024 9398 9028
9394 9398 9024
9025 8780 9395
9395 8780 8784
9120 8784 8780
9120 9124 8784
9488 9683 9399
9124 9488 9399
9120 9488 9124
9029 9683 9488
15170 15377 9030
15835 15626 9026
18416 9397 9023
18639 9397 18416
18167 17948 9393
16287 9392 16078
17460 17462 16996
17946 18167 9393
17462 17946 9393
17460 17946 17462
9023 18167 17946
9020 9394 9024
9390 9394 9020
9411 9041 9045
9021 8488 9391
9395 8492 8488
9395 8488 9025
15624 15835 9026
16287 16078 9022
9022 16078 15624
16078 9396 15624
9396 15835 15624
9391 8488 8492
7506 9385 7540
9415 10272 10498
14915 9412 14707
16199 16651 16197
16653 16651 16199
16653 17115 16651
17117 17115 16653
9057 17115 17117
9057 17117 9427
609 704 9428
9060 9058 704
1049 9060 704
609 1049 704
1159 9060 1049
1049 9430 1159
15356 9059 15283
9059 9431 15283
9059 9061 9431
16199 16197 15745
9429 15356 15283
15745 16197 15743
15745 15281 15356
153 18985 9426
153 18983 18985
250 9056 153
9427 17581 9057
9057 17581 17579
9055 17579 17581
9055 17581 9425
155 250 9426
9428 704 607
9428 607 9056
155 9428 9056
250 155 9056
704 9058 607
15356 15281 9059
9429 15745 15356
15745 15743 15281
250 153 9426
1159 1045 9060
9430 9062 1045
9068 9066 9438
1599 9436 1496
14822 9437 14896
9437 9069 14896
9437 9067 9069
9439 14822 14896
9068 9440 9070
9438 9440 9068
9071 14898 9069
9069 14898 14896
9439 14896 14898
9439 14898 9441
1050 9442 1178
1178 9072 1050
9072 9440 1050
9438 9066 1496
1159 9430 1045
9066 1599 1496
9437 9065 9067
9430 9432 9062
9433 14821 9063
9063 14821 14817
9061 14817 14821
9061 14821 9431
9432 1495 1595
9064 9432 1595
9062 9432 9064
1495 9434 1595
9435 9063 9065
9435 9433 9063
1599 9066 9064
1599 9064 1595
1595 9434 1599
1599 9434 9436
9437 9435 9065
18985 18983 18523
18523 18983 18521
18523 18521 18063
9419 10690 10928
9046 9420 9048
9416 9420 9046
733 502 9417
502 733 940
940 733 1199
1199 9418 940
10688 10928 9047
10928 10688 9419
10688 11110 9419
10688 11108 11110
11534 11110 11108
11534 11536 11110
11954 11536 11534
11954 11956 11536
10498 10270 9047
9421 11956 11954
9415 10498 9047
10690 9415 10928
9412 9046 14707
9412 9416 9046
281 44 9413
733 9417 500
500 9417 9043
9417 44 9043
44 281 9043
938 1199 733
938 733 500
1623 1394 9044
9044 1394 938
1394 9418 938
9418 1199 938
1623 9414 1394
10270 10498 9045
10928 9415 9047
9421 11954 9049
14710 9422 14922
14922 9050 14710
14056 14472 13844
14476 14472 14056
14708 14926 9054
14926 14476 9054
14926 14472 14476
9052 14926 14708
13426 13646 9053
13842 14056 13426
13426 14056 13646
14266 14476 13842
13842 14476 14056
9054 14476 14266
9425 18063 9055
9055 18063 18061
18063 18521 18061
14472 9424 13844
13428 14056 13844
13428 13646 14056
12972 12970 13428
9050 9420 14710
9050 9048 9420
9049 12440 9421
9421 12440 12442
9423 12442 12440
9423 12440 9051
14268 9424 14472
14915 14707 9042
14922 9422 14268
14926 14922 14472
9050 14922 9052
9052 14922 14926
9051 12970 9423
9423 12970 12972
12970 9053 13646
13428 12970 13646
14472 14922 14268
1821 1819 1385
13365 9146 12909
7306 13364 6968
16660 17284 16569
17775 15209 17285
17285 15209 15207
15665 15752 17283
15207 15665 17283
15209 15665 15207
15752 15665 16119
15752 16119 16206
16206 16119 16571
16206 16571 16660
17035 17284 16660
16571 17035 16660
17037 17035 16571
17610 17499 17776
17499 17037 17776
16206 16569 16117
17499 17035 17037
16660 16569 16206
16206 16117 15752
15664 15208 15206
15893 17412 15664
13022 13278 16949
13278 13022 17413
13022 13476 17413
13022 13472 13476
13884 13476 13472
13884 13886 13476
14304 13886 13884
14304 14306 13886
17414 14306 14968
14306 14746 14968
14306 14304 14746
16950 14968 14746
15752 15663 17283
15752 16117 15663
15664 15206 16948
18086 17983 17610
18086 17286 17983
17289 13477 13473
13477 17777 13955
13885 13477 13955
13473 13477 13885
13955 17287 13885
91 17288 17778
91 17778 93
93 17780 91
91 17780 17290
17781 13027 17291
17291 13027 13023
17289 13023 13027
17289 13027 17779
17290 17782 17292
17780 17782 17290
17779 13477 17289
17610 17983 17499
18921 17778 17288
18923 18921 18457
17777 13887 13955
13955 13887 17287
13887 14305 17287
13887 14307 14305
14307 14747 14305
14749 14747 14307
17285 14747 14749
17285 14749 17775
17501 17610 17776
17610 17501 17985
17610 17985 18086
18455 17286 18086
17985 18455 18086
18457 18455 17985
18457 18921 18455
18923 17778 18921
12614 12501 17293
15893 15664 16948
15206 14748 16950
1872 16940 17406
12818 12499 16945
16941 12499 12818
17409 16941 12818
17407 16941 17409
16116 16343 16946
16343 16116 16942
16801 16343 16942
16803 16343 16801
16801 17273 16803
16801 17271 17273
17410 17273 17500
17273 17765 17500
17273 17271 17765
17500 17765 17984
1868 16940 1872
17984 17765 18237
1872 16944 1868
16943 18237 17982
16938 2547 2312
17406 16938 2312
16940 16938 17406
2547 17404 2312
13270 16939 13025
16939 17407 13025
16939 16941 17407
17405 13270 13025
16568 16801 16942
17034 17271 16801
17034 16801 16568
17498 17765 17271
17498 17271 17034
17982 18237 17765
17982 17765 17498
1872 17408 16944
15208 14748 15206
16943 18454 18237
18454 18456 17984
16118 17412 15662
17412 15893 15662
16118 16343 16570
16570 16343 16803
16570 16803 17036
17036 16803 17273
17273 17410 17036
12500 12820 16947
13026 17411 13278
13278 17411 16949
17411 12820 16949
12820 12500 16949
17413 13026 13278
14748 17414 14968
14748 14968 16950
16946 16118 15662
18454 17984 18237
16343 16118 16946
17409 12820 17411
18920 18456 18454
18920 18922 18456
90 18922 18920
90 92 18922
540 92 90
540 542 92
978 542 540
978 982 542
1432 982 978
1432 1436 982
1432 16944 1436
1436 16944 17408
16947 12820 16945
16945 12820 12818
17409 12818 12820
15662 15893 16948
17291 12501 12614
17783 17291 12614
17781 17291 17783
2424 1978 1980
2422 1978 2424
17312 2422 17314
17314 2422 2424
17807 11165 17315
17315 11165 11163
11165 11591 11163
11593 11591 11165
11593 12011 11591
12013 12011 11593
17313 12011 12013
17313 12013 17805
1438 17808 1550
1980 17806 1438
1550 1980 1438
17806 1978 17804
1982 1980 1550
17806 1980 1978
17311 12503 12505
17801 17799 17307
17802 2420 2416
17802 2416 17800
17308 2416 17310
17310 2416 2420
17803 17309 17311
17803 17801 17309
1874 17804 1978
2420 17802 1874
1978 2420 1874
2422 2420 1978
17310 2420 17312
17312 2420 2422
17805 12505 17313
17313 12505 12503
17311 12505 17803
17801 17307 17309
2306 2424 17316
2424 1980 1982
17813 10325 17321
17321 10325 10321
17319 10321 10325
17319 10325 17811
544 17814 682
1126 17812 544
1126 544 682
980 1126 682
17322 980 682
17320 1126 980
17815 9931 17323
17323 9931 9927
17321 9927 9931
17321 9931 17813
545 682 17814
17318 1552 1434
2424 1982 17316
17320 1434 1126
1552 984 1126
17314 2424 2306
17809 10747 17317
17317 10747 10743
17315 10743 10747
17315 10747 17807
17810 1552 1550
17810 1550 17808
1870 1982 17318
1982 1552 17318
1982 1550 1552
17316 1982 1870
17811 17317 17319
17811 17809 17317
984 17812 1126
1552 17810 984
1434 1552 1126
17308 2412 2416
17306 2412 17308
17800 2412 17798
17787 13132 17789
17790 202 198
17790 198 17788
17298 198 17300
17300 198 202
17301 13138 17299
17299 13138 13132
17789 13132 13138
17789 13138 17791
17792 206 202
17792 202 17790
17300 202 17302
17302 202 206
13138 17301 13029
17301 17793 13029
17787 13128 13132
17301 17303 17793
17297 13132 13128
17298 17296 17786
17292 17784 17294
17782 17784 17292
12502 12614 17293
17783 12614 12502
17295 17783 12502
17785 17783 17295
17294 17786 17296
17784 17786 17294
13028 17785 13128
17785 17297 13128
17785 17295 17297
17787 13028 13128
94 17788 198
198 17298 94
17298 17786 94
17299 13132 17297
17791 13138 13029
17794 210 206
17794 206 17792
1102 1106 1534
1534 1437 1873
1534 1873 1968
17798 2412 2305
17798 2305 17304
1873 17798 17304
1968 1873 17304
2412 17306 2305
17799 17305 17307
17799 17795 17305
543 656 17796
656 543 983
656 983 1106
17797 1106 983
17800 2416 2412
1534 1106 1437
1106 17797 1437
1102 652 1106
1106 652 656
17302 206 541
206 652 541
206 210 652
1102 979 652
652 979 541
1534 1433 1102
1102 1433 979
17403 13680 13475
1968 1869 1534
1968 17304 1869
17795 17303 17305
17795 17793 17303
95 210 17794
210 95 17796
656 210 17796
652 210 656
1534 1869 1433
13270 17405 13021
17405 13475 13021
13475 16937 13021
16890 6739 6648
17360 16890 6648
16892 16890 17360
6739 17358 6648
8601 17361 8595
8595 17361 17359
8595 16891 16893
8595 16893 8601
16892 17362 16894
17360 17362 16892
8525 16895 8601
16895 17361 8601
16895 17363 17361
8601 16893 8525
6294 6417 16896
8913 16889 8827
6294 16894 6417
8827 16891 8595
8527 8913 8595
8831 9173 9169
9173 9541 9169
9545 9541 9173
9545 9925 9541
9929 9925 9545
9929 10319 9925
10323 10319 9929
16887 10319 10323
16887 10323 17355
6646 6739 16890
6646 16888 6739
16888 17358 6739
16888 17356 17358
17359 8527 8595
17357 8913 8527
8913 8827 8595
8831 9169 16889
16894 17364 6417
17365 8271 8313
9170 9309 16902
9542 9697 9309
9542 9309 9170
16903 9697 9542
5224 17370 5334
5224 5334 5692
5224 5692 5574
6058 17368 5574
5692 6058 5574
6062 6058 5692
16900 6058 16904
16904 6058 6062
8609 8528 17369
16901 8828 8609
8828 8528 8609
16901 8609 8526
16894 17362 17364
17369 17367 16899
8609 17369 8526
16897 8313 8271
17363 16897 8271
16895 16897 17363
16896 6417 6296
17366 16896 6296
16898 16896 17366
6417 17364 6296
8313 8272 17365
17367 8272 8313
16897 17367 8313
16899 17367 16897
5934 17368 6058
6058 16900 5934
16900 17366 5934
16900 16898 17366
17369 16899 8526
8913 8831 16889
17357 8831 8913
17354 17356 16886
17341 8826 16873
5932 17342 6002
6002 16874 5932
16874 17340 5932
16874 16872 17340
16873 9168 17341
17341 9168 9172
17343 9172 9168
17343 9168 16875
5933 6002 17342
5933 17344 6002
17344 16874 6002
17344 16876 16874
16875 9540 17343
17343 9540 9544
17341 8830 8826
9924 10033 17345
17339 8826 8830
16870 6356 6292
17336 6354 6352
17336 6352 17334
16866 6352 16868
16868 6352 6354
17337 16867 16869
17337 17335 16867
17338 6356 6354
17338 6354 17336
16868 6354 16870
16870 6354 6356
17339 16869 16871
17339 17337 16869
16872 6292 6356
17338 16872 6356
17340 16872 17338
16871 8826 17339
9544 9924 17345
9540 9924 9544
16877 10033 9924
17350 6647 6721
16884 17350 6721
16882 17350 16884
6647 17352 6721
17353 16883 16885
17353 17351 16883
6721 6645 16884
6721 17352 6645
17352 16886 6645
17352 17354 16886
17355 10745 16887
16887 10745 10741
16885 10741 10745
16885 10745 17353
16886 17356 16888
17351 17349 16881
17351 16881 16883
6293 17350 16882
6295 17350 6293
16876 17346 16878
17344 17346 16876
10033 9928 17345
16877 10318 10033
10318 9928 10033
10318 10322 9928
17347 10322 10318
8828 8832 8528
17347 10318 16879
17346 17348 16878
16879 10740 17347
17347 10740 10744
17349 10744 10740
17349 10740 16881
6293 16880 17348
6293 17348 6295
16878 17348 16880
545 17816 682
9309 9174 16902
9174 8832 8828
17389 11590 16923
2303 16922 17388
2303 17388 2309
2309 17390 2303
2303 17390 16924
16923 12010 17389
17389 12010 12012
17391 12012 12010
17391 12010 16925
16924 17392 16926
17390 17392 16924
16925 12498 17391
17391 12498 12504
17393 12504 12498
17393 12498 16927
17389 11592 11590
16926 17394 16928
11590 11592 11164
17387 11162 11164
17382 16916 17380
16914 2508 2302
17383 16915 16917
17383 17381 16915
16916 17384 16918
17382 17384 16916
17385 16917 16919
17385 17383 16917
16918 17386 16920
17384 17386 16918
17387 16919 16921
17387 17385 16919
16920 17388 16922
17386 17388 16920
16921 11162 17387
11590 11164 11162
17380 16916 2508
17392 17394 16926
17393 13020 13024
17401 17399 16933
17400 2311 2545
16936 17400 2545
16934 17400 16936
2311 17402 2545
13680 13471 16937
16935 13471 13680
17403 16935 13680
17401 16935 17403
2547 16938 16936
2547 16936 2545
2545 17402 2547
2547 17402 17404
13270 13021 16939
13475 13680 16937
17401 16933 16935
16927 13020 17393
17398 17400 16932
17399 17397 16933
17395 13024 13020
17395 13020 16929
16928 17396 16930
17394 17396 16928
13474 17395 13668
17395 16931 13668
17395 16929 16931
17397 13474 13668
2310 17398 16932
2310 16932 2304
2304 16930 2310
2310 16930 17396
13470 13668 16931
17397 13668 13470
16933 17397 13470
16932 17400 16934
16916 2302 2508
17381 17379 16913
17381 16913 16915
17373 16905 16907
17373 17371 16905
4060 17374 4230
4060 4230 4636
4060 4636 4486
4996 17372 4486
4636 4996 4486
5000 4996 4636
5342 4996 5000
5338 4996 5342
5700 5338 5342
5696 5338 5700
5930 6066 16908
6066 5700 16908
6066 5696 5700
16906 6062 6066
16906 6066 5930
16904 6062 16906
6066 5692 5696
9174 9309 9546
9546 9309 9697
16903 9926 9697
9926 9546 9697
9926 9930 9546
10320 9930 9926
10320 10324 9930
17371 10324 10320
17371 10320 16905
4874 17372 4996
5334 17370 4874
4996 5334 4874
5338 5334 4996
5696 5334 5338
5692 5334 5696
6062 5692 6066
10746 17373 10932
17373 16909 10932
17373 16907 16909
17377 17375 16911
2782 17378 16912
2782 16912 2780
17376 2782 3366
2782 3200 3366
2782 2780 3200
3620 3786 3200
3200 3786 3366
16910 3786 3620
17379 16911 16913
17379 17377 16911
2308 17380 2508
2508 16914 2308
16914 17378 2308
16914 16912 17378
16911 17375 10742
17375 10932 10742
10742 10932 16909
16908 5700 5572
17375 10746 10932
3202 17376 3366
3202 3366 3786
3202 3786 3622
4230 17374 3622
4230 3622 3786
4058 4230 3786
9174 8828 16902
16910 4058 3786
4058 4636 4230
4872 5000 4484
4484 5000 4636
5222 5342 4872
4872 5342 5000
5572 5700 5222
5222 5700 5342
4484 4636 4058
17333 3304 3201
17816 17322 682
17817 8833 8871
1436 17408 1440
1440 17408 17898
17411 13276 17409
17409 13276 13274
13688 13274 13276
13686 13274 13688
14104 13888 17899
13686 14104 17899
13688 14104 13686
17901 13888 14104
16118 16345 17412
16570 16805 16345
16570 16345 16118
17036 17277 16805
17036 16805 16570
1436 1440 986
17767 17502 17410
1436 986 982
982 546 542
13684 13272 13686
17897 13684 13686
17897 13686 17899
17500 17767 17410
17984 18239 17767
17984 17767 17500
18458 17900 18239
17984 18458 18239
18456 18458 17984
18922 18458 18456
18922 18924 18458
92 18924 18922
92 96 18924
542 96 92
542 546 96
982 986 546
13686 13272 13274
17410 17502 17036
17902 17277 17036
16345 16120 17412
16120 15664 17412
16120 15666 15664
16120 16345 16572
16572 16345 16805
16572 16805 17038
17038 16805 17277
17277 17902 17038
13476 13690 17413
13886 14106 13476
13476 14106 13690
14306 14526 13886
13886 14526 14106
17414 14526 14306
15292 15209 17775
15664 15666 15210
17502 17902 17036
15664 15210 15208
15208 14750 14748
17502 17767 17986
17986 17767 18239
18239 17900 17986
13026 13276 17411
17413 13690 13026
13690 13276 13026
13690 13688 13276
14106 13688 13690
14104 13688 14106
14526 14308 17901
14104 14526 17901
14106 14526 14104
14308 14526 17414
14748 14308 17414
14750 14308 14748
15208 15210 14750
15754 15665 15292
17407 13274 13272
1876 17406 17896
17391 12504 17881
17881 12504 12506
17883 12506 12504
17883 12504 17393
17392 17884 17394
17882 17884 17392
17393 13024 17883
17883 13024 13030
17885 13030 13024
17885 13024 17395
2316 17886 2544
2544 17396 2316
17396 17884 2316
17396 17394 17884
17395 13474 17885
17880 17882 17390
17885 13474 13478
17390 17882 17392
17881 12014 12012
17877 11166 11376
17386 17878 17388
17876 17878 17386
11164 11376 17387
11376 11164 17877
11164 11594 17877
11164 11592 11594
17879 11594 11592
17879 11592 17389
2309 17388 17878
2309 17878 2315
2315 17880 2309
2309 17880 17390
17389 12012 17879
17879 12012 12014
17881 12012 17391
17409 13274 17407
17887 13478 13474
17398 2310 2544
17895 17403 13682
17893 17403 17895
2318 17896 17406
2318 17406 2312
2312 17404 2318
2318 17404 17894
13272 13025 17407
13025 13272 17405
13272 13682 17405
13272 13684 13682
17895 13682 13684
17895 13684 17897
1876 17898 17408
1876 17408 1872
1872 17406 1876
17403 13475 13682
17887 13474 17397
13682 13475 17405
17402 17894 17404
17886 17398 2544
17888 17398 17886
17396 2544 2310
17889 17397 17399
17889 17887 17397
17398 17890 17400
17888 17890 17398
17891 17399 17401
17891 17889 17399
2311 17400 17890
2311 17890 2317
2317 17892 2311
2311 17892 17402
17893 17401 17403
17893 17891 17401
17892 17894 17402
15292 15665 15209
16208 16119 15754
15754 16119 15665
18572 18108 18576
19036 18572 18576
19032 18572 19036
17792 19032 17794
17794 19032 19036
18265 17793 17795
18265 18263 17793
17989 18112 18264
18112 17989 18266
18580 18112 18266
18576 18112 18580
19042 18576 18580
19036 18576 19042
17794 19036 95
19036 214 95
18576 18108 18112
19036 19042 214
18264 18108 18262
17791 13033 18261
17790 18258 18926
17790 17788 18258
18261 17789 17791
18261 18259 17789
17988 18262 18108
18568 18260 17988
18108 18568 17988
18572 18568 18108
19032 18568 18572
19028 18568 19032
17790 19028 17792
17792 19028 19032
18263 13033 17793
17793 13033 13029
17791 13029 13033
18264 18112 18108
19028 17790 18926
214 17796 95
1972 1873 1538
1972 1538 1974
17798 1972 17800
17800 1972 1974
18269 17799 17801
18269 18267 17799
99 216 18268
216 99 547
216 547 660
660 547 987
660 987 1110
1110 987 18270
1544 1110 18270
1542 1110 1544
1976 1542 1544
1974 1542 1976
1974 1538 1542
1538 1437 17797
1110 1542 1538
983 1110 17797
1538 1873 1437
1972 17798 1873
18267 17795 17799
18267 18265 17795
18461 18580 18266
18580 18461 18927
18580 18927 19042
19042 18927 18268
216 19042 18268
214 19042 216
17796 214 543
214 660 543
214 216 660
1110 983 660
660 983 543
1110 1538 17797
18460 19028 18926
18460 18568 19028
18460 18260 18568
16208 16573 16662
16662 16573 17039
16662 17039 17140
17501 17776 17140
17039 17501 17140
17503 17501 17039
17503 17985 17501
17987 17985 17503
17987 18457 17985
18459 18457 17987
19012 18923 18248
18923 18459 18248
18923 18457 18459
19012 17778 18923
18249 13479 17779
16208 16121 16573
17779 13479 13477
15754 16121 16208
15292 15667 15754
16662 16571 16208
16208 16571 16119
17140 17037 16662
16662 17037 16571
17140 17776 17037
18247 13889 17777
17777 13889 13887
13889 14307 13887
14309 14307 13889
14309 14749 14307
14751 14749 14309
15211 15292 17775
14749 15211 17775
14751 15211 14749
15292 15211 15667
15754 15667 16121
17777 13477 13479
17777 13479 18247
18925 19012 18248
18255 18253 17783
98 18256 192
192 17786 98
17786 18254 98
17786 17784 18254
17785 13028 18255
18255 13028 13032
18257 13032 13028
18257 13028 17787
17788 94 192
18256 17788 192
18258 17788 18256
17786 192 94
18259 17787 17789
18259 18257 17787
18255 17783 17785
18252 18254 17782
17782 18254 17784
18251 13116 13031
18250 180 93
18250 93 17778
18925 18250 17778
19012 18925 17778
180 17780 93
13116 13027 17781
17779 13027 13116
17875 17385 17387
18251 17779 13116
97 180 18250
97 18252 180
18252 17780 180
18252 17782 17780
13116 17781 13031
17781 18253 13031
17781 17783 18253
18249 17779 18251
17875 17387 11376
11166 17875 11376
17874 17876 17384
17340 5994 5996
8891 17831 8830
17831 17339 8830
17831 17829 17339
17341 8891 8830
17342 5932 5996
17830 17342 5996
17342 5935 6003
17342 17830 5935
5935 17832 6003
17340 5996 5932
8891 8834 17831
17341 9172 8891
9172 8834 8891
9172 9176 8834
17338 5994 17340
17833 9176 9172
17830 5994 17828
17339 17829 17337
17334 5990 17336
17336 5990 5992
8565 17827 8563
8563 17827 17825
8563 17335 17337
8563 17337 8565
5575 5638 17826
5638 5575 17828
5994 5638 17828
5992 5638 5994
17336 5992 17338
17338 5992 5994
8565 8530 17827
17829 8530 8565
17337 17829 8565
17830 5996 5994
5990 5634 5992
17833 9172 17343
6003 17832 5933
17839 10326 17347
10326 10457 17347
17349 10893 10744
6295 17348 17838
6295 17838 6297
6297 17840 6295
6295 17840 17350
10897 17841 10893
10893 17841 17839
10893 17349 17351
10893 17351 10897
6647 17350 17840
6647 17840 6649
6649 17842 6647
6647 17842 17352
10744 17839 17347
6003 5933 17342
10893 17839 10744
17836 17838 17346
17832 17344 5933
17832 17834 17344
17343 9544 17833
17833 9544 9548
17835 9548 9544
17835 9544 17345
17344 17836 17346
17834 17836 17344
17345 9928 17835
17835 9928 9932
10322 10457 17837
9932 10322 17837
9928 10322 9932
17347 10457 10322
17346 17838 17348
10457 10326 17837
5992 5634 5638
5634 5286 5638
5638 5286 17826
4570 4485 17329
4570 17330 4485
8829 17331 8873
17331 17819 8873
17331 17821 17819
8873 17327 8829
985 1142 17820
17822 1578 1435
17822 1435 17328
985 17822 17328
1142 985 17328
1578 17332 1435
3718 3621 17333
17823 4061 3718
4061 3621 3718
1142 17328 981
4061 4059 3621
17818 17820 17326
17820 1142 981
8871 8833 9229
9229 8833 9175
9229 9175 17325
9175 9543 17325
9175 9547 9543
17323 9543 9547
17323 9547 17815
17324 17818 17326
17816 17818 17324
8873 17819 8871
8871 17819 17817
9229 9171 17327
8873 9229 17327
8871 9229 8873
9229 17325 9171
17326 17820 981
4059 4061 17824
4570 4059 17824
4574 4570 17824
2313 2307 1875
2313 2781 2307
2783 2781 2313
2783 3201 2781
3203 3201 2783
3623 3718 17333
3201 3623 17333
3203 3623 3201
17823 3718 3623
4487 4574 17824
4574 4487 4875
4574 4875 4944
4944 4875 5225
4944 5225 5286
5286 5225 17826
1875 2307 1871
1875 1871 1439
1439 1871 1578
1871 17332 1578
17329 4059 4570
17330 4570 4873
4570 4944 4873
4570 4574 4944
5286 5223 4944
4944 5223 4873
5634 5573 5286
10901 17843 10897
5286 5573 5223
5634 5931 5573
5990 17334 5931
17825 8529 8563
17335 8563 8529
17821 17335 8529
17331 17335 17821
1439 1578 17822
5990 5931 5634
17816 17324 17322
10897 17843 17841
10897 17353 10901
4992 4488 4632
4874 4992 4632
17372 4874 4632
17370 4992 4874
10503 10328 17861
17863 10328 10503
17371 17863 10503
17373 17863 17371
4062 17864 17374
4062 17374 4060
17862 4062 4632
4062 4486 4632
4062 4060 4486
17372 4632 4486
10933 17865 10746
4992 17860 4488
17865 17373 10746
4488 17862 4632
9930 10324 9934
5574 5688 5224
5224 5688 5330
17368 5688 5574
17369 8528 17859
17859 8528 8532
8832 8532 8528
8832 8836 8532
9174 8836 8832
9174 9178 8836
9546 9178 9174
9546 9550 9178
9930 9550 9546
9930 9934 9550
10324 10503 17861
9934 10324 17861
17371 10503 10324
5330 4988 4992
17865 17863 17373
2784 17866 2956
17380 2308 2500
17868 17380 2500
17870 17380 17868
17378 2500 2308
17871 17379 17381
17871 17869 17379
17380 17872 17382
17870 17872 17380
17873 17381 17383
17873 17871 17381
17382 17874 17384
17872 17874 17382
17875 17383 17385
17875 17873 17383
17384 17876 17386
17869 17867 17377
17375 10933 10746
17869 17377 17379
17378 2782 2500
2784 2956 17376
3202 2784 17376
3204 2784 3202
3622 3204 3202
3622 3624 3204
3622 17374 3624
3624 17374 17864
10933 10748 17865
17867 10748 10933
17375 17867 10933
17377 17867 17375
2314 17868 2500
2956 17866 2314
2956 2314 2500
2782 2956 2500
17376 2956 2782
5330 4992 17370
5224 5330 17370
17860 4988 17858
9929 9549 10057
9545 9549 9929
10475 10323 9929
10475 9929 10057
10475 17355 10323
17356 17848 17358
17846 17848 17356
17849 8531 17359
17359 8531 8527
17357 8527 8531
17357 8531 17847
6648 6745 17360
6648 17358 6745
17358 17850 6745
17358 17848 17850
9549 17845 10057
17851 17359 17361
9549 9545 9177
9177 9173 8835
17352 17844 17354
17842 17844 17352
17845 9933 10057
10057 9933 10475
10475 9933 10327
17843 10901 10327
10327 10901 10475
10901 10745 10475
10745 17355 10475
10901 17353 10745
17354 17846 17356
17844 17846 17354
17847 8835 17357
17357 8835 8831
8835 9173 8831
9177 9545 9173
17851 17849 17359
6751 17362 17360
6751 17360 6745
17857 8274 8272
17857 8272 17367
4876 17858 4988
4876 4988 5330
4876 5330 5226
5226 5330 5688
5226 5688 5576
5576 5688 17368
5934 5576 17368
5936 5576 5934
5934 17366 5936
5936 17366 17856
17859 17367 17369
17859 17857 17367
17860 4992 4988
17855 8272 8274
17365 8272 17855
6298 17364 17854
6296 17364 6298
6745 17850 6751
6751 17850 17852
17853 8273 8311
17363 8311 8273
17851 17363 8273
17361 17363 17851
17362 6751 6650
10897 17351 17353
17854 17362 6650
6751 17852 6650
8271 17365 8311
17365 17853 8311
17365 17855 17853
8311 17363 8271
6298 17856 17366
6298 17366 6296
17364 17362 17854
17800 1974 17802
2904 3201 3304
2446 2781 2904
1986 16850 1430
1986 1430 1560
1862 1986 1560
16390 1862 1560
16388 1986 1862
4146 4055 16391
4558 4481 4146
4146 4481 4055
4930 4869 4558
4558 4869 4481
4930 16392 4869
16853 16389 16393
16853 16851 16389
16854 1566 1560
16854 1560 16852
1430 16852 1560
16390 1560 16394
16387 10317 16849
10317 10313 9923
16849 10739 16387
16387 10739 10735
10739 16847 11269
11159 10739 11269
10735 10739 11159
11269 16385 11159
1866 16850 1986
2428 16848 1866
2428 1866 1986
2296 2428 1986
16388 2296 1986
16386 2428 2296
16851 9923 16389
16389 9923 9919
9923 10313 9919
16387 10313 10317
16384 3288 3196
16394 1560 1566
3617 3706 16391
1566 1996 1863
1566 1570 1996
1996 16398 1863
16399 3710 16395
16395 3710 3706
3710 16859 4057
4152 3710 4057
3706 3710 4152
16855 4152 4057
5221 5276 16856
16860 5628 5569
16860 5569 16396
5221 16860 16396
5276 5221 16396
5986 5927 5628
16394 1566 1863
3706 3617 16395
16858 1566 16854
16393 16397 16853
3706 4146 16391
3706 4152 4146
4152 16855 4483
4558 4152 4483
4146 4152 4558
4558 4483 4871
4558 4871 4930
16856 5276 5219
16856 5219 16392
4871 16856 16392
4930 4871 16392
5276 16396 5219
16857 9539 9615
16397 9615 9539
16853 16397 9539
16858 1570 1566
5628 5927 5569
2774 3288 2886
16386 2774 2428
16835 12652 16837
2777 2866 16836
16838 3272 3195
16838 3195 16374
2777 16838 16374
2866 2777 16374
3272 16376 3195
16377 12660 16375
16375 12660 12652
16837 12652 12660
16837 12660 16839
16840 3276 3272
16840 3272 16838
16376 3272 16378
16378 3272 3276
16835 12646 12652
16379 12666 16377
16373 12652 12646
2866 16374 2773
977 1427 975
1429 1427 977
1429 1861 1427
1865 1861 1429
1865 16834 1861
1861 16834 16372
16373 12646 16371
16371 12646 12638
16833 12638 12646
16833 12646 16835
2295 16372 16834
2295 16834 2299
2866 2773 16836
2773 2299 16836
2773 2295 2299
16375 12652 16373
3196 3288 2774
16377 12666 12660
16839 12666 16841
3286 16844 2778
2886 3286 2778
3288 3286 2886
16382 3286 16384
16384 3286 3288
16847 11161 11269
16845 11709 11161
11161 11709 11269
11709 11585 11269
11585 16385 11269
11709 16383 11585
2300 16848 2428
2886 16846 2300
2886 2300 2428
2774 2886 2428
2778 16846 2886
16839 12660 12666
16381 16383 16843
16383 11709 11589
16842 3282 3276
16842 3276 16840
16378 3276 16380
16380 3276 3282
16843 12009 16381
16381 12009 12005
12497 12666 16379
12005 12497 16379
12009 12497 12005
16841 12666 12497
16844 3286 3282
16844 3282 16842
16380 3282 16382
16382 3282 3286
16845 11589 11709
16843 16383 11589
5986 16400 5927
9535 16401 9615
16401 16857 9615
16880 16418 16878
16416 6372 6286
16417 10736 16879
16879 10736 10740
16881 10740 10736
16881 10736 16419
16880 6293 6385
16420 16880 6385
16418 16880 16420
6293 16882 6385
16883 16419 16421
16883 16881 16419
6385 6287 16420
6385 16882 6287
16882 16422 6287
16878 16418 6372
16882 16884 16422
16418 6286 6372
16879 10318 10314
16412 16876 6285
16874 16876 16412
6368 16414 6285
16413 9536 16875
16875 9536 9540
9920 9540 9536
9920 9924 9540
16877 9924 9920
16877 9920 16415
16878 6372 6368
16878 6368 16876
16414 6368 16416
16416 6368 6372
16415 10314 16877
16877 10314 10318
16879 10314 16417
16876 6368 6285
16885 16421 16423
16884 6645 6727
16425 10315 10319
16425 10319 16887
16426 6733 6646
16890 16426 6646
16428 16426 16890
6733 16888 6646
16891 8827 8919
16889 9287 8827
9287 8919 8827
9287 9291 8919
9287 16427 16429
9287 16429 9291
16428 16892 16430
16890 16892 16428
8925 16893 8919
10319 10315 9925
16885 16883 16421
9925 10315 9921
9541 9921 9537
16424 16884 6727
16422 16884 16424
6645 16886 6727
16887 10741 16425
16425 10741 10737
16423 10737 10741
16423 10741 16885
6733 16426 16424
6733 16424 6727
6727 16886 6733
6733 16886 16888
16889 9169 9287
9287 9169 16427
9169 9537 16427
9169 9541 9537
9925 9921 9541
16875 9164 16413
16875 9168 9164
16873 9164 9168
5628 5571 5929
5628 5929 5986
16864 6350 6283
16864 6283 16400
5929 16864 16400
5986 5929 16400
6350 16402 6283
16865 9167 9237
16403 9237 9167
16861 16403 9167
16401 16403 16861
1431 1574 16862
1574 1431 1867
1574 1867 2000
2000 1867 2301
5571 5628 16860
2000 2301 2442
16859 3710 3619
16863 3619 3197
16401 16861 16857
9615 16397 9535
16862 1574 1570
16862 1570 16858
2000 1570 1574
1996 1570 2000
16398 1996 2297
1996 2442 2297
1996 2000 2442
2900 2775 2442
2442 2775 2297
3300 3197 2900
2900 3197 2775
3619 3710 16399
3619 16399 3197
3300 16863 3197
2442 2301 2779
2442 2779 2900
2900 2779 3199
16871 16407 16409
16871 16869 16407
6292 16872 6358
6358 16410 6292
16410 16870 6292
16410 16408 16870
16409 8822 16871
16871 8822 8826
16873 8826 8822
16873 8822 16411
16412 6284 6358
16872 16412 6358
16874 16412 16872
16410 6358 6284
16411 9164 16873
16868 16870 16406
16406 16870 16408
8879 16405 8821
16407 16869 16867
2900 3199 3300
16863 3300 3199
6291 6350 16864
6291 16866 6350
16866 16402 6350
16866 16404 16402
16867 8825 8879
975 16832 977
16865 9237 8825
9237 9163 8879
9163 16405 8879
9237 16403 9163
16404 16868 16406
16866 16868 16404
8821 16407 8879
16407 16867 8879
8825 9237 8879
975 16370 16832
16831 12638 16833
16831 12630 12638
17978 18231 16018
16019 18231 17978
2099 16020 16016
2099 16016 2097
2097 16472 2099
2099 16472 16474
16475 13017 16021
16021 13017 13013
16017 13013 13017
16017 13017 16473
16564 16797 16022
17032 16476 16797
16564 17032 16797
17030 17032 16564
17494 17032 17030
16473 16471 16015
17494 17496 17032
16473 16015 16017
2095 16470 2097
2093 16466 16468
13879 16013 14077
16013 16467 14077
16013 16469 16467
14077 16011 13879
2095 16014 16012
2095 16012 2093
2093 16468 2095
2095 16468 16470
16471 13467 16015
16015 13467 13463
16013 13463 13467
16013 13467 16469
2097 16016 16014
2097 16014 2095
2097 16470 16472
2091 16466 2093
18231 17980 16018
17980 17496 17494
16566 16114 16112
16797 16476 16566
18693 18452 16477
18452 18693 18918
18918 18693 19155
16023 82 19155
82 18918 19155
82 86 18918
536 86 82
536 538 86
974 538 536
974 976 538
1667 1428 16024
1428 974 16024
1428 976 974
16566 16112 16022
17980 17494 16018
16797 16566 16022
16114 16480 16026
18693 16477 18450
18450 16477 16019
16477 17980 16019
17980 18231 16019
18916 19155 18693
18916 18693 18450
16023 19155 18916
1426 1667 16024
2099 1864 16020
16020 1864 1426
1864 16478 1426
16478 1667 1426
2099 16474 1864
16479 16021 16025
16479 16475 16021
16114 16026 16112
2093 16010 2091
2093 16012 16010
14075 16011 14077
16457 11160 15999
11160 11373 15999
16001 11813 11582
1860 2079 16002
1860 16000 2079
16000 16458 2079
16000 16456 16458
11813 11586 16457
16001 12002 11813
12002 11586 11813
12002 12006 11586
12488 12797 16459
12006 12488 16459
12002 12488 12006
13012 13257 12797
11582 16457 15999
13012 12797 12488
11813 16457 11582
16454 16456 15998
16452 15996 16450
15994 2966 2772
11371 16453 11156
16453 15995 11156
16453 16451 15995
15997 11371 11156
2298 16454 15998
2298 15998 2294
2294 15996 2298
2298 15996 16452
11373 16455 11371
11371 16455 16453
11371 15997 15999
11371 15999 11373
15998 16456 16000
11373 11160 16455
16003 13257 13012
2083 16004 16002
2083 16002 2079
2087 16462 2089
2089 16462 16464
13663 13466 16463
14075 16465 13878
13878 16465 16007
16465 13466 16007
13466 13663 16007
16009 14075 13878
2091 16010 16008
2091 16008 2089
2089 16464 2091
2091 16464 16466
14077 16467 14075
14075 16467 16465
14075 16009 16011
2089 16006 2087
2089 16008 16006
13661 16007 13663
13661 16005 16007
2079 16458 2083
2083 16458 16460
12797 12492 16459
12492 12797 13016
13016 12797 13257
13661 16461 13462
13462 16461 16003
1667 16478 1428
16461 13016 16003
16005 13661 13462
2087 16006 16004
2087 16004 2083
2083 16460 2087
2087 16460 16462
13663 16463 13661
13661 16463 16461
13016 13257 16003
8919 16893 16891
16481 12493 16027
16025 12489 12493
16359 11238 11236
11238 16823 11587
11670 11238 11587
11236 11238 11670
16821 11670 11587
84 185 16362
84 16360 185
16360 16824 185
16360 16822 16824
16363 11240 16361
16361 11240 11238
11674 11588 16823
11238 11674 16823
11240 11674 11238
16825 11588 11674
16361 11238 16359
16362 185 88
83 16822 16360
83 16820 87
18917 16356 16818
18917 16818 18919
18919 16820 18917
18917 16820 16358
11236 11157 16359
11157 11236 16357
11236 11668 16357
11236 11670 11668
11670 16821 12007
12102 11670 12007
11668 11670 12102
12102 12007 12495
12102 12495 12610
16819 12610 12495
83 16358 16820
87 16822 83
16355 14303 16817
16826 16362 88
185 16824 88
85 16828 89
89 16830 85
85 16830 16368
12004 12116 16367
16369 12630 12004
12630 12116 12004
12630 12626 12116
16829 12626 12630
16829 12630 16831
537 16368 16830
537 16830 539
539 16832 537
537 16832 16370
16371 12638 16369
16369 12638 12630
85 16366 16828
16364 16362 16826
16829 12496 12626
12112 12626 16827
11158 11240 16363
16365 11676 11158
11676 11240 11158
11676 11674 11240
12112 12008 16825
11674 12112 16825
11676 12112 11674
16827 12008 12112
16364 16828 16366
16826 16828 16364
11584 11676 16365
16367 12116 11584
12116 11676 11584
12116 12112 11676
12626 12496 16827
12116 12626 12112
16355 14301 14303
14303 14301 13883
13883 14301 13881
13464 13018 13014
13464 13468 13018
13880 13468 13464
13880 13882 13468
14300 13882 13880
14300 14302 13882
14742 14302 14300
14742 14744 14302
15435 15204 16032
15204 14742 16032
15204 14744 14742
15435 16486 15204
16813 15661 16351
16351 15661 15659
15661 16113 15659
16485 13014 13018
16115 16113 15661
16031 13014 16485
16030 16486 15435
16025 12493 16479
16026 16482 16028
16480 16482 16026
16483 16027 16029
16483 16481 16027
15660 16484 16030
15660 16030 15658
15658 16028 15660
15660 16028 16482
16029 12490 16483
16483 12490 12494
16485 12494 12490
16485 12490 16031
15202 15435 16032
15202 16030 15435
16030 16484 16486
16115 16565 16113
16567 16565 16115
16352 16565 17135
18451 16816 18453
18453 16818 18451
18451 16818 16356
11668 11583 16357
12102 12003 11668
11668 12003 11583
12610 12491 12102
12102 12491 12003
16819 13019 12610
13019 12491 12610
13019 13015 12491
13019 13465 13015
13469 13465 13019
13469 13881 13465
13883 13881 13469
18451 16354 16816
16353 14745 16815
16353 14743 14745
16355 14745 14743
16565 17033 17135
16565 16567 17033
17033 16814 17135
16815 15205 16353
16353 15205 15203
16351 15203 15205
16351 15205 16813
16027 12493 12489
17135 17031 16352
17497 17031 16814
17495 17031 17497
17497 17979 17495
17981 17979 17497
17981 16816 17979
17979 16816 16354
16817 14745 16355
17031 17135 16814
2904 2781 3201
9291 9165 16431
8919 9291 8925
16829 17297 12496
17299 17297 16829
197 89 16828
197 17298 89
17298 16830 89
17298 17300 16830
17301 16829 16831
17301 17299 16829
17302 648 539
16830 17302 539
17300 17302 16830
648 16832 539
17303 16831 16833
17303 17301 16831
541 648 17302
17297 12622 12496
977 16832 648
12496 12622 16827
191 17296 197
12106 12618 17293
12108 12618 12106
17295 12502 12618
88 191 16826
88 16824 191
16824 17296 191
16824 17294 17296
12008 12108 16825
16827 12622 12008
12622 12108 12008
12622 12618 12108
17295 12618 12622
17295 12622 17297
197 16828 16826
197 16826 191
197 17296 17298
12618 12502 17293
541 977 648
979 1429 977
17310 2878 2872
17310 2872 17308
16838 2872 16840
16840 2872 2878
17311 16839 16841
17311 17309 16839
17312 2882 2878
17312 2878 17310
16840 2878 16842
16842 2878 2882
12150 12009 16843
17313 12503 12150
12503 12009 12150
12503 12497 12009
16841 12497 12503
17309 17307 16837
979 977 541
17309 16837 16839
17306 17308 16836
1433 1429 979
1433 1865 1429
1869 1865 1433
1869 17304 1865
1865 17304 16834
17305 16833 16835
17305 17303 16833
2299 16834 17304
2299 17304 2305
2305 17306 2299
2299 17306 16836
17307 16835 16837
17307 17305 16835
17308 2872 2777
16836 17308 2777
2872 16838 2777
16841 12503 17311
12108 12106 11672
16825 12108 11588
17983 17286 17981
17981 17286 16816
17287 14305 14375
14375 14305 16817
14305 14745 16817
14305 14747 14745
16815 14745 14747
16815 14747 17285
18453 16816 17286
18453 17286 18455
16818 18453 19011
18453 18921 19011
18453 18455 18921
18921 17288 19011
13114 13019 16819
17983 17981 17499
17289 13473 13114
17499 17981 17497
17035 17497 17136
16813 15663 15661
15663 16115 15661
16117 16115 15663
16117 16567 16115
16569 16567 16117
17136 17033 17284
17033 16569 17284
17033 16567 16569
17136 16814 17033
17285 15207 16815
16815 15207 15205
16813 15205 15207
16813 15207 17283
17035 17136 17284
17497 16814 17136
17499 17497 17035
12108 11672 11588
13473 13019 13114
13473 13883 13469
179 87 16820
179 17290 87
17290 16822 87
17290 17292 16822
11672 11587 16823
11587 11672 16821
11672 12104 16821
11672 12106 12104
12106 17293 12501
12612 12106 12501
12104 12106 12612
17291 12612 12501
16822 17294 16824
17292 17294 16822
11588 11672 16823
17289 13114 13023
13473 13469 13019
12612 17291 12495
13023 16819 12495
13885 13883 13473
13885 17287 14375
14303 13885 14375
13883 13885 14303
14375 16817 14303
19011 18919 16818
17288 91 179
17288 179 16820
19011 17288 16820
18919 19011 16820
91 17290 179
12104 12007 16821
12612 12495 12104
12104 12495 12007
13023 13114 16819
17291 13023 12495
17314 2884 2882
17314 2882 17312
16842 2882 16844
4936 4566 4940
5282 4936 4940
5278 4936 5282
16860 5278 5571
5278 5630 5571
5278 5282 5630
5988 5929 5630
5630 5929 5571
5988 16864 5929
17331 8829 8875
17327 9233 8829
8829 9233 8875
9233 9167 8875
9167 16865 8875
9233 16861 9167
4940 4566 17330
1431 16862 17328
4566 4485 17330
4566 4164 4485
4932 4936 5278
5278 16860 5221
17327 9171 9233
16861 9233 9171
17325 16861 9171
16857 16861 17325
981 1138 17326
981 17328 1138
17328 16858 1138
17328 16862 16858
3714 3619 16863
3619 3714 16859
3714 4158 16859
3714 4164 4158
4164 17329 4485
4158 4164 4566
4932 5278 5221
1431 17328 1435
1867 1435 17332
5630 5573 5931
5630 5931 5988
17334 6352 6291
17334 6291 16864
5931 17334 16864
5988 5931 16864
6352 16866 6291
8825 16867 8875
16867 17331 8875
16867 17335 17331
8875 16865 8825
1871 2004 17332
2004 1871 2307
2004 2307 2446
2446 2307 2781
5282 5573 5630
2004 1867 17332
5282 5223 5573
4940 4873 5223
1867 1431 1435
2446 2301 2004
2004 2301 1867
2904 2779 2446
2446 2779 2301
3304 3199 2904
2904 3199 2779
3621 3714 16863
3621 16863 3199
17333 3621 3199
3304 17333 3199
3714 3621 4059
3714 4059 4164
17329 4164 4059
4873 4940 17330
4940 5223 5282
16856 4932 5221
4932 4562 4936
4936 4562 4566
11161 16847 10833
11263 16845 11161
1870 17318 1984
2426 17316 1870
2426 1870 1984
2300 2426 1984
16848 2300 1984
16846 2426 2300
10739 16849 10833
16849 17317 10833
16849 17319 17317
10833 16847 10739
1434 17320 1556
1984 17318 1434
1984 1434 1556
11263 11161 10833
1866 1984 1556
10743 11263 10833
17317 10743 10833
16844 2882 2884
17315 11163 11263
11263 11163 16845
11163 11589 16845
11163 11591 11589
12011 12150 16843
11589 12011 16843
11591 12011 11589
17313 12150 12011
2306 17316 2426
2884 17314 2306
2884 2306 2426
2778 2884 2426
16846 2778 2426
16844 2884 2778
17315 11263 10743
16850 1866 1556
16848 1984 1866
9996 9923 16851
4932 4871 4562
4562 4871 4483
4932 16856 4871
17325 9543 16857
16857 9543 9539
16853 9539 9543
16853 9543 17323
17326 1138 1134
17326 1134 17324
16854 1134 16858
16858 1134 1138
4158 4057 16859
4057 4158 16855
4158 4562 16855
4158 4566 4562
4562 4483 16855
16854 1130 1134
16852 1130 16854
17324 1130 17322
17321 10321 9996
10321 9923 9996
10321 10317 9923
16849 10317 10321
16849 10321 17319
980 17322 1130
1556 17320 980
17283 15663 16813
1556 980 1130
16852 1430 1130
16850 1556 1430
9996 16851 9927
16851 17323 9927
16851 16853 17323
17321 9996 9927
17324 1134 1130
1430 1556 1130
16486 15436 15204
14746 14744 15204
14746 15204 15436
4056 4234 3790
16448 4056 3790
4482 4640 4056
4056 4640 4234
4870 5004 4482
4482 5004 4640
5220 5346 4870
4870 5346 5004
5570 5704 5220
5220 5704 5346
16446 5704 5570
10738 10938 16447
16911 10938 10738
16449 16911 10738
16913 16911 16449
4234 3620 3790
16450 2776 2962
4234 16910 3620
3200 3370 3790
4872 5346 5222
5222 5346 5704
5222 5704 5572
6070 16908 5572
6070 5572 5704
5928 6070 5704
16446 5928 5704
16444 6070 5928
10742 16909 10938
16909 16447 10938
16909 16445 16447
16911 10742 10938
2780 16912 2962
2780 2962 3370
2780 3370 3200
3200 3790 3620
4872 5004 5346
16912 16450 2962
3198 3370 2776
16918 16920 16454
11375 16921 11160
16921 16455 11160
16921 16919 16455
16457 11375 11160
16456 16922 16458
16920 16922 16456
11375 11162 16921
16457 11586 11375
11586 11162 11375
11586 11590 11162
12006 12283 16923
11590 12006 16923
11586 12006 11590
16459 12283 12006
16454 16920 16456
16914 16450 16912
16919 16917 16453
16452 2514 2298
2776 3370 2962
3618 3790 3198
3198 3790 3370
16448 3790 3618
16915 16449 16451
16915 16913 16449
2302 16916 2514
2514 16452 2302
16452 16914 2302
16452 16450 16914
16917 16451 16453
16917 16915 16451
16454 2298 2514
16916 16454 2514
16918 16454 16916
16919 16453 16455
4484 5004 4872
4484 4640 5004
4058 4640 4484
8603 8929 8605
8929 16433 8823
16434 16898 16436
16896 16898 16434
8607 16899 8605
8605 16899 16897
8605 16435 8824
8933 8605 8824
8607 8605 8933
16437 8933 8824
16436 16900 16438
16898 16900 16436
8607 8526 16899
8526 8607 16901
8607 8935 16901
8605 8929 16435
8607 8933 8935
8929 8823 16435
8605 16897 8603
9291 16429 9165
6288 6413 16432
6288 16430 6413
16430 16894 6413
16430 16892 16894
16895 8525 8603
16893 8925 8525
8925 8603 8525
8925 8929 8603
8925 16431 16433
8925 16433 8929
16432 6413 6294
16896 16432 6294
16434 16432 16896
6413 16894 6294
8603 16897 16895
8935 8933 16902
8933 9166 16902
9166 9170 16902
6436 16442 6289
10316 10502 16441
16905 10502 10316
16443 16905 10316
16907 16905 16443
5930 16908 6070
6436 16906 5930
6436 5930 6070
6290 6436 6070
16444 6290 6070
16442 6436 6290
16909 16443 16445
16909 16907 16443
4058 16910 4234
4058 4234 4640
16904 16906 16440
16440 16906 6289
16906 6436 6289
16905 10320 10502
9166 8933 16437
9538 9170 9166
9538 9542 9170
9922 10081 16903
9542 9922 16903
9538 9922 9542
16439 10081 9922
16922 2303 2535
16438 16904 16440
8935 8828 16901
8935 16902 8828
10081 9926 16903
16439 16441 10081
16441 10320 10081
10320 9926 10081
16441 10502 10320
16900 16904 16438
8925 9291 16431
16460 16922 2535
2303 16924 2535
976 777 538
1428 1669 1235
1428 1235 976
2101 1868 16478
16478 1868 1428
1868 16944 1428
16944 1669 1428
2101 16940 1868
16945 12499 16481
16481 12499 12493
16479 12493 12499
16479 12499 16941
16480 16341 16116
16946 16480 16116
16482 16480 16946
976 1235 777
16341 16942 16116
538 327 86
86 19157 18918
16566 16568 16114
17267 17034 16476
17034 16566 16476
17034 16568 16566
17034 17267 17498
17498 17267 17761
17498 17761 17982
17982 17761 18235
18695 16943 18452
18452 16943 16477
16943 17982 16477
17982 18235 16477
18918 19157 18695
18918 18695 18452
86 327 19157
538 777 327
16114 16568 16341
18695 18454 16943
18920 18695 19157
15206 16950 15436
15436 16486 15206
16486 16948 15206
16486 16484 16948
16485 13018 16949
16949 13018 13022
13468 13022 13018
13468 13472 13022
13882 13472 13468
13882 13884 13472
14302 13884 13882
14302 14304 13884
14744 14304 14302
14744 14746 14304
16950 14746 15436
16949 12494 16485
18454 18695 18920
16949 12500 12494
16483 12494 16947
18920 19157 90
90 19157 327
90 327 540
540 327 777
540 777 978
978 777 1235
978 1235 1432
1432 1235 1669
1669 16944 1432
16947 16481 16483
16947 16945 16481
15662 16948 16484
15662 16484 15660
15660 16482 15662
15662 16482 16946
16947 12494 12500
16568 16942 16341
16114 16341 16480
16941 16939 16475
2541 16462 2539
2539 16926 2541
2541 16926 16928
13261 13020 16927
13665 16929 13466
13466 16929 16463
16929 13020 16463
13020 13261 16463
16465 13665 13466
2543 16466 16464
2543 16464 2541
2541 16928 2543
2543 16928 16930
13667 16931 13665
13665 16931 16929
2541 16464 16462
13665 16465 16467
13259 16463 13261
12801 13259 13261
12283 12010 16923
12801 16925 12492
12492 16925 16459
16925 12010 16459
12010 12283 16459
13016 13259 12801
13016 12801 12492
16461 13259 13016
2539 16462 16460
2539 16460 2535
2535 16924 2539
2539 16924 16926
12801 12498 16925
12498 12801 16927
12801 13261 16927
13259 16461 16463
13665 16467 13667
16466 2543 2304
16932 16466 2304
16939 13021 16475
16475 13021 13017
16473 13017 13021
16473 13021 16937
17032 17267 16476
17496 17761 17267
17496 17267 17032
17980 18235 17761
17980 17761 17496
16477 18235 17980
1864 2101 16478
1864 16474 2101
16474 16940 2101
16474 16938 16940
16941 16475 16479
16936 16938 16472
16472 16938 16474
16935 13674 13471
16471 16473 16937
16468 16466 16932
2543 16930 2304
13667 13470 16931
16933 13470 13667
16467 16933 13667
16469 16933 16467
16468 16934 16470
16458 16922 16460
16932 16934 16468
16469 13467 13674
16935 16469 13674
16933 16469 16935
16470 16936 16472
16934 16936 16470
13674 16471 13471
16471 16937 13471
13674 13467 16471
16450 15996 2966
17802 1974 1976
18271 18269 17801
18788 18786 19242
9940 10082 18787
10082 9940 19243
9940 10334 19243
9940 10332 10334
19245 10334 10332
19245 10332 18789
2328 19246 2486
2328 2486 2948
2328 2948 2790
2790 2948 3356
2790 3356 3210
3210 3356 3778
3210 3778 3630
4222 19244 3630
18788 19242 4068
4222 3630 3778
4222 18788 4068
19243 9942 10082
4494 19242 18786
4494 18786 4492
4492 18782 4494
4494 18782 19240
5940 6052 18783
18784 6052 5940
8844 8934 18785
8934 8844 19241
8844 9190 19241
8844 9186 9190
9558 9190 9186
9558 9560 9190
9558 18787 10082
9942 9558 10082
9560 9558 9942
4068 19244 4222
19239 11792 11601
4066 4222 3778
18788 4222 4066
19250 2050 19248
18792 2050 18794
18794 2050 2054
10752 10934 18793
19249 10934 10752
18795 19249 10752
19251 19249 18795
19252 2058 2054
19252 2054 19250
18794 2054 18796
18796 2054 2058
11361 19253 11170
19253 18795 11170
19253 19251 18795
18797 11361 11170
19250 2054 2050
18790 4066 3778
19249 10754 10934
19247 18793 10934
19247 18789 18791
19247 19245 18789
1882 19248 2050
2486 19246 1882
2486 1882 2050
2324 2486 2050
18792 2324 2050
2788 2948 2324
2324 2948 2486
3208 3356 2788
2788 3356 2948
3628 3778 3208
3208 3778 3356
18790 3778 3628
10754 19247 10934
19247 18791 18793
19254 2064 2058
11346 11601 11792
11173 11346 19238
19227 18773 19229
18774 19230 18776
19228 19230 18774
8602 8539 18777
8847 8920 18775
8847 18775 8539
19231 8847 8539
8602 19231 8539
19229 8920 8847
6982 19232 7052
7052 18778 6982
18778 19230 6982
18778 18776 19230
18779 8604 18777
18777 8604 8602
19229 18773 8920
19231 8602 8604
18773 8843 8920
19226 19228 18774
7029 19222 7033
7033 19222 19224
19225 18769 18771
19225 19223 18769
7037 18772 18770
7037 18770 7033
7033 19224 7037
7037 19224 19226
19227 9189 18773
18773 9189 9185
18771 9185 9189
18771 9189 19225
7037 6979 18772
7037 19226 6979
19226 18774 6979
8920 8843 18775
11346 11173 11601
19231 8604 19233
19235 11172 11344
5580 5582 5232
5580 18783 6052
5942 5580 6052
5582 5580 5942
5942 6052 18784
6302 5942 18784
6304 5942 6302
6654 6304 6302
6654 6656 6304
6654 18780 6656
6656 18780 19236
8848 19237 8934
19237 18785 8934
19237 18781 18785
19241 8848 8934
5580 5232 5230
11172 19234 11344
5230 5232 4882
4882 18782 4880
18780 6980 7052
19232 18780 7052
19236 18780 19232
18778 7052 6980
8540 8604 18779
19233 8604 8540
18781 19233 8540
19237 19233 18781
19238 11346 11344
19238 11344 19234
11792 11600 19235
11344 11792 19235
11346 11792 11344
19239 11600 11792
4882 19240 18782
5230 4882 4880
19254 2058 19252
18796 2058 18798
18798 2058 2064
1444 19280 1237
994 1444 1237
1668 19280 1444
18824 1668 1444
19283 18825 18827
19283 19281 18825
102 329 18828
558 19284 329
102 558 329
554 558 102
1237 996 18826
996 554 18826
996 558 554
1237 19282 996
19285 18827 18829
19280 19282 1237
19285 19283 18827
994 1237 18826
19281 18823 18825
2098 18820 1884
18820 19274 1884
18820 18818 19274
19277 18819 18821
19277 19275 18819
18822 1880 2098
19276 18822 2098
19278 18822 19276
18820 2098 1880
19279 18821 18823
19279 19277 18821
1446 19280 1668
1668 18824 1446
18824 19278 1446
18824 18822 19278
19281 19279 18823
1884 19276 2098
18934 19286 18830
329 104 18828
18468 19290 18834
18468 18834 18466
18466 18832 18468
18468 18832 19288
16811 16578 19289
18833 17042 16811
17042 16578 16811
17042 17044 16578
17508 17044 17042
17508 17510 17044
17994 17510 17508
17994 17996 17510
17994 18834 17996
17996 18834 19290
14378 14313 19161
18833 16811 16576
18934 18830 18932
16124 16576 16126
16576 16811 19289
104 18932 18828
104 18934 18932
329 19284 104
18829 14754 19285
19285 14754 14756
19287 14756 14754
19287 14754 18831
18830 19288 18832
19286 19288 18830
18831 15214 19287
19287 15214 15216
15670 15216 15214
15670 15672 15216
16124 15672 15670
16124 16126 15672
16126 16576 19289
19275 19273 18819
18819 19273 14312
19273 14498 14312
11810 11598 19257
11598 12020 19257
11598 12018 12020
19259 12020 12018
19259 12018 18803
18802 19260 18804
19258 19260 18802
12514 19259 12794
19259 18805 12794
19259 18803 18805
19261 12514 12794
18804 19262 18806
19260 19262 18804
18807 12798 18805
18805 12798 12794
11598 11810 18801
19261 12794 12798
19258 18802 18800
2329 19258 2516
11361 11174 19253
19255 11174 11361
18797 19255 11361
18799 19255 18797
1883 2064 19254
19256 2516 2325
19256 2325 18798
1883 19256 18798
2064 1883 18798
2516 18800 2325
11602 19255 11810
19255 18801 11810
19255 18799 18801
19257 11602 11810
2329 2516 19256
19258 18800 2516
19261 12798 19263
18806 19264 18808
19262 19264 18806
13482 13038 13263
13482 13484 13038
19271 13484 13482
19271 13482 18815
18814 19272 18816
19270 19272 18814
18815 13892 19271
19271 13892 13894
13892 18817 14498
14314 13892 14498
13894 13892 14314
19273 14314 14498
18816 19274 18818
19272 19274 18816
14312 14498 18817
18813 13482 13263
13263 13038 19269
19268 19270 18812
18812 19270 18814
12510 12798 18807
19263 12798 12510
18809 19263 12510
19265 19263 18809
2330 19266 18810
2330 18810 2326
2326 18808 2330
7033 18768 7029
2330 18808 19264
19267 19265 18809
18810 19268 18812
19266 19268 18810
13263 19269 13036
19269 18811 13036
19269 19267 18811
18813 13263 13036
19267 18809 18811
7033 18770 18768
9659 18767 9557
18769 19223 19221
19182 17993 18726
17509 19182 18726
17640 17509 18726
18584 18465 18120
18120 18465 17993
19046 18931 18584
18584 18931 18465
218 101 19046
19046 101 18931
218 18728 101
19183 18727 18729
19183 19181 18727
17995 18120 19182
18120 17995 18467
18120 18467 18584
19182 18120 17993
18584 18467 18933
17509 17640 19180
19181 18725 18727
19174 19176 18720
12647 19177 12639
12639 19177 19175
12639 18721 18723
12639 18723 12647
18722 19178 18724
19176 19178 18722
12647 12512 19177
19179 12512 12647
18723 19179 12647
18725 19179 18723
19180 17640 17507
18724 19180 17507
19178 19180 18724
17640 18726 17507
19181 19179 18725
18720 19176 18722
18584 18933 19046
19046 103 218
19188 18734 19186
18732 1116 992
19189 11599 18735
18735 11599 11597
11599 12017 11597
12019 12017 11599
18733 12017 12019
18733 12019 19187
18734 19190 18736
19188 19190 18734
11276 11169 18737
18735 11169 11276
19191 18735 11276
19189 18735 19191
556 19192 18738
19186 18734 1116
19046 18933 103
18734 992 1116
18731 12509 12513
19184 664 551
19184 551 18728
103 19184 18728
218 103 18728
664 18730 551
19185 18729 18731
19185 19183 18729
555 664 19184
19186 1116 991
19186 991 18730
555 19186 18730
664 555 18730
1116 18732 991
19187 12513 18733
18733 12513 12509
18731 12513 19185
12631 18721 12639
12631 18719 18721
12631 19175 19173
18092 17616 18094
18558 18092 18094
18556 18092 18558
19018 18556 18558
19016 18556 19018
18710 19016 18712
18712 19016 19018
19167 18711 18713
19167 19165 18711
16125 16218 19166
16218 16125 16577
16218 16577 16672
16672 16577 17043
16672 17043 17148
17148 17043 19168
18094 17616 17618
17620 17148 19168
17616 17146 17618
17146 16670 17148
18092 17614 17616
18090 17614 18092
18556 18090 18092
18554 18090 18556
18708 18554 18929
18554 19016 18929
18554 18556 19016
19016 18710 18929
19165 18709 18711
19165 19163 18709
19166 16218 16216
19166 16216 19164
16672 16216 16218
16670 16216 16672
17148 16670 16672
17618 17146 17148
17618 17148 17620
18096 17618 17620
18094 17618 18096
18718 17506 17622
19170 18718 17622
19172 18718 19170
17992 18100 17506
17506 18100 17622
18716 18100 17992
19173 12511 12631
19171 13133 12511
12511 13133 12631
13133 13035 12631
13035 18719 12631
13133 18717 13035
18718 19174 18720
19172 19174 18718
12639 19175 12631
18715 18717 19169
19169 18717 13037
18717 13133 13037
19171 13037 13133
18560 18094 18096
18558 18094 18560
18930 19018 18714
19018 18560 18714
19018 18558 18560
18712 19018 18930
19169 18713 18715
556 18738 552
19169 19167 18713
19170 17620 19168
18100 17620 17622
18096 17620 18100
18464 18560 18716
18560 18100 18716
18560 18096 18100
18714 18560 18464
19170 17622 17620
14830 14755 14378
552 18736 556
18739 11282 18737
5581 19212 5646
19212 18756 5646
19212 18758 18756
8538 8574 18757
19211 8574 8538
18759 19211 8538
19213 19211 18759
5939 18758 19212
5939 19212 5941
5941 19214 5939
5939 19214 18760
18759 8842 19213
19213 8842 8846
9184 9265 19215
8846 9184 19215
5581 5646 19210
8842 9184 8846
19211 8542 8574
19209 18757 8574
3207 3209 3627
3725 18751 3627
4949 4879 18752
4879 4949 19206
5231 4879 19206
5229 4879 5231
5231 19208 5229
5229 19208 18754
19209 18753 18755
19209 19207 18753
19210 5646 5579
18754 19210 5579
19208 19210 18754
5646 18756 5579
8542 19209 8574
19209 18755 18757
3627 3209 3725
18761 9265 9184
6301 19214 6303
18765 9653 9556
7025 18766 18764
7025 18764 7021
7021 19218 7025
7025 19218 19220
9659 19221 9653
9653 19221 19219
9653 18765 18767
9653 18767 9659
7029 18768 18766
7029 18766 7025
7025 19220 7029
7029 19220 19222
9557 18769 9659
18769 19221 9659
9188 9269 18763
6301 18760 19214
19219 9188 18763
9653 19219 9556
18762 6301 6705
6301 6655 6705
6301 6303 6655
6655 19216 6705
9269 19217 9265
9265 19217 19215
9265 18761 18763
9265 18763 9269
6705 6653 18762
19216 6981 7021
19216 7021 18764
6705 19216 18764
6653 6705 18764
6981 19218 7021
9269 9188 19217
9556 19219 18763
3209 19205 3725
3207 19204 3209
3207 18750 19204
9559 9939 9555
9941 9939 9559
9941 10331 9939
10333 10331 9941
10753 10854 18741
10331 10753 18741
10333 10753 10331
19195 10854 10753
553 18742 19196
553 19196 557
557 19198 553
553 19198 18744
8872 18743 8845
18743 19199 8845
18743 18745 19199
9559 9555 9187
19197 8872 8845
9187 9555 9183
9187 8841 8872
18737 11282 11276
19191 11276 11282
19191 11282 19193
18738 19194 18740
19192 19194 18738
10854 10751 18741
11171 11282 18739
11171 18739 10751
19195 11171 10751
10854 19195 10751
19193 11282 11171
18740 19196 18742
19194 19196 18740
8872 8841 18743
19197 9187 8872
9187 9183 8841
18744 19200 18746
19198 19200 18744
8562 8537 18747
2789 2787 2327
2789 19204 2787
2787 19204 18750
19205 3629 3725
3725 3629 18751
3629 4065 18751
3629 4067 4065
4067 4491 4065
4493 4491 4067
18752 4491 4949
4491 4881 4949
4491 4493 4881
4881 19206 4949
19207 18749 18753
19207 19203 18749
2327 2787 2323
2327 2323 1881
1881 2323 2006
2323 18748 2006
18745 8537 8562
19201 18745 8562
19199 18745 19201
993 18746 19200
993 19200 995
995 1443 993
1445 1443 995
556 18736 19190
2006 1879 19202
1879 1443 1445
2006 18748 1879
8562 18747 8541
18747 19203 8541
18747 18749 19203
19201 8562 8541
1881 2006 19202
1879 1445 19202
17614 17144 17616
14378 14755 14313
14830 15215 14755
11794 12240 19239
11794 12244 12240
409 12240 12244
409 12244 411
4496 412 19242
4496 19242 4494
4494 19240 4496
4496 19240 410
9190 9308 19241
9560 9694 9190
9190 9694 9308
9942 10078 9560
9560 10078 9694
19243 10496 9942
10496 10078 9942
11601 11794 19239
10496 10494 10078
11348 11601 11173
10920 10922 11348
9194 407 9308
9308 407 19241
407 8932 19241
8932 8848 19241
9194 9308 9694
9194 9694 9562
9562 9694 10078
9562 10078 9944
10492 408 9944
10078 10492 9944
10494 10492 10078
10922 10492 10494
10920 10492 10922
19238 10920 11173
10920 11348 11173
11794 11601 11348
8848 8932 19237
10924 10494 10496
11350 10922 10924
10926 415 11177
11350 10926 11177
10924 10926 11350
413 11350 11177
2332 416 19246
2332 19246 2328
2790 2332 2328
2790 2792 2332
414 2792 3352
2792 3210 3352
2792 2790 3210
3630 3774 3210
3210 3774 3352
19244 3774 3630
19247 10930 19245
10926 10924 10496
10922 10494 10924
10926 10496 10334
10334 10496 19243
11348 10922 11350
11350 413 11605
11794 11350 11605
11348 11350 11794
11794 11605 12023
11794 12023 12244
411 12244 12023
3212 414 3352
3212 3352 3774
3212 3774 3632
3632 3774 19244
4068 3632 19244
4070 3632 4068
4068 19242 4070
4070 19242 412
19245 10926 10334
19245 10930 10926
19236 6760 6656
6306 6656 6760
19232 6982 7048
398 19232 7048
402 19232 398
19230 7048 6982
19233 8930 19231
19231 8930 8926
399 8926 8930
399 8930 403
10336 404 10490
10916 400 10336
10490 10916 10336
10918 10916 10490
11172 11342 19234
11342 10918 19234
11342 10916 10918
401 11604 11784
19235 11790 11172
11176 11784 11604
10756 11342 11176
19227 9292 9288
395 9288 9292
395 9292 397
6984 398 7048
7048 19230 6984
19230 396 6984
19230 19228 396
8926 8847 19231
9193 9292 19229
9193 19229 8847
399 9193 8847
8926 399 8847
397 9292 9193
10756 400 10916
10756 10916 11342
11176 11342 11784
6306 6304 6656
11790 11342 11172
12234 12022 401
12240 11790 11600
12240 12234 11790
405 12234 12240
405 12240 409
4884 410 19240
4884 19240 4882
5232 4884 4882
5232 5234 4884
5582 5234 5232
5582 5584 5234
5942 5584 5582
5942 5944 5584
6304 5944 5942
6304 6306 5944
406 6306 6760
19239 12240 11600
11790 11784 11342
11600 11790 19235
19234 10918 19238
11784 12234 401
11790 12234 11784
405 12022 12234
6658 406 6760
6760 19236 6658
19236 402 6658
19236 19232 402
19237 8932 19233
19233 8932 8930
403 8930 8932
403 8932 407
408 10492 10490
408 10490 404
10920 10490 10492
10918 10490 10920
19238 10918 10920
415 10926 10930
415 10930 417
1886 418 19248
449 447 19277
1448 450 19280
1448 19280 1446
1446 19278 1448
1448 19278 448
451 19279 19281
451 449 19279
19280 452 19282
450 452 19280
453 19281 19283
453 451 19281
558 779 19284
998 454 779
558 998 779
996 998 558
449 19277 19279
996 19282 998
446 448 19276
447 445 19275
19271 13894 441
441 13894 13896
14314 13896 13894
14314 14316 13896
443 14316 14314
443 14314 19273
19272 444 19274
442 444 19272
445 19273 19275
445 443 19273
1888 446 19276
1888 19276 1884
1884 19274 1888
1888 19274 444
447 19275 19277
19276 448 19278
440 442 19270
998 19282 452
455 453 19283
16126 16128 15674
459 16128 16126
459 16126 19289
18470 460 19290
18470 19290 18468
18468 19288 18470
18470 19288 458
19289 16578 459
459 16578 16580
17044 16580 16578
17044 17046 16580
17510 17046 17044
17510 17512 17046
17996 17512 17510
17996 17998 17512
16126 15674 15672
455 19283 19285
15672 15674 15218
457 15216 15218
18936 456 19286
18936 19286 18934
104 18936 18934
104 106 18936
779 560 19284
560 104 19284
560 106 104
779 454 560
19285 14756 455
455 14756 14758
457 14758 14756
457 14756 19287
19286 458 19288
456 458 19286
19287 15216 457
15672 15218 15216
19270 442 19272
441 13484 19271
441 13486 13484
425 11178 11174
425 11174 19255
1883 19254 424
1883 424 1887
1887 426 1883
1883 426 19256
19255 11602 425
425 11602 11606
11602 19257 12272
12024 11602 12272
11606 11602 12024
427 12024 12272
2329 19256 426
2329 426 2333
2333 428 2329
423 11174 11178
2329 428 19258
19253 11174 423
19252 424 19254
1886 19248 1882
1882 19246 1886
1886 19246 416
10754 10930 19247
417 10930 10754
19249 417 10754
419 417 19249
19248 420 19250
418 420 19248
421 19249 19251
421 419 19249
19250 422 19252
420 422 19250
423 19251 19253
423 421 19251
422 424 19252
12020 12272 19257
12518 427 12790
12790 427 19259
434 19266 2536
436 19266 434
19264 2536 2330
437 19265 19267
437 435 19265
19266 438 19268
436 438 19266
439 19267 19269
439 437 19267
19268 440 19270
438 440 19268
19269 13038 439
439 13038 13040
13484 13040 13038
13484 13486 13040
19266 2330 2536
435 433 19263
435 19263 19265
19264 19262 432
427 12272 19259
12272 12020 19259
429 12518 12790
19258 430 19260
428 430 19258
12514 12790 19259
429 12790 12514
19229 9292 19227
19261 429 12514
19260 432 19262
430 432 19260
433 19261 19263
433 431 19261
2334 434 2536
2536 19264 2334
19264 432 2334
431 429 19261
394 396 19226
19226 396 19228
393 19225 395
17995 19182 17642
17511 17995 17642
17997 17995 17511
18588 18467 352
18467 17997 352
18467 17995 17997
353 18935 18588
18935 18467 18588
18935 18933 18467
220 103 354
103 18935 354
103 18933 18935
220 19184 103
355 19183 19185
355 351 19183
17511 17642 350
18469 18588 352
351 349 19181
17642 19182 17509
19176 346 19178
344 346 19176
12653 347 12512
347 19177 12512
347 345 19177
19179 12653 12512
19178 348 19180
346 348 19178
12653 12516 347
349 12516 12653
19179 349 12653
19181 349 19179
350 17642 17509
19180 350 17509
348 350 19180
351 19181 19183
345 343 19175
353 18588 18469
356 668 555
559 360 672
360 19188 672
360 19190 19188
11718 19189 11603
19189 361 11603
19189 19191 361
359 11718 11603
556 679 19192
556 19190 679
19190 362 679
19190 360 362
363 19191 19193
363 361 19191
683 19194 19192
683 19192 679
559 672 358
105 220 354
19187 12021 357
12021 12019 11599
356 555 19184
105 356 19184
220 105 19184
668 19186 555
357 12517 19187
19187 12517 12513
19185 12513 12517
19185 12517 355
358 672 668
358 668 356
19186 668 19188
19188 668 672
11718 11599 19189
359 12021 11718
12021 11599 11718
19187 12019 12021
345 19175 19177
342 344 19174
19174 344 19176
13546 19163 13485
19163 333 13485
19163 19165 333
331 13546 13485
15217 15298 332
15298 15217 334
15762 15298 334
15760 15298 15762
19164 15760 19166
19166 15760 15762
335 13039 13125
19167 13125 13039
333 19167 13039
19165 19167 333
15673 15762 334
19164 15758 15760
336 16220 16125
19162 15758 19164
15760 15296 15298
15758 15671 15296
15296 15671 15215
15758 19162 15671
13546 13483 19163
331 13895 13546
13895 13483 13546
13895 13893 13483
14315 14378 19161
13893 14315 19161
13895 14315 13893
14378 14315 14757
14378 14757 14830
14830 14757 332
15298 14830 332
15296 14830 15298
15758 15296 15760
336 16125 19166
15673 336 19166
15762 15673 19166
13129 19169 13037
340 17154 17152
340 17152 338
19170 17152 19172
19172 17152 17154
341 12515 19173
19173 12515 12511
19171 12511 12515
19171 12515 339
17045 17154 340
17045 342 17154
342 19172 17154
342 19174 19172
343 19173 19175
343 341 19173
19171 339 337
19171 337 13129
13037 19171 13129
19170 17150 17152
16674 16577 16220
16220 16577 16125
17150 17043 16674
16674 17043 16577
17150 19168 17043
13129 337 13125
13125 337 335
679 362 683
13125 19167 19169
16127 16220 336
16220 16127 16579
16220 16579 16674
16674 16579 338
17152 16674 338
17150 16674 17152
19168 17150 19170
13125 19169 13129
15296 15215 14830
683 362 364
19193 11171 11288
5647 5581 19210
5647 378 5581
378 19212 5581
378 380 19212
381 19211 19213
381 379 19211
5941 19212 380
5941 380 5943
5943 382 5941
5941 382 19214
19213 8846 381
381 8846 8850
383 8850 8846
383 8846 19215
6303 19214 382
379 377 19211
6303 382 6305
19211 377 8542
8542 8570 19209
373 8566 375
3309 3209 19204
3309 19205 3209
5231 19206 374
5231 374 5233
5233 376 5231
5231 376 19208
19209 8570 19207
19207 8570 8566
375 8566 8570
375 8570 377
376 5583 5647
19210 376 5647
19208 376 19210
5583 378 5647
377 8570 8542
373 8564 8566
6305 6655 6303
6657 384 6655
391 19221 19223
391 389 19221
7293 19224 19222
7293 19222 7289
7289 390 7293
7293 390 392
393 19223 19225
393 391 19223
19224 7293 7264
394 19224 7264
19226 19224 394
7293 392 7264
9288 9189 19227
19225 9189 9288
395 19225 9288
7263 390 7289
6657 6655 6305
19220 388 19222
388 7263 7289
6655 384 19216
385 19215 19217
385 383 19215
6981 19216 384
6981 384 6983
6983 386 6981
6981 386 19218
19217 9188 385
385 9188 9192
387 9192 9188
387 9188 19219
19218 388 19220
386 388 19218
389 19219 19221
389 387 19219
19222 388 7289
19203 8566 8564
19207 8566 19203
4881 374 19206
365 11288 11175
687 557 19196
687 366 557
366 19198 557
366 368 19198
8874 8845 19199
9191 9230 19197
9191 19197 8845
369 9191 8845
8874 369 8845
9230 9191 9561
9230 9561 9616
9616 9561 9943
9616 9943 10004
10004 9943 10335
10860 367 10753
10004 10335 10412
367 11175 10753
11175 11288 19195
365 19193 11288
363 19193 365
687 19196 19194
687 19194 683
683 364 687
687 364 366
9230 9187 19197
9616 9559 9230
9230 9559 9187
10004 9941 9616
9616 9941 9559
10412 10333 10004
10004 10333 9941
10860 10753 10412
10412 10753 10333
11175 19195 10753
10412 10335 10755
10412 10755 10860
367 10860 10755
2331 2789 2327
2791 2789 2331
19204 2789 3309
2789 3211 3309
2789 2791 3211
3309 3211 19205
3211 3629 19205
3211 3631 3629
3631 4067 3629
4069 4067 3631
4069 4493 4067
4495 4493 4069
4495 4881 4493
4883 4881 4495
4883 374 4881
2331 2327 1885
1885 2327 1881
1881 372 1885
1881 19202 372
19198 370 19200
368 370 19198
8874 19199 8849
19199 371 8849
19199 19201 371
369 8874 8849
995 19200 370
11288 11171 19195
995 370 997
1447 1445 997
1447 372 1445
1445 372 19202
8564 8541 19203
19201 8541 8564
373 19201 8564
371 19201 373
997 1445 995
18271 17801 17803
17616 17144 17146
16670 17144 18707
18352 17886 2542
18354 17886 18352
17884 2542 2316
17885 13478 18353
18353 13478 13480
18355 13480 13478
18355 13478 17887
17886 18356 17888
18354 18356 17886
18357 17887 17889
18357 18355 17887
17888 18358 17890
18356 18358 17888
13890 18357 14084
18357 17891 14084
17886 2316 2542
18357 17889 17891
18353 13030 17885
18351 13030 13034
12284 12014 17881
18349 12508 12802
2322 18350 2540
2540 17882 2322
17882 18348 2322
17882 17880 18348
12506 12802 17881
18349 12802 12506
17883 18349 12506
18351 18349 17883
18352 2542 2540
18352 2540 18350
17882 2540 17884
17884 2540 2542
17883 13030 18351
18353 13034 13030
18347 12284 17881
18359 13890 14084
17890 18360 2317
17895 14096 14092
18363 14092 14096
18363 14096 18365
1442 18366 1670
1442 1670 17898
1876 1442 17898
1878 1442 1876
1876 17896 1878
1878 17896 18364
17899 14100 17897
17897 14100 14096
18365 14096 14100
18365 14100 18367
18458 18697 17900
18928 18368 18697
17897 14096 17895
18360 2546 2317
17894 2548 2318
18362 17896 2548
18358 18360 17890
2546 17892 2317
17893 14088 17891
17891 14088 14084
18359 14084 14088
18359 14088 18361
18362 2548 2546
18362 2546 18360
17892 2546 17894
17894 2546 2548
17895 14092 17893
17893 14092 14088
18361 14088 14092
18361 14092 18363
17896 2318 2548
18364 17896 18362
18458 18928 18697
12802 18347 17881
12014 12284 17879
18335 10748 17867
2314 2501 17868
2314 17866 2501
17866 18336 2501
17866 18334 18336
18337 17867 17869
18337 18335 17867
17868 2501 2320
18338 17868 2320
17870 17868 18338
2501 18336 2320
11168 18337 11368
18337 17871 11368
18337 17869 17871
18339 11168 11368
18335 10750 10748
17870 18340 17872
18333 10748 10750
3626 17864 18332
18331 10330 10328
18331 10328 17863
4064 18332 17864
4064 17864 4062
4062 17862 4064
4064 17862 18330
18333 17863 17865
18333 18331 17863
2786 18334 17866
2786 17866 2784
3204 2786 2784
3204 3206 2786
3624 3206 3204
3624 3626 3206
3624 17864 3626
17865 10748 18333
12508 18347 12802
18338 18340 17870
17871 11372 11368
18345 11596 11814
2531 17878 17876
2531 17876 2527
2527 18344 2531
2531 18344 18346
11594 11814 17877
12016 18345 12284
12284 18345 17879
18345 11814 17879
11814 11594 17879
18347 12016 12284
2531 2315 17878
2531 18346 2315
18346 17880 2315
18346 18348 17880
11374 11166 17877
17873 11372 17871
18343 11374 17877
11596 18343 11814
18339 11368 11372
18339 11372 18341
18340 2321 2521
17874 18340 2521
17872 18340 17874
2321 18342 2521
17875 11374 17873
17873 11374 11372
18341 11372 11374
18341 11374 18343
2527 17876 17874
2527 17874 2521
2521 18342 2527
2527 18342 18344
11166 11374 17875
11814 18343 17877
18924 18928 18458
96 18928 18924
96 100 18928
18088 18463 18552
18708 19014 18925
18708 18925 18248
18463 18708 18248
18552 18463 18248
19014 18250 18925
18709 18249 18251
18709 18705 18249
16575 16668 18706
18707 16668 16575
18929 19014 18708
18710 182 97
18710 97 18250
18929 18710 18250
19014 18929 18250
18088 17991 18463
182 18252 97
17612 17991 18088
17142 17505 17612
18249 13481 13479
13891 13956 18247
13479 13891 18247
13481 13891 13479
13956 13891 14311
13956 14311 14376
18703 14376 14311
16123 16210 18704
16210 16123 18706
16668 16210 18706
16666 16210 16668
16668 18707 17041
17142 16668 17041
16666 16668 17142
17142 17041 17505
17612 17505 17991
18705 13481 18249
13120 13031 18253
18711 18251 13120
18464 18716 18564
19020 18714 18464
18564 19020 18464
19024 19020 18564
18256 19020 18258
18258 19020 19024
18717 18257 18259
18717 18715 18257
17506 18718 17626
17506 17626 18104
17506 18104 17992
18564 18716 17992
18564 17992 18104
18460 18564 18104
18260 18460 18104
18715 18713 18257
18251 13031 13120
18257 18713 13032
13032 13124 18255
18709 18251 18711
18712 186 182
18712 182 18710
18252 182 18254
18254 182 186
18255 13124 18253
18253 13124 13120
18711 13120 13124
18711 13124 18713
18930 18714 19020
186 18712 18930
186 18930 19020
98 186 19020
18256 98 19020
18254 186 98
18713 13124 13032
18552 18248 18459
18088 18459 17987
18552 18459 18088
18462 18370 17986
18370 18241 17986
18697 18368 18462
14308 14522 17901
14522 14308 18369
14308 14752 18369
14308 14750 14752
15210 14752 14750
15210 15212 14752
15666 15212 15210
15666 15668 15212
16120 15668 15666
16120 16122 15668
16572 16809 18371
16122 16572 18371
17900 18462 17986
16120 16572 16122
18697 18462 17900
17986 18241 17769
546 100 96
546 550 100
986 550 546
986 990 550
18366 990 1670
990 1440 1670
990 986 1440
17898 1670 1440
13888 14100 17899
14310 18367 14522
14522 18367 17901
18367 14100 17901
14100 13888 17901
18369 14310 14522
17502 17769 17902
17986 17769 17502
17038 17279 16809
17038 16809 16572
17279 17038 17902
14753 15211 14751
15213 15211 14753
15213 15667 15211
15669 15667 15213
16210 16121 18704
16121 15669 18704
16121 15667 15669
16666 16573 16210
16210 16573 16121
17142 17039 16666
16666 17039 16573
17612 17503 17142
17142 17503 17039
18088 17987 17612
17612 17987 17503
14753 14751 14309
14753 14309 14376
18703 14753 14376
13956 14309 13889
17769 17279 17902
17771 17279 17769
17769 18243 17771
17769 18241 18243
18241 18370 18243
18243 18370 18372
16809 16574 18371
18329 10328 10330
16574 16809 17040
17040 17279 17504
17504 17279 17771
17504 17771 17990
17990 17771 18243
18243 18372 17990
13956 13889 18247
14376 14309 13956
17040 16809 17279
17861 10328 18329
17860 4628 4488
18330 17862 18328
18288 1579 17822
1143 18288 17822
985 1143 17822
1441 18290 1579
4168 4061 17823
4168 17824 4061
8529 17825 8561
17825 18289 8561
17825 18291 18289
8561 17821 8529
1579 1439 17822
1439 1579 18290
1877 1439 18290
1875 1439 1877
1877 2313 1875
18288 1441 1579
2319 2313 1877
1143 985 17820
8559 17819 17821
18283 10000 9935
549 686 18284
549 18286 686
18286 17816 686
18286 17818 17816
18287 8533 8559
17819 8559 8533
18285 17819 8533
17817 17819 18285
18286 989 1143
17820 18286 1143
17818 18286 17820
989 18288 1143
8561 18289 8559
8559 18289 18287
8559 17821 8561
9551 9935 9547
2319 2783 2313
2785 3203 2783
4948 5227 5290
18294 5642 5575
18294 5575 17826
5227 18294 17826
5290 5227 17826
5642 17828 5575
8569 18295 8530
18295 17827 8530
18295 18293 17827
17829 8569 8530
5577 5642 18294
5577 18296 5642
18296 17828 5642
18296 17830 17828
8569 8534 18295
4948 4877 5227
2785 2783 2319
4877 4948 18292
18293 17825 17827
3205 3203 2785
3205 3623 3203
3625 3623 3205
4063 4168 17823
3623 4063 17823
3625 4063 3623
4487 17824 4168
4063 4487 4168
4489 4487 4063
4948 4875 18292
4875 4489 18292
4875 4487 4489
5290 5225 4948
4948 5225 4875
5290 17826 5225
18293 18291 17825
9547 9935 17815
9935 10000 17815
9551 9547 9179
12015 12013 11595
12507 12674 17805
12013 12507 17805
12015 12507 12013
18273 12674 12507
17808 1438 1548
18274 17808 1548
18276 17808 18274
17806 1548 1438
10834 10747 17809
11167 11264 17807
11167 17807 10747
18277 11167 10747
10834 18277 10747
18275 11264 11167
11595 12013 11593
988 18278 1122
11595 11593 11165
18275 11595 11264
18272 1546 1544
18272 1544 18270
1874 1976 17804
1976 1546 17804
1976 1544 1546
17802 1976 1874
12674 12505 17805
17803 12505 12674
18273 17803 12674
18271 17803 18273
18274 1548 1546
18274 1546 18272
17804 1546 17806
17806 1546 1548
11264 11165 17807
11595 11165 11264
1122 17810 988
17810 18276 988
17810 17808 18276
10000 9931 17815
10329 10402 17813
10329 17813 9931
18283 10329 9931
10000 18283 9931
18281 10402 10329
18284 686 545
17814 18284 545
18282 18284 17814
686 17816 545
18285 8837 17817
17817 8837 8833
8837 9175 8833
9179 9175 8837
9179 9547 9175
17812 678 544
18282 17814 18280
18280 17814 678
17814 544 678
17811 10840 17809
17809 10840 10834
18277 10834 10840
18277 10840 18279
548 18280 678
1122 18278 548
1122 548 678
18297 8534 8569
984 1122 678
17810 1122 984
10402 10325 17813
10749 10840 17811
10749 17811 10325
18281 10749 10325
10402 18281 10325
18279 10840 10749
17812 984 678
18926 19024 18460
17829 18297 8569
5935 17830 18296
7051 18318 6978
17855 8314 17853
17853 8314 8312
18319 8312 8314
18319 8314 18321
5228 18322 5326
5228 5326 5684
5228 5684 5578
18323 5578 5684
6300 18324 17856
6300 17856 6298
6759 6652 17854
6652 6298 17854
6652 6300 6298
6759 18320 6652
18320 6759 6650
8274 8314 17855
6978 18320 6650
7051 6978 17852
7047 17850 17848
7047 17848 7041
7041 18314 7047
7047 18314 18316
18317 17849 17851
18317 18315 17849
7051 17852 17850
7051 17850 7047
7047 18316 7051
7051 18316 18318
8312 8273 17853
17851 8273 8312
18319 17851 8312
18317 17851 18319
6650 6759 17854
17852 6978 6650
17847 8535 18313
18321 8314 8274
18325 18321 17857
17860 17858 18326
8532 8610 17859
8610 8532 18327
8532 8840 18327
8532 8836 8840
9178 8840 8836
9178 9182 8840
9550 9182 9178
9550 9554 9182
9934 9554 9550
9934 9938 9554
18329 9938 9934
18329 9934 17861
17862 4488 4628
18328 17862 4628
17860 18326 4490
17857 18321 8274
4628 17860 4490
18327 8536 8610
4878 18326 17858
4878 17858 4876
18322 4878 5326
4878 5226 5326
4878 4876 5226
5576 5684 5226
5226 5684 5326
5684 5576 18323
5576 5938 18323
5576 5936 5938
5936 17856 5938
5938 17856 18324
8536 18325 8610
18325 17859 8610
18325 17857 17859
4490 18328 4628
17847 8531 8535
17849 8535 8531
18315 8535 17849
17835 9932 18301
18301 9932 9936
18303 9936 9932
18303 9932 17837
18302 6299 6379
17838 18302 6379
17836 18302 17838
6299 18304 6379
10461 18305 10326
18305 17837 10326
18305 18303 17837
17839 10461 10326
6379 6297 17838
18304 6651 6715
18304 6715 17840
18300 18302 17834
6379 18304 17840
17834 18302 17836
18301 9552 9548
5935 18296 5937
5937 18298 5935
5935 18298 17832
17831 8834 18297
18297 8834 8838
9176 9259 18299
8838 9176 18299
8834 9176 8838
17833 9259 9176
17832 18300 17834
18298 18300 17832
9259 9180 18299
17833 9548 9259
9548 9180 9259
9548 9552 9180
18301 9548 17835
6297 6379 17840
6651 18306 6715
10465 18307 10461
10469 17843 10327
17844 18312 17846
18310 18312 17844
18313 8839 17847
17847 8839 8835
8839 9177 8835
9181 9177 8839
9181 18311 9669
9549 9181 9669
9177 9181 9549
9669 17845 9549
18312 6977 7041
17848 18312 7041
17846 18312 17848
6977 18314 7041
9933 9937 10327
10327 9937 10469
9937 18309 10469
9553 9937 9933
10461 18307 18305
10461 17839 17841
10461 17841 10465
6715 6649 17840
6715 18306 6649
18306 17842 6649
18306 18308 17842
17831 18297 17829
10469 18309 10465
10465 17841 17843
10465 17843 10469
17842 18310 17844
18308 18310 17842
18311 9553 9669
9669 9553 17845
9553 9933 17845
10465 18309 18307
16670 17146 17144
18460 19024 18564
18719 13035 13139
18798 2325 2515
18340 18798 2515
18338 18798 18340
2325 18800 2515
18801 18339 18341
18801 18799 18339
2515 2321 18340
2515 18800 2321
18800 18342 2321
18800 18802 18342
11598 18801 11812
18801 18343 11812
18801 18341 18343
11598 11812 12276
11598 12276 12018
18799 18797 18339
18803 12018 12276
18339 18797 11168
11168 11360 18337
18793 10750 10752
18795 10752 10750
18795 10750 18335
18796 2502 2494
18796 2494 18794
18334 2494 18336
18336 2494 2502
11170 18795 11360
18795 18337 11360
18795 18335 18337
18797 11170 11360
18338 2320 2502
18796 18338 2502
18798 18338 18796
18336 2502 2320
18797 11360 11168
18333 10750 18793
18342 18804 18344
11596 11812 18343
2322 18348 2326
2326 18348 18808
18811 18349 18351
18811 18809 18349
18350 18812 18352
18810 18812 18350
18351 13034 18811
18811 13034 13036
18813 13036 13034
18813 13034 18353
18352 18814 18354
18812 18814 18352
18353 13480 18813
18813 13480 13482
18815 13482 13480
2326 18350 2322
18802 18804 18342
2326 18810 18350
18809 12510 12508
18345 12280 11596
12280 11812 11596
12280 12276 11812
18803 12276 12280
18803 12280 18805
18344 18806 18346
18804 18806 18344
12016 12280 18345
18805 12280 12016
18347 18805 12016
18807 18805 18347
18346 18808 18348
18806 18808 18346
18347 12508 18807
18807 12508 12510
18809 12508 18349
18815 13480 18355
18332 3782 3626
3626 3782 3206
8936 18785 18327
18785 8608 18327
8608 8536 18327
8844 8936 9310
8844 9310 9186
9186 9310 9698
9186 9698 9558
18787 9558 9698
18328 4490 4624
18786 18328 4624
18788 18328 18786
18326 4624 4490
8840 8936 18327
9182 9310 8840
8840 9310 8936
8844 18785 8936
9554 9698 9182
8536 8608 18325
5938 18324 5940
6652 6654 6302
6652 18320 6654
6654 18320 18780
18325 8608 18321
18321 8608 8606
18781 8606 8608
18781 8608 18785
4492 18786 4624
4984 18782 4492
4984 4492 4624
4878 4984 4624
18326 4878 4624
18322 4984 4878
18323 5938 18783
18783 5938 5940
5940 18324 18784
3206 3782 3360
9182 9698 9310
9554 9940 18787
3208 3782 3628
4226 18790 3628
4226 3628 3782
4064 4226 3782
18332 4064 3782
18330 4226 4064
18793 18331 18333
18793 18791 18331
18794 2494 2490
18794 2490 18792
2786 2952 18334
2952 2494 18334
2952 2490 2494
3206 3360 2786
2786 3360 2952
3208 3360 3782
9698 9554 18787
2788 3360 3208
2324 2952 2788
9554 9938 9940
9938 18329 10504
10332 9938 10504
9940 9938 10332
18789 10332 10504
4066 18790 4226
4226 18330 4066
18330 18788 4066
18330 18328 18788
10330 10504 18329
18789 10504 10330
18331 18789 10330
18791 18789 18331
2324 18792 2490
2324 2490 2952
2788 2952 3360
18354 18816 18356
18814 18816 18354
13892 18815 14080
18466 18834 17990
18834 18245 17990
18701 18832 18466
17281 17042 18833
17042 17281 17508
17508 17281 17773
17508 17773 17994
17994 17773 18245
18245 18834 17994
14828 14753 18703
15294 15213 14828
14828 15213 14753
15756 15669 15294
15294 15669 15213
15756 18704 15669
18372 18466 17990
13544 13481 18705
18701 18466 18372
17990 18245 17773
18699 18830 18701
18701 18830 18832
15437 15214 18831
15214 15437 15670
15670 15437 15895
15670 15895 16124
16124 15895 16349
18371 16574 16349
16574 16124 16349
16574 16576 16124
17040 17281 18833
16576 17040 18833
16574 17040 16576
17504 17773 17281
17504 17281 17040
17990 17773 17504
18701 18370 18699
13958 13891 13544
19161 14313 13958
18554 18463 18090
18090 18463 17991
18554 18708 18463
13544 18705 13483
18705 19163 13483
18705 18709 19163
13544 13483 13893
13544 13893 13958
19161 13958 13893
19164 16216 16214
19164 16214 19162
18706 16214 16575
16214 16670 16575
16214 16216 16670
16575 16670 18707
17614 17991 17505
13544 13891 13481
18090 17991 17614
17614 17505 17144
14313 13891 13958
14313 14311 13891
14755 14828 18703
14311 14755 18703
14313 14755 14311
14828 14755 15215
14828 15215 15294
15294 15215 15671
15294 15671 15756
19162 16214 16123
19162 16123 18704
15671 19162 18704
15756 15671 18704
16214 18706 16123
17144 17041 18707
17144 17505 17041
18701 18372 18370
18371 16349 16122
16122 15895 15668
18362 18820 1880
18362 18360 18820
18363 14510 18361
18361 14510 14506
18821 14506 14510
18821 14510 18823
18824 2102 2100
18824 2100 18822
18362 2100 18364
18364 2100 2102
18365 14514 18363
18363 14514 14510
18823 14510 14514
18823 14514 18825
994 18826 1236
2100 18362 1880
994 1236 18366
1880 18822 2100
18819 14502 14506
18815 18357 14080
18815 18355 18357
18817 13892 14080
18356 18818 18358
18816 18818 18356
13890 14080 18357
14312 18817 14502
14502 18817 18359
18817 14080 18359
14080 13890 18359
18819 14312 14502
18358 18820 18360
18818 18820 18358
18361 14506 18359
18359 14506 14502
18819 14506 18821
1442 994 18366
1444 994 1442
18824 1444 2102
18829 18827 18369
18462 18699 18370
19159 18932 18368
18368 18932 18462
18932 18830 18462
18830 18699 18462
19159 18828 18932
18369 14752 18829
18829 14752 14754
15212 15437 18831
14754 15212 18831
14752 15212 14754
15668 15895 15437
15668 15437 15212
16122 16349 15895
18369 18827 14310
18827 14518 14310
14310 14518 18367
18366 1236 990
1444 1878 2102
1444 1442 1878
18364 2102 1878
18367 14518 18365
18365 14518 14514
18825 14514 14518
18825 14518 18827
6652 6302 6300
18928 19159 18368
18928 102 19159
100 102 18928
550 102 100
550 554 102
18826 554 1236
554 990 1236
554 550 990
102 18828 19159
6302 18324 6300
6302 18784 18324
18783 5578 18323
552 18280 548
548 18278 552
552 18278 18736
10848 10749 18281
18279 10749 10848
18739 18279 10848
18737 18279 18739
18280 18740 18282
18738 18740 18280
10406 10329 18283
10751 10848 18281
10751 18281 10329
18741 10751 10329
10406 18741 10329
18739 10848 10751
552 18738 18280
18282 18742 18284
18735 11270 11169
18277 18737 11169
18276 18732 992
18276 18274 18732
11270 11167 18277
11597 11710 18275
11597 18275 11167
18735 11597 11167
11270 18735 11167
11710 11597 12017
11710 12017 12158
18733 12158 12017
18278 988 1118
18734 18278 1118
18736 18278 18734
18276 1118 988
11270 18277 11169
18277 18279 18737
1118 18276 992
18740 18742 18282
18285 8841 8837
18286 18746 989
18744 18746 18286
1144 18288 989
8560 18287 8537
18287 18747 8537
18287 18289 18747
18745 8560 8537
993 1144 18746
1441 18288 1144
993 1441 1144
1443 1441 993
18290 1441 2005
1441 1879 2005
1441 1443 1879
1879 18748 2005
18746 1144 989
18743 8841 18285
18743 18285 18745
18285 8533 8560
8841 9179 8837
9183 9179 8841
9183 9551 9179
9555 9551 9183
9555 9935 9551
9939 9935 9555
10331 10406 18283
9935 10331 18283
9939 10331 9935
18741 10406 10331
549 18284 18742
549 18742 553
553 18744 549
549 18744 18286
8560 8533 18287
18745 18285 8560
992 18734 1118
18273 12509 18731
18273 12507 12509
18724 17638 17634
18724 17634 18722
18264 17634 17989
17634 18116 17989
17634 17638 18116
18116 18266 17989
18725 18265 18267
18725 18723 18265
17507 17638 18724
17638 17507 18726
18118 17638 18726
18116 17638 18118
18266 18116 18461
18116 18582 18461
18116 18118 18582
18723 18721 18263
19044 18927 18582
18723 18263 18265
18262 17630 18264
18261 13139 13035
18717 18261 13035
18259 18261 18717
18720 17630 17626
18720 17626 18718
17988 18104 18262
18104 17630 18262
18104 17626 17630
18260 18104 17988
13033 18263 13139
18263 18719 13139
18263 18721 18719
13139 18261 13033
18722 17634 17630
18722 17630 18720
18264 17630 17634
18582 18927 18461
19044 18268 18927
18727 18267 18269
1112 662 1114
18270 1112 18272
18272 1112 1114
18731 18271 18273
18731 18729 18271
991 1114 18730
991 18732 1114
18732 18272 1114
18732 18274 18272
11710 11595 18275
12158 12015 11710
11710 12015 11595
18733 12509 12158
12509 12015 12158
12509 12507 12015
1114 662 18730
662 551 18730
551 662 18728
18729 18727 18269
18727 18725 18267
17993 18118 18726
18118 17993 18465
18118 18465 18582
18582 18465 18931
18582 18931 19044
99 18268 19044
18749 18289 18291
18931 99 19044
662 547 18728
547 101 18728
547 99 101
1112 987 662
662 987 547
1112 18270 987
18729 18269 18271
101 99 18931
18258 19024 18926
18749 18747 18289
1877 2005 18748
10045 18307 18309
10045 18309 10051
18308 18770 18310
18768 18770 18308
9553 18311 9663
18311 18769 9663
18311 18771 18769
10051 9937 9553
10051 9553 9663
10051 18309 9937
18310 18772 18312
18770 18772 18310
8914 8839 18313
18773 9185 8914
9185 8839 8914
10045 10051 9663
9185 9181 8839
10045 9663 9557
18769 9557 9663
9556 9647 18765
9647 10041 18765
9647 10037 10041
10037 18303 18305
10037 18305 10041
6711 6651 18304
6711 18764 6651
18764 18306 6651
18764 18766 18306
10045 18767 10041
10041 18767 18765
10041 18305 18307
10041 18307 10045
18306 18768 18308
18766 18768 18306
18767 10045 9557
9647 9556 18763
18311 9181 9185
6977 18312 18772
6980 18780 18320
6980 18320 6978
6978 18318 6980
6980 18318 18778
8540 18779 8606
18779 18321 8606
18779 18319 18321
18781 8540 8606
4880 18782 4984
4880 4984 18322
5228 4880 18322
5230 4880 5228
5578 5230 5228
5578 5580 5230
18783 5580 5578
18779 18777 18317
18311 9185 18771
18779 18317 18319
18316 18778 18318
6977 18772 6979
6979 18774 6977
6977 18774 18314
8596 8535 18315
8843 8914 18313
8843 18313 8535
18775 8843 8535
8596 18775 8535
18773 8914 8843
18314 18776 18316
18774 18776 18314
8596 18315 8539
18315 18777 8539
18315 18317 18777
18775 8596 8539
18776 18778 18316
6653 18764 6711
6299 6373 18304
6373 18762 18304
3308 3207 3627
3308 3627 3724
18751 3724 3627
4877 18292 18752
4877 18752 4879
4879 5227 4877
5229 5227 4879
5229 18754 5227
5227 18754 18294
18755 18293 18295
18755 18753 18293
5577 18294 18754
5577 18754 5579
5579 18756 5577
5577 18756 18296
3207 3308 18750
8573 18757 8534
18753 18749 18291
4489 18752 18292
2323 1877 18748
2319 1877 2323
2323 2785 2319
2787 2785 2323
3308 3205 18750
3205 2787 18750
3205 2785 2787
3724 3625 3308
3308 3625 3205
18751 4065 3724
4065 3625 3724
4065 4063 3625
4065 4489 4063
4491 4489 4065
4491 18752 4489
18753 18291 18293
18757 18295 8534
18757 18755 18295
18297 8573 8534
9180 9552 9184
18301 9643 9552
18760 6301 6373
18302 18760 6373
18300 18760 18302
6301 18762 6373
9647 18763 9643
9643 18763 18761
9643 18301 9936
10037 9643 9936
9647 9643 10037
18303 10037 9936
6373 6299 18302
18762 6653 6711
18762 6711 18304
9184 9552 18761
9552 9643 18761
9180 9184 8842
9180 8842 8895
18758 6004 5937
18296 18758 5937
18756 18758 18296
6004 18298 5937
8573 8538 18757
8895 18759 8838
8838 18759 18297
2005 1877 18290
18759 8538 18297
18299 8895 8838
5939 6004 18758
5939 18760 6004
18760 18298 6004
18760 18300 18298
8895 8842 18759
18299 9180 8895
8538 8573 18297
6968 13366 7064
15996 2772 2966
16451 15993 15995
14572 14146 14144
14573 14145 14147
14573 14571 14145
14146 14574 14148
14572 14574 14146
13176 12995 14149
14147 12995 13176
14575 14147 13176
14573 14147 14575
14148 14576 14150
14574 14576 14148
12704 12471 14151
12999 13176 14149
12999 14149 12471
14577 12999 12471
14572 14144 4542
12704 14577 12471
4473 14572 4542
14571 14569 14143
12470 11988 12143
12470 12474 11988
14567 12474 12470
14567 12470 14141
14140 14568 14142
14566 14568 14140
14141 12994 14567
14567 12994 12998
14569 12998 12994
14569 12994 14143
14570 4542 4471
14142 14570 4471
14568 14570 14142
4542 14144 4471
14571 14143 14145
4473 4542 14570
14139 12470 12143
14575 13176 12999
4859 14576 4861
14155 10723 10719
14153 10719 10723
14153 10723 14579
5627 5559 14154
14580 5913 5987
14580 5987 14156
5627 14580 14156
5559 5627 14156
5913 14582 5987
10422 10299 14157
14155 10299 10422
14583 14155 10422
14581 14155 14583
5987 5911 14156
5987 14582 5911
14581 10723 14155
4859 14150 14576
5561 14580 5627
5209 5561 5627
4861 14578 4859
4859 14578 14152
14579 11143 14153
14153 11143 11139
11143 11565 11139
11569 11565 11143
11569 11985 11565
11989 11985 11569
12475 12704 14151
11985 12475 14151
11989 12475 11985
14577 12704 12475
5209 14152 14578
5209 14578 5211
14154 5209 5627
5209 5211 5561
14582 14158 5911
12143 11988 14565
14564 14140 4041
14553 14129 10382
14553 14127 14129
14555 10302 10382
14128 14556 14130
14554 14556 14128
10298 10382 14129
10722 14555 10818
10818 14555 14131
14555 10382 14131
10382 10298 14131
14557 10722 10818
2763 14130 14556
2763 14556 2765
2765 14558 2763
2763 14558 14132
10302 14553 10382
10718 10818 14131
14554 14128 14126
2287 14554 2398
2394 1952 1954
14122 2394 2282
10376 14123 10301
14123 14551 10301
14123 14125 14551
14549 10376 10301
1853 1954 14550
14552 2398 2283
14552 2283 14124
1853 14552 14124
1954 1853 14124
2398 14126 2283
14553 14125 14127
14553 14551 14125
2287 2398 14552
14554 14126 2398
14564 14566 14140
10818 10718 14557
10718 11138 11142
11691 14563 14561
11691 14135 14137
11691 14137 11697
4119 14138 14136
4119 14136 4117
4117 14562 4119
4119 14562 14564
11697 11568 14563
12143 14565 11984
11984 14565 14137
14565 11568 14137
11568 11697 14137
14139 12143 11984
4119 4041 14138
4119 14564 4041
11697 14563 11691
10718 11142 14557
4043 14562 4117
3675 14560 14136
14559 11142 11138
14559 11138 14133
3185 14132 14558
3185 14558 3187
14134 3185 3675
3185 3609 3675
3185 3187 3609
3609 14560 3675
11691 14561 11564
14561 14133 11564
14561 14559 14133
14135 11691 11564
3675 3607 14134
14560 4043 4117
14560 4117 14136
3607 3675 14136
14582 14584 14158
10422 14157 10303
14157 14585 10303
5915 6036 14604
14606 6398 6265
14606 6265 14178
5915 14606 14178
6036 5915 14178
6398 14180 6265
9154 14605 9286
14605 14181 9286
14605 14179 14181
14607 9154 9286
14608 6404 6398
14608 6398 14606
14180 6398 14182
14182 6398 6404
14183 9290 14181
14605 14603 14179
14181 9290 9286
14179 14603 8818
8818 8908 14177
6264 6384 6032
14176 6264 6032
14174 6384 6264
8270 8300 14175
8522 8584 8270
8270 8584 8300
8820 14601 8908
8908 14601 14177
14601 8584 14177
8584 8522 14177
14603 8820 8908
14604 6036 6032
14604 6032 14602
14176 6032 14178
14178 6032 6036
14603 8908 8818
6384 5914 6032
14607 9286 9290
6269 6404 14608
14189 9302 14187
14187 9302 9298
14613 9298 9302
14613 9302 14615
14188 14616 14190
14614 14616 14188
9152 9302 14189
9520 14615 9692
9692 14615 14191
14615 9302 14191
9302 9152 14191
14617 9520 9692
14190 14618 14192
14616 14618 14190
9518 9692 14191
6971 14614 14188
14607 9290 14609
6973 14614 6971
6971 14186 14612
6269 14610 6404
14610 14182 6404
14610 14184 14182
14185 9294 14183
14183 9294 9290
14609 9290 9294
14609 9294 14611
6637 14184 14610
6637 14610 6639
6639 14612 6637
6637 14612 14186
14187 9298 14185
14185 9298 9294
14611 9294 9298
14611 9298 14613
6971 14612 6973
6384 14600 5914
5914 14602 6032
14601 8524 8584
6263 14590 6267
6267 14592 6263
6263 14592 14166
14593 9153 14167
14167 9153 9151
14165 9151 9153
14165 9153 14591
14166 14594 14168
14592 14594 14166
8030 8021 14169
8294 8269 8030
8030 8269 8021
8578 8521 8294
8294 8521 8269
14595 8819 8578
6263 14164 14590
8819 8521 8578
14591 14589 14163
14588 14590 14162
14157 14159 14585
14583 10422 10303
14158 14586 14160
14584 14586 14158
14587 9909 14161
14161 9909 9907
14159 9907 9909
14159 9909 14585
14160 14588 14162
14586 14588 14160
14589 9519 14163
14163 9519 9517
14161 9517 9519
14161 9519 14587
14162 14590 14164
14591 14163 14165
8819 8817 8521
14167 8817 8819
14167 8819 14593
8298 14599 8523
8580 8298 8523
8296 8298 8580
14597 8580 8523
6268 14600 6384
6384 14174 6268
14174 14598 6268
14174 14172 14598
8022 8034 14173
14175 8300 8022
8300 8034 8022
8300 8298 8034
8584 8524 14599
8298 8584 14599
8300 8584 8298
8296 8032 8298
8298 8032 8034
14171 8034 8032
14173 8034 14171
14596 6704 6635
14168 14596 6635
14594 14596 14168
6704 14170 6635
14171 8032 14169
14169 8032 8030
8296 8030 8032
2394 1954 14124
8294 8030 8296
8578 8294 8580
14595 8578 8580
14595 8580 14597
14172 6636 6704
14596 14172 6704
14598 14172 14596
14170 6704 6636
8580 8294 8296
2282 2394 14124
14550 1952 14548
14550 1954 1952
960 1209 13798
1416 14212 1209
960 1416 1209
1414 1416 960
1414 13794 1416
1416 13794 14208
13795 11136 14209
14209 11136 11140
11562 11140 11136
11562 11566 11140
11982 11566 11562
11982 11986 11566
12468 11986 11982
12468 12472 11986
12992 12472 12468
13797 19119 18904
12992 12996 12472
18438 18904 18440
18904 19119 14211
5560 5208 13790
5560 5210 5208
5707 14206 5560
13791 10716 14207
14207 10716 10720
14209 10720 10716
14209 10716 13795
17484 14210 13796
17484 13796 17482
18191 17970 13792
17970 17482 13792
17970 17484 17482
13793 18438 18191
18438 17970 18191
18438 18440 17970
18440 18904 14211
5707 5560 13790
13450 12996 12992
14213 13452 13450
15646 15863 13802
16100 14216 15863
15646 16100 15863
16098 16100 15646
16550 16100 16098
16550 16552 16100
16550 13800 16552
16552 13800 14214
14485 14217 14288
14217 13801 14288
14217 14215 13801
14730 14939 14485
14730 14485 14288
15192 15409 14939
15192 14939 14730
14215 13864 13801
13450 13452 12996
14215 13866 13864
13799 13864 14213
14213 13450 13799
17018 14214 13800
17018 13800 17016
17016 13796 17018
17018 13796 14210
19119 18906 14211
13797 68 19119
68 18906 19119
68 70 18906
524 70 68
524 526 70
1209 962 13798
962 524 13798
962 526 524
1209 14212 962
14213 13864 13866
5208 5210 4860
5208 4860 4858
14205 4858 4860
6773 14194 6638
14197 13779 13781
14197 14195 13779
6266 14198 13782
6266 13782 6262
6262 13780 6266
6266 13780 14196
13781 9906 14197
14197 9906 9908
14199 9908 9906
14199 9906 13783
3184 3365 13784
3608 14200 3365
3184 3608 3365
3606 3608 3184
13780 13778 14196
4040 4233 14201
14196 13778 6638
14195 14193 13777
13774 14192 13776
14190 14192 13774
9150 9306 13775
9306 9150 14191
9150 9518 14191
9150 9516 9518
14193 9518 9516
14193 9516 13777
6634 6773 13778
6972 14194 6773
6634 6972 6773
6970 6972 6634
6970 13776 6972
6972 13776 14192
14195 13777 13779
13778 6773 6638
3608 4040 14201
3606 4040 3608
13785 4233 4040
5558 5707 13790
5912 14206 5707
5558 5912 5707
5910 5912 5558
5910 13786 5912
5912 13786 14202
14207 13787 13791
14207 14203 13787
17968 18191 13792
13793 18191 17968
1850 14208 13794
1850 13794 1848
1848 13788 1850
1850 13788 14204
13789 4858 14205
14205 4470 13789
14205 4472 4470
4470 4472 4042
4470 4042 4233
13782 14202 13786
14198 14202 13782
13783 10296 14199
14199 10296 10300
14203 10300 10296
14203 10296 13787
2284 14204 13788
15863 15648 13802
2284 13788 2280
2760 2764 2284
3365 3186 13784
3186 2760 13784
3186 2764 2760
3365 14200 3186
4233 4042 14201
13785 4470 4233
2760 2284 2280
14617 9692 9518
13802 15648 15192
14218 15409 15192
14539 11665 11141
11665 11233 11141
11665 11667 11233
12099 11983 14117
11667 12099 14117
11665 12099 11667
12607 12469 11983
12607 11983 12099
12469 12607 14540
12997 12469 14540
12993 12469 12997
12997 13451 12993
13453 13451 12997
13453 13865 13451
13867 13865 13453
14543 11141 11233
13867 14289 13865
14116 2842 2844
14542 2842 14538
12607 11987 12473
12473 14540 12607
14541 14733 14825
14115 14825 14733
14533 14115 14733
14111 14115 14533
17485 17608 14534
14535 17608 17485
18905 14112 14536
18905 14536 18907
18907 14537 173
69 18907 173
18905 18907 69
173 14113 69
14542 2844 2842
14114 2842 14116
12099 11987 12607
14291 14289 13867
14731 14291 14825
14121 10721 10717
14119 10717 10721
14119 10721 14545
1852 14548 1952
2392 14546 1852
1952 2392 1852
2394 2392 1952
2762 2848 14122
2848 2394 14122
2848 2392 2394
14120 2848 2762
10376 10297 14123
14121 10297 10376
14549 14121 10376
14547 14121 14549
14547 10721 14121
14291 14541 14825
14120 2846 2848
2848 2846 2392
14289 14291 14731
14825 14115 14731
14544 2846 2844
14544 2844 14542
14116 2844 14118
14118 2844 2846
11137 14119 11233
14119 14543 11233
14119 14545 14543
11667 11563 11137
11667 11137 11233
11667 14117 11563
2286 14546 2392
2846 14544 2286
2392 2846 2286
14118 2846 14120
12099 11567 11987
11665 11567 12099
14539 11567 11665
16102 15879 16333
16333 14222 16102
1504 1415 14107
14529 1851 1504
1851 1415 1504
1851 1849 1415
2382 2281 14530
2281 1851 14530
2281 1849 1851
2382 14108 2281
1072 961 14109
1417 1504 14107
1417 14107 961
14531 1417 961
1072 14531 961
15650 15879 16102
14529 1504 1417
15879 15650 14221
16331 14220 16333
15863 14216 15648
14485 14290 14217
14290 14485 14732
14732 14485 14939
14732 14939 15194
15194 14939 15409
15409 14218 15194
14219 15649 15877
15877 15649 16331
16331 15649 16101
16101 14220 16331
15879 14221 15877
15877 14221 14219
15877 16333 15879
15877 16331 16333
16333 14220 14222
2285 2382 14530
14532 2840 2761
14532 2761 14108
18441 18439 17971
18441 14536 18439
18439 14536 14112
14537 71 173
173 71 14113
71 525 14113
71 527 525
963 1072 14109
525 963 14109
527 963 525
14531 1072 963
14538 2842 2840
14538 2840 14532
14110 2840 14114
14114 2840 2842
17971 18439 17969
17971 17969 17483
17971 17483 17608
14535 17971 17608
2285 14532 14108
2382 2285 14108
2840 14110 2761
14533 15195 14111
14111 15195 15193
15195 15647 15193
15651 15647 15195
15648 14218 15192
15651 16099 15647
16103 16551 16099
16553 16551 16103
16553 17017 16551
17019 17017 16553
17608 17483 14534
17483 17019 14534
17483 17017 17019
16103 16099 15651
14191 9152 9306
14193 14617 9518
6974 14620 14194
14550 1518 1853
1518 1956 1853
1518 1522 1956
1956 14552 1853
14553 10380 14551
14551 10380 10378
14987 10378 10380
14987 10380 14989
965 1090 14988
1090 965 1419
1090 1419 1522
1522 1419 1855
1522 1855 1956
14990 2400 2287
14990 2287 14552
1518 1086 1522
1855 14990 14552
1522 1086 1090
14988 1090 1086
1950 1516 14548
1950 1514 1516
14546 1950 1852
14985 14547 14549
14985 14983 14547
14986 1086 1082
14986 1082 14984
1518 1082 1086
1516 1082 1518
14548 1516 14550
14550 1516 1518
10378 10301 14551
14549 10301 10378
14987 14549 10378
14985 14549 14987
14988 1086 14986
1852 1950 14548
1956 1855 14552
10302 10380 14553
14557 11142 14993
14993 11142 11146
14995 11146 11142
14995 11142 14559
3265 3187 14558
3187 3265 14994
3611 3187 14994
3609 3187 3611
14560 3609 4115
3609 4045 4115
3609 3611 4045
4045 14996 4115
14997 14559 14561
14997 14995 14559
4115 4043 14560
3189 14994 3265
2400 14554 2287
2765 2767 3189
14558 2765 3265
10726 14989 10814
10814 14989 14555
14989 10380 14555
10380 10302 14555
14991 10726 10814
2289 2400 14990
2289 14992 2400
14992 14554 2400
14992 14556 14554
10722 10814 14555
14991 10814 10722
14557 14991 10722
14993 14991 14557
2765 14556 14992
2765 14992 2767
2765 3189 3265
4115 14996 4043
1514 1080 1516
14984 1080 14982
1946 1508 1510
1944 1508 1946
2388 1944 1946
2386 1944 2388
14538 2386 14542
14542 2386 2388
14979 10725 10801
14975 11231 10725
10725 11231 10801
11231 11141 10801
11141 14543 10801
11231 14539 11141
13111 12997 14540
12997 13111 14976
13455 12997 14976
1508 1074 1510
13453 12997 13455
1510 1074 1076
1076 624 14978
14977 15197 14733
14826 14977 14733
14971 15290 15197
17485 14534 14972
17485 14972 17487
14535 17485 17487
14535 17487 14973
19007 18907 14536
18907 19007 14974
73 18907 14974
18907 174 14537
18907 73 174
174 73 529
174 529 624
624 529 14978
1074 624 1076
1516 1080 1082
13455 13867 13453
13869 14291 13867
14982 1080 1078
14982 1078 14980
1514 1078 1080
1512 1078 1514
1950 1512 1514
1948 1512 1950
2286 2390 14546
2390 1950 14546
2390 1948 1950
14544 2390 2286
10721 14547 10803
14547 14981 10803
14547 14983 14981
10803 14545 10721
14984 1082 1080
10801 14545 10803
13869 13867 13455
10801 14543 14545
10803 14981 10801
14293 14291 13869
14737 14826 14541
14291 14737 14541
14293 14737 14291
14977 14826 14737
14980 1078 1076
14980 1076 14978
1512 1076 1078
1510 1076 1512
1948 1510 1512
1946 1510 1948
2390 1946 1948
2388 1946 2390
14542 2388 14544
14544 2388 2390
10801 14981 14979
14996 14562 4043
14996 14998 14562
14999 14561 14563
14589 9521 9519
14587 9519 9521
14587 9521 15023
14588 15026 14590
15024 15026 14588
15027 14589 14591
15027 15025 14589
15028 6362 6267
14590 15028 6267
15026 15028 14590
6362 14592 6267
15029 9155 14593
14593 9155 9153
14591 9153 9155
14591 9155 15027
15025 9521 14589
6271 6362 15028
15022 15024 14586
14585 9911 15021
15019 10305 10423
14583 10423 10305
15017 14583 10305
14581 14583 15017
14582 15020 14584
15018 15020 14582
10303 14585 10423
14585 15019 10423
14585 15021 15019
10423 14583 10303
14584 15022 14586
15020 15022 14584
15023 9911 14587
14587 9911 9909
14585 9909 9911
14586 15024 14588
5913 15018 14582
6271 15030 6362
15030 14594 14592
8523 8582 14597
8582 8902 14597
8582 8904 8902
9272 8902 8904
9268 8902 9272
15033 9268 9272
15033 9272 15035
5918 15036 6026
6378 15034 5918
6378 5918 6026
6268 6378 6026
14600 6268 6026
14598 6378 6268
8524 8582 14599
14601 8906 8524
8582 8523 14599
15030 14592 6362
14598 14596 15032
6378 14598 6272
8898 8819 14595
15029 14593 8819
9264 15029 8819
8898 9264 8819
15029 9264 9156
15031 9156 9264
14594 15032 14596
15030 15032 14594
14597 8902 14595
14595 8902 8898
9268 8898 8902
9264 8898 9268
15031 9264 9268
15031 9268 15033
6272 15034 6378
14598 15032 6272
5917 15018 5913
5913 15016 5917
5913 14580 15016
15005 13002 12998
15005 12998 14569
14568 15006 14570
15004 15006 14568
15007 14569 14571
15007 15005 14569
15008 4546 4473
14570 15008 4473
15006 15008 14570
4546 14572 4473
15009 14571 14573
15009 15007 14571
4475 4546 15008
4475 15010 4546
15010 14572 4546
15003 12998 13002
15010 14574 14572
14567 12998 15003
14566 15004 14568
14999 14997 14561
14562 15000 14564
14998 15000 14562
14563 11568 14999
14999 11568 11572
15001 11572 11568
15001 11568 14565
14564 15002 14566
15000 15002 14564
14565 11988 15001
15001 11988 11992
12474 11992 11988
12474 12478 11992
15003 12478 12474
15003 12474 14567
15002 15004 14566
15011 14573 14575
15011 15009 14573
15010 4863 4929
11993 11989 11573
11993 12475 11989
12479 12475 11993
14577 12475 12479
14577 12479 15013
5275 5211 14578
5211 5275 15014
5563 5211 15014
5561 5211 5563
5563 15016 5561
5561 15016 14580
10723 14581 10859
14581 15015 10859
14581 15017 15015
10859 14579 10723
11573 11989 11569
11573 11569 11147
11147 11569 11143
10727 11147 11143
14576 15010 4929
14574 15010 14576
4863 15012 4929
15013 13003 14577
14577 13003 12999
14575 12999 13003
14575 13003 15011
15197 14533 14733
4929 4861 14576
15012 5275 14578
4929 15012 14578
4861 4929 14578
5213 15014 5275
15015 10727 10859
10859 10727 14579
10727 11143 14579
15012 5213 5275
15197 15290 14533
14826 14733 14541
13001 14976 13111
14213 13653 13452
17020 14636 14214
17020 14214 17018
17733 17486 14210
17486 17018 14210
17486 17020 17018
17486 17733 17972
17972 17733 18195
17972 18195 18442
18442 18195 18661
14211 18906 18661
18906 18442 18661
18906 18908 18442
70 295 14637
18908 70 14637
12996 13452 13000
18906 70 18908
13000 13452 14635
12996 13000 12476
18440 18195 17970
14211 18661 18440
1418 14634 14212
1418 14212 1416
1416 14208 1418
1418 14208 14632
11140 11366 14209
11366 11140 14633
11140 11570 14633
11140 11566 11570
11986 11570 11566
11986 11990 11570
12472 11990 11986
12472 12476 11990
12996 12476 12472
13452 13653 14635
18440 18661 18195
528 14638 295
526 528 70
14641 13868 14065
14215 14641 14065
14217 14641 14215
15648 15865 14218
16317 16104 14216
14216 16104 15648
16104 14642 15648
14642 15865 15648
16317 14640 16104
14487 14643 14290
14643 14217 14290
14643 14641 14217
14732 14941 14487
14732 14487 14290
15194 15411 14941
14065 13868 14639
70 528 295
295 14638 72
16554 14214 14636
962 528 526
962 964 528
962 14212 964
964 14212 14634
13653 13454 14635
14065 14639 13866
13866 14639 14213
14639 13454 14213
13454 13653 14213
14215 14065 13866
16100 16317 14216
16554 14640 16317
16100 16554 16317
16552 16554 16100
16552 14214 16554
295 72 14637
17970 17733 17484
17970 18195 17733
17484 17733 14210
9910 9908 10304
14625 10304 10508
3608 3785 14200
14201 3785 3608
14198 14626 14202
14624 14626 14198
10300 10508 14199
14625 10508 10300
14203 14625 10300
14627 14625 14203
2288 14628 14204
2288 14204 2284
2764 2288 2284
2764 2766 2288
3186 2766 2764
10304 9908 10508
3186 3188 2766
9908 14199 10508
14197 9908 14623
6974 14194 6972
6972 14192 6974
6974 14192 14618
14621 14193 14195
14621 14619 14193
6640 14622 14196
6640 14196 6638
6638 14194 6640
6640 14194 14620
14623 14195 14197
14623 14621 14195
6270 14624 14198
6270 14198 6266
6266 14196 6270
6270 14196 14622
14623 9908 9910
3785 3610 14200
3610 3186 14200
3610 3188 3186
14205 4860 4645
4860 4474 4645
4860 4862 4474
5210 4862 4860
5210 5212 4862
5560 5212 5210
5560 5562 5212
5560 14206 5562
5562 14206 14630
10720 10942 14207
11144 14631 11366
11366 14631 14209
14631 10942 14209
10942 10720 14209
14633 11144 11366
4645 4474 14629
1854 14204 14628
1850 14204 1854
1854 14208 1850
14201 4042 3785
4042 3610 3785
4042 4044 3610
4472 4645 14629
4044 4472 14629
4042 4472 4044
14205 4645 4472
15194 14941 14732
5916 14630 14206
5912 14202 5916
5916 14202 14626
10724 14627 10942
14627 14207 10942
14627 14203 14207
14631 10724 10942
1854 14632 14208
5916 14206 5912
14619 14617 14193
15411 15194 14218
15867 15411 15865
1506 1417 14531
1417 1506 14529
1506 1940 14529
1506 1942 1940
14530 1940 2285
1940 2384 2285
1940 1942 2384
2384 14532 2285
15290 15195 14533
14971 15653 15290
15653 15195 15290
15653 15651 15195
15653 16103 15651
16107 16103 15653
16107 16553 16103
1940 14530 1851
16557 16553 16107
1940 1851 14529
16106 15885 16337
16793 17261 17022
16793 16791 17261
17261 14654 17022
15423 15196 14655
15196 15423 14657
15423 15885 14657
15423 15883 15885
15883 16337 15885
15883 16335 16337
14658 16337 16556
16337 16793 16556
16337 16335 16793
16793 14656 16556
15885 15652 14657
15652 15885 16106
16337 14658 16106
14656 16793 17022
16557 17019 16553
17023 14972 17019
2386 1942 1944
2384 1942 2386
14532 2384 14538
14538 2384 2386
14975 11145 11231
11231 11145 14539
11145 11567 14539
11145 11571 11567
11571 11987 11567
11991 11987 11571
11991 12473 11987
12477 12473 11991
14540 12473 13111
12473 13001 13111
12473 12477 13001
1942 1506 1944
17023 17019 16557
1944 1506 1508
1074 1506 14531
17019 14972 14534
14973 17973 14535
14535 17973 17971
17973 18441 17971
18443 18441 17973
14536 18441 19007
18441 18909 19007
18441 18443 18909
174 71 14537
18909 14974 19007
624 527 174
174 527 71
1074 963 624
624 963 527
963 1074 14531
1074 1508 1506
16793 16335 16791
16791 16335 14222
16335 16102 14222
15413 15869 15871
16105 16325 14646
16325 15869 14646
16325 15871 15869
16105 14648 16325
14945 14734 14647
14734 14945 14649
14945 15417 14649
14945 15415 15417
15415 15873 15417
15415 15871 15873
15871 16329 15873
15871 16325 16329
16555 16787 14648
16787 16325 14648
15413 15871 15415
16787 16329 16325
14943 15413 15415
14489 14943 14945
15865 14642 15867
15867 14642 14644
14489 14645 14487
14487 14645 14643
14487 14943 14489
14487 14941 14943
14941 15413 14943
14941 15411 15413
15411 15869 15413
15411 15867 15869
15867 14644 15869
15869 14644 14646
14489 14292 14645
14292 14489 14647
14489 14945 14647
14943 15415 14945
16555 14650 16787
14651 14735 14949
14649 15417 14735
16791 14222 14220
16791 14220 16789
16789 17261 16791
16789 17259 17261
17259 14652 17261
17261 14652 14654
14951 14736 14653
14736 14951 14655
14951 15423 14655
14951 15421 15423
15421 14221 15650
15883 15421 15650
15423 15421 15883
16102 16335 15883
16102 15883 15650
15419 14221 15421
15419 14219 14221
14949 15419 15421
14949 15421 14951
15417 14949 14735
15417 15419 14949
15873 15649 14219
15419 15873 14219
15417 15873 15419
16329 16101 15649
16329 15649 15873
15865 15411 14218
16789 14220 16101
16787 16789 16329
17021 17259 14650
17259 16787 14650
17259 16789 16787
17021 14652 17259
14951 14653 14949
14949 14653 14651
16329 16789 16101
8906 8582 8524
14189 13773 13775
9152 14189 9306
10838 10400 10715
10398 10400 10838
10838 10715 13732
11280 10838 13732
11274 10838 11280
11730 11274 11280
11724 11274 11730
12180 11724 11730
12172 11724 12180
12180 13733 12467
12696 12180 12467
12172 12180 12696
13729 12696 12467
13320 13734 13322
13730 13734 13320
10400 13731 10715
13323 10404 13321
13319 10400 10398
13728 13730 13318
10398 10291 13319
10838 10711 10398
10398 10711 10291
11274 11131 10838
10838 11131 10711
11724 11557 11274
11274 11557 11131
11557 11724 13317
11724 12164 13317
11724 12172 12164
12696 12164 12172
12688 12164 12696
13727 12688 12696
13727 12696 13729
13318 13730 13320
13321 10400 13319
13726 13728 13316
13321 10404 10400
13731 10404 13735
4857 13738 4935
13327 10414 13325
13325 10414 10410
13737 10410 10414
13737 10414 13739
4569 13328 13326
4569 13326 4565
4565 4939 4569
4565 4935 4939
5207 5281 13738
5281 4935 13738
5281 4939 4935
5207 13740 5281
10414 13327 10295
13327 13741 10295
4935 4565 4561
13731 10400 10404
4935 4561 13736
4565 13324 4561
11135 11280 13732
11280 11135 11561
11280 11561 11730
11730 11561 11981
11730 11981 12180
13733 12180 11981
4466 4561 13324
4466 13322 4561
13322 13736 4561
13322 13734 13736
13325 10410 13323
13323 10410 10404
13735 10404 10410
13735 10410 13737
4565 13326 13324
4857 4935 13736
13327 13329 13741
13316 13728 13318
13725 12680 12688
13305 11976 11685
11976 11560 11685
11976 11980 11560
13717 11980 11976
13717 11976 13307
2754 2871 13308
2754 13306 2871
13306 13718 2871
13306 13716 13718
12659 13719 12462
13719 13307 12462
13719 13717 13307
13309 12659 12462
2871 2755 13308
13718 3183 3275
11685 11560 13715
13718 3275 13310
13714 13716 13304
13305 11685 11556
10710 13713 13301
13713 10294 13301
10294 10381 13301
13303 10817 10710
2759 2858 13712
2759 13714 2858
13714 13302 2858
13714 13304 13302
10817 10714 13713
13303 11130 10817
11130 10714 10817
11130 11134 10714
11556 11685 13715
11134 11556 13715
11130 11556 11134
13304 13716 13306
13725 12688 13727
2871 13718 13310
3183 13720 3275
4037 13724 13314
12463 13315 12680
13723 12671 12466
13725 12466 12671
13313 13725 12671
13725 12463 12680
13725 13313 12463
4465 13314 13724
4465 13724 4469
4469 13726 4465
4465 13726 13316
12164 11977 13317
11977 12164 13315
12164 12680 13315
12164 12688 12680
4039 13724 4037
2755 2871 13310
4037 3603 4039
3603 3683 13722
12665 13721 12659
12659 13721 13719
12659 13309 13311
12659 13311 12665
3275 3181 13310
13720 3605 3683
13720 3683 13312
3275 13720 13312
3181 3275 13312
3605 13722 3683
12671 13723 12665
12665 13723 13721
12665 13311 13313
12665 13313 12671
3683 3603 13312
4039 3603 13722
13739 10414 10295
4573 13330 13328
4573 13328 4569
7772 7784 13347
8020 13759 8038
8038 13759 13349
13759 7784 13349
7784 7772 13349
13761 8020 8038
13762 6726 6720
13762 6720 13760
13348 6720 13350
13350 6720 6726
8018 8038 13349
8268 13761 8304
8304 13761 13351
13761 8038 13351
8038 8018 13351
6720 13348 6629
8268 8304 8588
13758 13760 13346
13760 6720 6629
13341 13755 7773
13341 13343 13755
13753 7778 7773
13342 13756 13344
13754 13756 13342
13757 13343 13345
13757 13755 13343
6632 13758 13346
6632 13346 6628
6628 13344 6632
6632 13344 13756
7774 13757 7784
13757 13347 7784
13757 13345 13347
13759 7774 7784
13346 13760 6629
7778 13341 7773
8268 8588 8520
13764 6732 6726
6633 6738 13766
13768 7046 6967
13768 6967 13354
6633 13768 13354
6738 6633 13354
7046 13356 6967
8918 13355 8815
13355 13769 8815
13355 13357 13769
13767 8918 8815
6969 7046 13768
13770 7300 7261
13770 7261 13356
6969 13770 13356
7046 6969 13356
13765 8918 13767
13763 8520 8588
13765 8912 8918
13355 8918 13353
13764 6726 13762
13350 6726 13352
13352 6726 6732
8266 8304 13351
8518 8588 8266
8266 8588 8304
8814 13763 8912
8912 13763 13353
13763 8588 13353
8588 8518 13353
13765 8814 8912
13766 6738 6732
13766 6732 13764
13352 6732 13354
13354 6732 6738
13353 8918 8912
13752 13754 13340
13340 13754 13342
13339 8019 13751
5285 5633 5637
5633 13742 5637
5637 13742 13744
9630 9513 13333
13331 9513 9630
13745 13331 9630
13743 13331 13745
4947 4855 13332
5289 5205 4855
5289 4855 4947
5637 5555 5205
5637 5205 5289
13744 5909 5993
13744 5993 13334
5637 13744 13334
5285 5637 5289
5555 5637 13334
4943 5285 5289
4943 4947 4573
4569 4943 4573
4569 4939 4943
4939 5285 4943
4939 5281 5285
5557 5633 13740
5633 5281 13740
5633 5285 5281
5557 13742 5633
13743 9905 13331
13331 9905 9903
13329 9903 9905
13329 9905 13741
4573 4467 13330
4947 13332 4467
4573 4947 4467
4943 5289 4947
5909 13746 5993
9248 9147 13335
9515 9630 13333
8267 8517 8265
8519 8517 8267
8813 8890 13337
8517 8813 13337
8519 8813 8517
13749 8890 8813
6627 13338 13750
6627 13750 6631
6631 13752 6627
6627 13752 13340
7778 7771 13341
13753 8019 7778
8019 7771 7778
8019 8017 7771
13339 8017 8019
13339 8267 8265
13751 8267 13339
6259 13750 13338
6261 13750 6259
9515 13333 9147
13747 9515 9147
9248 13747 9147
13745 9630 9515
5993 5907 13334
5993 13746 5907
13746 13336 5907
10817 13713 10710
13746 13748 13336
9149 9248 13335
9149 13335 8811
13749 9149 8811
8890 13749 8811
13747 9248 9149
6259 13336 13748
6259 13748 6261
8890 8811 13337
10381 10294 13711
2858 13302 2753
13710 13712 13300
2960 2278 2506
2750 2960 2506
12926 2750 2506
12922 2960 2750
12923 10708 13377
13377 10708 10712
13381 10712 10708
13381 10708 12927
14726 14933 12928
15188 15403 14933
15188 14933 14726
15642 15859 15403
15642 15403 15188
16094 16313 15859
16094 15859 15642
2960 13376 2278
16546 16771 16313
1846 2506 2278
1846 13380 2062
17480 13378 17012
13378 17239 17012
17480 17727 17966
17966 17727 18187
17966 18187 18436
18436 18187 18657
12921 18900 18657
18900 18436 18657
18900 18902 18436
64 291 13379
18902 64 13379
18900 64 18902
520 741 291
520 291 64
12925 741 520
1846 2062 2506
12920 17480 17012
16546 16313 16094
12924 17014 16546
11554 11132 11128
11554 11558 11132
11974 11558 11554
11974 11978 11558
12460 11978 11974
12460 12464 11978
12988 12464 12460
12988 12990 12464
13446 12990 12988
13446 13448 12990
13860 13448 13446
13860 13862 13448
14284 14481 13383
13862 14284 13383
13860 14284 13862
13381 11128 11132
17239 17014 12924
12927 11128 13381
1844 2506 2062
17014 13382 16546
13382 16771 16546
17239 13378 17014
291 66 13379
66 291 522
522 291 741
12925 956 741
956 522 741
956 958 522
1410 958 956
1410 1412 958
13380 1412 2062
1412 1844 2062
1412 1410 1844
2276 2506 1844
12926 2506 2276
17727 17480 12920
17012 17239 12924
13377 10288 12923
13367 9702 13369
12912 6435 6260
13370 12912 6260
12914 12912 13370
6435 13368 6260
12915 9704 12913
12913 9704 9702
13369 9702 9704
13369 9704 13371
3182 13372 12916
3182 12916 3178
3602 3182 3178
3602 3604 3182
4036 3604 3602
4036 4038 3604
13367 9700 9702
4464 4038 4036
12911 9702 9700
12910 7064 6966
7306 6968 7064
7260 7306 7064
12910 7260 7064
12908 7306 7260
9514 13365 9700
13365 12911 9700
13365 12909 12911
13367 9514 9700
6258 6435 12912
6630 13368 6435
6258 6630 6435
6626 6630 6258
13366 6630 7064
6630 6966 7064
6630 6626 6966
12913 9702 12911
4464 4468 4038
13373 4468 4464
13373 4464 12917
12922 13372 2756
12922 12916 13372
12917 4854 13373
13373 4854 4856
5204 4856 4854
5204 5206 4856
5703 5556 12918
5556 5204 12918
5556 5206 5204
5703 13374 5556
9902 10090 12919
10090 9902 13375
9902 10292 13375
9902 10288 10292
13377 10292 10288
2960 12922 2756
2756 13376 2960
12921 18657 18434
18434 18187 17964
5554 5703 12918
5908 13374 5703
5554 5908 5703
5906 5908 5554
5906 12914 5908
5908 12914 13370
9512 9704 12915
14481 14284 12928
9904 13371 10090
13371 9704 12919
9704 9512 12919
13375 9904 10090
17478 17727 12920
17964 18187 17727
17964 17727 17478
18434 18657 18187
10090 13371 12919
7300 13358 7261
14933 14481 12928
14933 15405 14935
12991 13449 13447
13289 13447 13449
13289 13449 13699
13702 3262 3260
13702 3260 13700
13290 3260 13292
13292 3260 3262
13703 10713 10805
10805 10713 13293
10713 11129 13293
10713 11133 11129
11133 11555 11129
11559 11555 11133
11559 11975 11555
11979 11975 11559
12991 13447 13291
11979 12461 11975
13115 12991 13291
13290 3258 3260
13699 13863 13289
13289 13863 13861
13863 14285 13861
14287 14285 13863
14287 14727 14285
14729 14727 14287
14729 13697 15293
15189 14729 15293
14727 14729 15189
15755 15643 15189
15755 15189 15293
15755 13287 15643
13700 3260 3258
13700 3258 13698
13288 3258 13290
13701 12991 13115
3258 13288 3179
12465 12461 11979
12989 12465 13115
13297 13705 10375
13297 13707 13705
10375 13295 10289
13296 13708 13298
13706 13708 13296
13709 13297 13299
13709 13707 13297
13298 13710 13300
13708 13710 13298
10381 13711 10290
13711 13299 10290
13711 13709 13299
13301 10381 10290
13712 2858 2753
13300 13712 2753
10289 13297 10375
12465 13701 13115
13294 2850 2752
13704 13296 2850
12461 12465 12989
13115 13291 12989
2758 13704 2850
3262 13702 2758
3262 2758 2850
3180 3262 2850
13294 3180 2850
13292 3262 3180
13705 10293 10375
13703 10805 10293
10293 10805 10375
10805 10709 10375
10709 13295 10375
10805 13293 10709
13296 2752 2850
13706 13296 13704
13696 13698 13286
13286 13698 3179
13698 3258 3179
1847 2277 1845
2279 2277 1847
13280 2277 2837
2277 2757 2837
2277 2279 2757
2757 13692 2837
17606 17479 13281
18084 17965 17606
17606 17965 17479
18548 18435 18084
18084 18435 17965
18548 13282 18435
13693 959 13283
13283 959 957
13279 957 959
1847 1845 1413
13279 959 13691
1413 1845 1411
13691 1413 13279
14933 15403 15405
13384 15405 15644
15405 15859 15644
15405 15403 15859
15644 15859 16096
16096 15859 16313
16096 16313 16548
16548 16313 16771
16771 13382 16548
14481 14286 13383
14286 14481 14728
14728 14481 14935
14728 14935 15190
15190 14935 15405
15405 13384 15190
13279 1413 1411
2837 2751 13280
2837 13692 2751
13692 13284 2751
67 65 18903
67 521 65
523 521 67
13283 521 523
13283 523 13693
13284 13696 13286
13694 13696 13284
13697 15191 15293
13695 15753 15191
15753 15293 15191
15753 15755 15293
16207 16095 13287
15755 16207 13287
15753 16207 15755
16207 13285 16095
18903 65 18901
18903 18901 18437
18437 18901 18548
18901 13282 18548
13692 13694 13284
13695 15645 15753
15753 15645 16207
16207 15645 16097
16207 16097 13285
16097 16547 13285
16097 16549 16547
14935 14481 14933
16549 17013 16547
17481 17606 13281
17013 17481 13281
17015 17481 17013
17606 17481 17967
17606 17967 18084
18084 17967 18437
18084 18437 18548
17015 17013 16549
14189 13775 9306
13771 13357 13359
13772 7302 7300
12700 12467 13733
12995 13172 13729
12995 13729 12467
14149 12995 12467
12700 14149 12467
14147 13172 12995
13730 14150 13734
14148 14150 13730
13735 10852 13731
13731 10852 10846
13732 10846 11135
10846 11286 11135
10846 10852 11286
11736 11561 11286
11286 11561 11135
10846 13732 10715
12184 11981 11736
10846 10715 13731
13728 14148 13730
14143 12994 13164
4469 13724 14142
4469 14142 4471
4471 14144 4469
4469 14144 13726
13727 13168 13725
13725 13168 13164
14143 13164 13168
14143 13168 14145
13726 14146 13728
14144 14146 13726
13729 13172 13727
13727 13172 13168
14145 13168 13172
14145 13172 14147
14146 14148 13728
12672 12466 13725
11736 11981 11561
12471 13733 11981
14152 5277 13738
4931 14152 13738
4857 4931 13738
5209 14154 5277
10858 13737 10719
13737 14155 10719
13737 13739 14155
14153 10858 10719
5277 5207 13738
14154 5559 5629
14154 5629 13740
5277 14154 13740
5207 5277 13740
5559 14156 5629
14157 10299 13741
14152 5209 5277
12471 12700 13733
4931 4857 13736
11736 11985 12184
14151 12471 11981
12184 14151 11981
14149 12700 12471
14150 4859 4931
13736 14150 4931
13734 14150 13736
4859 14152 4931
13737 10858 13735
13735 10858 10852
10858 14153 11139
11286 10858 11139
10852 10858 11286
11286 11139 11565
11286 11565 11736
11736 11565 11985
14151 12184 11985
13741 10299 10295
14141 12672 13725
12994 14141 13164
2763 14132 2759
2759 14132 13714
13713 10714 14131
14131 10714 10718
11134 10718 10714
11134 11138 10718
14133 11138 11134
14133 11134 13715
14132 3185 3267
13716 14132 3267
13714 14132 13716
3185 14134 3267
13715 11560 14133
14133 11560 11564
11980 12131 14135
2759 14130 2763
11564 11980 14135
2759 13712 14130
14131 10298 10294
14125 14123 13705
2283 2396 14124
2283 14126 2396
14126 13706 2396
14126 13708 13706
14127 13707 13709
14127 14125 13707
13708 14128 13710
14126 14128 13708
14129 13709 13711
14129 14127 13709
13710 14130 13712
14128 14130 13710
13711 10294 14129
14129 10294 10298
14131 10294 13713
13164 14141 13725
11560 11980 11564
3271 13718 13716
3679 3605 13720
14138 4041 4121
14138 4121 13722
3679 14138 13722
3605 3679 13722
4041 14140 4121
12470 14139 12672
14139 13723 12672
14139 13721 13723
14141 12470 12672
4121 4039 13722
4121 14140 4039
14140 13724 4039
14140 14142 13724
12466 12672 13723
13721 14139 13719
13717 12131 11980
13719 14139 12137
12137 11984 14137
3271 13716 3267
3607 3677 14134
3677 3267 14134
3677 3271 3267
3607 14136 3677
12137 14137 12131
12131 14137 14135
12131 13717 13719
12131 13719 12137
3271 3183 13718
3679 13720 3183
3271 3679 3183
3677 3679 3271
3677 14136 3679
3679 14136 14138
14139 11984 12137
13739 10295 10299
13739 10299 14155
5629 5557 13740
14177 8522 8586
14178 6394 6390
14178 6390 14176
13760 6390 13762
13762 6390 6394
8268 8302 13761
8520 8586 8268
8268 8586 8302
8818 14177 8910
8910 14177 13763
14177 8586 13763
8586 8520 13763
14179 8818 8910
6265 6394 14178
6265 14180 6394
8270 8586 8522
14180 13762 6394
8270 8302 8586
14175 8036 13761
14174 13758 14172
13756 6710 6632
7774 7782 13757
8022 14173 8036
8036 14173 13759
14173 7782 13759
7782 7774 13759
14175 8022 8036
6264 14176 6390
6390 13760 6264
13760 14174 6264
13760 13758 14174
8020 8036 13759
8270 14175 8302
8302 14175 13761
8036 8020 13761
14172 13758 6710
14180 13764 13762
14179 8910 8814
7050 13770 6969
13771 8928 13769
13769 8928 8924
14185 8924 8928
14185 8928 14187
6971 7050 14186
6971 14188 7050
14188 13770 7050
14188 13772 13770
8816 8928 13771
14187 8928 8816
13773 14187 8816
14189 14187 13773
13772 14190 13774
14188 14190 13772
6744 6637 13768
8814 8910 13763
6637 14186 13768
14186 7050 6969
13765 14179 8814
14181 14179 13765
13764 14182 13766
14180 14182 13764
14183 13765 13767
14183 14181 13765
14184 6744 6633
13766 14184 6633
14182 14184 13766
6744 13768 6633
8924 8815 13769
13767 8815 8924
14185 13767 8924
14183 13767 14185
6637 6744 14184
14186 6969 13768
13758 6632 6710
14171 7782 14173
14171 7780 7782
14160 13746 5909
14160 14162 13746
14163 9517 13747
13747 9517 9515
13745 9515 9517
13745 9517 14161
13746 14164 13748
14162 14164 13746
9252 9149 13749
13747 9149 9252
14165 13747 9252
14163 13747 14165
6261 13748 14164
6261 14164 6263
6263 14166 6261
5991 14160 5909
6261 14166 13750
5991 5909 13744
13743 13745 14161
14156 5911 5989
14156 5989 13742
5629 14156 13742
5557 5629 13742
5911 14158 5989
10014 9905 13743
13741 9905 10014
14159 13741 10014
14157 13741 14159
5991 13744 13742
5991 13742 5989
5989 14158 5991
5991 14158 14160
10014 13743 9907
13743 14161 9907
14159 10014 9907
8292 8267 13751
8576 8519 8292
8292 8519 8267
14167 8894 8817
6635 6700 14168
6635 14170 6700
14170 13752 6700
14170 13754 13752
7780 7773 13755
13753 7773 7780
14171 13753 7780
14169 13753 14171
6636 14172 6710
6710 13756 6636
13756 14170 6636
13756 13754 14170
13757 7782 13755
13755 7782 7780
8576 8817 8894
8576 8521 8817
8292 8521 8576
8292 8269 8521
8894 8813 8576
8576 8813 8519
9151 9252 13749
9151 13749 8813
14167 9151 8813
8894 14167 8813
14165 9252 9151
14125 13705 13707
14168 6700 6631
14166 14168 13750
6700 13752 6631
14169 8021 13753
13753 8021 8019
8269 8292 13751
8019 8269 13751
8021 8269 8019
13750 14168 6631
13706 13704 14122
13706 14122 2282
2396 13706 2282
17968 18436 13793
17966 18436 17968
18902 19117 18659
18902 18659 18436
13379 19117 18902
1848 13794 13380
1848 13380 1846
13788 1848 2498
1848 2278 2498
1848 1846 2278
13376 2498 2278
5007 4858 13789
4858 5007 5208
5208 5007 5349
5349 13790 5208
18436 18659 13793
13377 10712 13791
17966 17968 17480
17968 13792 17731
4470 4639 13373
5206 5349 5007
5206 5007 4856
5558 13790 5349
5206 5558 5349
5556 5558 5206
6071 5910 13374
5910 5556 13374
5910 5558 5556
6071 13786 5910
10292 10510 13375
13787 10510 10292
13377 13787 10292
13791 13787 13377
17480 17731 13378
17480 17968 17731
13789 4470 13373
13791 10712 10716
13795 10712 13381
1412 1414 960
1412 13380 1414
1414 13380 13794
13381 11132 13795
13795 11132 11136
11558 11136 11132
11558 11562 11136
11978 11562 11558
11978 11982 11562
12464 11982 11978
12464 12468 11982
12990 12468 12464
12990 12992 12468
13448 12992 12990
13448 13450 12992
1412 960 958
13795 10716 10712
958 960 522
960 13798 743
17014 17241 13382
17731 17482 13378
13378 17482 17014
17482 13796 17014
13796 17241 17014
17731 13792 17482
18659 18438 13793
18438 18659 18904
18904 18659 19117
293 13797 66
66 13797 13379
13797 18904 13379
18904 19117 13379
522 743 293
522 293 66
522 960 743
4856 13789 13373
5007 13789 4856
4639 4470 13785
9148 13365 9696
9516 9148 9696
9150 9148 9516
13777 9516 9696
6634 13778 6772
6634 6772 13366
6968 6634 13366
6970 6634 6968
6968 13364 6970
6970 13364 13776
9514 9696 13365
13777 9696 9514
13367 13777 9514
13779 13777 13367
13368 6630 6772
13775 9148 9150
13778 13368 6772
13363 9148 13775
13776 13364 13774
13772 7300 13770
13358 7300 13360
13360 7300 7302
13359 8812 13771
13771 8812 8816
13773 8816 8812
13773 8812 13361
13774 7304 7302
13774 7302 13772
13360 7302 13362
13362 7302 7304
13775 13361 13363
13775 13773 13361
13364 7262 7304
13774 13364 7304
13362 7304 7262
13780 13368 13778
13366 6772 6630
13781 13367 13369
5908 13370 6071
13370 13786 6071
13370 13782 13786
9904 10088 13371
10296 13783 10510
10510 13783 13375
13783 10088 13375
10088 9904 13375
13787 10296 10510
2280 13788 2498
2280 2498 13376
2756 2280 13376
2760 2280 2756
2756 13372 2760
2760 13372 13784
5908 6071 13374
13373 4639 4468
4038 4468 4040
4040 4468 13785
13781 13779 13367
6262 13782 13370
6262 13370 6260
6260 13368 6262
6262 13368 13780
9906 13781 10088
13781 13371 10088
13862 14063 13799
13781 13369 13371
3184 13784 13372
3184 13372 3182
3604 3184 3182
3604 3606 3184
4038 3606 3604
4038 4040 3606
4468 4639 13785
13783 9906 10088
13771 13769 13357
13450 13862 13799
13383 14063 13862
12609 11983 12469
12609 12469 13113
13113 12469 12993
13113 12993 13543
13543 12993 13451
13543 13451 13699
13451 13863 13699
13451 13865 13863
13865 14287 13863
14289 14287 13865
14289 14729 14287
14731 14729 14289
13697 14729 14731
13697 14731 14115
13698 14118 13700
12101 11983 12609
14116 14118 13698
14117 11983 12101
13696 14116 13698
14113 525 172
525 67 172
525 523 67
13693 523 525
13693 525 14109
13694 14114 13696
14110 14114 13694
15191 13697 15289
13697 14111 15289
13697 14115 14111
15289 13695 15191
18905 19006 14112
19006 18905 69
19006 69 172
14113 172 69
14114 14116 13696
19006 67 18903
14119 11137 11235
11669 11137 11563
11669 11133 11235
12103 11979 11559
12103 11559 11669
12611 12465 11979
12611 11979 12103
12611 13701 12465
2762 14122 13704
2762 13704 2758
2758 13702 2762
2762 13702 14120
14123 10297 13705
13705 10297 10293
13703 10293 10297
13703 10297 14121
2282 14124 2396
11669 11559 11133
11235 11137 11669
10713 10717 11133
10717 14119 11235
14117 12101 11563
12101 11669 11563
12101 12103 11669
12101 12611 12103
12101 12609 12611
13113 12991 13701
12611 13113 13701
12609 13113 12611
13543 13449 12991
13543 12991 13113
13543 13699 13449
13700 14120 13702
14118 14120 13700
14121 10717 13703
13703 10717 10713
11133 10717 11235
172 67 19006
18903 18437 18439
18903 18439 14112
14728 14937 14483
14728 14483 14286
15190 15407 14937
15190 14937 14728
15861 15646 13384
13384 15646 15190
15646 13802 15190
13802 15407 15190
15646 15861 16098
16098 15861 16315
16098 16315 16550
16550 16315 16773
16773 13800 16550
14483 14288 13801
14288 14483 14730
13864 14063 13383
14730 14483 14937
13801 13864 13383
14483 13801 14286
15644 15861 13384
16096 16315 15861
16096 15861 15644
16548 16773 16315
16548 16315 16096
17241 17016 13382
13382 17016 16548
17016 13800 16548
13800 16773 16548
17241 13796 17016
293 68 13797
68 293 524
524 293 743
743 13798 524
14063 13864 13799
14286 13801 13383
14730 14937 15192
15192 14937 15407
15407 13802 15192
15193 15645 13695
15193 15647 15645
15647 16097 15645
16099 16097 15647
16099 16549 16097
16551 16549 16099
16551 17015 16549
17017 17015 16551
17017 17481 17015
17483 17481 17017
17483 17967 17481
17969 17967 17483
17969 18437 17967
18439 18437 17969
19006 18903 14112
15289 15193 13695
14111 15193 15289
14110 13694 13692
14110 13692 2838
14107 1415 13691
13691 1415 1413
1415 1847 1413
1849 1847 1415
1849 2279 1847
2281 2279 1849
2838 2757 14108
13448 13862 13450
2757 2281 14108
2838 13692 2757
14109 961 13693
13693 961 959
13691 959 961
13691 961 14107
2761 2838 14108
2761 14110 2838
2757 2279 2281
16451 16449 15993
8906 8904 8582
9272 8906 9157
15524 6758 6764
9689 9534 15979
15981 9534 9689
15523 15981 9689
15525 15981 15523
15526 6644 6764
15980 15526 6764
15982 15526 15980
15524 6764 6644
9918 15981 10080
15981 15527 10080
15981 15525 15527
15983 9918 10080
15526 15984 15528
15982 15984 15526
15522 6758 15524
9914 10080 15527
15980 6758 15978
15523 9689 9530
9529 15519 9679
15519 15973 9679
15519 15975 15973
9679 15517 9529
15518 15976 15520
15974 15976 15518
15977 15519 15521
15977 15975 15519
15978 6758 6643
15520 15978 6643
15976 15978 15520
6758 15522 6643
9689 15979 9530
15979 15521 9530
15979 15977 15521
15980 6764 6758
6277 15974 15518
10312 15983 10500
15983 10080 15529
15991 15989 15533
4480 15992 15536
4480 15536 4478
4866 4480 4478
4866 4868 4480
5216 4868 4866
5216 5218 4868
5566 5218 5216
5566 5568 5218
5924 5568 5566
5924 5926 5568
5924 15534 5926
5926 15534 15990
15535 10732 15991
15991 10732 10734
15991 15533 15535
10500 15983 15529
6282 15532 15988
6282 15534 6278
10080 9914 15529
15985 10312 10500
15528 15986 15530
15984 15986 15528
15531 10506 15529
15529 10506 10500
15985 10500 10506
15985 10506 15987
15530 15988 15532
15986 15988 15530
10308 10506 15531
15987 10506 10308
15533 15987 10308
15989 15987 15533
6282 15990 15534
6278 15532 6282
15993 10734 10732
6281 15974 6277
6277 15516 15972
5922 15506 6027
15506 15964 6027
15506 15962 15964
15509 10044 15507
15507 10044 10040
10464 10040 10044
10460 10040 10464
15963 10460 10464
15963 10464 15965
6033 15510 15508
6033 15508 6027
6027 15964 6033
6033 15964 15966
9662 9527 15511
9527 9662 15509
5922 6027 15508
9662 10044 15509
15963 10310 10460
10036 10460 15961
15502 15960 15504
15958 15960 15502
9526 9642 15503
9916 15959 10036
10036 15959 15505
15959 9642 15505
9642 9526 15505
15961 9916 10036
6280 15962 15506
6280 15506 6276
6276 15504 6280
6280 15504 15960
15507 10040 15505
15505 10040 10036
10460 10310 15961
10040 10460 10036
6277 15972 6281
9662 10050 10044
10464 10044 10468
15971 9533 9675
15515 10056 9668
9528 15515 9668
15515 9917 10056
9533 15515 9675
15515 9533 9917
15969 10056 9917
6041 5923 15514
6041 15970 5923
15970 15516 5923
15970 15972 15516
9679 15973 9675
9675 15973 15971
9675 15515 15517
9675 15517 9679
9668 15513 9528
10468 10044 10050
6041 15968 15970
6041 15512 6037
15965 10464 10468
15965 10468 15967
6037 15512 15510
6037 15510 6033
6033 15966 6037
6037 15966 15968
15513 9668 15511
15511 9668 9662
10056 9662 9668
10050 9662 10056
10056 15969 10311
10468 10056 10311
10050 10056 10468
15967 10468 10311
6041 15514 15512
6037 15968 6041
15993 10732 15537
3194 15994 15538
3194 15538 3192
1653 16008 1657
1657 16008 16010
16011 15553 15555
16011 16009 15553
1657 1423 15554
1657 16010 1423
16010 15556 1423
16010 16012 15556
16013 13879 14079
15557 14079 13879
16011 15557 13879
15555 15557 16011
15556 16014 15558
16012 16014 15556
16015 13463 13673
1653 1657 1221
16013 14079 13463
1221 1657 971
1221 971 15552
1649 16004 16006
14073 16007 13874
16007 15549 13874
16007 16005 15549
15551 14073 13874
1221 15552 15550
1221 15550 1219
1219 1653 1221
1219 1649 1653
1649 16006 1653
1653 16006 16008
14073 13878 16007
16009 13878 14073
15551 16009 14073
15553 16009 15551
1657 15554 971
1643 16004 1649
13463 14079 13673
13875 15559 13673
16017 15565 13013
15561 15565 16017
16564 16022 15566
16564 15566 16562
17028 16564 16562
17028 17030 16564
17757 17494 15562
17494 17028 15562
17494 17030 17028
17757 16018 17494
18691 18450 16019
15563 18914 18691
18914 18450 18691
18914 18916 18450
16023 18916 18914
15565 13269 13013
14079 13875 13673
16021 13013 13269
15560 16020 15564
14079 15557 13875
15558 16016 15560
16014 16016 15558
13459 15561 13673
15561 16015 13673
15561 16017 16015
13673 15559 13459
17492 17757 15562
17978 16018 17757
17492 17978 17757
17976 17978 17492
18448 18691 16019
17978 18448 16019
17976 18448 17978
15563 18691 18448
16016 16020 15560
1217 1643 1649
1217 1649 1219
1219 15548 1217
2294 15542 2292
2292 15540 2294
2294 15540 15996
11811 15999 11578
15999 15541 11578
15999 15997 15541
11998 12275 11811
11998 11811 11578
12484 12789 12275
12484 12275 11998
13008 13253 12789
13008 12789 12484
15543 13253 13008
1858 2075 15544
1858 15542 2075
2294 15998 15542
15542 16000 2075
15541 15997 15539
15997 11156 11367
3614 3194 3192
3614 3616 3194
4050 3616 3614
4050 4054 3616
4050 15536 4054
4054 15536 15992
11367 15995 11152
15995 15537 11152
15995 15993 15537
15539 11367 11152
2772 15996 15540
2772 15540 2770
2770 15538 2772
2772 15538 15994
11367 11156 15995
15539 15997 11367
15542 15998 16000
11811 11582 15999
11582 11811 16001
13458 16003 15545
16003 13012 15545
13012 13255 15545
15547 13659 13458
970 1217 15548
1217 970 15546
1641 1217 15546
1643 1217 1641
1641 16002 1643
1643 16002 16004
13659 13462 16003
16005 13462 13659
15547 16005 13659
15549 16005 15547
1219 15550 15548
13659 16003 13458
13012 12793 13255
12488 12793 13012
12488 12279 12793
11811 12279 16001
11811 12275 12279
12275 12793 12279
12275 12789 12793
12789 13255 12793
12789 13253 13255
13253 15543 15545
15959 9532 9642
13253 15545 13255
2075 1860 15544
15544 1860 1422
1860 16002 1422
16002 1641 1422
2075 16000 1860
12279 12002 16001
12002 12279 12488
1422 1641 15546
15957 15501 15503
15957 15503 9642
9532 15957 9642
15915 15459 15461
15917 11154 11246
535 644 15916
15918 1098 969
15918 969 15460
535 15918 15460
644 535 15460
1530 1421 1098
1098 1421 969
1964 1857 1530
1530 1857 1421
1964 15462 1857
11150 11246 15461
11580 15917 11682
11682 15917 15463
15915 15461 11246
15917 11246 15463
11154 15915 11246
196 81 15458
190 15456 80
15456 15910 80
15456 15454 15910
15913 15455 15457
15913 15911 15455
15914 196 190
15914 190 15912
15456 190 15458
15458 190 196
15915 15457 15459
15915 15913 15457
81 196 15914
15916 644 533
15916 533 15458
81 15916 15458
644 15460 533
80 15912 190
11246 11150 15463
973 1098 15918
3193 3613 3191
3615 3613 3193
3615 15922 3613
3613 15922 15466
15467 11692 15465
15465 11692 11686
15921 11686 11692
15921 11692 15923
15924 4118 4047
15466 15924 4047
15922 15924 15466
4118 15468 4047
15469 11698 15467
15467 11698 11692
15923 11692 11698
3193 3191 2771
15919 11580 11682
2771 3191 2769
2293 2769 2408
1098 973 1425
1098 1425 1530
1530 1425 1859
1530 1859 1964
15920 2408 2291
15920 2291 15462
1859 15920 15462
1964 1859 15462
2408 15464 2291
15465 11686 15463
15463 11686 11682
15919 11682 11686
15919 11686 15921
2293 2408 15920
2769 15464 2408
2771 2769 2293
15911 15909 15455
15455 15909 10730
15909 10806 10730
11999 11995 11579
11999 12481 11995
12485 12481 11999
12485 13005 12481
13011 13005 12485
13011 15902 13005
13005 15902 15446
15199 15447 15291
15447 15899 15291
15447 15903 15899
15291 15441 15199
17609 17491 15442
17609 15443 17491
18449 18550 15900
18550 18449 18915
11579 11995 11575
18550 18915 19008
11579 11575 11149
15901 11579 11232
16563 17027 16561
17029 17027 16563
15442 17027 17609
17027 17493 17609
17027 17029 17493
17609 17493 15443
17493 17975 15443
17493 17977 17975
18550 18447 15900
18447 17977 15900
18447 17975 17977
19008 18913 18550
18550 18913 18447
19008 15444 18913
11232 11149 15445
11579 11149 11232
15904 176 77
15904 77 15444
18915 15904 15444
15906 15448 176
15906 15450 15448
15451 10804 15449
15449 10804 10802
15905 10802 10804
15905 10804 15907
15450 15908 15452
15906 15908 15450
15453 10806 15451
15451 10806 10804
15907 10804 10806
15907 10806 15909
15452 15910 15454
15908 15910 15452
10730 10806 15453
79 15906 176
79 176 15904
15447 14741 15903
15447 14739 14741
19008 18915 15444
176 15448 77
10802 10729 15449
11153 11232 15445
11153 15445 10729
15905 11153 10729
10802 15905 10729
15923 11698 15925
15901 11232 11153
13457 15902 13461
13461 13873 13457
13877 13873 13461
13877 14297 13873
14299 14297 13877
14299 14739 14297
14741 14739 14299
13457 15446 15902
16023 18914 15567
4051 4118 15924
15926 15468 4118
12185 15485 11997
5565 15486 15942
5565 15942 5567
5567 5921 5565
5925 5921 5567
5925 15944 5921
5921 15944 15488
10007 15945 10003
10003 15945 15943
10003 15487 15489
10003 15489 10007
6275 15488 15944
6275 15944 6279
6279 15946 6275
6275 15946 15490
12185 11577 11737
15947 9531 9623
12185 11997 11577
10405 15483 10307
12185 11581 12001
15939 12701 12001
12001 12701 12185
12701 12483 12185
12483 15485 12185
12701 15481 12483
5215 15482 15940
5215 15940 5217
5217 15942 5215
5215 15942 15486
10003 15943 9999
9999 15943 15941
10405 10307 15487
10003 10405 15487
9999 10405 10003
11737 11577 15484
11737 11581 12185
15945 10007 9531
10007 10011 9623
15950 15952 15494
15953 15495 15497
15953 15951 15495
15496 15954 15498
15952 15954 15496
15955 15497 15499
15955 15953 15497
15498 15956 15500
15954 15956 15498
15499 9160 15955
15955 9160 9162
15957 9162 9160
15957 9160 15501
15500 15958 15502
15956 15958 15500
15494 15952 15496
10007 9623 9531
9241 15493 9159
15495 15949 9241
10007 15489 15491
10007 15491 10011
15490 15948 15492
15946 15948 15490
15949 9161 9241
15947 9623 9161
9161 9623 9241
9623 9525 9241
9525 15493 9241
10011 9913 9525
10011 9525 9623
10011 15491 9913
15492 15950 15494
15948 15950 15492
9159 15495 9241
15495 15951 15949
11151 11281 15484
11281 15938 15484
15938 11737 15484
12482 15931 15473
15931 12000 15473
12000 12149 15473
15475 12681 12482
15476 4048 4126
15930 15476 4126
15932 15476 15930
15474 4126 4048
12681 12486 15931
13169 15933 13006
13006 15933 15475
15933 12486 15475
12486 12681 15475
15477 13169 13006
15934 4134 4049
12681 15931 12482
15476 15934 4049
12149 12000 15929
15472 4122 15474
15926 15470 15468
11576 11698 15469
15925 11698 11576
15471 15925 11576
15927 15925 15471
4052 15928 4122
4122 15472 4052
15472 15926 4052
15472 15470 15926
12149 15929 11996
15929 15471 11996
15929 15927 15471
15473 12149 11996
15930 4126 4122
15930 4122 15928
15474 4122 4126
15932 15934 15476
4134 15478 4049
13173 15935 13169
4477 15936 4479
4479 4865 4477
4867 4865 4479
4867 15940 4865
4865 15940 15482
15941 9915 9999
15937 10401 9915
10401 9999 9915
10401 10405 9999
10847 10731 15483
10405 10847 15483
10401 10847 10405
11281 11151 10731
11281 10731 10847
15938 11581 11737
4477 15480 15936
13173 15479 13007
13007 15481 12701
13173 13007 12701
13169 15935 15933
13169 15477 15479
13169 15479 13173
4053 4134 15934
4053 15936 4134
15936 15478 4134
15936 15480 15478
4051 15926 4118
15937 10309 10401
10847 10309 10733
10847 10733 11281
11281 10733 11155
11155 15938 11281
15939 12487 12701
15935 13173 12487
12487 13173 12701
10401 10309 10847
16563 16561 16111
1426 16024 15568
1424 15564 1426
15947 9161 9163
15947 9163 16403
15948 16406 15950
16404 16406 15948
16407 8821 8883
15951 8883 8821
16405 15951 8821
15949 15951 16405
15950 16408 15952
16406 16408 15950
8887 16409 8883
8883 16409 16407
8883 15951 15953
8883 15953 8887
15952 16410 15954
15949 9163 9161
16408 16410 15952
16405 9163 15949
15946 16404 15948
15943 15945 16397
2297 2436 16398
2436 2297 2775
2436 2775 2896
2896 2775 3197
2896 3197 3298
16399 3298 3197
6279 15944 16400
6279 16400 6283
6283 16402 6279
6279 16402 15946
9531 15947 9619
15947 16401 9619
15947 16403 16401
9619 15945 9531
16402 16404 15946
16397 15945 9535
8887 8822 16409
15953 16411 8887
15958 16416 15960
16414 16416 15958
9916 10032 15959
10314 16415 10456
10456 16415 15961
16415 10032 15961
10032 9916 15961
16417 10314 10456
6286 16418 15962
6286 15962 6280
6280 15960 6286
6286 15960 16416
10310 10456 15961
10736 16417 10892
10892 16417 15963
16415 9920 10032
16411 8822 8887
9536 9532 9920
9532 15959 10032
15955 16411 15953
6284 16412 6364
6364 15956 6284
15956 16410 6284
15956 15954 16410
15955 9162 16411
16411 9162 9164
16413 9164 9162
16413 9162 15957
6285 6364 16412
6285 16414 6364
16414 15956 6364
16414 15958 15956
15957 9532 16413
16413 9532 9536
9920 9532 10032
16417 10456 15963
15945 9619 9535
5925 16400 15944
3702 3292 3294
3698 3292 3702
3702 16391 4055
4140 3702 4055
3698 3702 4140
4479 15936 4140
4055 4479 4140
4481 4479 4055
4481 4867 4479
4869 4867 4481
4869 16392 4867
4867 16392 15940
9915 15941 9995
15941 16389 9995
15941 16393 16389
3292 2890 3294
9995 15937 9915
3294 2890 2892
2892 2430 2432
11275 11155 10733
11275 10733 10839
11731 15938 11155
11275 11731 11155
11725 11731 11275
11725 12181 11731
11725 12173 12181
12697 12487 15939
12181 12697 15939
12173 12697 12181
12697 15935 12487
1862 16390 1988
2430 16388 1862
1988 2430 1862
2432 2430 1988
2890 2430 2892
16401 9535 9619
11731 11581 15938
12181 11581 11731
1863 1990 16394
1990 1863 16398
2436 1990 16398
2434 1990 2436
2896 2434 2436
2894 2434 2896
3298 2894 2896
3296 2894 3298
16395 3296 3298
16395 3298 16399
5567 15942 16396
5567 16396 5569
5569 5925 5567
5927 5925 5569
5927 16400 5925
16397 16393 15941
12181 12001 11581
16397 15941 15943
5219 16396 5217
12181 15939 12001
16394 1990 1988
16394 1988 16390
2434 1988 1990
2432 1988 2434
2894 2432 2434
2892 2432 2894
3296 2892 2894
3294 2892 3296
3296 16395 3617
3702 3296 3617
3294 3296 3702
16391 3702 3617
5217 15940 16392
5217 16392 5219
5217 16396 15942
10456 10310 15963
16419 10736 10892
15962 16420 15964
16441 15983 10312
16441 16439 15983
15985 10501 10312
6289 6430 16440
6289 16442 6430
16442 15984 6430
16442 15986 15984
10501 10316 16441
16443 10316 10501
15985 16443 10501
15987 16443 15985
6290 16444 6440
6440 15988 6290
15988 16442 6290
15988 15986 16442
10501 16441 10312
16445 15987 15989
15984 6426 6430
16440 6426 16438
9307 9303 9693
15981 9693 9534
16438 6426 6422
16438 6422 16436
15980 6422 15982
15982 6422 6426
9307 9166 16437
9166 9307 9538
9538 9307 9693
15981 9918 9693
9918 9538 9693
9918 9922 9538
16439 9922 9918
16439 9918 15983
16440 6430 6426
15982 6426 15984
9693 9303 9534
16445 16443 15987
6440 16444 5928
15990 6072 5926
15991 10734 16447
16447 10734 10738
16449 10738 10734
16449 10734 15993
2776 16450 2966
2776 2966 15994
3194 2776 15994
3198 2776 3194
3616 3198 3194
3616 3618 3198
16448 3618 4238
3618 4054 4238
3618 3616 4054
15992 4238 4054
5570 5568 5926
5928 16446 6072
5570 5926 6072
5568 5570 5220
6440 5928 6072
6282 6440 6072
15990 6282 6072
15988 6440 6282
16447 15989 15991
16447 16445 15989
4056 16448 4238
4056 4238 15992
4480 4056 15992
4482 4056 4480
4868 4482 4480
4868 4870 4482
5218 4870 4868
5218 5220 4870
5568 5220 5218
16446 5570 6072
9303 15979 9534
8931 9303 9307
8931 9307 16437
10737 15967 10311
16425 10737 10311
10474 16425 10311
16423 10900 10737
6399 15970 15968
6399 15968 6395
6395 16424 6399
6399 16424 16426
16427 9537 15971
15971 9537 9533
9537 9917 9533
9921 9917 9537
10315 10474 15969
9917 10315 15969
9921 10315 9917
10737 10900 15967
16425 10474 10315
10474 10311 15969
6391 16422 6395
16418 16420 15962
15965 10896 15963
15963 10896 10892
16419 10892 10896
16419 10896 16421
16420 6287 6391
15966 16420 6391
15964 16420 15966
6287 16422 6391
15967 10900 15965
15965 10900 10896
16421 10896 10900
16421 10900 16423
6395 15968 15966
6395 15966 6391
6395 16422 16424
6405 15972 15970
6405 15970 6399
6399 16426 6405
16434 6412 16432
15976 6412 15978
15978 6412 6416
16435 8823 8931
16433 9299 8823
9299 8931 8823
9299 9303 8931
9299 15977 15979
9299 15979 9303
16436 6422 6416
16436 6416 16434
15978 6416 15980
15980 6416 6422
8931 8824 16435
8824 8931 16437
16434 6416 6412
9295 15977 9299
9295 15975 15977
9295 16433 16431
6405 16426 16428
16429 15971 15973
16429 16427 15971
6405 6281 15972
6405 16428 6281
16428 15974 6281
16428 16430 15974
10309 10313 10733
16431 9165 9295
16429 15975 9165
15973 15975 16429
6288 16432 6412
6412 15976 6288
15976 16430 6288
15976 15974 16430
9299 16433 9295
15975 9295 9165
10733 10313 10839
10313 16387 10839
9919 10313 10309
13112 13011 12608
12608 13011 12485
13112 15902 13011
16355 14743 14827
15903 14827 14743
16353 15903 14743
15899 15903 16353
18449 15900 16354
18449 16354 18451
19010 18915 16356
18915 18451 16356
18915 18449 18451
19010 15904 18915
11234 11153 15905
11583 11666 15901
12100 12485 11999
11583 15901 11153
12608 12485 12100
12100 11999 11666
15201 15203 15657
16205 16111 15657
16205 15657 15751
16659 16563 16111
16659 16111 16205
16563 16659 16352
17031 16563 16352
17029 16563 17031
17031 17493 17029
17495 17493 17031
17495 17977 17493
17979 17977 17495
17979 16354 17977
17977 16354 15900
11666 11579 15901
11666 11999 11579
15657 15203 15751
16357 11583 11153
11666 11583 12003
18917 16358 15904
19010 18917 15904
178 15906 79
11234 15905 11157
15905 16359 11157
15905 15907 16359
16357 11234 11157
83 178 16358
83 16360 178
16360 15906 178
16360 15908 15906
16361 15907 15909
16361 16359 15907
84 16362 184
184 15910 84
16358 79 15904
11234 16357 11153
16358 178 79
14827 15903 14741
11666 12003 12100
12100 12003 12491
12100 12491 12608
12608 12491 13015
12608 13015 13112
13461 15902 13112
13015 13461 13112
13465 13461 13015
13465 13877 13461
13881 13877 13465
13881 14299 13877
14301 14299 13881
14301 16355 14827
14741 14301 14827
14299 14301 14741
18917 19010 16356
15203 16351 15751
15899 15203 15201
16353 15203 15899
16027 12489 12817
16025 13271 12489
12489 13271 12817
13271 13009 12817
13009 15571 12817
13271 15569 13009
15891 15572 15570
15891 15570 15889
15889 16026 15891
15891 16026 16028
12819 16029 12817
12817 16029 16027
12817 15571 15573
12817 15573 12819
15200 15433 15574
974 15568 16024
15891 15658 15572
972 15568 974
972 536 534
1426 15564 16020
13271 16025 13269
13269 16025 16021
13269 15565 15569
13269 15569 13271
15656 15889 15570
16112 16026 15889
15656 16112 15889
16110 16112 15656
16110 15566 16112
16112 15566 16022
15567 78 16023
16023 78 82
534 82 78
534 536 82
972 974 536
15572 15658 15200
15658 16030 15200
16030 15433 15200
13014 13277 13464
13464 13277 13689
13464 13689 13880
13880 13689 14105
13880 14105 14300
14300 14105 14525
14300 14525 14742
14742 14525 14967
14967 16032 14742
16351 15659 15751
15751 15659 16205
16205 15659 16113
16205 16113 16659
16659 16113 16565
16565 16352 16659
13277 13014 16031
15433 16030 15202
16032 14967 14740
15202 16032 14740
15891 16028 15658
12819 12490 16029
13277 16031 13010
13010 16031 15573
16031 12490 15573
12490 12819 15573
13460 13689 13277
15910 16360 84
13460 13277 13010
13876 13689 13460
14298 14525 14105
14298 14105 13876
14740 14967 14525
14740 14525 14298
15433 15202 15574
15574 15202 14740
13876 14105 13689
1426 15568 1424
15910 15908 16360
16363 16361 15909
15928 3684 15930
15930 3684 3688
12157 16383 12000
16383 15929 12000
16383 16381 15929
15931 12157 12000
16384 3690 3688
16384 3688 16382
15930 3688 15932
15932 3688 3690
16385 11585 11717
16383 12157 11585
12157 11717 11585
12157 12165 11717
12157 15931 12486
16382 3684 16380
12689 12157 12486
16382 3688 3684
15927 15929 16381
3678 4120 4051
3678 3680 4120
4120 15926 4051
15927 12144 15925
15925 12144 12138
16377 12138 12144
16377 12144 16379
16380 3684 3680
16380 3680 16378
4052 4120 15928
4120 3684 15928
4120 3680 3684
15926 4120 4052
12144 15927 12005
15927 16381 12005
16379 12144 12005
15924 3678 4051
12165 12157 12689
2774 16386 2888
2296 16388 2430
2888 16386 2296
2430 2888 2296
2890 2888 2430
3292 2888 2890
3290 2888 3292
3698 3290 3292
3694 3290 3698
15934 3694 4053
3694 4140 4053
3694 3698 4140
4140 15936 4053
16389 9919 9995
9995 9919 15937
9919 10309 15937
12689 15935 12697
15933 12689 12486
12689 15933 15935
12165 12697 12173
2774 2888 3290
2774 3290 3196
3690 16384 3196
3290 3690 3196
3694 3690 3290
15932 3690 15934
15934 3690 3694
16387 10735 10839
10839 10735 11275
11275 10735 11159
16385 11717 11159
11717 11275 11159
11717 11725 11275
11717 12173 11725
11717 12165 12173
12165 12689 12697
16378 3678 16376
16378 3680 3678
16375 12138 16377
81 16368 15916
11154 11244 15915
15917 11680 11154
11680 11244 11154
11680 11678 11244
12118 12004 16367
11678 12118 16367
11680 12118 11678
16369 12004 12118
535 15916 16368
535 16368 537
537 16370 535
535 16370 15918
11580 11680 15917
15919 12120 11580
85 16368 81
12120 11680 11580
81 16366 85
16367 11584 11678
15912 80 184
16362 15912 184
16364 15912 16362
15910 184 80
11158 16363 11242
16363 15913 11242
16363 15911 15913
16365 11158 11242
15912 16366 15914
16364 16366 15912
15915 11244 15913
15913 11244 11242
11678 11584 16365
11242 11678 16365
11244 11678 11242
81 15914 16366
12120 12118 11680
16369 12118 12120
16369 12120 16371
3268 3615 3193
3676 15922 3615
15923 12132 15921
15921 12132 12126
16373 12126 12132
16373 12132 16375
3195 3268 16374
3268 3195 16376
3678 3268 16376
3676 3268 3678
15922 3676 15924
15924 3676 3678
15925 12138 15923
15923 12138 12132
16375 12132 12138
3676 3615 3268
3193 2771 2773
3193 2773 16374
3268 3193 16374
973 15918 16370
973 16370 975
975 1425 973
1427 1425 975
1427 1859 1425
1861 1859 1427
1861 16372 1859
16363 15909 15911
1859 16372 15920
15919 12126 12120
16371 12120 12126
16371 12126 16373
2293 15920 16372
2293 16372 2295
2295 2771 2293
2773 2771 2295
15921 12126 15919
8906 15037 9157
16111 16561 16109
15657 16109 15655
16106 16108 15654
16795 16560 14658
16560 16106 14658
16560 16108 16106
16795 15108 16560
323 76 15109
76 323 532
532 323 773
532 773 968
968 773 1231
1231 15110 968
14095 15113 14091
14091 15113 15111
14091 14513 14095
14091 14509 14513
16106 15654 15652
14509 14959 14513
15652 15425 14657
15425 15652 15112
321 773 323
321 771 773
771 1231 773
771 1229 1231
1229 15106 1231
1231 15106 15110
14091 15111 14087
14087 15111 15107
14087 14509 14091
14087 14505 14509
14505 14957 14509
14505 14955 14957
14955 15427 14957
14955 15425 15427
15427 15425 15112
15652 15654 15112
19149 321 323
14509 14957 14959
14959 15427 15198
16561 16557 16109
16561 17023 16557
17027 17023 16561
17027 15442 17023
17023 15442 14972
15443 17975 14973
14973 17975 17973
17975 18443 17973
18447 18443 17975
18447 18909 18443
18913 18909 18447
18913 15444 18909
18909 15444 14974
15445 11149 14975
14975 11149 11145
16109 16557 16107
15114 14959 15198
16109 16107 15655
14971 15655 15653
14959 14957 15427
15427 15112 15198
14099 15115 14095
14095 15115 15113
14095 14517 14099
14095 14513 14517
15116 14517 14738
14517 14959 14738
14517 14513 14959
14959 15114 14738
14099 13872 15115
13872 14099 14296
14296 14099 14517
14517 15116 14296
15441 15655 14971
15655 16107 15653
11149 11571 11145
19149 323 15109
19149 18912 15105
15099 15095 14651
17753 14654 14652
17753 14652 17751
17751 15096 17753
17753 15096 15100
15101 18911 19145
15097 313 18911
313 19145 18911
313 317 19145
313 769 317
313 765 769
765 1227 769
765 1225 1227
1225 15098 1227
1227 15098 15102
15099 14651 14653
15103 14295 14501
967 15098 1225
765 531 1225
14651 15095 15091
14947 14649 14735
17257 17021 14650
17751 14652 17021
17257 17751 17021
17749 17751 17257
17749 15092 17751
17751 15092 15096
19137 18910 15093
18910 19137 15097
19137 313 15097
19137 311 313
531 765 15094
765 311 15094
765 313 311
1225 531 967
18912 19149 15109
14953 14501 14736
15099 14653 14736
15103 14501 13871
14501 14087 13871
14501 14505 14087
14501 14955 14505
14501 14953 14955
14953 14655 15196
15425 14953 15196
14955 14953 15425
14657 15425 15196
16556 16795 14658
17263 17026 14656
14656 17026 16556
17026 15108 16556
15108 16795 16556
17263 15104 17026
15107 13871 14087
14501 15099 14736
1229 15102 15106
769 1227 1229
14501 14295 15099
14655 14953 14736
17022 17263 14656
17753 17490 14654
14654 17490 17022
17490 15104 17022
15104 17263 17022
17753 15100 17490
19149 15105 19145
19145 15105 15101
19145 321 19149
19145 317 321
317 771 321
317 769 771
769 1229 771
1227 15102 1229
11575 11571 11149
11575 11991 11571
11995 11991 11575
15461 14991 14993
15463 11150 11250
2291 2404 15462
15464 2862 2767
15464 2767 14992
2291 15464 14992
2404 2291 14992
3266 3189 2862
2862 3189 2767
3266 14994 3189
11146 11250 14993
15463 11250 11146
14995 15463 11146
15465 15463 14995
2769 2862 15464
15461 14993 11250
2862 2769 3191
11150 15461 11250
1960 1857 14990
1960 1855 1526
1526 1855 1419
1960 14990 1855
10726 10812 14989
15459 10812 10726
14991 15459 10726
15461 15459 14991
969 1094 15460
1094 969 1421
1094 1421 1526
1526 1421 1857
1526 1857 1960
15462 2404 2289
15462 2289 14990
1857 15462 14990
2404 14992 2289
1094 1419 965
2862 3191 3266
3191 3611 3266
15000 15472 15002
15470 15472 15000
15001 11992 15471
15471 11992 11996
12478 12673 15473
11996 12478 15473
11992 12478 11996
15003 12673 12478
15002 15474 15004
15472 15474 15002
12673 12482 15473
13165 15475 13002
13002 15475 15003
15475 12482 15003
12482 12673 15003
15471 11572 15001
3611 14994 3266
15471 11576 11572
14999 11572 15469
3613 3611 3191
4116 4045 15466
4045 3613 15466
4045 3611 3613
4116 14996 4045
15467 14995 14997
15467 15465 14995
4047 4116 15466
4047 15468 4116
15468 14996 4116
15468 14998 14996
15469 14997 14999
15469 15467 14997
14998 15470 15000
15468 15470 14998
15469 11572 11576
1526 1419 1094
640 533 14988
533 15460 14988
626 14978 529
15449 10729 14979
14979 10729 10725
14975 10725 10729
14975 10729 15445
13455 14976 15446
13455 15446 13457
13457 13869 13455
13873 13869 13457
13873 14293 13869
14297 14293 13873
14297 14737 14293
14739 14737 14297
14977 14737 14739
14977 14739 15447
529 73 77
15450 628 626
529 77 15448
73 15444 77
11995 12477 11991
12481 12477 11995
12481 13001 12477
13005 13001 12481
13005 15446 13001
13001 15446 14976
15447 15199 14977
14977 15199 15197
14971 15197 15199
14971 15199 15441
17487 14972 15442
17487 15442 17491
14973 17487 17491
14973 17491 15443
73 14974 15444
626 529 15448
15450 626 15448
14978 626 14980
14980 626 628
14987 10810 14985
14985 10810 10808
15455 10808 10810
15455 10810 15457
15458 640 636
15458 636 15456
14986 636 14988
14988 636 640
14989 10812 14987
14987 10812 10810
15457 10810 10812
15457 10812 15459
533 640 15458
15460 1094 965
15460 965 14988
14986 632 636
14984 632 14986
15456 632 15454
15456 636 632
15451 14979 14981
15451 15449 14979
15452 630 628
15452 628 15450
14980 628 14982
14982 628 630
15453 14981 14983
14651 15091 14947
15453 15451 14981
15454 630 15452
14982 630 14984
14984 630 632
10730 15453 10808
15453 14985 10808
15453 14983 14985
15455 10730 10808
15454 632 630
14735 14651 14947
311 15090 15094
307 15090 311
15063 14625 14627
15063 15061 14625
2288 2499 14628
2766 2961 2499
2766 2499 2288
3188 3369 2961
3188 2961 2766
3610 3789 3369
3610 3369 3188
4044 4237 3789
4044 3789 3610
14629 4237 4044
5564 15064 5708
5564 5708 14630
5916 5564 14630
15060 15062 14624
5920 5564 5916
14624 15062 14626
15061 10306 10304
15056 14622 6774
15058 14622 15056
14620 6774 6640
9912 15057 10086
15057 14623 10086
15057 14621 14623
15059 9912 10086
6274 15060 14624
6274 14624 6270
6270 14622 6274
6274 14622 15058
9910 10086 14623
10086 9910 15059
9910 10306 15059
9910 10304 10306
15061 10304 14625
14622 6640 6774
5916 14626 5920
14627 10724 15063
4862 4476 4474
4862 4864 4476
5212 4864 4862
5212 5214 4864
15064 5214 5708
5214 5562 5708
5214 5212 5562
14630 5708 5562
14631 11144 15065
15065 11144 11148
15067 11148 11144
15067 11144 14633
1418 1635 14634
1635 1418 14632
2063 1635 14632
4474 4476 4046
5920 14626 15062
4474 4046 4237
4046 3789 4237
15063 10724 10728
15065 10728 10724
15065 10724 14631
1854 2063 14632
2499 2290 14628
14628 2290 1854
2290 15066 1854
15066 2063 1854
2290 2499 2768
2768 2499 2961
2768 2961 3190
3190 2961 3369
3190 3369 3612
3612 3369 3789
3612 3789 4046
14629 4474 4237
15057 15055 14619
15057 14619 14621
14618 7060 6974
6040 14606 5915
9154 9284 14605
15041 9284 9154
14607 15041 9154
15043 15041 14607
5919 6040 15042
5919 15044 6040
15044 14606 6040
15044 14608 14606
9522 15043 9678
15043 14609 9678
15043 14607 14609
15045 9522 9678
6269 14608 15044
6269 15044 6273
15040 15042 14604
6273 15046 6269
14604 15042 5915
15041 9158 9284
8904 8906 9272
15035 9272 9157
14602 5914 6026
15036 14602 6026
15038 14602 15036
14600 6026 5914
8820 8906 14601
15037 8906 8820
14603 15037 8820
15039 15037 14603
14602 15040 14604
15038 15040 14602
9158 15039 9284
15039 14605 9284
15039 14603 14605
15042 6040 5915
6269 15046 14610
9678 14609 9523
14609 15047 9523
9520 9688 14615
15051 9688 9520
14617 15051 9520
15053 15051 14617
6976 15054 7060
7060 14618 6976
14618 15052 6976
14618 14616 15052
15055 14617 14619
15055 15053 14617
6642 15056 6774
7060 15054 6642
7060 6642 6774
6974 7060 6774
14620 6974 6774
15052 14616 14614
15052 14614 7054
6975 15052 7054
6975 7054 15050
14609 14611 15047
15045 9678 9523
6639 14610 15046
6639 15046 6641
6641 15048 6639
6639 15048 14612
15049 14611 14613
2067 1635 2063
15049 15047 14611
14612 15050 6973
15048 15050 14612
7054 14614 6973
9524 15049 9688
15049 14615 9688
15049 14613 14615
15051 9524 9688
15050 7054 6973
15005 13165 13002
2063 15066 2067
14633 11570 15067
14069 14645 14071
16323 14646 14644
16323 14644 16321
16321 15080 16323
16323 15080 15084
18671 15085 18669
18669 15085 15081
18669 19129 18671
18669 19127 19129
19127 303 19129
19127 301 303
301 15082 303
303 15082 15086
14071 13870 15083
14491 15087 14292
14069 14643 14645
14292 15087 14645
14069 15083 15079
75 15082 301
14069 15079 14067
14067 15079 15075
14067 14641 14643
14067 14643 14069
16321 14644 14642
16321 14642 16319
16319 15076 16321
16321 15076 15080
15081 18445 18669
15077 19125 18445
19125 18669 18445
19125 19127 18669
75 301 15078
301 19125 15078
301 19127 19125
14071 15083 14069
297 15074 74
15087 13870 14645
14647 14491 14292
14649 14947 14734
16785 16555 14648
15088 17025 17257
15088 17257 14650
16785 15088 14650
16555 16785 14650
17257 17025 17749
17749 17025 17489
17489 15092 17749
18673 18446 15089
18446 18673 15093
18673 19137 15093
18673 19133 19137
19133 311 19137
19133 307 311
14294 14491 14647
13870 14071 14645
15091 14294 14647
14947 15091 14734
16323 16105 14646
15084 16559 16785
15084 16785 14648
16323 15084 14648
16105 16323 14648
16559 15088 16785
18673 15089 18671
18671 15089 15085
18671 19133 18673
18671 19129 19133
19129 307 19133
19129 303 307
303 15086 307
307 15086 15090
14491 14294 15087
14734 15091 14647
19125 19123 297
19125 297 74
15078 19125 74
528 745 14638
964 1211 745
964 745 528
1211 964 14634
1635 1211 14634
1637 1211 1635
15070 1637 1856
1637 2067 1856
1637 1635 2067
2067 15068 1856
14635 13454 15069
15069 13454 13456
15071 13456 13454
15071 13454 14639
16554 16775 14640
14637 19121 18908
17243 17024 14636
18908 18663 18442
18442 18199 17972
15067 11570 11574
11990 11574 11570
11990 11994 11574
12476 11994 11990
12476 12480 11994
13000 12480 12476
13000 13004 12480
15069 13004 13000
15069 13000 14635
17020 17243 14636
17486 17735 17243
17486 17243 17020
17972 18199 17735
17972 17735 17486
18442 18663 18199
18908 19121 18663
14636 17024 16554
17024 15072 16554
15072 16775 16554
1637 15070 1420
14067 15075 13868
15075 14639 13868
15075 15071 14639
14641 14067 13868
16104 16319 14642
16775 16558 14640
14640 16558 16104
16558 15076 16104
15076 16319 16104
16775 15072 16558
18665 18444 15073
18444 18665 15077
18665 19125 15077
18665 19123 19125
1420 1211 1637
966 1211 1420
966 745 1211
530 745 966
17024 17243 17488
17488 17243 17735
17488 17735 17974
17974 17735 18199
17974 18199 15073
18199 18665 15073
18199 18663 18665
2067 15066 15068
18663 19123 18665
19121 14637 72
297 19121 72
19123 19121 297
745 530 14638
14638 530 72
530 15074 72
15074 297 72
18663 19121 19123
16111 16109 15657
4048 15476 4130
15006 15474 4048
751 15548 755
755 15548 15550
15083 13870 15549
15549 13870 13874
15551 13874 13870
15551 13870 15087
16781 16559 15084
17255 15088 16559
16781 17255 16559
17251 17255 16781
17251 17747 17255
17251 17745 17747
17745 18217 17747
17745 18215 18217
18215 15085 15089
755 15082 751
18215 15089 18217
755 15086 15082
18211 15081 15085
749 751 299
15548 751 970
751 1215 970
751 749 1215
1215 15546 970
15549 15079 15083
15549 15547 15079
16781 15084 15080
16781 15080 16779
16779 17251 16781
16779 17249 17251
17249 17745 17251
17249 17741 17745
17741 18215 17745
17741 18211 18215
18211 15085 18215
299 751 75
759 15090 15086
755 15550 759
1223 761 759
971 15554 1223
14495 15555 14493
14493 15555 15553
14493 15091 15095
14493 15095 14495
18221 15096 15092
18221 15092 18219
18219 18679 18221
18219 18675 18679
18675 15093 18910
19141 18675 18910
18679 18675 19141
15097 19141 18910
761 531 15094
1223 759 15552
759 15086 755
971 1223 15552
761 15094 15090
759 15550 15552
14493 15553 14294
15553 15087 14294
15553 15551 15087
15091 14493 14294
17255 17025 15088
17747 17489 17025
17747 17025 17255
18219 15092 17489
17747 18219 17489
18217 18219 17747
18217 15089 18446
18675 18217 18446
18219 18217 18675
15093 18675 18446
761 15090 759
1223 967 531
751 15082 75
18667 15077 18445
17974 17737 17488
15073 18203 17974
530 747 15074
966 1213 747
966 747 530
1420 1639 1213
1420 1213 966
2071 1858 15070
15070 1858 1420
1858 15544 1420
15544 1639 1420
2071 15542 1858
13657 15545 13655
13655 15545 15543
13655 15071 15075
17974 18203 17737
13655 15075 13657
17488 17245 17024
17024 17245 15072
2292 15542 1856
15542 2071 1856
2513 15540 2292
11809 11578 15541
11578 11809 11998
11998 11809 12271
11998 12271 12484
12484 12271 12787
12484 12787 13008
13008 12787 13251
13655 15543 13456
13456 15543 15069
15543 13008 15069
13008 13251 15069
15071 13655 13456
17488 17737 17245
299 75 15078
16558 16777 15076
17245 16777 15072
13657 13458 15545
15547 13458 13657
15075 15547 13657
15079 15547 15075
16779 15080 15076
16779 15076 16777
16777 17249 16779
16777 17247 17249
17247 17741 17249
17247 17739 17741
17739 18211 17741
17739 18207 18211
18667 18445 15081
18211 18667 15081
18207 18667 18211
1639 15544 1422
16777 16558 15072
1215 1213 1639
15546 1215 1422
17247 16777 17245
17245 17739 17247
17245 17737 17739
17737 18207 17739
17737 18203 18207
18203 15073 18444
18667 18203 18444
18207 18203 18667
15077 18667 18444
74 299 15078
299 74 15074
747 299 15074
749 299 747
747 1215 749
747 1213 1215
1215 1639 1422
1223 531 761
15554 1423 1659
15554 1659 15098
15656 15570 15198
15570 15429 15198
15656 15887 16110
16110 15887 16339
16339 15566 16110
325 78 15567
78 325 534
534 325 775
534 775 972
972 775 1233
1233 15568 972
15571 13009 13273
15569 13683 13009
13683 13273 13009
13683 13685 13273
15112 15656 15198
13683 15113 15115
15887 15656 15112
13681 15113 13683
76 15567 15109
15567 18914 15109
18914 19153 15109
532 775 325
532 325 76
968 1233 775
968 775 532
1665 1424 15110
15110 1424 968
1424 15568 968
15568 1233 968
1665 15564 1424
13683 15569 13681
13681 15569 15565
13681 15111 15113
15198 15429 15114
325 15567 76
13683 15115 13685
14961 14738 15114
15431 15572 15200
13275 13010 15573
13010 13275 13460
13460 13275 13687
13460 13687 13876
13876 13687 14103
13876 14103 14298
14298 14103 14521
14298 14521 14740
14740 14521 14963
14963 15574 14740
15899 15201 15291
15291 15201 15441
15201 15655 15441
15201 15657 15655
14963 14961 15431
14738 14961 15116
14963 15431 15200
14963 14521 14961
15429 14961 15114
15431 14961 15429
15429 15570 15431
15431 15570 15572
13275 15573 13273
13273 15573 15571
13273 13687 13275
13273 13685 13687
13685 15115 13872
14103 13685 13872
13687 13685 14103
14296 14521 14103
14296 14103 13872
14521 14296 15116
14961 14521 15116
15574 14963 15200
19153 18914 15563
17265 15562 17028
17028 16562 16560
15559 13875 14083
15557 14497 13875
13875 14497 14083
14497 14295 14083
14295 15103 14083
14497 15099 14295
17490 17755 15104
17755 17490 15100
18223 17755 15100
18227 17755 18223
18223 18687 18227
18223 18683 18687
18683 15101 15105
18683 15105 18687
1663 15106 15102
1661 15556 15558
1663 15102 1661
1659 15556 1661
1661 15102 15098
1223 15554 15098
967 1223 15098
1423 15556 1659
14497 15557 14495
14495 15557 15555
14495 15095 15099
14495 15099 14497
18223 15100 15096
18223 15096 18221
18221 18683 18223
18221 18679 18683
19141 18911 15101
18683 19141 15101
18679 19141 18683
19141 15097 18911
1661 15098 1659
1661 15558 1663
1663 15558 15560
15561 13459 13679
1665 15106 1663
1663 15560 1665
1665 15560 15564
13681 15565 13679
13679 15565 15561
13679 15107 15111
13679 15111 13681
15654 15887 15112
16108 16339 15887
16108 15887 15654
16562 15566 16339
16108 16562 16339
16560 16562 16108
17265 17028 15108
17028 16560 15108
1665 15110 15106
15109 19153 18912
18448 18687 15105
15563 18448 15105
15559 14083 13459
13459 14083 13679
14083 13871 13679
13871 15107 13679
14083 15103 13871
17026 17265 15108
17755 17492 15104
15068 2292 1856
15104 17492 17026
15562 17265 17026
17492 17755 17976
17976 17755 18227
17976 18227 18448
18448 18227 18687
19153 15563 18912
18912 15563 15105
17492 15562 17026
2513 2292 15068
1856 2071 15070
15069 13251 13004
10015 15021 9911
6355 15024 15022
6355 15022 6353
6353 15494 6355
6355 15494 15496
9249 15497 9245
9245 15497 15495
9631 9521 15025
9249 9631 15025
9245 9631 9249
9631 15023 9521
6357 15026 15024
6357 15024 6355
6355 15496 6357
6357 15496 15498
9627 10015 9631
9253 15499 9249
9631 10015 15023
9627 9631 9245
6349 15490 6351
6351 15490 15492
15493 9525 9627
9627 9525 10015
10015 9525 9913
15021 10015 9913
15491 15021 9913
15019 15021 15491
6353 15022 15020
6353 15020 6351
6351 15492 6353
6353 15492 15494
15495 9159 9245
15493 9627 9159
9627 9245 9159
10015 9911 15023
6351 15018 6349
9249 15499 15497
9249 15027 9253
15502 15504 15030
9526 15503 9646
15503 15033 9646
15503 15031 15033
15505 9526 9646
6276 15506 15034
6276 15034 6272
6272 15032 6276
6276 15032 15504
15035 9652 15033
15033 9652 9646
15505 9646 9652
15505 9652 15507
5922 15508 15036
5922 15036 5918
15030 15504 15032
9249 15025 15027
15503 15501 15031
15501 9258 9156
6363 15028 15026
6363 15026 6357
6357 15498 6363
6363 15498 15500
9155 15029 9258
15499 9253 9160
15501 9160 9253
15027 15501 9253
15501 9155 9258
15501 15027 9155
6363 6271 15028
6363 15500 6271
15500 15030 6271
15500 15502 15030
9156 9258 15029
15031 15501 9156
6351 15020 15018
10415 15017 10305
15019 15491 15489
4477 4552 15480
4863 15010 4552
4477 4863 4552
4865 4863 4477
4865 15482 4863
4863 15482 15012
15483 10731 10853
10853 10731 11287
11287 10731 11151
11151 15484 11287
15485 12483 12705
15481 13177 12483
12483 13177 12705
13177 13003 12705
13003 15013 12705
15009 15011 15479
13177 15011 13003
15479 15011 13007
15481 13007 13177
15006 15004 15474
13165 13006 15475
15477 13006 13165
15005 15477 13165
15007 15477 15005
4049 4130 15476
4049 15478 4130
15478 15006 4130
15478 15008 15006
15479 15007 15009
15479 15477 15007
15480 4552 4475
15008 15480 4475
15478 15480 15008
4552 15010 4475
15011 13177 13007
5213 15012 15482
5213 15482 5215
5215 15486 5213
5563 5921 5985
5563 5565 5921
5921 15488 5985
10415 15489 10411
10411 15489 15487
10411 15015 15017
10411 15017 10415
5985 5917 15016
15488 6275 6349
15488 6349 15018
5985 15488 15018
5917 5985 15018
6275 15490 6349
10305 15019 10415
15019 15489 10415
15016 5563 5985
5563 15486 5565
5563 15014 15486
12705 15013 12479
5213 15486 15014
15487 10307 10411
15483 10853 10307
10307 10853 10411
10853 10727 10411
10727 15015 10411
11287 11147 10727
5918 15034 5922
11287 10727 10853
11577 11147 15484
11573 11147 11577
11577 11993 11573
11997 11993 11577
11997 15485 12705
12479 11997 12705
11993 11997 12479
11147 11287 15484
4130 15006 4048
5922 15034 15506
9157 9276 15035
4478 15536 4646
4478 4646 5008
4478 5008 4866
4866 5008 5350
4866 5350 5216
5216 5350 15064
5564 5216 15064
5566 5216 5564
5920 5566 5564
5920 5924 5566
5920 15062 5924
5924 15062 15534
15063 10728 15535
15535 10728 10732
15537 10732 10728
15535 15533 15061
15537 10728 15065
15535 15061 15063
15062 15060 15534
15528 15530 15056
9912 10084 15057
15529 10084 9912
15059 15529 9912
15531 15529 15059
6274 6439 15060
6274 15058 6439
15058 15532 6439
15058 15530 15532
15059 10306 15531
15531 10306 10308
15533 10308 10306
15533 10306 15061
15060 6439 6278
15534 15060 6278
6439 15532 6278
15056 15530 15058
2290 2507 15066
2768 2507 2290
2513 15068 15066
2513 15066 2507
15540 2513 2770
2513 2965 2770
2513 2507 2965
2965 15538 2770
11809 15541 11574
15541 15067 11574
15541 15539 15067
11994 12271 11809
11994 11809 11574
12480 12787 12271
12480 12271 11994
13004 13251 12787
13004 12787 12480
15539 11148 15067
2768 2965 2507
15539 11152 11148
15065 11148 15537
3192 15538 2965
2768 3192 2965
3190 3192 2768
3612 3192 3190
3612 3614 3192
4046 3614 3612
4046 4050 3614
15536 4050 4646
4050 4476 4646
4050 4046 4476
4864 5008 4476
4476 5008 4646
5214 5350 4864
4864 5350 5008
15064 5350 5214
15537 11148 11152
15529 9914 10084
15527 15055 15057
15527 15057 10084
15512 15514 15040
9528 15513 9674
15513 15043 9674
15513 15041 15043
15515 9528 9674
5919 15042 15514
5919 15514 5923
5923 15516 5919
5919 15516 15044
9522 9674 15043
15515 9674 9522
15045 15515 9522
15517 15515 15045
6273 15044 15516
6273 15516 6277
15040 15514 15042
6277 15518 6273
15513 15511 15041
15511 9280 9158
9276 9652 15035
9276 9658 9652
15507 9652 9658
15507 9658 15509
15036 15510 15038
15508 15510 15036
15039 9280 15037
15037 9280 9276
9280 15511 9527
9658 9280 9527
9276 9280 9658
15509 9658 9527
15038 15512 15040
15510 15512 15038
9158 9280 15039
15041 15511 9158
6273 15518 15046
15519 9529 15047
15047 9529 9523
15525 15051 15053
15525 15523 15051
6644 15526 6768
7056 15524 6644
7056 6644 6768
6976 7056 6768
15054 6976 6768
15052 7056 6976
15527 15053 15055
15527 15525 15053
15056 6642 6768
15526 15056 6768
15528 15056 15526
15054 6768 6642
9914 15527 10084
7056 15052 6975
15522 15524 15050
15050 15524 6975
15524 7056 6975
15045 9523 9529
15045 9529 15517
15520 6750 6641
15046 15520 6641
15518 15520 15046
6750 15048 6641
15521 15047 15049
9276 9157 15037
15521 15519 15047
6643 15522 6750
15522 15048 6750
15522 15050 15048
15049 9524 15521
15521 9524 9530
15523 9530 9524
15523 9524 15051
6643 6750 15520
1821 1385 1540
8333 1821 1540
1108 1385 931
5602 3934 5600
5600 3932 5602
5602 3932 4370
13072 4371 13244
4371 3935 13244
4371 3933 3935
5602 4372 3934
13072 13244 13644
4373 13506 13644
3230 4374 3372
3230 3372 3936
3648 3230 3936
3650 3230 3648
4086 3650 3648
13072 13644 13506
3933 4371 3931
3931 4371 12773
4371 12568 12773
6992 3928 6996
6996 3928 4366
12773 4369 12769
12769 4369 4367
12769 3929 3931
12769 3931 12773
5962 4370 3932
5962 3932 5960
6326 5962 5960
6326 6328 5962
6678 6328 6326
6678 6680 6328
6678 3930 6680
6680 3930 4368
12773 12568 4369
4086 4088 3650
4512 4088 4086
4512 4514 4088
4900 4514 4512
2810 2808 3228
3936 3372 3228
13068 13248 3937
3939 13652 13068
13652 13248 13068
13652 13648 13248
14062 13648 13652
14058 13648 14062
4375 14058 14062
4375 14062 4377
1912 4378 3940
1912 3940 1910
1910 3938 1912
1912 3938 4376
3941 13654 3939
2810 3228 3372
6996 3930 6992
4374 2810 3372
2808 2354 2352
4900 4902 4514
5250 4902 4900
5250 5252 4902
5250 3934 5252
5252 3934 4372
3937 13248 3935
3935 13248 13244
13648 13244 13248
13644 13244 13648
14058 13918 4373
13644 14058 4373
13648 14058 13644
4375 13918 14058
2354 4376 3938
2354 3938 2352
2808 2810 2354
6996 4368 3930
3929 12769 12564
4367 4365 3927
4351 11202 11204
11630 11775 4353
11204 11630 4353
11202 11630 11204
3915 11775 11630
7043 3916 3914
7043 3914 7039
7039 4352 7043
7043 4352 4354
11775 11632 4353
3915 12060 11775
12060 11632 11775
12060 12062 11632
4355 12062 12060
4355 12060 3917
3913 11202 4351
6676 6747 3918
7295 4350 7268
7268 4352 6990
3909 10352 4347
4347 10352 10356
4349 10356 10352
4349 10352 3911
4348 7267 7295
3912 4348 7295
3910 4348 3912
7267 4350 7295
3911 10778 4349
4349 10778 10780
4351 10780 10778
4351 10778 3913
6990 7039 3914
7295 7268 3912
3912 7268 6990
4352 7039 6990
3939 13654 13652
7043 6994 3916
6994 4356 6676
12751 3921 12563
6991 3922 4360
6991 4360 6995
6995 4362 6991
6991 4362 3924
4363 3923 3925
4363 4361 3923
3924 4364 3926
4362 4364 3924
4365 3925 3927
4365 4363 3925
3926 4366 3928
4364 4366 3926
12769 4367 12564
4367 3927 12564
3923 4361 4359
3916 6994 6676
3923 4359 12751
4358 4360 3920
4356 6747 6676
7043 4354 6994
12745 4357 12562
4357 3917 12562
4357 4355 3917
3919 12745 12562
6747 6677 3918
6747 4356 6677
4356 3920 6677
4356 4358 3920
12751 4359 12745
12745 4359 4357
12745 3919 3921
12745 3921 12751
3920 4360 3922
12563 3923 12751
4346 4348 3910
13654 4379 13919
13652 13654 14062
4401 14094 14098
4401 14098 4403
3964 4404 3966
4402 4404 3964
13916 14098 3965
4403 14098 13916
3963 14098 14094
3967 4403 13916
17064 4406 17276
17276 3968 17064
3968 4404 17064
3968 3966 4404
14338 4405 14524
4405 3969 14524
4405 4403 3967
3965 14098 3963
17530 3962 4400
17528 3962 17530
3961 4399 3959
18016 4400 3962
18016 3962 18014
18486 18016 18014
18486 18488 18016
19151 18954 3960
18954 18486 3960
18954 18488 18486
19151 4398 18954
13920 4399 14094
4399 3963 14094
4399 3961 3963
4401 13920 14094
17530 4402 3964
17530 3964 17528
4405 3967 3969
14338 14524 14966
14338 14966 14780
4407 14780 14966
4239 14233 14231
14233 14669 14231
14671 14669 14233
14671 15125 14669
15127 15125 14671
15127 4648 15125
15125 4648 4240
4649 17911 18101
18101 17911 18565
18565 17911 18383
18565 18383 19025
19025 18383 18845
18845 4650 19025
4651 13813 4241
4241 13813 13811
4647 14233 4239
3959 4399 13677
16598 3970 4408
16596 16598 16146
3970 17062 17276
4406 3970 17276
4408 3970 4406
3968 17276 17062
14336 14524 3969
14778 14966 14336
14336 14966 14524
14966 14778 4407
14778 15242 4407
14778 15238 15242
15692 15242 15238
15692 15694 15242
16144 15694 15692
16144 16146 15694
16596 16146 16144
16596 3970 16598
4399 13508 13677
13677 13508 4397
124 3958 4396
3945 3947 4385
4383 13256 13073
3946 4386 3948
4384 4386 3946
4387 12569 12805
3949 12805 12569
4385 3949 12569
3947 3949 4385
3948 4388 3950
4386 4388 3948
12565 3951 12805
3951 4387 12805
3951 4389 4387
12805 3949 12565
1468 4390 1656
3945 4385 13073
1656 3952 1468
13256 3945 13073
3944 4384 3946
4377 14062 13919
3940 4380 3942
4378 4380 3940
3943 13656 3941
3941 13656 13654
4379 13654 13656
4379 13656 4381
3942 4382 3944
4380 4382 3942
13256 13069 3945
13507 13656 3943
13507 3943 13069
4383 13507 13069
13256 4383 13069
4381 13656 13507
4382 4384 3944
14062 13654 13919
3952 4388 1468
4391 3951 3953
3956 767 578
4396 3956 578
3958 3956 4396
767 4394 578
3957 13070 4395
4395 13070 13074
13504 13677 4397
13074 13504 4397
13070 13504 13074
3959 13677 13504
18952 19151 3960
124 4398 19151
18952 124 19151
122 124 18952
122 3958 124
3957 4395 3955
3952 3950 4388
3955 4395 12815
12815 12570 4393
4391 4389 3951
1016 4392 3954
1016 3954 1014
4390 1016 1656
1016 1466 1656
1016 1014 1466
3952 1656 1466
12815 4393 12566
4393 3953 12566
4393 4391 3953
3955 12815 12566
576 767 3956
576 3954 767
3954 4394 767
3954 4392 4394
4395 12570 12815
4346 3910 6989
7027 4346 6989
7027 6989 3908
18487 4308 18485
18485 4308 3870
4309 11631 11703
11703 11631 3871
11631 12059 3871
11631 12061 12059
18487 18485 18015
12061 12561 12059
13071 13160 3867
12561 13071 3867
12567 13071 12561
13160 13071 13505
13160 13505 13578
4310 13988 13915
12567 12561 12061
18015 18485 18013
18015 18013 17529
17529 18013 17648
17648 3866 17527
13160 13067 3867
13578 13503 13160
13160 13503 13067
13578 3868 13503
3869 16242 3865
3865 16242 16240
16242 4307 16597
16700 16242 16597
16240 16242 16700
16700 16597 17063
16700 17063 17170
17170 17063 17529
17170 17529 17648
18013 3866 17648
4310 13915 3868
13505 4310 3868
13578 13505 3868
13988 3872 13915
4315 16145 15691
15790 4315 15691
4311 16244 16145
18953 19054 4312
4316 226 121
4316 121 3874
18953 4316 3874
19054 18953 3874
226 3878 121
4317 11203 11271
3879 11271 11203
4313 3879 11203
3875 3879 4313
14335 3876 4314
14335 4314 14337
16145 3873 15691
17170 17527 17061
16145 16244 3873
4314 3876 3872
3873 16244 3869
3869 16244 16242
4307 16242 16244
4307 16244 4311
4312 19054 18951
3870 4312 18951
4308 4312 3870
19054 3874 18951
11629 3875 11703
3875 4309 11703
3875 4313 4309
11703 3871 11629
13917 13988 4310
13917 4314 13988
4314 3872 13988
15790 15691 3877
17648 17527 17170
16698 16700 17170
16698 17170 17061
14844 14848 15310
15310 15239 4304
15772 15310 4304
15768 15310 15772
16228 15768 15772
16226 15768 16228
3856 16226 3858
3858 16226 16228
3859 14396 3857
3857 14396 14394
14850 14394 14396
14848 14394 14850
4303 14848 14850
4303 14850 4305
4306 15776 15772
15310 14848 15239
4306 15772 4304
14848 4303 15239
14848 14390 14394
14840 3854 14775
14390 14333 3855
14333 14390 3853
14390 14840 3853
14390 14844 14840
3854 14840 15235
14840 15310 15235
14840 14844 15310
15768 15689 15310
15310 15689 15235
16226 16143 15768
15768 16143 15689
16226 3856 16143
3857 14394 3855
3855 14394 14390
14844 14390 14848
14337 14777 14335
16232 15772 15776
3858 16228 3860
15782 15320 15236
15782 15780 15320
16238 15780 15782
16236 15780 16238
3862 16236 16595
16236 16698 16595
16236 16238 16698
16698 3864 16595
15690 15782 3863
3865 16240 15690
16240 15782 15690
16240 16238 15782
16700 16238 16240
16698 16238 16700
3864 16698 17061
3863 15782 15236
16228 15772 16232
14776 15320 14852
14776 14852 3861
3860 16228 16232
14334 14396 3859
3861 14852 14334
14852 14396 14334
14852 14850 14396
15320 15240 4305
14850 15320 4305
14852 15320 14850
15776 4306 15240
15320 15776 15240
15780 15776 15320
16236 15776 15780
16232 15776 16236
3860 16232 3862
3862 16232 16236
15236 15320 14776
14779 14777 14337
14779 15237 14777
15241 15237 14779
5249 4336 5251
3900 5249 5653
5249 5601 5653
5249 5251 5601
5601 4338 5653
9256 3899 9205
3899 4339 9205
3899 3901 4339
4337 9256 9205
5657 3902 3900
5657 3900 5653
5653 4338 5657
5657 4338 4340
3901 9204 4339
4339 9204 9206
5249 3898 4336
4341 9206 9204
4335 3897 4337
3897 9203 9256
4087 4174 4332
4511 3894 4174
4087 4511 4174
4513 4511 4087
4513 4334 4511
4511 4334 3896
4335 9579 3897
3897 9579 9577
3895 9577 9579
3895 9579 4333
4899 3896 4334
4899 4334 4901
4901 4336 4899
4899 4336 3898
9256 9203 3899
4337 3897 9256
3893 9961 4331
4341 9204 3903
5661 3902 5657
4345 9578 3907
6021 5959 3906
6381 6325 5959
6381 5959 6021
6713 6675 6325
6713 6325 6381
4344 6993 7027
4344 7027 3908
6713 4344 3908
6675 6713 3908
6993 4346 7027
3907 9960 4345
4345 9960 9962
4347 9962 9960
4347 9960 3909
4345 9580 9578
5661 3904 3902
4343 9578 9580
6679 4344 6713
5961 6015 4340
6015 5657 4340
6015 5661 5657
5961 4342 6015
4343 3903 3905
4343 4341 3903
5661 5599 3904
6021 3906 5599
5661 6021 5599
6015 6021 5661
6327 6381 4342
6381 6015 4342
6381 6021 6015
6381 6327 6713
6713 6327 6679
3905 9578 4343
4239 13811 13813
3893 9959 9961
4333 9961 3895
4320 1124 4318
3880 1124 3882
3882 1124 1128
4321 3881 3883
4321 4319 3881
1015 1128 4320
4322 1562 1465
4322 1465 3882
1015 4322 3882
1128 1015 3882
1562 3884 1465
4323 10353 10407
3885 10407 10353
4321 3885 10353
3883 3885 4321
4320 1128 1124
1467 1562 4322
11271 3879 11201
11201 10779 11271
15693 15790 3877
15237 15693 3877
15241 15693 15237
4315 15790 15693
123 226 4316
575 3878 226
123 575 226
577 575 123
1124 1013 4318
1013 577 4318
1013 575 577
1124 3880 1013
4319 10779 3881
3881 10779 10777
10779 4317 11271
10777 10779 11201
3895 9961 9959
1467 4324 1562
4324 3886 3884
3227 4328 3890
4329 3889 3891
4329 4327 3889
3647 3890 4328
3647 4328 3649
3649 4330 3647
3647 4330 3892
4331 10355 3893
3893 10355 10351
3891 10351 10355
3891 10355 4329
4332 4174 4085
3892 4332 4085
4330 4332 3892
4174 3894 4085
3229 4328 3227
4324 3884 1562
3229 3227 2809
2809 2807 2353
10407 10354 4323
4325 10354 10407
3885 4325 10407
3887 4325 3885
1909 3886 4324
1909 4324 1911
2438 2351 4326
2351 1911 4326
2351 1909 1911
2438 3888 2351
4327 3887 3889
4327 4325 3887
2353 2438 4326
2807 3888 2438
2353 2807 2438
2809 3227 2807
4239 13813 4647
15583 4240 4648
15583 4648 15585
12063 12567 12061
12571 12567 12063
12571 13071 12567
13075 13071 12571
13075 13505 13071
13509 13505 13075
12063 12061 11631
13509 4716 13505
16702 4307 16599
4307 4717 16599
4307 4311 4717
4713 16702 16599
18489 18590 4714
18489 4718 18590
13505 4716 4310
12063 11631 11704
4715 12063 11704
11704 11631 4309
4306 15314 15318
15240 15318 4305
4306 15318 15240
16702 16597 4307
4713 17065 16702
17065 16597 16702
17065 17063 16597
17065 17529 17063
17531 17529 17065
17531 18015 17529
18017 18015 17531
18590 18487 4714
18487 18017 4714
18487 18015 18017
18590 4308 18487
4718 4308 18590
4718 4312 4308
11704 4309 11633
4309 4719 11633
4313 11205 4719
13921 13990 4720
14337 4314 13990
13921 14337 13990
14339 14337 13921
14864 14779 4724
14779 14339 4724
14779 14337 14339
15332 15241 14864
14864 15241 14779
15792 15693 15332
15332 15693 15241
16147 16246 4315
16147 4315 15693
4725 16147 15693
4313 11203 11205
4304 15314 4306
4317 11205 11203
125 4722 227
4309 4313 4719
4715 11704 11633
4720 13990 13917
4310 4720 13917
4716 4720 4310
13990 4314 13917
16246 16145 4315
4311 16145 16246
4721 4311 16246
4717 4311 4721
18953 4312 4718
18953 4718 18955
4316 18953 227
18953 125 227
18953 18955 125
4723 11205 4317
4303 15318 15314
4305 15318 4303
15314 4304 15239
4704 3319 3540
3319 3735 3540
3319 3317 3735
3735 4700 3540
13197 12942 4701
12942 13197 13398
13398 13197 13607
13607 4702 13398
18621 18384 4703
19085 4705 18844
18844 4705 4295
4705 18384 4295
18384 18621 4295
4297 19085 18844
2919 4298 4296
2915 3317 3319
2919 4296 2917
2915 3319 2917
2917 4296 4294
3735 3315 4696
3735 3317 3315
3539 4700 3735
12721 12406 4697
12406 12721 4701
12721 13197 4701
12721 13195 13197
13195 13607 13197
13195 13605 13607
13605 4698 13607
13607 4698 4702
18621 4703 18382
4703 4293 18382
4703 4699 4293
4295 18621 18382
2917 4294 2915
15792 4725 15693
4706 2919 3124
2919 2917 3319
470 10 8
470 472 10
908 1173 4711
472 908 4711
470 908 472
1364 4712 1173
908 1364 1173
1362 1364 908
1796 1364 1362
1796 1798 1364
1796 4302 1798
1798 4302 4710
1173 910 4711
1173 4712 910
15314 15239 4303
4709 8 10
2919 3319 3124
4301 8 4709
4302 4300 4710
3319 4704 3124
19085 18846 4705
4707 18846 19085
4297 4707 19085
4299 4707 4297
2226 2463 4300
2919 2694 4298
4298 2694 2226
2694 4708 2226
4708 2463 2226
2919 4706 2694
4709 4299 4301
4709 4707 4299
4300 2463 2228
4710 4300 2228
2463 4708 2228
4721 16246 16147
227 123 4316
577 123 227
4745 4743 4335
5299 5251 4336
5251 5299 4744
5603 5251 4744
5601 5251 5603
4338 5601 6005
5601 5963 6005
5601 5603 5963
5963 4746 6005
9262 9205 4339
4337 9205 9262
4747 4337 9262
4745 4337 4747
6011 4340 4338
6011 4338 6005
4745 4335 4337
6329 6369 4746
5253 4744 5299
4901 5253 5299
4087 4332 4740
4087 4740 4089
4089 4513 4087
4515 4513 4089
4515 4742 4513
4513 4742 4334
4743 9581 4335
4335 9581 9579
9963 10022 4333
9579 9963 4333
9581 9963 9579
4741 10022 9963
4901 4334 4742
4901 4742 4903
4336 4901 5299
4901 4903 5253
4739 10432 10357
6369 6005 4746
6329 4748 6369
6679 6997 7023
6679 6681 6997
6997 4752 7023
9580 9648 4343
4751 9648 9580
4345 4751 9580
4753 4751 4345
7023 6993 4344
7023 4752 6993
4752 4346 6993
4752 4754 4346
4345 9962 4753
4753 9962 9964
4755 9964 9962
4755 9962 4347
4344 6679 7023
6369 6011 6005
6679 6327 6681
6327 6375 4750
9206 9262 4339
4747 9262 9206
4341 4747 9206
4749 4747 4341
6011 5961 4340
6375 4342 5961
6011 6375 5961
6369 6375 6011
6369 4748 6375
6375 4748 4750
9582 4749 9648
4749 4343 9648
4749 4341 4343
4751 9582 9648
6375 6327 4342
6681 6327 4750
3539 3735 4696
10022 4741 9961
10357 4331 9961
4729 4727 4319
1015 4320 4728
1015 4728 1017
1017 4730 1015
1015 4730 4322
10408 10353 4323
4321 10353 10408
4731 4321 10408
4729 4321 4731
1467 4322 4730
1467 4730 1469
1469 4732 1467
1467 4732 4324
10354 10408 4323
4731 10408 10354
4729 4319 4321
4325 4731 10354
4728 4320 4318
579 4728 676
4726 577 227
4722 4726 227
577 4726 676
676 4318 577
4727 10781 4319
4319 10781 10779
4317 10779 10781
4317 10781 4723
14781 14864 4724
14864 14781 15243
14864 15243 15332
15332 15243 15695
15332 15695 15792
4725 15792 15695
579 676 4726
4728 4318 676
4741 10357 9961
4733 4731 4325
1911 4732 1913
3302 3720 3649
3302 3306 3720
3720 4330 3649
10432 10355 4331
4329 10355 10432
4739 4329 10432
4737 4329 4739
3231 3306 4738
3306 3231 3651
3306 3651 3720
3651 4740 3720
4740 4330 3720
4740 4332 4330
10022 9961 4333
10357 10432 4331
4328 3302 3649
1911 4324 4732
3302 2902 3306
2902 2811 4738
1913 4734 1911
1911 4734 4326
4735 4325 4327
4735 4733 4325
2353 4326 4734
2353 4734 2355
2902 2809 4736
2809 2355 4736
2809 2353 2355
3302 3229 2902
2902 3229 2809
3302 4328 3229
4737 4327 4329
4737 4735 4327
2811 2902 4736
3306 2902 4738
14840 14775 3853
2913 3315 3317
2915 4292 2913
1111 4662 4260
907 1111 4260
1363 4664 1545
4665 4257 4261
4665 4663 4257
17649 17421 4258
4662 1545 4260
18121 17909 17421
18121 4259 17909
1547 4262 4260
1547 4260 1545
1545 4664 1547
1547 4664 4666
4667 11501 4263
18121 17421 17649
4662 1363 1545
1111 907 4256
18119 4259 18121
4660 1111 4256
657 4660 4256
469 657 4256
909 4662 1111
4253 11496 4661
4661 11496 11500
4663 11500 11496
4663 11496 4257
17169 16957 4254
17649 4258 16957
17169 17649 16957
17641 17649 17169
17641 18121 17649
17641 18119 18121
18119 4255 4259
4263 11501 11497
4261 11497 11501
4261 11501 4665
1549 4264 4262
1551 1985 1555
1551 1983 1985
2227 2429 4670
2429 1983 4670
2429 1985 1983
2429 2227 2889
2889 2227 2693
4671 3289 2693
3289 2889 2693
3289 3291 2889
3289 3695 3291
3289 3691 3695
3971 4135 4672
4135 3691 4672
4135 3695 3691
1555 4266 1551
4660 909 1111
1555 4268 4266
4673 4265 4267
1549 4262 1547
1547 4666 1549
1549 4666 4668
4669 4263 4265
4669 4667 4263
1551 4266 4264
1551 4264 1549
1797 1983 4668
1983 1549 4668
1983 1551 1549
1797 4670 1983
4671 3123 3289
3289 3123 3691
3691 3123 3537
3537 4672 3691
4673 4669 4265
657 469 4252
4255 18119 17908
17908 17641 17420
12939 12937 12403
12939 13393 12937
13395 13393 12939
4241 13393 13395
4241 13395 4651
16039 4242 4652
16039 4652 16041
4246 16039 16685
16039 16495 16685
16039 16041 16495
16685 16495 17159
17159 16495 16959
17159 16959 17631
17631 16959 17423
4653 18105 17423
12403 12937 12401
17423 18105 17631
4245 12403 12401
471 4654 645
15585 4652 15583
15583 4652 4242
18105 4653 18101
18101 4653 4649
18565 18381 4243
18105 18565 4243
18101 18565 18105
19025 18843 18381
19025 18381 18565
4650 9 203
4650 203 4244
19025 4650 4244
18843 19025 4244
203 9 645
645 9 471
4655 12403 4245
3971 4674 4135
18105 17907 17631
18105 4243 17907
4656 4658 4250
4659 11499 4251
4251 11499 11495
4249 11495 11499
4249 11499 4657
468 657 4252
468 4250 657
4250 4660 657
4250 4658 4660
4661 4251 4253
4661 4659 4251
16956 17169 4254
17420 17641 17169
17420 17169 16956
17908 18119 17641
4656 4250 467
17907 4247 17631
649 4656 467
17631 4247 17419
203 7 4244
649 4248 7
203 649 7
645 649 203
645 4654 649
649 4654 4656
4657 11923 4249
4249 11923 11921
4245 11921 11923
4245 11923 4655
16685 16493 4246
17159 16955 16493
17159 16493 16685
17631 17419 16955
17631 16955 17159
649 467 4248
4267 11498 4673
4673 11498 11502
4675 11502 11498
14007 13814 4685
14007 4686 13814
16261 16042 4687
4285 16494 16261
16494 16042 16261
16494 16496 16042
16958 16496 16494
16958 16960 16496
4689 16960 16958
4689 16958 4287
2909 4288 4286
2909 4286 2907
2907 3311 2909
2907 3307 3311
3307 4688 3311
3715 4684 3538
3311 4688 4690
4688 3307 3122
4284 3538 3122
14670 14672 14234
15345 15128 4282
15128 14670 4282
15128 14672 14670
4283 15584 15345
15584 15128 15345
15584 15586 15128
16040 16261 4687
15586 16040 4687
15584 16040 15586
4285 16261 16040
2692 2907 4286
3122 3307 2907
3122 2907 2692
3715 3538 4284
3538 4688 3122
14670 14234 14232
4287 17422 4689
4691 17424 17422
3313 4692 3315
3315 4692 4696
12721 4697 12719
12719 4697 4693
12719 13195 12721
12719 13193 13195
13193 13605 13195
13193 13603 13605
13603 4694 13605
13605 4694 4698
4291 17910 4695
4695 17910 17912
4699 17912 17910
4699 17910 4293
2915 4294 4292
2911 3313 3315
4689 17422 17424
2911 3315 2913
2913 4292 4290
4691 17422 4289
2911 4290 4288
2911 4288 2909
2909 3313 2911
2909 3311 3313
3311 4690 3313
3313 4690 4692
4693 12405 12719
12719 12405 13193
13193 12405 12941
13193 12941 13603
13603 12941 13397
13397 4694 13603
4695 4289 4291
4695 4691 4289
2913 4290 2911
2913 3317 2915
14232 14234 13812
14234 4686 14007
12183 4677 11922
4677 4269 11922
4677 4675 4269
4273 12183 11922
1989 4274 4270
1989 4270 1987
2431 2225 4275
1989 2431 4275
1987 2431 1989
2431 4271 2225
3703 4276 4272
3703 4272 3699
3699 4147 3703
3699 4141 4147
4141 4676 4147
4141 4674 4676
4147 4676 4678
4135 4674 4141
3695 4141 3699
4675 11498 4269
1555 1361 4268
1987 4270 1361
1555 1987 1361
1985 1987 1555
1985 2431 1987
1985 2429 2431
2889 2691 4271
2431 2889 4271
2429 2889 2431
3291 3121 2691
3291 2691 2889
3699 4272 3121
3291 3699 3121
3695 3699 3291
3695 4135 4141
13812 14234 14007
12183 11924 4677
12402 11924 12183
13595 4683 13394
4683 4279 13394
4683 4681 4279
4281 13595 13394
15126 15345 4282
4283 15345 15126
3536 3715 4284
3536 4280 3715
4280 4684 3715
4280 4682 4684
13595 13396 4683
14007 4685 13812
13812 4685 4281
4685 13396 4281
13396 13595 4281
4680 4682 4278
4273 12402 12183
4278 4682 4280
4277 4681 13181
12402 12404 11924
12938 13181 4679
12404 12938 4679
12402 12938 12404
4277 13181 12938
1989 1795 4274
1989 4275 1795
3703 3535 4276
3703 4147 3535
4147 4680 3535
4680 4278 3535
4147 3972 4680
4147 4678 3972
13181 12940 4679
4681 12940 13181
4279 4681 4277
4754 7269 7291
3852 14384 14332
14332 14384 13914
9261 3901 9255
9255 3901 3899
9255 3461 3463
9255 3463 9261
3462 3902 3464
3900 3902 3462
3900 3462 3460
9261 9204 3901
3463 3903 9261
3465 3903 3463
3464 3904 3466
3902 3904 3464
3905 3465 3467
3905 3903 3465
3903 9204 9261
3900 3460 5298
5249 3900 5298
5249 5298 3898
4954 3458 4897
3897 9577 3459
3459 9577 9575
3457 9575 9577
3457 9577 3895
4899 4954 3896
3898 5298 5247
3898 5247 3458
4899 3898 3458
4954 4899 3458
5298 3460 5247
3899 9203 9255
3461 9255 9203
3897 3461 9203
3459 3461 3897
3904 5599 5665
3468 3904 5665
3466 3904 3468
5599 3906 5665
6387 6323 5957
6387 5957 6029
6723 3472 6323
6387 6723 6323
6717 6723 6387
6989 7031 3908
7031 6717 3908
7031 6723 6717
6989 3910 7031
3471 10350 3909
3909 10350 10352
3911 10352 10350
3911 10350 3473
6723 6671 3472
7035 3474 6671
6029 5957 3470
4897 4509 4511
3909 9958 3471
3907 9958 9960
3467 9576 3905
3905 9576 9578
3907 9578 9576
3907 9576 3469
5665 5597 3468
3906 5959 6029
3906 6029 3470
5665 3906 3470
5597 5665 3470
6029 5959 6387
6387 5959 6325
6387 6325 6717
6717 6325 6675
6675 3908 6717
3469 9958 3907
3909 9960 9958
4897 4511 3896
4954 4897 3896
4509 3894 4511
3447 3885 3883
10849 3445 10773
3886 1992 1907
3446 3886 1907
3884 3886 3446
1992 3448 1907
10861 3887 10774
3887 3447 10774
3887 3885 3447
3449 10861 10774
1909 1992 3886
2349 3448 1992
1909 2349 1992
2351 2349 1909
2898 2805 3888
3447 3883 10849
2805 2351 3888
10773 3447 10849
3884 3444 1558
11719 11627 11277
11627 3443 11277
11719 3441 11627
3882 1558 1554
3882 1554 3880
3442 1554 3444
3444 1554 1558
10849 3883 10841
10841 3883 3881
11277 11199 3445
10849 11277 3445
10841 11277 10849
11277 3443 11199
1465 1558 3882
1465 3884 1558
3884 3446 3444
6723 7035 6671
2805 2349 2351
10865 3889 10861
10351 10871 10431
10871 10775 10431
10775 3455 10431
10871 3453 10775
4083 3454 3892
4083 3892 4085
4085 3894 4083
4083 3894 3456
3895 9959 3457
3457 9959 9957
9959 3893 10431
10349 9959 10431
9957 9959 10349
10431 3455 10349
4509 3456 3894
3891 10871 10351
2898 3450 2805
3893 10351 10431
3647 3892 3645
10861 3889 3887
10861 3449 3451
10861 3451 10865
2807 2898 3888
3225 3450 2898
2807 3225 2898
3227 3225 2807
3227 3890 3225
3225 3890 3452
10871 3891 10865
10865 3891 3889
10865 3451 3453
10865 3453 10871
3645 3452 3890
3645 3890 3647
3645 3892 3454
11201 11719 11277
7031 7035 6723
7035 3910 3912
6777 3930 6678
12776 12557 3495
3493 12557 12776
3933 3493 12776
3931 3493 3933
5600 3934 5706
6678 6437 6777
5706 3496 5600
3496 3494 3932
3497 12780 3495
3495 12780 12776
3933 12776 12780
3933 12780 3935
3648 3936 3498
3496 3932 5600
6326 6437 6678
6326 5960 5958
6326 5958 3492
3489 3929 12765
3491 3929 3489
6324 6437 3492
6674 6777 6437
6674 6437 6324
7065 6992 3490
3490 6992 6674
6992 3930 6674
3930 6777 6674
7065 3928 6992
3931 3491 3493
3931 3929 3491
5960 3932 3494
5960 3494 5958
6437 6326 3492
3648 3498 3646
4084 3648 3646
4084 4086 3648
4510 4086 4084
3226 3498 3228
3228 3498 3936
3501 12786 3499
3499 12786 12784
13250 13068 3937
12784 13250 3937
12786 13250 12784
3939 13068 13250
1910 3940 3502
1910 3502 1908
1908 3500 1910
1910 3500 3938
12558 12786 3501
3503 13252 12558
13252 12786 12558
3226 3228 2808
3929 12564 12765
3226 2808 2806
2806 2352 2350
4510 4512 4086
4898 4512 4510
4898 4900 4512
5248 4900 4898
5248 5250 4900
3934 5250 5706
5250 5598 5706
5250 5248 5598
3496 5706 5598
3499 12784 3497
3497 12784 12780
3935 12780 12784
3935 12784 3937
2352 3938 3500
2352 3500 2350
2806 2808 2352
12765 12564 3927
7065 3926 3928
7061 3926 7065
3915 11630 3475
11630 11771 3475
12554 12737 12219
12554 12219 12058
3477 12737 12554
6741 3478 3476
6741 3476 6735
6735 3914 6741
6741 3914 3916
12219 12060 3915
12060 12219 3917
12219 12741 3917
12219 12737 12741
12737 3477 3479
12737 3479 12741
12058 3915 3475
3478 6741 6676
12219 3915 12058
11202 11331 11630
3473 10776 3911
3911 10776 10778
11200 11331 3913
10778 11200 3913
10776 11200 10778
11628 11771 11331
11628 11331 11200
3475 11771 11628
6672 6735 3476
7035 6990 3474
3474 6990 6672
6990 3914 6672
3914 6735 6672
7035 3912 6990
11331 11202 3913
11630 11331 11771
7031 3910 7035
3918 3478 6676
6741 3916 6676
3486 3922 7057
3484 3922 3486
6991 3924 7057
3925 3485 3487
3925 3923 3485
7061 3488 3486
7061 3486 7057
7057 3924 7061
7061 3924 3926
12765 3927 12556
3927 3487 12556
3927 3925 3487
3489 12765 12556
7065 3490 3488
7065 3488 7061
3922 6991 7057
3480 3478 3918
3483 12563 3921
3485 12563 12555
12741 12562 3917
3919 12562 12741
3479 3919 12741
3481 3919 3479
3918 6677 6755
3482 3918 6755
3480 3918 3482
6677 3920 6755
3921 3481 3483
3921 3919 3481
6755 6673 3482
6755 3920 6673
3920 3484 6673
3920 3922 3484
3923 12563 3485
3483 12555 12563
3879 11719 11201
11277 10777 11201
10841 10777 11277
3849 13556 3851
3852 14838 14836
3852 14836 3850
3416 14836 3418
3418 14836 14838
3419 13130 3417
3849 13552 13556
3417 13130 13126
13556 13126 13558
13970 13914 3851
13556 13970 3851
13558 13970 13556
13914 13970 14386
13914 14386 14332
13558 13126 13130
13552 13122 13556
13556 13122 13126
3415 13126 13122
13122 13063 3415
13063 13122 3413
13122 13548 3413
13122 13552 13548
13552 3849 13913
13964 13552 13913
13548 13552 13964
13964 13913 14331
13964 14331 14380
3850 14836 14771
3850 14771 3414
14331 3850 3414
14380 14331 3414
14836 3416 14771
3417 13126 3415
14386 3853 14775
14838 14386 14775
14386 3852 14332
14386 14838 3852
15306 15689 15766
16141 3420 15766
15689 16141 15766
16143 16141 15689
16143 3856 16141
16141 3856 3422
13064 13134 3421
3423 13566 13064
13566 13134 13064
13566 13562 13134
13976 13562 13566
13972 13562 13976
3855 13972 13976
3855 13976 3857
3858 16684 16593
15306 15235 15689
14380 3414 14329
15235 15306 3854
13970 13972 14386
3854 15306 15231
3854 15231 3418
14775 3854 3418
14838 14775 3418
15766 15687 15306
15306 15687 15231
15766 3420 15687
3421 13134 3419
3419 13134 13130
13562 13130 13134
13558 13130 13562
13972 13558 13562
13970 13558 13972
13972 3855 14333
14386 13972 14333
3853 14386 14333
13964 14329 13911
14380 14329 13964
13548 13911 13499
18842 19081 3841
19081 255 3841
19081 253 255
253 707 255
253 705 707
705 1161 707
705 1157 1161
1157 1591 1161
1157 1589 1591
1589 3840 1591
1591 3840 3842
257 3843 255
255 3843 3841
255 709 257
255 707 709
18842 18619 19081
707 1165 709
18380 18619 18842
1589 3838 3840
18619 3839 18617
18617 3839 3837
18617 3411 18840
19081 18617 18840
18619 18617 19081
4 253 19081
4 19081 18840
464 705 253
464 253 4
904 1157 705
904 705 464
1157 904 3412
1587 1157 3412
1589 1157 1587
1587 3838 1589
18619 18380 3839
3422 3858 16593
707 1161 1165
1161 1591 1593
711 1169 1171
1169 1601 1171
1169 1597 1601
3848 1601 1794
1601 2023 1794
1601 1597 2023
2023 3846 1794
713 466 3847
466 713 906
906 713 1171
906 1171 1360
1360 1171 1601
1601 3848 1360
13548 13499 3413
13964 13911 13548
711 1171 713
1161 1593 1165
711 3847 3845
2023 3844 3846
1793 2021 3842
2021 1591 3842
2021 1593 1591
1793 3844 2021
257 6 3843
6 257 3845
257 711 3845
257 709 711
709 1169 711
709 1165 1169
1165 1597 1169
1165 1593 1597
1593 2023 1597
1593 2021 2023
2021 3844 2023
713 3847 711
3856 3858 3422
16684 3424 16593
13500 13566 3423
14860 15233 14773
15233 15328 3435
15328 15786 3435
15328 15788 15786
3869 15786 15788
3869 15788 3873
18949 3436 3870
18949 3870 18951
18951 3874 18949
18949 3874 3438
3875 11629 11711
3871 12151 11629
11629 12151 11711
12151 12057 11711
12057 3439 11711
15328 15233 14860
12151 3437 12057
14404 14406 14860
3434 14404 14773
18011 17525 18013
18013 18483 18011
18485 18483 18013
18485 3870 18483
18483 3870 3436
3871 12059 12151
12151 12059 3437
12059 12553 3437
12059 12561 12553
3433 12553 12561
3433 12561 3867
13915 13986 3868
13986 13915 3872
14406 13986 3872
14404 13986 14406
14404 14860 14773
18013 17525 3866
3876 14408 14406
14862 14406 14408
14335 14408 3876
14408 14335 14777
14408 14777 14862
14862 14777 15237
14862 15237 15330
3877 15330 15237
575 674 3878
674 575 1013
674 1013 1120
3880 1554 1463
3880 1463 3440
1013 3880 3440
1120 1013 3440
1554 3442 1463
3881 10777 10841
11711 3441 11719
3876 14406 3872
11711 3439 3441
11719 3879 11711
14860 14406 14862
15330 14860 14862
15328 14860 15330
15330 3877 15691
15788 15330 15691
15328 15330 15788
3873 15788 15691
119 3438 3874
119 3874 121
674 573 3878
573 121 3878
573 119 121
1120 1011 674
674 1011 573
1120 3440 1011
11711 3879 3875
13252 13250 12786
17525 17647 3866
3865 15786 3869
3429 13982 3427
3427 13982 13980
14400 13980 13982
14398 13980 14400
14854 14776 3861
14398 14854 3861
14400 14854 14398
14776 14854 15322
14776 15322 15236
3863 15236 15322
16595 16696 3862
16595 3864 16696
3864 3428 16696
3864 3430 3428
13576 13501 3431
3428 16692 16696
13501 13576 3429
3426 16692 3428
3862 16696 16692
3425 13978 13500
13978 13566 13500
13978 13976 13566
3857 13976 13978
3857 13978 3859
3860 16692 16684
3860 16684 3858
3424 16684 3426
3426 16684 16692
3427 13980 3425
3425 13980 13978
14398 14334 3859
13978 14398 3859
13980 14398 13978
3861 14334 14398
3862 16692 3860
17647 17525 3432
13576 13982 3429
14402 13982 13984
13067 13503 13065
13576 13503 3868
13986 13576 3868
13984 13576 13986
14404 13984 13986
14402 13984 14404
14772 14856 3434
14856 14404 3434
14856 14402 14404
15232 15324 14772
14772 15324 14856
3435 15786 15232
15786 15324 15232
15786 15784 15324
3865 15784 15786
13065 13503 3431
13576 13984 13982
13503 13576 3431
3867 13067 3433
14400 13982 14402
14856 14400 14402
14854 14400 14856
15324 14854 14856
15322 14854 15324
15784 15690 3863
15322 15784 3863
15324 15784 15322
3865 15690 15784
17059 3430 3864
17059 3864 17061
3432 17059 17647
17059 17527 17647
17059 17061 17527
17527 3866 17647
3433 13067 13065
3939 13250 13252
3939 13252 3941
3502 3942 3504
13591 3823 13593
15124 15343 3824
15582 15801 15343
15582 15343 15124
3825 15801 15582
1141 3826 3822
13591 3821 3823
1141 3822 1137
1137 1569 1573
1569 1999 1573
1569 1995 1999
1995 2441 1999
1995 2435 2441
2435 2899 2441
1137 1573 1141
13591 4279 4277
13593 4279 13591
3535 4278 3707
1133 1569 1137
1133 1565 1569
1795 1995 4274
1995 1565 4274
1995 1569 1565
4275 2433 1795
2433 1995 1795
2433 2435 1995
2433 2895 2435
2433 2893 2895
2893 3297 2895
2893 3295 3297
3535 3707 4276
3707 3295 4276
3707 3297 3295
2435 2895 2899
2895 3299 2899
2895 3297 3299
3297 3711 3299
15801 3825 3827
15801 3827 15803
17906 18139 3828
18378 18607 18139
18378 18139 17906
3829 18607 18378
1147 3830 3826
1147 3826 1141
1141 1577 1147
1141 1573 1577
1573 2003 1577
1573 1999 2003
1999 2445 2003
1999 2441 2445
2441 2903 2445
15343 15801 15803
1137 3820 1133
15343 15803 4283
4282 14875 14668
3297 3707 3711
3707 4278 3711
3711 4278 4280
13593 13394 4279
14005 4281 13810
13810 4281 3823
4281 13394 3823
13394 13593 3823
14230 14423 14005
14230 14005 13810
14668 14875 14423
14668 14423 14230
15343 15126 3824
3824 15126 14668
15126 4282 14668
15126 15343 4283
1137 3822 3820
3821 13591 13392
12936 13392 12938
1121 3814 465
671 1121 465
1117 1121 671
1117 4264 1121
1121 4264 4266
11721 4267 11494
4267 3813 11494
4267 4265 3813
3815 11721 11494
1125 3816 3814
1125 3814 1121
1121 4266 1125
1125 4266 4268
11721 11498 4267
4269 11498 11721
671 465 3812
3815 4269 11721
18125 3811 17905
18125 17905 17417
19053 18377 18591
223 5 18841
223 18841 19053
671 3812 5
223 671 5
667 671 223
667 1117 671
667 1115 1117
1115 4262 1117
1117 4262 4264
11493 3813 11705
3813 4263 11705
3813 4265 4263
11705 3809 11493
17653 17417 3810
18125 17417 17653
2441 2899 2903
3817 4269 3815
1129 3816 1125
1565 4270 4274
4275 2225 2433
4271 2891 2225
2891 2433 2225
2891 2893 2433
2891 3295 2893
2891 3293 3295
3293 4272 3295
3295 4272 4276
12703 12402 4273
3819 12936 12703
12936 12402 12703
12936 12938 12402
13392 13591 4277
12938 13392 4277
1559 4270 1565
1129 3818 3816
1129 1559 1565
1133 3818 1129
1361 1559 4268
1559 1125 4268
1559 1129 1125
1361 4270 1559
4271 2691 2891
2891 2691 3293
3293 2691 3121
3121 4272 3293
3817 11920 4269
4269 11920 11922
12400 12703 4273
11922 12400 4273
11920 12400 11922
3819 12703 12400
1133 3820 3818
1129 1565 1133
2899 3303 2903
2899 3299 3303
4284 3303 3536
2017 2459 2019
2017 2457 2459
2457 4294 2459
2459 4294 4296
19083 18844 4295
4297 18844 19083
3841 4297 19083
3843 4297 3841
2019 1793 3842
2461 3844 1793
2019 2461 1793
2459 2461 2019
2459 4296 2461
2461 4296 4298
259 4299 6
2019 3840 2017
4299 3843 6
2019 3842 3840
18380 18842 18382
2455 4290 4292
18147 17910 4291
4293 17910 18147
3837 4293 18147
3839 4293 3837
2017 3840 3838
2017 3838 2015
2015 2457 2017
2015 2455 2457
2455 4292 2457
2457 4292 4294
3839 18380 4293
4293 18380 18382
18842 19083 4295
18382 18842 4295
3841 19083 18842
2453 4290 2455
4299 4297 3843
3844 2461 2226
2025 1796 3848
1796 1360 3848
1796 1362 1360
2025 4302 1796
13966 13913 3849
14382 14331 13966
13966 14331 13913
14382 3850 14331
3851 13968 3849
3849 13968 13966
14384 13966 13968
14382 13966 14384
3850 14382 3852
3852 14382 14384
13914 13968 3851
1360 1362 908
3845 259 6
1360 908 906
906 470 466
4300 3844 2226
3846 3844 4300
2461 4298 2226
261 4301 259
259 4301 4299
259 3845 3847
259 3847 261
1794 2025 3848
1794 3846 2025
3846 4302 2025
3846 4300 4302
261 8 4301
3847 466 261
466 8 261
466 470 8
906 908 470
19053 18841 18377
2455 2015 2453
2015 1792 3836
17418 17191 16954
17669 17418 3828
18139 17669 3828
18141 17669 18139
18139 18609 18141
18139 18607 18609
18607 3829 3831
18607 3831 18609
1147 905 3830
1577 1359 905
1577 905 1147
2003 1791 1359
2003 1359 1577
2449 3832 1791
2003 2449 1791
17418 17669 17191
2445 2449 2003
16954 16721 16492
16038 16492 16040
3303 3711 3536
3303 3299 3711
3711 4280 3536
14005 13812 4281
13812 14005 14232
14232 14005 14423
14232 14423 14670
14670 14423 14875
14875 4282 14670
15803 15584 4283
3827 16038 15803
16038 15584 15803
16038 16040 15584
16492 16721 4285
16040 16492 4285
16954 17191 16721
2453 2015 3836
4286 2449 2692
2449 2445 2903
17671 17422 4287
17422 17671 4289
17671 18145 4289
17671 18143 18145
18143 3833 3835
18143 3835 18145
2453 3836 3834
2453 3834 2451
2451 4288 2453
2453 4288 4290
18147 4291 18145
18145 4291 4289
18145 3835 3837
18145 3837 18147
1792 2015 3838
2451 4286 4288
2449 2903 2692
2449 4286 2451
2451 3834 3832
2692 2903 3122
3122 2903 3303
3303 4284 3122
16721 16494 4285
16494 16721 16958
16958 16721 17191
16958 17191 4287
17191 17671 4287
17191 17669 17671
17669 18143 17671
17669 18141 18143
18609 18379 3833
18143 18609 3833
18141 18609 18143
18609 3831 18379
2451 3832 2449
13914 14384 13968
18123 18591 18125
18591 18377 3811
16594 16807 3532
17275 17062 3530
3530 17062 16594
17062 3970 16594
3970 16807 16594
17275 3968 17062
3969 3967 3531
14336 3969 14528
3969 3531 3533
14336 14528 14970
14336 14970 14778
14778 14970 15440
14778 15440 15238
15238 15440 15898
3969 3533 14528
3531 3967 13912
3967 14102 13912
13912 14102 3529
17528 3526 17526
17526 3524 17528
17528 3524 3962
3965 3525 3527
3965 3963 3525
3526 3966 3528
3964 3966 3526
13916 3965 14102
3965 3529 14102
3965 3527 3529
3967 13916 14102
17060 17275 3530
17060 3528 17275
3528 3968 17275
3528 3966 3968
15238 15898 15692
15692 15898 3534
16142 15692 3534
16144 15692 16142
15125 4240 15307
4241 13811 3795
3795 13811 13809
13811 4239 14387
14229 13811 14387
13809 13811 14229
14387 3793 14229
15307 15123 3794
15123 15307 4240
15583 15123 4240
15581 15123 15583
15583 4242 15581
15581 4242 3796
4243 18381 18569
18569 18381 19029
14667 14669 15125
17528 3964 3526
14667 15125 15307
14231 14669 14667
16807 16596 3532
16596 16142 3532
16596 16144 16142
16807 3970 16596
14330 14528 3533
14774 14970 14330
14330 14970 14528
15234 15440 14774
14774 15440 14970
15688 15898 15234
15234 15898 15440
3534 15898 15688
4239 14231 14387
14387 14231 3793
14231 14667 3793
3794 14667 15307
3963 3961 3523
3963 3523 3525
18486 3522 3960
3949 3509 12804
3947 3509 3949
3510 3950 3512
3948 3950 3510
12804 3511 12565
3511 3951 12565
3511 3513 3951
3949 12804 12565
3512 3952 3514
3950 3952 3512
12811 3953 12560
3953 3513 12560
3953 3951 3513
3515 12811 12560
1014 3954 3516
3509 12559 12804
1014 3516 1012
12804 12559 3511
3508 3948 3510
3940 3942 3502
3505 13254 3503
3503 13254 13252
3941 13252 13254
3941 13254 3943
3504 3944 3506
3942 3944 3504
13254 3505 13069
3505 3945 13069
3505 3507 3945
3943 13254 13069
3506 3946 3508
3944 3946 3506
3947 3507 3509
3947 3945 3507
3946 3948 3508
19029 18381 18843
1464 1014 1012
1464 3514 1466
3959 13504 13502
3959 13502 3521
18952 3960 3522
18952 3522 18950
319 122 3520
122 18950 3520
122 18952 18950
319 3958 122
3961 3521 3523
3961 3959 3521
18014 3962 3524
18014 3524 18012
18484 18014 18012
18484 18486 18014
18484 3522 18486
13502 13504 13070
1464 1466 1014
13502 13070 13066
3519 13066 3957
1466 3514 3952
12811 12566 3953
3955 12566 12811
3515 3955 12811
3517 3955 3515
576 3956 3518
576 3518 574
574 3516 576
576 3516 3954
3957 3517 3519
3957 3955 3517
120 319 3520
120 3518 319
3518 3958 319
3518 3956 3958
3957 13066 13070
18843 4244 19029
4245 12401 12633
12633 12401 3797
3805 4257 3803
16701 3806 3804
16701 3804 16699
16957 17171 4254
17171 16699 4254
17171 16701 16699
16957 4258 17171
18587 4259 18583
18583 4259 4255
18583 19049 18587
18583 19045 19049
19045 219 19049
19045 217 219
217 663 219
217 661 663
3803 4257 11693
907 1113 4256
4257 11496 11693
469 4256 661
16699 16697 17167
16956 17167 17420
17420 17167 17639
17420 17639 17908
17908 17639 18117
17908 18117 4255
18117 18583 4255
18117 18581 18583
18581 19045 18583
18581 19043 19045
19043 217 19045
19043 215 217
469 661 4252
661 215 4252
661 217 215
11693 11496 4253
16699 17167 16956
1113 661 4256
907 4260 1113
219 663 667
663 1115 667
663 1113 1115
1113 4260 1115
1115 4260 4262
4263 11497 11705
3809 11705 11497
4261 3809 11497
3807 3809 4261
17173 16953 3808
17653 3810 16953
17173 17653 16953
17651 17653 17173
17651 18125 17653
17651 18123 18125
219 667 223
1113 663 661
19049 219 223
18587 19049 19053
4261 3805 3807
4261 4257 3805
16701 16491 3806
17173 3808 16491
16701 17173 16491
17171 17173 16701
17421 17651 4258
17651 17171 4258
17651 17173 17171
17651 17421 18123
18123 17421 17909
4259 18587 17909
18587 18123 17909
18587 18591 18123
18587 19053 18591
19049 223 19053
18125 18591 3811
4254 16699 16956
16699 3804 3802
7 4248 207
4249 11921 3799
3799 11921 11919
11921 4245 12633
12399 11921 12633
11919 11921 12399
12633 3797 12399
4246 16493 16693
3800 4246 16693
3798 4246 3800
16693 16493 17163
17163 16493 16955
17163 16955 17635
17635 16955 17419
4247 18109 17419
207 19033 19029
18109 17635 17419
207 19029 4244
18569 19029 19033
12401 12935 3797
12401 12937 12935
12937 13391 12935
13393 13391 12937
3795 13391 13393
3795 13393 4241
16037 3796 4242
16037 4242 16039
16039 4246 16037
16037 4246 3798
4247 17907 18109
4243 18569 17907
18569 18109 17907
18569 18573 18109
18569 19033 18573
7 207 4244
16699 3802 16697
18109 18113 17635
18109 18573 18577
17635 18113 18117
18113 18581 18117
18113 18577 18581
18577 19043 18581
18577 19037 19043
19037 215 19043
19037 211 215
4252 215 468
215 653 468
215 211 653
653 4250 468
11693 4253 11687
11687 4253 4251
11687 3801 3803
11687 3803 11693
17635 18117 17639
18109 18577 18113
17163 17635 17639
16693 17163 17167
18573 19037 18577
18573 19033 19037
19033 211 19037
19033 207 211
467 653 4248
653 207 4248
653 211 207
467 4250 653
4251 11495 11687
3801 11687 11495
4249 3801 11495
3799 3801 4249
16697 3802 3800
16697 3800 16693
16693 17167 16697
17163 17639 17167
2013 3836 1792
4348 4754 7291
7269 4756 7291
5400 5404 5060
5061 17914 5401
5401 17914 17916
5405 17916 17914
5405 17914 5065
5062 5406 5066
5060 5404 5064
5402 5406 5062
10662 10885 11082
11082 10885 11315
11759 5407 11506
11506 5407 5063
5407 11082 5063
11082 11315 5063
10885 10662 5403
5063 11315 11080
11080 10885 10660
11080 11315 10885
14429 14237 5056
14429 5396 14237
5396 5060 14237
5396 5400 5060
17673 17428 5397
5401 17428 17673
5057 5401 17673
5061 5401 5057
5058 5402 5062
5398 5402 5058
10445 10248 5399
10885 5403 10660
10660 5403 5059
5403 10248 5059
10248 10445 5059
5067 11759 11506
14238 14435 5068
14238 5064 14435
5064 5408 14435
3544 3739 5074
3544 5070 3739
5070 5414 3739
5070 5410 5414
12205 11928 5411
5071 12408 12205
12408 11928 12205
12408 12410 11928
12944 13201 5415
12410 12944 5415
12408 12944 12410
13402 5416 13201
12944 13402 13201
13400 13402 12944
14019 13818 5072
5413 5409 5069
10441 5059 10445
5413 5069 5073
5412 14019 13816
5064 5404 5408
5409 5065 5069
5409 5405 5065
5066 5410 5070
5406 5410 5066
11759 11508 5407
12205 5411 11926
11926 5411 5067
5411 11508 5067
11508 11759 5067
5071 12205 11926
13816 14019 5072
14435 14240 5068
5068 14240 13816
14240 5412 13816
14435 5408 14240
10441 5055 5059
10441 5399 5395
10445 5399 10441
10867 10659 10427
10659 5047 10427
11301 11079 10659
11301 10659 10867
11301 5045 11079
15130 15347 5048
5049 15347 15130
5046 5390 5050
5388 5390 5046
10435 5391 10427
10427 5391 5389
10427 5047 5051
10427 5051 10435
14674 14879 5052
15347 15132 5048
10247 10867 10427
5048 15132 14674
5387 10867 10247
3976 5044 5386
5383 5043 11507
5041 5043 5383
5042 5386 5044
5384 5386 5042
5387 10661 10867
10867 10661 11301
11301 10661 11081
5385 11745 11081
11081 11745 11301
11745 11505 11301
11505 5045 11301
11745 5043 11505
3976 5388 5046
3976 5046 3974
3974 5044 3976
5389 10247 10427
13818 13400 5072
15132 5392 14674
5049 15588 15347
14879 14676 5052
5052 14676 14236
14676 5396 14236
5396 14429 14236
14879 5392 14676
17193 16964 5393
17673 5397 17426
17426 5397 5053
5397 16964 5053
16964 17193 5053
5057 17673 17426
3727 3543 5054
3727 5394 3543
5394 5058 3543
5394 5398 5058
14236 14429 5056
5392 14879 14674
10435 5055 10441
10435 5395 5391
15588 15132 15347
15588 15590 15132
16044 15590 15588
16044 16046 15590
16498 16046 16044
16498 16500 16046
16962 17193 5393
16500 16962 5393
16498 16962 16500
5053 17193 16962
3542 3727 5054
3542 5050 3727
5050 5394 3727
5050 5390 5394
10441 5395 10435
10435 5051 5055
5043 11745 11507
13818 13402 13400
18625 5417 18386
12676 13083 13162
13513 5080 13162
13083 13513 13162
13517 13513 13083
13517 5430 13513
13513 5430 5084
12676 12577 13083
5085 17176 5081
17654 17174 17176
17652 17174 17654
18126 17652 17654
18124 17652 18126
5082 18124 18491
18124 18594 18491
5081 17176 17174
12152 12577 12676
12152 12069 12577
11637 12069 11635
12676 12575 12152
12152 12575 12067
13162 13079 12676
12676 13079 12575
13162 5080 13079
17174 17067 5081
17652 17533 17174
17174 17533 17067
18124 18019 17652
17652 18019 17533
18124 5082 18019
5429 11637 5083
5083 11637 11635
12069 12152 5079
11635 12069 5079
18124 18126 18594
19056 18957 18594
18594 18957 18491
19056 5086 18957
18126 18021 18493
18126 18493 18594
18594 18493 18959
18594 18959 19056
5434 230 127
5434 127 5086
18959 5434 5086
19056 18959 5086
230 5090 127
5435 10785 10843
5091 10843 10785
5431 5091 10785
5087 5091 5431
14411 14343 5088
14343 14411 5432
17654 18021 18126
12152 12067 5079
17654 17535 18021
17654 17178 17535
5431 11209 5087
5087 11209 11207
5083 11207 11209
5083 11209 5429
13925 5084 5430
13925 5430 13929
5088 13925 14411
13925 14347 14411
13925 13929 14347
14347 5432 14411
16708 16601 5089
16601 16708 5085
16708 17176 5085
16708 17178 17176
17178 5433 17535
17176 17178 17654
16283 5428 16048
16048 15827 16283
15592 15827 16048
2230 2465 5078
2921 2698 5076
5076 2698 2230
2698 5420 2230
5420 2465 2230
2921 5418 2698
5421 15591 15823
15823 15591 16279
16279 15591 16047
16047 5422 16279
18159 5423 18157
18157 5423 5419
18157 18629 18159
18157 18627 18629
18627 5077 18848
18625 5077 18627
19091 18627 18848
18625 5075 5077
18625 18157 17917
5417 5073 18386
5417 5413 5073
5075 18625 18386
2696 2921 5076
3128 5418 2921
2696 3128 2921
3126 3128 2696
3739 3546 5074
3546 3126 5074
3546 3128 3126
3739 5414 3546
13201 12946 5415
13201 5416 12946
5419 17917 18157
5417 18625 17917
18625 18627 18157
14019 5412 13818
18629 18627 19091
12 19091 18848
18159 17918 5423
17918 18159 18388
18388 18159 18629
18388 18629 18850
18850 18629 19091
18850 19091 14
14 19091 263
263 5424 14
15827 5427 15825
15825 5427 5425
15825 16283 15827
15825 16281 16283
16281 5426 16283
16283 5426 5428
15827 15592 5427
16281 5422 5426
12 263 19091
16279 5422 16281
15823 16281 15825
476 5424 263
12 476 263
474 476 12
912 476 474
912 914 476
1366 914 912
1366 1368 914
1800 1368 1366
1800 1802 1368
2465 2234 5078
2234 1800 5078
2234 1802 1800
2465 5420 2234
15825 5425 15823
15823 5425 5421
15823 16279 16281
5385 11507 11745
5382 5384 5040
5040 5384 5042
15244 15432 4813
15696 15892 15244
15244 15892 15432
16148 16344 15696
15696 16344 15892
16600 16804 16148
4814 16802 16804
16148 16804 16344
5351 17915 18097
18097 17915 5009
17915 18385 5009
17915 18387 18385
18387 18847 18385
18849 18847 18387
4814 16804 16600
4812 16802 4814
16804 16802 16344
16344 16802 16152
17268 5174 16604
17268 16604 16802
17066 17268 16802
4812 17066 16802
4810 17268 17066
14782 14960 4811
15248 5175 15432
15432 5175 4813
5175 14960 4813
14960 14782 4813
15248 15432 15892
15248 15892 15700
15700 15892 16344
15700 16344 16152
16802 5176 16152
18849 5352 18847
18847 5352 5010
14388 14235 5011
14842 14673 14388
5356 15312 15129
5356 15129 5012
14675 5356 5012
14842 14675 5012
15312 5016 15129
17156 16961 5017
5357 5353 17156
5353 17425 17156
17425 16961 17156
5353 17623 17425
17623 5013 17425
473 5014 5354
473 5354 475
5018 473 1095
473 913 1095
14388 14675 14842
16604 5176 16802
14388 14239 14675
5355 14239 13815
14388 14673 14235
14842 5012 14673
5353 17427 17623
5351 18097 17427
17427 18097 17623
18097 17913 17623
17913 5013 17623
18097 5009 17913
11 5010 5352
11 5352 13
13 5354 11
11 5354 5014
13974 13815 5015
14239 14388 5011
14239 5011 13815
13974 5355 13815
5175 14786 14960
5173 4809 4811
5173 4811 14960
5166 768 764
5166 764 5164
4800 764 4802
4802 764 768
13082 5165 13268
5165 4803 13268
5165 4801 4803
5167 13082 13268
4804 580 768
5166 4804 768
5168 4804 5166
4802 768 580
13078 13268 4803
13268 13078 5167
13078 13516 5167
5165 5163 4801
13078 13512 13516
4801 5163 12574
12574 12812 4799
5159 4795 5161
582 5162 760
1220 5160 582
1220 582 760
1018 1220 760
4798 1018 760
4796 1220 1018
4799 12812 4797
4797 12812 12808
5161 12808 12812
5161 12812 5163
5164 764 760
5164 760 5162
4798 760 4800
4800 760 764
5163 12812 12574
473 475 913
13512 4805 14086
13516 13512 13928
5170 18492 19152
18492 18956 19152
18492 18490 18956
4806 19152 18956
14342 14508 4807
5171 14508 14342
4809 5171 14342
5173 5171 4809
17068 5174 17268
17758 5172 17068
17758 17068 17268
17532 17758 17268
4810 17532 17268
4808 17758 17532
14786 5173 14960
18490 18492 18020
13928 13512 14086
18490 18020 18018
18018 17534 4808
5169 13928 14086
18958 5170 19152
18958 19152 4806
126 18958 4806
128 18958 126
126 4804 128
128 4804 5168
13924 14086 4805
14346 5169 14508
14508 5169 4807
5169 14086 4807
14086 13924 4807
5171 14346 14508
17534 5172 17758
17534 17758 4808
18020 17534 18018
1095 913 1527
1527 913 1367
1527 1367 1961
2233 5372 2423
5031 12154 5029
5029 12154 12146
5371 12146 12154
5371 12154 5373
2423 2229 5030
5372 2697 2885
5372 2885 5032
2423 5372 5032
2229 2423 5032
2885 2697 3287
3287 2697 3127
3127 5374 3287
11714 11503 5033
11503 11714 5031
1799 1977 5030
11714 12154 5031
1977 5370 5030
5370 2233 2423
1975 1973 2413
2413 5366 2232
5027 12140 5025
5025 12140 12134
5367 12134 12140
5367 12140 5369
1977 5028 5026
1977 5026 1975
1975 5368 1977
1977 5368 5370
5029 12146 5027
5027 12146 12140
5369 12140 12146
5369 12146 5371
1977 1799 5028
5370 2423 5030
1975 2413 2232
11714 12162 12154
5373 12162 5375
4411 5378 4547
5379 5035 5037
5379 5377 5035
4547 4409 5036
4547 5378 4409
5378 5038 4409
5378 5380 5038
5381 5037 5039
5381 5379 5037
4412 5382 5040
4412 5040 4410
4410 5038 4412
4412 5038 5380
5383 5039 5041
5383 5381 5039
5034 5376 5036
5373 12154 12162
5036 5376 4547
5375 12162 11927
2885 2695 5032
3287 3125 2695
3287 2695 2885
3125 3287 5374
3545 3125 5374
3541 3125 3545
3545 3973 3541
3975 3973 3545
3975 5376 3973
3973 5376 5034
11504 11714 5033
12162 11714 11504
5377 12162 11504
5035 5377 11504
11927 12162 5377
5376 4411 4547
14787 14343 5432
5368 1975 2232
1975 5026 5024
16963 17156 5017
16963 5017 16497
5361 16963 16497
16686 5361 16497
5357 17156 16963
1095 911 5018
1531 5020 911
1095 1531 911
1527 1531 1095
1527 1965 1531
1527 1961 1965
2231 2405 5358
2405 1961 5358
2405 1965 1961
2231 5362 2405
16230 16497 16043
12122 11925 5021
16686 16497 16230
16230 16043 15774
1961 1367 1801
1801 5358 1961
13142 12943 5019
13568 13399 13142
13142 13399 12943
13817 13974 5015
13817 5015 13399
5359 13817 13399
13568 5359 13399
5355 13974 13817
15131 15312 5356
5360 15774 15587
5360 15587 5016
15131 5360 5016
15312 15131 5016
15774 16043 15587
1975 5024 1973
5363 12409 12122
12409 12407 11925
2409 5362 5364
5023 12128 5021
5021 12128 12122
5363 12122 12128
5363 12128 5365
1973 5024 5022
1973 5022 1969
1969 2413 1973
1969 2409 2413
2409 5364 2413
2413 5364 5366
5025 12134 5023
5023 12134 12128
5365 12128 12134
5365 12134 5367
2405 5362 2409
12409 11925 12122
1965 2405 2409
1965 1969 1531
12945 13142 5019
12407 12945 5019
12409 12945 12407
13142 12945 13401
13142 13401 13568
5359 13568 13401
15589 15774 5360
15774 15589 16045
15774 16045 16230
16230 16045 16499
16230 16499 16686
5361 16686 16499
1531 1365 5020
1969 5022 1365
1531 1969 1365
1965 2409 1969
14783 14343 14787
15334 15245 5436
15245 14787 5436
13660 13931 14070
14070 13931 14349
14070 14349 14488
14488 14349 5506
14944 14488 5506
14942 14488 14944
13660 13519 13931
14944 5507 15251
14942 14944 15412
15412 15251 15703
15412 15703 15868
15868 15703 16155
15868 16155 16322
5503 16322 16155
15412 14944 15251
13260 5505 13081
5505 13519 13081
13519 5157 13081
15866 15410 15868
16322 15866 15868
16320 15866 16322
16322 5503 16607
16778 16322 16607
16320 16322 16778
5501 16778 16607
1474 5504 5158
1474 5158 1472
2081 1918 5156
1918 1472 5156
1918 1474 1472
2081 5502 1918
13260 13081 5159
13519 13660 5157
584 5508 756
584 756 5160
1020 584 5160
1022 584 1020
5512 308 5510
5162 308 5164
5164 308 312
5165 13266 5163
5163 13266 13264
5511 13264 13266
5511 13266 5513
5514 316 312
5514 312 5512
5164 312 5166
5166 312 316
13082 13266 5165
13520 5513 13672
13672 5513 5167
5513 13266 5167
5512 312 308
15868 15410 15412
5509 13264 5511
5161 13264 13262
1020 5158 1022
1022 5158 5504
5161 13262 5159
5159 13262 13260
5505 13260 13262
5505 13262 5509
14789 14944 5506
5507 14944 14789
130 5510 308
756 5508 130
756 130 308
582 756 308
5162 582 308
5160 756 582
5163 13264 5161
5509 13262 13264
15410 14940 15412
15412 14940 14942
14940 14486 14942
5498 2525 2816
2525 2969 2816
2525 2519 2969
2969 5496 2816
14484 14345 5153
14938 14785 14484
14484 14785 14345
15408 15247 14938
14938 15247 14785
15864 15699 15408
15408 15699 15247
16318 16151 15864
15864 16151 15699
16776 16603 16318
16318 16603 16151
2525 5150 2519
16603 16776 5151
2525 5152 5150
5495 17242 17244
3236 5148 3234
3234 5146 3236
3236 5146 5492
5149 17242 5147
5147 17242 17240
5493 17240 17242
5493 17242 5495
2358 2519 5150
2814 2969 2519
2814 2519 2358
2814 5148 2969
5148 5496 2969
5148 5494 5496
5151 17244 5149
5149 17244 17242
5495 17244 5497
13266 13082 5167
16776 17244 5151
5497 17244 17246
16776 16778 17246
5499 17246 17071
1916 2081 5156
2529 2360 5154
5154 2360 1916
2360 5502 1916
5502 2081 1916
2529 5500 2360
13660 13515 5157
14070 13927 13660
13660 13927 13515
13927 14070 5155
14070 14486 5155
14070 14488 14486
14942 14486 14488
17246 16778 17071
16776 17246 17244
16778 5501 17071
16778 16318 16320
5497 17246 5499
2529 5154 5152
2529 5152 2525
2525 5498 2529
2529 5498 5500
5155 14486 5153
5153 14486 14484
14940 14484 14486
14938 14484 14940
15410 14938 14940
15408 14938 15410
15866 15408 15410
15864 15408 15866
16320 15864 15866
16318 15864 16320
16776 16318 16778
5515 13520 13672
18960 5516 19146
316 5514 18960
1523 1367 913
1523 913 1091
1367 1523 5712
1803 1367 5712
1801 1367 1803
5358 1801 2401
1801 2235 2401
1801 1803 2235
2235 5714 2401
5715 13819 5359
5359 13819 13817
14241 14392 5355
13817 14241 5355
13819 14241 13817
14392 14241 14677
1091 475 641
14392 14677 14846
1091 913 475
5711 17624 17429
5710 641 5354
193 5710 5354
13 193 5354
641 477 1091
1091 477 915
1091 915 1523
1523 915 1369
1369 5712 1523
14392 14239 5355
14846 14675 14392
14392 14675 14239
14846 5356 14675
17624 5353 17429
5353 5713 17429
5353 5357 5713
641 475 5354
5710 477 641
5716 15316 15131
14677 5716 5356
5359 13403 5715
15133 15316 5716
5720 15778 15589
5720 15589 5360
15133 5720 5360
15316 15133 5360
16234 16045 15778
15778 16045 15589
16694 16499 16234
16234 16499 16045
16965 17160 5361
16965 5361 16499
5721 16965 16499
16694 5721 16499
5717 17160 16965
5359 13401 13403
5716 15131 5356
13403 13401 12947
12947 12945 12409
14846 14677 5356
15316 5360 15131
17160 16963 5361
5357 16963 17160
5717 5357 17160
5713 5357 5717
2401 2231 5358
5714 2699 2859
5714 2859 5362
2401 5714 5362
2231 2401 5362
2699 5718 2859
12642 12409 5363
5719 12947 12642
12947 12409 12642
12947 13401 12945
3236 5494 5148
193 13 5352
17624 5711 17427
5168 320 128
5169 14346 5517
5517 14346 14350
5519 14350 14346
5519 14346 5171
17536 5520 5172
17536 5172 17534
5518 17536 18228
17536 18020 18228
17536 17534 18020
18492 18688 18020
18020 18688 18228
5170 18688 18492
5521 5171 5173
5521 5519 5171
18958 320 19146
17072 5522 5174
128 320 18958
18958 19146 18688
19146 316 18960
320 316 19146
5166 316 5168
5168 316 320
13516 13672 5167
13672 13516 5515
13516 13932 5515
13516 13928 13932
5517 13932 13928
5517 13928 5169
18022 5518 18228
18022 18228 18688
18022 18688 18494
19146 5516 18494
19146 18494 18688
5170 18958 18688
5709 18098 17919
17072 5174 17068
17072 5172 5520
5176 16342 16152
18098 17915 5351
5709 18389 18098
18389 17915 18098
18389 18387 17915
18389 18849 18387
17996 19290 17998
5352 18849 193
18849 15 193
18849 18851 15
15 5710 193
17624 17427 5353
17919 18098 5351
17919 5351 17427
5711 17919 17427
15704 15700 16152
17068 5172 17072
15704 16152 16342
15248 15700 15704
5173 14786 5521
5521 14786 14790
14786 5175 15430
15252 14786 15430
14790 14786 15252
5523 15252 15430
16156 5524 16342
16156 16342 5176
16604 16156 5176
16608 16156 16604
16604 5174 16608
16608 5174 5522
15248 15430 5175
15430 15248 5523
15248 15704 5523
5524 15704 16342
5161 4795 12808
5493 17070 17240
5491 16768 5147
5257 5255 4907
5257 5605 5255
5607 5605 5257
5607 5965 5605
5967 5965 5607
5967 5454 5965
4907 5255 4905
5965 5454 5108
5107 9965 10028
5455 5107 10028
5453 5107 5455
6331 5108 5454
6331 5454 6333
6333 5456 6331
10028 9965 5109
4907 4905 4519
4519 4905 4584
4905 5106 4584
3728 3653 5452
3653 3235 5452
3653 3233 3235
4178 4091 3728
3728 4091 3653
4584 4517 4178
4178 4517 4091
4584 5106 4517
5453 5105 5107
5453 5451 5105
3655 3728 5452
3728 3655 4093
3728 4093 4178
4178 4093 4519
4178 4519 4584
6331 5456 5110
10028 5109 9969
5109 5457 9969
5109 5111 5457
5115 5463 9649
5117 5463 5115
7003 7024 5462
5464 7288 7271
5464 7271 5116
7003 5464 5116
7024 7003 5116
7288 5118 7271
10047 5465 9966
5465 5117 9966
5465 5463 5117
5119 10047 9966
7273 7288 5464
7273 5466 7288
5466 5118 7288
5463 9584 9649
3233 5450 3235
9649 9584 5461
5460 5462 5114
5455 10028 9969
5110 5458 5112
5456 5458 5110
5459 5111 5113
5459 5457 5111
6683 5112 5458
6683 5458 6685
6685 5460 6683
6683 5460 5114
5461 9583 9649
5115 9649 9583
5459 5115 9583
5113 5115 5459
5462 7024 7001
5114 5462 7001
7024 5116 7001
3233 5104 5450
5451 5449 5103
5451 5103 5105
5093 5435 10843
5093 5439 5435
10843 5091 10783
15249 15334 5436
15334 15249 15701
15334 15701 15794
15794 15701 16153
15794 16153 16250
5437 16250 16153
583 680 5438
1019 5092 680
583 1019 680
1021 1019 583
5094 1019 1563
1019 1473 1563
10783 5093 10843
1019 1021 1473
680 5092 581
129 5438 5090
15245 14783 14787
15794 15697 15334
15334 15697 15245
16250 16149 15794
15794 16149 15697
16605 16708 5089
16605 5089 16149
5437 16605 16149
16250 5437 16149
16708 16605 17069
16708 17069 17178
5433 17178 17069
129 230 5434
5438 680 581
5438 581 5090
230 129 5090
5466 5120 5118
1473 5440 1563
5441 5439 5093
5446 5100 5098
10425 5447 10417
10417 5447 5445
10417 5099 5101
10417 5101 10425
5100 5448 5102
5446 5448 5100
10359 5103 10425
5103 5447 10425
5103 5449 5447
10425 5101 10359
2813 5102 5448
2813 5448 2815
2815 5450 2813
2813 5450 5104
5446 5098 2440
5441 5093 5095
2359 5446 2440
5097 5099 5443
1563 1471 5094
1471 1563 5440
1917 1471 5440
1915 1471 1917
1917 5442 1915
1915 5442 5096
5443 5095 5097
5443 5441 5095
5444 2440 2357
5096 5444 2357
5442 5444 5096
2440 5098 2357
5445 10361 10417
5099 10417 10361
5443 5099 10361
2359 2440 5444
9967 5121 10047
5121 5465 10047
5121 5467 5465
5258 5256 5606
5966 6068 5606
5606 6068 5698
5140 6068 5966
12576 12774 5141
12774 12576 5487
12576 13084 5487
12576 13080 13084
13514 13084 13080
13514 13518 13084
13926 13518 13514
13926 13930 13518
13926 5143 14470
14348 13926 14470
13930 13926 14348
5258 5606 5698
14348 14470 14924
5486 5258 5698
5258 5488 5142
5485 12070 12254
5608 5486 5698
5608 5698 6068
5608 6068 5968
6432 5484 5968
6432 5968 6068
6332 6432 6068
5140 6332 6068
5138 6432 6332
12068 12254 5139
12578 5485 12774
12774 5485 5141
5485 12254 5141
12254 12068 5141
5487 12578 12774
5258 5142 5256
5483 5137 5139
14348 14924 14788
14788 15396 15250
16768 5489 5145
5489 16308 5145
16308 16150 5145
5491 16606 16768
3656 5492 5146
3656 5146 3654
4092 3656 3654
4092 4094 3656
4518 4094 4092
4518 4520 4094
4518 5144 4520
4520 5144 5490
16602 16768 5145
17070 5491 17240
17240 5491 5147
16606 5489 16768
14788 14924 15396
15698 16308 15854
15246 15854 15396
15250 15396 15854
15250 15854 15702
15702 15854 16308
15702 16308 16154
5489 16154 16308
4908 5490 5144
4908 5144 4906
4906 5142 4908
4908 5142 5488
14344 14470 5143
14784 14924 14344
14344 14924 14470
15246 15396 14784
14784 15396 14924
15698 15854 15246
16150 16308 15698
16768 16602 5147
5483 5139 12254
5136 6770 6684
10360 5473 5125
5473 9970 5125
9970 10063 5125
10784 10913 10485
10784 10485 10360
11208 11339 10913
11208 10913 10784
5127 11339 11208
7004 5474 5128
7004 5128 7002
7002 5126 7004
7004 5126 5472
10485 10362 5473
10362 10485 10786
10786 10485 10913
10485 5473 10360
10786 10913 11210
10063 9970 5471
7272 5124 7274
10047 5119 9967
5120 5468 5122
5466 5468 5120
10059 5469 9968
5469 5121 9968
5469 5467 5121
5123 10059 9968
5122 5470 5124
5468 5470 5122
10063 5471 10059
10059 5471 5469
10059 5123 5125
10059 5125 10063
7274 5472 5126
7274 5126 7272
7274 5124 5470
12070 5483 12254
11210 10913 11339
11636 5475 5127
5132 6762 5134
5134 6762 6766
5481 5133 5135
5481 5479 5133
5482 6770 6766
5482 6766 5480
5134 6766 5136
5136 6766 6770
5483 5135 5137
5483 5481 5135
6334 5484 6432
6770 5482 6334
6770 6334 6432
6684 6770 6432
5138 6684 6432
5480 6762 5478
11785 5475 11636
5480 6766 6762
5479 5131 5133
5475 11210 5127
11210 11339 5127
5129 11785 11636
6686 5476 6756
6756 5130 6686
5130 5474 6686
5130 5128 5474
11785 11638 5475
5477 11638 11785
5129 5477 11785
5131 5477 5129
5478 6762 6756
5478 6756 5476
5130 6756 5132
5132 6756 6762
5479 5477 5131
4346 4754 4348
4795 12573 12808
4794 1646 1470
1543 1363 4662
1543 5026 1363
5026 4664 1363
5026 5028 4664
5029 4663 4665
5029 5027 4663
5027 5025 4663
5028 1799 1979
4664 5028 4666
1799 5030 1979
11706 11501 4667
4665 11501 11706
5031 4665 11706
5029 4665 5031
4666 5028 1979
4663 5025 11500
5025 11694 11500
11500 11694 4661
1107 4658 1103
1103 1539 1107
1103 1535 1539
1535 5022 1539
1539 5022 5024
4661 11694 4659
4659 11694 11688
5023 11688 11694
5023 11694 5025
1107 909 4660
1543 4662 909
1107 1543 909
1539 1543 1107
1539 5024 1543
1543 5024 5026
1981 4668 4666
1981 4666 1979
2229 2425 5030
2425 1979 5030
3537 3973 4131
3537 3541 3973
3973 5034 4131
11504 5033 11722
5033 4673 11722
5033 4669 4673
5035 11504 11722
2427 2227 4670
2887 2693 2227
2887 2227 2427
2887 4671 2693
4131 3971 4672
4131 5034 3971
5034 4674 3971
5034 5036 4674
4672 3537 4131
1107 4660 4658
3541 3537 3125
2695 3125 3123
2425 1981 1979
2229 5032 2425
11706 4667 11503
4667 5033 11503
4667 4669 5033
5031 11706 11503
1981 1797 4668
2427 4670 1797
1981 2427 1797
2425 2427 1981
2695 2887 5032
2887 2425 5032
2887 2427 2425
2887 2695 4671
2695 3123 4671
3125 3537 3123
5021 4657 5023
5023 4657 11688
4657 11499 11688
5016 15585 4648
15129 5016 4648
15308 15129 4648
15770 4652 15585
5017 16961 17155
17155 16961 17627
17627 16961 17425
4653 17627 17425
5013 4653 17425
4649 4653 5013
199 9 4650
9 199 5014
473 9 5014
471 9 473
473 5018 471
5016 15770 15585
471 5018 4654
15129 15308 5012
4647 13813 13815
15308 4648 15127
5013 17913 4649
4649 17913 17911
17913 5009 18561
18383 17913 18561
17911 17913 18383
19021 18845 18383
19021 18383 18561
5010 11 199
5010 199 4650
19021 5010 4650
18845 19021 4650
11 5014 199
5015 13815 4651
4651 13815 13813
4647 13815 5011
11502 11722 4673
12634 12403 4655
12943 12403 12634
4654 5018 4656
911 5020 1099
5021 11925 4657
4657 11925 11923
12407 12634 4655
11923 12407 4655
11925 12407 11923
5019 12634 12407
1103 4658 4656
1103 4656 1099
1365 1535 5020
1535 1099 5020
1535 1103 1099
1365 5022 1535
11688 11499 4659
4656 5018 1099
5019 12943 12634
5018 911 1099
17627 16959 17155
12943 12939 12403
12943 13395 12939
13399 13395 12943
4651 13395 13399
4651 13399 5015
15587 15770 5016
16041 4652 15770
15587 16041 15770
16043 16041 15587
16043 16495 16041
16497 16495 16043
16497 5017 17155
16959 16497 17155
16495 16497 16959
17627 17423 16959
17627 4653 17423
15127 14671 14673
5035 11722 11502
5037 5035 4675
14427 14009 14425
5052 14427 14674
14427 14877 14674
14427 14425 14877
14877 5048 14674
15805 15588 5049
14425 14009 4686
4687 16042 15805
16042 16044 15588
16496 16044 16042
16496 16498 16044
16960 16498 16496
16960 16962 16498
5053 16962 16960
16042 15588 15805
14009 13814 4686
13599 13597 14009
14009 13597 13814
10877 5051 10873
10873 5051 5047
10873 11309 10877
10873 11305 11309
11305 11751 11309
11305 11749 11751
11749 12195 11751
11749 12193 12195
12193 12715 12195
12193 12713 12715
12713 13189 12715
12713 13187 13189
13187 13599 13189
13187 13597 13599
13597 4685 13814
5053 16960 4689
4688 3721 3542
5054 4688 3542
4690 4688 5054
14011 14009 14427
14427 5052 14236
4689 17424 5053
5053 17424 17426
5057 17426 17424
5057 17424 4691
5054 3543 3731
4692 5054 3731
4690 5054 4692
3543 5058 3731
10883 5059 10881
10881 5059 5055
10881 11313 10883
10881 11311 11313
11311 11755 11313
14011 14427 14236
4684 5046 5050
5056 14011 14236
13599 14011 13601
3721 5050 3542
10881 5055 10877
10877 5055 5051
10877 11311 10881
10877 11309 11311
11309 11753 11311
11309 11751 11753
11751 12197 11753
11751 12195 12197
12195 12717 12197
12195 12715 12717
12715 13191 12717
12715 13189 13191
13189 13601 13191
13189 13599 13601
13599 14009 14011
4684 5050 3721
3538 4684 3721
3538 3721 4688
4678 5040 5042
12189 5043 12187
12187 5043 5041
12187 12709 12189
12187 12707 12709
12707 4679 12940
13183 12707 12940
12709 12707 13183
4681 13183 12940
4159 4682 4680
4159 4680 4153
4153 5042 4159
4159 5042 5044
5045 11505 11747
5043 12189 11505
4678 5042 4153
12189 11747 11505
3972 4678 4153
4679 12707 12404
5036 4409 4553
4676 5036 4553
4674 5036 4676
4409 5038 4553
5039 4675 4677
5039 5037 4675
4676 4553 4410
5040 4676 4410
4678 4676 5040
4553 5038 4410
12187 5041 11924
5041 4677 11924
5041 5039 4677
12404 12707 12187
12404 12187 11924
3972 4153 4680
4675 5035 11502
12189 12191 11747
12189 12709 12711
12711 13185 13187
13185 4683 13396
13597 13185 13396
13187 13185 13597
4685 13597 13396
14234 14425 4686
14672 14877 14425
14672 14425 14234
15130 5048 14877
14672 15130 14877
15128 15130 14672
15586 15805 5049
15130 15586 5049
15128 15586 15130
4687 15805 15586
12711 13187 12713
12189 12711 12191
12191 12711 12713
11747 12191 12193
12709 13185 12711
12709 13183 13185
13183 4681 4683
13183 4683 13185
4682 4159 3974
5046 4682 3974
4684 4682 5046
4159 5044 3974
5047 10659 10873
10873 10659 11305
11305 10659 11079
5045 11747 11079
11747 11305 11079
11747 11749 11305
11747 12193 11749
12191 12713 12193
15127 14673 5012
15308 15127 5012
14673 14671 14235
13076 12568 13240
12572 12568 13076
13076 13240 13640
13076 13640 13510
4779 13510 13640
4904 4780 5006
12568 4371 13240
4904 5006 5348
5702 4778 5254
5702 5254 5348
5602 5702 5348
4372 5602 5348
4370 5702 5602
13072 13240 4371
4904 5348 5254
4777 12568 12572
4369 12568 4777
4368 6778 6680
4368 6996 6778
4366 7066 6996
12253 12066 4775
4777 12066 12253
4367 4777 12253
4369 4777 4367
5604 4778 5702
5604 5702 4370
5962 5604 4370
5964 5604 5962
6328 5964 5962
6328 6330 5964
4776 6330 6778
6330 6680 6778
6330 6328 6680
13506 13640 13072
13072 13640 13240
13922 4779 14054
14054 4779 4373
14478 4781 4375
4781 14054 4375
14054 13918 4375
4783 14340 14478
2356 4784 4376
2356 4376 2354
2810 2356 2354
2810 2812 2356
2810 4374 2812
2812 4374 4782
4377 14480 4375
4375 14480 14478
4783 14478 14480
4783 14480 4785
1914 4786 4378
14340 4781 14478
6996 7066 6778
13918 14054 4373
4902 5348 5006
4779 13640 4373
13640 13506 4373
4781 13922 14054
3232 4782 4374
3232 4374 3230
3650 3232 3230
3650 3652 3232
4088 3652 3650
4088 4090 3652
4514 4090 4088
4514 4516 4090
4780 4516 5006
4516 4902 5006
4516 4514 4902
5252 5348 4902
4372 5348 5252
7066 6682 6778
7066 4774 6682
6682 4776 6778
4351 11204 10905
11204 10782 10905
11204 11206 10782
4761 11206 11204
4761 11204 4353
4352 7297 7270
4762 4352 7270
4354 4352 4762
7297 4760 7270
4353 11632 4761
4761 11632 11634
12062 12223 4763
11634 12062 4763
11632 12062 11634
4355 12223 12062
10905 10782 4759
6998 4764 4356
4350 4758 4760
7268 4350 7297
10471 4757 10356
4757 4347 10356
4757 4755 4347
4349 10471 10356
7291 7267 4348
7291 4756 7267
4756 4350 7267
4756 4758 4350
10471 10358 4757
10905 4759 10780
10780 4759 4349
4759 10358 4349
10358 10471 4349
4351 10905 10780
7268 7297 4352
4350 4760 7297
1914 4378 1912
6998 4356 6994
6998 4354 4762
4361 4363 4769
4362 4772 4364
4770 4772 4362
12249 4773 12245
12245 4773 4771
12245 4363 4365
12245 4365 12249
7000 4774 7066
7066 4366 7000
4366 4772 7000
4366 4364 4772
12253 4775 12249
12249 4775 4773
12249 4365 4367
12249 4367 12253
4769 4363 12065
6994 4354 6998
4363 12245 12065
6995 4770 4362
12223 12064 4763
4765 12064 12223
4355 4765 12223
4357 4765 4355
4356 4766 4358
4764 4766 4356
4767 4357 4359
4767 4765 4357
4358 4768 4360
4766 4768 4358
4769 4359 4361
4769 4767 4359
6995 4360 4768
6995 4768 6999
6999 4770 6995
4771 12065 12245
1912 4376 1914
1914 4376 4784
14064 13919 4379
17532 4810 4402
17532 4402 17530
17530 4400 17532
17532 4400 4808
4403 14516 4401
4401 14516 14512
4809 14512 14516
4809 14516 4811
17066 4812 17272
17272 4404 17066
4404 4810 17066
4404 4402 4810
4405 14520 4403
4403 14520 14516
14962 14782 4811
4809 14342 14512
14516 14962 4811
14090 13920 4401
14512 4807 4401
13924 4805 14090
14090 4805 4399
4805 13678 4399
13678 13508 4399
4807 13924 14090
18018 4808 4400
18018 4400 18016
18488 18018 18016
18488 18490 18018
18954 18490 18488
18954 18956 18490
18954 4398 18956
18956 4398 4806
13920 14090 4399
14342 4807 14512
4807 14090 4401
13508 13678 4397
14520 14962 14516
4406 17064 17272
15242 15434 4407
15694 15894 15242
15242 15894 15434
16146 16348 15694
15694 16348 15894
16598 16808 16146
16146 16808 16348
4408 16808 16598
5009 18385 18561
18561 18385 19021
19021 18385 18847
18847 5010 19021
5011 14235 4647
4647 14235 14233
14235 14671 14233
4408 4406 4814
4813 14782 14962
4408 4814 16600
16148 16808 16600
4812 4406 17272
4814 4406 4812
4404 17272 17064
14338 14520 4405
14780 14962 14338
14338 14962 14520
15244 4813 15434
15434 4813 4407
4813 14962 4407
14962 14780 4407
15244 15434 15894
15244 15894 15696
15696 15894 16348
15696 16348 16148
16148 16348 16808
16808 4408 16600
11311 11753 11755
126 4396 4804
126 4398 124
4793 13077 4385
4385 13077 13073
13511 13658 4383
13073 13511 4383
13077 13511 13073
4791 13658 13511
4384 4794 4386
4792 4794 4384
12806 12569 4387
4385 12569 12806
4795 4385 12806
4793 4385 4795
1470 4796 1652
1652 4388 1470
4388 4794 1470
4790 4792 4382
4388 4386 4794
4382 4792 4384
4791 4381 13658
14341 14480 4377
14341 4377 13919
4787 14341 13919
14064 4787 13919
4785 14480 14341
4378 4788 4380
4786 4788 4378
14064 4379 13923
4379 4789 13923
4379 4381 4789
4787 14064 13923
4380 4790 4382
4788 4790 4380
13658 13507 4383
4381 13507 13658
4789 4381 4791
124 4396 126
12806 4387 12573
4387 4389 4797
12570 12816 4393
4801 12816 12570
4395 4801 12570
4803 4801 4395
580 4804 4396
580 4396 578
578 4394 580
580 4394 4802
4395 13074 4803
4803 13074 13078
13074 4397 13678
13512 13074 13678
13078 13074 13512
4805 13512 13678
126 4806 4398
4800 4802 4392
4387 4797 12573
4392 4802 4394
4799 4391 4393
4795 12806 12573
1018 4798 1222
1652 4796 1018
1652 1018 1222
1468 1652 1222
4390 1468 1222
4388 1652 1468
4799 4389 4391
4799 4797 4389
4392 1016 1222
4798 4392 1222
4800 4392 4798
4390 1222 1016
12574 4799 12816
4799 4393 12816
4801 12574 12816
11753 12199 11755
11753 12197 12199
12717 12405 4693
4765 12229 12064
4764 5130 4766
5128 5130 4764
12235 5131 12229
12229 5131 5129
12229 4765 4767
11636 11779 4763
12229 4767 12235
5130 5132 4766
12241 5133 12235
12235 5133 5131
12235 4767 4769
12235 4769 12241
5134 7058 6999
4766 5132 4768
5129 11636 4763
12064 5129 4763
12229 5129 12064
10481 10360 5125
10360 10481 10784
10784 10481 10909
10784 10909 11208
11208 10909 11335
11779 5127 11634
11634 5127 4761
5127 11208 4761
11208 11335 4761
4763 11779 11634
7002 5128 4764
7002 4764 6998
6998 4762 7002
7002 4762 5126
11779 11636 5127
4768 5134 6999
5132 5134 4768
7058 4770 6999
12065 4771 12241
6776 6332 6438
6682 6776 6438
4776 6682 6438
4774 6776 6682
4775 12066 5139
5139 12066 12068
5141 12068 12066
5141 12066 4777
5256 5142 5344
5256 5344 4778
5604 5256 4778
5606 5256 5604
5964 5606 5604
5964 5966 5606
5140 5966 6438
6776 5138 6332
7272 4760 5124
6332 5140 6438
5139 4773 4775
4771 5133 12241
4771 5135 5133
12241 4769 12065
5136 7062 7058
5136 7058 5134
4770 7058 4772
4772 7058 7062
5137 4771 4773
5137 5135 4771
6684 5138 6776
7062 5136 6684
7062 6684 6776
7000 7062 6776
4774 7000 6776
4772 7062 7000
5139 5137 4773
7270 4760 7272
7272 4762 7270
7272 5126 4762
4747 9644 9640
5111 9640 9644
5111 9644 5113
5112 6683 6707
4750 5112 6707
4748 5112 4750
6683 5114 6707
9582 9644 4749
5113 9644 9582
4751 5113 9582
5115 5113 4751
6707 6681 4750
6681 6707 5114
7001 6681 5114
6997 6681 7001
4749 9644 4747
7001 5116 6997
5110 5112 4748
6365 5110 6329
9636 9638 10026
5107 10026 9965
5649 5603 4744
5997 5963 5603
5997 5603 5649
5108 6331 6365
5108 6365 4746
5997 5108 4746
5963 5997 4746
6331 5110 6365
4747 9640 4745
4745 9640 9638
5109 9638 9640
5109 9640 5111
6365 6329 4746
5110 4748 6329
5966 6330 6438
6997 5116 4752
5117 5115 4751
10477 5123 10358
10358 5123 4757
5123 9968 4757
9968 10053 4757
4759 10477 10358
4758 5124 4760
5122 5124 4758
10481 5125 10477
10477 5125 5123
10477 4759 10782
10909 10477 10782
10481 10477 10909
11206 11335 10909
11206 10909 10782
4761 11335 11206
10053 9968 5121
5117 4751 4753
5120 5122 4756
4755 4757 5119
5116 7271 7287
4754 5116 7287
4752 5116 4754
7271 5118 7287
4753 9964 5117
5117 9964 9966
5119 9966 9964
5119 9964 4755
7287 7269 4754
7287 5118 7269
5118 4756 7269
5118 5120 4756
5121 9967 10053
4757 10053 9967
5119 4757 9967
4756 5122 4758
5966 5964 6330
4776 6438 6330
4777 12572 5141
2073 4788 4786
2073 4786 2069
2069 5150 2073
2073 5150 5152
14066 13923 4789
14345 14482 4787
14345 4787 13923
5153 14345 13923
14066 5153 13923
14482 14345 14785
14482 14785 14936
14936 14785 15247
14936 15247 15406
15406 15247 15699
15406 15699 15862
5149 16774 5151
15862 15699 16151
5149 16772 16774
16774 16314 16316
2358 5150 1914
5150 2069 1914
2358 2511 2814
2814 2511 2967
2967 5148 2814
14482 14341 4787
14341 14482 4785
14482 14934 4785
14482 14936 14934
15406 14934 14936
15404 14934 15406
15862 15404 15406
15860 15404 15862
16316 15860 15862
16314 15860 16316
16772 16314 16774
4784 2358 1914
15862 16151 16316
16316 16603 16774
13515 13927 13511
5155 14068 13927
1472 5158 1646
1646 4794 1472
4794 5156 1472
4794 4792 5156
13258 4793 13081
4793 5159 13081
4793 4795 5159
5157 13258 13081
1020 5160 1220
1646 5158 1020
1646 1020 1220
1470 1646 1220
4796 1470 1220
13511 13927 4791
16316 16151 16603
13927 14068 4791
13515 13077 13258
5151 16774 16603
2077 4790 4788
2077 4788 2073
2073 5152 2077
2077 5152 5154
4791 14068 4789
4789 14068 14066
5153 14066 14068
5153 14068 5155
4790 2077 1916
5156 4790 1916
4792 4790 5156
2077 5154 1916
13258 13077 4793
5157 13515 13258
13515 13511 13077
10026 9638 9965
2511 2358 4784
5147 16772 5149
14050 13922 4781
14344 14474 14928
14344 14928 14784
14784 14928 15400
14784 15400 15246
15246 15400 15856
15246 15856 15698
15698 15856 16310
15698 16310 16150
5145 16150 16310
3232 3373 4782
3654 5146 3373
3232 3654 3373
3652 3654 3232
4090 3654 3652
5143 14050 4781
4090 4092 3654
14474 5143 4781
13922 14050 4779
5141 12572 12576
13076 12576 12572
13076 13080 12576
13510 13080 13076
13510 13514 13080
13510 4779 14050
13926 13510 14050
13514 13510 13926
5143 13926 14050
4906 5144 4780
4906 4780 4904
5142 4906 5344
4906 5254 5344
4906 4904 5254
4778 5344 5254
14344 5143 14474
1914 2069 4786
4516 4092 4090
4516 4780 4518
4782 3234 2812
3234 5148 2812
5148 2967 2812
3373 5146 3234
4785 14934 4783
4783 14934 14932
15404 14932 14934
15402 14932 15404
15860 15402 15404
15858 15402 15860
16314 15858 15860
16312 15858 16314
16772 16312 16314
16770 16312 16772
5147 16770 16772
3373 3234 4782
4516 4518 4092
2812 2511 2356
2356 2511 4784
4518 4780 5144
14340 14474 4781
4783 14932 14340
14932 14474 14340
14932 14928 14474
15402 14928 14932
15400 14928 15402
15858 15400 15402
15856 15400 15858
16312 15856 15858
16310 15856 16312
16770 16602 5145
16310 16770 5145
16312 16770 16310
5147 16602 16770
2812 2967 2511
12808 12573 4797
9638 5109 9965
4745 9638 4743
18846 5075 4705
5075 18386 4705
18386 18623 4705
4707 19087 18846
2696 5076 4708
2696 4708 2694
19087 5075 18846
3321 3126 4706
3126 2696 2694
3321 5074 3126
19089 5077 19087
19087 5077 5075
19087 4707 4709
19087 4709 19089
3126 2694 4706
18623 18386 5073
13609 5072 13400
13400 13199 13609
14017 5068 13816
18623 5073 18384
5073 4703 18384
5073 5069 4703
4705 18623 18384
3124 3321 4706
3737 3544 4704
4704 3544 3124
3544 5074 3124
5074 3321 3124
3737 5070 3544
12725 12408 5071
12408 12725 12944
12944 12725 13199
12944 13199 13400
2230 5078 4710
2230 4710 2228
2228 4708 2230
2230 4708 5076
17650 17531 17172
17172 17531 17065
18122 18017 17650
17650 18017 17531
18122 4714 18017
5079 12067 4715
4715 12067 12063
12067 12571 12063
12575 12571 12067
12575 13075 12571
13079 13075 12575
13580 13509 5080
13509 13079 5080
13509 13075 13079
13580 4716 13509
17172 17065 4713
5072 13609 13398
4712 1174 910
1800 4710 5078
19089 18848 5077
4709 10 19089
10 18848 19089
10 12 18848
472 12 10
472 474 12
472 4711 1174
912 472 1174
474 472 912
912 1174 4712
1364 912 4712
1366 912 1364
1798 1366 1364
1798 1800 1366
1798 4710 1800
910 1174 4711
13816 5072 13398
4702 13816 13398
14017 13816 4702
10883 10660 5059
10660 10883 11080
11080 10883 11313
11080 11313 5063
11313 11757 5063
11313 11755 11757
11755 12201 11757
11755 12199 12201
12199 4693 4697
12199 4697 12201
14015 4698 4694
14015 4694 14013
14013 14433 14015
14013 14431 14433
14431 5060 14433
3733 5058 5062
14433 5060 5064
3731 5058 3733
3733 4696 4692
12199 12717 4693
12197 12717 12199
13191 12941 12405
13191 12405 12717
13601 13397 12941
13601 12941 13191
14013 4694 13397
13601 14013 13397
14011 14013 13601
14237 14431 5056
14431 14011 5056
14431 14013 14011
14237 5060 14431
5061 4691 4695
5061 5057 4691
3733 4692 3731
16704 16599 4717
4695 17912 5061
5065 17914 17912
5069 4699 4703
5069 5065 4699
3540 3737 4704
3540 4700 3737
4700 5070 3737
4700 5066 5070
12203 11926 5067
11926 12203 5071
12203 12725 5071
12203 12723 12725
12723 4701 12942
13199 12723 12942
12725 12723 13199
13398 13609 13199
13398 13199 12942
14433 5064 14238
5061 17912 17914
14017 14015 14433
5068 14017 14238
5065 17912 4699
3733 3539 4696
3733 5062 3539
5062 4700 3539
5062 5066 4700
11757 11506 5063
11506 11757 5067
11757 12203 5067
11757 12201 12203
12201 4697 12406
12723 12201 12406
12203 12201 12723
4701 12723 12406
14017 4702 4698
14017 4698 14015
14017 14433 14238
17067 17172 4713
17067 4713 16599
5081 17067 16599
5099 5097 4733
2439 2355 4734
2439 5098 2355
5098 4736 2355
5098 5100 4736
5101 4735 4737
5101 5099 4735
5102 2906 2811
4736 5102 2811
5100 5102 4736
2906 4738 2811
5103 10359 10433
4739 10433 10359
5101 4739 10359
4737 4739 5101
5099 4733 4735
2813 2906 5102
2357 5098 2439
1993 5096 4734
1019 5094 1017
1017 5094 4730
5095 4729 4731
5095 5093 4729
1469 4730 5094
1469 5094 1471
4732 1469 1993
1469 1915 1993
1469 1471 1915
1915 5096 1993
5097 4731 4733
5097 5095 4731
1993 1913 4732
5096 2357 2439
5096 2439 4734
1913 1993 4734
1017 5092 1019
5104 3310 3231
2813 5104 4738
10026 9963 9636
9636 9963 9581
4741 9963 10026
5107 4741 10026
5105 4741 5107
4903 4742 5106
4903 5106 4905
4905 5253 4903
5255 5253 4905
4744 5253 5649
5253 5605 5649
5253 5255 5605
5649 5605 5997
5997 5605 5965
5965 5108 5997
9636 9581 4743
5104 3231 4738
4515 5106 4742
4517 4515 4091
2906 2813 4738
3726 3651 3310
3310 3651 3231
3726 4740 3651
10357 4741 10433
4741 5103 10433
4741 5105 5103
10433 4739 10357
3233 3310 5104
3310 3233 3653
3310 3653 3726
4089 4740 3726
3653 4089 3726
4091 4089 3653
4091 4515 4089
4517 5106 4515
4743 9638 9636
1017 4728 5092
4727 4729 5093
4717 16706 16704
5081 16704 16706
5081 16706 5085
18491 18592 5082
18955 4718 18592
18491 18955 18592
18957 18955 18491
228 125 5086
125 18957 5086
125 18955 18957
228 4722 125
5087 11207 4723
4723 11207 11205
4719 11205 11207
4719 11207 5083
4721 16706 4717
13921 4720 5084
5084 4720 4716
13513 5084 13580
16704 5081 16599
17172 17067 17533
17172 17533 17650
17650 17533 18019
17650 18019 18122
5082 18592 18489
5082 18489 4714
18019 5082 4714
18122 18019 4714
18592 4718 18489
5083 11635 4719
4719 11635 11633
4715 11633 11635
4715 11635 5079
13513 13580 5080
5084 4716 13580
5091 10842 10783
13921 5084 13925
14339 13925 5088
14783 14781 14343
14783 15243 14781
15245 15243 14783
15245 15695 15243
15697 15695 15245
16149 16248 4725
15695 16149 4725
15697 16149 15695
5089 16248 16149
579 4726 5090
579 5090 581
581 5092 579
579 5092 4728
10842 4727 10783
4727 5093 10783
14343 14781 14410
14410 14339 5088
14781 4724 14410
5087 4723 5091
14339 13921 13925
14410 4724 14339
16248 16147 4725
16601 16706 4721
16601 4721 16147
5089 16601 16147
16248 5089 16147
5085 16706 16601
127 228 5086
127 5090 228
5090 4722 228
5090 4726 4722
10842 10781 4727
4723 10781 10842
5091 4723 10842
14343 14410 5088
3838 1587 1358
1792 3838 1358
3410 1792 1358
11354 1751 11185
1749 11798 11617
1896 2051 1318
2487 2340 1316
1316 2340 1896
2340 1752 1896
1751 11617 11185
1752 2051 1896
2798 2487 2949
2949 1750 2798
11354 1317 11189
1317 1753 11189
1317 1319 1753
1751 11354 11189
2340 2487 2798
11617 1315 11185
11617 11798 1315
11354 11185 1317
3638 3775 4076
4076 3775 4223
4076 4223 4502
4502 4223 4629
4502 4629 4890
4890 4629 4993
4890 4993 5240
5240 4993 5335
5240 5335 5590
5590 5335 5693
5590 5693 5950
5950 5693 6063
5950 6063 6312
6312 6063 6431
6431 1748 6312
2055 1320 1318
2055 1318 2051
2051 1752 2055
2055 1752 1754
1759 11190 11370
1324 1760 1326
1758 1760 1324
11186 11370 1325
11370 11186 1759
11186 11618 1759
11186 11614 11618
1761 11618 11614
1761 11614 1327
1760 2341 2523
1328 1760 2523
1326 1760 1328
2341 1762 2523
12277 1763 12032
1763 1327 12032
1757 1323 1325
3638 3353 3775
1757 1325 11370
1756 1758 1324
10940 10763 1321
1319 10763 10940
1755 1319 10940
1753 1319 1755
2059 1322 1320
2059 1320 2055
2055 1754 2059
2059 1754 1756
10764 10940 1321
1755 10940 10764
1323 1755 10764
1757 1755 1323
2059 1897 1322
2059 1756 1897
1756 1324 1897
11190 1757 11370
3218 3353 3638
1750 2949 2796
3218 1750 2796
1309 13226 1307
1307 13226 13220
1741 13220 13226
1741 13226 1743
6765 1310 1308
6765 1308 6761
6761 1742 6765
6765 1742 1744
13226 1309 13047
1309 1745 13047
1309 1311 1745
1743 13226 13047
6769 1312 1310
6769 1310 6765
6765 1744 6769
6761 1740 1742
6769 1744 1746
6753 1740 6761
6761 1308 1306
1737 12532 12740
1302 1738 1304
1736 1738 1302
12526 12740 1303
1737 12740 12526
1305 1737 12526
1739 1737 1305
6662 6753 1306
6662 1304 6753
1304 1740 6753
1304 1738 1740
13046 1739 13220
1739 1307 13220
1739 1305 1307
1741 13046 13220
6761 1306 6753
1763 1761 1327
1747 12533 1313
1311 12527 12533
1312 6664 6310
6664 1748 6310
1748 6431 6310
6769 1746 6664
11798 11613 1315
1749 12037 11798
12037 11613 11798
12037 12031 11613
1313 12031 12037
1313 12037 1747
2338 2487 1316
2796 2949 2487
2796 2487 2338
3353 3218 1314
1314 3218 2796
6769 6664 1312
1313 12533 12527
6310 6063 5948
5948 5693 5588
1311 12533 1745
3216 3353 1314
3636 3775 3353
3636 3353 3216
4074 4223 3775
4074 3775 3636
4500 4629 4223
4500 4223 4074
4888 4993 4629
4888 4629 4500
5238 5335 4993
5238 4993 4888
5588 5693 5335
5588 5335 5238
5948 6063 5693
6310 6431 6063
12218 12030 1303
1329 12277 12032
1764 1328 2342
1238 1234 778
1350 1234 1352
1352 1234 1238
1787 1351 1353
1787 1785 1351
18476 1788 18698
778 1234 566
18476 18698 19160
18942 19160 330
18942 330 112
778 1786 112
778 112 330
564 778 330
1354 564 330
18476 19160 18942
1234 1784 566
566 1786 778
1785 1783 1349
14320 13902 14085
14320 14322 13902
1781 14322 14320
1781 14320 1347
1782 1232 1230
1782 1230 1780
1346 1230 1348
1348 1230 1232
1783 1347 1349
1783 1781 1347
1784 1234 1232
1784 1232 1782
1348 1232 1350
1350 1232 1234
1785 1349 1351
1002 1238 564
564 1238 778
1352 1238 1002
1353 14762 1787
1355 15222 1789
1789 15222 15224
15678 15224 15222
15678 15680 15224
16132 15680 15678
16132 16134 15680
1790 16134 16806
16134 16584 16806
16134 16132 16584
17050 17278 16584
16584 17278 16806
17516 17770 17050
17050 17770 17278
1356 17770 17516
2103 13049 1671
1354 330 110
1345 14320 14085
18940 330 19160
18474 19160 18698
1787 14762 14764
1789 14764 14762
1789 14762 1355
16586 1790 16806
16586 16806 17278
16586 17278 17052
17052 17278 17770
17052 17770 17518
17518 17770 1356
18002 17518 1356
18004 17518 18002
1788 18004 18698
18004 18474 18698
18004 18002 18474
18940 19160 18474
110 330 18940
14085 13902 1779
1346 1228 1230
1344 1228 1346
1769 12040 12285
1333 1769 12285
1335 1769 1333
1336 1452 1644
1768 1336 1644
1770 1336 1768
1334 1644 1452
12807 1771 12528
1771 1335 12528
1771 1769 1335
1337 12807 12528
1336 1772 1338
1770 1772 1336
12809 1773 12807
12807 1773 1771
12285 12040 1767
12807 1337 1339
1900 1332 1766
1900 1456 1898
1330 1328 1764
2523 1762 2342
12277 12038 1763
1765 12038 12277
1329 1765 12277
1331 1765 1329
1330 1766 1332
1764 1766 1330
1767 12039 12285
1333 12285 12039
1765 1333 12039
1331 1333 1765
1456 1768 1644
1456 1644 1334
1898 1456 1334
1898 1332 1900
1328 2523 2342
12807 1339 12809
1224 1658 1453
1343 13267 13044
1778 1228 1226
1778 1226 1776
1342 1226 1344
1344 1226 1228
13267 13048 1777
1343 13490 13267
13490 13048 13267
13490 13492 13048
13900 14085 1779
13492 13900 1779
13490 13900 13492
1345 14085 13900
1780 1230 1228
1780 1228 1778
12534 12813 1341
1004 1774 1224
1777 12534 1341
13267 1777 13044
1772 1224 1453
1338 1772 1453
1004 1224 1772
1658 1340 1453
12813 1775 12809
12809 1775 1773
12809 1339 1341
12809 1341 12813
1776 1226 1224
1776 1224 1774
1454 1658 1342
1658 1226 1342
1658 1224 1226
1340 1658 1454
12813 12534 1775
13044 1777 1341
1735 12218 1303
12740 1735 1303
12532 1735 12740
1695 1693 1261
669 563 1262
669 1694 563
1694 1264 563
1694 1696 1264
1697 1263 1265
1695 1261 1263
1697 1695 1263
1266 1696 1123
1264 1696 1266
1003 1698 1123
1699 12531 1267
1267 12531 12525
1265 12525 12531
1696 1003 1123
565 1694 669
1260 1692 1262
1262 1692 669
1691 1257 1259
1691 1689 1257
18001 1258 1690
18001 1690 18003
18003 18473 18001
18475 18473 18003
18475 18939 18473
18941 18939 18475
18941 109 18939
111 109 18941
111 1692 109
109 1692 1260
1693 1259 1261
1693 1691 1259
1692 565 669
1265 12531 1697
1123 1001 1266
1123 1698 1001
1698 1268 1001
11298 11183 1275
1273 11183 11298
1707 1273 11298
1705 1273 1707
1706 1455 1575
1276 1706 1575
1274 1706 1276
1575 1455 2001
2001 1455 1899
1899 1708 2001
1277 11302 1275
1275 11302 11298
1707 11298 11302
1707 11302 1709
1575 1451 1276
1704 1706 1272
17515 1690 1258
1272 1706 1274
1273 1705 1703
1698 1700 1268
1701 12035 1269
1269 12035 12029
1267 12029 12035
1267 12035 1699
1268 1702 1270
1700 1702 1268
1703 11615 11739
1271 11739 11615
1701 1271 11615
1269 1271 1701
1270 1704 1272
1702 1704 1270
11611 1273 11739
1273 1703 11739
11739 1271 11611
17517 1690 17515
17517 17515 17051
17051 17515 17168
15221 1674 15223
15223 1676 15221
15221 1676 1244
12113 1677 12109
12109 1677 1675
12109 1243 1245
12109 1245 12113
15677 1244 1676
15677 1676 15679
15679 1678 15677
15677 1678 1246
12113 12034 1677
1679 12034 12113
1245 1679 12113
1247 1679 1245
15221 1242 1674
16131 1246 1678
1241 1243 1673
1243 12109 12033
1240 14319 14833
14319 14763 14833
14319 14321 14763
14763 1672 14833
1673 12529 1241
1241 12529 12523
12529 1671 13117
13043 12529 13117
12523 12529 13043
13117 1239 13043
14833 14761 1240
14833 1672 14761
1672 1242 14761
1672 1674 1242
1675 12033 12109
1673 1243 12033
2001 1895 1451
16131 1678 16133
16131 1680 1248
1686 1254 1252
1255 12654 1253
1253 12654 12648
1685 12648 12654
1685 12654 1687
1688 17168 17049
1254 1688 17049
1686 1688 1254
17168 1256 17049
12524 12654 1255
1687 12654 12524
1257 1687 12524
1689 1687 1257
17051 17168 1688
17515 1256 17168
1686 1252 16690
16133 1680 16131
16585 1686 16690
1685 12530 12648
1681 1247 1249
1681 1679 1247
1682 16682 16583
1248 1682 16583
1680 1682 1248
16682 1250 16583
1683 1249 1251
1683 1681 1249
1684 16690 16682
1684 16682 1682
1250 16682 1252
1252 16682 16690
12530 1683 12648
1683 1253 12648
1683 1251 1253
16585 16690 1684
2001 1451 1575
1895 2001 1708
2339 1895 1708
6663 6712 1724
1726 7026 6987
1726 6987 1292
6663 1726 1292
6712 6663 1292
7026 1294 6987
1727 1293 1295
1727 1725 1293
1728 7030 7026
1728 7026 1726
1294 7026 1296
1296 7026 7030
1729 1295 1297
1729 1727 1295
1730 7034 7030
1725 1723 1291
1730 7030 1728
1725 1291 1293
6374 6311 1290
1722 6014 5947
1722 5947 1288
5589 1722 1288
5656 5589 1288
6374 6309 6014
6014 6309 5947
6374 1290 6309
1723 1289 1291
1723 1721 1289
5949 6014 1722
6014 5949 6311
6014 6311 6374
1724 6712 6661
1724 6661 1290
6311 1724 1290
6712 1292 6661
5589 5656 1720
1296 7030 1298
1297 9198 1729
1736 1302 1732
1300 7038 6988
1301 9948 1733
1733 9948 9950
10340 9950 9948
10340 10342 9950
10762 10342 10340
10762 10766 10342
1734 10766 11334
10766 11184 11334
10766 10762 11184
11612 11774 11184
11184 11774 11334
12030 12218 11612
11612 12218 11774
1732 1302 7038
1298 7030 7034
1302 6988 7038
11616 12218 12036
1729 9198 9200
1731 9200 9198
1731 9198 1299
1732 7038 7034
1732 7034 1730
1298 7034 1300
1300 7034 7038
1299 9566 1731
1731 9566 9568
1733 9568 9566
1733 9566 1301
11188 1734 11334
11188 11334 11774
11188 11774 11616
11616 11774 12218
1735 12036 12218
1671 13049 13045
1721 1719 1287
5656 1288 5587
4578 4499 1712
4499 4075 1712
4499 4073 4075
4950 4887 4578
4578 4887 4499
4950 1280 4887
10020 9947 1281
10438 10339 10020
10020 10339 9947
10339 10438 1279
10438 10874 1279
10438 10878 10874
10878 1713 11187
11306 10878 11187
10874 10878 11306
4075 4073 3637
1711 11306 11187
3637 4073 3635
3637 3215 1710
2337 1895 2339
2339 2795 2337
2797 2795 2339
1278 2795 3305
2795 3217 3305
2795 2797 3217
3217 1710 3305
10874 10761 1279
10761 10874 1277
10874 11302 1277
10874 11306 11302
1709 11302 11306
1709 11306 1711
3305 3215 1278
3215 3305 1710
3635 3215 3637
1721 1287 1289
4501 4578 1712
4578 4889 4950
1716 1282 5294
1716 1284 1282
1285 9254 1283
1283 9254 9250
1715 9250 9254
1715 9254 1717
1284 1718 1286
1716 1718 1284
9254 1285 9199
1285 1719 9199
1285 1287 1719
1717 9254 9199
1720 5656 5587
1286 1720 5587
1718 1720 1286
5239 1716 5294
4578 4501 4889
5239 5294 1714
10438 10765 10878
1714 5294 5237
1714 5237 1280
4889 1714 1280
4950 4889 1280
5294 1282 5237
9250 9197 1283
1715 9567 9250
9567 9197 9250
9567 9565 9197
9949 10020 1281
9565 9949 1281
9567 9949 9565
10020 9949 10341
10020 10341 10438
10438 10341 10765
1713 10878 10765
13049 13491 13045
13493 13491 13049
13493 13901 13491
11802 11358 11621
11356 11358 11802
2187 11802 11621
2503 1756 1754
2503 1754 2495
2190 2503 2800
11358 2189 11621
2503 2957 2800
2800 2957 3220
3220 2957 3367
3367 2188 3220
1757 11362 1755
1755 11362 11358
2189 11358 11362
2503 2495 2957
1753 11358 11356
1755 11358 1753
3367 2186 2188
4078 3779 4227
4227 2184 4078
11356 11189 1753
11189 11356 1751
11356 11800 1751
11356 11802 11800
2185 11800 11802
2185 11802 2187
2495 1754 1752
2495 1752 2491
2491 2957 2495
2491 2953 2957
2953 3367 2957
2953 3361 3367
3361 2186 3367
2189 11362 2191
2509 1758 1756
2509 1756 2503
2503 2190 2509
2524 1762 2341
2194 2344 2517
12044 2195 12278
2195 1763 12278
2195 1761 1763
2197 12044 12278
1764 2342 2524
2196 1764 2524
2198 1764 2196
1762 2524 2342
12278 1763 12038
2199 12045 12281
1765 12281 12045
2197 1765 12045
1765 12278 12038
1760 2196 2524
3640 3779 4078
1760 2524 2341
1760 2517 2344
2509 2190 2192
11190 11362 1757
11622 2191 11808
11808 2191 1759
2191 11362 1759
11362 11190 1759
2193 11622 11808
2517 1760 1758
2517 1758 2509
2509 2192 2517
2517 2192 2194
11618 11808 1759
2193 11808 11618
1761 2193 11618
2195 2193 1761
2196 1760 2344
3361 3357 3779
3361 3779 3640
2186 3361 3640
2176 2178 1742
2179 13051 1745
1745 13051 13047
1743 13047 13051
1743 13051 2177
1744 2180 1746
2178 2180 1744
12764 12533 1747
1745 12533 12764
2181 1745 12764
2179 1745 2181
6666 2182 1748
6666 1748 6664
6664 1746 6666
6666 1746 2180
1742 2178 1744
12252 12037 1749
2177 2175 1741
2174 2176 1740
1736 6740 1738
1738 6740 6746
1739 13216 1737
1737 13216 13212
2171 13212 13216
2171 13216 2173
6665 6746 2172
6665 2174 6746
2174 1738 6746
2174 1740 1738
13046 13216 1739
2173 13216 13046
1741 2173 13046
2175 2173 1741
1740 2176 1742
2177 1741 1743
1765 2197 12278
12539 12764 1747
2183 12539 12037
6312 6314 5952
6312 1748 6314
6314 1748 2182
11800 11617 1751
12043 12252 1749
12043 1749 11617
2185 12043 11617
11800 2185 11617
2183 12252 12043
2340 2491 1752
2798 2953 2491
2798 2491 2340
2953 2798 1750
3357 2953 1750
3361 2953 3357
6312 5952 5950
12539 1747 12037
5950 5952 5592
5590 5592 5242
12252 2183 12037
2181 12764 12539
3218 3357 1750
3638 3779 3357
3638 3357 3218
4076 4227 3779
4076 3779 3638
4504 2184 4227
4076 4504 4227
4502 4504 4076
4890 4504 4502
4890 4892 4504
5240 4892 4890
5240 5242 4892
5590 5242 5240
5950 5592 5590
1902 2200 2080
2080 1766 1902
1766 2198 1902
18696 18006 18240
18476 18696 18240
1788 18476 18240
18942 19158 18476
18476 19158 18696
112 328 18942
18942 328 19158
1786 328 112
14965 2223 14764
2223 1787 14764
2223 2221 1787
1789 14965 14764
16136 2224 16346
16136 16346 1790
16586 16136 1790
18696 2220 18006
16588 16136 16586
18006 2222 18240
2221 1785 1787
774 324 776
1782 774 1784
1784 774 776
2219 1783 1785
2219 2217 1783
18478 2220 18696
19156 2218 18478
18696 19156 18478
19158 19156 18696
328 19156 19158
326 19156 328
566 776 1786
776 328 1786
776 326 328
1784 776 566
2221 2219 1785
776 324 326
17052 16588 16586
17518 17054 17052
15319 14659 15117
15117 2550 15319
14399 2551 14397
14397 2551 2549
14397 14853 14399
14397 14851 14853
14851 15321 14853
14851 15319 15321
15319 2550 15321
15321 2550 2552
14401 2553 14399
14399 2553 2551
14399 14855 14401
14399 14853 14855
2554 14855 15118
14851 14659 15319
17052 17054 16588
14851 14223 14659
2549 14223 14397
17518 17520 17054
2222 17520 18240
17520 18004 18240
17520 17518 18004
1788 18240 18004
14965 14766 2223
1789 15224 14965
15224 14766 14965
15224 15226 14766
15680 15226 15224
15680 15682 15226
2224 15682 16346
15682 16134 16346
15682 15680 16134
1790 16346 16134
14397 14223 14851
2172 6740 2170
326 324 19156
324 2216 18944
1769 2205 12287
1771 2205 1769
1770 2206 1772
2204 2206 1770
2207 1771 1773
2207 2205 1771
1006 2208 1774
1006 1774 1004
1004 1772 1006
1006 1772 2206
2209 1773 1775
2209 2207 1773
568 2210 766
766 1776 568
1776 2208 568
2205 12046 12287
1776 1774 2208
12287 12046 2203
1768 2204 1770
1766 1764 2198
12039 1767 12281
1767 2199 12281
1767 2201 2199
12281 1765 12039
1458 2202 1768
1458 1768 1456
2200 1458 2080
1458 1900 2080
1458 1456 1900
1766 2080 1900
12287 2203 12040
2203 1767 12040
2203 2201 1767
1769 12287 12040
2202 2204 1768
19156 324 18944
1775 12534 2209
2211 12540 12534
14322 14507 2215
13904 14322 2215
13902 14322 13904
1781 14507 14322
114 2216 324
772 2214 114
324 772 114
774 772 324
1780 772 1782
1782 772 774
14507 14324 2215
2217 14324 14507
1781 2217 14507
1783 2217 1781
18944 2218 19156
13902 13904 13494
2209 12534 12540
13902 13494 13675
13675 13494 2213
2211 12534 1777
2212 770 766
2212 766 2210
1776 766 1778
1778 766 770
1777 13048 2211
2211 13048 13052
13492 13675 2213
13052 13492 2213
13048 13492 13052
1779 13675 13492
2214 772 770
2214 770 2212
1778 770 1780
1780 770 772
1779 13902 13675
14321 14319 13901
2172 6746 6740
12736 12532 1737
665 565 1692
665 2126 565
2126 1694 565
2126 2128 1694
2129 1693 1695
2129 2127 1693
2127 2125 1691
2128 1005 1119
1694 2128 1696
1005 2130 1119
2131 1695 1697
2131 2129 1695
1119 1003 1696
2130 1457 1553
1696 2128 1119
2127 1691 1693
567 2126 665
111 113 567
2125 2121 1689
17519 17644 2122
18003 1690 17644
17519 18003 17644
18005 18003 17519
18005 2123 18585
18475 18005 18585
18003 18005 18475
19047 18941 18475
19047 18475 18585
18941 19047 2124
113 18941 2124
111 18941 113
1692 111 665
111 567 665
2130 1553 1698
1119 2130 1698
1003 1119 1698
1457 2132 1553
1703 2135 11733
1703 2137 2135
11733 1701 11615
1567 1704 1702
1567 1702 1561
1561 2136 1567
1567 2136 2138
2139 1703 1705
2139 2137 1703
1571 1706 1704
1571 1704 1567
1567 2138 1571
1571 2138 2140
2141 1705 1707
2141 2139 1705
11615 1703 11733
2125 1689 1691
1561 2134 2136
1561 1700 1557
2133 12537 1699
1699 12537 12531
1697 12531 12537
1697 12537 2131
1557 1700 1698
1557 1698 1553
1553 2132 1557
1557 2132 2134
2135 11619 11733
11733 11619 1701
11619 12035 1701
11619 12041 12035
1699 12035 12041
1699 12041 2133
1561 1702 1700
1557 2134 1561
18943 2124 19047
19047 18477 18943
18585 18477 19047
15301 15223 1674
15301 2106 15223
2106 1676 15223
2106 2108 1676
1677 12114 1675
1675 12114 12110
2107 12110 12114
2107 12114 2109
15679 1676 2108
15679 2108 15681
15681 2110 15679
15679 2110 1678
12034 12114 1677
2109 12114 12034
1679 2109 12034
2105 1673 2107
2111 2109 1679
2107 1673 12110
12110 12033 1675
13903 13901 13493
13903 14321 13901
14323 14321 13903
14323 14763 14321
14765 14763 14323
14765 2104 14763
14763 2104 1672
2105 12535 1673
1673 12535 12529
1671 12529 12535
1671 12535 2103
2104 15225 15301
1674 2104 15301
1672 2104 1674
15225 2106 15301
1673 12033 12110
1571 1455 1706
16133 1678 2110
16135 2112 16133
2116 1686 16585
2116 2118 1686
2119 1685 1687
2119 2117 1685
1686 2120 1688
2118 2120 1686
2121 1687 1689
2121 2119 1687
17051 1688 2120
17051 2120 17053
17644 17517 2122
17517 17053 2122
17517 17051 17053
17644 1690 17517
2123 18477 18585
16691 2116 16585
16133 2110 16135
16691 16585 1684
1685 2115 12530
16133 2112 1680
2113 1679 1681
2113 2111 1679
1680 2114 1682
2112 2114 1680
12536 2113 12640
2113 1683 12640
2113 1681 1683
2115 12536 12640
2114 16587 16691
1684 2114 16691
1682 2114 1684
16587 2116 16691
12530 12640 1683
2115 12640 12530
2117 2115 1685
1455 1571 2140
1901 1455 2140
1899 1455 1901
6716 6386 6722
1726 6716 1728
1728 6716 6722
9202 2161 9282
2161 1729 9282
2161 1727 1729
2163 9202 9282
2164 6728 6722
2164 6722 2162
1728 6722 1730
1730 6722 6728
9200 9282 1729
2163 9282 9200
1731 2163 9200
2165 2163 1731
6722 6386 2162
2166 6734 6728
6386 6313 2162
2161 2159 1725
6020 6311 5949
6380 1724 6311
9270 1723 9201
1723 2159 9201
1723 1725 2159
2157 9270 9201
5951 6020 2158
6020 5951 2160
6386 6020 2160
6380 6020 6386
1724 6380 6663
6380 6716 6663
6380 6386 6716
6716 1726 6663
2161 1725 1727
6313 6386 2160
6380 6311 6020
2166 6728 2164
1732 6728 6734
2170 6734 2166
1732 6734 1736
1736 6734 6740
9950 10062 1733
10062 9950 2167
9950 10344 2167
9950 10342 10344
2168 10344 10908
10344 10766 10908
10344 10342 10766
1734 10908 10766
12532 12736 1735
13050 2169 13212
13212 2169 1737
2169 12736 1737
2170 6740 6734
1730 6728 1732
2169 12538 12736
12538 12036 12736
1731 9568 2165
2165 9568 9570
9568 1733 10062
9952 9568 10062
9570 9568 9952
2167 9952 10062
10768 2168 10908
10768 10908 1734
11188 10768 1734
11192 10768 11188
11616 11192 11188
11616 11620 11192
12036 11620 11616
12036 12042 11620
12036 1735 12736
12042 12036 12538
2171 13050 13212
5660 5591 1722
2158 5949 1722
4172 1712 4075
2147 11191 1713
1713 11191 11187
1711 11187 11191
1711 11191 2145
4077 4172 2146
4501 1712 4172
4077 4501 4172
4503 4501 4077
4503 4889 4501
4891 4889 4503
4891 2148 4889
4889 2148 1714
9634 9567 1715
2149 9951 9634
4075 3637 3639
9951 9567 9634
4075 3639 2146
3637 2144 3639
1901 2142 1899
1899 2142 1708
2143 1707 1709
2143 2141 1707
2339 1708 2142
2339 2142 2343
2343 2797 2339
2799 2797 2343
2799 3217 2797
3219 3217 2799
3219 2144 3217
3217 2144 1710
2145 1709 1711
2145 2143 1709
3637 1710 2144
4172 4075 2146
5591 2158 1722
9951 9949 9567
10343 10341 9951
2152 2154 1718
1721 9266 1719
1719 9266 9260
2153 9260 9266
2153 9266 2155
2156 5660 5589
1720 2156 5589
2154 2156 1720
5660 1722 5589
1723 9270 1721
1721 9270 9266
2155 9266 9270
2155 9270 2157
5591 5660 2156
2158 6020 5949
1718 2154 1720
9951 10341 9949
2151 1717 2153
1717 9199 9260
10343 10765 10341
10767 10765 10343
1713 10765 10767
1713 10767 2147
5239 1714 2148
5239 2148 5241
5241 2150 5239
5239 2150 1716
9634 1715 9569
1715 2151 9569
1715 1717 2151
2149 9634 9569
1716 2152 1718
2150 2152 1716
9260 9199 1719
2153 1717 9260
14855 15321 15118
13901 14319 13899
13491 13899 13489
3632 3634 3214
4070 3634 3632
4070 4072 3634
4625 4498 412
4498 4070 412
4498 4072 4070
3632 3214 3212
4625 856 4498
11609 11796 413
11609 413 11177
859 11609 11177
11352 859 11177
857 11796 11609
2336 860 416
11352 11177 415
3214 414 3212
3214 858 414
411 12027 855
410 4886 4496
4886 856 4496
856 4625 4496
4886 4985 5236
5236 4985 5327
5236 5327 5586
5586 5327 5685
5586 5685 5946
5946 5685 6053
6053 854 5946
11796 11605 413
857 12027 11796
12027 11605 11796
12027 12023 11605
411 12023 12027
2336 416 2332
2792 2336 2332
2792 2794 2336
2792 414 2794
420 866 422
864 866 420
10939 10760 865
867 10760 10939
421 867 10939
423 867 421
422 868 424
866 868 422
11369 869 11178
869 423 11178
869 867 423
425 11369 11178
1887 424 868
1887 868 1891
1891 870 1887
10935 421 10939
4985 4886 410
10935 419 421
10939 865 10935
2794 414 858
11352 415 11181
415 861 11181
415 417 861
859 11352 11181
1890 862 418
1890 418 1886
1886 416 1890
1890 416 860
863 10759 10935
419 10935 10759
861 419 10759
417 419 861
418 864 420
862 864 418
10935 865 863
4496 4625 412
855 853 409
855 409 411
847 11778 401
11778 11604 401
849 12026 12228
6660 850 6752
6752 402 6660
402 848 6660
402 398 848
403 9300 399
399 9300 9296
9686 9296 9300
9682 9296 9686
10072 9682 9686
10070 9682 10072
10336 10488 404
10488 10072 404
12228 847 401
10488 10070 10072
12026 847 12228
11604 11778 11176
9296 9193 399
9193 9296 397
9296 9680 397
9296 9682 9680
10070 9946 845
9680 10070 845
9682 10070 9680
9946 10070 10488
9946 10488 10338
10912 846 10338
10912 10338 10488
10756 10912 10488
400 10756 10488
11176 11338 10756
10756 11338 10912
11176 11778 11338
1887 870 426
400 10488 10336
849 12228 12022
5584 5685 5327
5584 5327 5234
5944 6053 5685
5944 5685 5584
6308 854 6053
5944 6308 6053
6306 6308 5944
6306 406 6308
6308 406 852
9194 9304 407
9562 9690 9194
9194 9690 9304
9944 10076 9562
9562 10076 9690
408 10076 9944
5234 4985 4884
12022 12228 401
5234 5327 4985
853 851 405
405 849 12022
851 849 405
406 6658 6752
850 406 6752
852 406 850
402 6752 6658
407 9304 403
403 9304 9300
9690 9300 9304
9686 9300 9690
10076 9686 9690
10072 9686 10076
404 10072 408
408 10072 10076
853 405 409
4884 4985 410
396 7042 6984
11369 11182 869
11606 11182 11369
897 451 453
897 895 451
1000 898 454
1000 454 998
998 452 1000
1000 452 896
894 896 450
899 453 455
18938 900 456
18938 456 18936
106 18938 18936
106 108 18938
560 108 106
560 562 108
899 897 453
450 896 452
895 893 449
895 449 451
445 889 443
446 1888 2096
888 446 2096
890 446 888
444 2096 1888
891 445 447
891 889 445
446 892 448
890 892 446
893 447 449
893 891 447
1450 894 450
1450 450 1448
1448 448 1450
1450 448 892
560 454 562
562 454 898
455 14758 899
899 14758 14760
17514 17774 18246
17514 18246 18000
18702 902 18000
18702 18000 18246
18470 18702 18246
460 18470 18246
458 18702 18470
16580 16812 459
17046 17282 16580
16580 17282 16812
17512 17774 17046
17046 17774 17282
17998 18246 17512
17512 18246 17774
460 18246 17998
17048 17774 17514
443 889 14499
17048 17282 17774
16582 16812 17282
901 14760 14758
901 14758 457
18472 902 18702
18702 458 18472
458 900 18472
458 456 900
457 15218 901
901 15218 15220
15674 15220 15218
15674 15676 15220
16128 15676 15674
16128 16130 15676
16128 459 16812
16582 16128 16812
16130 16128 16582
16582 17282 17048
889 14318 14499
14499 14318 887
444 442 886
12791 12522 873
875 12522 12791
429 875 12791
431 875 429
876 2532 2528
876 2528 874
430 2528 432
432 2528 2532
877 431 433
877 875 431
1892 878 2084
2532 876 1892
2532 1892 2084
2334 2532 2084
434 2334 2084
430 2522 2528
432 2532 2334
428 2522 430
874 2528 2522
11606 11610 11182
12024 12273 871
11610 12024 871
11606 12024 11610
427 12273 12024
872 2522 2333
426 872 2333
870 872 426
2522 428 2333
12273 12028 871
12791 873 12518
12518 873 427
873 12028 427
12028 12273 427
429 12791 12518
874 2522 872
425 11606 11369
879 433 435
880 2088 2084
13040 13486 13042
441 13669 13486
440 886 442
884 886 440
13669 13488 885
441 13896 13669
13896 13488 13669
13896 13898 13488
14316 14499 887
13898 14316 887
13896 14316 13898
443 14499 14316
1894 888 2096
2096 444 1894
444 886 1894
13042 13486 885
879 877 433
13486 13669 885
439 13040 883
880 2084 878
434 2084 436
436 2084 2088
881 435 437
881 879 435
882 2090 2088
882 2088 880
436 2088 438
438 2088 2090
883 437 439
883 881 437
1893 2090 882
1893 884 2090
884 438 2090
884 440 438
883 13040 13042
848 398 844
844 398 7042
398 6984 7042
18937 19050 353
18469 18937 353
18471 18937 18469
105 354 19050
18937 105 19050
107 105 18937
18469 802 18471
107 804 105
12682 12517 357
355 12517 12682
805 355 12682
803 355 805
356 806 358
804 806 356
105 804 356
18469 352 802
803 801 351
803 351 355
797 12516 12520
799 12520 12516
799 12516 349
348 800 350
798 800 348
801 349 351
801 799 349
17511 350 800
17511 800 17513
17513 17997 17511
17999 17997 17513
17999 802 17997
17997 802 352
19050 18935 353
19050 354 18935
12166 12021 359
12521 12682 357
12521 357 12021
807 12521 12021
810 812 362
11732 363 11607
363 813 11607
363 365 813
811 11732 11607
364 814 366
812 814 364
11292 11175 367
365 11175 11292
815 365 11292
813 365 815
366 816 368
814 816 366
9234 9191 369
9620 9561 9234
362 812 364
347 12516 797
809 11732 811
361 11732 11726
12166 807 12021
805 12682 12521
559 358 806
559 806 561
561 808 559
559 808 360
11726 11603 361
12025 12166 359
12025 359 11603
809 12025 11603
11726 809 11603
807 12166 12025
360 810 362
808 810 360
363 11732 361
809 11726 11732
796 798 346
346 798 348
797 795 345
785 12519 12619
783 13121 12519
12519 13121 12619
13121 13039 12619
13039 335 12619
13121 333 13039
15219 15300 784
786 15764 15673
786 15673 334
15219 786 334
15300 15219 334
15764 336 15673
12623 787 12619
12619 787 785
12619 335 337
15300 334 15217
12619 337 12623
14832 14759 332
784 15217 332
331 13897 13895
13897 14315 13895
14317 14315 13897
14832 14757 782
14757 14317 782
14757 14315 14317
14832 332 14757
783 13041 13121
13121 13041 333
13041 13485 333
13041 13487 13485
331 13485 13487
331 13487 781
14759 14832 782
784 15300 15217
14759 784 332
9234 9561 9191
15675 15764 786
15675 16127 15764
790 792 340
17158 342 17045
793 341 343
793 791 341
794 17162 17158
794 17158 792
342 17158 344
344 17158 17162
795 343 345
795 793 343
17047 17162 794
17047 796 17162
796 344 17162
796 346 344
797 345 347
340 792 17045
16127 336 15764
792 17158 17045
341 791 789
16129 16127 15675
16676 16579 788
16579 16129 788
16579 16127 16129
16676 338 16579
12627 789 12623
12623 789 787
12623 337 339
12623 339 12627
16581 16676 788
16581 790 16676
790 338 16676
790 340 338
12515 341 12627
341 789 12627
12627 339 12515
10008 9943 9620
9620 9943 9561
10416 10335 10008
6659 6657 6307
6659 832 6657
6657 832 384
8899 8852 831
833 8852 8899
383 833 8899
385 833 383
6983 384 832
6983 832 6985
6985 834 6983
6983 834 386
9273 835 9192
835 385 9192
835 833 385
387 9273 9192
6307 6657 6305
386 836 388
6305 830 6307
383 8899 8850
5585 5648 826
5585 828 5648
828 378 5648
828 380 378
8892 379 8851
379 829 8851
379 381 829
827 8892 8851
5943 380 828
5943 828 5945
5945 830 5943
5943 830 382
8899 831 8850
831 381 8850
831 829 381
6305 382 830
825 8892 827
834 836 386
9273 837 835
843 841 393
6986 844 7042
7042 396 6986
396 842 6986
396 394 842
9564 843 9680
843 397 9680
843 395 397
845 9564 9680
10758 846 10912
10758 10912 11338
10758 11338 11180
11180 11338 11778
11180 11778 11608
847 11608 11778
843 393 395
9277 837 9273
7266 392 840
7266 394 7264
9273 387 389
9273 389 9277
7263 388 836
7263 836 7265
7265 838 7263
7263 838 390
9277 9196 837
839 9196 9277
389 839 9277
391 839 389
390 840 392
838 840 390
841 391 393
841 839 391
7266 842 394
7264 392 7266
1239 13489 13547
825 8888 8892
379 8892 377
9620 9563 9945
9620 9945 10008
10008 9945 10337
10008 10337 10416
10416 10337 10757
10416 10757 10864
817 10864 10757
1145 997 370
997 1145 818
1449 997 818
1447 997 1449
1449 820 1447
1447 820 372
373 8880 371
371 8880 8876
9234 9238 9620
8880 821 9195
9620 9238 9563
8876 9238 9234
10008 10335 9943
10864 10755 10416
10416 10755 10335
11179 11292 367
11179 367 10755
817 11179 10755
10864 817 10755
815 11292 11179
816 999 1145
370 816 1145
368 816 370
999 818 1145
8876 8849 371
8849 8876 369
8876 9234 369
9238 819 9563
377 8892 8888
9238 8880 9195
819 9238 9195
373 8884 8880
821 8880 8884
821 8884 823
5233 374 822
5233 822 5235
5235 824 5233
5233 824 376
377 8888 375
375 8888 8884
823 8884 8888
823 8888 825
826 5648 5583
376 826 5583
824 826 376
5648 378 5583
375 8884 373
8876 8880 9238
4883 822 374
4885 4883 4497
1885 372 820
1885 820 1889
1889 2331 1885
2335 2331 1889
2335 2791 2331
2793 2791 2335
2793 3211 2791
3213 3211 2793
3213 3631 3211
3633 3631 3213
3633 4069 3631
4071 4069 3633
4071 4495 4069
4497 4495 4071
4497 4883 4495
4885 822 4883
13547 13489 781
13489 13897 781
13489 13899 13897
1317 11185 861
861 11185 11181
859 11181 11185
859 11185 1315
1896 1318 862
1896 862 1890
2796 858 1314
1890 860 1896
10936 10759 863
861 10759 10936
1319 861 10936
1317 861 1319
862 1320 864
1318 1320 862
1896 860 1316
2794 858 2796
2794 2796 2338
2794 2338 2336
5238 5331 5588
5588 5331 5689
5588 5689 5948
5948 5689 6059
5948 6059 6310
6310 6059 6427
6427 1312 6310
1315 11613 859
859 11613 11609
12031 12248 857
11609 12031 857
11613 12031 11609
1313 12248 12031
2338 1316 860
2338 860 2336
10936 863 10763
863 1321 10763
863 865 1321
1319 10936 10763
11610 11614 11186
1327 11614 11610
1327 11610 871
870 1328 872
1326 1328 870
871 12028 1327
1327 12028 12032
1329 12032 12028
1329 12028 873
872 1330 874
1328 1330 872
12795 1331 12522
1331 873 12522
1331 1329 873
875 12795 12522
11610 11186 11182
5238 4989 5331
1325 11182 11186
1324 1326 870
864 1322 866
1320 1322 864
865 10760 1321
1321 10760 10764
1323 10764 10760
1323 10760 867
1322 1897 2065
868 1322 2065
866 1322 868
1897 1324 2065
1325 867 869
1325 1323 867
2065 1891 868
2065 1324 1891
1324 870 1891
869 11182 1325
4888 4989 5238
4888 4500 4498
4888 4498 856
12744 1303 849
1303 12222 849
12222 12026 849
1305 12526 12744
6662 1306 850
6662 850 6660
6660 848 6662
6662 848 1304
851 12750 849
849 12750 12744
1305 12744 12750
1305 12750 1307
850 1308 852
1306 1308 850
853 12756 851
12526 1303 12744
851 12756 12750
12026 12222 847
9946 10484 10066
10340 10484 846
10758 10340 846
10762 10340 10758
11180 10762 10758
11180 11184 10762
11608 11184 11180
11608 11612 11184
11608 847 12222
12030 11608 12222
11612 11608 12030
1303 12030 12222
844 1304 848
1302 1304 844
9946 10066 845
10338 10484 9946
846 10484 10338
874 1332 876
1307 12750 12756
6308 6423 854
12248 12027 857
12527 12760 855
12527 855 12027
1313 12527 12027
12248 1313 12027
1311 12760 12527
3216 1314 858
3216 858 3214
3634 3216 3214
3634 3636 3216
4072 3636 3634
4072 4074 3636
4498 4074 4072
4498 4500 4074
4989 4888 856
6427 1310 1312
1307 12756 1309
6423 1310 6427
6423 6059 854
6308 852 6423
852 1310 6423
852 1308 1310
855 12760 853
853 12760 12756
1309 12756 12760
1309 12760 1311
4886 4989 856
5236 5331 4989
5236 4989 4886
5586 5689 5331
5586 5331 5236
5946 6059 5689
5946 5689 5586
6059 5946 854
6427 6059 6423
1330 1332 874
12799 1333 12795
12795 1333 1331
1355 14762 14964
18002 1356 18242
18002 18242 18700
18002 18700 18474
18474 18700 900
18938 18474 900
18940 18474 18938
108 18940 18938
108 110 18940
1354 110 780
110 562 780
110 108 562
898 780 562
14760 14964 899
15222 1355 15438
1353 897 899
15438 1355 901
1353 899 14964
1002 896 1352
894 1450 1666
1348 894 1666
1350 894 1348
892 1666 1450
1351 893 895
1351 1349 893
894 1352 896
1350 1352 894
1353 895 897
1353 1351 895
564 1354 780
564 780 898
1000 564 898
1002 564 1000
1000 896 1002
14762 1353 14964
1349 1347 891
1355 14964 901
15222 15438 15896
16130 16350 15676
15676 16350 15896
16582 16810 16130
16130 16810 16350
17048 17280 16582
16582 17280 16810
17514 17772 17048
17048 17772 17280
18000 18244 17514
17514 18244 17772
902 18244 18000
1671 13045 13117
13117 13045 1239
13045 13489 1239
13045 13491 13489
15220 15896 15438
14964 14760 901
15676 15896 15220
900 18700 18472
15222 15896 15678
15678 15896 16350
15678 16350 16132
16132 16350 16810
16132 16810 16584
16584 16810 17280
16584 17280 17050
17050 17280 17772
17050 17772 17516
18242 1356 17516
17772 18242 17516
18244 18242 17772
18472 18700 902
18700 18244 902
18700 18242 18244
15220 15438 901
9948 10484 10340
1349 891 893
890 1664 892
1338 1650 1336
880 1650 882
882 1650 1654
1339 881 883
1339 1337 881
1453 1654 1338
1340 2092 1893
1340 1893 882
1453 1340 882
1654 1453 882
2092 884 1893
13265 1341 13042
1341 883 13042
1341 1339 883
885 13265 13042
1338 1654 1650
1454 1342 1660
881 1337 879
1337 12528 12803
12795 875 877
12795 877 12799
1898 1334 878
1898 878 1892
1892 876 1898
1898 876 1332
12803 1335 12799
12799 1335 1333
12799 877 879
12799 879 12803
1452 1336 1650
1650 880 1452
880 1334 1452
880 878 1334
12803 12528 1335
879 1337 12803
892 1664 1666
2092 1340 1454
2094 2092 1660
14503 1345 14318
14318 1345 887
1345 13900 887
13900 14081 887
889 14503 14318
1346 1664 1662
1346 1662 1344
888 1662 890
890 1662 1664
14503 14320 1345
1347 14320 14503
889 1347 14503
891 1347 889
1348 1666 1664
1348 1664 1346
13900 13671 14081
1660 2092 1454
13490 13671 13900
886 2094 1894
884 2092 886
886 2092 2094
13265 13044 1341
13671 1343 13488
13488 1343 885
1343 13044 885
13044 13265 885
13898 14081 13671
13898 13671 13488
887 14081 13898
1344 1662 1660
1344 1660 1342
1894 2094 888
2094 1662 888
2094 1660 1662
13671 13490 1343
13901 13899 13491
9948 10066 10484
1301 9676 845
1263 1261 803
1262 563 673
806 1262 673
804 1262 806
563 1264 673
12690 12521 807
1263 803 805
805 12521 12690
1263 805 1265
673 561 806
673 1264 561
1264 808 561
1264 1266 808
12174 12025 809
1265 805 12690
1260 1262 804
1260 804 107
221 1260 107
802 17999 18589
17999 18473 18589
17999 18001 18473
18589 18473 19051
19051 18473 18939
19051 18939 221
221 18939 109
109 1260 221
1261 801 803
1261 1259 801
18589 18471 802
19051 18937 18471
19051 18471 18589
221 107 18937
221 18937 19051
12525 12690 807
12525 807 12025
1267 12525 12025
12174 1267 12025
1131 1270 1135
1135 1270 1272
11738 813 11611
813 1273 11611
813 815 1273
1271 11738 11611
1139 816 814
1139 814 1135
1135 1272 1139
1139 1272 1274
1275 11183 817
817 11183 11179
815 11179 11183
815 11183 1273
1139 999 816
1135 812 1131
17999 17513 18001
1135 814 812
1271 811 11738
1265 12690 12525
1266 1001 1127
810 1266 1127
808 1266 810
1001 1268 1127
12174 809 12029
809 1269 12029
809 811 1269
1267 12174 12029
1131 812 810
1131 810 1127
1127 1268 1131
1131 1268 1270
11738 11607 813
811 11607 11738
1269 811 1271
18001 17513 1258
17513 17643 1258
17643 17513 800
12615 783 12519
15219 784 1242
15219 1242 15221
15221 1244 15219
15219 1244 786
1245 785 787
1245 1243 785
15675 786 1244
15675 1244 15677
16222 16129 1246
16129 15677 1246
16129 15675 15677
16222 788 16129
1247 787 789
1247 1245 787
785 1243 1241
16131 16222 1246
785 1241 12615
14759 1242 784
13899 14317 13897
14319 14317 13899
14319 1240 14317
14317 1240 782
1241 12523 12615
12615 12523 783
12523 13041 783
12523 13043 13041
13043 1239 13547
13487 13043 13547
13041 13043 13487
13547 781 13487
14759 782 1240
14759 1240 14761
14761 1242 14759
12519 785 12615
1139 1274 999
1248 16678 16581
16131 1248 788
1255 1253 795
17049 17166 1254
17049 1256 17166
1256 796 17166
1256 798 796
797 12520 1255
1255 12520 12524
1257 12524 12520
1257 12520 799
1256 17515 17643
800 1256 17643
798 1256 800
17515 1258 17643
1259 799 801
1259 1257 799
1255 795 797
1248 16581 788
17166 796 17047
794 1254 17047
16222 16131 788
16678 790 16581
1249 789 791
1249 1247 789
16583 16678 1248
16583 1250 16678
1250 790 16678
1250 792 790
1251 791 793
1251 1249 791
792 1252 794
1250 1252 792
1253 793 795
1253 1251 793
1254 17166 17047
1252 1254 794
1274 818 999
1274 1276 818
9624 9563 819
6706 6659 1290
6659 6309 1290
6659 6307 6309
6706 832 6659
8852 8900 831
1289 8900 8852
833 1289 8852
1291 1289 833
6661 6706 1290
1292 7022 6985
1292 6985 832
6661 1292 832
6706 6661 832
7022 834 6985
1293 833 835
6309 6307 5947
1293 1291 833
5947 6307 6010
5947 6010 1288
5652 828 5585
8896 8851 829
827 8851 8896
1287 827 8896
1285 827 1287
5587 5652 1286
1288 6010 5945
1288 5945 828
5587 1288 828
5652 5587 828
6010 830 5945
831 8900 829
829 8900 8896
1287 8896 8900
1287 8900 1289
6307 830 6010
1284 1286 826
6987 7022 1292
1294 834 7022
842 7266 7294
1298 842 7294
1300 842 1298
840 7294 7266
9566 1299 9676
1299 843 9676
1299 841 843
1301 9566 9676
6988 1302 844
6988 844 6986
6986 842 6988
6988 842 1300
9564 9676 843
9948 1301 10066
10066 1301 845
841 1299 839
6987 1294 7022
839 1299 9281
9281 9198 1297
1294 836 834
1295 835 837
1295 1293 835
1296 7290 7265
836 1296 7265
1294 1296 836
7290 838 7265
9281 1297 9196
1297 837 9196
1297 1295 837
839 9281 9196
1298 7294 7290
1298 7290 1296
838 7290 840
840 7290 7294
1299 9198 9281
9676 9564 845
826 1286 5585
1285 1283 825
9242 9195 821
9195 9242 819
9242 9624 819
9242 9628 9624
10016 9624 9628
10012 9624 10016
10430 10012 10016
10424 10012 10430
10430 1279 10761
10870 10430 10761
10424 10430 10870
1277 10870 10761
2007 1889 820
2447 2335 1889
2447 1889 2007
2795 1278 2905
2905 2793 2335
2905 2337 2795
2447 1895 2337
10012 9945 9624
9624 9945 9563
10424 10337 10012
10012 10337 9945
10870 10757 10424
10424 10757 10337
817 10757 10870
1277 817 10870
1275 817 1277
1449 818 1276
1449 1276 1451
820 1449 2007
1449 1895 2007
1449 1451 1895
2007 1895 2447
2447 2337 2905
1286 5652 5585
2905 2335 2447
3215 2793 1278
10016 10339 10430
1279 10430 10339
5235 822 1280
5235 1280 5237
5237 1282 5235
5235 1282 824
9246 823 9197
823 1283 9197
823 825 1283
9246 9197 9565
9246 9565 9632
1281 9632 9565
824 1284 826
1282 1284 824
1285 825 827
10016 9947 10339
2793 2905 1278
9628 9632 10016
9632 1281 9947
3213 2793 3215
3215 3633 3213
3635 3633 3215
3635 4071 3633
4073 4071 3635
4073 4497 4071
4499 4497 4073
4499 4885 4497
4887 4885 4499
4887 1280 4885
4885 1280 822
823 9246 821
821 9246 9242
9632 9242 9246
9628 9242 9632
10016 9632 9947
14855 14853 15321
15321 2552 15118
14403 2555 14401
3417 12624 3419
15231 15304 3418
15685 3006 15304
15231 15685 15304
15687 15685 15231
16224 16139 3420
3417 12620 12624
16139 15687 3420
16224 3008 16139
3009 12628 3007
3007 12628 12624
3419 12624 12628
3419 12628 3421
16141 16224 3420
16139 15685 15687
3005 12624 12620
3007 12624 3005
15304 3006 15229
3415 13063 3003
3003 13063 13059
3001 13059 13063
3001 13063 3413
14771 14834 3414
14771 3416 14834
3416 3002 14834
3416 3004 3002
12620 12547 3005
3003 12547 12620
3417 3003 12620
3415 3003 3417
3418 15304 15229
3004 3418 15229
3416 3418 3004
3422 16680 16591
3422 16591 3008
16141 3422 3008
16224 16141 3008
3015 13572 3013
3013 13572 13570
3425 13570 13572
3425 13572 3427
3014 3428 3016
3426 3428 3014
3017 13574 3015
3015 13574 13572
3427 13572 13574
3427 13574 3429
3016 3430 3018
3428 3430 3016
13574 3017 13501
3017 3431 13501
3017 3019 3431
3424 3426 3012
14834 3002 14769
3012 3426 3014
13140 13060 3013
16680 3010 16591
12548 12628 3009
13064 3421 13140
13140 3421 3011
3421 12628 3011
12628 12548 3011
3423 13064 13140
16593 16680 3422
16593 3424 16680
3424 3010 16680
3424 3012 3010
13060 13140 3011
13500 3423 13570
13570 3423 3013
3423 13140 3013
3425 13500 13570
14769 14327 14329
14769 14329 3414
14834 14769 3414
18376 18603 18838
18838 18603 19065
18838 19065 2
2 19065 237
237 3406 2
3407 463 697
697 463 1151
1151 463 903
1151 903 1583
1583 903 1357
1357 3408 1583
3409 18839 19075
19075 18839 247
247 18839 3
3407 697 3
18603 18376 3405
697 247 3
237 3404 3406
19063 235 237
16036 15797 16253
16036 16253 16490
16490 16253 16713
16490 16713 16952
16952 16713 17183
16952 17183 17416
17416 17183 17661
17416 17661 17904
17904 17661 18133
17904 18133 3405
18133 18603 3405
18133 18601 18603
18601 19065 18603
18601 19063 19065
19063 237 19065
235 3404 237
3429 13574 13501
697 699 247
697 1151 1153
4 251 464
464 251 701
464 701 904
904 701 1155
1155 3412 904
13960 13907 2999
13960 3000 13907
3413 13499 3001
3001 13499 13497
13911 13960 2999
13497 13911 2999
13499 13911 13497
14327 3000 13960
13911 14327 13960
14329 14327 13911
4 19079 251
697 1153 699
18840 19079 4
1585 3410 1358
1151 1585 1153
1151 1583 1585
1583 3408 1585
1585 3408 3410
19079 3411 19075
19075 3411 3409
19075 251 19079
19075 247 251
247 701 251
247 699 701
699 1155 701
699 1153 1155
3412 1155 1358
1155 1585 1358
1155 1153 1585
19079 18840 3411
15580 15797 16036
17057 3018 3430
17059 3432 17057
2347 2349 2805
2805 3450 2897
11299 3451 11196
3451 3035 11196
3451 3449 3035
3037 11299 11196
2347 2805 2897
2897 2803 3036
3225 2803 3450
3223 2803 3225
3225 3452 3223
3223 3452 3038
11303 3453 11299
11299 3453 3451
2803 2897 3450
3036 2347 2897
2347 3448 2349
2347 3034 3448
3444 3446 3030
3447 10773 10855
3445 11283 10773
10773 11283 10855
11283 11195 10855
11195 3033 10855
11283 3031 11195
1905 3032 3446
1905 3446 1907
1907 3448 1905
1905 3448 3034
10855 10774 3447
3449 10774 10855
3033 3449 10855
3035 3449 3033
11299 3037 3039
11299 3039 11303
3643 3038 3452
3643 3452 3645
10875 10771 10439
10771 3043 10439
10875 3041 10771
4509 4580 3456
4895 3042 4580
4509 4895 4580
4897 4895 4509
4897 3458 4895
4895 3458 3044
3459 9575 9635
3457 10021 9575
9575 10021 9635
10021 9955 9635
9955 3045 9635
10439 10347 9955
10349 10875 10439
3030 3446 3032
3455 10875 10349
10021 9957 10439
3645 3454 3643
3643 3454 3040
3455 10775 10875
3453 11303 10775
10775 11303 10875
11303 11197 10875
11197 3041 10875
11303 3039 11197
4081 3040 3454
4081 3454 4083
4580 4507 3456
4507 4083 3456
4507 4081 4083
4580 3042 4507
3457 9957 10021
10439 9957 10349
11727 3029 11625
11625 3031 11283
11727 11625 11283
19052 117 18947
222 3022 117
3437 12553 12675
3023 12675 12553
3433 3023 12553
3021 3023 3433
14773 14858 3434
14858 14773 15233
14858 15233 15326
3435 15326 15233
18949 19052 3436
19052 18949 3438
224 19052 3438
222 19052 224
3022 222 571
222 117 19052
222 670 571
18947 18481 18483
19052 18947 3436
17057 3432 3020
3433 13065 3021
3021 13065 13061
3019 13061 13065
3019 13065 3431
14772 3434 14858
14772 14858 15326
14772 15326 15232
3435 15232 15326
17523 3020 3432
17523 3432 17525
17525 18009 17523
18011 18009 17525
18011 18481 18009
18483 18481 18011
18947 18483 3436
17057 3430 17059
222 224 670
3439 12057 12159
1461 3026 3440
1461 3440 1463
1463 3442 1461
1461 3442 3028
3443 11627 11727
3441 12167 11627
11627 12167 11727
12167 12053 11727
12053 3029 11727
12167 3027 12053
3028 3444 3030
3442 3444 3028
3445 11199 11283
3443 11727 11199
11199 11727 11283
12683 3025 12549
670 3024 571
12159 12683 12167
12683 12549 3027
3437 12675 12057
12675 12159 12057
12675 12683 12159
12675 3023 3025
12675 3025 12683
119 224 3438
224 119 573
224 573 670
1009 3024 670
573 1009 670
1011 1009 573
1011 3440 1009
1009 3440 3026
12167 3441 12159
12159 3441 3439
12167 12683 3027
15580 15337 15797
15122 15337 15580
15122 14869 15337
3381 14227 14391
14391 14227 14845
14845 14227 14665
14845 14665 15311
15311 14665 15121
15121 3382 15311
15897 3120 15686
3383 13807 13977
13807 14391 13977
14391 14225 13977
14225 2977 13977
14845 14663 14225
14845 14225 14391
15311 15119 14663
3381 14391 13807
15686 15230 15228
15686 15228 2690
15897 15686 2690
3119 2687 14326
3119 3117 2687
2689 14527 14326
15684 15897 2690
16347 16140 2688
2688 16140 15684
16140 3120 15684
3120 15897 15684
16347 3118 16140
14527 14328 3119
2689 14768 14527
14768 14328 14527
14768 14770 14328
15228 14770 14768
15228 15230 14770
15311 14663 14845
3382 15579 15773
3382 15773 2978
15311 3382 2978
13571 13573 13151
13571 2979 2981
13571 2981 13573
16237 2982 2980
16237 2980 16233
16233 3386 16237
16237 3386 3388
12655 3389 12649
12649 3389 3387
12649 13155 12655
12649 13151 13155
13151 13575 13155
13151 13573 13575
13573 2981 2983
13573 2983 13575
13571 13151 12933
14527 3119 14326
3385 13571 12933
12649 12397 13151
15119 15311 2978
15579 3384 15773
3385 13389 13571
3383 13977 13389
13389 13977 13571
13977 13805 13571
13805 2979 13571
13977 2977 13805
15773 15575 2978
3384 16035 16233
3384 16233 2980
15773 3384 2980
15575 15773 2980
16035 3386 16233
3387 12397 12649
13151 12397 12933
2686 17274 17056
16592 16590 17056
16592 17056 17274
3107 13062 13058
3107 13058 2677
18948 3108 19150
19150 2678 18948
2678 3106 18948
2678 2676 3106
2677 13496 3107
3107 13496 13498
3109 13498 13496
3109 13496 2679
18482 3110 2680
18482 2680 18480
3108 18482 19150
18482 18946 19150
18482 18480 18946
3105 13058 13062
2678 19150 18946
2675 13058 3105
2674 3106 2676
1008 1010 572
1008 2670 1010
1010 2670 3100
12552 3101 12814
3101 2673 12814
3101 2671 2673
3103 12552 12814
118 3104 2674
118 2674 116
116 2672 118
118 2672 3102
12546 12814 2673
3103 12814 12546
2675 3103 12546
3105 3103 2675
3104 3106 2674
16239 2984 2982
14093 3111 13906
3111 3109 2679
17058 3116 17274
17766 3114 17058
17766 17058 17274
17522 17766 17274
2686 17522 17274
2684 17766 17522
14101 13910 3115
3117 13910 14101
2685 3117 14101
2687 3117 2685
16138 16347 2688
16592 3118 16347
16138 16592 16347
16590 16592 16138
3116 16592 17274
2683 2685 3113
3111 2679 13906
3113 2685 13909
3115 13909 14101
2681 14093 13906
18010 3112 18236
18236 2682 18010
2682 3110 18010
2682 2680 3110
14093 13908 3111
3113 13908 14093
2681 3113 14093
2683 3113 2681
17524 3114 17766
18236 3112 17524
18236 17524 17766
18008 18236 17766
2684 18008 17766
2682 18236 18008
2685 14101 13909
16239 2982 16237
16237 3388 16239
16239 3388 3390
19059 18835 18373
19059 18373 18597
233 2998 18835
19059 233 18835
231 233 19059
461 681 3400
681 231 3400
681 233 231
461 3402 681
13175 12934 3401
2995 13388 13175
13388 12934 13175
13388 13390 12934
13806 13999 3403
13390 13806 3403
18129 18597 18131
13388 13806 13390
18131 18597 2997
17657 18129 18131
229 3398 231
231 3398 3400
12169 11918 3399
11918 12169 12398
12398 12169 12693
13175 3401 12932
12932 3401 2993
3401 12398 2993
12398 12693 2993
2995 13175 12932
17181 2996 2994
17181 2994 17179
17179 17659 17181
17179 17657 17659
17657 18131 17659
18597 18373 2997
19057 229 231
14226 14417 13999
14664 14869 14417
18836 19063 18601
18836 18601 18374
19063 18836 2998
233 19063 2998
235 19063 233
3404 235 462
235 681 462
235 233 681
681 3402 462
13999 13808 3403
13808 13999 14228
14228 13999 14417
14228 14417 14666
14666 14417 14869
14666 14869 15122
18133 18131 18601
14226 13999 13806
18601 18131 18374
17659 18131 18133
14664 14417 14226
15120 15337 14869
15120 14869 14664
15578 15797 15337
15578 15337 15120
16034 16253 15797
16034 15797 15578
16488 16713 16253
16488 16253 16034
16713 16488 2996
17181 16713 2996
17183 16713 17181
17181 17661 17183
17181 17659 17661
17659 18133 17661
18131 2997 18374
10439 9955 10021
19057 231 19059
18595 19059 18597
13159 2985 12931
15785 15577 2986
16243 2988 15577
15785 16243 15577
16241 16243 15785
16241 3392 16243
16243 3392 3394
12677 3395 12667
12667 3395 3393
12667 2987 2989
12667 2989 12677
16243 16033 2988
3394 16489 16705
3394 16705 2990
16243 3394 2990
12661 13159 12667
16033 16243 2990
12667 13159 2987
12661 3393 3391
12661 3391 12655
12655 3391 3389
12655 13159 12661
12655 13155 13159
13575 13387 2985
13159 13575 2985
13155 13575 13159
13575 2983 13387
15576 15785 2986
15785 15576 2984
16239 15785 2984
16241 15785 16239
16239 3390 16241
16241 3390 3392
12667 3393 12661
13159 12931 2987
18595 19057 19059
16489 3396 16705
3395 12677 11917
1 3398 229
12169 3399 12161
12161 3399 3397
12161 12693 12169
12161 12685 12693
12685 2991 2993
12685 2993 12693
17179 2994 2992
17179 2992 17177
17177 17657 17179
17177 17655 17657
17655 18129 17657
17655 18127 18129
18127 18597 18129
18127 18595 18597
229 18837 1
3397 11917 12161
19057 18837 229
18595 18375 19057
12677 12161 11917
12677 12685 12161
12677 2989 2991
12677 2991 12685
16705 16487 2990
3396 16951 17177
3396 17177 2992
16705 3396 2992
16487 16705 2992
17177 16951 17655
17655 16951 17415
17655 17415 18127
18127 17415 17903
18127 17903 18595
18595 17903 18375
19057 18375 18837
10439 3043 10347
5245 3044 3458
5245 3458 5247
11493 12153 11713
12153 11917 11713
11917 3397 11713
12153 3395 11917
17175 16951 3396
16951 17175 3810
3809 12153 11493
17417 16951 3810
17417 17903 17415
17905 17903 17417
17905 3811 18593
18375 17905 18593
17903 17905 18375
19055 18837 18375
17415 16951 17417
3813 11493 11713
5 3812 225
225 18841 5
16491 3808 16703
12153 3809 12145
12145 3809 3807
12145 3393 3395
12145 3395 12153
16703 16489 3394
3808 16953 17175
3808 17175 3396
16703 3808 3396
16489 16703 3396
16953 3810 17175
3811 18377 18593
18593 18377 19055
19055 18377 18841
19055 18841 225
19055 18375 18593
225 1 18837
225 18837 19055
3812 465 675
677 3816 461
3816 3402 461
3816 3818 3402
12177 11920 3817
11920 12177 12400
12400 12177 12699
13179 3819 12934
12934 3819 3401
3819 12400 3401
12400 12699 3401
13390 13589 13179
13390 13179 12934
3403 13589 13390
462 685 3404
462 3402 685
677 461 3400
3392 3806 3394
3401 12699 12398
12398 12699 12177
3812 675 3398
225 3812 3398
1 225 3398
465 3814 675
11713 11494 3813
3815 11494 11713
3397 3815 11713
3399 3815 3397
677 3400 3398
677 3398 675
675 3814 677
677 3814 3816
12177 3817 11918
3817 3399 11918
3817 3815 3399
12398 12177 11918
3394 3806 16703
3806 16491 16703
12139 3393 12145
3797 12935 13141
13141 12935 13567
13567 12935 13391
3795 13973 13391
13391 13973 13567
13973 13807 13567
13807 3383 13567
13973 3381 13807
15769 15579 3382
3796 16037 16229
3796 16229 3384
15769 3796 3384
15579 15769 3384
16037 3798 16229
3799 11919 12121
15581 3796 15769
12121 11919 12641
15121 15123 15581
3382 15121 15769
15686 15688 15234
15686 3120 15688
15688 3120 3534
3793 14667 14841
14667 3794 14841
3795 13809 13973
13973 13809 3381
13809 14227 3381
13809 14229 14227
14229 3793 14841
14665 14229 14841
14227 14229 14665
14665 14841 3794
15123 14665 3794
15121 14665 15123
15121 15581 15769
3402 3820 685
12641 11919 12399
13141 12641 12399
12133 3803 12127
12127 3803 3801
12127 3387 3389
12127 3389 12133
3388 3804 3390
3802 3804 3388
12139 3805 12133
12133 3805 3803
12133 3389 3391
12133 3391 12139
3390 3806 3392
3804 3806 3390
12145 3807 12139
12139 3807 3805
12139 3391 3393
3800 3802 3386
3797 13141 12399
3386 3802 3388
13147 12397 12641
13141 13147 12641
13567 13389 3385
13147 13567 3385
13141 13567 13147
13567 3383 13389
16229 16035 3384
16229 3798 16035
3798 3386 16035
3798 3800 3386
12127 3801 12121
12121 3801 3799
12641 12397 3387
12127 12641 3387
12121 12641 12127
13147 12933 12397
13147 3385 12933
3402 3818 3820
13179 12936 3819
12936 13179 13392
16954 17189 17418
17418 17189 17667
17667 3828 17418
19071 3831 19069
19069 3831 3829
19069 243 19071
19069 241 243
241 695 243
241 693 695
905 1149 3830
1149 693 3830
1149 695 693
1149 905 1581
1581 905 1359
1581 1359 2009
16954 16719 17189
2009 1359 1791
16492 16719 16954
16038 16259 16492
3828 17667 17906
17667 18137 17906
17667 17665 18137
17906 18137 18378
18378 18137 18605
18378 18605 3829
18605 19069 3829
18605 19067 19069
19067 241 19069
19067 239 241
239 693 241
239 691 693
691 3826 693
693 3826 3830
16259 16038 3827
16492 16259 16719
17187 17665 17667
1791 3832 2009
3831 19071 18379
18613 19073 3409
18611 19073 18613
245 3 18839
245 18839 19073
245 3407 3
2013 3410 3408
2013 3408 2011
2011 3834 2013
2013 3834 3836
18617 3837 18613
18613 3837 3835
18613 3409 3411
18613 3411 18617
1358 1587 3412
2013 1792 3410
19073 18839 3409
3833 18379 18611
18611 3835 3833
2011 3832 3834
19071 18611 18379
19071 19073 18611
19071 245 19073
19071 243 245
695 463 3407
245 695 3407
243 695 245
1149 903 463
1149 463 695
1581 1357 903
1581 903 1149
2011 3408 1357
1581 2011 1357
2009 2011 1581
2009 3832 2011
18613 3835 18611
15686 15234 15230
17187 17667 17189
16717 17189 16719
17416 17663 17185
17416 17185 16952
17904 18135 17663
17904 17663 17416
3405 18135 17904
689 3406 3404
689 3404 685
685 3820 689
689 3820 3822
14003 3823 14001
14001 3823 3821
14001 14421 14003
14001 14419 14421
14419 14873 14421
14419 14871 14873
16952 16715 16490
3824 14873 15124
16952 17185 16715
16490 16715 16255
13392 13179 13589
14001 3821 13808
13808 3821 3403
3821 13392 3403
13392 13589 3403
14228 14419 14001
14228 14001 13808
14666 14871 14419
14666 14419 14228
15122 15341 14871
15122 14871 14666
15580 15799 15341
15580 15341 15122
16036 16255 15799
16036 15799 15580
16490 16255 16036
16717 17187 17189
14873 15341 15124
15124 15341 15582
239 2 3406
689 239 3406
691 239 689
689 3822 691
691 3822 3826
14003 13810 3823
13810 14003 14230
14230 14003 14421
14230 14421 14668
14668 14421 14873
14873 3824 14668
16259 3827 16257
16257 3827 3825
16257 16719 16259
16257 16717 16719
2 19067 18838
14873 14871 15341
2 239 19067
18838 19067 18605
15582 15341 15799
15582 15799 3825
15799 16257 3825
15799 16255 16257
16255 16717 16257
16255 16715 16717
16715 17187 16717
16715 17185 17187
17185 17665 17187
17185 17663 17665
17663 18137 17665
17663 18135 18137
18135 3405 18376
18605 18135 18376
18137 18135 18605
18838 18605 18376
1008 572 570
15230 15234 14774
14770 14774 14330
3484 3486 3070
12761 3487 12757
12757 3487 3485
12757 3071 3073
12757 3073 12761
3072 3488 3074
3070 3486 3072
3486 3488 3072
3489 12556 12761
3073 3489 12761
3075 3489 3073
6670 6775 3076
6670 3074 6775
3074 3490 6775
12761 12556 3487
3069 3071 3483
3483 3071 12555
3071 12757 12555
6407 6321 3064
6407 3478 6321
3478 3066 6321
3478 3480 3066
3481 3065 3067
3481 3479 3065
3066 3482 3068
3480 3482 3066
3483 3067 3069
3483 3481 3067
6669 3068 3482
6669 3482 6673
6673 3484 6669
6669 3484 3070
3485 12555 12757
3074 3488 3490
3491 3075 3077
3491 3489 3075
6324 3492 3078
3497 3081 3083
3497 3495 3081
3646 3498 3084
3646 3084 3644
4082 3646 3644
4082 4084 3646
4508 4084 4082
4508 4510 4084
4896 4510 4508
4896 4898 4510
5246 4898 4896
5246 5248 4898
5705 5598 3082
5598 5246 3082
5598 5248 5246
3080 3494 3496
3479 3477 3063
3080 3496 5705
5596 5705 3082
6324 3078 6322
6775 6674 3076
6674 6322 3076
6674 6324 6322
6775 3490 6674
3493 3077 3079
3493 3491 3077
5958 3494 3080
5958 3080 5956
5956 3078 5958
5958 3078 3492
3495 12557 3081
3081 12557 12551
3079 12551 12557
3079 12557 3493
5596 3080 5705
3479 3063 3065
3062 3476 3478
3062 3478 6407
3466 3468 3052
3053 9574 3467
3467 9574 9576
3469 9576 9574
3469 9574 3055
5595 3054 3468
5595 3468 5597
5597 3470 5595
5595 3470 3056
9958 3469 10046
3469 3057 10046
3469 3055 3057
3471 9958 10046
5955 3056 3470
5955 3470 5957
3052 3468 3054
5957 6319 5955
3467 3465 3051
3464 3466 3050
5247 3460 5245
5245 3460 3046
9573 3047 9635
3047 3459 9635
3047 3461 3459
9635 3045 9573
3046 3462 3048
3460 3462 3046
3463 3047 3049
3463 3461 3047
3048 3464 3050
3462 3464 3048
3465 3049 3051
3465 3463 3049
3050 3466 3052
3467 3051 3053
5705 3496 5598
6323 6319 5957
6319 3472 3058
11628 12054 3475
11626 12054 11628
3061 12215 12054
3060 6729 6672
3476 3060 6672
3062 3060 3476
6729 3474 6672
12215 12058 3475
3061 12550 12215
12550 12058 12215
12550 12554 12058
3477 12554 12550
3477 12550 3063
6320 6407 3064
6320 3062 6407
12054 12215 3475
6323 3472 6319
11626 11628 11200
11198 11200 10776
9956 10046 3057
10350 3471 10470
10470 3471 3059
3471 10046 3059
10046 9956 3059
3473 10350 10470
3472 6671 6729
3060 3472 6729
3058 3472 3060
6671 3474 6729
10348 10470 3059
10470 10348 3473
10348 10776 3473
10348 10772 10776
11198 10776 10772
11626 11200 11198
12266 12055 3085
3083 12055 12266
3499 3083 12266
18948 3106 18950
18950 3106 3520
13498 13676 3107
3521 13676 13498
3109 3521 13498
3523 3521 3109
18012 3524 18232
18012 18232 3110
18482 18012 3110
18484 18012 18482
18482 3108 18484
18484 3108 3522
3525 3109 3111
3525 3523 3109
17526 3526 17762
18950 3108 18948
18232 3524 17526
18950 3522 3108
13066 13062 13502
763 574 3102
3102 574 118
574 3518 118
3518 315 118
763 3516 574
3519 3103 3105
3519 3517 3103
3104 315 120
3520 3104 120
3106 3104 3520
315 3518 120
3105 13062 3519
3519 13062 13066
13062 3107 13676
13502 13062 13676
3521 13502 13676
118 315 3104
18232 17526 17762
3112 18010 17762
3531 13912 13910
3531 13910 3117
16594 3532 3118
16594 3118 16592
16592 3116 16594
16594 3116 3530
3533 3117 3119
3533 3531 3117
16142 3534 3120
16142 3120 16140
16140 3118 16142
16142 3118 3532
3119 14328 3533
3533 14328 14330
14770 14330 14328
3529 13910 13912
18010 18232 17762
3115 13910 3529
17058 3114 17060
3110 18232 18010
14097 3527 13908
3527 3111 13908
3527 3525 3111
3113 14097 13908
3114 17524 17762
3526 3114 17762
3528 3114 3526
3112 17762 17524
13909 3115 14097
3115 3527 14097
3115 3529 3527
14097 3113 13909
17060 3530 3116
17060 3116 17058
17060 3114 3528
15230 14774 14770
3517 3515 3103
3515 12810 12552
12056 12270 3087
12558 3501 12788
12788 3501 3089
3501 12270 3089
12270 12056 3089
3503 12558 12788
3090 1906 2068
3502 3090 2068
3504 3090 3502
3088 2068 1906
3091 12792 3089
3089 12792 12788
3503 12788 12792
3503 12792 3505
3090 3506 3092
3086 2510 2348
3504 3506 3090
3088 2348 2068
2510 1908 2068
3497 3083 3499
2350 3500 2510
2350 2510 3086
2804 2350 3086
2806 2350 2804
3224 2806 2804
3224 3226 2806
3224 3084 3226
3226 3084 3498
3087 12270 3085
3085 12270 12266
3499 12266 12270
3499 12270 3501
1908 3502 2068
2510 3500 1908
2348 2510 2068
3103 3515 12552
3093 12796 3091
3505 12792 12796
3098 3514 1655
3098 3512 3514
12560 3513 12810
3513 3101 12810
3513 3099 3101
3515 12560 12810
572 763 3102
1012 3516 763
572 1012 763
1010 1012 572
1655 1464 3100
1464 1010 3100
1464 1012 1010
1655 3514 1464
12552 12810 3101
1462 3098 1655
3091 12796 12792
1462 1655 3100
3513 3097 3099
3505 12796 3507
3092 3508 3094
3506 3508 3092
3095 12800 3093
3093 12800 12796
3507 12796 12800
3507 12800 3509
3094 3510 3096
3508 3510 3094
12800 3095 12559
3095 3511 12559
3095 3097 3511
3509 12800 12559
3096 3512 3098
3510 3512 3096
3513 3511 3097
572 2672 570
572 3102 2672
3101 3099 2669
2647 2183 2649
3640 3783 2186
4078 4231 3783
4078 3783 3640
4231 4078 2184
4633 4231 2184
2649 2183 12256
4637 4231 4633
4633 4997 5001
4997 5343 5001
4997 5339 5343
2650 5343 5594
5343 5697 5594
5343 5339 5697
4633 5001 4637
2183 12043 12256
12256 12043 2185
6318 2182 2646
2181 12539 12545
2181 12545 2645
4504 4633 2184
4892 4997 4633
4892 4633 4504
5242 5339 4997
5242 4997 4892
5592 5697 5339
5592 5339 5242
5954 2648 5697
5592 5954 5697
5952 5954 5592
6314 5954 5952
6314 6318 5954
6314 2182 6318
5697 2648 5594
2187 12260 2185
2185 12260 12256
2649 12256 12260
2800 2963 2190
3222 2654 2963
2800 3222 2963
3220 3222 2800
3787 3642 2188
3642 3220 2188
3642 3222 3220
3787 2652 3642
2191 11806 2189
2189 11806 11804
2653 11804 11806
2653 11806 2655
2190 2963 2802
2656 2190 2802
2192 2190 2656
2651 12260 12049
2183 12545 12539
11804 2653 11621
12049 2187 11621
2649 12260 2651
3787 2188 2186
3787 2186 3783
2652 3787 4080
3787 4231 4080
3787 3783 4231
4080 4231 4506
4506 4231 4637
4506 4637 4894
4894 4637 5001
4894 5001 5244
5244 5001 5343
5343 2650 5244
11804 11621 2189
12049 12260 2187
2653 12049 11621
2647 12545 2183
6668 2180 2644
6666 2180 6668
10770 10346 10768
2630 10770 11330
10770 11192 11330
10770 10768 11192
11620 11770 11192
11192 11770 11330
12042 12214 11620
11620 12214 11770
12214 12042 2631
12042 12544 2631
12042 12538 12544
2633 12544 12538
2633 12538 2169
2634 6406 6400
2634 6400 2632
10768 10346 2168
2166 6400 2170
10346 10480 2168
10346 9952 10480
11194 2630 11330
11194 11330 11770
11194 11770 11624
11624 11770 12214
11624 12214 12048
2631 12048 12214
6316 2632 6400
6400 2166 6316
2166 2628 6316
2166 2164 2628
9570 9670 2165
9670 9570 2629
9570 9954 2629
9570 9952 9954
9952 2167 10480
9954 9952 10346
2963 2654 2802
2170 6400 6406
2168 10480 10344
2177 13227 13057
2639 2177 13057
2175 2177 2639
2176 2642 2178
2640 2642 2176
13051 2179 13227
2179 2641 13227
2179 2643 2641
13227 2177 13051
2178 2644 2180
2642 2644 2178
2645 2179 2181
2645 2643 2179
6668 2646 2182
6668 2182 6666
2641 13057 13227
10344 10480 2167
2638 2640 2174
2639 2637 2173
2169 13050 2633
2633 13050 13056
2635 13056 13050
2635 13050 2171
6317 6406 2634
6317 2636 6406
2636 2170 6406
2636 2172 2170
2637 2171 2173
2637 2635 2171
6665 2172 2636
6665 2636 6667
6667 2638 6665
6665 2638 2174
2639 2173 2175
2174 2640 2176
11622 11806 2191
2655 11806 11622
2193 2655 11622
14089 13906 2679
14511 2681 14324
14324 2681 2215
2681 13906 2215
13906 14089 2215
2217 14511 14324
2682 18694 18692
2682 18692 2680
18944 19154 2218
19154 18694 2218
19154 18692 18694
2216 19154 18944
14515 2683 14511
14511 2683 2681
14511 2217 2219
2214 322 114
14511 2219 14515
2216 114 19154
322 18946 19154
2677 13052 2213
2678 322 318
2678 318 2676
2212 318 2214
2214 318 322
2213 13494 2677
2677 13494 13496
13904 14089 2679
13496 13904 2679
13494 13904 13496
2215 14089 13904
18480 2680 18692
18480 18692 19154
18480 19154 18946
322 2678 18946
114 322 19154
2677 13058 13052
18008 2684 18238
18694 18008 18238
16588 16138 16136
16588 16590 16138
17054 16590 16588
17054 17056 16590
2686 17056 17768
17056 17520 17768
17056 17054 17520
2222 17768 17520
14523 14326 2687
14969 2689 14766
14766 2689 2223
2689 14326 2223
14326 14523 2223
15226 15439 14969
15226 14969 14766
16138 2224 16136
18694 2682 18008
16138 2688 2224
14519 2221 2223
18478 18694 18238
2220 18478 18238
2218 18694 18478
14519 2685 14515
14515 2685 2683
14515 2219 2221
14515 2221 14519
17522 2686 17768
18238 2684 17522
18238 17522 17768
18006 18238 17768
2222 18006 17768
2220 18238 18006
14523 2687 14519
14519 2687 2685
14519 2223 14523
2629 9572 9670
2675 13052 13058
2212 314 318
12282 12045 2199
2197 12045 12282
2663 2197 12282
2661 2197 2663
1904 2664 2200
1904 2200 1902
1902 2198 1904
1904 2198 2662
12282 2199 12051
2199 2665 12051
2199 2201 2665
2663 12282 12051
1458 1645 2202
1458 2200 1645
2200 2666 1645
2660 2662 2196
2200 2664 2666
2196 2662 2198
2197 2659 12044
2657 2655 2193
2346 2658 2518
2518 2194 2346
2194 2656 2346
2194 2192 2656
12050 2657 12274
2657 2195 12274
2657 2193 2195
2659 12050 12274
2196 2344 2518
2658 2196 2518
2660 2196 2658
2194 2518 2344
12044 12274 2195
2659 12274 12044
2661 2659 2197
2211 13052 2675
12052 2665 12288
2665 2201 2203
2673 2207 2209
2673 2671 2207
116 2674 314
762 2672 116
762 116 314
568 762 314
2210 568 314
2208 762 568
2209 12540 2673
2673 12540 12546
2675 12546 12540
2675 12540 2211
2676 318 314
2676 314 2674
2210 314 2212
1008 2206 2670
2665 2203 12288
1006 2206 1008
1006 570 2208
2667 12052 12288
2202 1645 1460
2668 2202 1460
2204 2202 2668
1645 2666 1460
12046 12288 2203
2667 12288 12046
2205 2667 12046
2669 2667 2205
2204 2670 2206
2668 2670 2204
2671 2205 2207
2671 2669 2205
570 2672 762
570 762 2208
1008 570 1006
15684 2690 15439
2627 2163 2165
9572 2627 9670
12542 2575 12632
2575 2113 12632
2575 2111 2113
2577 12542 12632
2576 16589 16683
2114 2576 16683
2574 2576 2112
2112 2576 2114
12536 12632 2113
2577 12632 12536
2115 2577 12536
2579 2577 2115
16683 16587 2114
16683 2578 16587
16589 2578 16683
2574 2112 16135
16223 2574 16135
16223 16135 2110
15225 2570 2106
2571 2105 2107
2571 2569 2105
2106 2572 2108
2570 2572 2106
2573 2107 2109
2573 2571 2107
15681 2108 2572
15681 2572 15683
2110 15681 16223
15681 16137 16223
15681 15683 16137
16137 2574 16223
2575 2109 2111
2575 2573 2109
2578 2116 16587
2578 2580 2116
13054 2579 13150
2579 2117 13150
17521 2586 17645
18586 18477 2123
2587 18945 18586
18945 18477 18586
18945 18943 18477
18945 2588 18943
18943 2588 2124
13158 2121 13055
2121 2589 13055
2121 2125 2589
2585 13158 13055
17645 17519 2122
17519 17645 2586
18007 17519 2586
18005 17519 18007
17053 17055 17521
15227 2570 15225
17053 17521 17645
17053 2584 17055
2579 2115 2117
2581 13054 13150
2116 2582 2118
2580 2582 2116
2119 13154 2117
2117 13154 13150
2581 13150 13154
2581 13154 2583
2118 2584 2120
2582 2584 2118
2121 13158 2119
2119 13158 13154
2583 13154 13158
2583 13158 2585
17053 2120 2584
2122 17053 17645
15225 2568 15227
15225 2104 2568
2103 12541 2567
13987 14407 13989
13987 14405 14407
14405 2558 14407
14407 2558 2560
13167 2561 13163
13163 2561 2559
13163 13583 13167
13163 13581 13583
13581 13993 13583
13581 13989 13993
13989 14409 13993
13989 14407 14409
14661 14863 2560
14863 14407 2560
14863 14409 14407
13579 13987 13989
14661 2562 14863
13579 13989 13581
13579 13163 12929
14401 2555 2553
2556 14403 14660
14403 14855 14660
14403 14401 14855
14855 2554 14660
2557 13385 13579
13579 13385 13987
13987 13385 13803
2555 14403 13803
14403 13987 13803
14403 14405 13987
14403 2556 14405
14405 2556 2558
2559 12929 13163
2557 13579 12929
13579 13581 13163
18479 18586 2123
13167 12930 2561
13167 13585 2563
13053 13493 13049
13495 13493 13053
13495 2565 13959
13903 13495 13959
13493 13495 13903
13903 13959 2566
14325 13903 2566
14323 13903 14325
14325 14765 14323
14767 14765 14325
14767 2568 14765
14765 2568 2104
2569 12541 2105
2105 12541 12535
2103 12535 12541
2103 13053 13049
12930 13167 2563
2567 13053 2103
2565 13905 13959
13167 13583 13585
13583 13995 13585
13583 13993 13995
13993 14413 13995
13993 14409 14413
2564 14413 14662
14413 14863 14662
14413 14409 14863
14863 2562 14662
13585 13386 2563
13386 13585 13804
13804 13585 13995
13804 13995 14224
14224 13995 14413
14413 2564 14224
13905 2566 13959
18005 18479 2123
18007 18479 18005
2587 18586 18479
10769 10767 10345
2147 10767 10769
2147 10769 2611
5241 2148 2612
5241 2612 5243
5243 2614 5241
5241 2614 2150
2615 9571 2151
2151 9571 9569
2149 9569 9571
2149 9571 2613
2150 2616 2152
2614 2616 2150
2617 2151 2153
2617 2615 2151
10345 10767 10343
2152 2618 2154
10345 10343 9953
2149 9953 9951
4579 4079 4505
4505 2610 4579
2611 11193 2147
2147 11193 11191
2145 11191 11193
2145 11193 2609
4173 4077 2146
4579 4503 4077
4579 4077 4173
4503 4579 2610
4893 4503 2610
4891 4503 4893
4893 2612 4891
4891 2612 2148
2613 9953 2149
9953 10343 9951
4173 4079 4579
2616 2618 2152
2619 2617 2153
2159 9278 9274
2623 9274 9278
2623 9278 2625
5953 6028 2624
6313 2160 6028
5953 6313 6028
6315 6313 5953
6315 2626 6313
6313 2626 2162
9202 9278 2161
2625 9278 9202
2163 2625 9202
2627 2625 2163
2162 2628 2164
2626 2628 2162
2161 9278 2159
2619 2153 2155
6028 2160 5951
5593 2624 2158
2154 2620 2156
2618 2620 2154
2621 2155 2157
2621 2619 2155
2622 5664 5591
2156 2622 5591
2620 2622 2156
5664 2158 5591
9274 9201 2159
2157 9201 9274
2623 2157 9274
2621 2157 2623
5593 5664 2622
2624 6028 5951
2624 5951 2158
5664 5593 2158
2627 2165 9670
3639 3641 4079
2146 3639 4173
1457 2594 1459
1459 2596 1457
1457 2596 2132
2597 12047 12175
12175 12047 2133
12047 12537 2133
12047 12543 12537
2131 12537 12543
2131 12543 2595
2132 2598 2134
2596 2598 2132
2599 11623 2135
2135 11623 11619
11623 2597 12175
12041 11623 12175
1457 2130 2594
11619 11623 12041
2595 2593 2129
1005 2594 2130
113 2124 2588
113 2588 115
115 567 113
569 567 115
569 2590 567
567 2590 2126
2591 2125 2127
2591 2589 2125
2126 2592 2128
2590 2592 2126
2593 2127 2129
2593 2591 2127
1005 2128 2592
1005 2592 1007
1007 2594 1005
2595 2129 2131
3639 4079 4173
12175 2133 12041
2598 2600 2134
2801 2606 2901
2607 2141 2143
2607 2605 2141
2443 2343 2142
2901 2799 2343
2901 2343 2443
2799 2901 2606
3221 2799 2606
3219 2799 3221
3221 2608 3219
3219 2608 2144
2609 2143 2145
2609 2607 2143
3639 2144 2608
3639 2608 3641
2901 2345 2801
2134 2600 2136
2443 2345 2901
1997 2604 2142
2601 2135 2137
2601 2599 2135
2136 2602 2138
2600 2602 2136
2603 2137 2139
2603 2601 2137
2602 1903 1997
2140 2602 1997
2138 2602 2140
1903 2604 1997
2605 2139 2141
2605 2603 2139
1997 1901 2140
2604 2345 2443
2604 2443 2142
1901 1997 2142
2863 5364 5362
15226 15684 15439
15682 2224 15684
2623 9660 9654
3055 9654 9660
3055 9660 3057
5953 2624 3056
5953 3056 5955
5955 6315 5953
2625 9660 2623
6319 6315 5955
6315 3058 2626
2627 9664 2625
2625 9664 9660
10052 9956 3057
9660 10052 3057
9664 10052 9660
6319 3058 6315
5593 3056 2624
5595 3056 5593
5593 3054 5595
2616 3050 2618
3048 3050 2616
3051 2617 2619
3051 3049 2617
2618 3052 2620
3050 3052 2618
3053 2619 2621
3053 3051 2619
2620 3054 2622
3052 3054 2620
9574 3053 9654
3053 2623 9654
3053 2621 2623
3055 9574 9654
5593 2622 3054
3059 9956 10052
2626 3060 2628
3058 3060 2626
9572 9664 2627
2628 3062 6401
2628 3060 3062
9954 10058 2629
10346 10476 9954
9954 10476 10058
10770 10904 10346
10346 10904 10476
2630 10904 10770
2631 12544 3061
3061 12544 12550
3063 12550 12544
3063 12544 2633
2632 6401 6320
3064 2632 6320
2634 2632 3064
6316 2628 6401
3049 3047 2615
6316 6401 2632
3061 12054 12048
2629 10058 9572
10058 9664 9572
10058 10052 9664
10476 10348 3059
10052 10476 3059
10058 10476 10052
10348 10476 10904
10348 10904 10772
10772 10904 2630
11194 10772 2630
11198 10772 11194
11624 11198 11194
11624 11626 11198
12048 11626 11624
12048 12054 11626
3061 12048 2631
3049 2615 2617
3046 3048 2614
2614 3048 2616
2345 2437 3036
2803 2345 3036
2801 2345 2803
2606 2801 3301
2801 3223 3301
2801 2803 3223
3223 3038 3301
3039 2605 2607
3039 3037 2605
3301 3221 2606
3038 3643 3719
3038 3719 2608
3301 3038 2608
3221 3301 2608
3643 3040 3719
2437 2345 2604
3041 11197 11307
2605 3037 2603
3037 11196 11293
3032 1905 1991
2602 3032 1991
2600 3032 2602
1905 3034 1991
11293 3035 11289
11289 3035 3033
11289 2601 2603
11289 2603 11293
1991 1903 2602
3034 2347 2437
3034 2437 2604
1991 3034 2604
1903 1991 2604
2347 3036 2437
11293 11196 3035
2603 3037 11293
6401 3062 6320
2609 11307 11197
2607 2609 3039
2613 9955 9953
9955 10345 9953
10347 10345 9955
10347 3043 10879
10769 10347 10879
10345 10347 10769
10879 2611 10769
5243 2612 3044
5243 3044 5245
5245 3046 5243
5243 3046 2614
3047 9573 2615
2615 9573 9571
2613 9571 9573
2613 9573 3045
3045 9955 2613
3039 2609 11197
4893 3044 2612
4893 3042 4895
3719 3641 2608
3641 3719 3040
4081 3641 3040
4079 3641 4081
4081 4505 4079
4507 4505 4081
4507 3042 4505
4505 3042 2610
3043 10771 10879
3041 11307 10771
10771 11307 10879
11307 11193 10879
11193 2611 10879
11307 2609 11193
4893 2610 3042
4895 3044 4893
13213 3065 13056
3065 2633 13056
3065 3063 2633
2804 3086 2656
2804 2656 2802
3371 3224 2654
3224 2802 2654
3224 2804 2802
3371 3084 3224
3087 2655 2657
3087 3085 2655
2348 3088 2658
2348 2658 2346
2346 2656 2348
2348 2656 3086
2657 12050 3087
3087 12050 12056
3089 12056 12050
3083 12264 12055
3089 12050 2659
2653 2655 3085
12264 2653 12055
3081 2651 3083
3222 3371 2654
3644 3084 3371
3222 3644 3371
3642 3644 3222
4235 4082 2652
4082 3642 2652
4082 3644 3642
4082 4235 4508
4508 4235 4641
4508 4641 4896
4896 4641 5005
4896 5005 5246
5246 5005 5347
5347 3082 5246
2653 3085 12055
3083 2651 12264
1906 3090 2072
2660 3088 1906
12052 12286 2665
3095 12286 12052
2667 3095 12052
3097 3095 2667
1460 1651 2668
1460 2666 1651
2666 3098 1651
2666 3096 3098
3099 2667 2669
3099 3097 2667
2668 1651 1462
3100 2668 1462
2670 2668 3100
1651 3098 1462
3101 2669 2671
3094 3096 2664
2072 2660 1906
2664 3096 2666
3095 2663 12286
2660 2658 3088
3091 2659 2661
3091 3089 2659
3092 2076 2072
3092 2072 3090
2660 2072 2662
2662 2072 2076
3093 2661 2663
3093 3091 2661
2664 1904 2076
3092 2664 2076
3094 2664 3092
2662 2076 1904
12286 12051 2665
2663 12051 12286
3093 2663 3095
2599 2601 3031
2651 12049 12264
5701 3080 5596
3070 2638 6754
3070 2640 2638
13057 2641 13221
2641 3069 13221
2641 3071 3069
13221 2639 13057
2640 3072 2642
3070 3072 2640
3073 2641 2643
3073 3071 2641
2642 3074 2644
3072 3074 2642
3075 2643 2645
3075 3073 2643
6670 3076 2646
6669 3070 6754
6670 2646 6668
6669 6754 3068
13217 2637 2639
2635 13213 13056
6317 2634 3064
6317 3064 6321
6321 3066 6317
6317 3066 2636
13217 3067 13213
13213 3067 3065
13213 2635 2637
13213 2637 13217
3068 6754 6667
2636 3068 6667
3066 3068 2636
6754 2638 6667
13221 3069 13217
13217 3069 3067
13217 2639 13221
12264 12049 2653
6668 2644 6670
12768 12545 2647
12772 2649 12551
2649 3081 12551
2649 2651 3081
3079 12772 12551
4080 4235 2652
4506 4641 4235
4506 4235 4080
4894 5005 4641
4894 4641 4506
5244 5347 5005
5244 5005 4894
5701 5596 2650
2650 5596 5244
5596 3082 5244
3082 5347 5244
6067 3078 5956
6670 2644 3074
3080 5701 5594
2648 5956 5594
2645 12545 12768
3077 2645 12768
3075 2645 3077
5954 6067 2648
6322 3078 6067
5954 6322 6067
6318 6322 5954
6318 2646 6322
6322 2646 3076
2649 12772 2647
2647 12772 12768
3077 12768 12772
3077 12772 3079
5594 5701 2650
6067 5956 2648
5956 3080 5594
15682 15684 15226
3031 2601 11195
3033 11195 11289
15789 16247 15791
15789 16245 16247
16487 16707 2990
16707 16245 2990
16707 16247 16245
16487 2992 16707
15329 15789 15791
13171 2993 12930
2993 2991 2561
2563 13171 12930
14662 14865 2564
14865 14662 2562
15331 14865 2562
15333 14865 15331
2993 2561 12930
15329 15791 15331
15329 15331 14861
14861 15331 14661
13161 2557 12929
14861 2560 2558
14861 2558 14859
14859 15329 14861
14859 15327 15329
15327 15789 15329
15327 15787 15789
16033 16245 2988
16245 15787 2988
16245 15789 15787
16033 2990 16245
2991 2559 2561
2991 2989 2559
14861 14661 2560
15331 2562 14661
15331 15793 15333
15331 15791 15793
15791 16249 15793
15791 16247 16249
15333 15793 15795
15793 16251 15795
15793 16249 16251
16249 16711 16251
16249 16709 16711
16709 2994 16711
16711 2994 2996
2997 18373 18599
18599 18373 19061
19061 18373 18835
18835 2998 19061
13587 13388 2995
13388 13587 13806
13806 13587 13997
13806 13997 14226
15333 15795 15335
2559 2989 2987
14865 15333 15335
14867 14415 14865
16247 16709 16249
16247 16707 16709
16707 2992 16709
16709 2992 2994
13171 12932 2993
13587 2995 13386
13386 2995 2563
2995 12932 2563
12932 13171 2563
13804 13997 13587
13804 13587 13386
14224 14415 13997
14224 13997 13804
14415 14224 2564
14865 14415 2564
14865 15335 14867
2559 2987 13161
12929 2559 13161
15577 2988 15787
15315 14659 14849
2978 15575 15777
2978 15777 2550
15315 2978 2550
15117 15315 2550
15575 2980 15777
13981 2981 13979
13979 2981 2979
13979 2549 2551
13979 2551 13981
15781 2552 2550
15781 2550 15777
15777 2980 15781
15781 2980 2982
13983 2983 13981
15315 15117 14659
13981 2983 2981
14849 14223 14395
14223 2549 13979
15684 2224 2688
14969 14768 2689
14768 14969 15228
15228 14969 15439
15439 2690 15228
2977 14225 14395
14395 14225 14849
14849 14225 14663
14849 14663 15315
15315 14663 15119
15119 2978 15315
2979 13805 13979
2977 14395 13805
13805 14395 13979
14395 14223 13979
14849 14659 14223
14226 13997 14415
13981 2551 2553
15118 15323 2554
2987 12931 13161
2985 13577 12931
12931 13577 13161
13577 13385 13161
13385 2557 13161
13985 13803 13385
13985 13385 13577
13985 2555 13803
14859 2558 2556
14859 2556 14857
14857 15327 14859
14857 15325 15327
15577 15787 2986
15787 15325 2986
15787 15327 15325
15783 2984 15576
13981 2553 13983
15325 15323 15783
2986 15325 15576
15323 15118 2552
15781 15323 2552
15783 15323 15781
15781 2982 15783
15783 2982 2984
2985 13387 13577
2983 13983 13387
13983 13577 13387
13983 13985 13577
13983 2553 2555
13983 2555 13985
14660 14857 2556
14857 14660 2554
15323 14857 2554
15325 14857 15323
15325 15783 15576
14226 14415 14664
14664 14415 14867
14664 14867 15120
2589 13061 13055
2585 13055 13061
2585 13061 3019
17523 17646 3020
18007 2586 17646
17523 18007 17646
18009 18007 17523
18009 18479 18007
18481 18479 18009
18947 19048 2587
18479 18947 2587
18481 18947 18479
115 2588 19048
18947 115 19048
117 115 18947
3021 13061 2589
666 569 3022
19048 2588 18945
17646 2586 17521
2581 3013 13054
3015 3013 2581
2580 3016 2582
3014 3016 2580
3017 2581 2583
3017 3015 2581
2582 3018 2584
3016 3018 2582
3019 2583 2585
3019 3017 2583
17055 2584 3018
17055 3018 17057
17646 17521 3020
17521 17057 3020
17521 17055 17057
19048 18945 2587
3013 13146 13054
569 117 3022
666 2590 569
1459 3028 2596
3029 12053 2597
2597 12053 12047
12053 3027 12691
12543 12053 12691
12047 12053 12543
12691 2595 12543
2596 3030 2598
3028 3030 2596
3031 11625 2599
2599 11625 11623
2597 11623 11625
2597 11625 3029
2598 3032 2600
3030 3032 2598
1461 3028 1459
569 115 117
1459 3026 1461
2593 2595 3025
3023 2589 2591
3023 3021 2589
571 666 3022
571 3024 666
3024 2590 666
3024 2592 2590
3025 2591 2593
3025 3023 2591
1007 2592 3024
1007 3024 1009
1009 3026 1007
1007 3026 2594
3027 12549 12691
2595 12691 12549
3025 2595 12549
1459 2594 3026
2601 11289 11195
13054 13146 2579
2578 3014 2580
13497 13495 13053
2565 13495 13497
2565 13497 2999
14325 2566 3000
14325 3000 14327
14327 14767 14325
14769 14767 14327
14769 3002 14767
14767 3002 2568
12616 12541 2569
13059 13118 2567
13059 2567 12541
3003 13059 12541
12616 3003 12541
3001 13118 13059
13497 13053 13118
3004 15302 15227
3001 13497 13118
13905 3000 2566
15120 14867 15335
15120 15335 15578
15578 15335 15795
15578 15795 16034
16034 15795 16251
16034 16251 16488
16488 16251 16711
16711 2996 16488
18599 18374 2997
18374 18599 18836
18836 18599 19061
19061 2998 18836
2999 13907 2565
2565 13907 13905
13907 3000 13905
13118 13053 2567
3012 3014 2578
2568 3004 15227
15302 2570 15227
2576 3008 16679
2574 3008 2576
16591 3010 16679
2575 12542 3009
3009 12542 12548
3011 12548 12542
3011 12542 2577
16679 16589 2576
16679 3010 16589
3010 2578 16589
3010 3012 2578
13060 3011 13146
3011 2579 13146
3011 2577 2579
3013 13060 13146
3008 16591 16679
3002 3004 2568
3009 3007 2573
16137 3008 2574
12616 2569 12547
2569 3005 12547
2569 2571 3005
3003 12616 12547
15229 15302 3004
15229 3006 15302
3006 2570 15302
3006 2572 2570
3007 2571 2573
3007 3005 2571
15683 2572 3006
15683 3006 15685
15685 16137 15683
16139 16137 15685
16139 3008 16137
3009 2573 2575
2863 5362 2859
18851 18849 18389
2863 5718 5722
18862 19097 7380
269 28 7376
7376 28 18862
28 7620 18862
7620 19097 18862
28 269 490
490 269 719
490 719 928
928 719 1179
7377 1380 1179
1380 928 1179
1380 1382 928
7621 1382 1380
7621 1380 7381
4428 7622 7382
7619 7615 7375
4428 7382 4424
7619 7375 7379
8915 8911 9285
7375 7615 7373
26 269 7376
488 719 269
488 269 26
926 1179 719
926 719 488
7377 1179 926
7374 7616 7378
7612 7616 7374
8589 8470 7613
8470 8589 7617
8589 8915 7617
8589 8911 8915
7618 8915 9100
8915 9285 9100
9285 7614 9100
7373 7615 11769
4424 7378 4428
8915 8760 7617
19097 18864 7380
18864 18400 7380
18864 18402 18400
19097 7620 18864
2035 7625 1814
7625 7381 1814
7625 7621 7381
7385 2035 1814
7382 7626 7386
7622 7626 7382
11940 12226 7383
7623 12226 11940
7387 7623 11940
7627 7623 7387
14252 14453 7388
18400 18402 17932
4428 7378 7616
18400 17932 17930
17930 17446 17444
8915 7618 8760
11942 7619 12226
7619 7383 12226
7619 7379 7383
7623 11942 12226
15610 7624 7384
15610 7384 15608
16064 15610 15608
16064 16066 15610
16516 16066 16064
16516 16518 16066
16980 16518 16516
16980 16982 16518
17444 16982 16980
17444 17446 16982
17930 17932 17446
7615 11524 11769
11769 11524 7611
9285 7610 7614
8583 8905 8907
8905 9279 8907
8905 9275 9279
7606 9279 9468
9279 9657 9468
9279 9275 9657
9657 7602 9468
11325 11096 7603
7607 11096 11325
7369 7607 11325
7371 7607 7369
4601 4423 7370
4601 7604 4423
7604 7372 4423
7604 7608 7372
8583 8907 8585
7283 7238 7605
8299 8583 8585
8301 8037 8299
7600 4427 4601
7370 7600 4601
7366 7600 7370
4427 7604 4601
7283 7605 7281
7281 7605 7601
7281 7367 7492
7537 7281 7492
7283 7281 7537
7740 7785 7537
7740 7537 7492
7986 8037 7785
7986 7785 7740
8037 7986 7368
8299 8037 7368
8299 8585 8301
7238 7283 7609
7283 7539 7609
7283 7537 7539
7539 7494 7609
7494 7539 7742
7742 7539 7789
7742 7789 7988
7988 7789 8039
7988 8039 8222
8222 8039 8303
8222 8303 7613
8303 8589 7613
8303 8587 8589
8587 8911 8589
8587 8909 8911
8909 9285 8911
8909 9283 9285
9283 7610 9285
7608 7612 7372
7372 7612 7374
7373 11769 11522
7611 7607 7371
7537 7789 7539
7537 7785 7789
7785 8039 7789
7785 8037 8039
8037 8303 8039
8037 8301 8303
8301 8587 8303
14692 7628 14453
8301 8585 8587
8585 8907 8909
8907 9283 8909
8907 9279 9283
9279 7606 9283
9283 7606 7610
11769 7611 11522
7611 7371 11522
8585 8909 8587
14252 14692 14453
14690 14692 14252
15148 14692 14690
12775 13239 13241
13239 13641 13241
13239 13639 13641
13639 14051 13641
13639 14047 14051
14047 14471 14051
14047 14467 14471
14467 14925 14471
14467 14921 14925
7644 14925 15152
14925 15393 15152
14925 14921 15393
15393 7642 15152
12777 12428 7643
12428 12777 7645
12775 13241 12777
12777 13245 7645
12775 7643 7641
15393 7640 7642
12775 7641 12771
12771 7641 7639
12771 13239 12775
12771 13237 13239
13237 13639 13239
13237 13637 13639
13637 14047 13639
13637 14045 14047
14045 14467 14047
14045 14465 14467
14465 14921 14467
14465 14919 14921
14919 15393 14921
14919 15389 15393
15389 7640 15393
12777 7643 12775
12777 13241 13245
13241 13645 13245
13241 13641 13645
11290 7647 11225
11734 11653 12085
11734 12085 12182
12589 7394 12182
12085 12589 12182
12593 12589 12085
12593 13095 12589
13097 13095 12593
13590 13531 7648
13531 13097 7648
13531 13095 13097
13590 7396 13531
11290 7395 11229
7395 7649 11229
7395 7397 7649
7647 11653 11225
11653 7393 11225
11653 11734 7393
11290 11225 7395
7646 13645 13832
13645 14051 13832
13645 13641 14051
13832 14051 14256
14256 14051 14471
14256 14471 14694
14694 14471 14925
15151 7640 15389
14925 7644 14694
12960 13245 13416
13416 13245 13645
13645 7646 13416
11734 11649 7393
12182 12081 11734
11734 12081 11649
12182 7394 12081
13245 12960 7645
11323 7369 11325
15389 14919 14917
15151 15389 7638
7388 14453 14254
7632 7388 14254
7392 7388 7632
14453 7628 14254
7389 2710 7629
7629 2710 2712
3140 2712 2710
3140 3142 2712
7630 3142 3766
3142 3562 3766
3142 3140 3562
7390 3766 3562
13231 7633 12958
7633 7391 12958
7633 7631 7391
7631 12424 7391
13414 13629 13231
7631 12426 12424
7387 12424 7627
15148 15150 14692
15148 7384 15150
15150 7384 7624
2035 1816 7625
7385 2246 2035
2246 1816 2035
2246 2248 1816
7629 2248 2246
7629 2246 7389
3564 7630 3766
3564 3766 7390
3992 3564 7390
3994 3564 3992
3992 7386 3994
3994 7386 7626
7627 12424 12426
13414 13231 12958
13830 14039 13629
13830 13629 13414
14461 14255 14917
14917 14255 14693
14693 7638 14917
7639 12427 12771
7637 13235 12427
13235 12771 12427
13235 13237 12771
13235 13637 13237
13235 13635 13637
13635 14045 13637
13635 14043 14045
14043 14465 14045
14043 14461 14465
14461 14919 14465
14461 14917 14919
14461 14043 14041
14461 14041 7636
14255 14461 7636
13631 14041 14043
13830 7392 14039
7392 7634 14039
7392 7632 7634
13233 7635 13231
13231 7635 7633
13231 13631 13233
13231 13629 13631
15389 14917 7638
13629 14041 13631
14039 7634 14041
14041 7634 7636
13235 7637 13233
13233 7637 7635
13233 13635 13235
13233 13631 13635
13631 14043 13635
13629 14039 14041
7647 11290 11229
11323 7365 7369
11325 7603 11323
11941 12425 12423
7327 12423 12425
7327 12425 7555
2247 2418 7556
2247 7558 2418
7558 7328 2418
7558 7330 7328
11939 7331 12141
7331 7557 12141
7331 7559 7557
12141 7329 11939
2709 7330 7558
2709 7558 2711
2711 3139 2709
3141 3139 2711
11941 12423 7329
3141 7560 3139
12141 11941 7329
7328 2414 2418
17445 17929 17443
17931 17929 17445
18401 18578 7323
17929 18401 7323
17931 18401 17929
7551 18578 18401
7554 2414 2410
7554 2410 7552
7324 2410 7326
7326 2410 2414
7555 7325 7327
7555 7553 7325
7556 2418 2414
7556 2414 7554
7326 2414 7328
7557 11941 12141
17445 17443 16981
3139 7560 7332
7561 7559 7331
10845 10675 11279
11279 10675 11095
7565 11723 11095
11723 11279 11095
11723 11729 11279
11723 7337 7339
11723 7339 11729
3697 3561 7338
3697 7566 3561
7566 7340 3561
7566 7568 7340
10851 7569 10845
10845 7569 7567
10845 11285 10851
10845 11279 11285
7567 10675 10845
7561 7331 7333
3697 7564 7566
3697 7336 3693
7332 7562 7334
7560 7562 7332
7563 11523 11715
7335 11715 11523
7561 7335 11523
7333 7335 7561
7562 3563 3693
7336 7562 3693
7334 7562 7336
3563 7564 3693
11723 7565 11715
11715 7565 7563
11715 7335 7337
11715 7337 11723
3697 7338 7336
3693 7564 3697
16981 17443 17164
17443 7322 17164
16981 17164 7550
1096 642 646
1092 642 1096
7312 1092 1379
1092 1528 1379
1092 1096 1528
1528 7316 1379
7545 7313 7317
7545 7543 7313
7546 16688 16515
7314 7546 16515
7544 7546 7314
16688 7318 16515
19034 18861 7319
27 204 7315
27 7315 18861
642 200 646
7547 27 18861
646 200 204
7315 204 7311
25 200 7307
200 638 7307
200 642 638
1092 638 642
1088 638 1092
7308 1088 7312
7312 1088 1092
7543 13415 7313
7313 13415 13413
7309 13413 13415
7309 13415 7541
16063 7310 7542
16063 7542 16065
16065 7544 16063
16063 7544 7314
7311 204 200
19034 7547 18861
204 27 489
204 489 646
18863 19034 7319
18863 7319 18399
7551 18863 18399
18578 7551 18399
7547 19034 18863
1815 1966 7548
7552 2410 2245
7552 2245 7320
1815 7552 7320
1966 1815 7320
2410 7324 2245
12957 7325 13149
7325 7549 13149
7325 7553 7549
13149 7321 12957
18578 18399 7323
17164 7322 16979
16688 16517 7318
16517 7550 7318
646 489 927
646 927 1096
1096 927 1381
1096 1381 1528
7548 1966 1813
7548 1813 7316
1381 7548 7316
11729 11521 7341
1528 1381 7316
7549 12959 13149
7321 13149 12959
7545 7321 12959
7317 7321 7545
16517 16688 7546
7550 17164 16979
7550 16979 7318
1966 7320 1813
11285 11729 7341
11279 11729 11285
11729 7339 11521
11094 7595 7359
7595 10676 7359
10676 10887 7359
7361 11321 11094
7360 7596 7362
7590 7596 7360
7279 7597 7277
7277 7597 7591
7529 7491 7363
7279 7529 7363
7277 7529 7279
7779 7739 7491
7779 7491 7529
8031 7985 7739
8031 7739 7779
11321 7595 11094
8297 7364 7985
10676 10453 10887
10453 10258 7589
7525 7529 7277
7525 7779 7529
7525 7777 7779
7987 8031 7588
8031 7777 7588
8031 7779 7777
8031 7987 8295
8295 7987 8221
8221 7592 8295
7593 9099 9267
9267 9099 9645
9645 9099 9467
9645 9467 10035
10035 9467 9863
7594 10035 9863
10258 10453 10676
8031 8297 7985
8295 8297 8031
8469 8581 7592
7279 7601 7597
7279 7363 7367
7279 7367 7281
8299 7368 7364
8299 7364 8297
8297 8583 8299
8297 8581 8583
8581 8905 8583
8581 8903 8905
8903 9275 8905
8903 9271 9275
9271 9657 9275
9271 9651 9657
9651 7598 9657
9657 7598 7602
7281 7601 7279
7596 7600 7362
7362 7600 7366
11321 7365 11323
8581 8295 7592
8581 8297 8295
8581 8469 8903
8903 8469 8759
7593 9267 8759
9267 8903 8759
9267 9271 8903
7525 7277 7237
9267 9651 9271
7598 9651 9864
9651 10035 9864
9651 9645 10035
10035 7594 9864
11323 7599 11321
11321 7599 7595
11321 7361 7365
9267 9645 9651
11323 7603 7599
7587 7525 7237
4426 7358 7586
11291 7343 11093
7344 7574 7346
7572 7574 7344
10869 7575 10863
10863 7575 7573
10863 7345 7347
10863 7347 10869
4421 7346 7574
4421 7574 4425
4425 7576 4421
4421 7576 7348
10673 7349 10869
7349 7575 10869
7349 7577 7575
10869 7347 10673
10857 11291 10863
7576 4821 4945
10863 11291 7345
10857 7573 7571
7568 3993 4149
7342 7568 4149
7340 7568 7342
3993 7570 4149
10857 7571 10851
10851 7571 7569
10851 11291 10857
10851 11285 11291
11285 7341 7343
11285 7343 11291
4149 3991 7342
4149 7570 3991
7570 7344 3991
7570 7572 7344
10863 7573 10857
11291 11093 7345
7350 7576 4945
7348 7576 7350
4821 7578 4945
7356 7586 7358
7584 7586 7356
7587 7493 7525
7525 7493 7777
7777 7493 7741
7741 7588 7777
7589 10257 10453
10887 10453 10674
10453 7585 10674
7585 7357 10674
10453 10257 7585
7359 10887 10674
4426 7590 7360
4426 7360 4422
4422 7358 4426
7585 7583 7355
7585 7355 7357
4955 7582 4822
7356 7354 7584
7579 7349 7351
7579 7577 7349
4945 4819 7350
4945 7578 4819
7578 7352 4819
7578 7580 7352
7581 7351 7353
7591 7237 7277
7581 7579 7351
4820 7352 4955
7352 7582 4955
7352 7580 7582
7583 7353 7355
7583 7581 7353
7354 4955 4822
7584 7354 4822
4820 4955 7354
13533 13590 7648
13943 7396 13590
13533 13943 13590
7458 4634 4638
18044 7705 18184
7705 7459 18184
7705 7457 7459
7707 18044 18184
3250 7708 3368
3250 3368 3788
3250 3788 3670
4232 7706 3670
3788 4232 3670
4236 4232 3788
4532 4638 7460
4638 4236 7460
4638 4232 4236
7458 4638 4532
7456 4634 7458
7461 18188 7459
4638 4634 4232
4634 7704 4110
7453 14364 7701
7701 14364 14366
14364 7454 14366
14366 7454 7702
16178 16304 7455
16630 16762 16178
16178 16762 16304
17094 17232 16630
16630 17232 16762
17232 17094 7703
17094 17562 7703
17094 17558 17562
7705 17562 17558
7705 17558 7457
4110 7706 4232
4232 4634 4110
7452 4994 4920
7459 18188 18184
7707 18188 7709
7713 7711 7463
7464 7714 7466
7712 7714 7464
18046 7713 18202
7713 7467 18202
7713 7465 7467
7715 18046 18202
2374 7716 2526
2526 7468 2374
7468 7714 2374
7468 7466 7714
7469 18206 7467
7467 18206 18202
7715 18202 18206
7715 18206 7717
7713 7463 7465
7707 18184 18188
7462 2964 2828
7710 7464 2964
2830 7710 2964
3368 7708 2830
3368 2830 2964
3248 3368 2964
7462 3248 2964
3668 3788 3248
3248 3788 3368
4106 4236 3668
3668 4236 3788
7460 4236 4106
18188 7461 18045
7461 7711 18045
7461 7463 7711
7709 18188 18045
7464 2828 2964
7712 7464 7710
4994 4630 4634
4994 4634 7456
4920 4994 7456
12753 12596 7693
7695 12596 12753
7445 7695 12753
7447 7695 7445
5984 7696 6056
6420 7694 5984
6420 5984 6056
6348 6420 6056
7448 6348 6056
7446 6420 6348
7447 13096 7695
7695 13096 13100
7697 13100 13096
7697 13096 7449
5272 7698 5332
7446 6414 6420
5272 5332 7450
7444 6414 7446
7694 6420 6414
7442 6408 6410
7441 11652 7689
7689 11652 11656
7691 11656 11652
7691 11652 7443
7692 6414 6410
7692 6410 7690
7442 6410 7444
7444 6410 6414
7443 12084 7691
7691 12084 12088
12592 12753 7693
12088 12592 7693
12084 12592 12088
7445 12753 12592
7694 6414 7692
5622 5272 7450
5624 5272 5622
7696 5624 6056
14808 7454 14806
15270 14808 14806
15270 15272 14808
15726 15272 15270
15726 15730 15272
15726 7455 16304
16182 15726 16304
15730 15726 16182
16182 16304 16762
16182 16762 16634
16634 16762 17232
16634 17232 17098
7703 17098 17232
7704 4634 4630
7704 4630 7700
14808 7702 7454
7701 13944 7453
7701 13946 13944
13944 13946 13534
5624 5982 6056
5624 5622 5982
7448 6056 5982
7699 7449 7451
7699 7697 7449
4534 7700 4630
4534 4630 4994
7718 2530 2526
4534 4994 4924
5332 4924 4994
5270 5332 4994
7452 5270 4994
7450 5332 5270
7451 13532 7699
7699 13532 13534
13944 13534 13532
5332 7698 4924
7718 2526 7716
7468 2526 7470
7470 2526 2530
17564 17100 17096
17763 7738 17564
7793 13833 7541
7541 13833 13831
13833 14253 13831
14257 14253 13833
14257 14691 14253
14695 14691 14257
14695 15149 14691
15153 15149 14695
15153 15609 15149
15611 15609 15153
15611 7794 15609
15609 7794 7542
7795 13417 7543
17564 17096 7490
7543 13417 13415
17763 17564 7490
17096 16636 16632
7736 7486 18508
7488 7486 7736
18689 7734 18508
7487 16180 7735
7735 16180 16184
7737 16184 16180
7737 16180 7489
17560 17763 7490
18048 7738 17763
17560 18048 17763
18042 18048 17560
18042 7488 18048
18048 7488 7736
7489 16632 7737
7737 16632 16636
17096 17100 16636
7541 13415 13417
7541 13417 7793
16065 7542 7794
16517 7798 16519
16519 7800 16517
16517 7800 7550
19038 18863 7551
29 208 7547
29 7547 18863
7801 29 18863
19038 7801 18863
208 29 491
208 491 650
650 491 929
650 929 1100
1100 929 1383
1100 1383 1532
7802 1970 1815
16517 7546 7798
7545 12961 7797
7545 12959 12961
7549 12961 12959
16065 7794 16067
16067 7796 16065
16065 7796 7544
7797 7543 7545
7797 7795 7543
7544 7798 7546
7796 7798 7544
7486 18689 18508
208 27 7547
208 489 27
1100 927 650
650 927 489
1532 1381 1100
1100 1381 927
1532 7548 1381
7799 12961 7549
650 489 208
7440 6408 7442
7735 7733 7485
18974 7484 7732
7475 16635 16631
16635 17095 16631
17099 17095 16635
17563 17744 7473
17095 17563 7473
17099 17563 17095
7721 17744 17563
596 757 7476
1036 7724 757
596 1036 757
1034 1036 596
1486 1036 1034
1486 1488 1036
1486 7474 1488
1488 7474 7722
7723 16635 7475
7725 16183 7477
1932 7472 7720
1932 7474 1930
7471 18210 7469
7469 18210 18206
7717 18206 18210
7717 18210 7719
7472 2372 2530
7718 7472 2530
7720 7472 7718
7470 2530 2372
17744 17559 7473
18047 18210 7471
18047 7471 17559
7721 18047 17559
17744 7721 17559
7719 18210 18047
1932 7722 7474
1930 7472 1932
7477 16183 16179
7475 16179 16183
7475 16183 7723
15881 7731 15728
7731 7481 15728
7731 7729 7481
7483 15881 15728
7482 7732 7484
7730 7732 7482
15881 15732 7731
7733 15732 15881
7483 7733 15881
7485 7733 7483
18506 18689 7486
18974 7734 18689
18506 18974 18689
18972 18974 18506
18972 7484 18974
7728 7730 7480
7480 7730 7482
15875 7479 15727
7481 7729 7727
142 309 7478
757 598 7476
7476 598 142
598 7726 142
7726 309 142
757 7724 598
7727 15731 15875
7735 7485 7487
7479 15875 15731
7477 7479 7725
7478 309 144
7728 7478 144
7480 7478 7728
309 7726 144
15727 7481 15875
7481 7727 15875
7725 7479 15731
7690 6408 7688
7690 6410 6408
7689 7687 7439
12720 13196 7661
12722 13196 12720
7663 13098 13196
1487 1588 7662
7664 2018 1929
7664 1929 7412
1487 7664 7412
1588 1487 7412
2018 7416 1929
7417 4186 7413
7413 4186 4184
4594 4184 4186
4592 4184 4594
7414 4592 7418
7418 4592 4594
13196 13098 7661
6012 5979 7419
12722 12720 12200
7415 12722 12082
597 700 7409
141 597 7409
143 597 141
1033 7410 700
597 1033 700
1035 1033 597
1588 1485 7662
1485 1035 7662
1485 1033 1035
1588 7412 1485
4184 4105 7413
4592 4531 4184
4184 4531 4105
4592 7414 4531
12082 12200 7411
12722 12200 12082
6012 7420 5979
12590 12722 7415
7421 13198 12590
5306 5619 5269
5619 5662 7419
5662 6012 7419
5662 6016 6012
7420 6012 6345
6012 6376 6345
6012 6016 6376
6376 7424 6345
12726 12591 7425
12591 12726 7421
12726 13198 7421
12726 13200 13198
7665 13198 13200
7665 13200 7667
7668 2022 2020
5662 5619 5306
4964 5269 4919
5306 5269 4964
4594 4596 4964
13198 12722 12590
13198 13196 12722
7663 13196 13198
7663 13198 7665
7666 2020 2018
7666 2018 7664
7416 2018 7422
143 141 18973
7422 2018 2020
3667 3738 7417
3738 4186 7417
3738 4188 4186
4596 4186 4188
4594 4186 4596
7418 4594 4919
4594 4964 4919
3738 3667 7423
7668 2020 7666
18973 141 18971
18507 18971 18614
14872 15271 15342
15342 15271 15729
15342 15729 15800
15800 15729 16181
15800 16181 16256
16629 7398 16256
16181 16629 16256
16633 16629 16181
17188 17093 7652
17093 16633 7652
17093 16629 16633
17188 7400 17093
7653 7399 7401
7653 7651 7399
17097 17188 7652
14872 14807 15271
17557 7400 17188
14420 14807 14872
14365 14420 7650
13945 13943 13533
14420 14363 7650
14363 13945 7650
14363 13943 13945
14872 14805 14420
14420 14805 14363
15342 15269 14872
14872 15269 14805
15800 15725 15342
15342 15725 15269
16256 16177 15800
15800 16177 15725
16256 7398 16177
7651 7397 7399
7651 7649 7397
14420 14365 14807
17097 17557 17188
17561 17557 17097
17561 7654 17557
7406 7660 18505
7658 7660 7406
18614 7408 18505
700 595 7409
700 7410 595
11650 11754 7407
12086 7659 12200
12200 7659 7411
7659 11754 7411
11754 11650 7411
12086 12200 12720
12086 12720 12594
7661 12594 12720
18507 18614 7660
18971 7408 18614
7660 18614 18505
7659 11654 11754
7657 7405 7407
7657 7407 11754
17557 7654 7402
11230 7653 11308
7653 7403 11308
7653 7401 7403
7655 11230 11308
7402 7656 7404
7654 7656 7402
18973 18971 18507
11226 11308 7403
7405 7655 11226
7657 7655 7405
18041 7404 7656
18041 7656 18043
18043 7658 18041
18041 7658 7406
11654 7657 11754
7655 11308 11226
200 25 7311
7422 2020 7426
7427 3742 7423
7681 4108 4196
4923 4970 7678
4970 4923 7682
5314 4970 7682
5312 4970 5314
7434 5312 5621
5312 5672 5621
5312 5314 5672
5672 7436 5621
7437 11332 7435
7435 11332 11328
7679 11328 11332
7679 11332 7683
7684 2470 2468
7684 2468 7680
3748 4196 3746
2928 2468 2470
3746 4196 7677
3746 3326 3748
4970 5310 4922
5312 5310 4970
7432 5310 7434
7434 5310 5312
7435 11328 7433
7433 11328 11326
7675 11326 11328
7675 11328 7679
7680 2468 2466
7680 2466 7676
2926 2466 2468
2924 2466 2926
3328 2924 2926
3326 2924 3328
3748 3326 3328
4196 4108 7677
2926 2468 2928
3330 2926 2928
3328 2926 3330
2470 2829 2928
2928 2829 3249
2928 3249 3330
3330 3249 3669
3330 3669 3752
7685 3752 3669
5623 5674 7686
5674 5623 5983
5674 5983 6042
7688 6408 6347
7688 6347 7438
5983 7688 7438
6042 5983 7438
6408 7440 6347
7689 7439 7441
2470 2373 2829
2373 2470 7684
7687 7683 7439
7439 7683 11228
3752 3328 3330
3748 3328 3752
3752 7685 4109
4196 3752 4109
3748 3752 4196
7681 4196 4109
5271 5314 7682
5310 7674 4922
5314 5271 7686
5672 5314 5674
7436 5672 5981
5672 6042 5981
5672 5674 6042
6042 7438 5981
11228 11332 7437
7683 11332 11228
5674 5314 7686
7426 2020 2022
4922 7678 4970
7673 3744 3746
11324 11227 7429
11764 11651 11324
11324 11651 11227
12208 12083 11764
11764 12083 11651
12083 12208 7425
12208 12726 7425
12208 12728 12726
12728 7671 13099
13200 12728 13099
12726 12728 13200
7667 13200 13099
7672 2024 2022
7672 2022 7668
7426 2022 2371
7424 6376 6346
2022 2464 2371
5980 6376 6016
6016 5662 5666
7423 3742 3738
3742 7669 4107
4188 3742 4107
3738 3742 4188
4188 4107 4533
4188 4533 4596
4596 4533 7670
4966 4596 7670
4964 4596 4966
5308 4964 4966
5306 4964 5308
5666 5306 5308
5662 5306 5666
5980 6016 7428
6016 5666 7428
6346 6376 5980
2022 2024 2464
2464 7430 2371
3324 3247 7431
12208 12087 12595
12208 12595 12728
7671 12728 12595
1931 2024 7672
2024 1931 7676
2466 2024 7676
2464 2024 2466
7430 2464 2827
2464 2924 2827
2464 2466 2924
2827 2924 7431
2924 3324 7431
2924 3326 3324
3746 3324 3326
3744 3324 3746
11764 12087 12208
11764 11655 12087
11324 11326 11764
11764 11326 11655
3247 3324 7427
3324 3742 7427
3324 3744 3742
7669 3742 3744
7669 3744 7673
4921 4966 7670
4966 4921 7674
7673 3746 7677
5310 4966 7674
5620 5666 7432
5666 5310 7432
5666 5308 5310
7428 5666 5620
7433 11326 7429
7429 11326 11324
11326 7675 11655
5308 4966 5310
15607 7542 7310
15609 7542 15607
15609 15607 15149
12147 7333 7331
12147 7089 7091
12147 7091 12155
7090 7334 7092
7332 7334 7090
12163 7335 12155
12155 7335 7333
12155 7091 7093
12155 7093 12163
7092 7336 7094
7334 7336 7092
12171 7337 12163
12163 7337 7335
12163 7093 7095
12163 7095 12171
12155 7333 12147
7094 7338 7096
3137 7332 7090
3139 3137 2709
12955 7087 12663
13157 7085 12955
7330 2880 2707
7086 7330 2707
7328 7330 7086
2880 7088 2707
7331 11939 12147
7329 12663 11939
11939 12663 12147
12663 12421 12147
12421 7089 12147
12663 7087 12421
2709 2880 7330
3137 7088 2880
2709 3137 2880
3139 7332 3137
13157 12955 12663
7336 7338 7094
12171 7339 7337
11735 7099 11519
7342 3991 4155
7102 7342 4155
7100 7342 7102
3991 7344 4155
7345 11093 11297
7103 11297 11093
7343 7103 11093
7101 7103 7343
4155 3987 7102
4155 7344 3987
7344 7104 3987
7344 7346 7104
11091 7105 11297
7105 7345 11297
7101 7343 7341
12179 7339 12171
7101 7341 11735
7340 7342 7100
12171 7095 7097
12171 7097 12179
7338 3561 3701
7098 7338 3701
7096 7338 7098
3561 7340 3701
7341 11521 11735
7339 12179 11521
11521 12179 11735
12179 11937 11735
11937 7099 11735
12179 7097 11937
3701 3559 7098
3701 7340 3559
7340 7100 3559
11519 7101 11735
12423 13157 12663
7327 13157 12423
7329 12423 12663
7317 7073 7077
7317 7313 7073
16227 16061 7074
16061 16227 7314
16515 16061 7314
16513 16061 16515
16515 7318 16513
16513 7318 7078
18574 18397 7079
18861 19030 7075
18861 7075 18397
7319 18861 18397
18574 7319 18397
7315 19030 18861
1813 1962 7316
1962 7076 1811
7320 2406 2243
1524 1379 7072
7316 1811 7072
13971 7069 13827
15309 15145 7070
15767 15605 15145
15767 15145 15309
7310 16063 16227
7310 16227 7074
15767 7310 7074
15605 15767 7074
16063 7314 16227
7075 19030 7071
7071 19030 19026
7311 19026 19030
7311 19030 7315
1379 1524 7312
7316 1962 1811
1379 7316 7072
7320 2243 7076
1813 7320 7076
1962 1813 7076
7083 13153 12957
7321 7083 12957
7081 7083 7321
17443 17636 7322
17636 17443 17929
17636 17929 18114
7323 18114 17929
7082 7326 7084
7324 7326 7082
13157 7327 13153
13153 7327 7325
13153 7083 7085
13153 7085 13157
7084 7328 7086
7326 7328 7084
7325 12957 13153
7324 7082 7080
7324 7080 2406
2245 7324 2406
2406 7080 2243
7321 7077 7081
7321 7317 7077
16977 7078 7318
16977 7318 16979
17636 17441 7322
17441 16979 7322
7105 7347 7345
17441 16977 16979
17636 17927 17441
18399 18574 7079
18399 7079 17927
7323 18399 17927
18114 7323 17927
7319 18574 18399
2245 2406 7320
18114 17927 17636
11297 7103 11091
4419 7104 7346
4419 7346 4421
924 488 486
924 926 488
7377 926 924
7377 924 7131
4609 7132 7128
4609 7128 4605
4605 7374 4609
4609 7374 7378
7379 7129 7133
7379 7375 7129
18862 7380 7134
18862 7134 18860
18860 7130 18862
18862 7130 7376
7131 1378 7377
486 488 26
7377 1378 1380
486 26 24
26 7376 7130
7370 4423 4603
7370 4603 7126
4193 7370 7126
3989 4193 7126
4423 7372 4603
7125 11520 7371
7371 11520 11522
7373 11522 11520
7373 11520 7127
4605 7128 7126
4605 7126 4603
4603 7372 4605
4605 7372 7374
7375 7127 7129
7375 7373 7127
26 7130 24
7381 1380 1378
7381 1378 7135
7132 4609 4424
17444 17700 7142
17928 17444 7142
17930 17444 17928
18398 17930 17928
18398 18400 17930
18398 7134 18400
18400 7134 7380
7135 1812 7381
7381 1812 1814
7385 1814 1812
7385 1812 7143
7136 7386 7144
7382 7386 7136
7137 11938 7383
7383 11938 11940
16980 16978 17444
17444 16978 17700
16978 7141 17700
16980 16516 16978
7382 7132 4424
7136 7132 7382
4609 7378 4424
7383 7133 7137
7383 7379 7133
15146 15373 7138
15146 7139 15832
4193 3989 7124
15608 15146 15832
15146 15608 7384
15608 15832 16290
15608 16290 16064
16064 16290 16750
16064 16750 16516
16516 16750 7140
16978 16516 7140
15146 7384 15373
13411 13413 13827
7371 7369 7123
8035 7368 7986
4820 7110 7352
7355 7111 7113
7355 7353 7111
7112 7356 7114
7354 7356 7112
7357 7113 7115
7357 7355 7113
7114 7358 7116
7356 7358 7114
7115 10672 7357
7357 10672 10674
11092 11319 7359
10674 11092 7359
10672 11092 10674
7117 11319 11092
4818 7110 4820
4422 7360 7118
4820 7112 4818
7353 7351 7109
4421 7348 4419
4419 7348 7106
7349 10673 7107
7107 10673 10671
7105 10671 10673
7105 10673 7347
7106 7350 7108
7348 7350 7106
7351 7107 7109
7351 7349 7107
4817 7108 7350
4817 7350 4819
4819 7352 4817
4817 7352 7110
7353 7109 7111
4820 7354 7112
4422 7118 4420
4420 7116 4422
4422 7116 7358
7781 8035 7783
7781 8033 8035
8033 7364 8035
8035 7364 7368
7369 7121 7123
7369 7365 7121
3988 4193 7124
3988 7122 4193
7122 7370 4193
7122 7366 7370
7533 7492 7367
7492 7533 7740
7740 7533 7783
7740 7783 7986
7986 7783 8035
7531 7781 7783
7531 7783 7533
7531 7367 7363
7533 7367 7531
11319 11094 7359
7361 11094 11319
7117 7361 11319
7119 7361 7117
7118 7362 7120
7360 7362 7118
7363 7491 7531
7371 7123 7125
7531 7491 7781
7781 7739 8033
8033 7739 7985
7985 7364 8033
7365 7119 7121
7365 7361 7119
7120 7366 7122
7362 7366 7120
7781 7491 7739
13827 13413 13971
13413 7309 13971
7073 13413 13411
15718 15722 15268
15718 6917 16302
16174 15718 16302
15722 15718 16174
7203 16174 16302
4918 7204 6918
4918 6918 4916
4916 6916 4918
4918 6916 7202
16170 16302 6917
16302 16170 7203
16170 16626 7203
16170 16622 16626
16622 6919 17234
17090 16622 17234
15718 15268 15266
16626 16622 17090
15266 15268 14804
14802 14804 14362
5978 5618 5616
6055 7198 5978
6913 13528 7199
7199 13528 13530
7201 13530 13528
7201 13528 6915
5268 7202 6916
5268 6916 5266
5266 6914 5268
5268 6914 7200
6915 13940 7201
7201 13940 13942
14360 13942 13940
14360 14362 13942
14802 14362 14360
15266 14804 14802
7205 17090 17234
6918 7206 6920
7204 7206 6918
4104 4102 4528
6922 4644 4528
7211 6923 6925
7211 7209 6923
6926 3664 3792
7210 6926 3792
7212 6926 7210
6924 3792 3664
7213 6925 6927
7213 7211 6925
3246 7214 3378
3378 6928 3246
6928 7212 3246
6928 6926 7212
18201 7215 18034
4104 4528 4644
7208 4104 4644
4104 3666 4102
4102 3666 6924
17086 17234 6919
17554 7205 17722
17722 7205 6921
7205 17234 6921
17234 17086 6921
7207 17554 17722
4530 7208 4644
5978 5616 6912
4644 6922 4530
6922 6920 7206
17550 17722 6921
7207 17722 17550
6923 7207 17550
7209 7207 6923
3666 7210 3792
3666 3792 6924
6922 7206 4530
7215 6927 18034
6055 5978 6912
5618 7200 6914
10374 10478 6901
6903 10910 10374
10910 10478 10374
10910 10906 10478
7187 10906 10910
7187 10910 7189
7190 6742 6736
7190 6736 7188
6902 6736 6904
6904 6736 6742
10798 10910 6903
10910 10798 7189
10798 11224 7189
10798 11220 11224
11646 11224 11220
6902 6730 6736
11646 11648 11224
6900 6730 6902
7188 6736 6730
6898 6718 6724
6899 10472 6897
6897 10472 10466
7183 10466 10472
7183 10472 7185
7186 6730 6724
7186 6724 7184
6898 6724 6900
6900 6724 6730
6901 10478 6899
6899 10478 10472
2859 5718 2863
10472 10906 7185
10478 10906 10472
7187 10800 10906
7188 6730 7186
7191 11648 11646
7191 11646 6905
7192 6748 6742
6342 6908 6419
6908 7196 6419
6908 7194 7196
13223 13094 7195
7197 13094 13223
6909 7197 13223
6911 7197 6909
5976 6055 6912
6419 6344 6910
6910 6344 5976
6344 7198 5976
7198 6055 5976
6419 7196 6344
7199 6911 6913
7199 7197 6911
6342 6419 6910
6909 13223 13092
12588 12747 6907
7195 12588 6907
7192 6742 7190
6904 6742 6906
6906 6742 6748
6905 12078 7191
7191 12078 12080
12586 12747 7193
12080 12586 7193
5618 6914 5616
12078 12586 12080
6908 6694 6748
7192 6908 6748
7194 6908 7192
6906 6748 6694
12747 12588 7193
13223 7195 13092
13092 7195 6907
6907 12747 12586
7387 11940 11938
7215 7213 6927
7216 3380 3378
18685 7232 18504
6949 15886 6947
6947 15886 15884
7233 15884 15886
7233 15886 7235
17552 17759 6950
17552 6948 17759
6948 7236 17759
6948 7234 7236
15720 15886 6949
15886 15720 7235
15720 16176 7235
15720 16172 16176
16624 16176 16172
16624 16628 16176
18504 18225 18685
17088 16628 16624
18040 18225 18504
7234 6946 18040
6942 7230 18681
6942 7228 7230
7231 6943 6945
7231 7229 6943
18036 18225 6946
18225 18036 6944
18681 18225 6944
18685 18225 18681
18681 7230 18685
18685 7230 7232
15724 7231 15884
7231 6947 15884
7231 6945 6947
7233 15724 15884
6946 18225 18040
6948 6946 7234
17088 17092 16628
17759 17556 6950
17556 17088 6950
14687 14689 15147
15309 15147 15767
15767 15147 15607
15607 7310 15767
19026 18859 7071
25 194 7067
25 7067 18859
7311 25 18859
19026 7311 18859
7307 194 25
7312 1524 1520
7312 1520 7308
7068 1520 7072
7072 1520 1524
7313 13413 7073
14687 15147 15309
7070 14687 15309
14689 14687 14251
14251 14687 14249
17556 17092 17088
17759 7236 17556
194 23 7067
7307 487 194
487 23 194
487 485 23
487 923 485
18502 6942 18681
925 923 487
1377 925 7308
1377 923 925
1520 7068 1377
7309 13829 13971
13971 13829 7069
13829 14249 7069
13829 14251 14249
1520 1377 7308
6929 18201 18034
18502 18681 6944
6941 6943 7229
7219 6935 18039
6933 6935 7219
1928 7222 2086
1928 2086 6936
2368 1928 6936
2370 1928 2368
7220 2370 2976
2370 2824 2976
2370 2368 2824
6934 2976 2824
7223 17555 6937
6937 17555 17551
17555 7221 18213
18035 17555 18213
17551 17555 18035
6935 18213 18039
18213 6935 18035
7221 18039 18213
6934 7218 2826
7216 3378 7214
6928 3378 6930
6930 3378 3380
18201 18038 7215
7217 18038 18201
6929 7217 18201
6931 7217 6929
6932 3244 3380
7216 6932 3380
7218 6932 7216
6930 3380 3244
7219 6931 6933
7219 7217 6931
2826 7220 2976
2976 6934 2826
6934 6932 7218
18968 19131 6938
140 7224 19131
18968 140 19131
19135 6938 19131
19131 7224 19135
19135 7224 7226
15874 15719 6941
7227 7225 15874
7225 16171 15874
16171 15719 15874
7225 16327 16171
16327 6939 16171
6940 19135 18970
7228 6940 18970
6942 6940 7228
19135 7226 18970
15874 6941 15723
6941 7229 15723
19135 6940 6938
6937 17091 7223
6937 17087 17091
17091 17087 16627
138 140 18968
592 140 138
592 594 140
1030 594 592
1030 1032 594
1482 1032 1030
1482 1484 1032
7227 15874 15723
7222 1484 2086
1484 1482 1926
6936 2086 1926
7225 16175 16327
16327 16175 6939
16175 16623 6939
16175 16627 16623
16627 17087 16623
1484 1926 2086
7802 1815 7548
7387 11938 7145
14252 7146 14250
13633 13532 7451
7201 13942 13633
13942 13532 13633
13942 13944 13532
14362 14463 7453
13944 14362 7453
13942 14362 13944
14806 7454 14463
14362 14806 14463
14804 14806 14362
15268 14806 14804
15268 15270 14806
15722 15270 15268
15722 15726 15270
16174 16303 7455
5270 7200 7450
15726 16174 7455
5268 7200 5270
5270 7452 7202
6348 7196 7446
13229 13096 7447
7449 13096 13229
7197 7449 13229
7199 7449 7197
5622 7450 7200
5622 7200 5618
5978 5622 5618
5978 5982 5622
5978 7198 5982
5982 7198 7448
13633 7451 13530
7451 7199 13530
7451 7449 7199
7201 13633 13530
5270 7202 5268
6344 7196 6348
15722 16174 15726
4920 7456 7204
7207 7457 17554
7459 7457 7207
4532 7460 7208
4532 7208 4530
4530 7206 4532
4532 7206 7458
7461 7207 7209
7461 7459 7207
3248 7462 3374
3248 3374 7210
3666 3248 7210
3668 3248 3666
4104 3668 3666
4104 4106 3668
4104 7208 4106
7457 17718 17554
7203 16303 16174
17554 17718 7205
7204 7458 7206
4920 7204 4918
4918 7202 4920
4920 7202 7452
14463 14364 7453
14463 7454 14364
16303 16178 7455
7203 16626 16303
16626 16178 16303
16626 16630 16178
17090 16630 16626
17090 17094 16630
17090 7205 17718
17558 17090 17718
17094 17090 17558
7457 17558 17718
7456 7458 7204
6348 7198 6344
6348 7448 7198
7197 13229 13094
7433 10902 7435
5621 5670 7434
5670 5621 7436
6038 5670 7436
6034 5670 6038
6396 6034 6038
6392 6034 6396
7184 6392 7186
7186 6392 6396
10800 10902 7185
7435 10902 10800
7187 7435 10800
7437 7435 7187
5981 6038 7436
6038 5981 7438
7433 10898 10902
6402 6038 7438
7183 10902 10898
7184 6388 6392
6714 6382 6388
7180 6714 6696
7183 10898 7181
7181 10898 10894
7429 10894 10898
7429 10898 7433
2827 2922 7430
7431 2922 2827
7434 5670 5668
7434 5668 7432
6034 5668 5670
6030 5668 6034
6392 6030 6034
6388 6030 6392
7182 6388 7184
7185 10902 7183
6396 6038 6402
7186 6396 7188
7188 6396 6402
11652 11781 7191
7193 12231 12080
7192 7444 7194
7442 7444 7192
12231 12084 7443
7193 12588 12231
12588 12084 12231
12588 12592 12084
7445 12592 12588
7445 12588 7195
7194 7446 7196
7444 7446 7194
13229 7447 13094
7447 7195 13094
7447 7445 7195
7443 11652 7191
12080 7443 7191
12231 7443 12080
11781 11652 7441
11228 7437 11336
7437 7189 11336
7437 7187 7189
7439 11228 11336
6347 6402 7438
6347 7440 6402
7440 7188 6402
4106 7208 7460
7440 7190 7188
11224 11648 11336
11648 7441 11336
7441 7439 11336
7441 11648 11781
7191 11781 11648
7190 7442 7192
7440 7442 7190
11224 11336 7189
7463 7209 7211
7463 7461 7209
2828 7464 2968
7483 15728 15880
19147 7232 7230
19147 7230 19143
19143 7482 19147
19147 7482 7484
15724 15880 7231
7483 15880 15724
7233 7483 15724
7485 7483 7233
18040 18229 7234
18506 7486 18229
18040 18506 18229
18504 18506 18040
19147 18972 7232
18972 18504 7232
7481 7229 7231
18972 18506 18504
7481 7231 15880
19143 7480 7482
7226 7224 7478
305 7476 142
7479 7225 7227
7479 7477 7225
18970 19139 7228
18970 7226 19139
7226 7480 19139
7226 7478 7480
7481 15727 7229
7229 15727 15723
7227 15723 15727
7227 15727 7479
19143 7230 7228
19143 7228 19139
19139 7480 19143
15728 7481 15880
19147 7484 18972
7487 7233 7235
7487 7485 7233
17096 16799 17269
17269 7490 17096
638 487 7307
1088 925 638
638 925 487
1088 7308 925
7541 13831 7309
7309 13831 13829
13831 14251 13829
14253 14251 13831
14253 14689 14251
14691 14689 14253
14691 15147 14689
15149 15147 14691
15149 15607 15147
16632 16799 17096
16799 16632 7489
18233 7488 18042
18042 17560 17556
18233 7236 7234
18233 7234 18229
18229 7486 18233
18233 7486 7488
7235 16176 7487
7487 16176 16180
16628 16799 7489
7478 7224 142
16180 16628 7489
17092 17269 16799
17092 16799 16628
17560 7490 17269
17092 17560 17269
17556 17560 17092
18233 18042 7236
18042 17556 7236
16176 16628 16180
6714 6388 7182
7224 305 142
17253 16627 16783
18205 7469 18038
7469 7215 18038
7469 7467 7215
7217 18205 18038
7470 2974 2972
7470 2972 7468
7216 2972 7218
7218 2972 2974
18209 7471 18205
18205 7471 7469
18205 7217 7219
18205 7219 18209
2372 7472 2534
2974 7470 2372
2974 2372 2534
7216 2970 2972
2826 2974 2534
7214 2970 7216
7468 2972 2970
3374 7462 2828
2968 3374 2828
3376 3374 2968
7210 3374 7212
7212 3374 3376
7465 7211 7213
7465 7463 7211
7466 2970 2968
7466 2968 7464
3246 3376 7214
3376 2970 7214
3376 2968 2970
7212 3376 3246
7467 7213 7215
7467 7465 7213
7468 2970 7466
7220 2826 2534
7218 2974 2826
7473 17559 17743
596 7476 305
140 596 305
594 596 140
1032 596 594
1032 1034 596
1484 1034 1032
1484 1486 1034
1484 7222 1486
1486 7222 7474
7477 16179 7225
7225 16179 16175
16179 7475 16783
16627 16179 16783
16175 16179 16627
17253 17091 16627
140 305 7224
17743 7221 17555
17555 7223 17253
17743 17555 17253
7471 18209 17559
17559 18209 17743
18209 18039 17743
18039 7221 17743
18209 7219 18039
1930 7474 7222
1930 7222 1928
17253 7223 17091
7472 1930 2534
1930 1928 2370
7220 2534 2370
7475 16631 16783
16783 16631 17253
17253 16631 17095
7473 17743 17095
17095 17743 17253
1930 2370 2534
6696 6714 7182
6382 6022 6388
6388 6022 6030
7399 7155 7157
7399 7397 7155
16625 7156 7398
16625 7398 16629
16629 17089 16625
17093 17089 16629
17093 7400 17089
17089 7400 7158
7401 7157 7159
7401 7399 7157
17553 7158 7400
17553 7400 17557
17557 7402 17553
17553 7402 7160
7403 7159 7161
16173 7398 7156
7403 7401 7159
16177 7398 16173
15725 16173 15721
13531 7396 7152
13588 13531 7152
14000 7154 13941
7397 7153 7155
7397 7395 7153
13943 14000 7396
14361 7154 14000
13943 14361 14000
14363 14361 13943
14363 14803 14361
14805 14803 14363
14805 15267 14803
15269 15267 14805
15269 15721 15267
15725 15721 15269
16177 16173 15725
7160 7404 7162
7402 7404 7160
11226 7403 11310
1586 1483 1154
1154 1483 1031
1586 7168 1483
3732 3665 7169
4182 4103 3732
3732 4103 3665
4590 4529 4182
4182 4529 4103
4958 4917 4590
4590 4917 4529
4958 7170 4917
11650 7407 11756
7407 7171 11756
7407 7165 7171
7411 11650 11756
1031 593 595
1031 595 7410
1154 1031 7410
7167 595 593
7403 7163 11310
7403 7161 7163
7405 11226 11310
18037 7162 7404
18037 7404 18041
18041 7406 18037
18037 7406 7164
7396 13941 7152
11222 11310 7163
7165 7405 11222
7407 7405 7165
18503 7164 7406
18503 7406 18505
18505 7408 18503
18503 7408 7166
7409 595 7167
7405 11310 11222
18969 7166 7408
7396 14000 13941
13178 13095 13531
4214 7148 3992
7148 7386 3992
7148 7144 7386
7145 12422 7387
7387 12422 12424
12956 13225 7391
12424 12956 7391
12422 12956 12424
13412 13627 13225
13412 13225 12956
13828 14037 13627
13828 13627 13412
13828 7146 14037
7146 7392 14037
7146 7388 7392
3992 7390 4214
7147 2708 7389
7389 2244 7147
7385 2244 2246
14688 14252 14250
14688 14690 14252
15373 15148 7138
15148 14688 7138
15148 14690 14688
7384 15148 15373
15606 15832 7139
16062 16290 15606
15606 16290 15832
16514 16750 16062
16062 16750 16290
7140 16750 16514
17442 17700 7141
7142 17700 17442
7143 2244 7385
7389 2246 2244
7389 2708 2710
3138 2710 2708
3138 3140 2710
7394 12587 7150
12081 7394 7150
12176 12081 7150
13178 13093 12702
12702 13093 12587
13588 13529 13178
13178 13529 13093
13588 7152 13529
7395 11225 7153
7153 11225 11221
7151 11221 11225
7151 11225 7393
12589 12702 7394
12702 12589 13095
12702 13095 13178
7394 12702 12587
11649 12081 11647
11647 12081 7149
12081 12176 7149
3560 3140 3138
3560 3562 3140
7390 3562 4214
3562 3990 4214
3562 3560 3990
7148 4214 3990
13225 12958 7391
13178 13531 13588
12958 13225 13414
13414 13627 13830
13830 13627 14037
14037 7392 13830
12176 12079 7149
12176 7150 12079
7393 11649 7151
7151 11649 11647
13414 13225 13627
14252 7388 7146
18969 7408 18971
141 139 18971
6708 6370 7424
6702 6370 6708
7176 6702 7178
7178 6702 6708
10890 10799 7179
11322 11223 10890
10890 11223 10799
11223 11322 7177
11322 11760 7177
11322 11762 11760
12206 11760 11762
12204 11760 12206
12206 7425 12591
12724 12206 12591
12204 12206 12724
6370 6345 7424
7421 12724 12591
6345 6370 7420
5304 5619 5658
7421 12590 12724
7422 2460 2458
7422 2458 7416
2918 2458 2460
2916 2458 2918
3320 2916 2918
3318 2916 3320
3320 7423 3667
3736 3320 3667
3318 3320 3736
7417 3736 3667
4919 4962 7418
4962 4919 5269
4962 5269 5304
5304 5269 5619
7419 5658 5619
7426 2462 2460
7426 2460 7422
2920 2460 2462
11762 11651 12083
11762 12083 12206
7425 12206 12083
2371 2462 7426
2462 2371 7430
2922 2462 7430
2920 2462 2922
2922 7431 3247
3322 2922 3247
2920 2922 3322
7427 3322 3247
5620 7432 5668
6022 7428 5620
5668 6022 5620
6030 6022 5668
11322 11651 11762
11322 11227 11651
10890 10894 11322
11322 10894 11227
2918 2460 2920
3322 2918 2920
3320 2918 3322
7423 3320 3322
7423 3322 7427
5980 7428 6022
5980 6022 6382
12204 12724 12202
5980 6382 6346
6382 6708 6346
6714 6708 6382
7178 6708 7180
7180 6708 6714
7181 10894 7179
7179 10894 10890
10894 7429 11227
6708 7424 6346
18971 139 18969
12202 12724 7415
12202 11758 12204
4182 4105 4531
4182 4531 4590
4590 4531 7414
4960 4590 7414
4958 4590 4960
7170 4958 5267
4958 5302 5267
4958 4960 5302
5654 5617 5302
5302 5617 5267
6006 5977 5654
5654 5977 5617
6366 6343 6006
6006 6343 5977
6366 7174 6343
3732 3734 4182
7175 11758 7171
4182 3734 4105
3316 3734 3732
7167 139 141
7167 141 7409
1033 1154 7410
1154 1033 1485
1154 1485 1586
7412 2016 1927
7412 1927 7168
1485 7412 7168
1586 1485 7168
2456 2369 2016
2016 2369 1927
2456 7172 2369
3316 3245 7173
3245 3316 7169
3316 3732 7169
3734 7413 4105
7171 11758 11756
12202 12082 7411
11756 12202 7411
5658 5302 5304
5654 5302 5658
5658 7419 5979
6006 5658 5979
5654 5658 6006
6006 5979 7420
6370 6006 7420
6366 6006 6370
7174 6366 6695
6366 6702 6695
6366 6370 6702
6702 7176 6695
7177 11760 7175
7175 11760 11758
12204 11758 11760
5302 4960 5304
5304 4960 4962
7418 4960 7414
7418 4962 4960
11758 12202 11756
7415 12082 12202
1929 2016 7412
2016 1929 7416
2458 2016 7416
2456 2016 2458
7172 2456 2825
12724 12590 7415
2456 2916 2825
2825 2916 7173
2916 3316 7173
2916 3318 3316
3736 3316 3318
3734 3316 3736
7413 3734 3736
7413 3736 7417
2456 2458 2916
1383 7802 7548
1532 1383 7548
1970 7552 1815
4206 3568 3762
3996 4206 3762
7878 3996 3762
7870 4206 3996
8597 8476 8121
7871 8764 8597
8764 8476 8597
8764 8768 8476
9293 9108 7872
9108 8764 7872
9108 8768 8764
9108 9293 9478
9478 9293 9681
9681 8122 9478
11789 8129 11783
4206 8120 3568
11783 8129 8123
3568 8128 3762
8127 1820 1818
16984 16986 16522
17448 16986 16984
17448 17450 16986
17934 17450 17448
17934 17936 17450
8125 17936 17934
8125 17934 7875
18868 8126 7876
18868 7876 18866
30 18868 18866
30 32 18868
30 7868 32
32 7868 8118
7869 1818 8119
8119 1818 1820
8127 1818 7877
16984 16522 16520
11783 7873 7879
15154 15375 7880
11791 8131 11789
11789 8131 8129
11789 7879 11944
12239 11789 11944
11791 11789 12239
7881 12239 11944
7880 15375 15158
8132 7880 15158
7882 7880 8132
15375 8130 15158
8133 10681 10921
10921 10681 11347
11347 10681 11101
8131 11791 11101
11791 11347 11101
7878 3762 3566
11783 7879 11789
3146 3144 3566
8128 3146 3762
15833 15616 7874
7874 15616 15154
15616 8130 15154
8130 15375 15154
15833 8124 15616
7875 18404 8125
8125 18404 18406
18404 7876 18406
18406 7876 8126
7877 2250 8127
8127 2250 2252
2714 2252 2250
2714 2716 2252
3144 2716 2714
3144 3146 2716
3146 3566 3762
16520 16522 16070
16520 16070 16068
16068 16070 15612
7864 7860 8110
7791 7746 8111
7861 7990 7791
7990 7746 7791
7990 7992 7746
8224 8307 8115
7992 8224 8115
7990 8224 7992
7865 8307 8224
7862 10061 9872
8116 7862 9872
7866 7862 8116
9872 10061 10264
10264 10061 10479
10479 8112 10264
7864 8110 4434
11333 11100 8113
4610 7864 4434
11329 7863 11333
7744 7791 8111
7498 7744 8111
7496 7744 7498
7861 7791 7744
9870 10061 7862
10061 9870 7858
10473 10061 7858
10479 10061 10473
8112 10479 10680
10479 10903 10680
10479 10473 10903
10680 10903 8113
10903 11333 8113
10903 11329 11333
11329 7859 7863
4434 8114 4610
11777 8117 11526
11526 8117 7863
8117 11100 7863
8226 8307 7865
7871 8597 8472
9104 9293 7872
9472 9681 9293
9472 9293 9104
9472 7866 9681
7866 8122 9681
7866 8116 8122
11783 8123 11777
11777 8123 8117
11777 7867 7873
11777 7873 11783
15612 15833 7874
16070 8124 15833
15612 16070 15833
8121 8226 7865
8472 8121 7865
8597 8121 8472
8307 8226 8115
11100 11333 7863
7867 11777 11526
494 8118 7868
494 7868 492
930 494 492
930 932 494
1384 932 930
11791 11793 11347
1384 1386 932
8119 1384 7869
3998 8120 4206
4610 8114 3998
4610 3998 4206
4432 4610 4206
7870 4432 4206
7864 4610 4432
8119 1386 1384
11791 12243 11793
11791 12239 12243
12239 7881 12430
12186 12708 12597
12186 12188 12708
13182 13101 12708
12708 13101 12597
13182 7900 13101
7901 11746 7899
7899 11746 11744
12190 11744 11746
12188 11744 12190
12710 12188 12190
12708 12188 12710
13184 12708 12710
13182 12708 13184
7900 13182 13535
13182 13594 13535
7898 12186 12597
13182 13184 13594
11744 12188 12186
11657 11744 7897
13834 14059 8147
13420 13834 8147
13418 13834 13420
14260 8148 14059
13834 14260 14059
14258 14260 13834
14696 14260 14258
14696 14698 14260
14696 7896 14698
14698 7896 8146
14059 13836 8147
14059 8148 13836
12186 12089 7897
12186 7898 12089
11744 11657 7899
11744 12186 7897
13594 7902 13535
7903 11748 7901
7901 11748 11746
12714 12192 12194
12712 12192 12714
13188 12712 12714
13186 12712 13188
13598 13186 13188
13596 13186 13598
7904 13596 7908
7908 13596 13598
15806 15733 7909
15733 15806 7905
15806 16260 7905
15806 16262 16260
16262 8149 16641
16720 16262 16641
16260 16262 16720
12194 12192 11748
12194 11748 11658
7907 12194 11658
11658 11748 7903
12192 11746 11748
12190 11746 12192
12712 12190 12192
12710 12190 12712
13186 12710 12712
13184 12710 13186
13596 13184 13186
13418 13420 12964
13594 13184 13596
7904 13594 13596
16260 16185 7905
16720 16637 16260
16260 16637 16185
17190 17101 16720
16720 17101 16637
17190 7906 17101
7902 13594 7904
7496 7498 7242
13418 12964 12962
12962 12434 12432
10923 10682 8135
10682 10923 8137
10923 11351 8137
10923 11349 11351
11349 11797 11351
11349 11795 11797
11795 12251 11797
11795 12247 12251
12763 12431 7887
12251 12763 7887
12247 12763 12251
12763 7885 12431
15155 7886 8136
15155 8136 15159
15159 8138 15155
8134 8136 7884
15155 8138 7888
7884 8136 7886
12759 7883 7885
12759 12239 12430
12243 12239 12759
7883 12759 12430
7882 8134 7884
8132 8134 7882
10923 8135 10921
10921 8135 8133
10921 11349 10923
10921 11347 11349
11347 11795 11349
11347 11793 11795
11793 12247 11795
11793 12243 12247
12243 12763 12247
12243 12759 12763
12759 7885 12763
11351 11102 8137
11102 11351 8139
11351 11799 8139
7893 12261 11946
15618 8144 7894
15618 7894 15614
15614 7892 15618
15618 7892 8142
12261 11948 8143
8145 11948 12261
7893 8145 12261
7895 8145 7893
15160 8146 7896
15160 7896 15156
15156 7894 15160
15160 7894 8144
7895 12432 8145
8145 12432 12434
8143 8141 7891
8143 7891 11946
12261 8143 11946
8140 8142 7892
11351 11797 11799
12251 11945 7889
11799 12251 7889
11797 12251 11799
12251 7887 11945
8138 15617 15847
7890 8138 15847
12962 12964 12434
7888 8138 7890
11799 11528 8139
8141 11528 11799
7889 8141 11799
7891 8141 7889
15847 15613 7890
15847 8140 15613
8140 7892 15613
15617 8140 15847
7496 7242 7240
8109 7240 7242
7857 7240 8109
9601 9987 9603
9601 9985 9987
9985 10393 9987
9985 10391 10393
10391 7817 7819
10391 7819 10393
3565 7818 8070
3565 8070 3567
3567 8072 3565
3565 8072 7820
8863 8766 8071
8766 8863 9106
9106 8863 9217
9106 9217 8073
9217 9605 8073
9603 9217 9601
9217 9603 9605
9601 9217 7816
8863 8861 9217
9983 10389 10391
10389 7813 7817
10389 7817 10391
2881 2713 7814
2713 2881 8068
3145 2713 8068
3143 2713 3145
3145 8070 3143
3143 8070 7818
8551 8474 8069
8474 8551 8071
8551 8863 8071
8551 8861 8863
8861 7815 9102
9217 8861 9102
9217 9102 7816
9603 9989 9605
9603 9987 9989
9987 10395 9989
7825 8075 9991
7825 8077 8075
9991 7823 9865
4137 3995 7824
4137 8076 3995
8076 7826 3995
8076 8078 7826
8079 7825 7827
8079 8077 7825
7826 8080 7828
8078 8080 7826
10001 8081 9866
8081 7827 9866
8081 8079 7827
7829 10001 9866
9865 7825 9991
4137 8074 8076
4133 8074 4137
4137 7822 4133
9987 10393 10395
10393 7819 7821
10393 7821 10395
8072 3997 4133
7822 8072 4133
7820 8072 7822
3997 8074 4133
9983 10391 9985
9605 9474 8073
9605 9991 8075
9605 9989 9991
10395 10259 7823
9991 10395 7823
9989 10395 9991
10395 7821 10259
4137 7824 7822
9474 9605 8075
8080 4433 4563
9985 9601 9983
9601 9470 7812
9979 9981 9595
10263 10387 8060
10387 9979 8060
10387 9981 9979
8061 10821 10263
10821 10387 10263
10821 10823 10387
11253 11097 7807
10823 11253 7807
10821 11253 10823
8062 11527 11695
8062 11695 7808
11253 8062 7808
11097 11253 7808
11695 11527 12135
9595 9981 9469
12135 11527 11947
9981 7806 9469
9595 9469 9101
654 931 1104
1104 931 1385
1104 1385 1536
1817 7802 1536
1385 1817 1536
1819 1817 1385
1819 8064 1817
1817 8064 7804
8547 8065 8545
8545 8065 8059
8855 8761 7805
8547 8855 7805
8545 8855 8547
9209 9101 8761
9209 8761 8855
9595 9101 9209
8063 12651 11947
11947 12651 12135
12651 12429 12135
12135 11525 11695
12135 7809 11943
2419 2249 7810
8066 2715 2881
8066 2881 7814
2419 8066 7814
2249 2419 7814
2715 8068 2881
8551 8069 8549
8549 8069 8067
8549 7811 8762
8861 8549 8762
8551 8549 8861
7815 8861 8762
9470 9601 7816
12135 11943 11525
11695 11525 7808
10823 7807 10677
10387 10823 10389
12429 7809 12135
12651 7803 12429
8064 2251 2419
7810 8064 2419
7804 8064 7810
2251 8066 2419
8549 8067 8547
9983 9601 7812
8547 8067 8065
8547 7811 8549
9983 7812 7806
9983 7806 9981
9981 10389 9983
9981 10387 10389
10823 10677 7813
10389 10823 7813
8547 7805 7811
16720 16641 17105
7830 8080 4563
4433 8082 4563
9107 8097 9639
9471 9107 9639
9103 9107 9471
10029 9869 9471
10029 9471 9639
10029 7843 9869
7844 4961 4826
8100 7844 4826
7848 7844 8100
4961 8098 4826
8101 6953 7849
7849 6953 6951
7845 6951 6953
7845 6953 8099
8577 8471 7846
8767 9107 9103
8897 8763 8471
8767 9103 7847
8897 8475 8767
7845 7241 7239
7241 7495 7239
7497 7495 7241
7497 8095 7775
7743 7497 7775
7495 7497 7743
7743 7775 8096
7991 7743 8096
7989 7743 7991
7991 8223 7989
8225 8223 7991
7846 8223 8577
8223 8475 8577
8223 8225 8475
8577 8475 8897
8897 8767 7847
8897 8471 8577
8897 7847 8763
4430 4597 7850
8108 7854 4828
7856 7854 8108
4969 8106 4828
7855 6952 8107
8107 6952 6954
8109 6954 6952
8109 6952 7857
10262 10473 7858
10678 10903 10473
10678 10473 10262
11098 11329 10903
11098 10903 10678
7859 11329 11098
7856 8110 7860
8108 8110 7856
7854 4969 4828
8107 8105 7853
8107 7853 7855
4827 8106 4969
4430 7848 4597
7848 8102 4597
7848 8100 8102
8103 7849 7851
8103 8101 7849
4599 7852 7850
4599 7850 4597
8099 7241 7845
4597 8102 4599
8105 7851 7853
8105 8103 7851
4599 4431 7852
8104 4827 4969
8104 4969 7854
4599 8104 7854
4431 4599 7854
4599 8102 8104
7828 8080 7830
7842 8094 8098
4824 7842 4961
5177 4823 5179
5179 8086 5177
5177 8086 7834
9625 8087 9621
9621 8087 8085
10009 9867 7835
9625 10009 7835
9621 10009 9625
10009 7833 9867
8086 5525 5635
7836 8086 5635
7834 8086 7836
5525 8088 5635
9625 9476 8087
10019 8089 9868
5179 4823 8084
9868 8089 7835
4823 4937 8084
10005 7833 10009
10005 8083 10001
10001 8083 8081
10001 7829 7831
10001 7831 10005
4563 4429 7830
8082 4825 4937
8082 4937 7832
4563 8082 7832
4429 4563 7832
4825 8084 4937
8085 9475 9621
8083 10005 9475
10005 9621 9475
10005 10009 9621
10005 7831 7833
4937 4823 7832
8089 9476 7835
9476 9625 7835
7837 10019 9868
5180 8094 7842
5180 7842 5178
5178 7840 5180
5180 7840 8092
8095 7745 7775
7745 8096 7775
8097 9477 9639
8093 10027 9477
10027 9639 9477
10027 10029 9639
10447 10261 7843
10029 10447 7843
10027 10447 10029
10447 7841 10261
4824 4961 7844
10443 7841 10447
10443 7839 7841
10025 10443 10447
10025 10447 10027
5639 7838 7836
5639 7836 5635
5635 8088 5639
5639 8088 8090
10025 8091 10019
10019 8091 8089
10019 7837 10260
7842 8098 4961
10443 10019 10260
7839 10443 10260
7838 5639 5526
8092 7838 5526
7840 7838 8092
5639 8090 5526
10027 8093 10025
10025 8093 8091
10025 10019 10443
654 493 931
16720 17105 17190
8150 17565 7906
17746 17571 18055
17746 18055 18216
18216 18055 8210
18674 18216 8210
18672 18216 18674
19136 18672 18674
19132 18672 19136
146 306 7972
306 19136 7972
306 19132 19136
7970 306 146
16328 7971 16191
7971 8211 16191
7971 7973 8211
8209 16328 16191
17254 17571 17746
18515 18674 8210
17254 17107 17571
16784 16643 17107
600 602 7970
602 302 7970
302 306 7970
602 8207 302
1038 602 600
1038 1040 602
8208 1040 1648
1040 1490 1648
1040 1038 1490
7968 1648 1490
16328 16187 7971
16643 16784 7969
16643 7969 16187
8209 16643 16187
16328 8209 16187
16784 17107 17254
302 19128 306
18674 18515 8212
19136 18674 19140
7976 19144 18976
16192 8215 16336
8215 7979 16336
8215 7977 7979
8217 16192 16336
18056 8218 18230
18686 8216 18056
18686 18056 18230
18512 18686 18230
7980 18512 18230
7978 18686 18512
7981 16338 7979
7979 16338 16336
16796 16644 8217
16336 16796 8217
7978 18976 18686
19140 18674 8212
18976 19144 18686
19144 8214 18516
7972 19136 7974
7974 19136 19140
15878 15735 7975
7973 15735 15878
8213 7973 15878
8211 7973 8213
8214 19144 19140
8214 19140 8212
7974 19140 7976
7976 19140 19144
15736 15878 7975
8213 15878 15736
7977 8213 15736
8215 8213 7977
18516 8216 18686
19144 18516 18686
306 19128 19132
19128 18670 19132
19132 18670 18672
7956 2504 7958
7958 2504 2512
18514 8197 18662
8197 7959 18662
8197 7957 7959
8199 18514 18662
7960 2376 2512
8198 7960 2512
8200 7960 8198
7958 2512 2376
18510 18662 7959
8199 18662 18510
7961 8199 18510
8201 8199 7961
1936 8202 2074
8198 2504 8196
2074 7962 1936
8198 2512 2504
8197 7955 7957
8191 18050 18054
8193 18054 18050
8193 18050 7953
8194 2496 2492
8194 2492 8192
2832 2954 7954
2954 2496 7954
2954 2492 2496
7952 2954 2832
8195 7953 7955
8195 8193 7953
8196 2504 2496
8196 2496 8194
7954 2496 7956
7956 2496 2504
8197 8195 7955
7962 8200 1936
7962 7960 8200
8203 7961 7963
8207 148 302
1492 8208 1648
1648 7968 1492
7968 8206 1492
7968 7966 8206
16784 16639 7969
17254 17103 16784
16784 17103 16639
17746 17567 17254
17254 17567 17103
18216 18051 17746
17746 18051 17567
18051 18216 7967
18216 18670 7967
18216 18672 18670
19128 302 19126
19126 302 8205
302 148 8205
18670 19128 19126
8203 8201 7961
8204 2078 2074
8204 2074 8202
7962 2074 7964
7964 2074 2078
18978 8203 19126
8203 7965 19126
16338 16796 16336
8203 7963 7965
7966 1934 2078
8204 7966 2078
8206 7966 8204
7964 2078 1934
18670 18511 7967
18511 18670 7965
18670 19126 7965
8205 18978 19126
8219 16644 16796
17572 8220 17760
18230 8218 17572
18115 17451 17937
18115 17937 18579
18579 17937 18407
19040 18867 8057
18407 8330 18579
19040 8058 18867
8331 8227 8275
8327 8543 8227
8227 8543 8275
8543 8473 8275
8473 8059 8275
8543 8053 8473
9593 9473 8054
9473 9593 8328
9873 9473 8328
17637 17451 18115
9871 9473 9873
17637 16987 17451
8052 8326 8056
8477 8769 8765
8769 9105 8765
9109 9105 8769
8054 9105 9593
9105 9479 9593
9105 9109 9479
9479 8328 9593
8329 12435 12643
8325 13143 12435
12435 13143 12643
13143 12963 12643
12963 8055 12643
13143 8051 12963
8326 16987 17165
8056 8326 17165
17165 16987 17637
8060 9871 10385
9871 10265 10385
9871 9873 10265
18579 18405 17935
18579 17935 18115
18405 18579 8330
18869 18405 8330
18405 19040 8057
18405 18869 19040
31 8058 19040
18869 31 19040
33 31 18869
658 493 8332
493 33 8332
493 31 33
1108 931 658
658 931 493
1540 1385 1108
18115 17449 17637
18115 17935 17449
17637 16985 17165
17637 17449 16985
10385 10265 8061
10265 10679 8061
10265 10683 10679
10683 11099 10679
11103 11099 10683
8062 11099 11689
11099 11529 11689
8477 8765 8053
11099 11103 11529
12129 11529 11949
8329 12643 11949
11949 12643 12129
12643 12433 12129
12433 8063 12129
12643 8055 12433
17165 16985 8056
11689 11529 12129
7951 18050 8191
8543 8477 8053
8324 8326 8052
15161 8316 15299
8317 14699 14837
8315 15299 14699
15299 14837 14699
15299 15303 14837
15619 15763 8316
15763 15299 8316
15763 15303 15299
15619 8318 15763
8319 14261 14385
8317 14837 14261
14261 14837 14385
14837 14697 14385
14697 8045 14385
15303 15157 14697
8315 15161 15299
15303 14697 14837
7984 17270 17104
7982 17760 17568
18230 17572 17760
18052 18230 17760
7982 18052 17760
7980 18230 18052
16188 16338 7981
16640 16796 16188
16188 16796 16338
17108 8219 17270
17270 8219 7983
8219 16796 7983
16796 16640 7983
17760 8220 17108
17760 17108 17270
17568 17760 17270
7984 17568 17270
17104 17270 7983
15765 8046 15157
15303 15765 15157
15763 15765 15303
13419 8049 13135
13559 8047 13419
16225 16069 8048
8322 16523 16681
8322 16681 8050
16225 8322 8050
16069 16225 8050
16523 8324 16681
13143 8325 13135
13135 8325 8323
13135 8049 8051
13135 8051 13143
16681 16521 8050
16681 8324 16521
8324 8052 16521
13559 13419 13135
12965 13559 13135
8321 13559 12965
8323 12965 13135
15763 8318 15765
15765 8318 8320
8321 13421 13559
13559 13421 8047
13421 13835 8047
13421 13837 13835
13837 8319 14385
8327 8477 8543
14259 13837 14385
14385 8045 14259
15765 15615 8046
8320 16071 16225
8320 16225 8048
15765 8320 8048
15615 15765 8048
16071 8322 16225
13835 13837 14259
7950 3358 3252
7952 3252 2954
3252 3358 2954
8161 13610 13537
1039 1166 8162
8164 1598 1489
8164 1489 7922
1039 8164 7922
1166 1039 7922
1598 7924 1489
8165 12601 7925
7925 12601 12599
12601 13103 12599
13105 13103 12601
7923 13103 13105
7923 13105 8163
8166 1602 1598
8166 1598 8164
7921 7923 8163
7924 1598 7926
7921 8163 13537
7922 1162 1166
7919 13608 7917
7917 13608 13606
8157 13606 13608
8157 13608 8159
8160 1162 1037
7918 8160 1037
8158 8160 7918
1162 7920 1037
7921 13610 7919
7919 13610 13608
8159 13608 13610
8159 13610 8161
8162 1166 1162
8162 1162 8160
7920 1162 7922
13610 7921 13537
7926 1598 1602
11768 11659 7927
8167 12093 11768
8172 1933 7930
1491 8172 7930
1606 1491 7930
2032 7932 1933
4612 4535 7933
4976 4925 4612
4612 4925 4535
5318 5273 4976
4976 5273 4925
5318 7934 5273
8173 7931 7935
8173 8171 7931
1935 2032 8172
8174 2474 2375
8174 2375 7932
8172 2032 1933
1491 1606 8170
8171 8169 7929
8171 7929 7931
12093 11659 11768
12093 12091 11659
7925 12091 12093
7925 12093 8165
8168 1604 1602
8168 1602 8166
7926 1602 7928
599 8158 7918
7928 1602 1604
7927 8169 11661
7927 7929 8169
8167 11768 11661
8170 1606 1604
8170 1604 8168
7928 1604 7930
7930 1604 1606
11768 7927 11661
1935 8174 7932
601 8158 599
599 7916 8156
14880 15273 14809
15273 15350 7909
15350 15806 7909
15350 15808 15806
15808 8151 16189
16262 15808 16189
15806 15808 16262
8149 16262 16189
17569 17670 8150
8152 18144 18049
8152 18049 7910
17569 8152 7910
17670 17569 7910
18144 7912 18049
13102 13190 7911
15350 15273 14880
7913 13602 13102
14428 14809 14367
14010 14367 13947
17105 8150 7906
17190 17105 7906
17670 7910 17565
12090 12194 7907
12598 12714 12090
12090 12714 12194
7911 13190 12598
13190 12714 12598
13190 13188 12714
13600 13188 13190
13598 13188 13600
7908 13598 13947
13598 14010 13947
13598 13600 14010
14428 14367 14010
14880 14809 14428
13602 13190 13102
13602 13600 13190
14012 13600 13602
14012 13604 13949
13602 13604 14012
8153 14012 13949
18615 18509 7914
18509 18615 8154
18977 18509 8154
18975 18509 18977
18977 145 18975
147 145 18977
147 8156 145
145 8156 7916
7917 13606 7915
7915 13606 13604
8155 13604 13606
8155 13606 8157
13604 8155 13949
7913 13604 13602
7915 13604 7913
18513 8154 18615
14010 13600 14012
14012 8153 14369
14428 14012 14369
14010 14012 14428
14428 14369 14811
14428 14811 14880
14880 14811 15275
599 8156 601
14880 15275 15350
15350 15737 15808
8151 15808 15737
18053 18144 8152
7914 7912 18144
18513 7914 18144
18053 18513 18144
18615 7914 18513
15350 15275 15737
8150 17670 17565
2032 1935 7932
2474 2831 2375
8183 13630 7945
13630 13536 7945
13950 14042 14460
13950 14460 14370
8185 14370 14460
15276 8186 15384
15276 15384 7946
15734 15276 7946
15738 15276 15734
15734 7947 16300
16190 15734 16300
15738 15734 16190
16190 16300 16760
16190 16760 16642
8187 16642 16760
14042 8183 7945
7948 4112 4220
13950 8183 14042
7942 5328 5274
13104 13230 7941
13538 8181 13630
13630 8181 7943
8181 13230 7943
13230 13104 7943
8183 13538 13630
4114 8184 4220
4622 8182 4114
4622 4114 4220
4536 4622 4220
7944 4536 4220
4926 4986 4536
4536 4986 4622
5274 5328 4926
4926 5328 4986
13536 13630 7943
8184 7948 4220
8188 7948 8184
7944 4220 4112
3254 8190 3358
3254 3358 7950
3672 3254 7950
3674 3254 3672
3672 7948 3674
3674 7948 8188
17715 17570 8189
8191 17570 17715
7949 8191 17715
7951 8191 7949
2378 8192 2492
2378 2492 2954
2378 2954 2834
3358 8190 2834
3358 2834 2954
7949 17715 17566
17102 17566 17106
17106 17566 8189
17566 17715 8189
13948 14042 7945
14368 14460 13948
13948 14460 14042
14460 14368 8185
14368 14812 8185
14368 14810 14812
8186 14812 15384
7940 5682 5626
14812 15274 15384
7946 15384 15274
16186 16300 7947
16638 16760 16186
16186 16760 16300
16760 16638 8187
16638 17106 8187
16638 17102 17106
14812 14810 15274
2932 2831 2474
5682 5324 5328
5626 5682 7942
2377 2474 8174
2474 2377 2833
2474 2833 2932
2932 2833 3253
2932 3253 3338
3338 3253 3673
3338 3673 3760
3760 3673 8176
4212 3760 8176
4208 3760 4212
4212 8177 4537
4614 4212 4537
4208 4212 4614
4614 4537 4927
4614 4927 4978
8175 8173 7935
4978 4927 8178
8175 7935 7937
5318 5320 5678
3338 3251 2932
2932 3251 2831
3760 3671 3338
3338 3671 3251
4208 4111 3760
3760 4111 3671
4111 4208 7933
4208 4612 7933
4208 4614 4612
4978 4612 4614
4976 4612 4978
5320 4976 4978
5318 4976 5320
7934 5318 5625
5318 5678 5625
5678 7936 5625
5322 4978 8178
5320 4978 5322
5680 5320 5322
7940 5680 5682
7939 12092 8179
8179 12092 12094
12600 12094 12092
12600 12602 12094
12600 7941 13230
13106 12600 13230
12602 12600 13106
8181 13106 13230
8182 4622 4620
8182 4620 8180
4986 4620 4622
4982 4620 4986
5328 4982 4986
5324 4982 5328
7938 5680 7940
5680 5322 5682
5682 5322 5324
5324 5322 4982
5678 5320 5680
7936 5678 7938
7938 5678 5680
7937 11660 8175
8175 11660 11662
8179 11662 11660
8179 11660 7939
5682 5328 7942
4113 4212 8176
4212 4620 8177
4620 4113 8180
4620 4212 4113
4538 4620 4982
4538 4982 4928
5322 8178 4928
4982 5322 4928
4620 4538 8177
6896 6718 6898
212 493 654
18865 31 212
8593 8472 7865
8921 7871 8760
8760 7871 7617
7871 8472 7617
8472 8593 7617
9289 9104 7618
7618 9104 8760
9104 7872 8760
7872 8921 8760
9104 9289 9472
9472 9289 9677
9677 7866 9472
12227 7873 11942
7873 7619 11942
7873 7867 7619
4432 7616 7864
7623 12227 11942
4428 7616 4432
4432 7870 7622
9677 7862 7866
11773 11526 7863
7867 11526 11773
7615 7867 11773
7619 7867 7615
28 271 7620
492 7868 271
28 492 271
490 492 28
928 492 490
928 930 492
1382 930 928
1382 1384 930
7869 1384 1382
7869 1382 7621
4432 7622 4428
9673 7862 9677
15612 7874 7624
16066 15612 15610
1818 7869 2036
7869 7625 2036
7869 7621 7625
7877 1818 2036
3996 7878 4210
4210 7626 3996
7626 7870 3996
7626 7622 7870
8921 8764 7871
8921 7872 8764
12233 7879 12227
12227 7879 7873
12227 7623 7627
12227 7627 12233
14692 14905 7628
271 7868 30
15612 7624 15610
30 18866 18864
271 30 7620
16066 16068 15612
16518 16068 16066
16518 16520 16068
16982 16520 16518
16982 16984 16520
17446 16984 16982
17446 17448 16984
17932 17448 17446
17932 17934 17448
18402 18637 7875
17934 18402 7875
17932 18402 17934
18866 7876 18637
18402 18866 18637
18864 18866 18402
30 18864 7620
9677 9289 9673
9673 9289 7614
9289 9100 7614
7285 7857 7238
7238 7857 7605
7857 6952 7605
6952 7017 7605
7609 7285 7238
9667 7610 7606
9667 7606 9661
9661 10055 9667
9661 10049 10055
7858 10055 10262
10055 10467 10262
10055 10049 10467
10262 10467 10678
10678 10467 10899
10678 10899 11098
7017 6952 7855
11098 10899 11327
7854 7856 7604
7607 11327 11096
7017 7855 7015
7015 7855 7853
7015 7601 7605
7015 7605 7017
9468 9661 7606
9661 9468 7602
10043 9661 7602
10049 9661 10043
10043 10467 10049
10043 10463 10467
10463 10899 10467
10463 10895 10899
10895 7603 11096
11327 10895 11096
10899 10895 11327
7604 7856 7608
7859 11098 11327
7607 7859 11327
7611 7859 7607
11773 7863 11524
7863 7611 11524
7863 7859 7611
7615 11773 11524
7612 7864 7616
7860 7864 7612
8043 7990 7861
7990 8043 8224
8224 8043 8305
8593 7865 8470
8470 7865 7613
7865 8224 7613
8224 8305 7613
7617 8593 8470
9100 9289 7618
10055 7858 9870
9673 9667 10055
9673 10055 9870
7862 9673 9870
7608 7860 7612
7856 7860 7608
7285 7240 7857
7609 7494 7285
7494 7240 7285
7494 7496 7240
7742 7496 7494
15154 7880 14905
7742 7744 7496
7744 7988 7861
7742 7988 7744
8222 8305 8043
8222 8043 7988
7613 8305 8222
9673 7614 7610
9673 7610 9667
7988 8043 7861
14692 15154 14905
15150 15154 14692
15150 7624 15154
7645 12781 12428
13832 14055 7646
14256 14475 14055
14256 14055 13832
14694 14929 14475
14694 14475 14256
15397 15156 7644
7644 15156 14694
15156 7896 14694
7896 14929 14694
15397 7894 15156
12781 12432 7895
7645 12960 12781
12960 12432 12781
12960 12962 12432
7895 7893 7643
13416 12962 12960
7895 7643 12428
15851 7892 15614
12255 7639 7641
12255 7641 12257
7890 15613 15851
7642 7890 15851
7640 7890 7642
15613 7892 15851
12257 11946 7891
7893 11946 12257
7641 7893 12257
7643 7893 7641
15152 15397 7644
15851 15614 7642
7642 15614 15152
15614 7894 15152
7894 15397 15152
12781 7895 12428
13416 13418 12962
14055 13834 7646
13834 13416 7646
11294 7899 11229
7897 11740 11657
12597 12706 7898
12706 12597 13101
12706 13101 13180
7900 13592 13533
7900 13533 7648
13101 7900 7648
13180 13101 7648
14002 13945 13592
13592 13945 13533
14002 7650 13945
7651 11300 7649
7649 11300 11294
7899 11294 11300
7899 11657 11229
11657 7647 11229
11657 11740 7647
11294 11229 7649
13834 13418 13416
13834 14055 14258
14258 14055 14475
14258 14475 14696
14696 14475 14929
14929 7896 14696
11740 11653 7647
12255 7891 7889
7897 12089 11740
12089 12085 11653
12706 12593 7898
12593 12089 7898
12593 12085 12089
13180 13097 12706
12706 13097 12593
13180 7648 13097
12089 11653 11740
4427 7854 7604
12257 7891 12255
7888 7640 15151
12233 11944 7879
12755 7881 12426
12426 7881 7627
7881 11944 7627
11944 12233 7627
7631 12755 12426
14254 14455 7632
14455 14254 7628
14905 14455 7628
14907 14455 14905
14905 7880 14907
14907 7880 7882
2712 2938 7629
3142 3344 2712
2712 3344 2938
7626 4210 3994
7630 3344 3142
3566 3564 3994
7878 3566 4210
15154 7624 7874
18637 18404 7875
18637 7876 18404
1816 2036 7625
2036 1816 7877
1816 2250 7877
1816 2248 2250
2248 7629 2938
2714 2248 2938
2250 2248 2714
2714 2938 3344
2714 3344 3144
3144 3344 7630
3564 3144 7630
3566 3144 3564
3566 3994 4210
12755 12430 7881
7883 12430 12755
7631 7883 12755
14913 14693 14255
14913 14255 14459
7886 15155 15385
7886 15385 7638
14913 7886 7638
14693 14913 7638
15155 7888 15385
7889 11945 12255
7887 12767 11945
11945 12767 12255
12767 12427 12255
12427 7639 12255
12767 7637 12427
15385 15151 7638
15385 7888 15151
14459 14255 7636
7635 7637 7885
7885 7637 12431
7637 12767 12431
7633 7883 7631
14457 7634 7632
14457 7632 14455
14455 14909 14457
14455 14907 14909
14907 7882 14909
14909 7882 7884
7888 7890 7640
7885 7633 7635
14459 7636 7634
14459 7634 14457
14457 14913 14459
14457 14909 14913
14909 7884 14913
14913 7884 7886
7887 12431 12767
7885 7883 7633
4431 7854 4427
4427 7852 4431
4427 7600 7852
10829 11267 10831
10829 11261 11267
11707 11523 7563
11267 11707 7563
11261 11707 11267
11707 7561 11523
3689 3563 7562
3689 7820 3563
7820 7564 3563
7820 7822 7564
7823 10259 10397
7821 10831 10259
10831 10397 10259
10831 10837 10397
10831 11273 10837
10829 7821 7819
10831 11267 11273
10831 7821 10829
7560 7818 7562
3143 3141 2713
3143 7818 3141
3141 7818 7560
9215 9102 7815
9215 7816 9102
10829 7819 10827
10827 7819 7817
10827 11261 10829
10827 11259 11261
11259 11707 11261
11259 11701 11707
11701 7559 7561
11701 7561 11707
7818 3565 3689
7562 7818 3689
3565 7820 3689
11267 7563 7565
11267 7565 11273
7564 7824 7566
10399 7569 10403
4143 3993 7568
4143 7826 3993
7826 7570 3993
7826 7828 7570
9997 9866 7827
9866 9997 7829
9997 10409 7829
9997 10403 10409
10403 7569 7571
10403 7571 10409
7570 7830 7572
7828 7830 7570
10413 7831 10409
10409 7831 7829
10399 7567 7569
9993 10399 10403
9993 10403 9997
9993 7827 7825
7822 7824 7564
7825 9865 9993
7823 10397 9865
10397 9993 9865
10397 10399 9993
10837 10675 7567
10399 10837 7567
2713 3141 2711
10397 10837 10399
11273 10675 10837
11273 7565 11095
7824 3995 4143
7568 7824 4143
7566 7824 7568
3995 7826 4143
9997 7827 9993
11273 11095 10675
10409 7571 7573
2711 7814 2713
11699 7559 11701
8857 8761 9211
9211 8761 9101
9211 9101 9597
9597 9101 9469
9469 7806 9597
7807 11097 11255
11097 7808 11255
7809 12429 12657
7555 12657 12429
7803 7555 12429
7553 7555 7803
7554 7810 7556
7804 7810 7554
8859 7811 8857
8857 7811 7805
7805 8761 8857
8857 9213 8859
7804 7554 7552
1817 7804 1970
7803 7549 7553
7803 7799 7549
16981 7550 7800
16981 7800 16983
16983 17445 16981
17447 17445 16983
17447 17931 17445
17933 17931 17447
17933 18401 17931
18403 18401 17933
18865 19038 7551
18401 18865 7551
18403 18865 18401
7801 19038 18865
1817 1970 7802
7804 7552 1970
8857 9211 9213
9211 9599 9213
9211 9597 9599
8859 8762 7811
8762 8859 7815
8859 9215 7815
8859 9213 9215
7816 9215 9470
9215 9599 9470
9215 9213 9599
9599 7812 9470
10827 7817 10825
10825 7817 7813
10825 11259 10827
10825 11257 11259
11257 11701 11259
11257 11699 11701
11699 7557 7559
2247 7814 7558
2249 7814 2247
2247 7810 2249
2247 7556 7810
9597 7806 9599
9599 7806 7812
7813 10677 10825
7807 11255 10677
11255 10825 10677
11255 11257 10825
11525 11699 7808
2711 7558 7814
11699 11255 7808
11699 11525 7557
11525 11941 7557
11525 11943 11941
11943 7809 12657
12425 11943 12657
11941 11943 12425
12657 7555 12425
11699 11257 11255
7899 11300 7901
10409 7573 10413
7574 7830 4567
7846 8579 7592
8293 7846 7592
8221 8293 7592
8579 8471 8901
8901 8471 8763
7847 9263 8763
8763 9263 8901
9263 9099 8901
9099 7593 8901
9641 9467 9099
9641 9099 9263
10031 9863 9467
10031 9467 9641
10031 7589 10258
10455 10031 10258
7846 8471 8579
10031 7594 9863
8293 7987 8029
8029 7987 7588
7843 10451 9869
9869 10451 10031
10451 10257 10031
10257 7589 10031
10451 7585 10257
4426 4595 7590
4426 7586 4595
7586 7848 4595
7586 7844 7848
7849 6951 7011
7845 7275 6951
6951 7275 7011
7275 7237 7011
7237 7591 7011
7275 7587 7237
8293 8221 7987
10031 10455 7594
10676 10889 10455
10676 10455 10258
10889 7599 10891
7596 7852 7600
7850 7852 7596
7015 7853 7013
7013 7853 7851
7013 7597 7601
7013 7601 7015
10043 7602 7598
10043 7598 10039
10039 10463 10043
10039 10459 10463
10459 10895 10463
10459 10891 10895
10891 7599 7603
10891 7603 10895
10889 7595 7599
10455 10889 10891
10455 10891 10459
10459 10039 10455
7595 10889 10676
7590 4595 4430
7850 7590 4430
7596 7590 7850
4595 7848 4430
7013 7851 7011
7011 7851 7849
10031 9471 9869
7011 7591 7597
8579 8469 7592
8901 8759 8469
8901 8469 8579
8901 7593 8759
9864 10039 7598
10039 9864 7594
10455 10039 7594
7011 7597 7013
7830 4429 4567
9641 9471 10031
9263 9103 9641
10421 7577 10429
4941 4821 7576
5287 7578 4821
4941 5287 4821
5283 5287 4941
5283 7834 5287
5287 7834 7836
10013 9868 7835
9868 10013 7837
10013 10437 7837
10013 10429 10437
10429 7577 7579
10429 7579 10437
5291 7580 7578
5291 7578 5287
10421 7575 7577
5287 7836 5291
10421 10429 10013
7833 10421 9867
7572 7830 7574
4429 7832 4567
10421 7833 10413
10413 7833 7831
10413 7573 7575
10413 7575 10421
4567 4425 7574
7832 4823 4941
7832 4941 7576
4567 7832 7576
4425 4567 7576
4941 4823 5283
5283 4823 5177
5177 7834 5283
7835 9867 10013
10421 10013 9867
5291 7836 7838
10437 10260 7837
7839 10260 10437
7586 7584 7844
4959 7842 4824
7845 7239 7275
7275 7239 7587
7239 7493 7587
7239 7495 7493
7495 7741 7493
7743 7741 7495
7588 7741 8029
7741 7989 8029
7741 7743 7989
8029 7989 8293
8293 7989 8223
8223 7846 8293
7847 9103 9263
7844 7584 4824
7584 4959 4824
7583 7585 7841
7841 7585 10261
7579 7839 10437
7581 7839 7579
5295 7582 7580
5295 7580 5291
5291 7838 5295
5295 7838 7840
7841 7581 7583
9641 9103 9471
7841 7839 7581
5295 5178 7582
7582 5178 4822
5178 7842 4822
7842 4959 4822
5295 7840 5178
7843 10261 10451
7585 10451 10261
4822 4959 7584
212 31 493
13535 13592 7900
14004 13592 7902
7959 18198 7715
18198 18046 7715
7961 18510 18664
7716 2374 2520
7960 7716 2520
7962 7716 7960
7714 2520 2374
7717 18666 7715
7715 18666 18664
7961 18664 18666
7961 18666 7963
7716 7964 7718
7962 7964 7716
7719 18668 7717
7717 18668 18666
18664 7959 7715
7963 18666 18668
18510 7959 18664
7714 7712 7958
7956 7710 7954
7708 2958 2830
18192 18045 7711
7709 18045 18192
7957 7709 18192
7955 7709 7957
7710 7958 7712
7956 7958 7710
7713 18198 7711
7711 18198 18192
7957 18192 18198
7957 18198 7959
2376 7960 2520
2520 7714 2376
7714 7958 2376
18046 18198 7713
7954 7710 2958
7963 18668 7965
2082 7720 1934
17563 18051 7721
17567 18051 17563
7967 18214 18051
600 7970 758
600 758 7724
1036 600 7724
1038 600 1036
1488 1038 1036
1488 1490 1038
1488 7722 1490
1490 7722 7968
7971 16187 7725
7725 16187 16183
7723 16183 16187
7723 16187 7969
18051 18214 7721
1934 7966 2082
17567 17563 17103
17103 17099 16639
7720 7964 1934
7720 7718 7964
18214 18047 7721
18511 18668 7719
18511 7719 18047
7967 18511 18047
18214 7967 18047
7965 18668 18511
7722 1932 2082
7966 7722 2082
7968 7722 7966
7720 2082 1932
7969 16639 7723
7723 16639 16635
16639 17099 16635
17103 17563 17099
7710 2830 2958
7955 7953 7707
7955 7707 7709
13946 7701 14464
14368 13946 14464
13948 13946 14368
14368 14464 7702
14808 14368 7702
14810 14368 14808
15272 14810 14808
15272 15274 14810
7946 15274 15844
15274 15730 15844
15274 15272 15730
15844 15730 7947
15730 16186 7947
15730 16182 16186
16634 16186 16182
13534 13946 13948
16634 16638 16186
13534 13948 7945
13534 13634 7699
7696 5686 5624
13536 7943 13634
7943 7699 13634
7943 7697 7699
7945 13536 13634
15734 7946 15844
7947 15734 15844
4112 7948 4224
4626 7944 4112
4626 4112 4224
4534 4626 4224
7700 4534 4224
4924 4990 4534
4534 4990 4626
7698 4990 4924
13634 13534 7945
17098 16638 16634
17098 17102 16638
17098 7703 17714
4228 3784 7706
4228 3780 3784
7704 4228 4110
7705 18044 7951
7951 18044 18050
7953 18050 18044
7953 18044 7707
2832 7954 2958
3362 7952 2832
3362 2832 2958
3250 3362 2958
7708 3250 2958
3670 3784 3250
3250 3784 3362
7706 3784 3670
4110 4228 7706
3784 3780 3362
3362 3780 3252
3780 7950 3252
17566 17098 17714
17102 17098 17566
7949 17566 17714
3672 7950 3780
4224 7948 3672
3780 4224 3672
4228 4224 3780
146 7972 310
7700 4224 7704
14366 14464 7701
7702 14464 14366
17562 17714 7703
7949 17714 17562
7705 7949 17562
7951 7949 7705
3252 7952 3362
7704 4224 4228
758 7970 146
758 146 310
598 758 310
9207 8765 9105
9105 8054 9207
8055 12963 7799
7799 12963 12961
7797 12961 12963
7797 12963 8051
16689 16519 7798
16689 8052 16519
8052 7800 16519
8052 8056 7800
8057 18867 19039
212 29 7801
18867 8058 19039
654 491 212
212 491 29
8853 8765 9207
1104 929 654
8053 8765 8853
7796 8050 7798
15611 15153 15615
15615 8048 15611
15611 8048 7794
8049 13419 7795
7795 13419 13417
7793 13417 13419
7793 13419 8047
16067 7794 8048
16067 8048 16069
16069 8050 16067
16067 8050 7796
8051 7795 7797
8051 8049 7795
8050 16521 16689
7798 8050 16689
16521 8052 16689
654 929 491
1536 1383 1104
1104 1383 929
7799 7803 8055
16983 7800 8056
16983 8056 16985
16985 17447 16983
17449 17447 16985
17449 17933 17447
17935 17933 17449
17935 18403 17933
18405 18403 17935
18405 8057 19039
18865 18405 19039
18403 18405 18865
18865 19039 8058
31 18865 8058
18865 212 7801
8055 7803 12433
7803 12651 12433
8063 12433 12651
11099 8062 11253
1536 7802 1383
8059 8473 8545
8053 8853 8473
8853 8545 8473
8853 8855 8545
8853 9209 8855
8853 9207 9209
15615 15153 8046
9473 9595 8054
9595 9209 9207
9595 9473 9979
9979 9473 9871
9871 8060 9979
8061 10679 10821
10821 10679 11253
11253 10679 11099
9595 9207 8054
5274 5272 5624
15153 15305 8046
15305 15153 14695
7977 15736 15882
18976 7978 19148
19148 7732 18976
7732 7976 18976
7732 7730 7976
15732 15882 7731
7977 15882 15732
7733 7977 15732
7979 7977 7733
18512 7980 18690
19148 7978 18512
19148 18512 18690
18974 19148 18690
7734 18974 18690
7732 19148 18974
7975 7729 7731
7981 7733 7735
7975 7731 15882
7974 7976 7728
7726 598 310
7724 758 598
15876 15731 7727
7725 15731 15876
7973 7725 15876
7971 7725 7973
7728 144 310
7972 7728 310
7974 7728 7972
7726 310 144
15876 7727 15735
7727 7975 15735
7727 7729 7975
7973 15876 15735
7728 7976 7730
15736 7975 15882
7981 7979 7733
18052 7982 18234
18690 7980 18052
7984 17104 17764
17104 17564 17764
17104 17100 17564
7738 17764 17564
8045 14697 14839
14839 14697 15305
15305 14697 15157
15157 8046 15305
8047 13835 7793
7793 13835 13833
13835 14257 13833
14259 14257 13835
14259 8045 14839
14695 14259 14839
14257 14259 14695
16636 17100 17104
16636 17104 7983
16800 16636 7983
16636 16800 7737
18690 18052 18234
18508 18690 18234
7736 18508 18234
7734 18690 18508
7735 16184 7981
7981 16184 16188
16184 7737 16800
15305 14695 14839
16640 16184 16800
7983 16640 16800
17568 7984 17764
18234 7982 17568
18234 17568 17764
18048 18234 17764
7738 18048 17764
7736 18234 18048
16188 16184 16640
5274 5624 5686
7942 5274 5686
5274 4926 5272
12594 12718 12086
12086 12718 12198
7661 13194 12594
13194 12718 12594
13194 13192 12718
7913 13192 13194
7913 13194 7915
18507 7660 7914
18507 7914 18509
18509 18973 18507
18975 18973 18509
18975 143 18973
145 143 18975
702 597 7916
597 145 7916
12086 12198 7659
597 143 145
7912 7914 7658
7913 13102 13192
14878 15273 15348
7909 15348 15273
18043 7656 7910
18043 7910 18049
18049 7912 18043
18043 7912 7658
11654 11752 7657
7659 12198 11654
12198 11752 11654
12198 12196 11752
12718 12196 12198
12716 12196 12718
13192 13102 7911
12716 13192 7911
12718 13192 12716
7658 7914 7660
1156 1035 702
702 1035 597
1156 7662 1035
7921 7665 7667
7921 7919 7665
7922 1594 1592
7922 1592 7920
7666 1592 7668
7668 1592 1594
4190 4107 7669
4598 4533 4190
4190 4533 4107
4598 7670 4533
13202 13099 7671
7667 13099 13202
7923 7667 13202
7921 7667 7923
1489 1594 7922
7666 1590 1592
7664 1590 7666
1590 1158 1592
1592 1158 7920
13098 13194 7661
7915 13194 13098
7663 7915 13098
7917 7915 7663
599 702 7916
702 599 7918
1158 702 7918
14878 14809 15273
1156 702 1158
1156 1590 1487
1156 1158 1590
1590 7664 1487
7919 7663 7665
7919 7917 7663
1037 1158 7918
1158 1037 7920
7662 1156 1487
1489 7924 1594
14426 14809 14878
14008 14367 14426
7904 14006 14004
7904 14004 7902
14424 14004 14006
14422 14004 14424
14876 14422 14424
14874 14422 14876
15346 14874 14876
15344 14874 15346
15804 15344 15346
15802 15344 15804
15804 7905 16185
16258 15804 16185
15802 15804 16258
16258 16185 16637
16258 16637 16718
7901 11304 7903
17097 7652 16718
7901 11300 11304
7653 11304 7651
14002 13592 14004
7650 14002 14365
14002 14422 14365
14002 14004 14422
14874 14807 14422
14422 14807 14365
15344 15271 14874
14874 15271 14807
15802 15729 15344
15344 15729 15271
16258 16181 15802
15802 16181 15729
16718 16633 16258
16258 16633 16181
16718 7652 16633
7651 11304 11300
16637 17097 16718
17101 17097 16637
17668 17561 7906
7905 15804 15733
17565 17668 7906
17565 7910 17668
7910 7654 17668
7910 7656 7654
7657 11752 7655
7655 11752 11750
12196 12090 7907
11750 12196 7907
11752 12196 11750
12090 12196 12716
12090 12716 12598
7911 12598 12716
13947 14008 7908
14008 13947 14367
15346 15348 15804
15804 15348 15733
15348 7909 15733
15346 14876 15348
17561 17101 7906
17561 17097 17101
17668 7654 17561
11230 11304 7653
11658 7903 11750
11750 7903 7655
7903 11304 7655
14426 14367 14809
11304 11230 7655
7908 14008 14006
7908 14006 7904
14426 14006 14008
14424 14006 14426
14878 14424 14426
14876 14424 14878
15348 14876 14878
7907 11658 11750
13592 13535 7902
7924 7668 1594
7673 4192 7669
2472 2375 2831
2472 2831 2930
2930 2831 3251
2930 3251 3334
3334 3251 3671
3334 3671 3756
3756 3671 4111
3756 4111 4204
7933 4204 4111
5625 5676 7934
5676 5625 7936
6046 5676 7936
6044 5676 6046
7688 6044 7690
7690 6044 6046
2375 2472 7932
11787 7937 11656
7935 7931 7687
6044 7688 5983
3756 4200 7685
3756 4204 4200
4204 7933 4535
4608 4204 4535
4200 4204 4608
4608 4535 4925
4608 4925 4974
4974 4925 5273
4974 5273 5316
7934 5676 5623
7934 5623 7686
5273 7934 7686
5316 5273 7686
6044 5983 5676
5676 5983 5623
7935 7687 7689
7937 7689 11656
7937 7935 7689
7691 11787 11656
5626 7942 5686
6050 7940 5626
6050 5626 5686
5984 6050 5686
7696 5984 5686
7694 6050 5984
7695 13100 7941
7941 13100 13104
7943 13104 13100
7943 13100 7697
4536 7944 4626
4536 4626 4990
4536 4990 4926
4926 4990 7698
5272 4926 7698
7941 12596 7695
7941 12600 12596
12596 12600 12092
12596 12092 12237
7938 6048 6046
7938 6046 7936
7690 6046 7692
7692 6046 6048
11787 11660 7937
12237 7939 12088
12088 7939 7691
3669 3756 7685
7939 11660 7691
7693 12237 12088
7940 6050 6048
7940 6048 7938
7692 6048 7694
7694 6048 6050
12237 12092 7939
7693 12596 12237
11660 11787 7691
7924 7672 7668
3334 3669 3249
2930 3249 2829
7924 7926 7672
2026 7676 1931
7677 4194 7673
7673 4194 4192
4602 4192 4194
4600 4192 4602
4922 4968 7678
4968 4602 7678
4968 4600 4602
7674 4968 4922
11766 7675 11659
7675 7927 11659
7675 7679 7927
11766 11659 12091
11766 12091 12210
7672 7926 1931
7925 12210 12091
7926 2026 1931
12599 13103 12595
7669 4192 4190
4600 4190 4192
4598 4190 4600
7670 4598 4921
4598 4968 4921
4598 4600 4968
4968 7674 4921
11766 11655 7675
12210 12087 11766
11766 12087 11655
7925 12599 12210
12599 12087 12210
12599 12595 12087
13103 13202 7671
12595 13103 7671
7923 13202 13103
7928 2028 2026
7928 2026 7926
7676 2026 7680
4972 4604 4974
7682 4972 5271
4972 5316 5271
4972 4974 5316
5316 7686 5271
7931 7683 7687
7931 7929 7683
1933 2030 7930
7932 2472 2373
7932 2373 7684
1933 7932 7684
2030 1933 7684
2930 2829 2472
2472 2829 2373
3334 3249 2930
4974 4604 4608
4200 4608 4604
4200 4604 7681
4109 4200 7681
7680 2026 2028
4108 4194 7677
7681 4604 4108
4604 4194 4108
4604 4602 4194
7678 4602 4923
4602 4972 4923
3756 3669 3334
4602 4604 4972
7929 7679 7683
7929 7927 7679
7930 2030 2028
7930 2028 7928
7680 2028 7684
7684 2028 2030
4200 4109 7685
4972 7682 4923
7184 6718 7182
10906 10800 7185
7181 10466 7183
19072 133 244
6177 244 133
2819 2908 6178
3237 5810 2908
2819 3237 2908
3239 3237 2819
19072 18963 133
5812 3237 3729
3237 3239 3659
3729 3659 4179
4179 3659 4097
4097 6180 4179
10366 6179 10444
6179 5813 10444
3237 3659 3729
6179 5811 5813
18963 19072 6176
6179 5809 5811
6175 5807 5809
6175 6171 5807
6176 19072 19070
6176 19070 6172
244 19070 19072
242 19070 244
6179 6175 5809
6173 242 244
2363 2448 6174
6178 2908 2817
6178 2817 5808
2363 6178 5808
2448 2363 5808
2908 5810 2817
6173 244 6177
2448 5808 2361
6181 10366 10444
4179 4095 3657
6335 5814 6182
6335 6182 6337
5816 6335 6697
6335 6689 6697
6335 6337 6689
6689 6184 6697
6181 10444 10367
6185 9973 5817
5815 9971 9973
5815 9973 6183
6697 6687 5816
6697 6184 6687
6184 5818 6687
6184 6186 5818
5817 9973 9971
3729 3657 5812
5813 5815 6183
10444 5813 10367
4179 3657 3729
4095 4179 6180
4523 4095 6180
4521 4095 4523
4523 4909 4521
4911 4909 4523
5813 6183 10367
4911 5259 4909
5261 5609 5259
5611 5609 5261
5611 5969 5609
5971 5969 5611
5971 6182 5969
5969 6182 5814
5261 5259 4911
2002 1921 5806
1921 6174 5806
6174 2361 5806
18961 19066 5799
19066 236 5799
19066 238 236
238 6165 587
688 238 587
236 238 688
19066 18961 5803
6161 688 587
6166 1998 1919
6166 1919 5800
1477 6166 5800
1568 1477 5800
1998 5804 1919
6167 10365 5805
1477 1568 6162
5805 10365 10363
17664 5802 17537
17664 17537 17186
1568 5800 1475
6163 5797 5801
6163 6159 5797
15257 15338 6160
15338 15257 15709
15338 15709 15798
17186 17537 17073
15798 15709 16161
16254 16161 16613
16254 16613 16714
6164 17186 17073
6164 17073 5798
16613 6164 5798
16714 16613 5798
15798 16161 16254
5801 10363 10365
5801 10365 6163
17077 17186 6164
6171 5805 5807
6171 6167 5805
18025 18138 6168
18138 18025 18497
18138 18497 18606
18606 18497 6172
5806 1998 2002
19070 18606 6172
242 19068 19070
240 19068 242
6169 240 242
6169 242 6173
1921 2002 6170
6174 2448 2361
19068 18606 19070
5804 1998 5806
6170 1998 6166
6170 2002 1998
17186 17077 17541
17186 17541 17664
6168 18138 18023
6168 18023 5802
17541 6168 5802
17664 17541 5802
18606 18495 18138
18138 18495 18023
18495 18606 5803
18606 19066 5803
18606 19068 19066
240 19066 19068
238 19066 240
6165 238 240
6165 240 6169
6187 5817 5819
6187 6185 5817
5818 6188 5820
6186 6188 5818
5840 6054 5970
5843 12766 5841
5841 12766 12762
13234 12762 12766
13232 12762 13234
6209 13232 13234
5842 5970 5690
6209 13234 6211
5690 6210 5262
5690 5262 5336
5610 5690 5336
5844 5610 5336
5842 5690 5610
12580 12766 5843
5262 6212 5336
5845 13236 12580
5970 6054 5690
6054 6208 5612
6207 13088 13228
5972 6208 6054
6418 6206 5972
6418 5972 6054
6336 6418 6054
5840 6336 6054
6054 5612 5690
5838 6418 6336
5839 12762 12758
13232 12758 12762
13228 12758 13232
6207 13228 13232
6207 13232 6209
5612 6210 5690
5841 12762 5839
13236 12766 12580
13236 13234 12766
13636 13524 6211
13086 13636 13236
13934 14044 13522
13522 14044 13636
14352 14462 13934
13934 14462 14044
14792 14918 14352
13522 13636 13086
14352 14918 14462
14792 15388 14918
15388 15254 6213
15254 15710 6213
15254 15706 15710
6215 15710 15706
6215 15706 5847
15254 15388 14792
13086 13236 5845
5844 5336 5260
5846 5260 4998
13234 13636 6211
13236 13636 13234
13524 13636 14044
13524 14044 13936
13936 14044 14462
13936 14462 14356
14356 14462 14918
14356 14918 14796
14796 14918 15388
14796 15388 15258
6213 15258 15388
4912 6214 4998
5336 6212 4912
5336 4912 4998
5260 5336 4998
12758 13228 12752
1132 1025 5796
12752 13228 6205
5837 12758 12752
6195 9591 5827
5827 9591 9587
5825 9587 9591
5825 9591 6193
5826 6196 5828
6194 6196 5826
6192 6194 5824
6197 5827 5829
5828 6198 5830
6196 6198 5828
5829 9588 6197
6197 9588 9592
6199 9592 9588
6199 9588 5831
6197 6195 5827
7008 6200 5832
5824 6194 5826
6193 9590 9586
6189 9589 5821
5821 9589 9585
5819 9585 9589
5819 9589 6187
5820 6190 5822
6188 6190 5820
6193 9586 5825
6191 5821 5823
7005 5822 6190
7005 6190 7007
7007 6192 7005
7005 6192 5824
5823 9586 6191
6191 9586 9590
6191 6189 5821
7008 5832 7006
7006 5830 7008
7008 5830 6198
6690 5836 6688
6688 5834 6690
6690 5834 6202
12072 12230 5835
12582 6203 12752
12752 6203 5837
6690 6204 5836
6203 12230 5837
6205 12582 12752
6338 6206 6418
6418 5838 6338
5838 6204 6338
5838 5836 6204
5839 12758 5837
12230 12072 5837
6203 12074 12230
11642 11640 12074
12074 11640 12230
6201 5831 5833
6201 6199 5831
5832 6202 5834
6200 6202 5832
5833 9972 6201
6201 9972 9974
10364 9974 9972
10364 10368 9974
10788 10368 10364
10788 10790 10368
11212 10790 10788
11212 11214 10790
11640 11214 11212
11640 11642 11214
11640 5835 12230
13228 13088 6205
1025 6162 5796
6162 1475 5796
6162 1568 1475
12207 11932 6135
12729 6137 12414
12414 6137 5773
6137 11932 5773
11932 12207 5773
12948 13203 12729
6134 6136 5772
12948 12729 12414
13404 13203 12948
13820 14023 13613
13820 13613 13404
14242 14441 14023
14242 14023 13820
5777 14441 14242
13404 13613 13203
15361 15135 5774
5772 6136 5776
17431 5775 17207
6132 15361 5774
14889 6132 5774
14679 14889 5774
15361 15139 15819
15819 15139 15599
15819 15599 16275
17683 5771 17431
16275 15599 16055
16735 16055 16507
16735 16507 17207
17207 16507 16971
6133 17683 16971
16971 17683 17207
17683 17431 17207
16275 16055 16735
15819 15595 15135
15819 15135 15361
16275 16051 15595
14023 14441 14443
14441 5777 14680
14895 14441 14680
14443 14441 14895
5779 14895 14680
478 715 5780
14023 14443 14025
918 6140 715
916 918 478
1370 918 916
1370 1372 918
1804 2027 6141
1372 1804 6141
1370 1804 1372
478 918 715
13613 14023 14025
13613 14025 13615
13203 13613 13615
16275 15595 15819
16735 16503 16051
16735 16051 16275
17207 16967 16503
17207 16503 16735
17207 5775 16967
3130 3325 5778
3130 5776 3325
5776 6138 3325
5776 6136 6138
12731 6139 12729
12729 6139 6137
12729 13205 12731
12729 13203 13205
13203 13615 13205
6132 15139 15361
2236 2467 2027
14889 14679 5770
6135 6131 5769
5761 10449 10250
14885 5762 5758
14885 5758 14883
14883 6120 14885
14885 6120 6124
17679 6125 17677
6123 6119 5757
17677 6125 6121
17677 5763 17679
5760 4183 3980
6126 5760 3980
5764 5760 6126
4183 6122 3980
10449 10252 6123
17677 5759 5763
5761 10664 10449
6123 5757 10250
4183 6118 6122
15138 6120 14678
6120 14883 14678
15351 6116 15138
16725 16506 6117
5755 16966 16725
16966 16506 16725
10449 6123 10250
16966 16970 16506
16970 17430 6121
16966 17430 16970
5759 17677 17430
4183 5760 5756
4183 5756 4181
4181 6118 4183
17430 17677 6121
10664 10252 10449
10664 10666 10252
11084 11317 6127
14889 5770 5766
14889 5766 14887
14887 6128 14889
14889 6128 6132
6133 17435 17683
5771 17683 17435
6131 11510 5769
6129 5771 17435
3550 6134 5772
3550 5772 3548
3548 5768 3550
3550 5768 6130
12207 6135 11930
6135 5769 11930
5767 5771 6129
6131 11512 11510
11510 11512 11086
11510 11086 11317
10666 11084 6127
10664 11084 10666
5765 11317 11084
14887 5766 5762
14887 5762 14885
14885 6124 14887
14887 6124 6128
17679 17434 6125
6129 17434 17679
5763 6129 17679
5767 6129 5763
5764 6130 5768
6126 6130 5764
11317 11086 6127
5765 11510 11317
5773 12207 11930
5848 4910 4998
2236 2027 1804
2700 2467 2236
12581 13085 12579
13087 13085 12581
13087 13521 13085
13523 13521 13087
5788 13521 13991
13521 13935 13991
12581 12579 12073
13521 13523 13935
6153 10789 5789
5789 10789 10787
5787 10787 10789
5787 10789 6151
13991 13933 5788
13933 13991 6152
13935 6152 13991
14355 13933 6152
12073 12579 12071
11641 12071 11639
16052 15600 15596
16052 16056 15600
16745 16508 5786
16508 16052 5786
16508 16056 16052
16508 16745 16972
12073 12071 11641
16972 16745 17217
18165 17922 6149
18165 6150 17922
6151 11213 5787
5787 11213 11211
11213 11639 11211
11641 11639 11213
17217 6148 16972
14351 13933 14355
14355 6154 14351
14351 6154 5790
15798 15705 15338
15338 15705 15253
16254 16157 15798
15798 16157 15705
16714 16609 16254
16254 16609 16157
6158 6160 5794
16714 5798 16609
688 585 236
236 585 131
1025 1132 5795
1025 5795 585
6161 1025 585
688 6161 585
236 131 5799
5794 6160 15253
6160 15338 15253
6159 6157 5793
6155 5789 5791
6155 6153 5789
6156 14866 14791
5790 6156 14791
6154 6156 5790
14866 5792 14791
6157 5791 5793
6157 6155 5791
14795 14866 6156
14795 6158 14866
6158 5792 14866
6158 5794 5792
1132 1023 5795
1132 5796 1023
6159 5793 5797
15596 15600 15140
2700 2925 2467
15596 15140 15371
15371 15140 6147
14895 5781 14897
16 265 5782
715 480 5780
5780 480 16
480 6144 16
6144 265 16
14895 5779 5781
715 6140 480
1806 2027 2238
2238 2027 2467
2238 2467 2702
2702 2467 2925
2925 6142 2702
13617 13406 6143
2027 1806 6141
13406 13617 13822
14443 14895 14897
14025 14443 14445
3325 3132 5778
5778 3132 2700
3132 6142 2700
6142 2925 2700
3325 6138 3132
12731 12416 6139
14443 14897 14445
12416 12731 12950
12950 13205 6143
13205 13617 6143
13205 13615 13617
13615 14027 13617
13615 14025 14027
14025 14445 14027
12950 12731 13205
13822 13617 14027
13822 14027 14244
14244 14027 14445
16968 16745 16504
17436 6148 17217
16968 17436 17217
17432 17436 16968
17920 18165 6149
17436 17920 6149
16968 17217 16745
17432 17920 17436
17920 18392 18165
18390 18392 17920
19095 18854 5784
18854 18390 5784
18854 18392 18390
19095 6146 18854
18392 6150 18165
16504 16745 5786
5785 15371 15136
14682 14899 5783
14244 14445 6145
14445 14899 6145
14445 14897 14899
14897 5781 5783
14897 5783 14899
18852 19095 5784
265 18 5782
5782 18 18852
18 6146 18852
6146 19095 18852
265 6144 18
14899 14682 6145
15371 6147 15136
15136 6147 5783
6147 14682 5783
5785 15596 15371
5754 15138 14678
6214 5848 4998
5846 4998 4910
6121 17197 16970
6118 4587 4414
6490 6118 4414
6122 6118 6490
4587 6488 4414
10254 6489 10450
16970 16727 16506
6489 6123 10450
6491 10254 10450
15355 6124 6120
15355 6120 15353
15353 15813 15355
15353 15811 15813
15811 16269 15813
6489 6119 6123
15811 16267 16269
16970 17197 16727
16727 16265 16506
4587 6114 4581
4581 6486 4587
4587 6486 6488
9862 10024 6115
6487 10024 9862
6119 6487 9862
16267 16265 16727
6489 6487 6119
15353 15138 6116
15809 15353 6116
15811 15353 15809
15809 16267 15811
15809 16265 16267
16265 6117 16506
15138 15353 6120
4587 6118 6114
16267 16729 16269
16727 17201 16729
15813 16269 16271
16269 16731 16271
16269 16729 16731
16729 17203 16731
16729 17201 17203
17201 6125 17434
15813 16271 15815
17681 17201 17434
6129 17681 17434
6126 4185 3982
6494 6126 3982
6130 6126 6494
4185 6492 3982
6127 11086 6493
17203 17201 17681
16267 16727 16729
15355 15813 15815
15357 6124 15355
16727 17197 17201
17197 6121 6125
17197 6125 17201
3980 4185 6126
3980 6122 4185
6122 6492 4185
15355 15815 15357
6122 6490 6492
10450 10252 6491
10252 10668 6491
10252 10666 10668
6493 10668 10666
6493 10666 6127
15357 6128 6124
10252 10450 6123
6117 16265 16054
16054 15809 15598
16054 16265 15809
3551 3700 6474
3551 6476 3700
6476 6102 3700
6476 6104 6102
6477 11513 11741
6105 11741 11513
6101 11933 6473
6475 6105 11513
6104 6478 6106
6476 6478 6104
11296 11085 6107
6479 6477 11296
6477 11511 11296
11511 11085 11296
6103 6105 6475
6477 11741 11511
6101 11931 11933
6475 11933 6103
6471 6097 6099
6471 6469 6097
6472 3696 3692
6472 3692 6470
6098 3692 6100
6100 3692 3696
6103 11933 11931
6473 12417 6101
6099 12415 12417
6099 12417 6471
6474 3700 3696
6474 3696 6472
6100 3696 6102
6102 3696 3700
6101 12417 12415
11741 6105 11511
3979 6106 6478
3979 6478 3981
4413 6484 4575
10018 9861 6113
6111 9861 10018
6485 6111 10018
6483 6111 6485
4581 6114 6112
6110 6482 6112
4581 6112 4575
4581 6484 6486
6115 10024 6113
6113 10024 10018
6485 10018 10024
6485 10024 6487
15598 15809 6116
4575 6484 4581
6112 6482 4575
6482 4413 4575
6481 10420 10253
3981 6480 3979
3979 6480 6108
10420 10251 6109
6481 10667 10420
10667 10251 10420
10667 10665 10251
11087 11296 6107
10665 11087 6107
10667 11087 10665
6479 11296 11087
6108 6482 6110
6480 6482 6108
10420 6109 10253
6109 6483 10253
6109 6111 6483
6493 11086 11088
11512 11761 6495
11088 11512 6495
11086 11512 11088
13209 13207 13619
13822 14029 13619
13822 13619 13406
14244 14447 14029
14244 14029 13822
6145 14447 14244
13619 13207 13406
18 267 6146
6144 6508 267
6144 6504 6508
2469 2240 6505
2240 2469 6509
2469 2929 6509
2469 2927 2929
18 6144 267
2927 3331 2929
13207 6143 13406
12733 13209 12735
2238 2469 6505
1808 2238 6505
1806 2238 1808
2702 2927 2469
2702 2469 2238
2927 2702 6142
12733 13207 13209
3327 2927 6142
3327 6502 3329
3329 6502 6506
12213 11934 6503
11934 12213 6507
12213 12735 6507
12213 12733 12735
3329 2927 3327
2927 3329 3331
3553 3753 6506
3753 3329 6506
18856 6512 18635
18392 18856 18635
18854 18856 18392
267 20 6146
20 18854 6146
20 18856 18854
18392 18635 6150
267 6508 20
2929 6513 6509
2929 3335 2931
2929 3331 3335
3331 3757 3335
3331 3753 3757
3753 6510 3757
2931 6513 2929
6149 17695 17436
17436 17695 6148
6147 14901 14682
3753 3331 3329
3553 6510 3753
12739 6511 12735
12735 6511 6507
12735 13211 12739
12735 13209 13211
13209 13621 13211
13209 13619 13621
13619 14031 13621
13619 14029 14031
14029 14449 14031
14029 14447 14449
14447 6145 14682
14901 14447 14682
14449 14447 14901
1806 1808 1374
3692 6098 3549
1806 1374 1603
1374 1175 1603
6130 6494 6496
11761 11514 6495
6497 11514 11761
6131 6497 11761
6135 6497 6131
15359 15139 6132
6130 6496 3741
15817 15599 15139
16273 16055 15599
16273 15599 15817
16733 16507 16055
16733 16055 16273
17205 16971 16507
17205 16507 16733
15817 15139 15359
17205 6133 16971
3550 6130 3741
17681 6129 17435
6131 11761 11512
15359 6132 6128
15359 6128 15357
15357 15817 15359
15357 15815 15817
7184 6724 6718
3550 3741 6134
15815 16271 16273
16271 16731 16733
16731 17205 16733
16731 17203 17205
17681 17435 6133
17205 17681 6133
17203 17681 17205
16271 16733 16273
6134 3741 3552
6498 6134 3552
6136 6134 6498
12213 6503 12211
12211 6503 6501
12211 6139 12416
12733 12211 12416
12213 12211 12733
12950 13207 12733
6138 6500 6502
12950 12733 12416
482 6504 6144
482 6144 480
1175 920 6140
920 480 6140
920 482 480
920 1175 1374
6143 13207 12950
6138 6502 3327
3132 6138 3327
3132 3327 6142
3741 6496 3552
12209 6499 11932
6499 6135 11932
6499 6497 6135
6137 12209 11932
6136 6500 6138
6498 6500 6136
12211 6501 12209
12209 6501 6499
12209 6137 6139
12209 6139 12211
918 1175 6140
1372 1603 1175
1372 1175 918
6141 1603 1372
6141 1806 1603
6468 6470 6096
6096 6470 3549
6470 3692 3549
1478 1647 1922
1922 1647 2085
2085 6232 1922
15416 15255 5867
6235 15711 15416
15711 15255 15416
1478 1026 1024
15711 15707 15255
16163 16159 15711
16163 16611 16159
16615 16611 16163
17079 17252 5865
16611 17079 5865
16615 17079 16611
15711 16159 15707
6233 17252 17079
1478 1024 5864
1024 1026 588
2820 2362 5862
2820 2364 2362
2975 6230 2820
17252 17075 5865
17543 17742 5863
17543 5863 17075
1647 1478 5864
6233 17543 17075
6231 17742 17543
134 6234 304
134 304 5866
586 134 5866
588 134 586
1024 588 586
17252 6233 17075
18964 6236 5868
18964 5868 18962
6234 18964 304
5870 18676 5872
5872 18676 18680
14500 14353 5873
5871 14353 14500
6241 5871 14500
6239 5871 6241
6240 18676 6238
18028 6242 18224
18680 18028 18224
18496 18680 18224
5874 18496 18224
5872 18680 18496
14354 14500 5873
6241 14500 14354
18680 6240 18028
6240 18680 18676
6237 14948 14797
5869 5871 6239
18964 132 304
18964 18962 132
5866 304 132
14948 14793 5869
15259 15416 5867
15259 5867 14793
6237 15259 14793
14948 6237 14793
6235 15416 15259
18498 6238 18676
18676 5870 18498
5870 6236 18498
5870 5868 6236
14948 5869 14797
5869 6239 14797
2975 2820 5862
5875 6241 14354
2362 2364 1920
2364 6232 2085
4096 5850 4098
4098 5850 6218
17074 17238 5851
17238 17074 6219
17074 17542 6219
17074 17538 17542
4096 4098 3660
6221 17542 17538
5852 6222 5854
6220 6222 5852
18026 6221 18196
6221 5855 18196
6221 5853 5855
6223 18026 18196
6221 17538 5853
3238 3377 5856
4096 3660 3658
3660 6220 5852
5847 16158 6215
6215 16158 16162
6217 16162 16158
6217 16158 5849
4524 6218 5850
4524 5850 4522
3660 5852 3658
4522 5848 4524
5849 16610 6217
6217 16610 16614
16610 5851 17238
17078 16610 17238
16614 16610 17078
6219 17078 17238
4524 5848 6216
3238 5854 3377
5854 6224 3377
5854 6222 6224
5859 17740 17738
6227 17738 17740
6227 17740 6229
2818 2975 5862
2818 5860 2975
5860 6230 2975
5861 17740 5859
5860 6228 6230
5861 17742 17740
6229 17740 17742
6229 17742 6231
1476 1647 5864
1920 2085 1647
1920 1647 1476
5863 17742 5861
3379 6226 3240
5860 5858 6228
6228 5858 3240
5857 18200 5855
5855 18200 18196
6223 18196 18200
6223 18200 6225
3379 5858 5856
3379 5856 3377
3377 6224 3379
3379 6224 6226
17738 17539 5859
18027 18200 5857
18027 5857 17539
6227 18027 17539
17738 6227 17539
6225 18200 18027
5858 3379 3240
1920 2364 2085
6216 5848 6214
6243 6241 5875
6242 5876 18224
6083 6451 13569
6083 6455 6451
13569 6079 13405
15137 6080 6452
15137 6452 15141
6084 15137 15779
13405 6083 13569
15137 15601 15779
15601 6456 15779
6457 16973 6085
6085 16973 16969
6081 16969 16973
6081 16973 6453
6082 6458 6086
15137 15141 15601
6454 6458 6082
2701 6454 6082
2701 6450 2703
14243 13823 14393
13821 13823 14243
14243 14393 6448
14683 14243 6448
14681 14243 14683
14683 6452 14681
2703 6454 2701
14681 6452 6080
6081 17437 17433
17923 18106 6077
17433 17923 6077
17437 17923 17433
6449 18106 17923
2701 6078 6450
6453 17437 6081
13152 12949 6087
6083 12949 13152
6459 6083 13152
3131 6090 6462
3131 6462 3133
3133 6464 3131
3131 6464 6092
6465 6091 6093
6465 6463 6091
6463 6461 6089
6092 6466 6094
6467 6093 6095
6467 6465 6093
6094 6468 6096
6466 6468 6094
6469 6095 6097
6469 6467 6095
6464 6466 6092
6463 6089 6091
6460 6462 6088
6088 6462 6090
6455 6083 6459
15779 15597 6084
15597 15779 6456
16057 15597 6456
16053 15597 16057
16057 16505 16053
16509 16505 16057
6085 16505 16509
6085 16509 6457
6086 6460 6088
6458 6460 6086
13152 6087 12951
6087 6461 12951
6087 6089 6461
6459 13152 12951
13823 6447 14393
5876 18024 18224
13407 13823 13821
13569 13407 6079
15256 5881 15890
15712 15256 15890
15260 15256 15712
15712 15890 5882
16160 15712 5882
16164 15712 16160
15256 15260 14798
16612 16164 16160
16612 5880 16616
16616 5880 6248
15708 15890 5881
5882 15890 15708
6441 481 633
633 481 1083
16612 16616 16164
1083 481 919
15256 14798 14794
5879 14794 6247
6244 5876 6242
5874 18224 18024
6245 5875 5877
6245 6243 5875
17544 6246 5878
17544 5878 17540
6247 14794 14798
17540 5876 17544
6247 5877 5879
6247 6245 5877
17080 6248 5880
17080 5880 17076
17076 5878 17080
17080 5878 6246
17544 5876 6244
919 6442 1083
6443 18855 6073
6073 18855 18853
1805 1371 1807
1807 6446 1805
1805 6446 6076
6447 14245 14393
14245 6448 14393
18106 17921 6077
1807 1371 6444
6075 17921 18106
6445 6075 6449
2237 6076 6446
2237 6446 2239
2239 6450 2237
2237 6450 6078
6451 13407 13569
6449 6075 18106
1371 1519 6444
1519 1371 6074
6073 18393 6443
18855 17 18853
19 17 18855
19 6441 633
479 19 633
17 19 479
1083 917 479
1083 479 633
6442 1373 1519
6442 1519 6074
1083 6442 6074
917 1083 6074
1373 6444 1519
6445 18393 6075
6075 18393 18391
6073 18391 18393
13407 13821 6079
15351 15138 5754
14678 14883 5758
5757 6119 5753
11265 11209 10835
11209 5431 10835
11265 5429 11209
13929 5430 5788
13929 5788 13933
13933 14347 13929
10787 11265 10835
14351 14347 13933
14347 5790 5432
17656 17535 5433
18128 18021 17656
17656 18021 17535
18596 18493 18128
18128 18493 18021
14351 5790 14347
19058 18959 18596
5787 11265 10787
13517 5788 5430
16285 5786 16052
5787 11211 11265
11265 11211 5429
11211 11637 5429
11211 11639 11637
11639 12069 11637
5789 10787 10835
12071 12069 11639
12579 12577 12071
12579 13083 12577
13085 13083 12579
13085 13517 13083
13521 13517 13085
13521 5788 13517
12071 12577 12069
16052 15829 16285
18596 18959 18493
10785 5435 10835
19058 18596 19060
5434 19058 129
19058 232 129
19058 19060 232
232 5438 129
5793 5435 5439
19060 18596 18598
5793 5791 5435
5436 5794 15249
5792 5794 5436
15796 15701 15336
15336 15701 15249
16252 16153 15796
15796 16153 15701
5794 15336 15249
19058 5434 18959
18596 18128 18598
18128 17656 18130
5435 5789 10835
5435 5791 5789
10835 5431 10785
14787 5432 5790
14787 5790 14791
14791 5792 14787
18598 18128 18130
14787 5792 5436
17180 17069 16710
16710 17069 16605
17069 17180 5433
17180 17656 5433
17180 17658 17656
18130 17656 17658
16710 16605 5437
15596 15829 16052
15829 15596 5785
18633 5784 18390
17211 17691 17213
17211 17689 17691
17689 5423 17918
18161 17689 17918
17691 17689 18161
18388 18631 18161
16739 17211 17213
18388 18161 17918
18850 18631 18388
16 5782 19093
18850 16 19093
14 16 18850
14 5424 16
16 5424 5780
18850 19093 18631
15369 5783 15367
16739 17213 16741
16741 5426 5422
1368 916 914
1368 1370 916
1802 1370 1368
1802 1804 1370
2234 1804 1802
2234 2236 1804
16741 5422 16739
2923 2700 5420
2700 2236 2234
2923 5778 2700
15367 5781 15365
15365 5781 5779
15365 5421 5425
15365 5425 15367
2700 2234 5420
15367 5783 5781
15367 5425 5427
15367 5427 15369
16048 16285 15829
16048 15829 15592
16743 16504 5428
5428 16504 16048
16504 5786 16048
5786 16285 16048
15136 15369 5427
16504 16743 16968
16968 17215 17432
17432 17215 17693
17432 17693 17920
17920 17693 18163
17920 18163 18390
18390 18163 18633
16968 16743 17215
5785 15136 5427
15592 5785 5427
15829 5785 15592
16743 5428 5426
16743 5426 16741
16741 17215 16743
16741 17213 17215
17213 17693 17215
17213 17691 17693
17691 18163 17693
17691 18161 18163
18161 18633 18163
18161 18631 18633
5784 18633 18852
18633 19093 18852
18633 18631 19093
19093 5782 18852
15369 15136 5783
16153 16252 5437
16252 16710 5437
16252 16712 16710
17182 16710 16712
2815 5448 5808
2815 5808 2817
2817 5810 2815
2815 5810 5450
5811 5449 5451
5811 5809 5449
5809 5807 5447
3235 5450 5810
3237 5812 3235
3235 5812 5452
5813 5451 5453
5813 5811 5451
3655 5452 5812
3655 5812 3657
3235 5810 3237
3657 4093 3655
5809 5447 5449
5808 5446 2444
5443 10361 10363
5443 10363 5801
18023 18136 5802
18136 18023 18495
18136 18495 18604
5803 18604 18495
5808 5448 5446
5806 2444 2359
5804 5806 5444
2444 5446 2359
5807 5445 5447
5807 5805 5445
2361 2444 5806
2361 5808 2444
5444 5806 2359
4095 4093 3657
4095 4519 4093
4521 4519 4095
5455 9971 5815
5816 6687 6701
5458 5816 6701
5456 5816 5458
6687 5818 6701
5819 5457 5459
5455 9969 9971
5819 5817 5457
6701 5818 6685
5818 5460 6685
5818 5820 5460
5821 9585 5461
5461 9585 9583
5459 9583 9585
6701 6685 5458
5457 9971 9969
5817 9971 5457
6333 5816 5456
4521 4907 4519
4909 4907 4521
4909 5257 4907
5259 5257 4909
5259 5607 5257
5609 5607 5259
5609 5967 5607
5969 5967 5609
5969 5814 5967
5967 5814 5454
5815 5453 5455
5815 5813 5453
6333 5454 5814
6333 5814 6335
6335 5816 6333
5445 10363 10361
914 916 478
5805 10363 5445
5804 5442 1994
1473 1023 5796
1473 1021 1023
1564 5440 1473
5797 5439 5441
5797 5793 5439
15253 15336 5794
1564 1473 5796
15336 15253 15705
15796 15705 16157
15796 16157 16252
16252 16157 16609
16252 16609 16712
16712 16609 5798
17184 16712 5798
15336 15705 15796
17182 16712 17184
1023 1021 583
5795 1023 684
17180 16710 17182
17660 17180 17182
17658 17180 17660
18132 17658 17660
18130 17658 18132
18600 18130 18132
1023 583 684
18598 18130 18600
19060 18598 19062
234 19060 19062
232 19060 234
5438 232 583
232 684 583
232 234 684
19062 18598 18600
17662 17182 17184
17660 17182 17662
18134 17660 17662
17073 17184 5798
17184 17073 17537
17184 17537 17662
17662 17537 5802
18136 17662 5802
18134 17662 18136
5801 5797 5441
18604 18134 18136
18604 5803 18961
19064 18604 18961
18602 18604 19064
5799 19064 18961
1919 1994 5800
1919 5804 1994
18602 18134 18604
5801 5441 5443
1994 5442 1917
1564 1475 5440
18132 17660 18134
18602 18132 18134
18600 18132 18602
19064 18600 18602
19062 18600 19064
19064 5799 131
234 19064 131
19062 19064 234
234 131 585
234 585 684
5795 684 585
1475 1564 5796
5800 1994 1917
5800 1917 5440
1475 5800 5440
5804 5444 5442
914 478 476
478 5424 476
478 5780 5424
5380 4554 4412
5741 5381 5383
5741 5739 5381
5382 5742 5384
5740 5742 5382
5743 11509 5385
5740 5382 5738
5385 11509 11507
5383 11509 5741
5384 5744 5386
5742 5744 5384
5745 10663 5387
5387 10663 10661
10663 11081 10661
5383 11507 11509
11083 11081 10663
5738 5382 4554
5737 12178 11929
3977 5736 5376
4132 3977 5376
4548 5378 4411
5379 12178 5377
5377 12178 12170
5735 12170 12178
5382 4412 4554
5735 12178 5737
5738 4548 5736
5378 4548 5380
5380 4548 4554
12178 5379 11929
5379 5739 11929
5379 5381 5739
5738 4554 4548
5385 11081 11083
5385 11083 5743
3978 5746 5388
16046 16500 16050
5393 16723 16500
5390 5752 5394
5748 5752 5390
5753 5391 5395
5753 5749 5391
16050 16500 5751
14676 14881 5396
5392 15134 14676
15134 5754 14676
5754 14881 14676
15349 5750 15134
16723 16502 5751
17195 5755 16964
15349 15134 5392
16500 16723 5751
16046 16050 15594
16046 15594 15590
3978 5388 3976
3976 5386 3978
3978 5386 5744
5747 10249 5389
5389 10249 10247
5387 10247 10249
5387 10249 5745
5388 5748 5390
5746 5748 5388
5749 5389 5391
5749 5747 5389
15132 15349 5392
15594 5750 15349
15132 15594 15349
15590 15594 15132
5736 4411 5376
16964 5755 5393
5736 4548 4411
5733 12686 12413
2232 2417 5368
2417 2232 5366
2867 2417 5366
2873 2417 2867
2867 5724 2873
2873 5724 5726
5723 12650 12411
5727 5367 5369
2421 5370 5368
2421 5368 2417
2417 2879 2421
2417 2873 2879
2873 5726 2879
2879 5726 5728
5727 5725 5367
12412 5727 12668
5365 5367 5725
12650 5365 12411
5365 12650 5363
5363 12650 12642
5719 12642 12650
5719 12650 5723
15593 15778 5720
15778 15593 16049
5365 5725 12411
15778 16049 16234
16234 16501 16694
5721 16694 16501
2867 5366 5364
2867 5364 2863
2863 5722 2867
2867 5722 5724
16234 16049 16501
5727 5371 12668
5727 5369 5371
5729 12412 12668
5373 12686 12678
5731 12678 12686
5731 12686 5733
3545 5374 5732
3545 5732 3547
4132 3975 5734
5375 12686 5373
3975 3547 5734
4132 5376 3975
12170 11927 5377
12413 12686 5375
12413 5375 11927
5735 12413 11927
12170 5735 11927
3975 3545 3547
5730 5732 5374
5730 5374 3127
3283 5730 3127
2421 2233 5370
2883 5372 2233
2421 2883 2233
2879 2883 2421
3129 3283 5728
3283 2879 5728
3283 2883 2879
3129 5730 3283
5373 12678 5371
5371 12678 12668
5729 12668 12678
5729 12678 5731
2883 2697 5372
3283 3127 2697
3283 2697 2883
3977 4132 5734
5459 9585 5819
5755 16502 5393
5397 17195 16964
13404 12946 5416
13404 12948 12946
13404 13611 13820
13820 13611 14021
13820 14021 14242
14242 14021 14439
13611 13404 5416
14242 14439 5777
14439 14891 14893
15135 15363 5774
15363 14891 5774
15363 14893 14891
15363 15135 15821
15821 15135 15595
14439 14893 5777
15821 15595 16277
12946 12948 12414
5415 12946 12727
14679 5774 14891
5775 17431 17685
5771 18153 17431
18153 17685 17431
18153 18155 17685
18153 5413 5417
12946 12414 12727
18153 5417 18155
5772 5776 3323
3546 5772 3323
3128 3546 3323
3740 5772 3546
5414 3740 3546
12727 12414 5773
3128 3323 5418
16277 15595 16051
16277 16051 16737
16737 16051 16503
15821 15591 5421
15365 15821 5421
15363 15821 15365
16277 16047 15591
16277 15591 15821
16739 5422 16047
14893 15363 15365
16277 16739 16047
16737 17211 16739
16737 17209 17211
17209 17689 17211
17209 17687 17689
17687 5419 5423
17687 5423 17689
16737 16739 16277
14893 15365 5779
14680 14893 5779
14893 14680 5777
16737 16503 17209
17209 16503 16967
5775 17685 16967
17685 17209 16967
17685 17687 17209
18155 17917 5419
17687 18155 5419
17685 18155 17687
18155 5417 17917
2698 2923 5420
3323 3130 5418
5418 3130 2698
3130 5778 2698
5778 2923 2698
3323 5776 3130
14891 14439 14437
16502 16723 5393
14891 14437 5770
14439 14021 14437
5761 10250 10248
5761 10248 5403
5400 5762 5404
5758 5762 5400
18149 5763 17916
5763 5401 17916
5757 10248 10250
5763 5759 5401
5402 5764 5406
5760 5764 5402
5403 10662 5761
5761 10662 10664
11082 10664 10662
11082 11084 10664
5405 18149 17916
5765 11084 11082
5399 10248 5757
5398 5760 5402
5394 5756 5398
5752 5756 5394
5757 5395 5399
5757 5753 5395
5396 14881 14678
5758 5396 14678
5756 5760 5398
5400 5396 5758
17195 16966 5755
5397 17428 17195
17428 16966 17195
17428 17430 16966
5759 17430 17428
5759 17428 5401
14881 5754 14678
5765 11082 5407
5404 5766 5408
5762 5766 5404
3740 5414 3548
5414 5768 3548
5414 5410 5768
5411 11928 5769
5769 11928 11930
12410 12727 5773
3548 5772 3740
11930 12410 5773
5415 12727 12410
13402 13611 5416
13818 14021 13611
13818 13611 13402
14021 13818 5412
14437 14021 5412
11928 12410 11930
18151 5413 18153
18151 5409 5413
18151 5771 5767
18151 5767 18149
18149 5767 5763
18149 5405 5409
18149 5409 18151
5406 5768 5410
5764 5768 5406
5407 11508 5765
5765 11508 11510
5769 11510 11508
5769 11508 5411
14240 14437 5412
14240 5408 14437
5408 5770 14437
5408 5766 5770
18153 5771 18151
14679 14891 5770
5460 5822 5462
5820 5822 5460
9655 5823 9584
18102 6075 17919
6073 18562 18391
637 477 5710
1087 915 477
1087 477 637
915 1087 6074
6075 18391 17919
1371 915 6074
5712 1369 1957
1369 1805 1957
1369 1371 1805
1805 6076 1957
17628 17429 5713
17921 18102 5711
1369 915 1371
17921 5711 17429
18391 5709 17919
18102 17919 5711
15704 5524 15708
15708 5524 5882
18562 18389 5709
6073 18853 18562
18853 18389 18562
18853 18851 18389
18391 18562 5709
18853 15 18851
5710 15 637
15 479 637
15 17 479
637 479 1087
1087 479 917
917 6074 1087
17 15 18853
6077 17921 17429
17628 6077 17429
6075 18102 17921
2699 6078 2701
2701 6082 2699
2699 6082 5718
13148 12947 5719
6083 13405 13148
13405 12947 13148
2699 5714 6078
13405 13403 12947
5715 13405 6079
15133 5716 6080
15133 6080 15137
15137 6084 15133
15133 6084 5720
6085 16969 5721
5715 13403 13405
6077 17628 17433
5713 5717 6081
5713 6081 17433
1957 1803 5712
1803 1957 6076
2237 1803 6076
2235 1803 2237
2237 6078 2235
2235 6078 5714
6079 13821 5715
5715 13821 13819
13821 14241 13819
14243 14241 13821
14243 14677 14241
14681 14677 14243
14681 6080 14677
14677 6080 5716
17628 5713 17433
5881 15704 15708
5721 16969 16965
5523 15704 5881
16608 5522 16612
5514 19138 19142
13520 13670 5513
5515 14082 13520
14082 13670 13520
14082 14078 13670
14082 5873 14353
5512 19138 5514
14496 14082 14353
5871 14496 14353
18496 5874 18684
19142 5872 18496
19142 18496 18684
18960 19142 18684
5516 18960 18684
14078 14082 14496
5514 19142 18960
5872 19138 5870
5869 14496 5871
14946 14494 14793
14492 14494 14946
5867 14946 14793
5870 19138 19134
5870 19134 5868
5510 19134 5512
5872 19142 19138
5512 19134 19138
5511 13670 13666
14078 13666 13670
14076 13666 14078
14496 14076 14078
14494 14076 14496
5869 14494 14496
5513 13670 5511
13932 14082 5515
14354 5873 14504
14504 5873 5517
17076 5880 5522
17076 5522 17072
17072 5520 17076
17076 5520 5878
5521 14790 5879
5879 14790 14794
5879 5877 5519
15252 14794 14790
5881 15256 15252
5881 15252 5523
16160 5882 5524
16160 5524 16156
16608 16160 16156
16608 16612 16160
15252 15256 14794
5879 5519 5521
17540 5518 5876
17536 5518 17540
5873 14082 5517
14082 13932 5517
5875 14354 14504
18024 5876 5518
18024 5518 18022
5874 18024 18684
18024 18494 18684
18024 18022 18494
5516 18684 18494
14350 14504 5517
5875 14504 14350
5519 5875 14350
5877 5875 5519
17540 5878 5520
17540 5520 17536
16612 5522 5880
14494 5869 14793
5717 16965 16969
5718 6086 5722
10665 6107 11295
11083 10665 11295
10663 10665 11083
11295 5743 11083
3978 4165 5746
3978 5744 4165
10251 10665 10663
5744 6110 4165
10249 5747 10419
5747 6109 10419
5747 6111 6109
10419 5745 10249
4169 5748 5746
4169 5746 4165
5744 6108 6110
4165 6110 4169
10251 10663 5745
6109 10251 10419
6106 4154 4148
6106 4148 6104
5740 4148 5742
5742 4148 4154
6107 11085 11295
11295 11085 5743
10419 10251 5745
11085 11509 5743
5741 11509 11511
5741 11511 6105
3979 4154 6106
3979 6108 4154
6108 5742 4154
6108 5744 5742
11085 11511 11509
4169 6110 6112
6113 9861 10017
5749 10017 9861
15598 15807 16054
16054 15807 16263
16725 6117 16502
16502 6117 5751
6117 16054 5751
16054 16263 5751
6116 15351 15134
5755 16725 16502
4181 5752 4175
4175 6114 4181
4181 6114 6118
10023 9862 6115
6119 9862 10023
5753 6119 10023
4181 5756 5752
15598 6116 15134
5750 15598 15134
15807 15598 5750
6111 5749 9861
5747 5749 6111
15594 15807 5750
16050 16263 15807
16050 15807 15594
5751 16263 16050
4175 5752 5748
4175 5748 4169
4169 6112 4175
4175 6112 6114
10023 6115 10017
10017 6115 6113
10017 5749 5753
10017 5753 10023
15134 15351 5754
6105 6103 5739
5717 16969 6081
6105 5739 5741
5738 4142 5740
6087 5723 6089
5724 6090 5726
6088 6090 5724
5727 12662 5725
5725 12662 12656
6089 12656 12662
6089 5723 12656
6089 12662 6091
5728 6090 3277
5726 6090 5728
3131 6092 3277
12412 12662 5727
6091 12662 12412
5729 6091 12412
6090 3131 3277
6093 6091 5729
5723 12411 12656
6086 6088 5722
6082 6086 5718
13148 5719 12949
5719 6087 12949
5719 5723 6087
6083 13148 12949
15593 5720 6084
12656 12411 5725
15593 6084 15597
16053 16049 15597
16053 16501 16049
16505 16501 16053
5721 16501 16505
5721 16505 6085
5722 6088 5724
15597 16049 15593
3277 3129 5728
3277 6092 3129
6092 5730 3129
12694 5735 12415
5735 6101 12415
5735 5737 6101
6099 12694 12415
6102 4142 4136
6102 4136 6100
4136 5736 3977
5736 4136 5738
6103 11931 5739
5739 11931 11929
5737 11929 11931
5737 11931 6101
6104 4148 4142
6104 4142 6102
5738 4136 4142
6098 6100 5734
5734 6100 3977
6100 4136 3977
6092 6094 5730
6095 5729 5731
6095 6093 5729
5730 6096 5732
6094 6096 5730
6097 5731 5733
6097 6095 5731
3547 5732 6096
3547 6096 3549
3549 6098 3547
3547 6098 5734
12694 12413 5735
5733 12413 12694
6099 5733 12694
6097 5733 6099
5740 4142 4148
3757 6510 6514
14492 14074 14494
14074 13664 14076
5483 12250 5481
5481 12250 12246
5841 12246 12250
5841 12250 5843
5610 5844 5694
6060 5842 5610
5482 6424 6428
5694 6060 5610
6334 6428 5484
6428 6064 5484
6428 6060 6064
5482 6428 6334
12070 12250 5483
12580 5843 12770
6064 6060 5694
12770 5843 5485
5480 6424 5482
6060 6424 5970
5479 12242 5477
5477 12242 12236
5837 12236 12242
5837 12242 5839
6336 5840 6424
6424 5480 6336
6428 6424 6060
5480 5838 6336
5481 12246 5479
5479 12246 12242
5839 12242 12246
5839 12246 5841
5970 5842 6060
6424 5840 5970
5480 5478 5838
5843 12250 5485
12250 12070 5485
5845 12580 12770
14352 14466 14920
14352 14920 14792
14792 14920 15392
14792 15392 15254
15254 15392 15850
15254 15850 15706
13934 14466 14352
5847 15706 15850
5340 5846 4910
5340 4910 5002
5258 5340 5002
5488 5258 5002
5486 5340 5258
13084 13238 5487
4910 5848 5002
13934 14046 14466
13522 14046 13934
13522 13638 14046
5260 5846 5340
5694 5844 5260
5694 5260 5340
5608 5694 5340
5486 5608 5340
5968 6064 5608
5608 6064 5694
5484 6064 5968
12578 12770 5485
13086 5845 13238
13238 5845 5487
5845 12770 5487
12770 12578 5487
13086 13238 13638
13086 13638 13522
5836 5838 5476
13518 13638 13084
5476 5838 5478
11786 11638 5477
5465 5467 5825
5828 7296 7292
5828 7292 5826
5466 7292 5468
5468 7292 7296
9671 5829 9665
5825 5467 9587
9665 5829 5827
9665 5469 9671
5830 7298 7296
5830 7296 5828
5468 7296 5470
5470 7296 7298
9671 9588 5829
9665 5467 5469
5831 9588 9671
5467 9665 9587
7292 5466 7273
5823 5461 9584
5823 5821 5461
5463 9655 9584
7003 5462 5822
7003 5822 7005
7005 5824 7003
5827 9587 9665
7003 5824 5464
5825 9586 9655
5463 5825 9655
5465 5825 5463
5826 7292 7273
5464 5826 7273
5824 5826 5464
9655 9586 5823
5469 5831 9671
5471 5831 5469
7006 5832 7044
11210 10788 10786
11210 11212 10788
11210 5475 11786
11640 11210 11786
11212 11210 11640
5835 11640 11786
10786 10788 10364
6688 5836 5476
6686 5474 6688
6688 5474 5834
11638 11786 5475
12072 5835 12236
12236 5835 5477
5835 11786 5477
6688 5476 6686
10786 10364 10362
10362 10364 9972
10362 9972 10067
7298 5830 7006
7298 7006 7044
7274 7298 7044
5472 7274 7044
5470 7298 7274
10067 5833 9970
5833 5471 9970
5833 5831 5471
5473 10067 9970
5474 7004 7044
5832 5474 7044
5834 5474 5832
5472 7044 7004
10067 9972 5833
5473 10362 10067
5837 12072 12236
14494 14074 14076
13084 13638 13238
13518 14046 13638
13662 13931 13519
14490 14349 14072
14072 14349 13931
14490 5506 14349
15414 15251 5507
15870 15703 15414
14072 13931 13662
15414 15703 15251
15870 16155 15703
16155 16324 5503
16324 16780 5503
16324 16782 16780
16782 5865 17075
17250 16782 17075
16324 16155 15870
16780 16782 17250
13662 13519 5505
2362 1920 1918
5862 2533 2360
2973 5860 2818
16780 16607 5503
16607 16780 5501
16780 17248 5501
16780 17250 17248
2533 5862 2362
5861 17248 17250
1476 5864 5504
1476 5504 1474
1918 1476 1474
1918 1920 1476
2533 2362 5502
2362 1918 5502
5861 17250 5863
5863 17250 17075
586 5866 5508
586 5508 584
15870 15707 16159
15870 16159 16324
16324 16159 16611
16324 16611 16782
5865 16782 16611
18962 5868 19134
15414 15707 15870
18962 19134 5510
132 18962 130
130 5508 132
132 5508 5866
5511 13666 5509
5509 13666 13664
14076 13664 13666
130 18962 5510
15414 15255 15707
14946 5867 14789
5867 15255 14789
1022 586 584
1022 1024 586
1022 5504 1024
1024 5504 5864
5509 13664 5505
5505 13664 13662
14074 13662 13664
14072 13662 14074
14492 14072 14074
14490 14072 14492
5506 14490 14789
14490 14946 14789
14490 14492 14946
15255 15414 5507
15255 5507 14789
2818 5862 2360
13930 14046 13518
5500 2818 2360
2360 2533 5502
5488 5002 4908
5489 16606 5849
5849 16606 16610
5851 16610 16606
5851 16606 5491
3658 5852 5492
5490 4908 4642
3658 5492 3656
4094 4096 3658
5850 4096 4642
4096 4520 4642
4096 4094 4520
5490 4642 4520
5491 17070 5851
4094 3658 3656
5851 17070 17074
4908 5002 4642
5002 5848 4522
14348 14466 13930
13930 14466 14046
14788 14920 14348
14348 14920 14466
15250 15392 14788
14788 15392 14920
5002 4522 4642
15702 15850 15250
15850 15702 5847
15702 16158 5847
15702 16154 16158
5849 16158 16154
5849 16154 5489
4522 5850 4642
15250 15850 15392
17070 5493 17732
17538 17070 17732
17074 17070 17538
5496 5858 2971
5496 5856 5858
17736 5497 17539
5497 5859 17539
5497 5499 5859
5857 17736 17539
2816 5496 2971
2973 5500 5498
2971 5858 2973
2973 5858 5860
17248 17071 5501
5499 17071 17248
5861 5499 17248
5859 5499 5861
2973 5498 2971
2816 2971 5498
5855 17736 5857
5855 17734 17736
5853 17538 17732
3236 3375 5494
3236 5492 3375
5492 5854 3375
5492 5852 5854
5495 17734 5493
5493 17734 17732
5853 17732 17734
5853 17734 5855
5494 3375 3238
5856 5494 3238
5496 5494 5856
3375 5854 3238
5497 17736 5495
5495 17736 17734
2973 2818 5500
12743 6515 12739
15815 16273 15817
12739 13215 12743
6919 16622 16764
6578 6920 6580
6918 6920 6578
16618 16764 6579
17086 6919 17236
17236 6919 6581
16170 16166 16622
6919 16764 6581
6921 17086 17236
4526 4643 6582
4526 6580 4643
6580 6922 4643
6580 6920 6922
17082 17236 6581
16764 16618 6581
17550 6921 17728
16622 16166 16764
6917 16166 16170
14358 14360 13940
14800 14360 14358
14800 14802 14360
15262 14802 14800
15262 15266 14802
15714 15266 15262
16166 6579 16764
15714 15718 15266
6917 15714 6577
4916 6918 6578
4916 6578 4914
4914 6576 4916
4916 6576 6916
6577 16166 6917
6917 15718 15714
14358 13940 13938
17728 6921 6583
17236 17082 6583
6587 18197 18030
6586 6928 6588
6926 6928 6586
18197 18034 6927
6929 18034 18197
6587 6929 18197
6927 6925 6585
6589 6929 6587
6928 6930 6588
6931 6589 6591
6931 6929 6589
3244 6932 6592
3244 6592 3242
3242 6590 3244
6588 6930 6590
6921 17236 6583
6927 6585 18030
3664 6584 6924
6923 17550 17728
4102 6924 6584
4102 6584 4100
4643 4528 6582
4528 4100 6582
4528 4102 4100
18197 6927 18030
4643 6922 4528
6923 17728 17546
6585 6923 17546
6925 6923 6585
3664 6926 6586
3664 6586 3662
3662 6584 3664
17546 17728 6583
3244 6590 6930
6915 13938 13940
5266 6574 6914
6905 11646 11780
6564 6906 6566
6904 6906 6564
10372 10486 6565
10794 10914 10372
10372 10914 10486
11220 11780 11646
11216 11340 10794
11644 11780 11216
11216 11780 11340
11780 11644 6905
11644 12078 6905
11644 12076 12078
12076 6567 12746
10794 11340 10914
12586 12076 12746
11220 11340 11780
10798 10914 11340
6561 10064 10060
10482 10374 6901
10060 10482 6901
10064 10482 10060
6903 10374 10482
6562 6904 6564
10798 11340 11220
6902 6904 6562
6565 10486 9976
10486 10064 9976
10486 10482 10064
10914 10798 6903
10482 10914 6903
10486 10914 10482
9976 10064 6563
6575 13938 6915
12078 12076 12586
6694 6908 6568
5976 6570 6910
6913 6571 6573
6913 6911 6571
5616 6914 6574
5616 6574 5614
5614 6572 5616
5974 6570 5976
5616 6572 6912
6913 13526 13528
6915 13528 13526
6915 13526 6575
5266 6916 6576
5266 6576 5264
5264 6574 5266
6573 13526 6913
6907 12586 12746
5976 6572 5974
6911 6909 6569
6694 6568 6692
6692 6566 6694
6694 6566 6906
12584 12746 6567
12746 12584 6907
12584 13092 6907
5976 6912 6572
12584 13090 13092
6909 13090 6569
6342 6910 6570
6342 6570 6340
6340 6568 6342
6342 6568 6908
6911 6569 6571
6909 13092 13090
6933 6591 6593
6933 6931 6591
6592 6934 6594
16168 15720 6614
16172 15720 16168
16620 16172 16168
16620 16624 16172
17084 16624 16620
17084 17088 16624
15720 15888 6614
17084 6612 17088
15716 15888 6613
6614 15888 15716
188 21 6779
634 483 188
188 483 21
1084 921 634
17088 6612 6950
634 921 483
15426 15264 6613
15888 6949 6613
6945 15422 15424
6945 15424 6947
6608 6948 6610
6946 6948 6608
6611 15426 6609
6609 15426 15424
6949 15426 6613
6947 15424 15426
17552 6950 6612
17552 6612 17548
17548 6610 17552
17552 6610 6948
15264 15426 6611
15720 6949 15888
6947 15426 6949
6607 15424 15422
1084 6780 921
23 188 6779
6781 6783 7071
7067 19022 18859
7072 1958 1809
6782 7072 1809
7068 7072 6782
1958 6784 1809
6781 7071 18859
7073 13411 13563
13411 13825 6785
13411 13827 13825
13827 7069 14389
14247 13827 14389
13825 13827 14247
14843 14685 14247
13563 13411 6785
19022 18857 6781
19022 6781 18859
14843 14249 14687
23 6779 18857
7067 23 18857
19022 7067 18857
188 23 485
188 485 634
634 485 923
14687 7070 14843
634 923 1084
923 1375 1084
1377 1375 923
1377 7068 1375
1375 7068 6782
7069 14249 14389
14389 14249 14843
1375 6780 1084
6609 15424 6607
18036 6606 6944
18032 6606 18036
6935 18212 18035
18968 6938 6600
18968 6600 18966
136 18968 18966
136 138 18968
753 592 6596
17551 18035 17547
592 136 6596
6597 1028 753
1028 592 753
1028 1030 592
1480 1030 1028
1480 1482 1030
1924 1482 1480
592 138 136
1924 1926 1482
17547 18035 6595
6599 17551 17547
6932 6934 6592
18212 18031 6595
6593 18031 18212
6935 6593 18212
6933 6593 6935
590 753 6596
18035 18212 6595
6597 753 590
2368 2538 6598
2822 2368 6598
2824 2368 2822
2822 6594 2824
2824 6594 6934
6937 17551 6599
2368 6936 2538
6936 1926 2538
1926 2366 2538
1926 1924 2366
15420 15263 6605
6603 15263 15420
6943 6603 15420
6941 6603 6943
6604 18677 18502
6944 6604 18502
6602 6940 6942
6606 6604 6944
6607 15422 6605
6605 15422 15420
6943 15420 15422
6943 15422 6945
18036 6946 6608
18036 6608 18032
18677 6942 18502
6602 6942 18677
18500 6602 18677
18500 18677 6604
6598 2538 2366
6939 16623 6601
6601 16623 16619
16623 17083 16619
17087 17083 16623
6599 17083 17087
6599 17087 6937
6600 6940 6602
6938 6940 6600
6941 15719 6603
6603 15719 15715
15719 16167 15715
16171 16167 15719
6601 16167 16171
6601 16171 6939
6563 10064 6561
6900 6902 6560
6560 6902 6562
6899 10060 6901
6865 10844 10850
6865 10850 6867
14359 14414 6866
14359 6868 14414
6868 6528 14414
6868 6530 6528
6527 10850 10844
6531 10856 6529
6867 10850 10856
6867 10856 6869
14799 6530 6868
14799 6868 14801
6532 14799 15339
14799 15265 15339
6529 10856 10850
14799 14801 15265
6529 10850 6527
13994 13939 6526
13994 13937 6864
13937 13527 6864
13937 13525 13527
13994 6526 13937
6527 10844 6525
12739 6515 6511
14414 6528 14357
6861 10836 10844
13091 13170 6862
6863 13170 13091
13939 13994 6864
6866 14414 14357
6866 14357 6526
13939 6866 6526
6861 10844 6865
13527 13525 13089
15265 6870 15339
6531 10862 10856
16621 17081 16617
17085 17081 16621
17666 17545 6874
17545 17085 6874
17545 17081 17085
17666 6536 17545
16617 6872 16621
6537 10426 6535
6873 10418 10426
6873 10426 6875
17549 17666 6874
6876 18140 18029
6876 18029 6536
17549 6876 6536
6535 10426 10418
6533 10862 6531
16617 6534 6872
10418 6873 10369
6869 10856 10862
6869 10862 6871
15339 15261 6532
15261 15339 6870
15717 15261 6870
15713 15261 15717
6871 10862 10795
15717 16165 15713
16169 6872 16165
16165 6872 6534
10418 10369 6535
10795 10862 6533
10795 6533 10369
6873 10795 10369
16169 16165 15717
13527 13089 13170
6863 13527 13170
12684 12585 6524
6859 2706 6519
2706 2933 6519
3343 3134 6520
3761 3343 6520
3765 3343 3761
3761 4213 3765
3134 6859 6519
3761 4209 4213
4617 4209 6856
4617 4213 4209
4417 6860 4617
12749 12420 6857
12420 12749 12954
12954 12749 13219
4417 4617 6856
6521 13408 13219
3343 6859 3134
16512 6518 6854
6521 13219 12952
13824 14035 6522
14451 14248 6516
6516 14248 13824
14248 6858 13824
6858 14035 13824
2933 2706 6855
14451 6852 14248
6517 16058 15831
16058 15604 15831
16058 16060 15604
16510 16060 16058
16510 16512 16060
16510 6518 16512
15831 15604 6853
13408 12954 13219
13408 13410 12954
14035 13826 6522
10836 10791 6525
11217 11266 6523
11217 6523 10791
6861 11217 10791
10836 6861 10791
11266 11217 11645
12684 6524 12583
11266 11645 11712
11712 12077 12160
12160 12077 12585
12160 12585 12684
6862 13170 13089
6862 13089 6524
12585 6862 6524
11712 11645 12077
12160 12583 12075
12684 12583 12160
11712 12075 11643
13826 13408 6522
13826 13410 13408
14035 6858 13826
3343 3136 6859
3136 3343 3558
3558 3343 3765
3558 3765 3986
3986 3765 4213
3986 4213 4418
4418 4213 4617
6860 4418 4617
11266 11215 6523
11712 11643 11266
11266 11643 11215
12160 12075 11712
17666 17549 6536
14843 14247 14389
18140 6538 18029
6537 10434 10426
10452 10886 10884
10886 6889 11219
11314 10886 11219
10884 10886 11314
6887 11314 11219
6548 6890 6550
10452 10884 6547
6888 6890 6548
9975 10034 6549
10034 10452 6549
10034 10454 10452
10454 6891 10797
10886 10454 10797
10452 10454 10886
10034 9975 6551
6889 10886 10797
10371 10452 6547
6691 6888 6548
6339 5975 6886
6339 5973 5975
6360 6546 6339
10884 10793 6547
10793 10884 6545
10884 11312 6545
10452 10371 6549
10884 11314 11312
6885 11314 6887
6341 6360 6886
6691 6546 6360
6341 6691 6360
6693 6691 6341
6693 6888 6691
6885 11312 11314
6360 6339 6886
6892 7020 7009
6890 6892 6550
6555 10048 10042
6895 10042 10048
6895 10048 6897
6556 6898 6558
6896 6898 6556
6559 10054 6557
6557 10048 6555
6557 10054 10048
6897 10054 6899
6558 6900 6560
6898 6900 6558
6561 10060 6559
6559 10060 10054
6899 10054 10060
6897 10048 10054
6550 6892 7009
6894 6896 6554
6893 10042 6895
7020 6552 7009
6553 10038 6551
6551 10038 10034
10038 6893 10373
10454 10038 10373
10034 10038 10454
6554 6896 6556
6891 10454 10373
6892 6554 7020
6894 6554 6892
6552 7020 7010
6555 10042 6553
6553 10042 10038
6893 10038 10042
6554 7010 7020
5975 5973 5615
5615 5973 5613
5615 5613 5265
1152 1479 1027
6881 1925 1584
1925 1479 1584
1925 1923 1479
1925 2365 1923
2367 2365 1925
1584 1479 1152
2910 2821 6882
2821 2365 2367
3312 3241 2910
2910 3241 2821
3730 3661 3312
3312 3661 3241
6883 4101 3730
2821 2367 6882
4101 3661 3730
1152 1027 6543
6880 6540 18142
6875 10426 10434
6875 10434 6877
6878 18142 18140
6878 18140 6876
6538 18140 6540
6540 18140 18142
6880 6542 6540
10370 10434 6539
10880 6877 6541
6877 10434 6541
10434 10370 6541
6879 10796 10880
18033 18142 6878
18033 6880 18142
10796 6877 10880
4101 4099 3661
4101 4525 4099
4527 4525 4101
1152 1029 1481
1152 1481 1584
6881 1584 1481
2823 2910 6882
2910 2823 3243
2910 3243 3312
591 1029 589
3312 3243 3663
6883 3730 3663
4913 6544 6884
4913 6884 4915
4915 5263 4913
5265 5263 4915
5265 5613 5263
3312 3663 3730
589 1029 6543
1029 1152 6543
591 589 137
4527 6884 4525
4525 6884 6544
10792 10880 6541
11218 6879 11312
11312 6879 6545
6879 10880 6545
10880 10792 6545
6885 11218 11312
18499 6542 6880
18499 6880 18501
18501 18965 18499
18967 18965 18501
18967 135 18965
137 135 18967
137 589 135
6539 10434 6537
12952 12749 12418
7070 15145 15313
14843 7070 6786
12587 12698 7150
12698 12587 13093
12698 13093 13174
13174 13093 13529
13174 13529 13586
13586 13529 7152
7149 11728 11647
13998 13586 7152
6866 13996 14359
13996 14416 14359
13996 13998 14416
14416 6868 14359
11284 6867 11221
6867 7153 11221
13996 13586 13998
6867 6869 7153
11278 11284 11728
11284 7151 11647
12698 12168 7150
12692 12168 12698
6862 12692 13091
12692 13174 13091
12692 12698 13174
13091 13174 6863
11728 11284 11647
13174 13584 6863
6864 13584 13939
13584 13996 13939
13584 13586 13996
13996 6866 13939
6867 11284 6865
6865 11284 11278
13174 13586 13584
12168 12079 7150
7151 11284 11221
13998 13941 7154
15721 16169 15717
16173 16169 15721
16173 7156 16169
16169 7156 6872
10866 10795 6873
6871 10795 10866
15721 15717 15267
7157 6871 10866
16621 6872 7156
16621 7156 16625
16625 17085 16621
17089 17085 16625
17089 7158 17085
17085 7158 6874
7155 6871 7157
13941 13998 7152
15267 15717 15340
14870 15267 15340
14418 13998 7154
14416 13998 14418
6868 14416 14801
14416 14870 14801
14416 14418 14870
15340 15265 14870
15717 6870 15340
14870 15265 14801
7155 6869 6871
7155 7153 6869
14361 14418 7154
14418 14361 14803
14418 14803 14870
14870 14803 15267
15340 6870 15265
6875 10872 6873
11720 11728 12168
11728 7149 12079
16512 6854 16514
16514 6854 7140
17699 17442 7141
17699 7142 17442
2475 2244 7143
2937 7147 2706
16512 16514 16062
2706 7147 6855
2244 2475 6855
6859 2937 2706
7148 4618 4417
6856 7148 4417
7144 7148 6856
4618 6860 4417
7147 2244 6855
6857 12420 7145
16512 16062 16060
16060 15606 15604
6850 7144 6856
7136 7144 6850
6851 11936 7137
7137 11936 11938
7145 11938 11936
7145 11936 6857
16060 16062 15606
14250 7146 6858
14903 14688 6852
14688 14248 6852
14688 14250 14248
14903 7138 14688
6853 15604 7139
7139 15604 15606
14250 6858 14248
12168 11728 12079
7145 12420 12422
12954 12956 12422
11272 11217 6861
11720 11645 11272
11272 11645 11217
12168 12077 11720
11720 12077 11645
12692 12585 12168
6860 4618 4418
12168 12585 12077
13584 13527 6863
13584 6864 13527
6865 11278 6861
6861 11278 11272
11728 11272 11278
11720 11272 11728
12692 6862 12585
12954 12422 12420
3990 3986 4418
7148 3990 4618
13410 12956 12954
13410 13412 12956
13826 13412 13410
13826 13828 13412
13826 6858 13828
13828 6858 7146
3990 4418 4618
2937 2708 7147
3136 2708 2937
3136 3138 2708
3558 3138 3136
3558 3560 3138
3986 3560 3558
3986 3990 3560
6859 3136 2937
6873 10872 10866
7157 10866 10872
7157 10872 7159
5300 5267 5617
5300 5617 5650
5650 5617 5977
5650 5977 5998
6341 6886 5998
5977 6341 5998
5267 5300 7170
6343 6341 5977
6693 6343 7174
6693 6341 6343
6698 6888 6693
11316 11219 6889
6887 11219 11316
7175 6887 11316
6698 6693 7174
7171 6887 7175
7169 3314 3245
3314 2914 3245
5998 6886 5975
7171 6885 6887
7171 7165 6885
18969 19076 7166
19076 18969 139
19076 139 248
2912 2914 3314
7167 248 139
2014 1927 2369
2014 2369 2454
2454 2369 7172
2914 2454 7172
2912 2454 2914
2914 7173 3245
1927 2014 7168
5650 5975 5615
2825 2914 7172
6695 6698 7174
7177 11320 11223
6892 7180 6894
7178 7180 6892
6895 10462 6893
6893 10462 10458
7179 10458 10462
10888 11223 11320
7179 10462 7181
6718 6896 6696
6896 7180 6696
6896 6894 7180
6897 10466 6895
6895 10466 10462
7181 10462 10466
6696 7182 6718
7173 2914 2825
10888 10799 11223
7179 10799 10373
6695 7176 6698
7176 6888 6698
7176 6890 6888
10888 10797 6891
10797 10888 6889
10888 11316 6889
10458 7179 10373
10888 11320 11316
7175 11320 7177
6890 7178 6892
7176 7178 6890
10458 10373 6893
10799 10888 6891
10799 6891 10373
7175 11316 11320
5998 5975 5650
5300 5615 5265
5650 5615 5300
2012 1925 6881
2452 2367 2012
2012 2367 1925
2452 6882 2367
4180 4101 6883
4586 4527 4180
18033 7164 6880
4180 4527 4101
6879 11218 7163
7163 11218 11222
7165 11222 11218
7165 11218 6885
18501 6880 7164
18501 7164 18503
4586 6884 4527
19076 18967 7166
18037 7164 18033
18033 6878 7162
17549 6874 7158
17549 7158 17553
17553 7160 17549
17549 7160 6876
6877 10876 6875
6875 10876 10872
18033 7162 18037
7159 10872 10876
6876 7162 6878
7160 7162 6876
10796 10876 6877
7161 10876 10796
6879 7161 10796
7163 7161 6879
7159 10876 7161
18967 18503 7166
18967 18501 18503
248 137 19076
7169 3665 3314
3665 3243 3314
3665 3663 3243
4103 4180 6883
3663 4103 6883
3665 4103 3663
2912 3243 2823
4180 4103 4529
4915 6884 4586
4529 4915 4586
4917 4915 4529
5300 5265 7170
5265 4917 7170
5265 4915 4917
4180 4529 4586
3314 3243 2912
2452 2454 2912
2452 2912 2823
19076 137 18967
7167 593 248
593 137 248
593 591 137
593 1029 591
1031 1029 593
1031 1481 1029
1483 1481 1031
1481 1483 7168
2012 1481 7168
2014 2012 7168
6881 1481 2012
2454 2012 2014
2452 2012 2454
6882 2452 2823
6855 2475 2242
1812 2033 6849
7143 1812 6849
2242 7143 6849
12679 7093 7091
12679 6803 6805
12679 6805 12687
6804 7094 6806
7092 7094 6804
12695 7095 12687
12687 7093 12679
12687 7095 7093
12687 6807 12695
6806 7096 6808
7094 7096 6806
12419 6809 12695
6809 7095 12695
6809 7097 7095
12687 6805 6807
12695 6807 12419
7090 7092 6802
12669 6803 12679
2707 7088 6798
2874 2707 6798
3278 6800 3135
7089 12421 12669
6801 12669 12421
7087 6801 12421
6802 7092 6804
6799 6801 7087
3137 7090 3278
7090 6800 3278
7090 6802 6800
12679 7091 12669
12669 7091 7089
12669 6801 6803
3137 3278 7088
7088 3135 6798
6808 7098 6810
7099 11937 6811
6816 7102 4161
6814 7102 6816
3987 7104 4161
10868 10669 6817
7105 11091 10868
11091 10669 10868
7102 3987 4161
11091 11089 10669
6815 11091 7103
4161 3983 6816
3983 4161 7104
4419 3983 7104
4415 3983 4419
4419 7106 4415
6815 11089 11091
7096 7098 6808
11743 6813 11515
6815 7101 11743
6811 11937 11935
6809 11935 11937
6809 11937 7097
3555 6810 7098
3555 7098 3559
3559 7100 3555
6815 7103 7101
3555 7100 6812
6813 11743 11519
7099 6813 11519
6811 6813 7099
6812 7102 6814
7100 7102 6812
11515 6815 11743
7101 11519 11743
7088 3278 3135
2707 2874 7086
6797 12955 7085
15313 15143 6786
15771 15603 15143
15771 15143 15313
7074 16061 16231
7074 16231 6790
15771 7074 6790
13563 6785 13409
15603 15771 6790
16687 16061 16513
16513 7078 16687
17632 17439 6791
18110 17925 17632
17632 17925 17439
18397 18570 6787
16231 16061 16687
18397 6787 17925
6789 7077 7073
13409 6789 13563
14685 14843 6786
15313 15145 15771
15771 15145 15605
15605 7074 15771
18570 18395 6787
6783 18395 18570
6789 7073 13563
7075 6783 18570
1811 1958 7072
7076 2402 2241
7076 2241 6784
1811 7076 6784
1958 1811 6784
2402 6788 2241
7071 6783 7075
7079 18397 17925
18110 7079 17925
7075 18570 18397
7080 7082 6792
7083 6793 6795
7083 7081 6793
6794 7084 6796
7082 7084 6794
7085 6795 6797
6792 7082 6794
7085 7083 6795
6796 7086 2705
7084 7086 6796
2874 6798 2705
7087 12955 6799
6799 12955 12953
6797 12953 12955
7086 2874 2705
7079 18110 17927
17632 17927 18110
17632 17441 17927
2243 2402 7076
2243 7080 2402
7080 6788 2402
7080 6792 6788
7081 6789 6793
7081 7077 6789
16231 16059 6790
16687 16511 16059
16687 16059 16231
16511 16687 7078
16977 16511 7078
16975 16511 16977
17441 17632 6791
16975 17441 6791
16977 17441 16975
4415 7106 6818
7070 15313 6786
10868 6817 10671
6817 6819 7107
1177 924 6840
924 484 6840
924 486 484
924 1177 7131
1177 1607 7131
1177 1605 1607
484 486 24
1605 6841 1810
1607 1605 2031
6845 2031 1810
4197 3985 6842
4197 7128 3985
7128 6846 3985
7128 7132 6846
2031 1605 1810
7133 6843 6847
484 24 22
24 7130 6844
6837 11518 7125
7125 11518 11520
7127 11520 11518
7127 11518 6839
922 1177 6840
1376 1605 1177
24 6844 22
1376 1177 922
4197 6842 6838
4197 6838 4195
4195 7126 4197
4197 7126 7128
7129 6839 6843
7129 7127 6839
6841 1605 1376
3989 7126 4195
7133 7129 6843
18860 6848 18858
16978 7140 6854
16978 6854 16976
17440 17699 7141
16978 17440 7141
16976 17440 16978
17928 7142 17699
7139 15144 6853
17440 17928 17699
18396 17928 17926
18396 18398 17928
18396 6848 18398
18398 6848 7134
2033 1812 7135
2475 7143 2242
17926 17928 17440
18860 7134 6848
7139 15146 15144
14686 15146 14903
18858 6844 18860
18860 6844 7130
1607 1378 7131
1378 1607 7135
1607 2033 7135
1607 2031 2033
15144 15146 14686
2031 6845 6849
6846 7136 6850
7132 7136 6846
7137 6847 6851
7137 7133 6847
14686 14903 6852
15146 7138 14903
2031 6849 2033
3557 3745 6838
3745 7124 6838
7124 4195 6838
4818 6822 7110
10256 10442 6823
7111 10442 10256
6825 7111 10256
7113 7111 6825
6824 7114 6826
4816 6822 4818
7112 7114 6824
7115 7113 6825
4416 4593 6828
4416 6826 4593
6826 7116 4593
6826 7114 7116
6827 10670 7115
7115 6825 6827
7115 10670 10672
4818 6824 4816
7109 10442 7111
7105 10868 10671
6818 7108 6820
7106 7108 6818
10436 10255 6821
6819 10255 10436
7109 6819 10436
4818 7112 6824
7107 6819 7109
4815 7108 4817
4817 7110 4815
4815 7110 6822
6823 10442 6821
6821 10442 10436
7109 10436 10442
4815 6820 7108
11090 10672 10670
11090 11092 10672
7117 11092 11090
11517 6835 11763
6835 7121 11763
6835 7123 7121
11763 6833 11517
3556 3745 6836
4191 3988 6834
4191 7120 7122
6834 3988 3556
7124 3745 3556
4191 7122 3988
7125 6835 6837
7125 7123 6835
3745 3557 6836
7124 3989 4195
3988 7124 3556
4189 7120 4191
4191 6832 4189
4191 6834 6832
7117 11090 6829
6828 4593 4420
7118 6828 4420
6830 6828 7118
4593 7116 4420
7119 6829 6831
7119 7117 6829
3984 4189 6832
3984 6830 4189
6830 7120 4189
6830 7118 7120
11763 7121 11516
7121 6831 11516
7121 7119 6831
6833 11763 11516
6817 7107 10671
12952 13219 12749
6525 10844 10836
6857 11936 6515
14356 13938 13936
13524 13936 13938
13524 13938 6575
13632 13524 6575
13524 13632 6211
5264 6210 6574
5262 6210 5264
5264 6212 5262
5264 6576 6212
6575 13526 13632
6573 6209 6211
6573 6211 13632
13526 6573 13632
5614 6208 6572
5612 6208 5614
5614 6210 5612
5614 6574 6210
6340 6570 6206
6340 6206 6338
6338 6204 6340
6340 6204 6568
13088 13222 6205
6569 13222 13088
14356 14358 13938
6207 6569 13088
5974 6572 6208
5974 6208 5972
5972 6206 5974
5974 6206 6570
6573 6207 6209
6573 6571 6207
6571 6569 6207
6569 13090 13222
14796 14358 14356
15258 14800 14796
16614 17078 17082
16614 17082 6581
16766 16614 6581
16614 16766 6217
4526 6216 6580
4524 6216 4526
4526 6218 4524
4526 6582 6218
6581 16618 16766
16306 16162 6217
6579 16306 6217
16766 6579 6217
16618 6579 16766
16162 16306 6215
6578 6580 6214
6214 6580 6216
6579 16166 16306
15258 15262 14800
15258 6213 15846
15714 15258 15846
15262 15258 15714
6577 15714 15846
4914 6578 6214
14796 14800 14358
4914 6214 4912
4914 6212 6576
15710 15846 6213
16166 6577 16306
16306 6577 6215
6577 15846 6215
15846 15710 6215
4912 6212 4914
12584 12582 13090
13090 12582 13222
12582 6205 13222
6562 7036 6560
6562 7040 7036
6559 9672 6561
6559 9666 9672
6195 9672 9666
6197 9672 6195
6196 7032 7036
6194 7032 6196
6560 7032 6558
6560 7036 7032
6557 6193 6559
6559 6193 9666
6193 9591 9666
9666 9591 6195
6194 7028 7032
6192 7028 6194
6558 7028 6556
7019 6552 7010
6191 9656 6189
6189 9656 9650
6553 9650 9656
6553 9656 6555
6556 7028 7007
6196 7036 6198
6190 6556 7007
7028 6192 7007
9590 9656 6191
6555 9656 9590
6193 6555 9590
6557 6555 6193
6558 7032 7028
6554 6556 6190
6198 7036 7040
9592 9672 6197
6561 9672 9592
11214 10794 10790
11214 11216 10794
11642 11216 11214
11642 11644 11216
12074 11644 11642
12074 12076 11644
10790 10794 10372
6567 12076 12074
6692 6568 6204
6692 6204 6690
6690 6202 6692
6692 6202 6566
6203 12582 6567
6567 12582 12584
6567 12074 6203
6583 17082 17078
10790 10372 10368
9974 10372 6565
6199 6561 9592
6563 6561 6199
6200 7008 7040
6562 6200 7040
6564 6200 6562
6198 7040 7008
9974 10368 10372
9976 6563 10068
6563 6199 6201
6565 9976 10068
6200 6566 6202
6564 6566 6200
9974 10068 6201
10068 9974 6565
6563 6201 10068
6583 17078 6219
3660 3791 6220
4100 6584 3791
14950 6605 14797
6605 15263 14797
15263 6237 14797
15263 15418 6237
14950 14797 6239
18500 6236 6602
18498 6236 18500
18500 6238 18498
18500 6604 6238
6601 16326 16167
15872 16167 16326
15872 15715 16167
15418 6603 15259
6603 15715 15259
15715 6235 15259
15715 15872 6235
15418 15259 6237
15872 15711 6235
16326 16163 15872
15872 16163 15711
6601 16619 16326
16619 16163 16326
16619 16615 16163
6603 15418 15263
16619 17079 16615
6233 17079 17083
6233 17083 6599
6236 18964 19130
6600 6236 19130
6602 6236 6600
6234 19130 18964
17083 17079 16619
6238 6606 6240
6604 6606 6238
6241 14952 6239
17548 6246 17544
17544 6244 17548
17548 6244 6610
6247 14958 6245
6245 14958 14956
15428 15264 6611
17548 6612 6246
14956 15428 6611
6613 15264 15428
16168 6614 16340
16168 16340 16798
16168 16798 16620
16620 16798 6248
17080 16620 6248
14958 15428 14956
2537 6598 2366
6609 14956 6611
6243 14956 14954
6239 14952 14950
6605 14950 14952
6605 14952 6607
18032 6608 6242
18032 6242 18028
18028 6240 18032
6609 14954 14956
18032 6240 6606
6241 14954 14952
6607 14952 14954
6607 14954 6609
6242 6610 6244
6608 6610 6242
6245 14956 6243
6243 14954 6241
6190 6188 6554
2366 1924 1922
2537 2366 6232
6229 18208 6227
3242 6226 6590
3240 6226 3242
3242 6228 3240
3242 6592 6228
6589 6225 6591
6591 6225 18204
6225 18027 18204
18204 18027 6227
6588 6590 6224
6224 6590 6226
6589 6587 6223
6589 6223 6225
6586 6588 6222
6222 6588 6224
6587 18026 6223
6587 18030 18026
3660 4100 3791
4098 4100 3660
4098 6218 4100
4100 6218 6582
6219 17542 6583
6583 17542 17546
6227 18208 18204
6585 17546 17542
6220 3791 3662
6586 6220 3662
6222 6220 6586
3791 6584 3662
6221 18026 6585
6585 18026 18030
6585 17542 6221
6591 18204 18208
6591 18208 6593
6228 6594 6230
18966 6600 19130
18966 19130 6234
134 18966 6234
136 18966 134
6596 136 752
136 588 752
6231 17547 6595
136 134 588
588 1028 6597
588 1026 1028
1478 1028 1026
1478 1480 1028
1922 1480 1478
1922 1924 1480
752 588 6597
2366 1922 6232
6231 17543 17547
6599 17547 6233
6592 6594 6228
11936 12225 6515
18208 6229 18031
6229 6595 18031
6229 6231 6595
6593 18208 18031
6233 17547 17543
590 6596 752
2364 2537 6232
2822 6598 2537
2364 2822 2537
2820 2822 2364
2820 6230 2822
2822 6230 6594
6597 590 752
6554 6188 7010
6188 7019 7010
6551 6187 6553
6531 6157 6159
14868 6158 14795
6528 6530 6156
6156 6530 14795
6530 14868 14795
6529 6527 6155
6529 6155 6157
6528 6156 6154
6528 6154 14412
14357 6528 14412
14357 14412 6526
6527 6525 6153
6527 6153 6155
14412 6154 14355
13992 13937 6152
13937 6526 6152
6526 14355 6152
13166 13523 13087
13992 13935 13582
13582 13935 13523
13992 6152 13935
6525 10791 6153
6153 10791 10789
6531 6529 6157
6151 10789 10791
13089 13166 6524
13166 13089 13525
13166 13525 13582
13582 13525 13937
13582 13937 13992
6526 14412 14355
6151 10791 6523
14799 14868 6530
14799 6532 14868
6532 6158 14868
690 1140 1136
6162 1136 1477
1136 1572 1477
1136 1140 1572
1572 6166 1477
6535 10369 6167
690 1136 6161
6167 10369 10365
6163 10369 6533
16617 16716 6534
17077 6164 16716
16617 17077 16716
17081 17077 16617
17081 17541 17077
6163 10365 10369
13582 13523 13166
587 690 6161
16716 6164 16613
6532 6160 6158
1136 1025 6161
1136 6162 1025
6533 6159 6163
6533 6531 6159
15257 6160 6532
690 587 6165
15257 6532 15261
15713 15709 15261
15713 16161 15709
16165 16161 15713
16716 16613 6534
16613 16165 6534
16613 16161 16165
15261 15709 15257
17545 17541 17081
13087 12581 12583
13166 13087 6524
18394 17922 6150
18635 18394 6150
17922 17924 17438
17922 17438 17695
6149 17922 17695
17438 16974 16972
17438 16972 6148
17695 17438 6148
16972 16974 16508
16508 16974 16749
16974 6518 16749
16508 16289 16056
16508 16749 16289
15600 16056 15602
15602 16056 6517
16056 16289 6517
15600 15602 15142
12739 13211 13215
13211 13623 13215
13211 13621 13623
13621 14033 13623
13621 14031 14033
6516 14033 14246
18394 17924 17922
14033 14449 14246
14246 14449 14684
14684 14449 14901
6147 15140 14901
15140 14684 14901
15140 15142 14684
15600 15142 15140
14033 14031 14449
18635 6512 18394
2931 2704 6513
2704 2931 6519
16510 16289 16749
16749 6518 16510
3339 3134 6519
3339 6520 3134
13625 13408 6521
13625 6522 13408
16058 16289 16510
6523 11215 6151
11215 11641 11213
11643 11641 11215
11643 12073 11641
12075 12073 11643
12075 12581 12073
12583 12581 12075
6151 11215 11213
13087 12583 6524
16289 16058 6517
13625 13623 14033
2931 3339 6519
2931 3335 3339
6520 3339 3554
3339 3757 3554
3339 3335 3757
3757 6514 3554
14033 6516 13824
12743 12418 6515
12952 12743 13215
12952 13215 6521
13215 13625 6521
13215 13623 13625
6522 13625 13824
13625 14033 13824
12418 12743 12952
17084 16620 17080
17545 6536 17541
6169 692 6165
5613 5971 5611
5613 5611 5263
5263 5611 5261
5263 5261 4913
4913 5261 4911
4911 4523 4913
4913 4523 6544
4523 4585 6544
4585 4523 6180
6543 698 589
246 589 698
246 135 589
19074 135 246
19074 18965 135
18612 18965 19074
18612 18499 18965
18499 18612 6542
3241 3659 3239
3661 3659 3241
3661 4097 3659
4099 4097 3661
6180 4097 4585
4097 4525 4585
5973 5971 5613
4097 4099 4525
10366 10440 6179
10792 6541 10882
10882 6541 6181
6541 10440 6181
10440 10366 6181
6545 10792 10882
4525 6544 4585
6182 5971 6359
5971 6339 6359
5971 5973 6339
6547 10448 10371
6184 6550 6186
6548 6550 6184
10030 6185 9975
6185 6551 9975
6185 6187 6551
10030 6549 9973
6549 10030 9975
6188 6550 7019
6186 6550 6188
7009 6552 7019
9650 9589 6189
6187 9589 9650
6553 6187 9650
6550 7009 7019
3241 3239 2821
6549 10371 9973
10371 10448 6183
6339 6546 6359
10448 10367 6183
10793 10882 6181
10793 6181 10367
6547 10793 10367
10448 6547 10367
10371 6183 9973
6545 10882 10793
6337 6359 6546
6691 6337 6546
6689 6337 6691
6691 6548 6689
6689 6548 6184
10030 9973 6185
6359 6337 6182
17541 6536 6168
2821 3239 2819
2365 2819 2450
6176 18608 18610
6172 18608 6176
6540 18608 6538
6540 18610 18608
6539 6537 6171
6539 6171 6175
2008 6174 1921
1576 1580 2008
1576 2008 1921
6170 1576 1921
1576 1146 1580
1580 1146 1148
1146 692 1148
1148 692 694
6169 694 692
6173 694 6169
18608 6172 18497
6165 692 690
1146 690 692
1140 690 1146
1576 1140 1146
1572 1140 1576
6166 1572 6170
6177 696 6173
6170 1572 1576
6537 6535 6167
18025 6168 6536
18025 6536 18029
18608 18497 6538
18497 18029 6538
18497 18025 18029
6537 6167 6171
6173 696 694
1150 694 696
1148 694 1150
19074 133 18963
133 246 6177
246 696 6177
246 698 696
698 6543 1027
1150 698 1027
246 133 19074
696 698 1150
1150 1479 1582
1582 1479 1923
1582 1923 2010
2010 1923 2365
2010 2365 2450
2819 6178 2450
1150 1027 1479
2821 2819 2365
18610 18612 19074
6176 18610 18963
1582 1148 1150
1580 1148 1582
2010 1580 1582
2008 1580 2010
6174 2008 2363
2008 2450 2363
18610 19074 18963
2008 2010 2450
10370 6539 10440
6539 6179 10440
6539 6175 6179
6541 10370 10440
6542 18612 18610
6542 18610 6540
2450 6178 2363
17080 6246 17084
17998 19290 460
14798 14958 6247
6823 6487 6489
6823 6489 10446
10256 6823 10446
4951 6822 4816
6488 6486 6824
6824 6486 4816
6486 4951 4816
6823 6821 6485
6823 6485 6487
4815 6822 4951
6484 6820 6486
6486 6820 4951
6825 10256 10446
6820 4815 4951
6483 6485 6821
6483 6821 10255
10428 6483 10255
6818 6820 6484
6818 6484 4413
4571 6818 4413
4571 4413 6482
6817 6481 6819
6819 6481 10428
6481 10253 10428
10428 10253 6483
4415 6818 4571
6819 10428 10255
4571 6482 4415
4414 4591 6490
6488 6826 4591
6496 6494 6832
6832 6494 3984
6494 4187 3984
6831 6829 6495
6495 6829 11088
6829 11318 11088
11088 11318 6493
6492 6828 6830
6492 6830 4187
3982 6492 4187
3982 4187 6494
6829 11090 11318
4414 6488 4591
10670 10668 11090
10668 6493 11318
6827 10668 10670
6491 10668 6827
4591 6826 4416
6492 6490 6828
6828 6490 4416
6490 4591 4416
6827 6825 6491
6491 6825 10254
6825 10446 10254
10254 10446 6489
6488 6824 6826
11090 10668 11318
3983 4415 4160
4415 6482 4160
6482 6480 4160
6471 12419 6807
6471 12417 12419
6473 12419 12417
6809 12419 6473
6806 6808 6470
6470 6808 6472
6807 6805 6469
6807 6469 6471
6804 6806 6468
6468 6806 6470
6805 6803 6467
6805 6467 6469
6472 6810 6474
6802 6804 6466
6803 6801 6465
6803 6465 6467
6800 6802 6464
6464 6802 6466
6801 6799 6463
6801 6463 6465
3133 6800 6464
3135 6800 3133
3133 6798 3135
3133 6462 6798
6797 13156 12953
6461 6463 6799
6466 6804 6468
6808 6810 6472
6811 11935 6475
6475 11935 11933
3983 4160 6816
6479 11089 6815
6479 11087 11089
11089 11087 10669
10669 11087 10667
6481 10669 10667
6817 10669 6481
4160 6480 3981
6814 6816 6478
6478 6816 3981
6816 4160 3981
6813 11742 11515
6477 6479 6815
6477 6815 11515
11742 6477 11515
6812 6814 6476
6476 6814 6478
6811 6475 6813
6813 6475 11742
6475 11513 11742
11742 11513 6477
3551 6812 6476
3555 6812 3551
3551 6810 3555
3551 6474 6810
6473 11935 6809
6473 11933 11935
4187 6830 3984
6495 11514 6831
6831 11514 11516
6833 11516 11514
14684 14686 14246
14246 14686 14451
14686 6852 14451
14246 14451 6516
12221 6515 12225
12221 6511 6515
12221 6851 6847
12225 6851 12221
4205 6846 6850
4201 6846 4205
4205 6510 4201
4205 6514 6510
15142 14686 14684
2471 6513 2473
2471 6849 6845
2473 6849 2471
6508 268 20
18858 18856 20
18858 20 268
6844 18858 268
18858 6512 18856
18858 6848 6512
12217 6511 12221
12217 6507 6511
12217 6847 6843
12221 6847 12217
2471 6509 6513
15142 15144 14686
15602 15831 6853
15144 15602 6853
12418 6857 6515
12749 6857 12418
12225 11936 6851
4209 6850 6856
4205 6850 4209
4209 3761 4205
4205 3761 6514
3761 3554 6514
3554 3761 6520
6519 2933 2704
2242 2473 6513
6855 2242 6513
2704 6855 6513
2933 6855 2704
2473 2242 6849
18396 6512 6848
18394 6512 18396
18394 18396 17926
18394 17926 17924
17924 17926 17440
17924 17440 17438
17438 17440 16976
17438 16976 16974
16976 6518 16974
16976 6854 6518
6517 15831 15602
15142 15602 15144
3985 6846 4201
6461 6799 12953
3553 3749 6510
6842 4201 6510
482 717 6504
6503 6839 6501
6501 6839 11767
6839 11518 11767
11767 11518 6837
3557 6838 3747
6500 6836 6502
6502 6836 3747
6836 3557 3747
11765 6501 11767
11765 6499 6501
11765 6837 6835
17084 6246 6612
11767 6837 11765
6500 6498 6836
6836 6498 3556
6498 3743 3556
6497 6499 6833
6833 6499 11517
6499 11765 11517
6835 11517 11765
6496 6832 6834
6496 6834 3743
3552 6496 3743
3552 3743 6498
6833 11514 6497
3743 6834 3556
482 922 717
920 922 482
1374 922 920
6842 3985 4201
3749 3553 6506
6509 2471 2240
1810 2029 6505
6845 1810 6505
2240 6845 6505
2471 6845 2240
2029 1810 6841
717 6840 484
484 6504 717
6508 6504 268
6504 484 268
484 22 268
22 6844 268
6507 12217 11934
6843 6839 6503
6843 6503 11934
12217 6843 11934
3749 6838 6842
3747 6838 3749
3749 6502 3747
3749 6506 6502
6505 2029 1808
1374 1808 1376
1376 1808 6841
1808 2029 6841
1374 1376 922
3749 6842 6510
13156 6461 12953
922 6840 717
16511 16973 6457
6788 6792 6450
6450 6792 2703
6792 2860 2703
6449 17925 6787
6449 17923 17925
17925 17923 17439
17439 17923 17437
6453 17439 17437
6791 17439 6453
15603 6790 15775
6796 2868 2864
6796 2864 6794
6458 2864 6460
6460 2864 2868
13156 12951 6461
6459 12951 13156
6797 6459 13156
6795 6459 6797
2705 2868 6796
2705 6798 2868
6798 6460 2868
6798 6462 6460
15775 15143 15603
15317 15143 15775
14683 14847 6452
6786 15317 6452
6786 15143 15317
14847 14683 6448
13975 6447 13823
2860 6454 2703
13407 13409 13823
6793 6451 6455
15317 15141 6452
16695 6457 16509
6789 13409 6451
2239 6788 6450
2241 6788 2239
2239 6784 2241
2239 6446 6784
6783 18566 18395
6445 6449 6787
16695 16057 16235
16695 16509 16057
16235 16057 6456
6795 6793 6455
6795 6455 6459
6458 2860 2864
6454 2860 6458
6794 2860 6792
6794 2864 2860
6453 16975 6791
6453 16973 16975
16511 16975 16973
16695 16511 6457
16695 16059 16511
16235 16059 16695
15601 15775 6456
15775 6790 6456
6790 16235 6456
6790 16059 16235
15775 15141 15317
15775 15601 15141
6793 6789 6451
13823 13409 13975
14847 6786 6452
6451 13409 13407
1373 6782 6444
1375 6782 1373
1373 6780 1375
13409 6785 13975
187 6441 19
18855 18857 19
19 18857 187
18857 6779 187
6443 18857 18855
6781 18857 6443
919 6780 6442
921 6780 919
921 919 483
483 919 481
21 483 481
21 481 6441
187 21 6441
6779 21 187
6248 16798 16616
16164 16798 16340
16616 16798 16164
15716 15712 16164
15716 16164 16340
6614 15716 16340
15260 15712 15716
15260 15716 6613
15428 15260 6613
14798 15428 14958
15260 15428 14798
18566 18393 6445
6443 18393 18566
1373 6442 6780
6781 6443 6783
6783 6443 18566
6445 6787 18395
14685 6786 14847
14245 14247 14685
14245 14685 14847
6448 14245 14847
13825 14247 14245
18566 6445 18395
13975 13825 6447
6785 13825 13975
1807 6784 6446
1809 6784 1807
1807 6782 1809
13825 14245 6447
1807 6444 6782
