8906 8839 207
7800 7450 7448
7800 7448 9082
7973 7800 9082
7448 7450 7118
7448 7118 7116
6762 7116 7118
6762 7118 9415
6940 6762 9415
6762 6940 9081
8128 9080 9414
8126 9080 8128
8126 8128 7798
7973 9416 7800
7798 8128 7973
7798 7973 9082
9415 6764 6940
6586 6434 9081
9413 6586 9081
6940 9413 9081
6764 9413 6940
6434 6586 9079
9412 9414 9078
9078 9414 9080
9413 6436 6586
9411 9077 9079
9411 9079 6586
8128 9416 7973
6436 9411 6586
9659 12919 9327
12919 13287 12917
11781 12169 11779
11781 11779 11375
11375 11779 11373
11375 11373 10961
10961 11373 10959
10961 10959 10573
10961 10573 10670
9663 10961 10670
10278 10573 10185
10670 10573 10278
10278 10185 9331
14532 9330 14441
9327 12919 12917
14441 14037 14039
14532 14441 9662
14037 9660 14039
14037 9328 9660
9327 12541 9659
9327 12539 12541
9329 12541 12539
9661 12541 9329
13665 9660 9328
13667 9660 13665
13667 13665 13289
13289 13665 13287
13289 13287 12919
14441 14039 9662
11567 9410 11374
11374 11161 11567
10960 11161 11374
9401 5784 5786
9071 5784 9401
14657 9400 14444
14444 14235 14657
14038 14235 14444
14038 13666 13664
14038 13664 9070
14235 14038 9070
13664 13666 13288
13664 13288 13286
13286 13288 12918
13286 12918 12916
6118 5786 5784
12916 12918 12538
12918 9406 12727
12168 12538 12170
12170 12538 9405
12538 12727 9405
12168 12170 11778
11778 12170 11957
12170 9404 11957
11778 11563 11372
11778 11957 11563
11372 11157 10958
11372 11563 11157
10958 11157 9074
12538 12918 12727
6118 6120 5786
9407 6120 6118
9407 6118 9075
10960 10761 11161
10574 10761 10960
10761 10574 9409
9408 9412 9076
9076 9412 9078
9411 9407 9075
9411 9075 9077
12727 9406 12540
12727 12540 9405
11957 9404 11780
11567 11563 11957
11567 11957 11780
9410 11567 11780
11157 11563 11567
11157 11567 11161
11161 10761 11157
11157 10761 9074
10761 10572 9074
10184 10572 10186
10186 10572 9409
10572 10761 9409
10184 10186 9814
10184 9814 9993
9073 10184 9993
9993 9814 9403
9402 9408 9072
9072 9408 9076
12171 12169 11781
9073 9993 9812
9329 12169 12171
14445 14532 9662
5445 5443 5073
5073 5443 5071
9347 5073 5071
9679 5073 9347
15227 9678 9346
15233 9678 15227
15227 9676 15233
15227 9344 9676
9675 6180 6121
5844 6121 6180
5844 5787 6121
9343 9345 9677
9345 5443 5445
9343 9677 5787
9674 9676 9344
9674 9344 14849
14953 9674 14849
14953 14849 9342
9341 9471 9673
9341 9469 9471
9469 9135 9471
9471 9135 9672
9135 9229 9672
9229 8795 8887
9229 9135 8795
8887 8795 9340
5844 9343 5787
9671 6842 6765
9345 5445 9677
9678 9680 9346
9687 4678 4688
9355 4678 9687
9686 9688 9354
9354 9688 9356
9687 9685 9353
9687 9353 9355
15236 9352 9684
15228 9352 15236
15236 9354 15228
15236 9686 9354
9685 9683 9351
9685 9351 9353
9346 9680 9348
9684 9352 9350
15235 9684 15336
15235 15336 9682
9349 4687 9681
9349 4677 4687
9351 4687 4677
9683 4687 9351
9350 9348 9680
9350 9680 15234
15336 9350 15234
15234 9682 15336
9681 9679 9347
9681 9347 9349
9684 9350 15336
6498 6765 6842
6498 6437 6765
6180 9675 6119
6498 6763 6435
6842 6763 6498
6498 6435 9339
9666 9670 9334
9334 9670 9338
9669 9665 9333
9669 9333 9337
8459 9668 8547
8127 8129 8459
8127 8459 8547
9336 8127 8547
7801 8129 8127
9671 7119 6842
7801 8127 9335
9667 7801 7887
9664 9666 9332
9332 9666 9334
9663 10670 10575
10278 10575 10670
10278 10187 10575
9331 9333 9665
9331 9665 10187
10278 9331 10187
9664 9332 9330
9664 9330 14532
14445 9664 14532
7887 7801 9335
7119 6763 6842
7119 7117 6763
7119 7449 7117
9675 6437 6119
6437 9339 6119
6437 6498 9339
5844 6119 5785
6180 6119 5844
5844 5785 9343
14855 9674 14953
9338 9670 9342
9342 9670 14953
9670 14855 14953
9337 9815 9669
9337 9813 9815
9341 9815 9813
9673 9815 9341
9137 9672 9229
9229 8797 9137
8887 8797 9229
8457 8547 9340
8547 9668 9340
9668 8887 9340
9668 8797 8887
8547 8457 9336
7887 9335 7799
7449 7451 7799
7799 7451 7887
7451 9667 7887
7451 7449 7119
9329 12171 9661
9468 9812 9470
9470 9812 9403
9812 9993 9403
9371 3879 3611
3657 3405 3611
3447 3405 3657
9373 3405 3447
9040 1760 1680
1406 1404 1680
1406 1680 1760
9370 1406 1760
1406 9042 1404
1406 9372 9042
4419 9039 4353
4133 4419 4135
3611 3879 3657
4135 4419 9041
4133 4135 3879
4133 3879 3823
9369 4133 3823
9371 3823 3879
9040 1756 1760
9038 1756 9040
9370 1756 9368
9370 1760 1756
9037 9039 9367
9367 9039 4355
9039 4419 4355
4419 4073 4355
4419 4353 9041
4133 4073 4419
3879 3821 3657
4135 4071 3821
1219 9374 1136
1136 880 878
1136 878 9044
1219 1136 9044
878 880 622
878 622 620
620 622 360
620 360 358
358 360 74
358 74 72
74 15230 72
72 15230 9046
3821 9043 3657
15230 15386 9046
3657 9045 3659
3657 9043 9045
3447 3657 3659
3447 3659 3449
3447 9375 9373
3449 9375 3447
9042 9372 9374
9042 9374 1219
1134 9042 1219
1134 1219 9044
4135 9041 4071
4135 3821 3879
15230 9376 15386
9369 4073 4133
9038 1754 1756
9036 1754 9038
4672 4774 9031
9034 1750 1752
9030 1750 9034
1750 1480 1752
1752 1480 1482
1206 1482 1480
1206 1480 9029
1133 1206 9029
1206 1133 9033
9032 442 448
9028 442 9032
442 162 448
9361 4774 4672
448 162 168
9362 168 162
9361 4680 4774
9359 9027 9031
9359 9031 4774
4680 9359 4774
1750 9030 1679
1480 1679 1403
1750 1679 1480
1480 1403 9029
9028 440 442
9026 440 9028
440 160 442
9362 162 9360
9035 9361 4672
9363 9361 9035
73 168 9362
9368 1754 9366
9368 1756 1754
9365 962 879
879 962 9364
9035 4681 9363
9035 4673 4681
9037 4681 4673
9367 4681 9037
9036 1752 1754
9034 1752 9036
1752 1482 1754
1754 1482 9366
1482 1405 9366
1206 1405 1482
1206 1135 1405
962 9365 877
9365 1135 877
1135 9033 877
1135 1206 9033
877 619 621
877 621 9364
962 877 9364
621 619 359
359 619 448
619 9032 448
168 359 448
168 73 359
3449 3406 9375
3406 3449 3612
3612 3449 3659
3887 9377 3822
9395 9065 9067
9395 9067 4848
4686 9395 4848
15067 9394 9396
15065 9394 15067
15067 9064 15065
15067 9066 9064
9063 4685 9393
9063 4675 4685
9065 4685 4675
9395 4685 9065
14853 9394 15065
9397 4686 4848
9062 9392 9064
9392 14853 15065
9063 9393 9061
9061 9393 4835
9393 4684 4835
4835 4684 9391
9392 9062 9060
9392 9060 14632
14443 9392 14632
14443 14632 9390
4831 9061 4835
4831 9059 9061
4831 9391 9389
9064 9392 15065
8456 8629 9068
8796 9398 8629
8456 8796 8629
9399 9468 9470
9069 9468 9399
8629 9398 8458
9072 9068 9402
9402 9068 8458
9068 8629 8458
9401 5442 9071
9401 5444 5442
5442 5444 5072
5442 5072 5070
4676 5070 5072
4676 5072 9397
4848 4676 9397
4676 4848 9067
15067 9396 14854
9400 14657 14440
14854 9400 14440
9066 14854 14440
15067 14854 9066
14440 14235 14036
14440 14657 14235
14036 14235 9070
9399 9134 9069
9399 9136 9134
9134 9136 8796
9134 8796 8794
8794 8796 8456
4835 9391 4831
9689 4688 4678
9060 14628 14632
9390 14628 9388
9048 15390 15226
9380 15022 14851
15390 15022 15226
15022 9380 15226
9380 9050 15226
14851 15022 9378
9379 4682 4812
4356 4354 4682
4682 4354 4812
4354 9049 4812
4354 4356 4074
4354 4074 4072
4674 4812 9049
4072 4074 3824
9047 4072 3887
3887 3824 9377
9048 15386 15390
9046 15386 9048
15390 15386 15022
15022 15386 14850
15386 9376 14850
14850 9378 15022
9047 3887 3822
3612 3659 9045
9377 3612 9045
3822 9377 9045
4072 3824 3887
9379 4812 4674
9051 9379 4674
9381 9379 9051
9390 14632 14628
9057 9059 9387
9387 9059 4683
9059 4831 4683
9389 4683 4831
14852 9056 9386
14848 9056 14852
14852 14442 14848
14848 14442 9058
14442 14628 9058
14442 9388 14628
9387 9385 9055
9387 9055 9057
15399 9384 15232
9056 9054 9386
9386 9054 15232
9054 15399 15232
9385 9383 9053
9385 9053 9055
15231 9384 15399
9052 9382 9054
9054 9382 15399
9382 15231 15399
9383 9381 9051
9383 9051 9053
9380 9382 9050
9050 9382 9052
9058 14628 9060
442 160 162
9689 4678 9357
9688 9690 9356
8460 8128 9414
8639 8460 9414
8130 9416 8128
8130 9748 9416
9747 6764 9415
9747 6766 6764
6764 6766 6438
6764 6438 6587
9413 6764 6587
6587 6438 9745
11165 9744 10962
10962 10765 11165
8460 8130 8128
10576 10765 10962
10188 10379 10576
10379 10188 9743
8639 9742 9746
8637 9742 8639
8639 9412 8637
8639 9414 9412
9413 6587 6436
9745 9741 9411
9745 9411 6436
6587 9745 6436
11376 9410 9740
11374 9410 11376
10576 10379 10765
11374 11376 10960
8639 9746 8460
9747 7118 7120
11377 11375 10961
11377 10961 11056
10021 11377 11056
11056 10961 9663
14140 9662 14039
10018 10020 9660
9660 10020 14039
10020 14140 14039
9659 12543 10017
9659 12541 12543
9661 12543 12541
10019 12543 9661
9415 7118 9747
13667 10018 9660
13669 13667 13291
13291 13667 13289
13291 13289 12921
12921 13289 12919
9659 12921 12919
10017 12921 9659
7802 9416 9748
7800 9416 7802
7800 7802 7452
7800 7452 7450
7450 7452 7120
7450 7120 7118
13669 10018 13667
10960 11376 11165
11376 9744 11165
10960 10765 10574
9633 9403 9814
9633 9739 9735
9637 9739 9633
8635 9734 9738
8633 9734 8635
8635 9402 8633
8635 9408 9402
9407 6251 6120
6120 5911 5786
6120 6251 5911
9737 9733 9401
9737 9401 5786
9997 9633 9814
5911 9737 5786
14444 9400 14450
14444 14450 14040
14444 14040 14038
14038 14040 13668
14038 13668 13666
13666 13668 13290
13666 13290 13288
13288 13290 12920
13288 12920 12918
12920 12542 12918
12918 12542 9406
12542 12728 9406
14450 9400 9732
9637 9633 9997
10186 10375 9997
10186 9997 9814
10960 11165 10765
10379 10375 10765
10765 10375 10574
10375 9409 10574
9997 10375 10379
9997 10379 9743
9816 9997 9743
9816 9637 9997
9472 9637 9816
9637 9472 9739
8637 9738 9742
8635 9738 8637
8637 9408 8635
8637 9412 9408
9411 9741 9407
9407 9741 6251
9741 6122 6251
6122 5911 6251
5788 5911 6122
5911 5788 9737
9406 12728 12540
12540 12728 9405
9404 11958 11780
9740 9410 9736
9736 9410 11958
9410 11780 11958
9409 10375 10186
11377 11781 11375
12172 12170 12542
11783 11781 11377
12173 12171 11783
10035 5447 5509
10032 10034 9674
9674 10034 9676
9561 9673 9471
9561 9471 9672
9671 6767 10031
9671 6765 6767
6767 6765 6437
6767 6437 6502
10033 6767 6502
6502 6437 9675
10030 10032 9674
5846 5787 9677
10030 9674 14855
14949 14855 9670
9911 9669 9815
9815 9673 9561
9911 9815 9561
9473 9911 9561
10029 9911 9473
9137 9225 9672
9225 10028 9672
10028 9561 9672
10028 9473 9561
9225 8797 8883
9225 9137 8797
14949 10030 14855
8883 8797 9668
5447 10036 5509
6123 5787 5846
10039 9681 4693
9681 4743 4693
10041 4693 4743
9680 9678 10038
9680 10038 15240
15330 9680 15240
15240 10040 15330
10037 5846 5789
5445 5789 5846
5445 5846 9677
5789 5445 10036
5445 5509 10036
10037 6123 5846
5073 5075 5445
5075 10035 5509
9679 5075 5073
10039 5075 9679
15233 10038 9678
15239 10038 15233
15233 10034 15239
15233 9676 10034
10033 6502 6439
6123 6439 6121
6121 6439 9675
6439 6502 9675
6123 6121 5787
5445 5075 5509
7539 9667 7451
7119 7121 7451
7451 7121 7539
9666 14536 14538
9664 14536 9666
14536 14144 14538
14538 14144 14148
10026 14144 10022
10026 14148 14144
10021 11056 10963
10577 10963 10575
10575 10963 9663
10963 11056 9663
10577 10575 10189
10189 10575 10187
10027 7453 7539
9665 10189 10187
8131 10024 8205
8205 7803 8131
7883 7803 8205
10023 7803 7883
14536 9664 14445
14140 14144 14536
14140 14536 14445
9662 14140 14445
10022 14140 10020
10022 14144 14140
9661 12173 10019
9661 12171 12173
10025 10189 9665
10023 7883 7453
7453 7883 7539
7883 7801 7539
7121 10027 7539
9671 7121 7119
10031 7121 9671
14861 10030 14949
14949 9670 14861
14451 14861 14538
14861 9670 14538
9670 9666 14538
14148 14451 14538
14148 14041 14451
14041 14148 10026
9665 9669 10025
10025 9669 9817
9669 9911 9817
10029 9817 9911
9139 10028 9225
9225 8799 9139
8883 8799 9225
8459 8461 8799
8459 8799 8883
9668 8459 8883
8459 8129 8461
8461 8129 10024
8129 8205 10024
8205 7801 7883
8205 8129 7801
7801 9667 7539
11783 12171 11781
12542 12170 12728
12170 9405 12728
12172 11782 12170
3241 9707 3239
1493 9702 1408
9374 9372 9706
9706 9372 1408
9372 1493 1408
9705 76 192
15238 192 76
15238 15382 192
14856 15382 15238
14856 15010 15382
14856 9704 15010
3655 9371 3611
3239 9707 9703
3405 3407 3611
3407 9701 3655
3195 3407 3405
3195 3405 9373
3239 3195 9373
9703 3195 3239
9370 9700 9702
9370 9702 1493
1406 9370 1493
1406 1493 9372
3877 9369 3823
3823 9371 3655
3877 3823 3655
3611 3407 3655
3613 3877 3655
3239 9373 9375
9708 15016 15010
14446 9710 14610
9377 3661 3612
3612 3451 3406
3612 3661 3451
3196 3241 9375
9709 3196 9375
3406 9709 9375
3451 9709 3406
3241 3196 9707
1138 9374 9706
1136 9374 1138
1136 1138 882
3239 9375 3241
1136 882 880
880 624 622
622 624 362
622 362 360
74 360 362
74 362 9705
192 74 9705
15230 192 15382
74 192 15230
15382 15010 15016
15382 15016 9376
15230 15382 9376
9708 15010 9704
880 882 624
9699 3877 3613
9701 3613 3655
9698 9700 9368
623 621 361
361 621 359
361 359 75
75 359 73
73 9694 75
73 9362 9694
4775 9363 4781
4775 9361 9363
4775 9695 9693
4781 9695 4775
9694 9362 9360
9694 9360 15352
623 9696 621
15237 9694 15352
9361 4775 4680
9693 9691 9359
9693 9359 4680
4775 9693 4680
15352 9360 15229
9690 9692 9358
9358 9692 15229
9692 15352 15229
9357 4689 9689
9357 4679 4689
9359 4689 4679
9691 4689 9359
15237 15352 9692
621 9696 9364
1210 1135 9365
1484 1405 1210
9368 9700 9370
4417 9367 4355
4073 4075 4355
4355 4075 4417
4075 9697 4417
3825 4075 4073
3825 4073 9369
3877 3825 9369
9699 3825 3877
9698 9368 9366
9698 9366 1484
1407 9698 1484
1210 1407 1484
1210 1137 1407
881 1137 879
879 1137 9365
1137 1210 9365
879 9696 881
879 9364 9696
4781 9363 4681
4681 9367 4417
4781 4681 4417
4357 4781 4417
9695 4781 4357
9697 4357 4417
1484 9366 1405
1210 1405 1135
15016 9708 14446
15016 14446 14610
14850 15016 14610
9378 14850 14610
9729 4844 4686
4686 4844 9395
9728 9730 9394
9394 9730 9396
9727 9393 9729
9729 9393 4844
9393 4685 4844
4844 4685 9395
14853 9728 9394
14859 9728 14853
14853 9726 14859
14853 9392 9726
9397 9729 4686
9727 9725 9393
9725 4836 4684
4684 4836 9391
14443 9726 9392
14449 9726 14443
14443 9724 14449
14443 9390 9724
9725 4692 4836
9723 9389 9391
9723 9391 4836
4692 9723 4836
14629 9722 14448
9390 9388 9724
9393 9725 4684
9731 9729 9397
8796 8963 9398
9136 9297 8963
12170 11782 9404
11782 11958 9404
11782 9736 11958
9403 9633 9470
9138 9297 9399
9735 9138 9399
9470 9735 9399
9633 9735 9470
9138 8963 9297
8798 8963 9138
9734 8633 8458
8798 9734 8458
9398 8798 8458
8963 8798 9398
8458 8633 9402
9733 5444 9401
9733 5446 5444
5444 5446 5074
5444 5074 5072
9731 5072 5074
9397 5072 9731
14860 9396 9730
14854 9396 14860
14860 9400 14854
14860 9732 9400
9399 9297 9136
9136 8963 8796
9724 9388 14448
9356 9690 9358
9388 14629 14448
9387 4683 4691
4813 4690 9713
3889 9712 3826
3889 3826 9711
15026 9380 14851
14610 14447 9378
14447 9714 9378
9714 14851 9378
9714 15026 14851
14447 14610 9710
9379 4813 4682
4356 4682 4358
4358 4682 9713
9715 4690 4813
4682 4813 9713
4356 4076 4074
4074 4076 3824
3824 4076 3889
4076 9712 3889
3614 3661 9377
9711 3614 9377
3824 9711 9377
3889 9711 3824
3614 3451 3661
3408 3451 3614
3451 3408 9709
9376 15016 14850
4356 4358 4076
9379 9715 4813
9381 9715 9379
14857 15026 9714
9389 4691 4683
9723 4691 9389
9386 15050 14852
15050 9720 14852
14442 14852 14629
14852 9720 14629
9720 9722 14629
14442 14629 9388
9721 9719 9385
9721 9385 9387
9384 15400 15232
9386 15232 15050
15232 15400 15050
15400 14858 15050
15400 9718 14858
14858 9720 15050
9719 9717 9383
9719 9383 9385
15400 9384 15231
9716 9718 9382
9382 9718 15231
9718 15400 15231
9717 9715 9381
9717 9381 9383
9716 9382 9380
9716 9380 15026
14857 9716 15026
9387 4691 9721
160 15348 162
162 15348 9360
15348 15229 9360
8791 8455 9008
8886 8791 9008
8453 9004 8455
8453 8672 9004
8671 7797 9003
8671 7793 7797
7797 7793 7447
7447 7793 7445
7447 7445 7115
7115 7445 7198
7445 8670 7198
6761 7115 6757
8791 8453 8455
6757 7115 8669
6761 6757 6433
6433 6757 6429
6433 6429 6117
6117 6429 6115
8675 6117 6115
9007 6117 8675
8668 9002 9006
8668 9006 14541
14436 8668 14541
14436 14541 8674
9001 9552 9005
9001 9548 9552
7115 7198 8669
8667 9552 9548
9228 9131 8886
9467 9552 8673
14845 9012 14847
14845 8678 9012
9011 8677 9013
9013 8677 5508
8677 5439 5508
5508 5439 8679
9010 9012 8678
9010 8678 14437
14545 9010 14437
14545 14437 8676
9009 9228 9133
8886 9133 9228
8886 9131 8791
8886 8793 9133
8675 5783 9007
8675 5781 5783
8677 5783 5781
9011 5783 8677
14545 9006 9010
14541 9006 14545
14545 8674 14541
14545 8676 8674
9005 9552 9467
9228 9009 9131
9009 9467 9131
9467 8673 9131
8793 8886 9008
8673 9552 8667
8123 9004 8672
8125 9004 8123
14439 14530 8992
8991 12250 12167
11777 12167 11775
11775 12167 8661
12167 12250 8661
11777 11775 11369
11777 11369 11464
8997 11777 11464
11052 11369 10955
11464 11369 11052
10664 10571 8660
10571 8996 8660
14439 8998 14530
8996 10955 8660
10272 10571 10664
10272 10183 10571
9894 9898 10272
10272 9898 10183
9898 8995 10183
9894 9540 9898
9898 9540 8994
9540 9465 8994
9216 8993 9129
8993 9465 9129
9465 8659 9129
9465 9540 8659
8996 11052 10955
8998 8662 14530
8998 8664 8662
8665 9218 8663
8671 8125 8123
9003 8125 8671
7198 8670 7113
7198 7113 8669
9000 9002 8666
8666 9002 8668
8999 9548 9001
8999 9546 9548
9548 9546 9218
9548 9218 9130
8667 9548 9130
9130 9218 8665
8998 9000 8664
8664 9000 8666
8997 11464 11371
11052 11371 11464
11052 10957 11371
10957 11052 8996
8995 9898 9811
9546 9898 8994
9546 8994 9466
9898 9546 9811
9546 8999 9811
9218 9546 9216
9216 9546 8993
9546 9466 8993
8663 9218 9216
15322 15219 9014
9216 9129 8663
15219 14847 9014
15322 8680 15219
954 960 1204
1204 960 1133
960 9033 1133
954 706 960
960 706 712
9032 706 9028
9032 712 706
9031 9027 8695
8695 9027 4350
9027 4404 4350
4350 4404 8693
1677 9030 8694
9029 1204 1133
1679 9030 1677
1403 1677 1401
1403 1401 1131
1403 1131 1204
9029 1403 1204
954 1131 875
1204 1131 954
704 706 954
704 954 875
8692 704 875
9028 704 9026
9028 706 704
9025 4404 9027
1679 1677 1403
9025 4400 4404
9034 2020 1953
9030 9034 8694
2294 2022 2024
2294 2024 8700
2230 2294 8700
9038 2022 9036
9038 2024 2022
8699 9035 4780
8699 4780 4666
9035 8699 4673
8699 4785 4673
9037 4673 4785
4780 8697 4666
2294 8698 2229
8694 9034 1953
2020 2022 2294
8696 2020 2229
9036 2020 9034
9036 2022 2020
9033 960 877
712 877 960
712 619 877
619 712 9032
9035 4672 4780
9031 8695 8697
9031 8697 4780
4672 9031 4780
2020 8696 1953
2020 2294 2229
8691 4404 4400
8693 4404 8691
8692 702 704
15335 9018 15224
8686 8684 9020
9020 8684 15224
8684 15335 15224
8685 5147 5064
9019 9017 8683
9019 8683 5064
5147 9019 5064
8682 15328 15220
15223 9018 15335
8684 9016 15223
8684 15223 15335
5153 9021 5147
9016 8684 15328
8681 5069 9015
8681 5063 5069
8683 5069 5063
9017 5069 8683
8682 15322 15328
8680 15322 8682
9016 15322 9014
9016 15328 15322
9013 5508 5441
8679 8681 9015
8679 9015 5441
5508 8679 5441
8684 15220 15328
5147 9021 9019
5147 8685 8687
5147 8687 5153
8690 702 8692
9026 702 9024
9026 704 702
4763 8689 4665
9023 4763 4665
4665 4349 4400
9023 4665 4400
9025 9023 4400
4400 4349 8691
702 8690 617
617 355 357
617 357 9024
702 617 9024
357 355 71
71 355 69
69 9022 71
69 8688 9022
5153 8687 5065
5065 8689 4763
5153 5065 4763
4671 5153 4763
9021 5153 4671
9023 4671 4763
15221 9022 8688
15225 9022 15221
15221 9020 15225
15221 8686 9020
15219 14845 14847
14530 8662 14435
14435 14033 14035
14435 14035 8992
8735 8391 8397
14647 8728 14438
8734 14231 14032
14438 8734 14032
8390 14438 14032
14647 14438 8390
14032 13849 13660
14032 14231 13849
13461 13459 13849
13849 13459 13660
13459 8389 13660
13461 8388 13459
8735 8729 8391
13461 8396 8388
12719 8387 8395
12721 12345 12719
12719 12345 8386
12345 12164 8386
12164 11949 11774
12164 12345 11949
11555 11553 11949
11949 11553 11774
11553 8385 11774
11553 8733 8727
11555 8733 11553
9983 8726 9810
12719 8395 12721
8732 9627 9462
6428 6577 8398
8392 6758 6428
13461 13284 8396
12912 12914 12536
12912 12536 12721
8395 12912 12721
12536 12345 12721
12166 12345 12536
12166 11949 12345
11776 11949 12166
11776 11555 11949
11370 11555 11776
11555 11370 8733
9627 8732 9464
6923 6758 8392
9627 9464 8731
8122 8394 8124
8122 8124 7792
7792 8124 7961
8124 8738 7961
7792 7961 8400
8399 7275 7110
6758 6923 8393
8737 6758 8393
7110 8737 8393
7275 8737 7110
8736 6577 6428
6758 8736 6428
8124 8394 8730
9810 8732 9462
8384 9810 9462
9983 9810 8384
10180 10182 9808
9808 10182 9983
10182 8726 9983
9808 9983 8384
8723 8381 8725
8725 8381 4840
8381 4663 4840
4840 4663 8383
14641 8722 8724
14631 8722 14641
14631 14641 14221
14221 14641 14031
10568 10182 10180
14641 8382 14031
14221 14031 13659
13843 13659 8380
5205 8379 5061
8381 8723 8721
8381 8721 5205
5061 8381 5205
14631 8720 8722
14627 8720 14631
14631 14221 14627
14627 14221 8378
14221 14030 8378
14030 13843 13658
14221 13659 13843
10568 10570 10182
10954 10570 10568
10954 10956 10570
9128 9462 9132
9132 9462 8731
9462 9627 8731
9128 9132 8792
9128 8792 8790
8790 8792 8454
8790 8454 8452
8454 8394 8452
8454 8730 8394
8393 6923 6754
6754 6923 8392
8725 4840 4669
8383 8391 8729
8383 8729 4669
4840 8383 4669
14647 8724 8728
14641 8724 14647
14647 8382 14641
14647 8390 8382
8389 13459 13282
13282 13459 8388
8387 12719 12534
12534 12719 8386
8385 11553 11368
10954 11368 10956
10956 11368 8727
11368 11553 8727
13284 12912 8396
13284 12914 12912
13284 13461 13662
13662 13461 13849
7971 8746 7796
7796 7629 7971
7446 7629 7796
8748 7289 7112
7446 8748 7112
8406 7446 7112
7629 7446 8406
7112 6939 6756
7112 7289 6939
6432 6585 8405
8747 6432 8405
6756 8747 8405
6939 6760 8747
6939 8747 6756
7971 8744 8746
7969 8744 7971
7625 7969 7971
7625 7971 7629
7629 8404 7625
7629 8406 8404
6583 8405 6585
6583 8403 8405
6583 8745 8743
6585 8745 6583
7795 8744 7969
7969 7625 7623
6585 6432 8745
6760 6939 7114
7114 6939 7289
7289 8748 7114
14530 14435 8992
14035 14033 13663
13663 14033 13661
13663 13661 13285
13285 13661 13283
13285 13283 12915
12915 13283 12913
12915 12913 12537
12537 12913 12535
12537 12535 12165
12537 12165 12250
8991 12537 12250
12250 12165 8661
8660 10660 10664
8658 10660 8660
10660 10266 10664
10664 10266 10272
9894 10272 10266
9894 10266 8657
9809 9894 8657
9540 9809 9463
9894 9809 9540
9540 9463 8659
10660 8658 10569
10266 10569 10181
10660 10569 10266
10266 10181 8657
7969 7623 8742
8698 2294 2230
7795 7969 8742
7279 7625 7111
8740 7621 7444
7794 8740 7444
8400 7794 7444
7961 7794 8400
7277 7275 7621
7621 7275 7444
7275 8399 7444
7275 7277 6929
7275 6929 6759
8737 7275 6759
6929 6579 6577
6929 6577 8736
7961 8738 7794
6759 6929 8736
6577 6249 8398
6249 6114 8398
6114 5909 5780
6114 6249 5909
5780 5909 8402
8739 4670 4854
8735 8397 8401
8735 8401 4854
4670 8735 4854
14231 8734 14034
14034 13849 14231
13662 13849 14034
6579 6249 6577
4664 4854 8401
4854 4664 8739
4664 5068 8739
7625 8404 7111
7279 6755 6931
7279 7111 6755
6755 8403 6583
6931 6755 6583
6431 6931 6583
8741 6931 6431
8743 6431 6583
7623 8740 8742
7621 8740 7623
7277 7621 7623
7277 7623 7279
6929 7277 7279
6929 7279 6931
6579 6929 6931
6579 6931 8741
6430 6579 8741
6430 6249 6579
6116 6249 6430
6116 5909 6249
5782 5909 6116
5782 5440 5438
5782 5438 8402
5909 5782 8402
5438 5440 5068
5438 5068 5062
4664 5062 5068
7623 7625 7279
4793 9039 4785
4785 9039 9037
4785 8699 8701
9900 9811 8999
8994 9544 9466
9466 9544 8993
14439 9330 8998
14441 9330 14439
14441 14439 14037
14037 14439 14136
14439 8992 14136
14037 14136 9328
9327 12622 12539
12254 9329 12167
9329 12539 12167
10185 10276 8995
12539 8991 12167
11862 12167 11777
12254 12167 11862
11862 11777 8997
10668 8996 10571
10276 10571 10183
10668 10571 10276
10276 10183 8995
9544 8994 9465
9544 9465 8993
14136 8992 14035
14035 13663 13665
14035 13665 9328
12539 12622 8991
14136 14035 9328
10185 8995 9811
9900 9331 9811
9005 9910 9001
8125 9336 9004
8127 9336 8125
9003 8127 8125
9335 8127 9003
9332 9334 9000
9000 9334 9002
9331 9902 9333
9331 9900 9902
8999 9902 9900
9001 9902 8999
9330 9332 8998
9331 10185 9811
8998 9332 9000
11862 12169 12254
11862 11779 12169
11373 11779 11371
11371 11779 8997
11779 11862 8997
11373 11371 10959
10959 11371 10957
10959 10957 10573
10573 10957 10668
10957 8996 10668
10276 10573 10668
10276 10185 10573
9329 12254 12169
13665 13663 13287
13287 13663 13285
13287 13285 12917
8295 9076 9078
8293 9076 8295
8293 8295 7967
7967 8295 7795
8295 8744 7795
7967 7795 8742
6581 8741 6431
8743 9077 9075
8743 9075 6581
6431 8743 6581
10757 9074 10572
10572 10371 10757
9079 8743 8745
10184 10371 10572
8293 9072 9076
8291 9072 8293
7965 8291 8293
7965 8293 7967
7967 8740 7965
7967 8742 8740
8741 6581 6430
6116 6430 6118
6118 6430 9075
6430 6581 9075
6116 6118 5784
6116 5784 5782
10371 10184 9073
9079 9077 8743
8297 8746 8744
8297 8744 8295
12917 13285 12915
12917 12915 12537
12917 12537 12622
9327 12917 12622
12622 12537 8991
7633 9082 7448
7448 7116 7114
7448 7114 8748
7633 7448 8748
7114 7116 6762
7114 6762 6760
9081 6760 6762
8747 6760 9081
8297 9080 8126
8126 7798 7796
8126 7796 8746
8297 8126 8746
7796 7798 7446
7446 7798 7633
7798 9082 7633
7446 7633 8748
9081 6432 8747
9081 6434 6432
9079 6432 6434
8745 6432 9079
8297 9078 9080
8295 9078 8297
9001 9910 9902
9333 9902 9910
9333 9910 9337
9002 9338 9006
9020 9354 15344
9020 15344 15225
9354 9020 15228
9020 15341 15228
4749 9021 4755
4749 9019 9021
4749 9353 9351
4755 9353 4749
9018 9350 9352
9018 9352 15341
15224 9018 15341
15224 15341 9020
15344 9022 15225
9017 9019 9349
9019 4749 4677
9351 4677 4749
9348 9350 9018
9348 9018 15223
15329 9348 15223
15329 15223 9016
5137 9015 5069
9017 9349 9347
9017 9347 5137
5069 9017 5137
15329 9346 9348
15323 9346 15329
9349 9019 4677
9352 15228 15341
4671 9023 4755
9023 9353 4755
15229 15348 9358
9357 4768 4679
9025 9027 9359
9025 9359 4679
4768 9025 4679
9026 438 440
9024 438 9026
438 158 440
440 158 160
158 15346 160
160 15346 15348
9358 15346 9356
9358 15348 15346
9357 4678 4768
9355 9023 9025
9355 9025 4768
4678 9355 4768
438 9024 357
158 357 71
438 357 158
15344 15346 158
15344 158 71
9022 15344 71
9356 15344 9354
9356 15346 15344
4755 9021 4671
9023 9355 9353
15329 9014 15323
5440 5782 5784
15329 9016 9014
9013 5441 5443
9006 9342 9010
9337 9910 9813
9560 9341 9467
9341 9813 9467
9813 9005 9467
9813 9910 9005
9560 9467 9009
8455 9340 9008
8457 9340 8455
8455 9336 8457
8455 9004 9336
9003 7799 9335
9338 9342 9006
9003 7797 7799
7449 7797 7447
7449 7447 7117
7117 7447 7115
7117 7115 6763
6763 7115 6761
6763 6761 6435
6435 6761 6433
6435 6433 6117
6435 6117 6178
9339 6435 6178
6178 6117 9007
9334 9338 9002
7799 7797 7449
9343 5785 9011
9011 5785 5783
6119 6178 9007
5071 5443 5441
5071 5441 9015
5137 5071 9015
9347 5071 5137
15227 9346 15323
14847 14957 9014
14957 9344 9014
9344 15323 9014
9344 15227 15323
14957 14847 9012
9345 9343 9011
9345 9011 9013
14849 9344 14957
9010 9342 9012
9012 9342 14957
9342 14849 14957
9341 9560 9469
9135 9469 9133
9133 9469 9009
9469 9560 9009
9135 9133 8795
8795 9133 8793
8793 9340 8795
8793 9008 9340
9339 6178 6119
5785 6119 5783
5783 6119 9007
9013 5443 9345
9679 9681 10039
5440 5784 9071
5068 5582 5228
8714 15396 15222
9054 8716 9052
9052 8716 15396
8716 15222 15396
9053 9051 8715
8715 9051 4668
9051 4818 4668
4352 4818 4438
4668 4818 4352
4352 4438 8713
8714 15394 15396
8712 15394 8714
5199 9055 5066
9052 15394 9050
9051 4674 4818
4438 4818 4432
4432 4818 9049
4818 4674 9049
8711 4438 4432
8713 4438 8711
8712 8710 9048
8712 9048 15226
15394 8712 15226
15226 9050 15394
9049 4354 4432
4072 4070 4354
9052 15396 15394
4354 4070 4432
9055 8715 5066
8717 5199 5066
10570 10747 10359
10182 10359 8726
9063 9061 8723
9063 8723 8725
9060 9062 8722
8722 9062 8724
9061 9059 8721
9061 8721 8723
9058 9060 8720
8720 9060 8722
5203 8719 5067
8721 9059 9057
9055 9053 8715
8721 9057 5203
15049 9056 14848
8720 8718 9058
9058 8718 14848
8718 15049 14848
5199 8719 5203
5199 8717 8719
5199 9057 9055
5203 9057 5199
8716 9054 9056
8716 9056 15049
14846 8716 15049
14846 15049 8718
5067 8721 5203
4070 8711 4432
3820 4070 4072
3820 4072 9047
4069 4071 4351
4351 4071 4421
4071 9041 4421
3821 4071 4069
3821 4069 8705
3881 3821 8705
9043 3821 3881
8702 2030 1954
1680 1678 1954
1680 1954 2030
9040 1680 2030
1678 1680 1404
4421 8703 4351
1678 1404 1402
1404 9042 8704
4793 8701 4667
4667 8703 4421
4793 4667 4421
4353 4793 4421
9039 4793 4353
9041 4353 4421
8702 2024 2030
8700 2024 8702
9040 2024 9038
9040 2030 2024
4785 8701 4793
1404 8704 1402
876 971 8706
1134 9044 971
876 1134 971
3886 3820 9047
3820 3886 8709
8708 196 70
9048 8710 9046
9046 8710 196
8710 70 196
9047 3822 3886
9045 8707 8709
9045 8709 3886
3822 9045 3886
971 9044 878
878 620 618
878 618 8706
971 878 8706
618 620 358
618 358 356
358 72 356
356 72 8708
72 196 8708
72 9046 196
3881 8705 3819
8707 9045 9043
8707 9043 3881
3819 8707 3881
1134 8704 9042
1132 8704 1134
1132 1134 876
10570 10359 10182
10956 11147 10747
10956 10747 10570
8727 11147 10956
8287 7965 8738
7965 7794 8738
7794 7965 8740
6927 8737 6759
6927 6759 8736
9071 5442 5582
5070 5582 5442
5070 5228 5582
4676 4670 5070
5070 4670 5228
4670 8739 5228
9067 4670 4676
8291 7965 8287
8735 4670 9067
14440 14036 14034
14440 14034 8734
14653 14440 8734
14034 14036 13662
13662 14036 13851
14036 9070 13851
13662 13463 13284
13662 13851 13463
13284 13099 12914
13284 13463 13099
12914 12723 12536
12914 13099 12723
14653 9066 14440
8287 9068 8291
8291 9068 9072
9629 9468 9069
5440 5582 5068
5068 5228 8739
13851 9070 13664
13664 13463 13851
13286 13463 13664
13286 13099 13463
12916 13099 13286
12916 12723 13099
12538 12723 12916
12538 12347 12723
12168 12347 12538
12168 11951 12347
11778 11951 12168
11778 11557 11951
11372 11557 11778
11372 11153 11557
10958 11153 11372
10757 10753 11153
10757 11153 10958
9074 10757 10958
10365 10753 10757
10365 10757 10371
9989 10365 10371
9989 10371 9073
9812 9989 9073
9812 9629 9989
9468 9629 9812
12536 12347 12166
5582 5440 9071
12536 12723 12347
12166 12347 11951
8728 9064 9066
8728 9066 14653
14438 8728 14653
14438 14653 8734
11147 8733 11151
11147 8727 8733
10747 11147 11151
10747 11151 10751
10359 10747 10751
10359 10751 10363
10363 9987 10359
10359 9987 8726
9067 8729 8735
9987 9810 8726
8731 9291 9132
9132 8959 8792
9132 9291 8959
8792 8625 8454
8792 8959 8625
8454 8625 8730
8725 4675 9063
8725 4669 4675
8729 4675 4669
9065 4675 8729
9062 9064 8724
8724 9064 8728
9810 9987 8732
9067 9065 8729
6758 6927 8736
8737 6927 6758
11776 11557 11370
11776 11951 11557
11153 11151 11557
11557 11151 11370
11151 8733 11370
10751 11151 11153
10751 11153 10753
10363 10751 10753
10363 10753 10365
9987 10363 10365
9987 10365 9989
9989 9629 9987
9987 9629 8732
9629 9464 8732
9134 9291 8731
9069 9134 8731
9464 9069 8731
9629 9069 9464
9134 8959 9291
8794 8959 9134
8794 8625 8959
8456 8625 8794
9068 8287 8124
8456 9068 8124
8730 8456 8124
8625 8456 8730
8124 8287 8738
12166 11951 11776
9682 15234 15330
10040 9682 15330
10042 9682 10040
368 10828 80
10446 368 80
467 368 10446
80 197 10448
10827 2964 10447
10827 2968 2964
10825 2964 2968
10445 2964 10825
10444 968 886
628 968 724
886 968 628
724 10824 628
10828 197 80
366 628 467
10824 10826 467
366 467 10446
10825 10823 10443
10825 10443 10445
10444 966 968
10442 966 10444
968 966 724
724 966 630
966 10822 630
630 10824 724
10823 10821 10441
10823 10441 10443
628 10824 467
966 10442 885
467 10826 368
10829 10827 10447
3025 10835 10833
3027 10835 3025
15033 10832 10834
15027 10832 15033
15033 10452 15027
15033 10454 10452
10453 3247 3200
3025 3023 3247
3247 3023 3200
3023 10451 3200
3023 10833 10831
3025 10833 3023
10829 10447 10449
15246 10450 10830
15244 15246 14866
14866 15246 15027
15246 10832 15027
14866 15027 10452
10449 10451 10829
10829 10451 2969
10451 3023 2969
10831 2969 3023
197 10828 82
10450 10448 10830
10830 10448 82
10448 197 82
15244 10450 15246
10820 10822 10440
10440 10822 885
10822 966 885
10814 3649 10434
10814 3619 3649
3437 3411 10430
2761 10429 2697
10433 10817 10813
10433 10813 2761
2697 10433 2761
367 10816 449
10428 10812 10432
10432 10812 449
10812 367 449
10427 10431 10811
3437 10814 10434
10811 10431 4083
10815 4083 4123
3413 10814 3437
3199 3203 3413
3199 3413 3437
10430 3199 3437
3199 2963 3203
3203 2963 10810
2963 3005 10810
2963 10429 2761
3005 2963 2761
2699 3005 2761
10809 3005 2699
10431 4123 4083
3411 3437 10434
3649 3619 3873
3873 3619 3833
3875 10439 3829
3875 3829 10438
10821 2698 10441
10821 2700 2698
10819 2698 2700
10437 2698 10819
10818 10820 10436
10436 10820 10440
3873 10439 3875
3873 10435 10439
3873 3875 3649
3649 3875 3617
3875 10438 3617
3649 3617 10434
10819 10817 10433
10819 10433 10437
627 10818 10436
629 10818 627
627 365 629
629 365 10816
365 449 10816
449 365 10432
4123 10431 4079
4079 10435 3873
4123 4079 3873
3833 4123 3873
10815 4123 3833
3025 3249 3027
10813 2699 2761
3025 3247 3249
3247 10455 3249
3901 4161 3903
3675 3901 3903
3675 3903 3677
3465 3675 3677
3465 3677 3467
3257 3465 3467
3257 3467 3259
3259 3037 3257
3257 3037 10468
3037 2966 10468
10845 10843 10467
10845 10467 2966
3901 4159 4161
3037 10845 2966
10844 10470 10842
10842 10470 15062
10470 14868 15062
10469 5209 5080
5080 4837 4702
5080 5209 4837
4455 4453 4837
4837 4453 4702
4453 10465 4702
4157 4453 4455
4157 4455 4159
3899 4157 4159
10466 15062 14868
3899 4159 3901
4159 4457 4161
4455 4841 4457
4459 4457 4841
4459 4841 4706
10848 4459 4706
4457 4459 4161
4161 4459 4081
4459 10474 4081
4161 3831 3903
4161 4081 3831
3677 3903 3679
3679 3903 10473
3903 3831 10473
3467 3677 3679
4159 4455 4457
3467 3679 10847
3414 3259 3467
3204 3259 3414
3204 3037 3259
2970 3037 3204
3037 2970 10845
10844 10846 10470
10470 10846 10472
5209 10471 5213
5209 10469 10471
4837 5209 5213
4837 5213 4841
4455 4837 4841
3414 3467 10847
3673 3899 3901
3673 3901 3675
3463 3673 3675
15051 10838 14867
15051 14867 10458
10461 3671 3618
3618 3461 3412
3618 3671 3461
3412 3461 10460
2783 10459 2785
2783 10457 10459
2783 10839 10837
2785 10839 2783
15051 10836 10838
15043 10836 15051
10838 10462 14867
15051 10456 15043
3249 10455 3201
3249 2965 3027
3249 3201 2965
2965 10457 2783
3027 2965 2783
2701 3027 2783
10835 3027 2701
10837 2701 2783
15043 10834 10836
15033 10834 15043
15043 10454 15033
15043 10456 10454
15051 10458 10456
10838 10840 10462
2785 2702 10839
10841 2702 2785
3463 3675 3465
3255 3463 3465
3255 3465 3257
3257 10464 3255
3257 10468 10464
10843 10841 10463
10843 10463 10467
10466 10462 10840
10466 10840 14872
15062 10466 14872
14872 10842 15062
10465 4453 4362
4362 4157 4080
4362 4453 4157
4080 3899 3830
4080 4157 3899
3673 3671 3899
3899 3671 3830
3671 10461 3830
3461 3671 3673
3461 3673 3463
3463 3255 3461
3461 3255 10460
3255 3202 10460
3202 3255 10464
10463 10841 10459
10459 10841 2785
3247 10453 10455
79 10812 10428
81 10812 79
81 79 15245
12925 13006 10780
12255 10395 12175
12255 11785 11863
12255 12175 11785
11379 11381 11785
11785 11381 11863
11381 10779 11863
10397 11381 11379
10781 11381 10397
13006 10396 12923
12923 12545 12547
12923 12547 10780
12925 10782 13006
13006 12923 10780
12177 12545 10395
12255 12177 10395
12255 11787 12177
11863 11787 12255
10779 11787 11863
8989 10506 8804
8804 8653 8989
8466 8653 8804
8466 8311 8653
8136 8311 8466
8311 8136 10505
8989 10504 10506
12177 12547 12545
8987 10504 8989
10782 10396 13006
10783 7457 7535
9143 8801 10784
8801 8879 10784
8879 8801 10400
7535 10399 7455
7123 7125 7455
7455 7125 7535
7125 10783 7535
10403 7125 7123
10787 7125 10403
13384 10402 13293
10782 10786 10398
10398 10786 13293
10782 10398 10396
10786 13384 13293
10785 10397 10401
8805 10784 8879
8463 8467 8805
8463 8805 8879
10400 8463 8879
8467 8463 8137
8137 8463 8133
8137 8133 7807
7807 8133 7805
7457 7807 7805
7457 7805 10399
7535 7457 10399
10785 10781 10397
8651 8987 8989
8651 8989 8653
8309 8651 8653
8464 10112 10494
8462 10112 8464
8462 8464 8134
8462 8134 8132
8132 8134 7806
8132 7806 7804
7454 7804 7806
7454 7806 10493
7630 7454 10493
7122 7630 7286
7454 7630 7122
6768 7286 6936
10113 10578 10495
7122 7286 6768
6442 6768 6936
10492 6442 6936
6440 6442 6126
6440 6126 6124
6124 5919 10111
6124 6126 10498
5919 6124 10498
5921 5919 10498
5589 5919 5921
5589 5921 5591
5237 5589 5591
5237 5591 5239
6442 6440 6768
10495 10578 10580
11169 10966 10114
10966 10578 10114
8309 8653 8311
8309 10505 10503
8311 10505 8309
8803 10504 8987
8987 8651 8647
8987 8647 10502
8803 8987 10502
8305 8647 8651
8305 8651 8309
8305 10503 10501
8309 10503 8305
8465 10502 8647
8647 8135 8465
8305 8135 8647
10501 8135 8305
5595 10500 5450
5595 5450 10499
5921 10498 5792
5595 5591 5921
5595 5921 5792
10500 5595 5792
5239 5591 5595
5239 5595 10499
5082 5239 10499
5239 5082 10497
11169 10496 10966
10966 10580 10578
9141 8801 9143
9143 9475 9141
9477 9475 9143
9477 10788 9475
10421 4391 4365
10803 4365 4391
10418 14966 14864
10802 10420 10800
10800 10420 14966
10420 14864 14966
10801 10799 10417
10801 10417 10419
10418 14962 14966
10416 14962 10418
10800 14962 10798
10800 14966 14962
10801 10421 4365
10797 5138 5083
4699 5083 10415
5083 5138 10415
10417 4705 4699
10799 4705 10417
10416 10414 10796
10416 10796 14870
14962 10416 14870
14870 10798 14962
6185 10413 6125
5791 5793 6125
6125 5793 6185
5793 10795 6185
4705 5083 4699
10419 10421 10801
10420 10804 10422
10802 10804 10420
15245 79 15243
15243 10808 15245
15243 10426 10808
4401 10425 4361
10427 10811 10807
10427 10807 4401
4361 10427 4401
2967 10810 3005
10809 2967 3005
10806 10808 10424
10424 10808 10426
4765 10423 4701
4397 4765 4401
4401 4765 10425
4765 4701 10425
4397 10807 10805
4401 10807 4397
14865 10806 10424
14871 10806 14865
14865 10804 14871
14865 10422 10804
10423 4765 4700
4397 4391 4765
4765 4391 4700
4391 10421 4700
4391 10805 10803
4397 10805 4391
5793 5791 5451
4706 4841 5084
5451 5791 5510
5138 10797 5079
10967 11062 10405
10581 10579 10193
10193 10579 10191
10193 10191 9821
9821 10191 9819
9819 10788 9821
9819 10404 10788
10403 10407 10787
10787 10407 6771
10407 6843 6771
10791 6771 6843
14453 10790 10406
10579 10967 10405
14455 10790 14453
14045 14453 14043
14045 14043 13673
13673 14043 13671
13673 13671 13295
13295 13671 13384
13671 10402 13384
13295 13384 10786
10785 10401 10789
10789 10401 11062
10401 10965 11062
11062 10965 10405
9475 10788 10404
14455 14453 14045
10581 10967 10579
10789 11062 10967
10792 14954 14863
10797 5451 5079
5451 10411 5079
5451 5510 10411
5138 5079 10415
10794 10796 10410
10410 10796 10414
6503 10409 6441
6441 10413 6185
6503 6441 6185
6127 6503 6185
10793 6503 6127
10795 6127 6185
5510 10412 5449
5510 5449 10411
10794 10410 10408
10794 10408 14954
14869 10794 14954
14869 14954 10792
6843 10407 6769
6769 10409 6503
6843 6769 6503
6443 6843 6503
10791 6843 6443
10793 6443 6503
14954 10408 14863
10790 10792 10406
10406 10792 14863
5791 10412 5510
5084 4841 5213
10849 5084 5213
10471 10849 5213
11194 11070 11066
6499 10791 6443
6443 10793 6181
6499 6443 6181
6129 6499 6181
11189 6499 6129
11193 6129 6181
11192 10792 10790
11192 10790 14542
14457 11192 14542
14457 14542 11188
11191 11790 11878
11194 11066 11190
11480 11878 11476
11878 11790 11187
11066 11480 11476
11066 11476 10789
10967 11066 10789
10967 10581 10583
10967 10583 11190
11066 10967 11190
10581 10193 10583
10583 10193 11186
10193 10291 11186
10291 9821 9913
10291 10193 9821
11476 11878 11187
9913 9821 10788
11484 11066 11070
11484 11195 11791
10798 14870 14960
10795 5795 11197
10795 5793 5795
5795 5793 5451
5795 5451 5512
11199 5795 5512
5512 5451 10797
10796 14958 14960
10794 14958 10796
11198 14958 11196
11198 14960 14958
11195 11484 11383
11480 11066 11484
11070 11383 11484
10969 11070 11194
6181 10793 6127
10795 11197 11193
10795 11193 6181
6127 10795 6181
14958 10794 14869
11192 11196 10792
10792 11196 14869
11196 14958 14869
11191 11878 11791
11480 11484 11878
11878 11484 11791
11070 10969 11383
11185 7200 7129
6773 7129 6771
6771 7129 10787
7536 7461 7811
7200 11185 7125
11185 7461 7125
7461 10783 7125
7461 7536 10783
7200 7125 10787
13297 11184 13385
10782 11180 10786
10786 11180 13385
11180 13297 13385
11179 11472 11183
11179 11468 11472
7536 7811 7884
10781 11472 11468
9479 11182 9549
9549 9145 9479
9221 9145 9549
8805 8809 9145
8805 9145 9221
10784 8805 9221
8809 8805 8471
8471 8805 8467
8471 8467 8141
8141 8467 8137
8141 8137 7807
8141 7807 7884
10785 11472 10781
11181 7884 7811
9221 9143 10784
9549 9477 9143
7129 7200 10787
6445 6773 6771
6445 6771 10791
6499 6445 10791
11189 6445 6499
14542 10790 14455
14455 14045 14047
14455 14047 11188
14542 14455 11188
14047 14045 13675
13675 14045 13673
13673 13295 13675
13675 13295 11184
13295 13385 11184
13385 13295 10786
11183 11476 11187
11183 11472 11476
10785 11476 11472
10789 11476 10785
10195 11186 10291
10291 9823 10195
9913 9823 10291
9477 9549 10788
9549 11182 10788
11182 9913 10788
11182 9823 9913
9549 9143 9221
11198 10798 14960
11200 10798 11198
10796 14960 14870
4744 4705 10799
11214 3621 3647
3435 3203 3227
3435 3413 3203
3227 3203 10810
2759 10809 2699
10813 11217 11213
10813 11213 2759
2699 10813 2759
164 10812 81
81 15245 15247
81 15247 11216
164 81 11216
11214 3647 10814
15245 11212 15247
10811 11215 10807
10807 11215 4115
11215 4086 4115
4115 4086 11211
3415 11214 3435
3435 3227 3225
3435 3225 11210
3415 3435 11210
3225 3227 3003
3003 3227 2967
3227 10810 2967
2757 3003 2759
15245 10808 11212
3435 11214 10814
3413 3435 10814
3647 3621 3869
2767 11223 2700
11220 11222 10818
10818 11222 10820
11221 11219 10817
11221 10817 10819
629 11220 10818
631 11220 629
629 11218 631
629 10816 11218
3869 10815 3833
3869 3619 3647
3869 3833 3619
3647 3619 10814
11219 11217 10813
11219 10813 10817
367 11218 10816
369 11218 367
369 367 83
83 367 164
367 10812 164
83 164 11216
10811 4087 11215
10811 4083 4087
3835 4087 4083
3835 4083 10815
3869 3835 10815
3869 3621 3835
2759 3003 10809
11181 8141 7884
3003 2967 10809
2759 11213 2757
10801 4365 4367
10803 4367 4365
11205 4367 10803
10802 14558 14562
10800 14558 10802
14562 14558 14168
14168 14558 14048
14558 11202 14048
14048 11204 14168
11201 5140 5087
4744 5087 5140
4744 4709 5087
10801 4367 11203
10799 10801 11203
4744 10799 4709
10800 10798 11200
10800 11200 14458
14558 10800 14458
14458 11202 14558
11199 5512 5453
5140 11201 5083
11201 5453 5083
5453 10797 5083
5453 5512 10797
4744 5083 4705
5140 5083 4744
10799 11203 4709
11206 14172 14168
11206 14168 11204
14566 14168 14172
11212 10808 10806
11212 10806 14974
14873 11212 14974
14873 14974 11208
10805 10807 11207
11207 10807 4085
10807 4115 4085
11211 4085 4115
3205 11210 3225
3225 2971 3205
3003 2971 3225
3003 2703 2971
2757 2703 3003
11209 2703 2757
14974 10806 14871
14566 14459 10804
14459 11208 10804
11208 14871 10804
11208 14974 14871
14172 14459 14566
14172 14049 14459
14049 14172 11206
11207 11205 10803
11207 10803 10805
10804 14562 14566
10802 14562 10804
14562 14168 14566
2757 11213 11209
4861 5237 5239
7536 7807 7457
7536 7457 10783
6128 6256 6588
6128 10866 6256
10865 4364 10491
10865 4366 4364
10859 4364 4366
10487 4364 10859
11569 10858 11382
10490 10486 10864
10864 10486 11382
10486 11569 11382
10863 9820 10489
10863 9822 9820
6128 6588 6444
9820 9822 9478
9476 9478 9142
9142 9478 9309
9478 10862 9309
9142 9309 10488
10861 7458 7626
7126 7626 7458
7126 7282 7626
7126 10860 7282
10859 10857 10485
10859 10485 10487
10484 10856 10858
10484 10858 11569
9820 9478 9476
11380 10484 11569
6444 6588 10492
6772 6444 6770
10869 10491 4704
4863 10869 4704
10496 10490 10864
10496 10864 10968
11170 10496 10968
10582 11170 10968
10582 10770 11170
10194 10192 10582
10582 10192 10770
10192 10495 10770
10863 10192 10194
10489 10192 10863
6770 6444 10492
9309 10862 9144
9144 10868 8802
10488 9144 8802
9309 9144 10488
8802 8975 10494
10867 10861 10493
10493 10861 7456
10861 7626 7456
7124 7626 7282
7456 7626 7124
6772 6770 7124
6772 7124 7282
10860 6772 7282
10868 8975 8802
11380 11569 10486
10485 10857 10483
10483 10857 4167
12924 13101 10853
12546 12548 12178
12546 12178 12176
12176 12178 11788
12176 11788 11786
11788 10480 11786
11788 10852 10480
10475 10479 10849
10849 10479 5085
10479 5223 5085
5223 4707 5085
4849 4707 5223
12548 12924 10853
4363 4459 10478
10848 4849 10478
10848 4707 4849
4459 4363 10474
10477 10851 10473
10473 10851 3679
10851 3620 3679
3679 3620 10847
14456 10472 10846
14454 10472 14456
14456 10476 14454
14456 10850 10476
10475 10849 10471
4459 10848 10478
12546 12924 12548
10481 13101 12924
13674 10854 10482
10857 4084 4167
4084 3909 4167
3834 3909 4084
3909 3834 10855
13296 10482 10854
13294 10482 13296
13294 13296 12926
13294 12926 13101
10481 13294 13101
13101 12926 10853
10852 10856 10480
10480 10856 10484
5223 10479 5081
5223 4703 4849
5223 5081 4703
4849 4703 10478
10483 4167 4082
4082 3909 3832
4082 4167 3909
10855 10851 10477
10855 10477 3832
3909 10855 3832
14046 10476 10850
14044 10476 14046
14044 14046 13674
14044 13674 13672
13674 10482 13672
10869 10865 10491
10497 4863 4704
10498 6126 6256
10866 10498 6256
8136 8470 8313
8470 10882 8313
7987 7985 8313
8313 7985 8136
7985 10505 8136
7645 7985 7987
7645 7987 10881
7460 7645 10881
7645 7460 10879
10878 10880 10504
10504 10880 10506
7983 10505 7985
8466 8470 8136
7983 10503 10505
7643 7985 7645
7301 7643 7645
7301 7645 10879
7128 7301 10879
7301 7128 10877
10876 10878 10504
10876 10504 8803
8983 10876 8803
8983 8803 10502
7981 10503 7983
7981 10501 10503
7641 7981 7983
7643 7983 7985
8804 8470 8466
8804 8808 8470
8804 10506 8808
12925 11180 10782
12927 11180 12925
12925 11178 12927
12925 10780 11178
11177 10779 11179
11179 10779 11468
10779 11381 11468
11468 11381 10781
12547 11178 10780
12549 11178 12547
12547 12177 12549
12549 12177 11176
12177 12251 11176
12251 11787 11857
12251 12177 11787
10779 11177 11175
10779 11175 11857
11787 10779 11857
12179 11176 12251
12251 11789 12179
11857 11789 12251
11175 11789 11857
8313 10882 8140
8140 7987 8313
7810 7987 8140
7987 7810 10881
8808 10506 10880
7641 7983 7643
7884 7807 7536
7299 7641 7643
7299 10877 10875
5794 10500 5792
5794 10872 10500
10499 5241 5082
4865 4863 5241
5241 4863 5082
4863 10497 5082
4863 10871 10869
4865 10871 4863
10496 11170 10966
10580 11170 10770
10966 11170 10580
10580 10770 10495
5792 10498 5794
8975 10868 8806
8806 8464 10494
8975 8806 10494
8464 8468 8138
8464 8138 8134
8134 8138 7808
8134 7808 7806
10867 7806 7808
10493 7806 10867
10492 6588 6442
6126 6588 6256
6442 6588 6126
10870 10498 10866
8806 8468 8464
5794 10498 10870
4865 4708 10871
4708 4865 5086
7301 10877 7299
8807 10876 8983
8465 8645 10502
8645 10874 10502
10874 8983 10502
10874 8807 8983
8645 8135 8303
8645 8465 8135
8135 10501 7981
8303 8135 7981
7809 8303 7981
10873 8303 7809
7981 7459 7809
7641 7459 7981
7641 7127 7459
7299 7127 7641
10875 7127 7299
8469 10874 8645
8645 8139 8469
8303 8139 8645
10873 8139 8303
5452 10500 10872
5450 10500 5452
5450 5452 5086
5450 5086 5241
10499 5450 5241
5086 4865 5241
7299 7643 7301
14030 14221 13843
4861 5239 10497
4861 4704 10491
14450 9732 14452
14450 14452 14042
14450 14042 14040
14040 14042 13670
14040 13670 13668
13668 13670 13292
13668 13292 13290
12920 13290 13292
12920 13292 10097
13100 12920 10097
12542 13100 12724
12920 13100 12542
14452 9732 10098
12172 12724 12348
11782 12348 11952
12172 12348 11782
10100 9736 10096
10096 9736 11952
9736 11782 11952
9735 9301 9138
9138 8965 8798
9138 9301 8965
8798 8965 9734
9733 5583 5446
10099 5446 5583
10099 10095 5222
12542 12724 12172
5446 10099 5222
10101 4697 4857
5585 10103 5583
6122 5913 5788
6122 6253 5913
5448 5585 9737
10107 5448 9737
5788 10107 9737
5913 10107 5788
5585 5448 10103
10106 5235 5077
5235 4859 4857
5235 4857 10102
5077 5235 10102
4857 10105 10101
4697 10102 4857
4859 10105 4857
9740 10100 11378
11568 9740 11378
11378 10104 11568
9301 9739 9305
9301 9735 9739
8965 9301 9305
8965 9305 8969
8969 9734 8965
8969 9738 9734
5583 9737 5585
5583 9733 9737
5583 10103 10099
9740 9736 10100
5074 5446 5222
5074 5222 9731
9730 15068 14860
10088 10090 9726
10088 9726 14449
14633 10088 14449
14633 14449 9724
10089 5076 5208
4832 4692 9725
10087 4832 9725
5208 10087 9725
5076 10087 5208
4692 4832 9723
9722 10086 10088
9722 10088 14633
9727 5212 9725
14448 9722 14633
10087 9721 4691
10087 4691 4832
9721 10087 4829
10087 4696 4829
10085 4829 4696
4691 9723 4832
10084 10086 9720
9720 10086 9722
4827 9721 4829
4827 9719 9721
4827 10085 10083
4829 10085 4827
14448 14633 9724
9725 5212 5208
10089 5208 5212
10089 5212 10091
10098 9732 10094
10094 9732 15068
9732 14860 15068
10097 12922 13100
12544 13100 12922
12544 12724 13100
12174 12724 12544
12174 12348 12724
11784 12348 12174
11784 11952 12348
11784 10096 11952
10093 5222 10095
10093 5216 5222
9729 5222 5216
9731 5222 9729
9730 15066 15068
9728 15066 9730
10094 15066 10092
10094 15068 15066
10091 5216 10093
10091 5212 5216
9727 5216 5212
9729 5216 9727
15066 9728 14859
10090 10092 9726
9726 10092 14859
10092 15066 14859
9741 6253 6122
4153 10082 4078
8973 9742 9738
10108 8973 9140
10021 11379 11377
10397 11379 10021
10020 13752 13756
10018 13752 10020
13752 13370 13756
13756 13370 13374
13370 13002 13374
13374 13002 10396
13002 12923 10396
12545 12923 12543
12543 12923 10017
12923 13002 10017
11379 11783 11377
10019 12545 12543
13752 10018 13669
13370 13669 13291
13752 13669 13370
13002 13291 12921
13370 13291 13002
13002 12921 10017
9748 7974 7802
7452 7974 7634
7802 7974 7452
7120 7634 7290
7452 7634 7120
7120 7290 9747
10395 12545 10019
10769 10114 10578
11785 11783 11379
12175 12173 11785
13378 13293 10402
13293 13378 10398
10397 10021 10401
10401 10021 11058
10021 10963 11058
10672 10963 10577
11058 10963 10672
10284 10577 10189
10672 10577 10284
10284 10189 10025
8463 10400 8543
8131 8133 8463
11785 12173 11783
8131 8463 8543
8133 8131 7805
7805 8131 7803
10023 7805 7803
10399 7805 10023
10022 13756 13762
10020 13756 10022
13756 13374 13762
13762 13374 13378
10398 13374 10396
10398 13378 13374
10019 12175 10395
10019 12173 12175
10024 8131 8543
10769 10578 10113
8462 9746 10112
8460 9746 8462
9746 9742 10112
10112 9742 8800
9742 8973 8800
6253 9745 6255
6253 9741 9745
5913 6253 6255
5913 6255 10111
5790 5913 10111
5913 5790 10107
5235 10106 5078
5078 4859 5235
4698 4859 5078
8973 10108 8800
4859 4698 10105
10110 9744 10104
10104 9744 11568
9744 11376 11568
9743 10001 9816
9472 9816 9474
9474 9816 10109
9816 10001 10109
9472 9474 9140
9472 9140 9305
9739 9472 9305
8973 8969 9305
8973 9305 9140
9740 11568 11376
10001 9818 10109
9743 10188 10001
10188 9818 10001
8460 8462 8132
8460 8132 8130
8132 7804 8130
8130 7804 9748
7804 7974 9748
7454 7974 7804
7454 7634 7974
7122 7634 7454
7122 7290 7634
6768 6766 7122
7122 6766 7290
6766 9747 7290
6766 6768 6440
6766 6440 6438
6438 6440 6124
6438 6124 6255
9745 6438 6255
6255 6124 10111
10964 9744 10110
10962 9744 10964
10962 10964 10576
10576 10964 10769
10964 10114 10769
10188 10576 10190
10190 10576 10113
10576 10769 10113
10188 10190 9818
8973 9738 8969
4078 3895 4153
3828 3895 4078
3828 3669 3895
3011 3233 3235
3011 3235 3013
3011 10063 10059
3013 10063 3011
1488 9698 1407
1407 1137 1139
1407 1139 10062
1488 1407 10062
1139 1137 883
883 1137 881
881 10058 883
881 9696 10058
3233 3443 3235
4413 9695 4357
9697 10057 4413
4357 9697 4413
3409 10060 3441
3441 3233 3231
3441 3231 10056
3409 3441 10056
3009 3231 3233
3009 3233 3011
3009 10059 10055
3011 10059 3009
623 10058 9696
625 10058 623
9697 10061 10057
625 623 363
3233 3441 3443
3653 3441 10060
9702 1490 1494
9700 1490 9702
10066 1490 10064
10066 1494 1490
3653 9699 3613
3443 3653 3445
3445 3653 9701
3653 3613 9701
3235 3443 3445
3235 3445 3237
3013 3235 3237
3013 3237 3015
3615 3653 10060
3013 10065 10063
9700 1488 1490
9698 1488 9700
10064 1488 10062
10064 1490 1488
9697 4077 10061
9697 4075 4077
4077 4075 3827
3827 4075 3825
3615 3827 3825
3615 3825 9699
3653 3615 9699
3653 3443 3441
3015 10065 3013
363 623 361
363 361 77
77 361 75
9689 4764 4688
10047 9689 4695
9689 4769 4695
10049 4695 4769
4764 9687 4688
10046 10048 9686
9686 10048 9688
10047 4694 4764
10045 9685 9687
10045 9687 4764
4694 10045 4764
9684 15342 15236
9689 10047 4764
10046 9686 10044
9686 15236 15342
10045 10043 9683
10045 9683 9685
15342 9684 15235
10042 10044 9682
9682 10044 15235
10044 15342 15235
4743 9681 4687
9683 10043 10041
9683 10041 4743
4687 9683 4743
9680 15330 15234
10044 9686 15342
9688 10050 9690
10048 10050 9688
10051 4359 4405
75 10054 77
75 9694 10054
4409 9695 4413
4409 9693 9695
4409 10057 10053
4413 10057 4409
3197 10056 3231
3231 2961 3197
3009 2961 3231
10055 2961 3009
10052 10054 9694
10052 9694 15237
15353 10052 15237
15353 15237 9692
4405 9693 4409
4405 9691 9693
4405 10053 10051
4409 10053 4405
15241 10052 15353
9690 10050 9692
9692 10050 15353
10050 15241 15353
4769 9689 4689
4689 9691 4405
4769 4689 4405
4359 4769 4405
10049 4769 4359
3017 10067 3015
3015 10067 10065
3237 3195 9703
3017 3237 9703
3891 4151 3893
3665 3891 3893
3665 3893 3667
3665 10079 10077
3667 10079 3665
15032 9716 14857
10076 10078 9714
9714 10078 14857
10078 15032 14857
9715 4819 4690
4439 4433 4819
4819 4433 4690
3891 4149 4151
4433 9713 4690
4145 4439 4149
4149 3891 4145
4145 3891 9712
3891 3826 9712
3665 3663 3891
3891 3663 3826
3663 9711 3826
3453 3663 3665
3453 3665 10077
3410 3453 10077
3453 3410 10075
10074 10076 9714
4145 4433 4439
4149 4445 4151
4149 4439 4445
4439 4825 4445
3616 3669 3828
3669 3616 10081
9718 15042 14858
10084 9720 10080
10080 9720 15042
9720 14858 15042
4825 9719 4827
4825 9717 9719
4445 4825 4827
4445 4827 10083
4360 4445 10083
4153 4151 4445
4153 4445 4360
10082 4153 4360
3893 4151 4153
3893 4153 3895
3667 3893 3895
3667 3895 3669
3667 10081 10079
3669 10081 3667
9718 15032 15042
9716 15032 9718
10080 15032 10078
10080 15042 15032
4819 9717 4825
4819 9715 9717
4439 4819 4825
10074 9714 14447
13766 13378 10402
14611 10074 14447
9713 4433 4358
10072 9704 14862
9704 15011 14862
9707 10071 9703
9703 10071 3017
10071 2962 3017
3017 2962 10067
9702 1494 1408
9706 1408 1220
1408 1494 1220
1494 1140 1220
1494 10066 1140
884 1220 1140
9708 9704 10072
884 972 1220
10069 76 9705
10069 78 76
76 78 15242
76 15242 15238
15238 15242 14856
14856 15242 15011
15242 10068 15011
14856 15011 9704
3445 9701 3407
3445 3195 3237
3445 3407 3195
3015 3237 3017
884 10070 972
15011 10068 14862
9705 362 10069
10069 362 364
4358 4145 4076
4358 4433 4145
4076 4145 9712
9711 3663 3614
3614 3453 3408
3614 3663 3453
3198 3243 9709
10075 3198 9709
3408 10075 9709
3453 10075 3408
3243 3198 10073
9708 10072 10074
9708 10074 14611
14446 9708 14611
14446 14611 9710
9709 3243 3196
10073 10071 9707
10073 9707 3196
3243 10073 3196
9706 1220 1138
882 1220 972
1138 1220 882
626 624 882
626 882 972
10070 626 972
624 626 364
624 364 362
14611 14447 9710
13762 13378 13766
10022 13762 10026
10026 13762 13766
15061 10462 10466
15055 10462 15061
15061 10086 15055
15061 10088 10086
10087 4833 4696
4362 4449 10085
10465 4362 10085
4696 10465 10085
4833 10465 4696
4362 4155 4449
4080 4155 4362
4080 3897 4155
3035 10467 3033
3830 3897 4080
3253 10460 3202
3033 3031 3253
3033 3253 3202
10464 3033 3202
3031 10463 10459
3033 10463 3031
14867 10462 15055
10084 10458 10086
10086 10458 15055
10458 14867 15055
4447 10085 4449
4447 10083 10085
3897 3830 10461
4449 4155 4447
3033 10467 10463
3035 10464 10468
10094 10092 10472
10094 10472 14454
14654 10094 14454
14454 10476 14654
10475 10471 10091
10475 10091 10093
4081 10474 4163
4163 3831 4081
3905 3831 4163
10473 3831 3905
10470 10472 10090
10090 10472 10092
3033 10464 3035
10471 10469 10089
3035 10468 2966
3035 2966 10467
15061 10466 14868
10090 10088 10470
10470 10088 14868
10088 15061 14868
10469 5076 10089
10469 5080 5076
5076 5080 4702
5076 4702 4833
10087 5076 4833
4833 4702 10465
10471 10089 10091
4447 4155 10082
4155 4078 10082
4078 3897 3828
3457 10455 3455
10452 10454 10076
10076 10454 10078
10077 3455 3410
3200 3245 10075
10453 3200 10075
3410 10453 10075
3455 10453 3410
3245 3200 10451
15391 10450 15244
15244 15023 15391
14866 15023 15244
3455 10455 10453
10076 10074 10452
10074 15023 14866
10075 3245 3198
10451 10449 10073
10451 10073 3198
3245 10451 3198
15391 10448 10450
15387 10448 15391
15017 15387 15391
15017 15391 15023
15023 10072 15017
15023 10074 10072
10449 10447 10071
10452 10074 14866
3455 10077 10079
3455 10079 3457
10078 10456 10080
4078 4155 3897
3616 3828 3618
3618 3828 10461
3828 3897 10461
3616 3618 3412
3616 3412 3459
10081 3616 3459
3253 3251 3459
3253 3459 3412
10460 3253 3412
3029 3251 3253
3029 3253 3031
3029 10459 10457
3031 10459 3029
10456 10458 10080
10080 10458 10084
10083 4447 4360
4360 4447 10082
3457 10081 3459
3457 10079 10081
3457 3459 3251
3457 3251 3201
10455 3457 3201
3251 2965 3201
3029 2965 3251
10457 2965 3029
10454 10456 10078
3907 10477 3905
3905 10477 10473
3905 4165 3907
3905 4163 4165
4698 10491 10105
4861 10491 4698
4467 4364 10487
10486 10490 10104
10104 10490 10110
10489 9820 10002
9476 9474 9820
9820 9474 10002
9474 10109 10002
9474 9476 9142
9474 9142 9140
9142 10108 9140
10491 4364 10105
9142 10488 10108
5231 5587 10106
5231 10106 5077
5587 5231 5448
5231 10103 5448
5231 5077 10102
4465 10105 4467
4465 10101 10105
4465 10487 10485
4467 10487 4465
11380 10100 10484
11378 10100 11380
11380 10104 11378
10107 5587 5448
4364 4467 10105
5078 5237 4861
5078 4861 4698
10110 10490 10496
10110 10496 11169
10964 10110 11169
10964 11169 10114
10495 10190 10113
10495 10192 10190
9818 10190 10192
9818 10192 10489
10002 9818 10489
9818 10002 10109
8802 10108 10488
8800 10108 8802
8802 10112 8800
8802 10494 10112
10493 7456 7630
7124 7630 7456
7124 7286 7630
6770 7286 7124
6770 6936 7286
6770 10492 6936
10111 5919 5790
5589 5587 5919
5919 5587 5790
5587 10107 5790
5589 5237 5587
5587 5237 10106
5237 5078 10106
11380 10486 10104
10449 10071 10073
5229 10103 5231
5229 5231 4855
3832 3907 4082
3907 3832 10477
10098 14654 14658
10094 14654 10098
14658 14654 14236
14236 14654 14044
14654 10476 14044
13672 14236 14044
13672 13852 14236
13672 10482 13852
10481 12922 10097
10481 12924 12922
4082 3907 4165
12922 12924 12546
12544 12546 12176
12544 12176 12174
12174 12176 11786
12174 11786 11784
11786 10096 11784
11786 10480 10096
10479 10475 10093
10479 10093 10095
4363 10478 4461
4461 4165 4163
4461 4163 10474
4363 4461 10474
12922 12546 12544
4082 4165 10483
4165 4463 10483
4165 4461 4463
4855 5231 4697
5231 10102 4697
4463 4855 4465
4465 4855 10101
4855 4697 10101
4463 10485 10483
4465 10485 4463
10098 14658 14452
14042 14658 14236
14452 14658 14042
13670 14236 13852
14042 14236 13670
13294 13292 13670
13294 13670 13852
10482 13294 13852
10481 13292 13294
10097 13292 10481
10480 10484 10096
10096 10484 10100
10095 10099 10479
10479 10099 5081
10099 5229 5081
5229 4703 5081
4855 4703 5229
4855 4463 4461
4855 4461 10478
4703 4855 10478
5229 10099 10103
4704 4861 10497
10070 730 626
626 730 364
10416 10040 10414
10414 10040 15324
10040 15240 15324
10413 6184 6125
5791 6125 5789
5789 6125 10037
6125 6184 10037
5789 10412 5791
5789 10036 10412
10035 5079 10411
10035 5075 5079
10039 5079 5075
10038 15324 15240
10415 5079 10039
10410 10414 10034
10034 10414 15239
10414 15324 15239
10033 6441 10409
10033 6439 6441
6441 6439 6123
6441 6123 6184
10413 6441 6184
6184 6123 10037
5447 10412 10036
5449 10412 5447
10035 5449 5447
15324 10038 15239
10411 5449 10035
10417 4699 10041
10039 4693 4699
10047 4695 4701
10049 4701 4695
10425 4701 10049
10424 10048 10046
10424 10046 14972
14865 10424 14972
14865 14972 10422
10423 4694 10047
10423 4700 4694
10421 4694 4700
10045 4694 10421
10046 14970 14972
10041 4699 4693
10044 14970 10046
10422 14972 14970
10421 10419 10043
10421 10043 10045
10044 10042 10418
10044 10418 14864
14970 10044 14864
14864 10420 14970
10419 10417 10041
10419 10041 10043
10416 10418 10040
10040 10418 10042
10039 4699 10415
10422 14970 10420
10408 10410 10032
10032 10410 10034
10031 6769 10407
10401 11058 10965
10672 10676 11058
11058 10676 10965
10676 10405 10965
10672 10284 10676
10676 10284 10290
9912 10290 10284
9912 10284 10025
9817 9912 10025
9475 10404 9553
9912 9817 10029
9139 9141 9475
13671 13766 10402
9139 9475 9553
9141 9139 8801
8801 9139 8799
8799 8461 8801
8801 8461 10400
8461 8543 10400
8543 8461 10024
10023 7455 10399
10023 7453 7455
7123 7455 7453
7123 7453 10027
7199 7123 10027
10403 7123 7199
10028 9139 9553
14041 10026 13766
13671 14041 13766
14043 14041 13671
10031 6767 6769
10033 6769 6767
10409 6769 10033
10408 10032 10030
10408 10030 14950
14863 10408 14950
14863 14950 10406
10405 10676 10579
10290 10579 10676
10290 10191 10579
9912 10191 10290
9912 9819 10191
9473 9819 9912
9473 9912 10029
9819 9473 10404
9473 9553 10404
9553 9473 10028
7199 10027 7121
10031 10407 10403
10031 10403 7199
7121 10031 7199
14950 10030 14861
14861 14451 14453
14861 14453 10406
14950 14861 10406
14453 14451 14043
14043 14451 14041
10047 4701 10423
10048 10426 10050
10424 10426 10048
10427 4361 10051
10066 1214 1216
10064 1214 10066
10444 1214 10442
10444 1216 1214
10443 10441 10063
10443 10063 10065
10064 1212 1214
10062 1212 10064
1212 964 1214
1214 964 10442
964 885 10442
885 964 10440
10445 10065 10067
4131 10061 4077
4077 3829 4131
3829 10439 4131
3827 3615 3829
3829 3615 10438
3615 3651 10438
3651 3615 10060
10063 10441 10059
10059 10441 2765
10441 2698 2765
2765 2698 10437
1212 10062 1139
964 1139 883
3827 3829 4077
10445 10443 10065
15242 15383 10068
78 193 15383
364 466 10069
10446 80 193
15387 15383 193
15387 193 80
10448 15387 80
15387 15017 15383
15383 15017 10068
15017 14862 10068
14862 15017 10072
10447 2962 10071
10447 2964 2962
10445 2962 2964
10067 2962 10445
10066 1216 1140
886 884 1140
886 1140 1216
10444 886 1216
886 628 884
884 628 10070
628 730 10070
366 730 628
366 466 730
78 366 10446
78 10446 193
366 78 466
78 10069 466
78 15383 15242
1212 1139 964
364 730 466
10436 10440 10058
10440 964 883
3229 2961 3007
3229 3197 2961
2961 10055 2763
3007 2961 2763
2697 3007 2763
10429 3007 2697
10433 2697 2763
169 10428 10432
163 10428 169
169 10052 163
169 10054 10052
10431 10427 10051
10430 3411 3439
10431 10051 10053
3229 2963 3199
3007 2963 3229
10429 2963 3007
79 10428 163
15241 15243 79
15241 79 163
10052 15241 163
15241 10426 15243
15241 10050 10426
10049 4361 10425
10049 4359 4361
10051 4361 4359
3199 10430 3229
10430 3439 10056
3229 10430 10056
3197 3229 10056
4129 10061 4131
4129 10057 10061
4129 10439 10435
4131 10439 4129
3617 10438 3651
3409 3439 10060
3439 10434 10060
10434 3651 10060
10434 3617 3651
3439 3409 10056
2763 10059 2765
2763 10055 10059
2763 10437 10433
2765 10437 2763
625 10436 10058
627 10436 625
627 625 365
365 625 363
363 77 365
365 77 10432
77 169 10432
169 77 10054
10053 10057 10431
10431 10057 4079
10057 4129 4079
10435 4079 4129
3411 10434 3439
10058 10440 883
13658 13843 8380
8377 8379 8719
8719 8379 5067
6970 8534 6974
8534 8196 8536
8536 8196 7316
8196 8111 7316
7874 8111 8196
7874 7783 8111
6969 7783 7874
6969 6973 7527
7783 6969 7527
7437 7783 7527
7315 7437 7527
6968 904 858
6974 8534 8536
7314 6972 7312
6972 858 904
7311 13366 7313
7311 13362 13366
6967 13366 13362
6971 13366 6967
8534 6970 8443
8194 8196 8534
8194 8534 8443
6966 8194 8443
8194 7872 8196
8196 7872 7874
6965 7874 7872
7312 6972 904
6969 7874 6965
7317 12905 6975
13275 13366 6971
56 7322 126
6975 12527 7317
6975 12525 12527
12527 12525 12157
12157 12525 12155
12157 12155 11767
11767 12155 11765
11361 11767 11765
11361 11765 6979
11463 11361 6979
7321 11361 11463
8874 6978 8781
6975 12905 12903
8536 8445 6974
7320 8781 6974
7320 8874 8781
8445 8536 7316
7527 6973 7435
6977 7319 7315
6977 7315 7527
7435 6977 7527
7314 7318 6972
6972 7318 6976
7313 13366 13275
12905 13275 12903
12903 13275 6971
8445 7320 6974
6964 1164 1118
1164 900 904
1164 904 6968
13736 13356 13740
13740 13356 13358
13356 12988 13358
13358 12988 12990
6959 12990 12988
6963 12990 6959
6962 1158 1160
6958 1158 6962
1158 896 1160
1160 896 898
7308 896 7306
7308 898 896
13736 13740 7309
6957 55 7305
55 53 15209
15209 53 15207
15209 15207 14833
15209 14833 14930
7307 15209 14930
14516 14833 14425
14930 14833 14516
14516 14425 6961
13736 6960 13649
13354 13356 13736
13354 13736 13649
6956 13354 13649
6957 53 55
14021 13736 7309
14023 14021 7309
13736 14021 6960
1118 1164 6968
7312 900 7310
7312 904 900
7309 13740 13651
13358 13362 13740
13740 13362 13651
13362 7311 13651
13362 13358 12990
13362 12990 12902
6967 13362 12902
12902 12990 6963
8194 6966 8109
7872 8109 7781
8194 8109 7872
7872 7781 6965
6964 1160 1164
6962 1160 6964
1160 898 1164
1164 898 900
7310 898 7308
7310 900 898
7307 14930 14835
14516 14835 14930
14516 14427 14835
14023 14427 14021
14021 14427 6961
14427 14516 6961
56 126 406
13354 12984 13356
56 406 340
596 340 6980
7333 8212 8113
8113 8212 7332
6989 6991 7331
7331 6991 5431
6991 5505 5431
7335 5431 5505
7334 6990 6988
7334 6988 678
603 7334 678
603 678 7330
7329 8212 7333
7329 8208 8212
6990 7336 6992
7332 8208 7328
7327 5840 5773
6987 6989 7331
6987 7331 5773
5840 6987 5773
6988 674 678
6986 674 6988
674 414 678
678 414 7330
414 341 7330
341 414 7326
7329 8112 8208
8112 7328 8208
7332 8212 8208
7325 7194 7103
7334 7336 6990
7335 5505 5045
689 939 943
689 943 693
693 6996 689
693 6998 6996
7341 7339 6995
7341 6995 6997
939 7338 7340
935 7338 939
939 689 935
935 689 6994
689 598 6994
598 689 6996
7337 5045 5133
5133 6993 5043
5043 4641 5133
4641 7337 5133
6995 4641 4637
7339 4641 6995
861 7338 935
6992 7336 6994
6994 7336 935
7336 861 935
5505 6991 5427
5427 6993 5133
5505 5427 5133
5045 5505 5133
4637 4641 5043
6747 7103 6745
6745 7103 6985
7103 7194 6985
410 126 130
7324 126 7322
7324 130 126
11463 6979 11359
10945 10947 11359
11359 10947 11463
10947 7321 11463
10947 10945 10561
10561 10945 10559
10561 10559 10173
10173 10559 10171
10173 10171 9801
406 126 410
9801 10171 9799
9455 9799 9453
9455 9453 9119
9119 9453 9117
9119 9117 8783
8783 9117 8874
9117 6978 8874
8783 8874 7320
7323 7319 6977
7323 6977 6981
602 6976 7318
596 6976 602
602 340 596
9801 9799 9455
6980 406 597
406 670 597
406 410 670
6747 6745 6421
6421 6745 6494
6745 6984 6494
6172 6421 6494
6172 6107 6421
5840 7327 5771
7327 6107 5771
6107 6983 5771
6107 6172 6983
5840 5771 6987
6986 670 674
6982 670 6986
670 410 674
674 410 414
410 130 414
414 130 7326
130 57 7326
57 130 7324
7323 6981 7325
7325 6981 7194
6981 7101 7194
7194 7101 6985
6494 6984 6419
6172 6419 6105
6494 6419 6172
6172 6105 6983
670 6982 597
340 406 6980
13356 12984 12988
6955 12988 12984
6959 12988 6955
6676 15398 15206
6680 15206 15048
15206 15398 15048
15398 14834 15048
15398 7032 14834
14834 7036 15048
7035 7031 6675
7035 6675 6679
1668 6674 7030
1664 6674 1668
1668 6678 1664
1668 7034 6678
594 742 6677
7033 860 982
600 742 982
338 336 600
600 336 742
336 6677 742
52 336 338
52 338 7029
204 52 7029
6676 52 15398
52 204 15398
204 15208 15398
204 7028 15208
15208 7032 15398
600 982 860
5557 6673 5425
856 982 594
982 856 7033
13650 6686 13648
13650 7040 6686
5567 6685 5569
5567 6681 6685
5567 7039 7037
5569 7039 5567
6680 15048 14832
6684 14832 14626
14832 15048 14626
15048 14426 14626
15048 7036 14426
14022 14020 14426
594 982 742
14426 14020 14626
14022 6682 14020
14022 7038 6682
6681 5567 5426
7037 7035 6679
7037 6679 5426
5567 7037 5426
1390 6678 7034
1388 6678 1390
1388 1390 1120
1388 1120 1116
856 1116 1120
856 1120 7033
14020 6683 14626
6675 7031 7027
6675 7027 5557
5425 6675 5557
2994 2748 2746
2746 2748 2480
2746 2480 2478
2478 2480 2220
2478 2220 2218
2220 1944 2218
2218 1944 6668
1944 2036 6668
1944 7022 2036
6667 5545 5424
5042 5424 5044
5044 5424 7021
2994 2996 2748
5424 5545 7021
6665 5042 7019
6666 3264 3266
6664 3264 6666
7020 3264 7018
7020 3266 3264
7019 7017 6663
7019 6663 6665
6664 3262 3264
6662 3262 6664
7018 3262 7016
7018 3264 3262
7017 7015 6663
7019 5042 5044
7020 2996 3266
2996 3224 3266
2996 2994 3224
7026 7030 6672
6672 7030 6674
7029 54 204
54 7028 204
5553 6673 5557
5553 6671 6673
5553 7027 7025
5557 7027 5553
7026 6672 6670
7026 6670 1768
1667 7026 1768
1667 1768 7024
6669 6671 7023
7023 6671 5429
6671 5553 5429
7025 5429 5553
6668 2036 1942
6670 1942 1768
1942 2036 1768
2036 1666 1768
2036 7022 1666
1666 7024 1768
6669 7023 6667
6667 7023 5545
7023 5428 5545
5545 5428 7021
6666 3266 3224
13648 6682 13650
13650 6682 7038
14424 14626 6683
6684 14626 14424
7780 7436 7619
6695 7780 7619
7619 7436 7051
9118 6694 7050
9116 6694 9118
9116 9118 8782
9116 8782 8780
8782 6696 8780
8782 7052 6696
6695 7619 7434
7100 7434 7102
7102 7434 7051
7780 7782 7436
7434 7619 7051
6693 7100 7049
6575 7048 6420
6575 6420 7047
6692 11150 10944
10558 11150 10750
10944 11150 10558
10170 10750 10362
10558 10750 10170
9798 10362 9986
10170 10362 9798
9454 9452 9798
9454 9798 9986
7049 7100 7102
8108 7782 7780
8108 8110 7782
8442 8110 8108
6958 1156 1158
6954 1156 6958
1156 894 1158
1158 894 896
6953 595 894
896 894 7306
894 595 7306
595 601 7306
601 595 339
339 595 337
6957 339 337
7305 339 6957
13354 6956 13273
12980 12984 13354
12980 13354 13273
6952 12980 13273
6951 12984 12980
6955 12984 6951
1156 6954 1117
894 1117 857
1156 1117 894
894 857 6953
12980 6952 12901
12980 12901 6951
8444 6696 7052
8442 6696 8444
8442 8444 8110
7046 9454 9986
939 7340 943
9454 6694 9452
7049 6744 6693
13272 13274 12904
13272 12904 12900
12900 12904 12526
12900 12526 12524
12524 12526 12156
12524 12156 12154
12154 12156 11766
12154 11766 11764
11766 11360 11764
11764 11360 6690
11360 11552 6690
11360 7044 11552
13272 6688 13274
6689 6571 6418
6418 6571 6241
6104 5903 5770
6104 6241 5903
7043 7041 6687
7043 6687 5770
5903 7043 5770
7040 7042 6686
6686 7042 6688
6687 7041 6685
6685 7041 5569
7041 5430 5569
5569 5430 7039
6418 6241 6104
13274 6688 7042
5903 5772 7043
5772 5903 7045
7049 6746 6744
6744 6573 6691
6744 6746 7048
6573 6744 7048
6575 6573 7048
6243 6573 6575
6243 6575 7047
6106 6243 7047
6243 6106 7045
6690 11552 11358
6692 11358 11150
11358 11552 11150
11552 10946 11150
11552 7044 10946
10560 11150 10946
10560 10750 11150
10172 10750 10560
10172 10362 10750
9800 10362 10172
9800 9986 10362
9800 7046 9986
6571 6691 6573
6571 6689 6691
6241 6571 6573
6241 6573 6243
5903 6241 6243
5903 6243 7045
9454 7050 6694
943 7340 7342
4747 7343 4638
7343 6997 4638
9118 9120 8784
9118 8784 8782
8784 7052 8782
8784 7396 7052
7395 7438 7620
7104 7102 7438
7438 7102 7620
7102 7051 7620
7102 7104 6748
7102 6748 6925
7049 7102 6925
6748 6422 6420
9118 7050 9120
6748 6420 7048
6420 6422 6108
6420 6108 6245
7047 6420 6245
6245 6108 7393
9456 7046 7392
9454 7046 9456
9456 7050 9454
9456 7394 7050
7049 6925 6746
6746 6925 7048
7047 6245 6106
5774 5905 7045
6925 6748 7048
7393 5774 7045
9120 7050 7394
7620 7436 7395
14934 14835 14520
14122 14427 14023
14520 14427 14122
14122 14023 7309
7308 648 650
7306 648 7308
648 390 650
650 390 392
112 392 390
112 390 7305
55 112 7305
15294 55 15209
7436 7620 7051
112 55 15294
648 7306 601
390 601 339
648 601 390
390 339 7305
8446 7052 7396
8444 7052 8446
8444 8446 8114
8444 8114 8110
8110 8114 7784
8110 7784 7782
7436 7782 7784
7436 7784 7395
15294 15209 7307
6106 7393 7045
6245 7393 6106
5774 5577 5905
11766 12158 7387
11944 11766 7387
11362 11360 11766
11362 11766 11944
7386 11362 11944
11362 10948 11360
11360 10948 7044
10948 11146 7044
10948 7390 11146
5571 7043 5575
5571 7041 7043
5571 5575 5211
11766 12156 12158
5571 5211 5049
7389 5049 5211
7384 7388 7040
7040 7388 7042
7387 11768 11944
11768 7386 11944
7041 5571 5430
7385 7383 7039
7385 7039 5430
5571 7385 5430
7038 13840 13650
7384 7040 7382
7382 7040 13840
7385 5571 5049
12526 12158 12156
12526 12528 12158
12904 12528 12526
5432 5577 5774
5432 5215 5577
5050 5215 5432
5215 5050 7391
7044 11146 10946
10562 10560 10946
10562 10946 11146
7390 10562 11146
10560 10562 10174
10560 10174 10172
10172 10174 9802
10172 9802 9800
9802 7046 9800
9802 7392 7046
7045 5905 5772
5577 5575 5905
5905 5575 5772
5575 7043 5772
5211 5575 5577
5211 5577 5215
5211 7391 7389
5215 7391 5211
13276 7042 7388
13274 7042 13276
13274 13276 12906
13274 12906 12904
12904 12906 12528
14520 14835 14427
14835 14934 7307
14934 15294 7307
14934 15296 15294
7661 9803 9897
8538 7320 8445
8198 8115 7316
8115 7660 7316
7660 8445 7316
7660 8538 8445
7876 8115 8198
7876 7785 8115
7528 7530 7876
7876 7530 7785
7530 7659 7785
7315 7530 7528
7655 10271 9803
7319 7530 7315
7318 7654 606
662 7318 606
606 7658 662
7653 15300 15211
15211 15300 7652
7313 13277 7651
7313 13275 13277
13277 13275 12907
12907 13275 12905
12529 12907 12905
12529 12905 7317
12621 12529 7317
7318 7314 7654
10271 9897 9803
10271 10275 9897
10271 10667 10275
7530 7880 7659
7880 7786 7659
7319 7532 7530
7323 7532 7319
7318 662 602
344 340 602
344 602 662
7658 344 662
340 344 60
340 60 56
60 7322 56
60 7662 7322
12621 7317 12527
12621 12157 12249
12621 12527 12157
12249 11767 11855
12249 12157 11767
11855 11361 11459
11855 11767 11361
11361 7321 11051
11459 11361 11051
10949 11459 11051
7657 11459 10949
11051 10667 10663
11051 10663 7656
10949 11051 7656
10271 10663 10667
12621 12159 12529
7040 13650 13840
12249 12159 12621
11855 11769 12249
605 7650 652
394 605 652
394 343 605
114 343 394
114 59 343
15296 15298 114
114 15298 59
15298 7649 59
15296 14934 15298
15298 14934 14936
14934 14520 14936
14936 14520 14524
7650 7310 652
14520 14122 14524
13744 14126 14122
13744 14122 7309
13651 13744 7309
13744 13651 7311
7310 650 652
7308 650 7310
650 392 652
652 392 394
392 112 394
394 112 114
112 15294 114
114 15294 15296
14524 14122 14126
7650 7312 7310
13744 7311 13653
7311 7651 13653
11855 11363 11769
11459 11363 11855
7657 11363 11459
10563 7656 10663
10663 10175 10563
10271 10175 10663
7655 10175 10271
8198 7316 8111
7876 8111 7783
8198 8111 7876
7528 7783 7437
7876 7783 7528
7528 7437 7315
7650 7654 7312
7312 7654 7314
7649 15300 7653
7649 15298 15300
15298 14936 15300
15300 14936 7652
14936 14837 7652
14524 14837 14936
14524 14429 14837
14126 14429 14524
14126 14025 14429
13744 14025 14126
13744 13653 14025
7311 7313 7651
12249 11769 12159
6663 7015 4636
7039 7383 7037
7383 5048 5201
7014 7360 7016
7015 4791 4640
7359 7357 7013
7359 7013 4640
4791 7359 4640
2995 7358 7014
2997 7358 2995
2995 7356 2997
2995 7012 7356
7357 4332 7013
7357 4334 4332
7355 4332 4334
7358 7360 7014
7011 4332 7355
7010 7356 7012
7355 7353 7009
7355 7009 7011
2747 7354 7010
2749 7354 2747
2749 2747 2481
2481 2747 2479
2481 2479 2221
2221 2479 2290
2479 7008 2290
2221 2290 7352
7353 7351 7007
7354 7356 7010
7353 7007 7009
4791 4642 7359
7015 7361 4791
2034 1670 1766
2034 7364 1670
1670 7368 1766
7021 5177 5044
4805 4801 5177
5177 4801 5044
4801 7019 5044
4801 4805 4425
4801 4425 4335
7363 4801 4335
4425 4061 4335
4139 4061 4425
7361 4642 4791
7367 4061 4139
7018 7366 7020
7365 2222 2302
1946 2302 2222
1946 2034 2302
1946 7364 2034
7017 7019 7361
7361 7019 4643
7019 4801 4643
7363 4643 4801
7360 7362 7016
7016 7362 7018
7017 7361 7015
7362 7366 7018
7008 2288 2290
7006 2288 7008
7352 2288 7350
4753 7001 4639
4639 7003 4395
4753 4639 4395
4333 4753 4395
7345 4753 4333
7347 4333 4395
1198 7002 1119
948 1119 859
1198 1119 948
859 7346 948
7344 7346 697
7346 859 697
863 948 7346
859 599 697
4747 7001 4753
4747 6999 7001
4747 7345 7343
4753 7345 4747
943 7342 862
697 693 943
697 943 862
7344 697 862
697 6998 693
697 7000 6998
6999 4747 4638
7343 7341 6997
697 599 7000
948 863 1121
948 1121 1198
1389 7002 1198
7352 2290 2288
7007 7351 7005
7005 7351 4113
7351 4060 4113
4113 4060 7349
2288 7006 2219
2012 1945 7004
1945 7350 7004
7350 2219 7004
7350 2288 2219
1744 1945 2012
1744 1669 1945
1669 1744 7348
4395 7003 4331
4331 7005 4113
4395 4331 4113
4059 4395 4113
7347 4395 4059
7349 4059 4113
2012 7004 1943
1744 1943 1665
2012 1943 1744
1665 1389 1391
1665 1391 7348
1744 1665 7348
1391 1389 1121
1121 1389 1198
1944 2034 1766
7022 1944 1766
2220 2302 1944
1944 2302 2034
7030 1772 1668
7034 1668 1506
1668 1772 1506
1772 1394 1506
1772 7376 1394
1122 1506 1394
1122 1230 1506
864 860 1122
1122 860 1230
860 7033 1230
860 864 604
860 604 600
5193 5046 7377
338 600 604
478 338 7375
338 478 7029
15210 7028 7374
15208 7028 15210
15210 14836 15208
15208 14836 7032
14836 15038 7032
14836 7378 15038
5189 7031 5193
5189 7027 7031
5189 7377 7373
5193 7377 5189
338 604 7375
7379 5046 5193
7031 7379 5193
7035 7379 7031
5201 5048 7381
7036 14620 14426
14022 14620 14214
14426 14620 14022
14214 13834 13840
14214 13840 7038
14022 14214 7038
7382 13834 7380
7382 13840 13834
7035 7037 7379
7379 7037 5047
7037 5201 5047
7381 5047 5201
7034 1506 1390
1120 1506 1230
1390 1506 1120
1120 1230 7033
7032 15038 14834
7036 14834 14620
14834 15038 14620
15038 14428 14620
15038 7378 14428
14024 14620 14428
14024 14214 14620
13652 14214 14024
13652 13834 14214
13652 7380 13834
7030 1770 1772
7037 7383 5201
7026 1770 7030
7376 1772 1770
7024 1666 1500
1666 1766 1500
1766 1392 1500
1766 7368 1392
1392 7370 1500
7023 5549 5428
5181 5177 5549
5549 5177 5428
5177 7021 5428
4805 5177 5181
4805 5181 4807
4425 4805 4807
7022 1766 1666
4425 4807 4427
4139 4427 4141
4139 7369 7367
4141 7369 4139
2998 7020 7366
2996 7020 2998
2996 2998 2750
2996 2750 2748
2748 2750 2482
2748 2482 2480
2220 2480 2482
2220 2482 7365
2302 2220 7365
4139 4425 4427
4141 4062 7369
4062 4141 4336
4336 4141 4427
7375 342 478
58 54 342
342 54 478
54 7029 478
58 7028 54
58 7374 7028
5185 7027 5189
5185 7025 7027
4811 5185 5189
4811 5189 7373
4644 4811 7373
4811 4644 7371
1770 7026 1667
1500 1393 7024
1393 7372 7024
7372 1667 7024
7372 1770 1667
1393 1500 7370
5549 7023 5429
5181 5549 5185
5185 5549 7025
5549 5429 7025
4807 5181 5185
4807 5185 4811
4427 4807 4811
4427 4811 7371
4336 4427 7371
7376 1770 7372
7532 7880 7530
7015 4790 4636
3262 6662 3223
2215 6654 6330
2217 6654 2215
2215 6652 2217
2215 6328 6652
6651 6327 6653
6653 6327 4118
5917 5830 283
4118 4055 6329
6650 6652 6326
6326 6652 6328
6325 4329 6649
6325 4327 4329
4118 6329 4057
6327 4329 4327
1939 6650 6326
1941 6650 1939
1941 1939 1663
1663 1939 1742
1939 6324 1742
1663 1742 6648
6323 4635 6647
6323 4633 4635
6325 4635 4633
6649 4635 6325
1742 6324 1657
1657 1381 1387
6651 4329 6327
1657 1387 6648
6329 6655 4057
6653 4118 4057
6338 6660 3261
6660 3223 3261
6661 6659 6335
6661 6335 6337
2991 6660 6336
2993 6660 2991
2991 6658 2993
2991 6334 6658
6659 4328 6335
6659 4330 4328
4328 4330 4058
4328 4058 4127
6329 6331 6655
6333 4328 4127
6656 6658 6332
6332 6658 6334
6333 4127 4056
6657 6655 6331
6657 6331 4056
4127 6657 4056
2743 6656 6332
2745 6656 2743
2745 2743 2477
2477 2743 2475
2475 6654 2477
2475 6330 6654
4127 4058 6657
1742 1657 6648
1387 1381 1115
1115 1381 1111
6314 6642 14965
14828 6314 14965
14828 14965 6318
6641 5036 6317
6641 5040 5036
6639 5036 5040
6313 5036 6639
6312 684 586
6316 586 426
586 684 426
684 334 426
684 6638 334
6314 6640 6642
50 46 334
46 6315 426
46 50 15204
46 15204 15200
15204 6314 15200
15204 6640 6314
8557 6311 8439
8557 8439 6310
6637 5132 5039
6309 6313 6639
6309 6639 5039
5132 6309 5039
6308 930 848
334 46 426
330 426 6315
6316 426 330
6643 6317 6319
1115 1111 855
855 1111 849
855 849 593
593 849 696
849 6322 696
593 696 6646
6321 51 6645
6321 47 51
51 47 15205
15205 47 15201
15201 6644 15205
15201 6320 6644
6319 5041 6643
6319 5037 5041
6323 5041 5037
6647 5041 6323
696 6322 587
587 331 335
587 335 6646
696 587 6646
6321 335 331
6645 335 6321
6642 6644 6320
6642 6320 14829
14965 6642 14829
14965 14829 6318
6643 6641 6317
6336 6660 6338
6312 848 684
3223 6662 3261
6661 4634 4636
6358 6674 1664
1774 6358 1664
1664 6678 1774
6357 741 588
332 588 336
336 588 6677
588 741 6677
332 336 52
332 52 203
6353 332 203
6676 15397 15202
52 6676 15202
6358 6354 6674
6352 52 15202
15202 15397 6356
6351 6355 6673
6673 6355 5425
6355 5561 5425
6675 5425 5561
6672 6674 6354
6672 6354 1659
1769 6672 1659
1769 1659 6350
6353 203 48
48 203 6352
6673 6671 6349
203 52 6352
6673 6349 6351
5565 6679 5561
5561 6355 6359
14018 14422 14020
14020 14422 6683
14422 14625 6683
14020 6362 14018
14020 6682 6362
6361 6681 6359
6359 6681 5565
6681 5426 5565
5565 5426 6679
6358 1774 1660
1388 1384 1660
1388 1660 1774
5561 6679 6675
6678 1388 1774
1384 1116 1112
1112 1116 856
1112 856 850
850 856 594
850 594 741
6357 850 741
741 594 6677
15397 6676 15206
6360 6356 6680
6680 6356 15206
6356 15397 15206
5561 6359 5565
1384 1388 1116
1769 6670 6672
1767 6670 1769
1769 6348 1767
1940 2035 1765
1658 1497 1382
1658 1765 1497
1382 1497 6346
6667 5424 5544
5042 5038 5424
5424 5038 5544
5038 6345 5544
6665 5038 5042
6341 5038 6665
3265 6664 6666
3263 6664 3265
1940 1765 1658
3265 6340 3263
6343 2813 2744
2744 2557 2476
2744 2813 2557
2476 2557 6342
6665 6663 6339
6665 6339 6341
3263 6662 6664
3261 6662 3263
3263 6338 3261
3263 6340 6338
6663 4634 6339
6663 4636 4634
3265 6344 6340
2218 6668 2035
1940 2218 2035
2216 2218 1940
1769 6350 6348
6671 6669 6347
6671 6347 6349
2035 6668 1942
1767 1765 2035
1767 2035 1942
6670 1767 1942
1765 1767 1497
1497 1767 1383
1767 6348 1383
1497 1383 6346
6669 6667 6347
6347 6667 5422
6667 5544 5422
5422 5544 6345
3265 6666 3224
3224 2994 2992
3224 2992 6344
3265 3224 6344
2992 2994 2746
2992 2746 2813
6343 2992 2813
2746 2557 2813
2478 2557 2746
2478 2218 2216
2478 2216 6342
2557 2478 6342
6337 4634 6661
848 930 684
930 592 684
930 6636 592
11852 11761 6283
8777 6612 6282
8779 6612 8777
8777 6608 8779
8777 6278 6608
6277 7779 6607
6277 7775 7779
6281 7779 7775
6611 7779 6281
6276 1440 1380
1114 1110 1380
1114 1380 1440
11761 11852 6279
6606 1114 1440
846 1114 903
1114 6610 903
846 903 6280
6609 6275 12149
6609 12149 12244
6275 6609 12241
6609 12152 12241
6605 12241 12152
12149 6279 12244
8437 6608 6278
8441 6608 8437
8441 8437 8107
1110 1114 846
8107 8437 8105
11852 12244 6279
12618 12522 6609
5834 6101 5767
6168 6101 5834
5834 5767 6289
590 6284 6614
584 6284 590
590 6288 584
590 6618 6288
6613 12620 6617
6613 12618 12620
12618 12246 12620
12620 12246 12248
12246 11852 12248
11852 12246 12244
12248 11852 11854
6287 11854 6283
6612 6616 6282
6282 6616 6286
6615 6611 6281
6615 6281 6285
903 6610 852
6284 6280 6614
6614 6280 852
6280 903 852
6613 12522 12618
12246 12618 12244
12244 12618 6609
6283 11854 11852
6277 8107 8105
6607 8107 6277
6276 1436 1440
1661 6600 1706
1661 1706 6596
6267 589 6595
6267 583 589
589 583 329
589 329 388
6599 589 388
106 108 388
106 388 329
6266 106 329
106 15286 108
108 15286 15288
6600 6268 1706
14922 15288 15286
14827 14922 6265
14827 14421 14423
14827 14423 6598
14922 14827 6598
14423 14421 14019
14019 14421 14106
14421 6264 14106
13647 14019 13645
13645 14019 6263
14019 14106 6263
13647 13645 13271
13271 13645 13269
14922 15286 6265
6600 6270 6268
6601 12521 6271
6271 12521 12519
6274 1436 6276
6606 1436 6604
6606 1440 1436
6273 6275 6603
6603 6275 12151
6275 12241 12151
6605 12151 12241
1662 6272 6602
1656 6272 1662
1662 1386 1656
1656 1386 6274
1386 1436 6274
1386 6604 1436
6603 6601 6271
6603 6271 6273
6600 6602 6270
6270 6602 6272
6599 388 333
108 333 388
108 49 333
15288 49 108
15288 15203 49
14922 15203 15288
14922 14831 15203
14831 14922 6598
6269 12521 6597
6269 12519 12521
6168 6290 6101
7877 6619 7776
6619 6285 7776
6619 6615 6285
6632 918 6630
6632 922 918
6629 5498 6631
6629 5494 5498
6299 5498 5494
6301 5498 6299
6300 914 918
6298 914 6300
6630 914 6628
6630 918 914
6627 11466 11357
11054 11357 11466
6300 918 6302
11054 10943 11357
7531 6297 7431
7097 7099 7431
7431 7099 7531
7099 6625 7531
7099 7097 6743
6743 7097 6741
6743 6741 6417
6417 6741 6492
6741 6296 6492
6417 6492 6624
6623 5494 6629
6623 5492 5494
10943 11054 6626
6302 918 922
6303 5502 6301
6301 5502 5498
592 6638 684
8553 6311 8557
8553 6307 6311
8557 6306 8553
8557 6310 6306
6635 5504 5423
5132 6637 5035
6637 5423 5035
5423 6305 5035
5423 5504 6305
5132 5035 6309
6308 6304 6634
6308 6634 854
930 6308 854
854 6636 930
6307 8553 8438
8438 8553 6306
6633 5504 6635
6633 5502 5504
6303 5504 5502
6305 5504 6303
6634 6304 6302
6634 6302 922
853 6634 922
853 922 6632
6631 5502 6633
6631 5498 5502
6295 5494 5492
14832 6684 14625
6299 5494 6295
666 591 6294
5834 6103 6168
5834 5769 6103
5492 6623 5421
6623 5769 5421
5769 6289 5421
5769 5834 6289
5492 5421 6295
666 6294 585
6618 6622 6288
6288 6622 585
6622 666 585
6617 12620 12523
6624 6492 6415
12248 12523 12620
11854 11860 12248
12248 11860 12153
11860 6621 12153
6287 11860 11854
6293 11860 6287
9449 6620 6292
9451 6620 9449
9451 9449 9115
9115 9449 9113
9113 6616 9115
9113 6286 6616
6291 7877 7776
12248 12153 12523
6624 6415 6290
6103 6624 6290
6168 6103 6290
591 6628 6294
6628 847 6294
6628 914 847
591 666 6622
6621 11860 11763
11466 6627 11355
6627 11763 11355
11763 6293 11355
11763 11860 6293
11054 11355 10941
11466 11355 11054
10941 10555 10557
10941 10557 6626
11054 10941 6626
10557 10555 10169
10169 10555 10167
10169 10167 9797
9797 10167 9795
9795 6620 9797
9795 6292 6620
7877 6291 7777
7777 6297 7531
7877 7777 7531
7433 7877 7531
6619 7877 7433
6625 7433 7531
6492 6296 6415
914 6298 847
14422 14832 14625
14830 14832 14422
14830 6360 14832
6628 6986 6630
11467 6627 11357
11467 10943 11055
11467 11357 10943
11055 10943 6626
6625 7101 6981
6625 7099 7101
7101 7099 6743
7101 6743 6838
6985 7101 6838
6743 6417 6419
6743 6419 6984
6982 6986 6628
6838 6743 6984
6105 6417 6170
6417 6624 6170
5836 5838 6170
6170 5838 6105
5838 6983 6105
6623 5838 5836
6629 5838 6623
591 6982 6628
597 6982 591
591 6980 597
591 6622 6980
11861 6621 11763
6419 6417 6105
11763 6627 11467
5838 6629 5771
6629 6631 6987
6995 4637 4739
6636 6992 6994
6636 6994 685
592 6636 685
592 685 6638
6635 5427 6991
6635 5423 5427
6637 5427 5423
6993 5427 6637
6634 926 854
6992 6636 6990
6990 6636 926
6629 6987 5771
6636 854 926
6991 6633 6635
926 6634 853
6988 6990 6632
6632 6990 853
6990 926 853
6989 6987 6631
6989 6631 6633
6986 6988 6630
6630 6988 6632
6985 6838 6745
6745 6838 6984
6983 5838 5771
6991 6989 6633
11861 11763 11467
11359 11861 11467
6979 11861 11359
11765 12155 12153
11765 12153 6621
11861 11765 6621
6979 11765 11861
9542 6620 9451
9214 9451 9115
9542 9451 9214
8872 8781 6616
8781 6978 6616
6978 9115 6616
6978 9214 9115
8781 8872 6974
12155 12523 12153
6615 6619 6973
6619 7529 7435
6977 7435 7529
6614 6972 6976
6614 6976 661
590 6614 661
590 661 6618
6971 12998 12903
6613 6617 6975
6613 6975 12903
12998 6613 12903
6616 8870 8872
6612 8870 6616
6973 6619 7435
12525 12523 12155
6617 12523 12525
6617 12525 6975
11467 10945 11359
11055 10945 11467
10557 10559 10945
10557 10945 11055
6626 10557 11055
10559 10557 10171
10171 10557 10169
10171 10169 9799
9799 10169 9797
9799 9797 9453
9453 9797 9542
9797 6620 9542
9214 9453 9542
9214 9117 9453
9117 9214 6978
7529 6619 7433
6625 6981 6977
6625 6977 7529
7433 6625 7529
6170 6624 6103
5836 6103 5769
6170 6103 5836
5836 5769 6623
661 6976 596
6622 6618 6980
6980 6618 596
6618 661 596
4739 4637 6639
4637 5039 6639
4637 5043 5039
6637 5039 5043
6653 4057 4122
4122 4057 6655
7006 7008 6654
7006 6654 2217
2287 7006 2217
2287 2217 6652
7007 7005 6651
7007 6651 6653
2219 7006 2287
6650 7004 6652
6652 7004 2287
7004 2219 2287
7009 6653 4122
6649 4331 7003
6651 4331 4329
7005 4331 6651
1941 7004 6650
1943 7004 1941
1943 1941 1665
1665 1941 1663
1665 1663 1389
1389 1663 1472
1663 6648 1472
1389 1472 7002
6647 4639 7001
6647 4635 4639
6649 4329 4331
7007 6653 7009
2477 6654 7008
2477 7008 2479
7014 7016 6660
6660 7016 3223
7016 3262 3223
7015 4640 4790
7013 6659 6661
7013 6661 4790
4640 7013 4790
2993 7014 6660
2995 7014 2993
2993 7012 2995
2993 6658 7012
7013 4330 6659
7013 4332 4330
4058 4330 4332
4058 4332 7011
4128 4058 7011
4058 4128 6657
7010 7012 6656
6656 7012 6658
7009 4128 7011
7009 4122 4128
6655 4128 4122
6657 4128 6655
2745 7010 6656
2747 7010 2745
2747 2745 2479
2479 2745 2477
6649 4639 4635
6974 8870 6970
7003 4639 6649
1387 1115 1119
4741 4638 6997
431 6996 6998
427 6996 431
145 427 431
145 431 149
15327 145 149
15327 149 15333
15333 6640 15327
15333 6642 6640
6641 5139 5040
4741 4739 5139
5139 4739 5040
4638 4741 6999
4739 6639 5040
4741 6997 4739
685 6994 598
6996 427 334
598 6996 334
6638 598 334
685 598 6638
334 145 50
334 427 145
50 15327 15204
50 145 15327
15204 15327 6640
6637 5043 6993
4739 6997 6995
4741 5145 6999
4741 5139 5145
5139 6641 6643
1387 1119 7002
1472 1387 7002
1119 1115 859
859 1115 855
859 855 599
599 855 593
593 7000 599
593 6646 7000
153 6645 51
153 15205 15339
153 51 15205
15339 15205 6644
5145 6643 5041
6647 7001 6999
6647 6999 5145
5041 6647 5145
6998 7000 6646
6998 6646 335
431 6998 335
149 431 153
153 431 6645
431 335 6645
15333 149 153
15333 153 15339
15339 6642 15333
15339 6644 6642
5139 6643 5145
1472 6648 1387
4636 4790 6661
6974 8872 8870
6973 6611 6615
8440 8631 8289
8106 7963 7778
8106 8289 7963
7432 7778 7434
7434 7778 6695
7778 7963 6695
7432 7434 7100
7432 7100 7098
6693 7098 7100
6375 7098 6693
10944 6374 6692
10942 6374 10944
8440 8289 8106
10942 10944 10558
10556 10558 10170
10556 10170 10168
10168 10170 9798
10168 9798 9796
9796 9798 9452
9796 9452 9450
9450 9452 9114
9114 9452 9295
9452 6694 9295
9114 9295 6376
6375 6693 6373
6373 6693 6921
10942 10558 10556
6693 6744 6921
8780 6696 8631
8778 8780 8440
14508 14423 14110
13730 14019 13647
14110 14019 13730
13350 13647 13271
13730 13647 13350
13271 12899 12901
13271 12901 6952
13350 13271 6952
6597 12901 12899
6951 12901 6597
1430 6596 1385
1154 1385 1113
8440 8780 8631
1430 1385 1154
1154 1113 892
892 851 6595
8631 6696 8442
8442 8289 8631
8108 8289 8442
8108 7963 8289
7780 7963 8108
7963 7780 6695
9295 6694 9116
9116 8780 8778
9116 8778 6376
9295 9116 6376
892 1113 851
6921 6744 6691
6372 12718 12520
12520 12718 6371
6102 5770 5901
6365 6102 5901
5901 5770 6687
13455 6686 6688
13451 6686 13455
13455 6364 13451
13455 6368 6364
6367 6917 6742
6742 6569 6416
6742 6917 6569
6416 6569 6366
6365 5901 5768
6102 6104 5770
6687 6685 6363
5901 6687 5768
14625 6684 14424
14625 14424 6683
13648 6362 6682
13646 6362 13648
13646 13648 13270
13270 13648 13451
13648 6686 13451
13270 13451 6364
6685 6681 6361
6685 6361 6363
14832 6360 6680
6687 6363 5768
6569 6418 6366
6418 6102 6366
6418 6104 6102
11358 6370 6690
11356 6370 11358
11358 6374 11356
11358 6692 6374
6919 6373 6921
6919 6369 6373
6919 6691 6689
6921 6691 6919
13455 6688 13272
13272 12900 12898
13272 12898 6368
13455 13272 6368
12900 12524 12898
12898 12524 6372
12524 12718 6372
12154 12150 12524
12524 12150 12718
12150 6371 12718
12150 12154 11764
12150 11764 11762
11764 6370 11762
11764 6690 6370
6917 6369 6919
6917 6367 6369
6569 6917 6919
6569 6919 6689
6418 6569 6689
14110 14423 14019
14508 6598 14423
646 589 6599
857 892 6595
12152 12242 6605
8532 6608 8441
8441 8107 8109
8441 8109 6966
8532 8441 6966
7781 8109 8107
7781 8107 6607
7871 7781 6607
6965 7781 7871
6962 6964 6604
6604 6964 6606
6961 14118 14021
6609 12616 12152
14021 14118 6960
6959 12610 12614
12242 12614 12610
12242 12610 6603
12151 12242 6603
12242 12151 6605
6602 1710 1662
1386 1710 1434
1662 1710 1386
6962 6604 6958
6958 6604 1434
6604 1386 1434
6957 110 53
6959 12614 6963
12616 12242 12152
12616 12614 12242
12992 12902 6963
858 6610 6968
852 6610 858
858 6614 852
858 6972 6614
6967 12998 6971
6967 12992 12998
12998 12992 12616
12998 12616 12522
6613 12998 12522
12522 12616 6609
8870 6612 8779
8532 8443 6608
8443 6970 6608
6970 8779 6608
6970 8870 8779
8443 8532 6966
7871 6607 7779
6611 6969 6965
6611 6965 7871
7779 6611 7871
1118 6606 6964
1114 6606 1118
1118 6610 1114
1118 6968 6610
6967 12902 12992
12616 12992 12614
12614 12992 6963
15292 53 110
6973 6969 6611
15292 15207 53
14926 14833 15207
14508 14926 14831
6598 14508 14831
14508 14110 14512
14512 14110 14114
14110 13730 14114
14114 13730 13734
13730 13350 13734
13734 13350 6956
13350 13273 6956
13273 13350 6952
6951 6597 6955
6955 6597 12606
14508 14512 14926
6597 12521 12606
1708 6600 1661
1430 1432 1708
1430 1708 1661
6596 1430 1661
1430 1154 1432
1432 1154 6954
1154 1117 6954
892 1117 1154
892 857 1117
646 6953 589
6953 857 589
857 6595 589
12606 12521 6601
15292 15203 14926
14926 15203 14831
110 49 15292
14512 14833 14926
14512 14425 14833
14114 14118 14512
14512 14118 14425
14118 6961 14425
14114 13734 14118
14118 13734 6960
13734 13649 6960
13649 13734 6956
6955 12610 6959
6955 12606 12610
6601 12610 12606
6603 12610 6601
6602 1708 1710
6600 1708 6602
1708 1432 1710
1710 1432 1434
6958 1432 6954
6958 1434 1432
6953 646 595
337 595 333
333 595 6599
595 646 6599
337 333 49
337 49 110
6957 337 110
15292 49 15203
14926 15207 15292
11223 10819 2700
7786 7880 8202
8538 7660 8116
8030 8356 2228
2296 8030 2228
2228 8358 2296
8357 8355 8027
8357 8027 8029
2225 8356 8028
2227 8356 2225
2225 1949 2227
2227 1949 8354
1949 2019 8354
2019 1949 8026
8355 4652 8027
8030 8028 8356
8355 4660 4652
8025 4652 8353
1951 8354 2019
1673 1749 8026
1749 8352 8026
8352 2019 8026
8352 1951 2019
1749 1673 8024
8353 4342 8025
8353 4346 4342
8351 4342 4346
8023 4342 8351
1675 8352 1749
8353 4652 4660
1397 1399 1675
4792 4653 8031
8359 8029 4792
610 354 350
354 8036 350
354 8364 8036
8033 4347 8361
8033 4343 4347
4347 4343 4067
4067 4343 4065
8035 4067 4065
8363 4067 8035
8032 2028 1950
1676 1674 1950
1676 1950 2028
8029 4653 4792
8360 1676 2028
1676 8362 8034
8359 4792 4661
8031 8033 8361
8031 8361 4661
4792 8031 4661
8030 2296 2226
8032 2226 2028
2226 2296 2028
2296 1952 2028
2296 8358 1952
1952 8360 2028
8357 8029 8359
1676 8034 1674
1397 1675 1749
8024 1397 1749
1397 8350 1399
8345 8343 8015
8345 8015 8017
8016 694 698
8014 694 8016
694 432 698
698 432 434
432 150 434
434 150 154
8344 150 8342
8344 154 150
8343 8341 8013
8343 8013 8015
67 154 8344
8012 940 870
870 940 694
940 614 694
940 8340 614
352 694 614
352 432 694
66 432 352
66 150 432
66 8342 150
8341 4650 8013
8341 4658 4650
8339 4650 4658
8011 4650 8339
8014 870 694
154 67 353
154 353 434
434 353 8346
1397 8022 8350
8351 8349 8021
8351 8021 8023
1127 8350 8022
1129 8350 1127
1127 8348 1129
1127 8020 8348
4761 8019 4651
4341 4345 4651
4651 4345 4761
4345 8347 4761
8021 4345 4341
8349 4345 8021
871 8348 8020
873 8348 871
873 871 615
615 871 700
871 8018 700
615 700 8346
8017 8019 8345
8345 8019 4659
8019 4761 4659
8347 4659 4761
8018 698 700
8016 698 8018
698 434 700
700 434 8346
610 616 354
8012 936 940
872 616 610
872 8037 1218
12162 12341 11945
11772 11945 8056
8053 8055 8379
8379 8055 5061
8055 5207 5061
8381 5061 5207
14219 8378 14030
14030 13841 14219
13658 13841 14030
8380 13453 13280
13658 8380 13280
8052 13658 13280
12162 11945 11772
13841 13658 8052
8379 8377 8051
8379 8051 8053
14219 8376 8378
14215 8376 14219
13835 14215 14219
13835 14219 13841
13841 8050 13835
13841 8052 8050
8377 8375 8049
8377 8049 8051
8048 15040 14840
14434 14432 14840
13280 13453 8054
14434 14840 15040
12532 12715 12341
12910 13093 12715
11366 11368 10954
11366 10954 10952
10952 10954 10568
10952 10568 10566
10566 10568 10180
10566 10180 10178
10178 10180 9808
10178 9808 9806
9808 8058 9806
9808 8384 8058
5207 8055 5057
5057 8057 4839
12532 12341 12162
5207 5057 4839
8381 5207 4663
8383 4663 4839
14031 8382 14223
14223 13659 14031
13845 13659 14223
13845 13457 13453
13845 13453 8380
13659 13845 8380
13457 13093 13453
13453 13093 8054
13093 12910 8054
12910 12715 12532
4663 5207 4839
8374 14434 15040
14432 14434 14028
14028 14434 14215
8042 8370 8044
8043 8369 8041
8041 8369 3885
8369 3818 3885
3885 3818 8367
8366 8368 8040
8040 8368 8042
3883 8041 3885
3883 8039 8041
3883 8367 8365
3885 8367 3883
8038 1218 1128
8368 8370 8042
1128 1218 8037
8036 8366 8040
8035 8039 8363
8363 8039 3817
8039 3883 3817
8365 3817 3883
1400 8034 8362
1398 8034 1400
1400 1130 1398
1398 1130 8038
1130 1218 8038
874 872 1130
1130 872 1218
8364 8366 8036
8371 8043 8045
8371 8369 8043
64 205 8046
14434 8376 14215
14028 13835 13656
14028 14215 13835
13656 13835 8050
8375 5056 8049
8375 5060 5056
5056 5060 4662
5056 4662 4654
4654 4662 4348
4654 4348 4344
8373 4344 4348
8047 4344 8373
205 8372 68
68 15218 15216
68 15216 8046
205 68 8046
15218 14844 15216
15216 14844 8048
14844 15040 8048
14844 8374 15040
8373 4066 8047
8373 4068 4066
8371 4066 4068
8045 4066 8371
8044 8370 8372
8044 8372 205
64 8044 205
872 874 616
8010 936 8012
936 686 940
940 686 8340
10951 10565 10953
10953 10565 8316
10565 10659 8316
10659 10177 10265
10659 10565 10177
9805 9807 10177
10177 9807 10265
9807 8315 10265
7989 9807 9805
8317 9807 7989
10567 8316 10659
10659 10179 10567
10953 8318 10951
10265 10179 10659
5227 8068 5058
5058 4853 5227
4656 4853 5058
4853 4656 8067
7790 7740 8066
7788 7740 7790
7788 7790 7442
7788 7442 7440
7106 7440 7442
7106 7442 8065
7274 7106 8065
7106 7274 7739
8315 10179 10265
7738 6576 6424
10951 8318 7990
7991 12163 12161
11773 11771 11367
11367 11771 11365
11365 8318 11367
11365 7990 8318
7989 9461 8317
7989 9459 9461
9125 9461 9459
9125 9459 7993
9215 9125 7993
8321 9125 9215
14940 7992 14839
14839 14431 14433
8319 12163 7991
14839 14433 8320
14433 14431 14029
14029 14431 14027
14029 14027 13657
13657 14027 13655
13657 13655 13281
13281 13655 13279
13281 13279 12911
12911 13279 12909
12911 12909 12533
12533 12909 12531
12533 12531 12163
12163 12531 12161
14940 14839 8320
6110 6576 6246
6424 6576 6110
5778 5776 6110
6112 6576 6426
6112 6246 6576
6112 8064 6246
4843 7733 4647
7737 8063 8059
7737 8059 4843
4647 7737 4843
7736 7732 8058
7736 8058 9460
9626 7736 9460
9460 8062 9626
8061 8788 8958
6426 6576 7738
8450 8448 8788
8448 7735 8958
8450 8120 8448
8448 8120 7734
8120 8282 7734
8120 8060 8282
7731 7733 8057
8057 7733 4655
7733 4843 4655
8059 4655 4843
7730 12714 12530
12530 12714 7729
11549 8056 11366
8788 8448 8958
6750 6426 7738
6752 6426 6750
6750 7739 7274
5778 6110 6246
8064 5778 6246
5776 5778 5436
5776 5436 5434
5434 5436 5054
5054 5436 5227
5436 8068 5227
5054 4853 4648
5054 5227 4853
8067 8063 7737
8067 7737 4648
4853 8067 4648
7736 9626 9458
9124 9122 9458
9124 9458 9626
8062 9124 9626
8786 9122 9124
8786 9124 8061
8958 8786 8061
8786 8958 7735
7734 8282 8118
8066 7740 8060
8060 7740 8282
7740 8118 8282
8065 7108 7274
6752 6750 7108
7108 6750 7274
7991 11771 11773
7991 11773 8319
14841 14940 8320
8322 15306 15213
14956 8335 15217
8334 14952 8330
8334 14956 14952
8551 8003 8449
8213 8551 8219
8219 8551 8007
8551 8449 8007
8213 8219 7891
7891 8219 7789
8219 8006 7789
7891 7789 8002
6177 8001 6111
15318 14956 15217
5777 5779 6111
5779 8329 6177
5779 5777 5435
5779 5435 5506
8333 5779 5506
5506 5435 8005
680 8004 609
609 349 351
609 351 8332
680 609 8332
351 349 63
351 63 138
8331 351 138
6111 5779 6177
14952 14956 15318
15318 15217 65
15318 65 138
686 613 8340
613 686 8338
8339 8337 8009
8339 8009 8011
936 8010 869
612 686 8336
8008 8336 869
8336 686 869
686 936 869
612 8338 686
8335 14956 14843
14843 14956 8334
8219 8007 8119
8219 8119 8006
8333 5506 5437
5059 5437 5055
5055 5437 8005
5437 5506 8005
5059 5055 4657
4657 5055 4649
8009 4657 4649
8337 4657 8009
8336 8008 8004
8336 8004 680
611 8336 680
611 680 8332
8331 138 65
15316 15318 138
11368 11366 8385
15316 138 63
15316 14948 15318
8325 9220 9127
7997 7999 8327
7997 8327 9127
9220 7997 9127
7996 15310 15214
7998 15214 14946
15214 15310 14946
15310 14842 14946
15310 8324 14842
14842 8326 14946
8325 9126 9220
8323 7995 7997
8328 14948 14946
8323 7997 9220
7996 15306 15310
7994 15306 7996
8324 15306 8322
8324 15310 15306
9215 7993 9123
7995 8323 8321
7995 8321 9215
9123 7995 9215
15306 7994 15213
14940 14841 7992
14841 8322 7992
8322 15213 7992
9126 8323 9220
8328 14946 8326
7998 14946 15215
14946 15316 15215
15318 14948 14952
8330 14948 8328
8330 14952 14948
7999 8789 8327
7999 8787 8789
8451 8789 8787
8451 8787 8003
8551 8451 8003
8551 8121 8451
8213 8121 8551
8213 7791 8121
7891 7791 8213
7441 7443 7791
7441 7791 7891
8002 7441 7891
7443 7441 7109
7109 7441 7107
7109 7107 6753
6753 7107 6751
6753 6751 6427
6427 6751 6425
6113 6427 6425
6113 6425 8001
6177 6113 8001
8329 6113 6177
15316 8000 15215
14946 14948 15316
8000 15316 63
11366 11945 8385
11945 11947 8385
11366 8056 11945
4345 4665 8347
4665 4762 8347
8349 4349 4345
8691 4349 8349
950 8348 873
873 615 617
873 617 8690
950 873 8690
617 615 355
355 615 436
615 8346 436
156 355 436
4349 4665 4345
156 69 355
8687 5152 5065
4762 8689 4659
8689 5065 4659
5065 8345 4659
5065 5152 8345
4762 4659 8347
436 8346 353
156 353 67
436 353 156
15340 15221 8344
15221 8688 8344
8688 67 8344
69 156 8688
8688 156 67
8689 4762 4665
8692 950 8690
8697 8353 4660
4779 8697 4660
1951 8696 8354
1953 8696 1951
1951 8694 1953
1951 8352 8694
8695 4346 8353
8695 4350 4346
8693 4346 4350
8351 4346 8693
1675 8694 8352
1677 8694 1675
8692 952 950
1677 1675 1401
1401 1399 1131
1131 1399 1202
1399 8350 1202
952 1131 1202
952 875 1131
875 952 8692
8693 8691 8349
8693 8349 8351
1202 8350 1129
950 952 1202
950 1202 1129
8348 950 1129
1401 1675 1399
15221 15340 8686
8685 5152 8687
8685 5146 5152
428 142 146
8682 142 8680
8682 146 142
8679 5136 8681
8679 5134 5136
5134 4738 5136
5136 4738 4740
8337 4740 4738
8339 4740 8337
8336 682 612
682 422 424
682 424 8338
424 142 428
612 682 8338
424 140 142
140 15320 142
142 15320 8680
15320 15219 8680
14845 15219 14843
14843 15219 8335
15219 15320 8335
14843 8678 14845
14843 8334 8678
8333 5439 8677
8333 5437 5439
5439 5437 5059
422 140 424
8338 424 613
424 690 613
424 428 690
8343 5152 5146
8345 5152 8343
8344 15334 15340
8342 15334 8344
8686 15334 8684
8686 15340 15334
8685 5064 5146
8683 8341 8343
8683 8343 5146
5064 8683 5146
8340 690 614
352 690 428
614 690 352
66 428 146
352 428 66
8342 66 15334
66 146 15334
146 15220 15334
146 8682 15220
15220 8684 15334
8681 5136 5063
5063 5136 8683
8341 8683 4658
8683 5136 4658
5136 4740 4658
4658 4740 8339
690 8340 613
8697 8695 8353
8355 4779 4660
2227 8354 8696
2227 8696 2229
4352 4824 4668
4352 4444 4824
4148 4068 8373
8713 4148 8373
4444 8713 8373
4352 8713 4444
4068 4148 8371
8372 202 206
8370 202 8372
8714 202 8712
8714 206 202
8711 4148 8713
8715 4668 4824
8711 4144 4148
8371 4148 8369
8370 200 202
8368 200 8370
8712 200 8710
8712 202 200
8711 4070 4144
3820 3818 4070
4070 3818 4144
3818 8369 4144
8709 3818 3820
8367 3818 8709
8368 8366 8708
8369 4148 4144
14844 15041 8374
15222 8716 15041
14844 15222 15041
8379 5205 5067
8721 5067 5205
14627 8718 8720
14621 8718 14627
14627 8376 14621
14627 8378 8376
8719 8717 8375
8719 8375 8377
15041 8716 14846
8718 14621 14434
14846 8718 14434
8374 14846 14434
15041 14846 8374
14434 14621 8376
8717 5060 8375
8717 5066 5060
4662 5060 5066
4662 5066 8715
4824 4662 8715
4348 4824 4444
4662 4824 4348
4348 4444 8373
8372 206 68
15222 15218 68
15222 68 206
8714 15222 206
15218 15222 14844
8368 8708 70
5439 5059 5134
200 8368 70
8709 8707 8365
1954 1676 8360
2029 1954 8360
1678 1402 1676
1676 1402 8362
1402 1492 8362
1402 8704 1492
8359 4667 8701
8359 4661 4667
8361 4667 4661
8703 4667 8361
8358 8700 8702
8358 8702 2029
1954 1678 1676
1952 8358 2029
8701 8699 8357
8701 8357 8359
2230 8356 8698
2228 8356 2230
2230 8358 2228
2230 8700 8358
8357 8699 8355
8355 8699 4779
8699 4666 4779
4779 4666 8697
2227 8698 8356
2229 8698 2227
1952 2029 8360
2029 8702 1954
8705 4069 8363
8363 4069 4067
8709 8365 8367
729 8706 618
618 465 729
356 465 618
8366 8364 8708
8708 8364 356
8364 465 356
8363 3819 8705
8363 3817 3819
8365 3819 3817
8707 3819 8365
8362 1492 1400
1132 1130 1400
1132 1400 1492
8704 1132 1492
1130 1132 876
1130 876 874
874 876 616
616 876 729
876 8706 729
616 465 354
616 729 465
354 465 8364
8361 4351 8703
8361 4347 4351
4351 4347 4069
4069 4347 4067
70 8710 200
11366 10952 10950
8679 5439 5134
5134 5059 4738
8400 7444 7960
8399 7442 7444
8065 7442 8399
6247 8398 6114
6114 5780 5778
6114 5778 8064
6247 6114 8064
5778 5780 5436
5436 5780 5581
5780 8402 5581
5436 5581 8068
8401 8397 8063
7444 7790 7960
8401 8063 8067
13097 12912 8395
8062 9290 9124
9124 9290 8061
8283 8394 8122
8122 8060 8283
8066 8060 7960
8060 8122 7960
8122 7792 7960
7792 8400 7960
8399 7108 8065
8399 7110 7108
6752 7108 7110
13097 8396 12912
6752 7110 8393
7444 7442 7790
8067 4656 8401
10569 8658 10567
10569 10567 10181
10181 10567 10179
8315 10181 10179
8657 10181 8315
7285 8406 7112
7112 6935 7285
6756 6935 7112
6935 6756 8405
7285 8404 8406
7281 8404 7285
6933 7281 7285
8066 7960 7790
6933 7285 6935
6935 8405 6933
7111 8404 7281
7281 6755 7111
6933 6755 7281
8403 6755 6933
5581 8402 5438
5438 5062 5058
5438 5058 8068
5581 5438 8068
5058 5062 4664
5058 4664 4656
8401 4656 4664
6933 8405 8403
6922 6752 8393
6428 6426 6752
6428 6752 6922
8452 8394 8283
8120 8283 8060
8393 6754 6922
6754 8392 6922
4839 8057 4655
8059 8391 8383
8059 8383 4839
4655 8059 4839
14227 8382 8390
14223 8382 14227
13845 14223 14227
13845 14227 13847
8120 8452 8283
13457 13845 13847
13282 13457 8389
13095 13093 13457
13095 13457 13282
8388 13095 13282
12715 13093 13095
12715 13095 8387
12534 12715 8387
12343 12341 12715
12343 12715 12534
8386 12343 12534
11945 12341 12343
11945 12343 11947
13457 13847 8389
8450 8452 8120
8788 8452 8450
8788 8790 8452
8392 6428 6922
6426 6428 6112
6112 6428 6247
6428 8398 6247
6112 6247 8064
8397 8391 8059
8397 8059 8063
14227 8390 14032
14032 13847 14227
13660 13847 14032
13847 13660 8389
13097 8388 8396
13095 8388 13097
13095 8395 8387
13097 8395 13095
12343 8386 12164
12164 11947 12343
11774 11947 12164
11947 11774 8385
9462 8058 8384
9460 8058 9462
9462 9128 9460
9460 9128 8062
9128 9290 8062
8790 8788 9128
9128 8788 9290
8788 8061 9290
10567 8658 8316
8659 9463 9539
9539 9463 8317
9463 9807 8317
8451 8121 8453
8453 8121 8672
8121 8209 8672
7791 7793 8121
8121 7793 8209
7793 8671 8209
7793 7791 7445
7445 7791 7443
7443 7109 7445
7445 7109 8670
7109 7197 8670
6753 6757 7109
8453 8789 8451
7109 6757 7197
6757 6753 6429
6429 6753 6427
6429 6427 6115
6115 6427 6113
8329 6115 6113
8675 6115 8329
8328 8326 8668
8328 8668 14436
14540 8328 14436
14436 8674 14540
8667 8325 8673
8673 8325 9224
6757 8669 7197
8791 8789 8453
9131 9224 8327
8789 9131 8327
4738 4657 8337
682 8336 611
420 422 682
420 682 611
8332 420 611
140 422 420
140 420 8331
65 140 8331
15320 65 15217
140 65 15320
15320 15217 8335
8678 8334 8330
8678 8330 14544
14437 8678 14544
14437 14544 8676
8329 5781 8675
8329 5779 5781
8333 5781 5779
8677 5781 8333
420 8332 351
420 351 8331
8330 14540 14544
8328 14540 8330
8676 14540 8674
8676 14544 14540
8673 9224 9131
8791 9131 8789
8325 9127 9224
4738 5059 4657
9224 9127 8327
8671 8123 8209
9129 8659 9539
8321 9129 9125
8663 9129 8321
14433 8662 8320
14435 8662 14433
14435 14433 14033
14033 14433 14029
14033 14029 13661
13661 14029 13657
13661 13657 13283
13283 13657 13281
13283 13281 12913
9461 9129 9539
12913 13281 12911
12535 12911 12533
12535 12533 12165
12165 12533 12163
8319 12165 12163
8661 12165 8319
11048 8318 10953
8658 8660 8316
8316 8660 10953
8660 11048 10953
8315 9809 8657
8315 9807 9809
9463 9809 9807
12913 12911 12535
9125 9129 9461
9539 8317 9461
10955 11048 8660
7113 8670 7197
8669 7113 7197
8324 14944 14842
8668 8326 8666
8666 8326 14944
8326 14842 14944
8667 9126 8325
8667 9130 9126
8665 9126 9130
8323 9126 8665
8324 14942 14944
8322 14942 8324
8666 14942 8664
8666 14944 14942
8665 8663 8321
8665 8321 8323
14942 8322 14841
8662 8664 8320
8320 8664 14841
8664 14942 14841
8319 11775 8661
8319 11773 11775
11775 11773 11369
11369 11773 11367
11369 11367 10955
10955 11367 11048
11367 8318 11048
8123 8672 8209
7786 8202 8116
11366 10950 7728
10950 10952 10566
1224 976 1226
1226 976 978
976 736 978
978 736 738
736 474 738
738 474 7716
474 347 7716
347 474 7714
7371 4431 4336
4336 4143 4062
4336 4431 4143
7715 7713 7369
7370 1224 1393
7715 7369 4062
7368 1498 1392
1498 1222 1224
1498 1224 7370
1392 1498 7370
1222 974 1224
1224 974 976
974 734 976
976 734 736
734 470 736
736 470 474
7714 470 7712
7714 474 470
4143 7715 4062
7713 7711 7367
1224 1502 1393
1502 7372 1393
4340 4437 4646
4437 4340 7717
7376 1502 1504
7372 1502 7376
1502 1226 1504
1504 1226 1228
1226 978 1228
1228 978 980
978 738 980
980 738 740
348 738 7716
348 342 7375
1224 1226 1502
738 348 7375
342 348 62
342 62 58
62 7374 58
62 7718 7374
7373 4817 4644
4437 4431 4817
4817 4431 4644
4431 7371 4644
4143 4431 4437
4143 4437 7717
4064 4143 7717
4143 4064 7715
740 738 7375
7713 7367 7369
7366 3046 2998
2754 2750 2998
3000 7710 3046
7709 7703 7365
7365 7703 2222
7703 2300 2222
1946 2300 2032
2222 2300 1946
7364 1946 1764
1946 2032 1764
2032 1672 1764
2032 7702 1672
1672 7708 1764
7707 868 970
3046 7366 3000
608 970 868
608 7706 728
4797 7361 4643
4643 7363 4423
4797 4643 4423
4339 4797 4423
7701 4797 4339
7705 4339 4423
7704 7362 7360
7704 7360 3042
2999 7704 3042
2999 3042 7700
7703 2224 2300
608 728 970
7366 7704 3000
7366 7362 7704
7711 4063 7367
2754 2998 3046
7710 2754 3046
2750 2754 2484
2750 2484 2482
7709 2482 2484
7365 2482 7709
7364 1764 1670
7368 1670 1498
1670 1764 1498
1764 1396 1498
1764 7708 1396
1126 1498 1396
1126 1222 1498
974 1222 970
970 1222 7707
1222 1126 7707
970 728 974
974 728 734
734 728 470
470 728 346
728 7706 346
346 7712 470
4423 7363 4335
4061 4063 4335
4335 4063 4423
4063 7705 4423
7367 4063 4061
4646 4437 4817
1948 2300 2224
7719 4646 4817
7377 7719 7373
8448 7734 8624
7733 7731 7389
7733 7389 7391
7388 13456 13276
12906 13456 13092
13276 13456 12906
12530 12528 12906
12530 12906 13092
7730 12530 13092
12158 12528 12530
12158 12530 7729
12340 12158 7729
7735 8448 8624
12158 12340 7387
10950 10948 11362
10950 11362 11548
7728 10950 11548
10950 10564 10948
10948 10564 7390
10564 10746 7390
10176 10746 10564
10176 10358 10746
9804 10358 10176
9804 9982 10358
9804 7732 9982
7385 5053 7727
7386 11548 11362
7385 5049 5053
7392 9802 9982
7736 7392 7732
8786 9296 9122
8786 8962 9296
8628 8962 8624
8624 8962 7735
8962 8786 7735
8628 8624 8286
8286 8624 8118
8624 7734 8118
8118 7740 8286
7739 6750 6926
6750 7738 6926
7393 5907 5774
7732 7392 9982
5774 5579 5432
5432 5221 5050
5432 5579 5221
4847 4647 7733
7733 7391 5050
4847 7733 5050
5221 4847 5050
7737 4647 4847
7390 10746 10562
10174 10746 10358
10562 10746 10174
9802 10358 9982
10174 10358 9802
5774 5907 5579
7389 5053 5049
7731 5053 7389
7388 13452 13456
14430 7378 7720
14428 7378 14430
14428 14430 14026
14428 14026 14024
14024 14026 13654
14024 13654 13652
13654 7380 13652
13654 7722 7380
7379 5197 5046
7721 7719 7377
7721 7377 5046
5197 7721 5046
5047 7381 5202
7376 1504 1394
1394 1504 1122
864 1228 980
1122 1228 864
604 980 740
864 980 604
604 740 7375
15212 7374 7718
15210 7374 15212
15210 15212 14838
15210 14838 14836
14838 7378 14836
14838 7720 7378
1122 1504 1228
7721 5197 5052
7723 5052 5197
7379 7723 5197
7384 13452 7388
13456 13452 13092
13092 13452 12908
13452 7726 12908
12908 7730 13092
7729 12160 12340
11770 11768 12160
12160 11768 12340
11768 7387 12340
11770 11364 11768
11768 11364 7386
11364 11548 7386
11364 7728 11548
7727 7725 7383
7727 7383 7385
7384 7382 7724
7384 7724 13278
13452 7384 13278
13278 7726 13452
7725 7723 7383
7383 7723 5048
7723 5202 5048
5048 5202 7381
7722 7724 7380
7380 7724 7382
7723 7379 5047
7723 5047 5202
7373 7719 4817
1948 2032 2300
1948 7702 2032
7361 4797 4642
345 418 7668
7667 8550 7671
7667 8546 8550
7329 8550 8546
7333 8550 7329
7332 7886 7890
7328 7886 7332
7886 7538 7890
7890 7538 7670
7538 7439 7670
7196 7439 7538
7196 7105 7439
603 7330 418
6840 7105 7196
6496 6749 6840
6496 6423 6749
6174 6176 6496
6496 6176 6423
6176 7669 6423
5842 6176 6174
5842 6174 7327
5773 5842 7327
5842 5773 7331
418 7330 341
134 61 7326
61 7668 7326
6840 6749 7105
7668 341 7326
345 603 418
607 7672 603
7677 4645 4737
865 7676 931
7334 7672 7336
7336 7672 931
7672 865 931
7671 8550 8447
8218 7675 8113
7675 8447 8113
8447 7333 8113
8447 8550 7333
7890 7787 7332
7787 7674 7332
607 603 345
7674 8113 7332
7787 7890 7670
7669 6176 6109
5842 6109 6176
5842 5775 6109
5433 5775 5431
5431 5775 7331
5775 5842 7331
5051 5433 5431
5051 5431 7335
5129 5051 7335
7673 5051 5129
603 7672 7334
7674 8218 8113
7668 418 341
61 134 7666
7665 8546 7667
7880 7532 7882
7882 7532 7534
7323 7534 7532
7325 7534 7323
7662 7664 7322
7322 7664 7324
11051 7321 10947
11051 10561 10667
11051 10947 10561
10667 10173 10275
10667 10561 10173
10275 9801 9897
8204 7880 7882
10275 10173 9801
9801 9457 9897
9457 7661 9897
9457 9455 9121
9121 9455 9119
9121 9119 8783
9121 8783 8876
7663 9121 8876
8538 8540 8876
8538 8876 8783
7320 8538 8783
8540 8538 8202
8202 8538 8116
9455 9457 9801
8202 7880 8204
8542 8202 8204
8540 8202 8542
7665 8542 8546
8546 8542 8204
8546 8204 8112
7329 8546 8112
8204 7882 7886
8204 7886 7328
8112 8204 7328
7882 7534 7886
7886 7534 7538
7196 7538 7534
7196 7534 7325
7103 7196 7325
6840 7103 6747
7196 7103 6840
6496 6747 6421
6840 6747 6496
6174 6421 6107
6496 6421 6174
6174 6107 7327
134 7326 57
7664 7666 7324
7324 7666 57
7666 134 57
7663 8876 8785
8540 8542 8876
8876 8542 8785
8542 7665 8785
7673 5129 4645
4645 5129 4737
5129 5045 4737
5045 7337 4737
7693 4412 7695
7693 4408 4412
7353 4412 4408
7355 4412 7353
2800 7354 2749
2546 2749 2481
2800 2749 2546
2292 2481 2221
2546 2481 2292
2016 2018 2292
2016 2292 2221
7352 2016 2221
1947 2018 7694
7694 2016 7692
7693 4338 4408
7691 7351 7353
7691 7353 4408
4338 7691 4408
7352 2014 2016
7350 2014 7352
2014 1746 2016
2016 1746 7692
1746 1671 7692
1671 1746 7690
7691 7689 7351
7351 7689 4060
7694 2018 2016
2018 1947 2223
2018 2223 2292
2292 2223 2483
7701 7699 7359
7701 7359 4642
4797 7701 4642
7360 3040 3042
7358 3040 7360
3040 2808 3042
3042 2808 7700
2808 2753 7700
2753 2808 7698
7699 7697 7357
7699 7357 7359
3040 7358 2997
2752 2808 7696
7356 7696 2997
7696 2808 2997
2808 3040 2997
2752 7698 2808
7697 7695 7357
7357 7695 4334
7695 4412 4334
4334 4412 7355
7696 7356 7354
7696 7354 2800
2751 7696 2800
2546 2751 2800
2546 2483 2751
2292 2483 2546
7689 4114 4060
9122 9296 7394
4060 4114 7349
1746 1945 1669
866 7684 7344
7683 7681 7341
7683 7341 7343
1189 7680 1124
7342 7340 7682
7682 7340 1124
7340 1189 1124
7681 7679 7339
7681 7339 7341
1189 7678 7680
1185 7678 1189
1189 7338 1185
866 7344 862
1189 7340 7338
7339 7679 7677
7339 7677 4737
4641 7339 4737
1123 7678 1185
861 931 7338
931 7676 7338
7676 1185 7338
7676 1123 1185
931 861 7336
7675 8218 8117
8117 8218 7674
5129 7335 5045
4737 7337 4641
862 7342 866
866 7342 7682
7685 7343 7345
2014 1945 1746
1476 1395 7348
1395 7690 7348
7690 1669 7348
7690 1746 1669
1200 1395 1476
1200 1125 1395
1125 1200 7688
7687 7347 7689
7689 7347 4114
7347 4059 4114
4114 4059 7349
1476 7348 1391
1200 1391 1121
1476 1391 1200
1121 863 867
1121 867 7688
1200 1121 7688
863 7686 867
863 7346 7686
7345 4337 7685
7345 4333 4337
7347 4337 4333
7687 4337 7347
7684 7686 7344
7344 7686 7346
7685 7683 7343
2014 7350 1945
9456 9122 7394
9458 9122 9456
9456 7392 9458
1674 8034 1762
8033 8031 7699
8033 7699 7701
2810 7700 2753
2552 2554 2810
2552 2810 2753
7698 2552 2753
2554 2552 2298
2298 2552 2226
2552 8030 2226
2226 8032 2298
8029 4784 4653
1674 1762 7702
7697 7699 8031
4784 7697 4653
7696 2806 2752
2806 2548 2552
2806 2552 7698
2752 2806 7698
8030 2548 8028
8030 2552 2548
8027 4784 8029
8027 4778 4784
7695 4784 4778
7697 4784 7695
2806 7696 2751
7697 8031 4653
2548 2751 2483
1948 1674 7702
8032 1950 2298
1398 8038 1496
8037 868 7707
8037 872 868
868 872 610
868 610 608
610 350 608
608 350 7706
350 464 7706
350 8036 464
7701 4343 8033
7701 4339 4343
4065 4343 4339
1950 1674 1948
4065 4339 7705
8035 4065 4137
3044 7704 2999
2810 2812 3044
2810 3044 2999
7700 2810 2999
2810 2554 2812
2812 2554 2556
2556 2554 2298
2556 2298 2224
7703 2556 2224
1950 1948 2224
1950 2224 2298
4137 4065 7705
2806 2751 2548
2483 2223 2225
2483 2225 8028
8019 4760 4651
4396 4651 4760
4396 4341 4651
7687 7689 8021
7687 8021 4341
4396 7687 4341
867 8020 7688
871 8020 867
867 8018 871
867 7686 8018
8017 4760 8019
8017 4754 4760
1125 7688 8020
4396 4760 4754
4337 4396 7685
4396 4337 7687
8016 8018 7684
7684 8018 7686
8015 4754 8017
8015 4748 4754
7683 4754 4748
7685 4754 7683
7682 944 866
8016 7684 8014
8014 7684 944
7684 866 944
4396 4754 7685
1125 8020 1127
1478 1395 8022
1395 1127 8022
2548 2483 8028
2225 2223 1949
1949 2223 1947
1947 8026 1949
1947 7694 8026
8027 4652 4778
8025 7693 7695
8025 7695 4778
4652 8025 4778
8026 7694 7692
8026 7692 1748
1673 8026 1748
1673 1748 8024
8025 4338 7693
8025 4342 4338
8023 4338 4342
7691 4338 8023
1748 7692 1671
1478 1397 7690
1397 8024 7690
8024 1671 7690
8024 1748 1671
1397 1478 8022
8023 8021 7689
8023 7689 7691
1478 7690 1395
1395 1125 1127
1762 8034 1398
1762 1398 1496
1672 1762 1496
7708 1672 1496
8053 8051 7723
8053 7723 7725
8050 8052 7722
7722 8052 7724
8051 8049 7723
7723 8049 5052
8049 5198 5052
5052 5198 7721
15039 8048 14840
14840 14432 14430
14840 14430 7720
15039 14840 7720
13280 8054 7726
14430 14432 14028
14026 14028 13656
14026 13656 13654
13656 7722 13654
13656 8050 7722
8049 5056 5198
7721 5198 5056
5056 4654 4823
7721 5056 4823
7719 7721 4823
4654 4443 4823
4344 4443 4654
4443 4344 8047
14430 14028 14026
13280 7726 13278
13278 7724 13280
13280 7724 8052
10950 10566 10564
10564 10566 10178
10564 10178 10176
10176 10178 9806
10176 9806 9804
9806 7732 9804
9806 8058 7732
7727 5057 8055
7727 5053 5057
7731 5057 5053
8057 5057 7731
12910 7726 8054
12908 7726 12910
12910 12532 12908
12908 12532 7730
12532 12714 7730
12162 12160 12532
12532 12160 12714
12160 7729 12714
12160 12162 11772
12160 11772 11770
11770 11772 11364
11364 11772 11549
11772 8056 11549
11364 11549 7728
8055 8053 7725
8055 7725 7727
15216 7718 8046
8013 4748 8015
15212 7718 15216
14838 15216 15039
2484 2814 2558
2754 2814 2484
2484 2558 7709
7708 1496 1396
1128 1126 1396
1128 1396 1496
8038 1128 1496
8037 1126 1128
7707 1126 8037
7706 464 346
8040 7712 8036
8036 7712 464
7710 2814 2754
7712 346 464
7711 8039 8035
7711 8035 4137
4063 7711 4137
7704 3044 3000
3044 2812 2814
3044 2814 7710
3000 3044 7710
2812 2556 2814
2814 2556 2558
7703 2558 2556
7709 2558 7703
7702 1762 1672
4137 7705 4063
8041 7711 7713
8041 8039 7711
7712 8042 7714
15216 8048 15039
14838 15039 7720
7719 4823 4646
4646 4443 4340
4646 4823 4443
4066 4147 7717
8047 4066 7717
4340 8047 7717
4443 8047 4340
4147 4066 8045
7716 476 348
64 62 348
64 348 476
8044 64 476
64 7718 62
64 8046 7718
7717 4147 4064
8045 8043 7715
8045 7715 4064
4147 8045 4064
476 7716 347
8042 8044 7714
7714 8044 347
8044 476 347
8043 8041 7713
8043 7713 7715
8040 8042 7712
15212 15216 14838
11549 11366 7728
8013 4742 4748
7683 4748 7681
13277 13655 7651
13655 13748 7651
13279 13277 12909
12909 13277 12907
12909 12907 12531
12531 12907 12529
12531 12529 12161
12161 12529 12159
12161 12159 11769
12161 11769 11856
7991 12161 11856
11460 11769 11363
13279 13655 13277
11856 11769 11460
11460 11363 7657
10563 10565 10951
10563 10951 11047
7656 10563 11047
10565 10563 10177
10177 10563 10175
9805 10177 10175
9805 10175 7655
9893 9805 7655
7989 9805 9893
7654 654 658
7650 654 7654
10951 7990 11047
654 396 658
13748 13655 14027
14130 14027 14431
9893 7655 9803
9803 7661 9543
9893 9803 9543
9459 9893 9543
7989 9893 9459
7993 9459 9543
8200 7660 8115
7878 8115 7785
8200 8115 7878
7878 7785 7659
7654 658 606
658 398 402
13748 14027 14130
658 402 7658
398 118 402
402 118 122
15302 122 118
15302 118 7653
15211 15302 7653
14938 14839 7652
14839 7992 7652
7992 15211 7652
7992 15302 15211
14528 14839 14938
14528 14431 14839
14130 14431 14528
606 658 7658
658 396 398
396 116 398
398 116 118
7964 8286 7788
8286 7740 7788
7440 7438 7788
7788 7438 7964
7438 7395 7964
7438 7440 7106
7438 7106 7104
6748 7104 7106
6748 7106 7739
6926 6748 7739
6424 6422 6748
6424 6748 6926
8290 8286 7964
7738 6424 6926
6422 6110 6108
6108 6110 5776
6108 5776 5907
7393 6108 5907
5776 5579 5907
5434 5579 5776
5434 5221 5579
5054 5221 5434
5054 4847 5221
4648 4847 5054
4847 4648 7737
9458 7392 7736
6422 6424 6110
8632 8286 8290
8628 8286 8632
8784 8962 7396
7649 118 116
7653 118 7649
14938 7652 14837
14528 14837 14429
14938 14837 14528
14130 14429 14025
14528 14429 14130
13748 14025 13653
14130 14025 13748
13748 13653 7651
654 7650 605
396 605 343
654 605 396
116 343 59
396 343 116
116 59 7649
7396 8632 8446
8114 8632 8290
8446 8632 8114
7784 8290 7964
8114 8290 7784
7784 7964 7395
7394 9296 9120
8784 9296 8962
9120 9296 8784
8962 8628 8632
8962 8632 7396
11047 10949 7656
10949 11047 7990
11365 10949 7990
10949 11460 7657
8009 4649 7677
932 7676 865
8004 8008 7672
7672 8008 865
8008 932 865
7671 8449 8003
7671 8447 8449
7675 8449 8447
8007 8449 7675
7787 8006 7674
7789 8006 7787
7787 8002 7789
7677 4649 4645
7787 7670 8002
7669 6109 6111
6111 6109 5777
5777 6109 5775
5777 5775 5435
5435 5775 5433
5435 5433 5051
5435 5051 5130
8005 5435 5130
5130 5051 7673
607 8004 7672
609 8004 607
609 607 349
7669 6111 8001
5055 5130 7673
4645 5055 7673
4649 5055 4645
7680 1190 1124
7682 1124 944
1124 1190 944
1190 870 944
1190 8012 870
870 8014 944
8013 4650 4742
8011 7679 7681
8011 7681 4742
4650 8011 4742
7680 1186 1190
7678 1186 7680
8012 1186 8010
8012 1190 1186
8011 8009 7677
8011 7677 7679
1186 7678 1123
932 869 7676
869 8010 7676
8010 1123 7676
8010 1186 1123
869 932 8008
7675 8119 8007
7675 8117 8119
8117 8006 8119
8117 7674 8006
8005 5130 5055
349 607 345
7681 4748 4742
349 345 63
345 7668 136
7663 8785 8878
8878 8785 7665
7994 7996 7662
7662 7996 7664
9543 7661 9457
9121 9123 9457
9457 9123 9543
9123 7993 9543
7663 9123 9121
7995 9123 7663
7660 8200 8116
7786 8200 7878
7997 7663 8878
8116 8200 7786
7658 402 344
60 402 122
344 402 60
7994 15302 15213
122 15302 60
15302 7994 60
7994 7662 60
15213 15302 7992
7991 11856 11771
11460 11771 11856
11460 11365 11771
10949 11365 11460
7786 7878 7659
7995 7663 7997
15214 7998 15314
15314 7666 15214
63 136 8000
7999 8882 8787
7667 7671 8003
7667 8003 8787
8882 7667 8787
7439 8002 7670
7441 8002 7439
7441 7439 7107
7107 7439 7105
7107 7105 6751
6751 7105 6749
6751 6749 6425
6425 6749 6423
7669 6425 6423
8001 6425 7669
136 7668 61
15314 15215 7666
15215 8000 7666
8000 61 7666
8000 136 61
15215 15314 7998
7997 8882 7999
7997 8878 8882
7665 8882 8878
7667 8882 7665
7666 7664 7996
7666 7996 15214
63 345 136
13271 13269 12899
11223 11221 10819
10820 11224 10822
14317 5112 5204
4730 5204 5112
4730 4830 5204
4388 4384 4730
4730 4384 4830
4384 13921 4830
4108 4384 4388
4108 4388 14313
4154 4108 14313
3854 4154 3896
4108 4154 3854
3638 3896 3670
6469 6560 14314
3854 3896 3638
3638 3670 3462
3670 3432 3462
3670 14312 3432
3222 3220 3432
3432 3220 3462
3220 13919 3462
3220 3222 2990
3220 2990 2988
2988 2990 2730
2988 2730 2728
2728 2730 2436
2728 2436 2434
13920 3638 3462
2434 2436 2174
6560 6469 6797
14315 6908 6797
5900 5815 6149
5570 5815 5900
5570 5477 5815
13923 13925 14321
13923 14321 5477
5570 13923 5477
14902 13922 14318
14896 13922 14902
14902 13924 14896
14902 14320 13924
14319 6148 6238
5814 6238 6148
6560 6797 6908
5814 5900 6238
5476 5570 5900
5204 5106 13923
14317 5204 13923
5570 14317 13923
5476 14317 5570
4726 5204 4830
5106 5204 4726
4726 4830 13921
13920 3462 3430
3430 3462 13919
14316 14318 13918
13918 14318 13922
5476 5900 5814
2434 2174 2172
2172 2174 1892
2172 1892 1890
14309 13911 13915
14302 14308 13910
13910 14308 13914
14301 4440 4387
4150 4152 4440
4440 4152 4387
4152 14307 4387
3894 4152 4150
3894 4150 13909
3853 3894 13909
3668 3853 3637
3894 3853 3668
14309 14303 13911
3456 3431 13908
14306 3637 13908
14306 3668 3637
3431 3456 14300
14305 14299 13913
13913 14299 802
14299 890 802
802 890 13907
14298 14304 13906
13906 14304 13912
14303 6790 13911
14303 6796 6790
6790 6796 6468
3431 14306 13908
13912 14310 13916
14304 14310 13912
13913 1062 14305
14311 1890 1892
13917 1890 14311
14310 14316 13916
13916 14316 13918
14309 13915 14315
14315 13915 6908
13915 6791 6908
6560 6791 6463
6908 6791 6560
14308 14314 13914
13914 14314 6463
14314 6560 6463
14307 4154 14313
14307 4152 4154
4152 3894 4154
4154 3894 3896
3894 3668 3896
3896 3668 3670
14312 3668 14306
14312 3670 3668
14311 1602 13917
14311 1604 1602
1602 1604 1330
1602 1330 1328
1328 1330 1064
1328 1064 1062
14305 1062 1064
5900 6149 6238
6790 6468 6462
14319 6238 6149
14644 13926 14480
12202 14342 12358
14337 9642 14341
14337 9638 9642
9642 9638 9306
9642 9306 9160
13941 9642 9160
8824 9306 8970
9160 9306 8824
14340 13940 14336
14336 13940 8970
13940 8824 8970
14339 5810 13939
12202 12358 13942
14339 5816 5810
5810 5478 5470
14335 5470 5478
13935 5470 14335
13934 14662 14478
13938 14478 14244
14478 14662 14244
14662 14072 14244
14662 14334 14072
13694 14072 14338
13694 14338 13859
14072 13694 14244
13694 13937 14244
5810 5816 5478
13694 13859 13936
12570 12202 13942
12948 12572 12570
14346 13944 14342
14342 13944 12358
13944 12200 12358
14341 9646 14345
14341 9642 9646
9314 9646 9642
9314 9642 13941
9161 9314 13941
8976 9161 8825
9314 9161 8976
14340 14344 13940
13940 14344 8825
12572 12202 12570
14344 8976 8825
14339 13939 13943
14339 13943 6258
6150 14339 6258
13938 14244 14070
14070 14244 13937
14338 13696 13859
13696 13322 13320
13696 13320 13936
13859 13696 13936
13320 13322 12950
13320 12950 12948
12948 12950 12572
14343 6150 6258
14333 9994 9841
9634 9638 9994
9994 9638 9841
14330 15070 14326
14330 15072 15070
14329 9496 9630
9496 14328 9630
5219 13931 5225
5219 13929 13931
5219 14327 14325
5225 14327 5219
15070 13930 14897
14650 14481 13928
14481 14326 13928
14326 14897 13928
13930 15070 13932
14326 15070 14897
13927 13929 14323
14323 13929 5113
13929 5219 5113
14325 5113 5219
13928 14644 14650
13926 14644 13928
14324 14644 14322
14324 14650 14644
14323 14321 13925
14323 13925 13927
13926 13924 14320
13926 14320 14480
14481 14650 14324
13932 15070 15072
5107 13933 5225
13933 14327 5225
9638 14337 9841
9634 9302 9638
9638 9302 9306
9306 9302 8970
8970 9302 8828
9302 14332 8828
8828 14336 8970
14335 5108 13935
14335 5114 5108
14331 5108 5114
13933 5108 14331
13932 15072 14898
13934 14898 14662
14898 15072 14662
15072 14482 14662
15072 14330 14482
14482 14334 14662
14333 9840 9994
9634 9994 9630
9630 9994 14329
9994 9840 14329
9634 9630 9302
9302 9630 9164
9630 14328 9164
9164 14332 9302
5225 13931 5107
13933 14331 14327
14480 14322 14644
6468 13910 6462
6468 14302 13910
14297 4814 4729
13889 1416 13885
14272 14274 13884
13884 14274 13888
14271 5166 5109
5109 5166 14270
14273 14269 13887
13887 14269 4106
14269 4130 4106
4106 4130 13883
1414 13886 1325
1414 1325 13885
15359 14268 15270
13885 1416 1414
13884 13882 14272
13882 15359 15270
14267 5166 14271
14267 5164 5166
5164 4776 5166
5166 4776 14270
4776 4727 14270
4410 4727 4776
4410 4385 4727
4124 4130 4410
4410 4130 4385
4130 14269 4385
13881 4130 4124
14272 13882 15270
13883 4130 13881
13886 1414 13890
14275 13887 13891
14279 4422 4424
13893 4424 4422
13895 4424 13893
14278 14282 13892
13892 14282 13894
14281 6146 6214
5812 6214 6146
5812 5878 6214
5878 5538 5473
5878 5473 14280
5538 5878 14277
5878 5812 14277
13890 1414 1416
5473 5538 14276
14275 13891 13893
14275 13893 4422
4386 14275 4422
13890 1416 1326
1326 1416 13889
15267 14278 13892
15271 14278 15267
15267 14274 15271
15267 13888 14274
14277 5472 5538
5472 14276 5538
14275 14273 13887
14279 4386 4422
13880 14266 14268
13880 14268 15359
15266 13880 15359
13877 5811 5809
14263 5811 13877
14899 14262 14975
13874 14260 13876
13876 14260 14975
14260 14899 14975
13873 6465 14259
13873 6461 6465
13875 6465 6461
14261 6465 13875
14258 14260 13872
13872 14260 13874
5811 6143 5809
6859 13871 6789
13873 14257 6859
6789 13873 6859
14256 14258 13870
13870 14258 13872
11089 13869 10983
10601 10983 13868
10601 13868 10696
10983 10601 11089
10601 14255 11089
10601 10696 14254
7553 13867 7477
7553 7145 7215
13873 14259 14257
6145 6143 5811
13875 6143 6145
13875 6145 14261
15266 15359 13882
14265 5530 5471
5164 14267 5105
14267 5471 5105
5471 13879 5105
5471 5530 13879
4776 5105 4725
5164 5105 4776
4410 4725 4383
4776 4725 4410
4124 4383 4105
4410 4383 4124
4124 4105 13881
14264 14266 13880
14264 13880 15265
15349 14264 15265
15349 15265 13878
14263 13877 14265
14265 13877 5530
13877 5469 5530
5530 5469 13879
15269 14264 15349
14895 14975 13878
14975 14262 13878
14262 15349 13878
14262 15269 15349
14975 14895 13876
14279 4424 14283
14284 5880 5878
14284 5878 14280
6216 5878 5880
14296 13904 13900
14296 13900 3244
3221 14296 3244
3022 3221 3244
3022 2989 3221
2776 2989 3022
2776 2729 2989
2729 2776 14290
14289 13899 14295
14295 13899 1148
13899 1061 1148
1148 1061 13903
4146 4107 13905
13902 13898 14288
15024 13902 14900
14900 14294 15024
14287 6894 6795
6546 6795 6894
6546 6467 6795
6218 6467 6546
6218 6147 6467
5882 5884 6218
6218 5884 6147
5884 14293 6147
5882 5546 5884
5884 5546 14292
13902 14288 14900
4107 4146 13901
4146 4428 13901
4146 4434 4428
4434 4440 4814
4814 4440 4729
4440 14301 4729
4434 4146 4440
4440 4146 4150
13905 4150 4146
13909 4150 13905
3456 13908 3429
14296 14300 13904
13904 14300 3429
14300 3456 3429
14295 1148 1063
890 14299 801
14299 1063 801
1063 13903 801
1063 1148 13903
890 801 13907
14298 13906 13902
14298 13902 15024
14901 14298 15024
14901 15024 14294
14293 5884 5813
5813 5884 14292
14291 4814 14297
14291 4808 4814
4808 4428 4814
4814 4428 4434
5546 5475 14292
13942 12358 12200
5178 5475 5546
4806 4808 5178
6894 6544 6546
6544 6216 6546
6546 6216 6218
6216 5880 6218
6218 5880 5882
5882 5880 5546
5546 5880 5474
5880 14284 5474
5110 5546 5474
5110 5178 5546
4728 5178 5110
4728 4806 5178
6892 6544 6894
4426 4806 4424
4806 4728 14283
13895 4426 4424
13897 4426 13895
14282 14286 13894
13894 14286 13896
14285 6794 6892
6466 6892 6794
6466 6544 6892
6216 6544 6214
6214 6544 14281
6544 6466 14281
6214 5878 6216
4424 4806 14283
14285 6892 6894
14285 6894 14287
15272 14288 13898
5178 4808 5111
4808 14291 5111
4806 4426 4808
4808 4426 4428
13897 4428 4426
13901 4428 13897
3244 13900 3219
3022 3219 2987
3244 3219 3022
2776 2987 2727
3022 2987 2776
2727 2433 2435
2727 2435 14290
2776 2727 14290
2435 2433 2173
2173 2433 2171
2173 2171 1891
1891 2171 1889
1891 1889 1603
1603 1889 1601
1603 1601 1329
1329 1601 1327
13899 1329 1327
14289 1329 13899
15272 13896 14286
15268 13896 15272
15272 13898 15268
5178 5111 5475
7553 7477 7145
13945 6260 13943
14343 6258 6260
15274 14704 15384
14701 7244 14703
14701 7242 7244
7244 7242 6890
7244 6890 6794
14285 7244 6794
6466 6890 6542
6794 6890 6466
6466 6542 14281
14284 5540 5542
14280 5540 14284
5540 5172 5542
15384 14286 15274
5542 5172 5174
5174 4798 4802
14279 4802 4798
14283 4802 14279
185 14700 98
14282 14278 14702
14702 14278 98
14278 185 98
14701 7150 7242
6800 7242 7150
6800 6890 7242
6472 6890 6800
6472 6542 6890
5172 4798 5174
6212 6146 14281
14286 14702 15274
4728 4802 14283
5182 5111 14291
2506 14290 2435
2250 2435 2173
2506 2435 2250
1972 2173 1891
2250 2173 1972
1696 1891 1603
1972 1891 1696
1422 1603 1329
1696 1603 1422
1422 1329 14289
14286 15384 15272
14286 14282 14702
14288 15272 15018
15384 14904 15018
15384 14704 14904
14904 14706 15018
14703 7246 14705
14703 7244 7246
14285 7246 7244
14287 7246 14285
14284 5542 5474
5110 5542 5174
5474 5542 5110
4728 5174 4802
5110 5174 4728
15272 15384 15018
14699 6212 14281
6542 14699 14281
6472 14699 6542
5168 14696 4732
4420 4794 4418
4418 4794 14695
4794 4732 14695
14273 4420 4418
14275 4420 14273
97 14698 179
179 15369 15363
179 15363 14694
97 179 14694
15369 14272 15363
15369 14274 14272
4794 5168 4732
14697 5818 5874
5534 5874 14693
5874 5818 14693
5168 5536 5534
5168 5534 14271
5109 5168 14271
4782 4731 14270
4731 14696 14270
14696 5109 14270
14696 5168 5109
4414 4418 4782
4782 4418 4731
4418 14695 4731
5536 5874 5534
5170 5168 4794
5472 5536 14276
5536 5170 14276
5812 6212 5876
6146 6212 5812
5876 14277 5812
5473 5540 14280
5170 5172 5540
5170 5540 5473
14276 5170 5473
5170 4794 5172
5172 4794 4798
4798 4794 4420
4798 4420 4386
14279 4798 4386
4386 4420 14275
185 14698 14700
179 14698 185
179 185 15369
15369 185 15271
185 14278 15271
15369 15271 14274
14699 6152 6212
5876 6212 5874
5874 6212 14697
6212 6152 14697
5876 5874 5536
5876 5536 5472
14277 5876 5472
5536 5168 5170
5550 5475 5182
14269 4418 4414
5182 5475 5111
6220 6147 14293
6222 5886 6224
6224 5886 14714
5886 5819 14714
5554 5819 5886
5554 5479 5819
5186 5479 5554
5186 5115 5479
4820 14713 4729
14713 5115 4729
5115 14297 4729
5115 5186 14297
4820 4729 14301
6468 6550 14302
14300 3246 3248
3246 3024 3248
3248 3024 3026
3024 2778 3026
3026 2778 2780
2778 2508 2780
2780 2508 2510
2508 2252 2510
2510 2252 2254
2252 1974 2254
2254 1974 1976
1976 1974 1700
1700 1974 1606
14296 3246 14300
1974 14710 1606
6550 6224 14302
6550 6468 14711
3026 2780 3028
3028 2780 2782
2780 2510 2782
2782 2510 2512
2510 2254 2512
2512 2254 2256
2254 1976 2256
2256 1976 14718
1976 1893 14718
1700 1702 1976
1976 1702 1893
1702 14717 1893
6550 6222 6224
1700 1426 1702
1426 1150 1428
1428 1150 1152
14299 1152 1150
14305 1152 14299
14304 15030 15036
14298 15030 14304
14716 15030 14712
14716 15036 15030
14715 6796 14303
14715 6802 6796
6468 6796 6802
6468 6802 14711
1702 1426 1428
1426 1700 1424
1424 1700 14709
1700 1606 14709
14290 2506 2729
2506 2250 2508
2508 2250 2252
2250 1972 2252
2252 1972 1974
1972 1696 1974
1974 1696 14710
1696 1605 14710
1422 1424 1696
1696 1424 1605
1424 14709 1605
14289 1424 1422
2506 2778 2729
14295 1424 14289
14708 14294 14706
14706 14294 15018
14294 14900 15018
14705 7246 7151
6896 14707 6795
14707 7151 6795
7151 14287 6795
7151 7246 14287
6548 6795 6467
6896 6795 6548
6220 6467 6147
6548 6467 6220
14288 15018 14900
2506 2508 2778
3024 2989 2778
2778 2989 2729
1150 1426 1424
1150 1424 14295
1063 1150 14295
1150 1063 14299
15030 14298 14901
14708 14712 14294
14294 14712 14901
14712 15030 14901
14707 6896 6801
6548 6550 6896
6896 6550 6801
6550 14711 6801
6548 6220 6550
6550 6220 6222
5886 6222 6220
5886 6220 14293
5813 5886 14293
5550 5554 5886
5550 5886 5813
14292 5550 5813
5550 5182 5554
5554 5182 5186
14291 5186 5182
14297 5186 14291
3246 14296 3221
3024 3221 2989
3246 3221 3024
5550 14292 5475
14273 4418 14269
14268 14692 14694
14268 14694 15363
9928 14246 9839
9839 9495 9499
9839 9499 14664
9928 9839 14664
9499 9495 9163
9499 9163 9234
14663 9499 9234
9234 9163 14245
13954 9658 9494
9162 9658 9326
9494 9658 9162
9162 9326 13953
9234 14245 9167
10393 14358 10212
10016 9838 13952
13954 9838 9658
9838 10016 9658
10016 9498 9658
10016 14356 9498
9166 9658 9498
9166 9326 9658
8830 8826 9166
9166 8826 9326
8826 13953 9326
8826 8830 8492
8826 8492 8490
10212 14357 10393
8490 8492 8158
14245 14665 9167
14663 9234 9167
12949 12571 12951
12951 12571 14668
12571 12645 14668
12201 12203 12571
12571 12203 12645
12203 14667 12645
12203 12201 11809
12203 11809 11892
14673 12203 11892
11892 11809 14251
14666 14672 14248
14248 14672 14250
14245 14247 14665
14665 14247 14671
14247 8827 8904
8904 8827 14249
7149 14670 7209
7209 6799 7149
6851 6799 7209
14669 6799 6851
12573 14668 12645
14667 12573 12645
14666 14248 14246
14666 14246 9928
9843 14666 9928
9843 9928 14664
14671 14247 8904
8490 8158 8156
14355 8156 8158
13951 8156 14355
6144 6262 13947
13946 11970 11808
11400 11398 11808
11400 11808 11970
14348 11400 11970
11398 11400 10986
11398 10986 10984
10986 13948 10984
10986 14350 13948
14349 6470 6594
6262 6594 6260
6260 6594 14347
6464 6594 6144
6594 6470 14347
13947 6262 13945
13946 13944 14346
13946 14346 11810
11970 13946 11810
11810 14348 11970
14345 9646 9497
9314 9497 9646
9314 9165 9497
8976 9165 9314
8976 8829 9165
8829 8976 14344
14343 6260 14347
13945 6262 6260
6144 6594 6262
14349 6594 6464
13949 14349 6464
10602 13950 14354
10600 13950 10602
10600 10602 10210
10210 10602 10393
10602 14358 10393
10210 9842 10016
10210 10016 13952
9842 10210 14357
10210 10393 14357
9842 14356 10016
14355 7828 13951
14355 7830 7828
7478 7828 7830
7478 7830 14353
7640 7478 14353
7148 7146 7478
7148 7478 7640
14352 7148 7640
7146 7148 6798
7146 6798 6792
14351 6792 6798
13949 6792 14351
14350 14354 13948
13948 14354 13950
14353 7480 7640
7480 14352 7640
14351 14349 13949
12951 13321 12949
13323 13321 12951
13323 13695 13321
13697 13695 13323
14685 6197 6145
6145 5811 5866
14685 6145 5866
14687 14685 5866
5866 5811 14263
14976 14262 14899
14568 14485 14260
14485 14686 14260
14686 14899 14260
14686 14976 14899
14485 14568 14684
6521 14259 6465
6197 14261 6145
6465 14261 6197
6151 6521 6197
14683 6521 6151
14685 6151 6197
14260 14258 14682
14260 14682 14484
14568 14260 14484
14484 14684 14568
6517 14259 6521
6517 14257 14259
6517 14683 14681
6521 14683 6517
14680 14682 14256
6521 6465 6197
14903 14976 14686
14688 15350 15269
14688 15269 14262
15270 14268 15363
15270 15363 14272
14691 5534 14693
14691 5532 5534
14267 5534 5532
14271 5534 14267
4782 14270 4727
4414 4727 4385
4782 4727 4414
4414 4385 14269
14690 14692 14266
14266 14692 14268
14689 14265 14691
14691 14265 5532
14265 5471 5532
5532 5471 14267
14690 14266 14264
14690 14264 15350
15273 14690 15350
15273 15350 14688
14687 5866 5817
14263 14265 14689
14263 14689 5817
5866 14263 5817
15350 14264 15269
14976 14903 14262
14903 14688 14262
14256 14682 14258
13943 6260 6258
14679 11090 10987
10601 10987 14255
14671 8910 14677
14671 8904 8910
8574 8910 8904
8574 8904 14249
8491 8574 14249
8234 8491 8157
8574 8491 8234
8157 7829 7831
8157 7831 14676
8234 8157 14676
7831 7829 7481
7481 7829 7479
14678 10306 10211
7479 7147 7481
7147 7209 14670
7209 6793 6851
7209 7147 6793
6793 14253 6513
6851 6793 6513
6471 6851 6513
14669 6851 6471
14675 6471 6513
14071 14674 14252
14073 14674 14071
14073 14071 13697
13697 14071 13695
7481 7147 14670
14250 14678 10211
14672 14678 14250
10306 14254 10211
10987 11090 14255
10603 10601 10213
10213 10601 10306
10601 14254 10306
10213 10306 14678
14677 8910 8831
8574 8831 8910
8574 8493 8831
8234 8493 8574
8234 8159 8493
8159 8234 14676
6513 14257 6517
6513 14253 14257
6513 14681 14675
6517 14681 6513
14479 14680 14256
14483 14680 14479
14479 14674 14483
14479 14252 14674
14673 11892 11811
11401 11811 11399
11399 11811 14251
11811 11892 14251
11401 11399 10985
11401 10985 11090
14679 11401 11090
11090 10985 14255
10603 10987 10601
6855 7215 6859
6859 7215 13871
7215 7145 13871
10599 13868 10597
10597 13864 10599
10597 13482 13864
13481 7827 13863
13481 7825 7827
13487 7827 7825
13867 7827 13487
14067 13866 13486
14069 13866 14067
13693 14069 14067
13693 14067 13485
13781 13693 13485
10597 13868 13488
13781 13319 13693
12945 12947 13319
12945 13319 13401
13484 12945 13401
12569 12947 12945
12569 12945 13483
12651 12569 13483
12651 12199 12569
12283 12199 12651
12283 11807 12199
11891 11807 12283
13865 11807 11891
13862 13864 13480
13401 13319 13781
13480 13864 13482
13869 11397 11501
11397 11891 11501
10981 10983 11395
11395 10983 11501
10983 13869 11501
10981 13868 10983
10981 13488 13868
13487 7477 13867
13487 7475 7477
7145 7477 7475
7145 7475 13491
7221 7145 13491
13871 7145 7221
14477 13870 14559
13865 11891 11397
13486 13866 13490
13866 14477 14559
13781 13485 13691
13781 13317 13401
13781 13691 13317
13401 13317 13484
12651 13483 12567
12651 12197 12283
12651 12567 12197
12283 11805 11891
12283 12197 11805
11805 13489 11501
11891 11805 11501
13490 13866 14559
13861 8898 8823
8560 8823 8898
8560 8489 8823
10391 13574 10208
10208 10013 10391
9836 10013 10208
13576 9655 9490
9836 13576 9490
13202 9836 9490
10013 9836 13202
9490 9323 9156
9490 9655 9323
9156 8985 8820
9156 9323 8985
8820 8649 8486
8649 8488 13575
8820 8985 8649
8154 8486 13575
8486 8649 13575
8152 8154 7826
8152 7826 7824
7824 7826 7476
7824 7476 7474
13573 7474 7476
13201 7474 13573
10775 13572 10598
10391 10389 10775
10391 10775 10598
13574 10391 10598
8152 8486 8154
8488 8649 8822
8822 8649 8985
8822 8985 9158
8155 8489 8153
8153 8489 13479
8489 8560 13479
13481 8155 8153
13863 8155 13481
10207 13862 13480
10209 13862 10207
10209 10207 9837
9837 10207 9926
10207 13478 9926
9493 9837 9491
9491 9837 13477
9837 9926 13477
9493 9491 9159
9159 9491 9157
9159 9157 8821
9159 8821 8898
13861 9159 8898
8560 8821 8487
8898 8821 8560
8560 8487 13479
9926 13478 9835
9926 9835 13477
9655 13576 9492
9492 9323 9655
9158 9323 9492
9158 8985 9323
11501 13489 11395
10391 10013 10389
14563 13492 13490
14559 13870 14563
1412 1325 13886
1142 1144 1412
1412 1144 1325
1144 13885 1325
13503 1144 1142
13507 1144 13503
14991 13882 13884
14987 13882 14991
14991 13502 14987
14991 13506 13502
13881 3874 13883
13881 3870 3874
1686 1412 13886
13501 3874 3870
1684 13504 1599
1412 1599 1321
1684 1599 1412
1142 1321 1057
1412 1321 1142
1142 1057 13503
15355 13880 15266
13882 14987 14888
15266 13882 14888
13500 15266 14888
15355 15266 13500
14888 14987 13502
13505 3874 13501
13879 5162 5105
1684 1412 1686
1684 1962 1887
2169 2242 13509
1962 1964 2242
1962 2242 2169
13508 1962 2169
1962 1686 1964
1964 1686 1688
13890 1686 13886
13890 1688 1686
13885 1146 13889
13885 1144 1146
13507 1146 1144
13513 1146 13507
13504 1684 1887
13884 13888 13512
14991 13884 14889
14991 14889 13506
13887 4106 4132
3874 3850 13511
13883 3874 13511
4132 13883 13511
4106 13883 4132
3850 3874 13505
2496 13510 2429
2496 2429 13509
1962 13508 1887
1684 1686 1962
13884 13512 14889
4772 5105 5162
4772 4725 5105
4406 4725 4772
13495 6141 6143
6143 6141 5809
5809 6141 5807
13497 5809 5807
13877 5809 13497
13874 13876 13496
13874 13496 14475
14567 13874 14475
14567 14475 13494
6863 13493 6787
6459 6461 6787
6787 6461 6863
13495 6143 13875
6461 13873 6863
13875 6461 13495
14567 13872 13874
14563 13872 14567
14567 13492 14563
14567 13494 13492
7221 13491 7143
7143 13493 6863
7221 7143 6863
6789 7221 6863
13871 7221 6789
13873 6789 6863
14563 13870 13872
13495 6461 6459
14887 13496 13876
14887 13876 14895
14895 13878 14887
4406 4383 4725
4120 4383 4406
4120 4105 4383
3866 3870 4120
4120 3870 4105
3870 13881 4105
13499 3870 3866
13501 3870 13499
15265 13880 15355
13498 13878 13500
13500 13878 15355
13878 15265 15355
13497 5469 13877
13497 5465 5469
5469 5465 5101
5469 5101 5162
13879 5469 5162
4772 5101 4723
5162 5101 4772
4406 4723 4381
4772 4723 4406
4120 4381 4101
4406 4381 4120
3866 4101 3849
4120 4101 3866
3866 3849 13499
14887 13878 13498
14563 13490 14559
10389 10013 13200
10013 9834 13200
9834 10013 13202
4382 4100 13172
4451 4382 13172
4100 4104 3852
4100 3852 3848
3852 13176 3848
3852 13550 13176
13549 3428 3464
3218 3464 3428
3218 3256 3464
3032 2984 13175
13547 3032 13175
3256 13547 13175
4382 4104 4100
3218 13547 3256
2984 3032 2724
2724 2786 13171
14885 13548 13174
14891 13548 14885
14885 13546 14891
14885 13170 13546
13173 4451 4380
4380 4451 13172
13547 2986 3032
2726 3032 2986
2726 2786 3032
2432 2428 2726
2724 3032 2786
2726 2428 2786
13173 4722 4451
4722 4724 4382
14892 13178 13552
14886 13178 14892
14892 13182 14886
14892 13554 13182
13553 5466 5572
5206 5098 13181
13551 5206 13181
5572 13551 13181
5466 13551 5572
5098 5206 13177
13180 13176 13550
13180 13550 3636
4722 4382 4451
3676 13180 3636
3464 3676 13549
3676 3636 13549
3464 3256 3466
3466 3256 3258
13175 3258 3256
13179 3258 13175
13548 13552 13174
13174 13552 13178
13551 5102 5206
4724 4722 5102
5102 4722 5206
4722 13177 5206
3466 3676 3464
2428 13171 2786
2428 2432 2170
2428 2170 2168
3635 3664 13538
887 13165 889
887 13163 13165
887 13541 13537
889 13541 887
13162 15392 15262
15392 13536 15262
14884 15262 15029
15262 13536 15029
13536 13540 15029
14884 15029 13164
13535 4142 4103
3664 3635 3851
3888 3890 4142
3890 13539 4103
3888 3662 3890
3890 3662 3664
13538 3662 13534
13538 3664 3662
13161 1059 13533
13161 1055 1059
799 1059 1055
799 1055 13163
887 799 13163
13537 799 887
13160 198 94
4142 3890 4103
3664 3851 3890
13539 3890 3851
15035 13166 13164
2168 2170 1888
2168 1888 1886
1886 1888 1600
1886 1600 1703
13169 1886 1703
1703 1600 13545
13544 13546 13168
13168 13546 13170
13169 1703 1598
1320 1598 1324
1324 1598 13545
1598 1703 13545
1320 1324 1060
1320 1060 1056
13543 1056 1060
13167 1056 13543
15035 13542 14890
13168 13166 13544
13544 13166 14890
13166 15035 14890
13167 13543 13165
13165 13543 889
13543 800 889
889 800 13541
15035 13540 13542
15029 13540 15035
15035 13164 15029
3216 3258 13179
3426 3466 3216
3216 3466 3258
3634 3676 3426
13568 11806 12360
11804 11806 11396
11804 11396 11394
11394 11396 10980
10980 11396 11173
11396 13570 11173
10980 11173 13198
13569 5468 5594
13567 13195 13197
13567 13197 5594
5468 13567 5594
13194 13108 12944
11806 12196 12360
12566 13108 12734
13196 12566 12360
12566 12734 12360
12734 12198 12360
12734 13566 12198
12198 13568 12360
13567 13565 13193
13567 13193 13195
13192 14242 14066
13690 14242 13858
14066 14242 13690
13318 13316 13690
13318 13690 13858
12944 13108 12566
11806 11804 12196
13196 12360 12196
5464 5594 13197
13573 7142 13201
13573 7144 7142
7142 7144 6788
7142 6788 6786
6786 6788 6460
6786 6460 6593
13199 6786 6593
6460 6261 6593
6142 6261 6460
6261 6142 13571
11173 13570 10982
13572 10775 10596
10982 13572 10596
13198 10982 10596
11173 10982 13198
10596 10389 10206
10596 10775 10389
10206 10389 13200
13199 6593 6458
6458 6261 6140
6458 6593 6261
5806 6140 5808
5808 6140 13571
6140 6261 13571
5464 5806 5808
5464 5808 13569
5594 5464 13569
13564 13318 13858
2242 2496 13509
13318 12946 13316
12946 13108 13194
15069 14894 13186
14474 14659 13188
13557 5224 13559
13557 5218 5224
13185 5224 5218
13187 5224 13185
14893 13558 15069
14473 14649 13186
14649 13556 13186
13556 15069 13186
13556 14893 15069
14649 14473 13184
13186 14894 14474
13555 13183 13557
13183 5099 5218
5218 5099 13185
13182 13554 13556
13182 13556 14649
14472 13182 14649
14472 14649 13184
13553 5572 5467
13181 13183 13555
13181 13555 5467
5572 13181 5467
13180 3676 3634
3426 3676 3466
13557 13183 5218
14894 13560 14474
13560 14659 14474
15069 13558 14894
12568 13108 12946
12568 12734 13108
12568 13566 12734
13565 13563 13193
13193 13563 5100
13563 5232 5100
5100 5232 13191
14661 13562 14476
14476 13190 14661
13192 13190 14242
13190 14476 14242
14476 14068 14242
13692 14242 14068
13692 13858 14242
13692 13564 13858
13563 5104 5232
13561 13189 13191
13561 13191 5232
5104 13561 5232
14661 13560 13562
14659 13560 14661
14661 13188 14659
14661 13190 13188
13559 5224 5103
13187 13189 13561
13187 13561 5103
5224 13187 5103
13316 12946 13194
2242 2498 2496
13510 2496 13514
13514 2496 2498
5924 5920 5590
5924 5590 5468
13569 5924 5468
5468 5590 13567
12200 13566 13942
12198 13566 12200
12200 13568 12198
12200 13944 13568
13941 9310 9161
8974 9161 9310
8974 8825 9161
8825 8974 13940
13943 5920 5924
13939 5920 13943
5914 5588 5920
5920 5588 5590
13565 5590 5588
13567 5590 13565
14243 13938 14070
14243 14070 13937
13320 13564 13936
13318 13564 13320
13318 13320 12948
13318 12948 12946
12946 12948 12570
12946 12570 12568
13939 5914 5920
12570 13566 12568
13943 5924 13945
11806 11969 11575
13573 7297 7144
7144 6947 6788
7144 7297 6947
6460 6788 6464
6464 6788 13949
6788 6947 13949
6460 6464 6144
6460 6144 6142
13947 6142 6144
13571 6142 13947
11969 13946 11808
11808 11575 11969
11396 11575 13570
11398 11575 11808
11398 10982 13570
11575 11398 13570
10984 13572 10982
10984 13948 13572
13947 13945 13571
13571 13945 5808
13945 5924 5808
5808 5924 13569
13568 13944 13946
13568 13946 11969
11806 13568 11969
11806 11575 11396
11398 10984 10982
12570 13942 13566
13941 9160 9310
8824 9310 9160
13558 13932 15071
14894 13558 15071
14894 15071 13560
13931 13929 13557
13931 13557 13559
14893 13930 13558
14897 13930 14893
14893 13928 14897
14893 13556 13928
13929 13927 13555
13929 13555 13557
13926 13928 13554
13558 13930 13932
13554 13928 13556
13555 13927 13925
13555 13925 5573
5467 13555 5573
13552 15064 14892
13926 13554 13924
13924 13554 15064
13554 14892 15064
13553 5573 5466
13925 13923 13551
13925 13551 5466
5573 13925 5466
13550 3674 3636
5573 13553 5467
13933 5107 13561
13561 5107 5103
13559 5103 5107
8824 8974 9310
8824 13940 8974
13939 5810 5914
5470 5914 5810
5470 5588 5914
13935 13563 13565
13935 13565 5588
5470 13935 5588
14478 13562 13934
14476 13562 14478
14476 14478 14068
14068 14478 14243
14478 13938 14243
13692 14068 13694
13694 14068 13937
14068 14243 13937
13694 13564 13692
13694 13936 13564
13935 5104 13563
13935 5108 5104
13933 5104 5108
13561 5104 13933
15071 13932 14898
13562 13560 13934
13934 13560 14898
13560 15071 14898
13559 5107 13931
10598 10777 13574
10598 13572 10777
13572 13950 10777
13572 13948 13950
14253 6793 6855
14069 14252 13866
14071 14252 14069
14071 14069 13695
13695 14069 13693
13695 13693 13321
13321 13693 13319
13321 13319 12949
12949 13319 12947
12949 12947 12571
12571 12947 12569
12571 12569 12201
6855 6793 7215
12201 12569 12199
11809 12199 11807
13865 11809 11807
14251 11809 13865
13864 10300 10302
13862 10300 13864
14250 10300 14248
14250 10302 10300
13861 8827 14247
13861 8823 8827
8827 8823 8489
8827 8489 8568
14249 8827 8568
12201 12199 11809
7215 6793 7147
7215 7147 7553
7553 7147 7479
6855 14257 14253
6859 14257 6855
14477 14256 13870
14479 14256 14477
14477 14252 14479
14477 13866 14252
13865 11399 14251
13865 11397 11399
10985 11399 11397
10985 11397 13869
11089 10985 13869
10985 11089 14255
13868 10599 10696
10302 10211 13864
10211 14254 13864
14254 10599 13864
14254 10696 10599
10211 10302 14250
14249 8568 8491
8230 8491 8568
8230 8157 8491
7829 8157 7827
7827 8157 13863
8157 8230 13863
7479 7829 7827
7479 7827 13867
7553 7479 13867
8230 8489 8155
3636 3674 13549
8568 8489 8230
10300 13862 10209
8822 8826 8490
8822 8490 8488
8488 8490 8156
8488 8156 8307
13575 8488 8307
8307 8156 13951
10777 13950 10600
10600 10210 10208
10600 10208 13574
10777 10600 13574
10208 10210 9836
9836 10210 10015
9158 9325 13953
10210 13952 10015
13575 8307 8154
7826 8154 7828
7828 8154 13951
8154 8307 13951
7826 7828 7478
7826 7478 7476
7476 7478 7146
7476 7146 7297
13573 7476 7297
7146 6947 7297
6792 6947 7146
6947 6792 13949
9836 10015 13576
8826 9158 13953
8822 9158 8826
9492 9657 9325
10209 14248 10300
14246 14248 9927
14248 10209 9927
10209 9837 9927
9927 9493 9569
9927 9837 9493
9569 9159 9233
9569 9493 9159
13861 14247 14245
13861 14245 9233
9159 13861 9233
9839 14246 9927
9927 9495 9839
9569 9495 9927
9569 9163 9495
9233 9163 9569
14245 9163 9233
9657 13954 9494
9494 9325 9657
9162 9325 9494
9325 9162 13953
10015 13952 9838
13954 9657 9492
9838 13954 9492
13576 9838 9492
10015 9838 13576
9492 9325 9158
8230 8155 13863
3250 3026 3028
13552 13548 13922
15064 13552 14896
96 468 194
382 468 96
13532 96 15388
96 194 15388
194 15268 15388
194 13896 15268
15268 13898 15388
13897 13895 13525
13897 13525 13531
13530 3448 3450
13524 3448 13530
3448 3240 3450
13526 468 382
3450 3240 3242
3020 3240 13523
2985 3020 13523
3020 2985 13529
2504 13528 2431
2246 2248 2504
2246 2504 2431
13522 2246 2431
2246 1968 2248
2248 1968 1970
1968 1692 1970
1970 1692 1694
13521 1694 1692
3020 3242 3240
13527 1694 13521
13899 1327 13533
1601 1694 13527
13902 13536 13898
13898 13536 15388
13536 15264 15388
13901 13897 13531
13901 13531 13535
13534 3450 3452
13530 3450 13534
3450 3242 3452
3452 3242 13900
3242 3219 13900
3020 3219 3242
3020 2987 3219
13533 1327 1323
2727 2987 2725
2987 3020 13529
2727 2725 2433
2433 2725 2504
2725 13528 2504
2248 2433 2504
2248 2171 2433
1970 2171 2248
1970 1889 2171
1694 1889 1970
1694 1601 1889
1327 1601 1323
1323 1601 13527
2725 2987 13529
13526 462 468
13520 462 13526
462 188 468
13515 4136 4134
13519 4136 13515
13518 2498 2500
13514 2498 13518
2498 2242 2500
2500 2242 2244
2242 1964 2244
2244 1964 1966
1964 1688 1966
1966 1688 1690
1690 1688 1418
1418 1688 1326
13891 4134 4136
1688 13890 1326
13889 1146 13517
1418 13889 13517
1326 13889 1418
1058 1146 13513
15263 13892 13516
15267 13892 15263
15263 13888 15267
15263 13512 13888
13887 4134 13891
13887 4132 4134
13511 4134 4132
13515 4134 13511
1146 1058 13517
13891 4136 13893
13894 188 95
13516 13894 95
468 188 194
13896 188 13894
13896 194 188
13895 13893 13525
13525 13893 4102
13893 4136 4102
4102 4136 13519
3448 13524 3427
3240 3427 3217
3448 3427 3240
3240 3217 13523
13518 2500 2430
2500 2244 2246
2500 2246 13522
2430 2500 13522
2244 1966 2246
2246 1966 1968
1966 1690 1968
1968 1690 1692
1692 1690 1418
1692 1418 1322
13521 1692 1322
1322 1418 13517
462 13520 381
188 381 95
462 381 188
13892 13894 13516
13532 15388 15264
888 799 13537
13903 1061 888
1061 799 888
3854 3898 4156
3638 3898 3854
3638 3672 3898
3638 13920 3672
13919 3220 3254
2988 2986 3220
3220 2986 3254
2986 13547 3254
2986 2988 2728
2986 2728 2726
2726 2728 2434
2726 2434 2432
3854 4156 4108
2432 2434 2172
2170 2172 1890
2170 1890 1888
1600 1888 1890
1600 1890 13917
1704 1600 13917
1600 1704 13545
15053 13916 13918
15045 13916 15053
15053 13544 15045
15053 13546 13544
13915 6904 6791
6556 6791 6904
2432 2172 2170
4108 4156 4452
4108 4452 4384
13921 4384 4452
14896 13924 15064
13923 5102 13551
13923 5106 5102
5102 5106 4726
5102 4726 4724
4382 4724 4726
4382 4726 13921
4452 4382 13921
4104 4452 4156
4382 4452 4104
3852 4156 3898
4104 4156 3852
3898 3672 3674
3898 3674 13550
3852 3898 13550
3430 3672 13920
3430 3428 13549
3672 3430 13549
3674 3672 13549
3218 3428 3430
3218 3430 13919
3254 3218 13919
3218 3254 13547
13918 13922 13548
13918 13548 14891
15053 13918 14891
15053 14891 13546
6556 6463 6791
13552 13922 14896
6463 6556 13914
1328 1324 1602
13909 13539 3892
13539 3851 3892
3666 3851 3635
3892 3851 3666
3454 3429 13538
3429 13908 13538
13908 3635 13538
13908 3666 3635
3429 3454 13904
13903 888 801
13537 13541 13907
13537 13907 801
13905 13539 13909
888 13537 801
13536 13906 13540
13535 4107 13901
13535 4103 4107
13539 4107 4103
13905 4107 13539
13538 3452 3454
13534 3452 13538
13904 3452 13900
13904 3454 3452
13533 1061 13899
13533 1059 1061
1061 1059 799
13902 13906 13536
6462 13910 6552
6462 6552 6900
6462 6900 6790
1602 1324 1704
1324 13545 1704
1324 1328 1062
1324 1062 1060
13913 1060 1062
13543 1060 13913
13542 13912 13916
13542 13916 15045
14890 13542 15045
14890 15045 13544
13911 6904 13915
13911 6900 6904
6900 6552 6904
6904 6552 6556
13914 6552 13910
13914 6556 6552
13909 3892 3853
3666 3853 3892
3666 3637 3853
3637 3666 13908
13913 800 13543
13913 802 800
13907 800 802
13541 800 13907
13906 13912 13540
13540 13912 13542
13911 6790 6900
13917 1602 1704
3248 3026 3250
14300 3248 3431
3248 3458 3431
15446 15116 15444
15444 15116 13818
15116 13700 13818
15113 6485 15443
15113 6477 6485
15115 6485 6477
15445 6485 15115
15112 14206 14078
15114 14078 13818
14078 14206 13818
14206 13704 13818
14206 15442 13704
15114 13818 13700
13704 15444 13818
7491 7841 7487
7487 7841 15111
7841 7938 15111
7491 7487 7159
7159 7487 7155
7159 7155 6811
6811 7155 6807
15113 6811 6807
15443 6811 15113
15112 15110 15440
15112 15440 14084
14206 15112 14084
15441 7938 7841
14084 15442 14206
15447 15115 15117
15448 13828 13701
14493 15454 14489
14493 14489 14085
14085 14489 14220
14489 15122 14220
14085 14220 15452
15453 6486 6568
15451 15121 15123
15451 15123 6568
6486 15451 6568
14220 15122 14079
13836 13705 15120
13705 15452 15120
15447 15445 15115
15452 14079 15120
13705 13836 15450
15451 15449 15119
15451 15119 15121
15120 13828 13836
15118 13828 15120
15450 13828 15448
15450 13836 13828
15449 15447 15117
15449 15117 15119
13828 15118 13701
15446 15448 15116
15116 15448 13701
15452 14220 14079
15439 15109 15441
15441 15109 7938
15109 7837 7938
15432 15434 15100
15100 15434 15104
15433 7154 15103
15433 7158 7154
6806 7154 7158
6806 7158 15431
6886 6806 15431
6886 6538 6540
6886 6540 15102
6806 6886 15102
6540 6538 6210
6540 6210 6158
6476 6540 15101
15101 6540 6158
99 15432 15100
101 15432 99
99 15430 101
99 15098 15430
15431 6810 6886
6484 6886 6810
6484 6538 6886
6210 6538 6208
6208 6538 15429
6538 6484 15429
15097 6210 6208
15099 6210 15097
6158 6210 15099
15102 6540 6476
7583 15435 7486
15435 15103 7486
7938 7837 15111
14492 15108 15438
14488 15108 14492
14492 15110 14488
14492 15440 15110
15439 15437 15109
15109 15437 7836
15437 7930 7836
7836 7930 15107
102 15106 15436
100 15106 102
100 102 15278
100 15278 15276
15276 15278 14910
15276 14910 14908
14910 15108 14908
14910 15438 15108
15437 7840 7930
15107 7930 7840
7840 7490 7583
15107 7840 7583
15105 15107 7583
7583 7490 15435
15434 15436 15104
15104 15436 15106
15105 7583 7486
15435 15433 15103
14489 15454 15124
15275 15430 15098
15125 6570 15123
15453 6568 6570
11816 12206 15471
12206 12351 15471
11814 11816 11406
11814 11406 11404
11406 15140 11404
11406 15470 15140
15469 10606 15139
15469 10610 10606
10606 10610 10220
10606 10220 10218
10218 10220 9852
10218 9852 9850
11814 12206 11816
9850 9852 9506
9504 9506 9174
9504 9174 9172
9174 8838 9172
9172 8838 15138
8838 8964 15138
8838 15468 8964
15463 8288 15467
15463 8284 8288
8284 7958 8288
8288 7958 7962
7958 7616 7962
7962 7616 7618
9850 9506 9504
15133 7618 7616
15141 12351 12206
15464 15472 15134
15475 12208 12351
12351 12208 15471
10992 15140 15470
10990 15140 10992
15469 10990 10992
15139 10990 15469
15138 8964 8836
15146 8836 8634
8836 8964 8634
8964 8500 8634
8964 15468 8500
8292 8634 8288
15134 15472 15142
8288 8634 15467
8288 7962 8292
8292 7962 7966
7962 7618 7966
7966 7618 7622
15137 7622 7618
15145 7622 15137
15466 15474 15136
15136 15474 15144
15473 15465 15143
15143 15465 4736
15465 4852 4736
4736 4852 15135
8634 8500 15467
15137 7618 15133
6479 15466 15136
6487 15466 6479
7842 8280 8166
7842 7956 8280
7492 7956 7842
7492 7614 7956
7160 7156 7492
7492 7156 7614
7156 15129 7614
7156 7160 6812
7156 6812 6808
6478 6808 6812
6478 6812 15455
6570 6478 15455
15459 8166 8280
6570 15125 6478
6159 5825 5827
6159 5827 15458
6242 6159 15458
5827 5825 5485
5485 5825 5483
15127 5485 5483
15457 5485 15127
15124 15454 15456
15124 15456 14645
14490 15124 14645
14490 14645 15126
15453 6570 15455
6159 6242 15128
14651 15130 15126
14651 15126 14645
14645 15456 14651
6479 15462 6487
6479 15132 15462
15461 15131 15465
15465 15131 4852
15131 4735 4852
4852 4735 15135
14651 15460 14494
15134 15130 15464
15464 15130 14494
15130 14651 14494
15459 8284 15463
15459 8280 8284
8280 7956 8284
8284 7956 7958
7956 7614 7958
7958 7614 7616
15129 7616 7614
15133 7616 15129
15462 15132 15128
15462 15128 6242
6163 15462 6242
6163 6242 15458
15127 5121 15457
15127 5119 5121
15131 5121 5119
15461 5121 15131
14651 15456 15460
15123 6570 6568
15277 15430 15275
15275 15428 15277
15275 15096 15428
7210 7153 6852
6510 6805 6475
6852 6805 6510
6510 6475 15073
14776 9656 9502
9170 9656 9324
9502 9656 9170
9170 9324 14775
14774 8650 8496
8162 8650 8308
8496 8650 8162
8162 8308 14773
6852 7153 6805
14772 10392 10216
10216 10392 9848
10014 9652 9656
10014 9656 14776
9848 10014 14776
9652 9320 9656
9656 9320 9324
9324 9320 8982
9324 8982 8834
14775 9324 8834
8982 8646 8650
8982 8650 14774
8834 8982 14774
9848 10392 10014
8646 8304 8650
7210 15074 7153
15075 9173 9171
7906 7835 7554
7210 7157 15074
7157 15406 15074
15406 7485 15074
15406 7554 7485
6852 7157 7210
6852 6809 7157
6510 6809 6852
6510 6481 6809
15073 15079 15405
15073 15405 6481
6510 15073 6481
15403 9173 15075
13782 15078 13699
13782 13699 13402
13032 13325 12953
13402 13325 13032
12652 12953 12575
13032 12953 12652
12284 12575 12205
12652 12575 12284
12284 12205 15077
9578 15076 9503
9503 9171 9173
9503 9173 15404
9578 9503 15404
13402 13699 13325
8650 8304 8308
14771 8308 8304
14773 8308 14771
10012 10388 14765
9847 10012 14765
9650 9847 9501
10012 9847 9650
9318 9501 9169
9650 9501 9318
9318 9169 14769
14768 8300 8302
14764 8300 14768
8300 7976 8302
8302 7976 7978
7978 7976 7636
10012 10390 10388
7978 7636 7484
7484 7636 14763
14762 11574 11402
11574 11172 11174
11574 11174 14766
11402 11574 14766
15158 11172 15156
15158 11174 11172
15155 10388 15157
15155 10386 10388
10388 10386 10008
10388 10008 9846
14765 10388 9846
14767 7978 7484
10776 10608 15157
10388 10776 15157
10390 10776 10388
14770 10776 10604
10776 10390 10392
10776 10392 14772
10604 10776 14772
10390 10012 10392
10392 10012 10014
10012 9650 10014
10014 9650 9652
9650 9318 9652
9652 9318 9320
8982 9320 9318
8982 9318 14769
8833 8982 14769
8646 8833 8495
8982 8833 8646
8302 8304 8646
8302 8646 8495
14768 8302 8495
8304 8302 7978
8304 7978 7834
14771 8304 7834
7834 7978 14767
14766 11174 10988
14770 10988 10776
10988 11174 10776
11174 10608 10776
11174 15158 10608
7554 7835 7485
7906 15080 7835
15407 8837 8911
15081 8911 8837
6204 6157 15093
14077 15424 15092
14083 15424 14077
14077 15422 14083
14077 15090 15422
15421 6526 15423
15421 6524 6526
15089 6526 6524
15091 6526 15089
15420 15422 15088
15088 15422 15090
15421 6482 6524
6157 6204 15091
15419 15087 15089
6482 15419 6524
14082 15086 15418
14076 15086 14082
14082 15088 14076
14082 15420 15088
15417 10312 10219
10219 10312 15416
15415 8236 8165
8165 8236 15414
15419 15413 15085
15419 15085 15087
15418 15086 15084
15419 15089 6524
6204 6526 15091
6204 6530 6526
15423 6526 6530
15429 6162 6208
5870 5824 15097
15427 5870 15097
6208 15427 15097
6162 15427 6208
5824 5870 15095
15428 15096 15094
15428 15094 14984
14909 15428 14984
14580 14909 14984
14580 14491 14909
14491 14580 15426
15425 6530 6483
6204 6483 6530
6204 6161 6483
5870 15427 5823
15427 6161 5823
6161 15093 5823
6161 6204 15093
5870 5823 15095
14984 15094 14907
14580 14907 14487
14984 14907 14580
15424 15426 15092
15092 15426 14487
15426 14580 14487
15423 6530 15425
15418 15084 14166
15141 15475 12351
14081 15418 14166
15411 12658 12577
13703 15412 15078
15412 14075 15078
15412 14166 14075
13402 13703 13782
13402 13327 13703
13032 13327 13402
13032 12955 13327
12652 12658 13032
13032 12658 12955
12658 15411 12955
12652 12284 12658
12658 12284 15410
13782 13703 15078
12284 12207 15410
11813 12207 15077
12207 12284 15077
11815 11813 11405
11405 11813 11403
15083 11405 11403
15409 11405 15083
15408 15082 15076
15408 15076 9578
9505 15408 9578
9505 9578 15404
15075 15081 15403
15403 15081 8837
11815 12207 11813
14166 15084 14075
15413 15079 15085
15413 15405 15079
12577 12658 15410
15083 10991 15409
15083 10989 10991
10991 10989 10609
10609 10989 10605
10609 10605 10217
10609 10217 10312
15417 10609 10312
10217 9849 9851
10217 9851 15416
10312 10217 15416
9849 15408 9851
9849 15082 15408
8911 15081 8835
8497 8499 8835
8835 8499 8911
8499 15407 8911
8499 8497 8163
8499 8163 8236
15415 8499 8236
7906 7839 15080
7839 15414 15080
15414 8163 15080
15414 8236 8163
7554 7839 7906
7554 7489 7839
7489 7554 15406
14081 14166 15412
15147 15475 15141
14086 15476 15148
14086 15148 14080
14493 258 15454
14497 258 14493
14497 14493 14089
14089 14493 14085
14085 256 14089
14085 15452 256
257 6486 15453
257 6490 6486
255 6486 6490
15451 6486 255
254 256 15452
254 15452 13705
259 15453 15455
13837 254 13705
255 253 15449
255 15449 15451
13837 252 254
13829 252 13837
13837 15448 13829
13837 15450 15448
253 251 15447
253 15447 15449
13709 252 13829
15446 250 15448
15448 250 13829
250 13709 13829
13837 13705 15450
249 6554 6489
259 257 15453
7496 7612 7954
263 8502 8622
8276 8166 15459
261 8276 15459
8622 261 15459
8502 261 8622
7842 8276 7954
8166 8276 7842
7492 7954 7612
7842 7954 7492
7164 7160 7492
7164 7492 7612
260 7164 7612
7496 260 7612
7160 7164 6818
259 6812 6818
15455 6812 259
5904 15458 5827
5576 5827 5485
5904 5827 5576
5576 5485 15457
258 262 15454
15454 262 15456
261 8168 8276
7846 8276 8168
7846 7954 8276
7496 7954 7846
7160 6818 6812
15445 15447 251
15445 251 6489
6554 15445 6489
14492 15438 14496
14496 15440 14492
14496 244 15440
15439 243 15437
15437 243 7931
243 7844 7931
7931 7844 241
15436 190 102
15280 15278 102
15280 102 190
240 15280 190
15278 15280 14912
14496 15438 242
15278 14912 14910
14912 242 15438
15437 7931 7840
7490 7840 7494
7494 7840 241
7840 7931 241
239 7490 7494
15435 7490 239
15436 186 190
15434 186 15436
240 186 238
240 190 186
239 237 15433
14912 15438 14910
245 7845 7939
15441 7939 7845
243 15441 7845
13819 248 13708
15446 15444 250
250 15444 13708
15444 13819 13708
247 15443 249
249 15443 6554
15443 6485 6554
6554 6485 15445
15442 246 248
15442 248 13819
13704 15442 13819
13704 13819 15444
7939 15441 7841
7491 7495 7841
7841 7495 7939
7495 245 7939
7495 7491 7163
7163 7491 7159
7163 7159 6817
6817 7159 6811
15443 6817 6811
247 6817 15443
14088 15440 244
14084 15440 14088
14088 15442 14084
14088 246 15442
15439 15441 243
15456 264 15460
262 264 15456
5220 5121 15461
5487 5576 15457
14086 13710 15476
13710 13856 15476
13330 13856 13710
13330 13466 13856
13330 280 13466
279 12208 15475
279 12210 12208
275 12208 12210
15471 12208 275
11559 274 11408
11408 273 11559
11154 10992 15470
14090 13710 14086
10992 11154 15469
9854 9631 9991
9508 9631 9854
9631 9508 271
15468 8630 8500
8500 8630 15467
15474 6578 6580
15466 6578 15474
278 6578 270
278 6580 6578
277 269 15465
277 15465 15473
268 276 15464
9991 272 9854
14086 15472 14090
14090 15472 276
281 15473 15477
6166 15478 282
6164 15478 6166
6164 6166 5828
5828 6166 5917
6166 284 5917
5486 5828 5488
5488 5828 283
5828 5917 283
5486 5488 5124
5486 5124 5122
281 5122 5124
15477 5122 281
15476 13856 13706
13328 13856 13466
13706 13856 13328
12958 12956 13328
12958 13328 13466
280 12958 13466
12956 12958 12580
12956 12580 12578
279 12578 12580
15475 12578 279
15474 6580 6488
282 15478 278
278 15478 6580
15478 6488 6580
281 277 15473
15464 276 15472
239 15433 15435
275 11816 15471
11816 11818 11406
270 6578 6487
6165 6244 266
265 5220 5123
15461 15465 269
15461 269 5123
5220 15461 5123
14498 15460 264
14494 15460 14498
14498 15464 14494
14498 268 15464
267 8840 8960
8626 8960 8622
270 6487 15462
8622 8960 263
15459 8626 8622
15463 8626 15459
6244 15462 6163
5904 5829 15458
5829 266 15458
266 6163 15458
266 6244 6163
5576 5829 5904
5576 5487 5829
5220 265 5121
265 5487 5121
5487 15457 5121
8960 8840 263
6165 270 15462
6244 6165 15462
6578 15466 6487
11406 11818 11559
11818 274 11559
11406 10994 11154
11406 11154 15470
10994 11406 273
11406 11559 273
10612 10610 10994
10994 10610 11154
10610 15469 11154
10610 10612 10222
10610 10222 10220
10220 10222 9852
9852 10222 9991
10222 272 9991
9852 9631 9506
9852 9991 9631
9174 9506 9176
9176 9506 271
9506 9631 271
8838 9174 9176
8838 9176 267
8960 8838 267
8960 8626 8630
8960 8630 15468
8838 8960 15468
15463 8630 8626
15467 8630 15463
275 11818 11816
9846 10008 14761
15434 180 186
238 180 236
11405 15409 11091
11495 11405 11091
10993 11495 11091
209 11495 10993
11091 10611 10993
10697 10611 11091
213 10611 10697
208 212 15408
208 15408 9505
9579 208 9505
9579 9505 15404
8905 15403 8837
11405 11495 210
15407 211 207
8837 15407 8905
7216 15406 7157
6856 7157 6809
7216 7157 6856
6514 6809 6481
6856 6809 6514
6514 6481 15405
11407 210 11495
209 11407 11495
9507 208 9579
9173 9175 9507
9173 9507 9579
15407 207 8905
15404 9173 9579
11817 11405 210
12290 12207 214
217 15407 8576
15407 8499 8576
8576 8499 15415
7908 15414 7839
7558 7839 7489
7908 7839 7558
7216 7161 15406
7161 216 15406
216 7489 15406
216 7558 7489
6856 7161 7216
6856 6813 7161
11815 11405 11817
6514 6518 6856
6518 215 6813
15405 6518 6514
15413 6518 15405
13786 15412 13703
13406 13703 13327
13786 13703 13406
13036 13327 12955
13406 13327 13036
13036 12955 15411
12290 15410 12207
12207 11815 11817
12207 11817 214
6856 6518 6813
8839 9175 9173
8839 9173 15403
8905 8839 15403
13328 13468 15152
12956 13468 13328
12956 13106 13468
12578 12576 12956
12956 12576 13106
12576 15151 13106
15475 12576 12578
15147 12576 15475
15146 8634 8498
8164 8634 8292
8498 8634 8164
7838 8292 7966
13702 13328 15152
8164 8292 7838
7838 7966 7488
7488 7622 15145
6488 15144 15474
6480 15144 6488
6488 15150 6480
6488 15478 15150
15149 5233 5120
15477 15473 15143
15477 15143 5120
5233 15477 5120
14086 15142 15472
14080 15142 14086
7488 7966 7622
13706 13328 13702
13702 15148 13706
13706 15148 15476
207 8839 8905
15158 10774 10608
10608 10774 15157
15158 10772 10774
15156 10772 15158
15155 10774 10772
15157 10774 15155
10772 15156 10607
10772 10607 15155
15154 5916 5826
5826 5916 15153
15152 13468 13326
12954 13468 13106
13326 13468 12954
12954 13106 15151
6164 15150 15478
6160 15150 6164
6164 5828 6160
6160 5828 15154
5828 5916 15154
5486 5484 5828
5828 5484 5916
5484 15153 5916
5484 5486 5122
5484 5122 5233
15149 5484 5233
5233 5122 15477
211 15407 217
9851 15408 212
9851 212 9853
15416 9851 10313
14491 230 14495
14491 15426 230
229 15425 231
231 15425 6534
15425 6483 6534
6206 6483 6161
6534 6483 6206
6206 6161 15427
228 230 15424
15424 230 15426
227 6870 6815
15423 15425 229
14495 14909 14491
15423 229 6815
14083 228 15424
14087 228 14083
14083 226 14087
14083 15422 226
227 6814 6870
225 15421 15423
225 15423 6870
6814 225 6870
226 15422 15420
226 15420 13794
13707 226 13794
13707 13794 224
6870 15423 6815
14911 14909 14495
14911 232 14909
14909 232 15428
238 186 180
237 235 15433
15433 235 7158
235 7236 7158
7158 7236 15431
180 15432 101
234 236 15430
15430 236 101
236 180 101
235 7162 7236
6816 6810 7162
7162 6810 7236
6810 15431 7236
6484 6810 6816
6484 6816 233
6536 6484 233
6484 6536 15429
15277 234 15430
15279 234 15277
15277 232 15279
15277 15428 232
231 6536 233
231 6534 6536
6536 6534 6206
6536 6206 6162
15429 6536 6162
6162 6206 15427
223 7910 7843
15432 180 15434
7843 7910 222
15421 221 6482
13786 13790 14170
13786 14170 14081
15412 13786 14081
13786 13406 13790
13790 13406 13410
13406 13036 13410
13410 13036 220
13036 12957 220
12664 219 12577
219 12957 12577
12957 15411 12577
12957 13036 15411
14170 15418 14081
12290 12209 15410
218 12577 15410
218 12664 12577
12209 12290 214
11091 15409 10991
11091 10609 10697
11091 10991 10609
10609 15417 10313
10697 10609 10313
10221 10697 10313
213 10697 10221
9851 9853 10221
9851 10221 10313
12209 218 15410
15419 6522 15413
15413 6522 6518
215 6518 6522
221 6522 6482
6482 6522 15419
15418 14170 14082
14170 13790 13794
14170 13794 15420
14082 14170 15420
13790 13410 13794
13794 13410 224
13410 13329 224
13329 13410 220
219 12664 12579
12579 12664 218
10313 15417 10219
10313 10219 15416
217 8576 8501
8167 8501 8165
8165 8501 15415
8501 8576 15415
7908 8165 15414
8167 8165 223
8165 7908 223
7908 7910 223
7908 7558 7910
7910 7558 222
7558 7493 222
7493 7558 216
215 6522 221
225 221 15421
13162 94 15392
14764 8298 8300
8298 7972 8300
7292 6942 7294
7294 6942 6944
6944 6942 6592
6944 6592 6470
14349 6944 6470
6470 6592 14347
14346 11966 11810
14348 11810 11576
11810 11966 11576
11966 11402 11576
11966 14762 11402
11402 14766 11576
7638 7484 14763
14765 9846 10010
9648 10010 9497
10010 14761 9497
14761 14345 9497
9316 9497 9165
9648 9497 9316
8978 9165 8829
9316 9165 8978
8640 8642 8978
8640 8978 8829
14344 8640 8829
14764 8640 14760
14764 8642 8640
14761 10010 9846
14759 7292 14763
7292 7638 14763
14767 7484 7638
7834 14767 7980
7638 7294 7298
7638 7298 14352
7480 7638 14352
7294 6944 7298
7298 6944 6948
14349 6948 6944
14351 6948 14349
14348 11576 11400
10988 10986 11400
10988 11400 11576
14766 10988 11576
7294 7638 7292
10988 14350 10986
14765 10010 9847
9648 9847 10010
9648 9501 9847
9316 9501 9648
9316 9169 9501
8978 8980 9316
9316 8980 9169
8980 14769 9169
8978 8642 8980
8980 8642 8644
14768 8642 14764
14768 8644 8642
10988 14770 14350
14759 7288 7292
7288 6938 7292
7292 6938 6942
13696 14338 13698
13696 13698 13324
13696 13324 13322
13322 13324 12952
13322 12952 12950
12572 12950 12952
12572 12952 14755
12732 12572 14755
12202 12732 12356
12572 12732 12202
12356 11962 11964
12356 11964 14342
13698 14338 14756
12202 12356 14342
14758 11964 11962
14757 14753 14337
14757 14337 14341
14340 8636 8638
14336 8636 14340
8636 8294 8638
8638 8294 8296
8296 8294 7970
7970 8294 7832
8294 14752 7832
7628 7970 7624
7624 7970 14751
14758 11962 14754
6150 6254 14339
14343 6590 6150
6590 6254 6150
6938 6590 6942
6942 6590 6592
14343 6592 6590
14347 6592 14343
14346 11964 11966
14342 11964 14346
14762 11964 14758
14762 11966 11964
14761 14757 14341
14761 14341 14345
14344 8638 8640
14340 8638 14344
8638 8296 8640
8640 8296 14760
8296 8161 14760
7970 8161 8296
7970 7833 8161
7628 7833 7970
7628 7483 7833
7284 7288 7628
7628 7288 7483
7288 14759 7483
7284 6934 7288
7288 6934 6938
6934 6584 6938
6938 6584 6590
6590 6584 6254
7980 14767 14353
7970 7832 14751
14767 7638 14353
14771 7834 7980
14162 14073 15078
13699 13697 13325
13325 13697 13323
13325 13323 12953
12953 13323 12951
12953 12951 12575
12575 12951 12646
12951 14668 12646
12205 12575 12203
12203 12575 14667
12575 12646 14667
14673 12205 12203
14073 13699 15078
15077 12205 14673
14666 9932 14672
9932 9574 9934
9934 9574 15076
9574 9503 15076
9238 9503 9574
9238 9171 9503
14665 14671 15075
14665 15075 9171
9238 14665 9171
7149 15074 14670
7153 15074 7149
7153 7149 6805
14672 9932 9934
6805 7149 6799
14073 13697 13699
6471 14675 6509
14162 14075 14674
14075 15084 14674
15084 14483 14674
15084 14560 14483
14075 14162 15078
14673 11813 15077
14673 11811 11813
11813 11811 11403
11403 11811 11401
14679 11403 11401
15083 11403 14679
14678 9934 9938
14162 14674 14073
14672 9934 14678
15082 9938 9934
15081 15075 14671
15081 14671 14677
7831 15080 14676
7835 15080 7831
7835 7831 7485
7485 7831 7481
7481 15074 7485
7481 14670 15074
6509 14669 6471
14675 15079 15073
14675 15073 6509
15082 9934 15076
6475 6805 6799
6475 6799 14669
6509 6475 14669
10602 10778 10394
10778 10216 10394
10778 14772 10216
9848 9842 10216
10216 9842 10394
9842 14357 10394
9848 14356 9842
9848 14776 14356
14775 8834 8986
8834 14774 8986
14773 14771 14355
14355 14771 7830
14358 10602 10394
14771 7980 7830
14352 7298 7148
6798 7298 6948
7148 7298 6798
6798 6948 14351
14354 14350 14770
14354 14770 10604
10778 14354 10604
10604 14772 10778
14769 8980 8833
8644 8833 8980
8644 8495 8833
8495 8644 14768
7830 7980 14353
14354 10778 10602
14355 8158 14773
14773 8158 8162
15073 6475 6509
12646 14668 12573
12646 12573 14667
9932 14666 9843
9570 9574 9932
9570 9932 9843
14664 9570 9843
9238 9574 9570
9238 9570 14663
9167 9238 14663
9238 9167 14665
9570 14664 9499
9570 9499 14663
14358 10394 10212
10212 10394 14357
9502 14356 14776
9498 14356 9502
9498 9502 9170
9498 9170 9166
8830 9166 9170
8830 9170 14775
8986 8830 14775
8496 8492 8830
8496 8830 8986
14774 8496 8986
8492 8496 8162
8492 8162 8158
7638 7480 14353
7624 7280 7628
7628 7280 7284
7280 6932 7284
14314 6561 6469
14725 6154 6234
5820 6234 6154
5820 5898 6234
5480 5898 5820
5480 5568 5898
5116 5112 5480
5480 5112 5568
5112 14317 5568
5112 5116 4734
5112 4734 4730
4388 4730 4734
6909 6797 6469
4388 4734 14723
4388 4448 14313
14312 3460 3432
3222 3460 3252
3432 3460 3222
2990 3252 3030
3222 3252 2990
2730 3030 2784
2990 3030 2730
2436 2784 2514
2730 2784 2436
2174 2514 2258
2436 2514 2174
4448 4388 14723
1892 2258 1980
6909 6469 6561
14906 14726 15060
14322 14480 14638
14727 14319 14729
14729 14319 6240
14319 6149 6240
5902 6149 5815
6240 6149 5902
5574 5815 5477
5902 5815 5574
5574 5477 14321
14318 15060 14902
14320 14902 14638
14902 15060 14638
6909 14315 6797
15060 14486 14638
14486 14728 14638
14727 14725 14319
14319 14725 6148
14725 6234 6148
5814 6234 5898
6148 6234 5814
5476 5898 5568
5814 5898 5476
5476 5568 14317
14318 14316 14724
14318 14724 14906
15060 14318 14906
15060 14726 14486
2174 2258 1892
1892 1980 14311
14724 14316 14310
14717 1702 14311
1980 14717 14311
1894 14717 1980
1330 1702 1428
1604 1702 1330
1064 1428 1152
1330 1428 1064
1064 1152 14305
14310 15036 15046
14304 15036 14310
14722 15036 14716
14722 15046 15036
1702 1604 14311
14721 14715 14303
14720 14308 14302
14720 14302 6224
6153 14720 6224
6153 6224 14714
14713 4820 4733
4446 14719 4387
14719 4733 4387
4733 14301 4387
4733 4820 14301
4446 4387 14307
3458 14306 3431
3248 3250 3458
14721 14303 14309
2256 14718 1894
1980 2256 1894
2258 2256 1980
14724 14310 15046
14905 14724 15046
14905 15046 14722
14309 14315 14721
14721 14315 6803
14315 6909 6803
6909 6473 6803
6561 6473 6909
14308 14720 14314
14314 14720 6561
14720 6473 6561
14719 4448 14723
14719 4446 4448
14307 4448 4446
14313 4448 14307
14312 3458 3460
14306 3458 14312
3458 3250 3460
3460 3250 3252
3250 3028 3252
3252 3028 3030
3028 2782 3030
3030 2782 2784
2782 2512 2784
2784 2512 2514
2512 2256 2514
2514 2256 2258
14728 14322 14638
14730 14322 14728
14320 14638 14480
5574 14321 5481
14332 8966 8828
14336 8828 8636
8828 8966 8636
8966 8494 8636
8966 14744 8494
8160 8636 8494
8160 8294 8636
8160 14752 8294
14751 7482 7624
7280 7624 7278
7278 7624 14743
7624 7482 14743
14753 9845 14337
7278 6930 7280
6932 6930 6582
6582 6930 6474
6930 14742 6474
6474 14750 6582
14749 5114 14335
14749 5118 5114
14741 5114 5118
14331 5114 14741
14330 14660 14482
14334 14482 14240
14482 14660 14240
14660 14074 14240
7280 6930 6932
14337 9845 9841
10215 10372 14333
9841 10215 14333
7284 6932 6934
6932 6582 6934
6934 6582 6584
6584 6582 6254
6254 6582 6156
6582 14750 6156
5822 5816 6156
6156 5816 6254
5816 14339 6254
5816 5822 5482
5816 5482 5478
14749 5478 5482
14335 5478 14749
14334 14240 14072
14756 14338 14748
14748 14338 14240
14338 14072 14240
14755 12574 12732
12356 12732 12354
12354 12732 14747
12732 12574 14747
12354 11960 12356
12356 11960 11962
14754 11960 14746
14754 11962 11960
14745 10372 10215
9845 10215 9841
14660 14740 14074
14560 14680 14483
14074 14748 14240
11960 12354 11954
9500 9496 9844
9844 9496 9990
9496 14329 9990
9500 9168 9496
9496 9168 14328
9168 9298 14328
9168 14736 9298
14735 14733 14325
14735 14325 14327
14656 14326 14481
14732 14734 14324
14324 14734 14481
9844 9990 10366
14734 14656 14481
14323 5113 5117
14325 5117 5113
14733 5117 14325
14730 14732 14322
14322 14732 14324
14729 6240 6155
5902 6155 6240
5902 5821 6155
5574 5821 5902
5574 5481 5821
14321 14323 14731
14321 14731 5481
14323 5117 14731
9844 10366 10214
14737 10214 10366
11812 14738 11954
11954 12354 14739
12354 12204 14739
14746 11954 14738
14746 11960 11954
14737 10372 14745
14737 10366 10372
10372 10366 9990
10372 9990 9840
14333 10372 9840
9840 9990 14329
14328 9298 9164
14332 9164 8966
9164 9298 8966
9298 8832 8966
9298 14736 8832
8832 14744 8966
14743 7152 7278
6804 7278 7152
6804 6930 7278
6804 14742 6930
14741 14735 14327
14741 14327 14331
14330 14656 14660
14326 14656 14330
14740 14656 14734
14740 14660 14656
14739 11812 11954
14747 12204 12354
15085 14675 14681
15085 15079 14675
8159 14676 15080
9500 9172 9168
9172 14736 9168
9172 15138 14736
15133 7276 15137
15133 7272 7276
7272 6924 7276
7276 6924 6928
6924 6574 6928
6928 6574 15136
6574 6479 15136
6479 6574 15132
14733 14735 15131
9500 9504 9172
15131 14735 4735
15135 4735 4851
15130 15134 14732
14732 15134 14734
15129 7272 15133
15129 7270 7272
7270 6920 7272
7272 6920 6924
6920 6572 6924
6924 6572 6574
15132 6572 15128
15132 6574 6572
14731 5119 15127
14735 4851 4735
14731 5117 5119
9844 9504 9500
10214 9850 9844
14743 15137 7152
15137 7276 7152
6804 7276 6928
7152 7276 6804
15144 14742 15136
15136 14742 6928
14742 6804 6928
14741 15143 14735
14735 15143 4851
15143 4736 4851
4851 4736 15135
15134 15142 14734
9844 9850 9504
14734 15142 14740
11814 11812 12206
12206 11812 12350
11812 14739 12350
11814 11404 11812
11812 11404 14738
11404 11558 14738
11404 15140 11558
15139 10606 10754
10218 10214 10606
10606 10214 10754
10214 14737 10754
10214 10218 9850
15141 12206 12350
14733 5119 5117
15131 5119 14733
15126 15130 14730
14724 15054 14906
15054 14622 14630
15054 14630 14726
14906 15054 14726
14622 14216 14630
14630 14216 15122
14216 14079 15122
14079 14216 15120
15121 15119 14725
14725 15119 6154
15119 6228 6154
5820 6228 5894
15123 14725 14727
6154 6228 5820
5820 5894 5480
5116 5566 5200
5480 5566 5116
4734 5200 4828
5116 5200 4734
4734 4828 14723
15054 14724 14905
14618 14622 15054
14618 15054 14905
14722 14618 14905
14618 14212 14622
14622 14212 14216
5480 5894 5566
15123 15121 14725
14728 14486 14630
15122 14728 14630
14730 15130 14732
15129 7156 7270
6808 7270 7156
6808 6920 7270
6478 6920 6808
6478 6572 6920
6572 15125 14729
15125 6572 6478
6572 14729 6155
15128 6572 6159
6572 6155 6159
6159 6155 5825
5825 6155 5821
5825 5821 5483
5483 5821 5481
14731 5483 5481
15127 5483 14731
14639 15124 14490
14730 14728 15126
15126 14728 14490
14728 14639 14490
15125 15123 14727
15125 14727 14729
14726 14630 14486
14489 15124 14639
14728 15122 14489
14728 14489 14639
15145 15137 14743
8836 15146 14744
8836 14744 8832
8832 14736 8836
13324 13326 12954
13324 12954 12952
15151 12952 12954
14755 12952 15151
14758 11570 11572
14754 11570 14758
11570 11162 11572
11572 11162 11168
11162 10762 11168
11168 10762 10768
10762 10376 10768
10768 10376 10382
15152 13326 13860
10376 9998 10382
14753 10004 9998
14757 10004 14753
14752 7968 7832
7832 7968 14751
6160 14750 15150
6156 14750 6160
6156 6160 5822
5822 6160 5915
6160 15154 5915
5482 5822 5484
5484 5822 15153
5822 5915 15153
10382 9998 10004
13326 13698 13860
13326 13324 13698
14756 13860 13698
8300 7972 7976
7972 7632 7976
7976 7632 7636
14759 7636 7632
14763 7636 14759
14762 11572 11574
14758 11572 14762
11572 11168 11574
11574 11168 11172
11168 10768 11172
11172 10768 15156
10768 10607 15156
10382 10386 10768
10768 10386 10607
10386 15155 10607
10382 10004 10386
10386 10004 10008
14757 10008 10004
14761 10008 14757
8298 14760 8161
7972 8161 7833
8298 8161 7972
7632 7833 7483
7972 7833 7632
7632 7483 14759
5915 15154 5826
5915 5826 15153
15149 5482 5484
15120 14212 15118
14749 5482 15149
14756 15148 13702
6474 14742 6480
6480 14750 6474
6480 15150 14750
15149 5118 14749
15149 5120 5118
15143 5118 5120
14741 5118 15143
14080 14740 15142
14074 14740 14080
14080 14748 14074
14080 15148 14748
15147 15141 14747
6480 14742 15144
14747 15141 12204
12204 12350 14739
14746 11558 11564
14738 11558 14746
11564 11558 11158
11158 11558 10990
11558 15140 10990
10758 11158 10754
10754 11158 15139
11158 10990 15139
14737 10758 10754
14745 10758 14737
8836 14736 15138
15141 12350 12204
14743 7482 15145
15145 7482 7488
7482 14751 7968
13860 14756 13702
13702 15152 13860
15151 12574 14755
15151 12576 12574
15147 12574 12576
14747 12574 15147
14754 11564 11570
14746 11564 14754
11564 11158 11570
11570 11158 11162
11158 10758 11162
11162 10758 10762
10376 10762 10758
10376 10758 14745
10215 10376 14745
9998 10215 9845
10376 10215 9998
9998 9845 14753
8498 14744 15146
8494 14744 8498
8494 8498 8164
8494 8164 8160
8164 7838 8160
8160 7838 14752
7838 7968 14752
7488 7482 7838
7838 7482 7968
14756 14748 15148
14760 8298 14764
15120 14216 14212
6905 6473 6557
15099 15097 14697
14697 15097 5818
15097 5872 5818
5818 5872 14693
4786 14696 4731
4786 4731 14695
15098 14694 14692
15098 14692 15360
15275 15098 15360
15275 15360 15096
15097 5824 5872
15095 14691 14693
97 14694 15098
15095 14693 5872
14692 15356 15360
14690 15356 14692
15096 15356 15094
15096 15360 15356
15093 5868 5823
14689 14691 15095
14689 15095 5823
5868 14689 5823
15356 14690 15273
14980 14907 14688
14907 15094 14688
15094 15273 14688
5824 15095 5872
15094 15356 15273
97 15098 99
97 15100 14698
98 14700 189
98 189 14702
15105 7486 7582
7240 7150 14701
15103 7240 14701
7582 15103 14701
7486 15103 7582
6800 7240 6888
7150 7240 6800
6476 6472 6800
6476 6800 6888
15102 6476 6888
99 15100 97
15101 6472 6476
15100 15104 14698
14698 15104 14700
15103 7154 7240
6806 7240 7154
6806 6888 7240
6806 15102 6888
15101 6152 14699
15101 6158 6152
15099 6152 6158
14697 6152 15099
14696 4786 4732
4732 4786 14695
14699 6472 15101
14576 14907 14980
14576 14487 14907
14487 14576 15092
14564 14076 14174
14564 15086 14076
14076 15088 14174
15087 15085 14681
15087 14681 14683
14682 14560 14564
14680 14560 14682
15086 14560 15084
15086 14564 14560
14679 10989 15083
14679 10987 10989
10989 10987 10605
14484 14564 14174
10605 10987 10603
10217 10603 10213
10217 10213 9849
9849 10213 9938
10213 14678 9938
9849 9938 15082
14677 8835 15081
14677 8831 8835
8835 8831 8497
8497 8831 8493
8497 8493 8163
8163 8493 8159
8159 15080 8163
10605 10603 10217
14684 14484 14174
14682 14564 14484
6198 6151 14685
15091 6200 6157
5868 15093 5817
15093 6157 5817
6157 14687 5817
6157 6200 14687
5868 5817 14689
14980 14688 14903
14572 14576 14980
14572 14980 14903
14686 14572 14903
14572 14178 14576
14576 14178 15092
14178 14077 15092
14077 14178 15090
15089 6200 15091
15089 6198 6200
14685 6200 6198
14687 6200 14685
14572 14686 14485
14174 14178 14572
14174 14572 14485
14684 14174 14485
15090 14174 15088
15090 14178 14174
15087 14683 15089
15089 14683 6198
14683 6151 6198
14700 15106 189
14700 15104 15106
14703 7588 14701
14701 7588 7582
6553 6557 15117
15115 6553 15117
5888 5890 6226
5888 6226 6153
14714 5888 6153
5888 5558 5890
5890 5558 5562
5558 5190 5562
5562 5190 5194
4826 5194 5190
4826 5190 14713
4733 4826 14713
6153 6226 14720
4826 4733 14719
1978 1893 14717
14716 14614 14616
14712 14614 14716
14614 14208 14616
14616 14208 14210
14210 14208 13824
13824 14208 13700
14208 15114 13700
13700 15116 13824
14715 6901 6802
6553 6477 15113
15113 14711 6802
1978 14718 1893
6553 6905 6557
6553 6901 6905
6901 14715 14721
6905 6803 6473
6473 6226 6228
6226 6473 14720
6473 6228 15119
6557 6473 15117
6473 15119 15117
6226 5890 6228
6228 5890 5894
5890 5562 5894
5894 5562 5566
5562 5194 5566
5566 5194 5200
5194 4826 5200
5200 4826 4828
14719 4828 4826
14723 4828 14719
14718 1978 1894
1894 1978 14717
14722 14616 14618
14716 14616 14722
14616 14210 14618
14618 14210 14212
14210 13824 14212
14212 13824 15118
13824 13701 15118
13701 13824 15116
6901 14721 6905
6553 15113 6802
6905 14721 6803
6901 6553 6802
5888 14714 5819
7250 7596 7592
7250 7592 14705
7151 7250 14705
7250 7151 14707
14704 15012 14904
14706 14904 14604
14904 15012 14604
15012 14488 14604
15012 15108 14488
14488 15110 14604
15109 7836 7934
7592 7934 7588
7596 15111 7837
7588 7934 15107
14703 7592 7588
14705 7592 14703
189 15106 100
100 15276 15274
100 15274 14702
189 100 14702
15276 14908 15274
15274 14908 14704
14908 15012 14704
14908 15108 15012
15105 7588 15107
15105 7582 7588
7934 7836 15107
7934 7596 7837
7592 7596 7934
15109 7934 7837
5558 5819 5479
5888 5819 5558
5190 5479 5115
5558 5479 5190
5190 5115 14713
14710 1698 1606
1606 1698 14709
14712 14612 14614
14708 14612 14712
14614 14612 14208
14208 14612 14078
14612 15112 14078
14078 15114 14208
15111 7596 7487
7250 7487 7596
7250 7155 7487
6807 7155 6801
6801 7155 14707
7155 7250 14707
14711 6807 6801
15113 6807 14711
1698 14710 1605
1698 1605 14709
14708 14604 14612
14706 14604 14708
15112 14604 15110
15112 14612 14604
15115 6477 6553
94 198 15392
198 15264 15392
198 13532 15264
11621 4371 4369
12005 4371 11621
2975 12004 3001
2707 2713 2975
2707 2975 3001
11620 2707 3001
2713 2707 2421
2421 2707 2419
11619 2421 2419
12003 2421 11619
13412 11618 13301
13042 13301 12933
11617 4369 4371
13412 13301 13042
13042 12933 12666
12294 12189 11616
12189 12002 11616
12002 12555 11616
12002 12666 12555
12189 12294 12000
11999 5148 5091
4750 5091 5148
4750 4713 5091
11615 11617 12001
11615 12001 4713
4750 11615 4713
12666 12933 12555
12294 11616 12185
11617 4371 12001
12666 12559 12937
4091 4089 3839
3839 4089 3837
3839 3837 3625
3625 3837 3623
3625 3623 3419
3419 3623 3417
3419 3417 3209
3209 3417 3207
3207 2973 3209
3209 2973 12004
2973 3001 12004
3001 2973 11620
12559 12666 12002
11619 11623 12003
11623 2231 2159
12007 2159 2231
14053 12006 11622
14055 12006 14053
14055 14053 13683
13683 14053 13681
13683 13681 13307
13307 13681 13412
13681 11618 13412
13042 13307 13412
13042 12937 13307
12666 12937 13042
12003 11623 2159
11998 12000 11614
11614 12000 12185
12000 12294 12185
8566 8896 11607
8477 8566 11607
8224 8145 11606
8145 11994 11606
11994 8477 11606
11994 8566 8477
7896 8145 8224
7896 7817 8145
7546 7817 7896
7546 7467 7817
7467 7546 11990
11993 11989 11605
8566 8902 8896
11993 11605 11609
14052 14154 11603
11602 13396 13300
12932 13396 13022
13300 13396 12932
13022 12640 12644
13022 12644 11608
12932 13022 11608
12640 12274 12644
12644 12274 12278
11601 11795 12274
12278 12274 11992
12274 11795 11992
11604 14154 14052
11991 8896 8902
11991 8902 11995
11996 12282 12278
11997 11613 11999
11999 11613 5148
11613 5089 5148
4750 5089 4711
5148 5089 4750
4750 4711 11615
11612 13780 13680
13680 13780 11611
11610 12282 12184
11998 11614 11996
11996 11614 12282
11614 12184 12282
11995 8902 8813
8566 8813 8902
8566 8479 8813
8479 8566 11994
11609 5457 11993
11609 5455 5457
11613 5457 5455
11997 5457 11613
13780 11612 13679
13780 13679 11611
11608 12644 12554
12644 12278 12282
12644 12282 11610
12554 12644 11610
11996 12278 11992
11621 4089 4091
11795 11797 11992
11621 4091 12005
12006 12008 11622
2420 2243 2158
2420 2499 2243
2158 1965 1878
2158 2243 1965
1689 1687 1965
1965 1687 1878
1687 11633 1878
1687 12021 12017
1689 12021 1687
12020 11634 11632
12020 11632 720
635 12020 720
11635 2499 2420
458 635 720
178 373 458
178 87 373
15368 87 178
15368 15251 87
14994 15000 15368
15368 15000 15251
15000 12019 15251
14994 14590 15000
15000 14590 12018
14590 14463 12018
14463 14590 12016
1961 11631 1877
458 373 635
1685 1961 1687
14877 15000 12018
11634 12022 11636
2503 2501 2773
2773 2501 2708
2501 11637 2708
2501 2503 2247
2501 2247 2161
12025 2501 2161
1967 12024 1880
2161 2247 12027
1967 1880 12023
11636 12022 12026
11636 12026 731
634 11636 731
12019 15000 14877
634 731 11638
2499 11635 11637
2243 2499 2501
2243 2501 12025
2160 2243 12025
1967 1965 2243
1967 2243 2160
12024 1967 2160
1689 1965 1967
1689 1967 12023
1592 1689 12023
1689 1592 12021
12020 12022 11634
2499 11637 2501
1687 1961 11633
1961 1877 11633
1685 12017 12015
1957 11629 1959
1957 11627 11629
1957 1959 1683
1957 1683 1591
12011 1957 1591
12013 1591 1683
15358 11628 15249
14986 15249 14875
15358 15249 14986
14578 14582 14986
14578 14986 14875
11626 14578 14875
12014 14586 14582
12012 14578 12010
11625 11627 12009
12009 11627 1879
11627 1957 1879
12011 1879 1957
14578 11626 14461
12008 12010 11624
11624 12010 14461
12010 14578 14461
2231 11623 2157
11625 12009 12007
11625 12007 2231
2157 11625 2231
12012 14582 14578
12014 14582 12012
14990 14582 14586
14986 14582 14990
1687 12017 1685
720 11632 633
458 633 371
720 633 458
174 178 458
174 458 371
11630 174 371
174 15362 178
178 15362 15368
15362 14990 15368
15368 14990 14994
14990 14586 14994
14994 14586 14590
12016 14586 12014
12016 14590 14586
1959 11631 1961
1959 11629 11631
1683 1959 1961
1683 1961 1685
1683 12015 12013
1685 12015 1683
174 11630 85
15358 15362 174
15358 174 85
11628 15358 85
15358 14986 15362
15362 14986 14990
11622 12008 11624
11797 11795 11387
11387 11795 11385
11385 10971 11387
9222 9147 11583
12931 11974 11582
12935 11974 12931
12935 12931 12557
12557 12931 12626
12931 11580 12626
12557 12626 11972
11971 11866 11973
11971 11864 11866
11579 11866 11864
11581 11866 11579
12626 11580 12553
11975 9483 9222
12252 12187 11578
11972 12553 11578
11972 12626 12553
11864 11971 11793
11971 12187 11793
12187 11577 11793
12187 12252 11577
11864 11793 11579
12252 11578 12183
12252 12183 11577
8478 11296 11698
8474 11296 8478
8474 8478 8144
12187 11972 11578
8474 8144 8142
9483 9147 9222
9904 9825 11976
8884 11979 8811
11979 9149 8811
9149 11583 8811
9149 9222 11583
8548 8811 8475
8884 8811 8548
8210 8475 8143
8548 8475 8210
7888 8143 7813
8210 8143 7888
7540 7813 7465
7888 7813 7540
9483 9481 9147
7540 7465 11587
13305 11978 13299
13299 11974 13305
13299 11582 11974
11977 12188 12262
11870 12262 11866
11866 12262 11973
12262 12188 11973
11581 11870 11866
11585 11870 11581
9904 11584 9825
9825 9481 9483
9825 9483 11976
13299 11978 11586
8142 8144 7816
8142 7816 7812
7812 7816 7466
11289 11691 11287
11287 11691 6945
11691 6778 6945
6945 6778 11689
13475 11688 13304
13304 13113 13475
12934 13113 13304
12934 12739 13113
12556 12739 12934
12739 12556 11687
9649 11686 9482
9319 9317 9649
11288 9319 9148
9319 9649 9482
9319 11286 9317
9319 11288 11286
8643 11285 8473
8643 8473 11284
6943 11287 6945
6943 11283 11287
6943 11689 11685
6945 11689 6943
5456 11282 11684
5454 11282 5456
5088 5454 5456
5088 5456 11683
11690 9319 9482
11692 11288 9148
11290 11288 11692
9319 11690 9148
7812 7466 7647
11295 7812 7647
7647 7466 11697
11294 8990 8810
11698 11296 11696
11696 11296 8990
11296 8810 8990
11295 7647 7464
7134 7303 11293
11697 7134 11293
7464 11697 11293
7647 11697 7464
7303 7134 11695
11294 8988 8990
11292 8988 11294
11696 8988 11694
11696 8990 8988
11293 7303 7132
11695 11693 11291
11695 11291 7132
7303 11695 7132
11292 11290 11692
11292 11692 8812
8988 11292 8812
8812 11694 8988
11693 11691 11289
11693 11289 11291
11975 9222 9149
9827 9904 11976
10197 11584 9904
9827 10197 9904
13392 13018 13396
13396 13018 13022
13018 12636 13022
13022 12636 12640
12636 12270 12640
12640 12270 12274
11595 12274 12270
11601 12274 11595
10973 11988 11071
11594 11984 11600
11600 11984 11071
11984 10973 11071
13678 13772 11602
11983 8890 11987
8888 8552 8890
8890 8552 8554
8552 8214 8554
8554 8214 8220
8220 8214 7892
8220 7892 7814
11599 8220 7814
7892 7542 7544
7892 7544 11598
7814 7892 11598
7542 7202 7544
7544 7202 11986
11983 8888 8890
13772 13396 11602
13772 13392 13396
11596 13772 13678
11387 10971 11988
10971 11071 11988
11071 10971 11600
11987 8896 11991
11987 8890 8896
8896 8890 8554
8896 8554 8476
11607 8896 8476
8554 8220 8224
8554 8224 11606
8476 8554 11606
7896 8224 8220
7896 8220 11599
7815 7896 11599
7544 7546 7896
7544 7896 7815
11598 7544 7815
11990 7544 11986
11990 7546 7544
11985 6182 6133
5799 6133 5797
5797 6133 11597
6133 6182 11597
11605 5799 5797
11989 5799 11605
14154 11604 14051
14154 14051 11603
7202 7135 11986
11639 2773 2708
6779 7135 6775
7135 7202 11593
8552 8210 8214
8210 7888 8214
8214 7888 7892
7888 7540 7892
7892 7540 7542
7202 7542 7540
7202 7540 11587
7133 7202 11587
7202 7133 11593
6500 11592 6447
6500 6447 11591
11590 11586 11978
8548 8210 8552
11590 11978 13306
13306 11982 13390
11977 12266 11981
11977 12262 12266
12266 12262 11870
12266 11870 11794
11589 12266 11794
11794 11870 11585
10587 11980 10677
10197 10199 10587
10197 10587 10677
11588 10197 10677
10199 10197 9827
13390 11590 13306
8888 8548 8552
8884 8548 8888
11979 8884 8888
6779 6775 6449
6449 6775 6500
6775 11592 6500
6182 11985 6131
11985 6449 6131
6449 11591 6131
6449 6500 11591
6182 6131 11597
13772 11596 13677
13390 13392 13772
13390 13772 13677
11590 13390 13677
13392 13390 13018
13018 13390 12936
13390 11982 12936
12558 13018 12936
12558 12636 13018
12270 12636 12266
12266 12636 11981
12636 12558 11981
11589 12270 12266
11595 12270 11589
11980 11984 11594
11980 11594 10585
10677 11980 10585
10677 10585 11588
11979 8888 11983
6775 7135 11593
374 12028 11640
374 11640 372
731 636 11638
11983 11987 12367
11983 12367 9151
9230 11983 9151
7204 11986 7135
6846 7135 6779
7204 7135 6846
6504 6779 6449
6846 6779 6504
6504 6449 11985
11982 13016 12936
12558 13016 12634
12936 13016 12558
12365 9230 9151
12558 12634 11981
12366 11980 10678
10589 12366 10678
10589 10678 12364
12363 9230 12365
12363 9226 9230
11979 9230 9226
11983 9230 11979
11978 13386 13306
13386 13014 13016
13386 13016 11982
13306 13386 11982
13014 12632 13016
12366 11984 11980
13016 12632 12634
10973 11984 12366
10975 12368 10973
11989 11993 12373
11989 12373 5801
5848 11989 5801
11886 11992 11797
11797 11387 11389
11797 11389 12372
11886 11797 12372
11387 12368 11389
11387 11988 12368
12371 12367 11987
12371 11987 11991
11990 7204 7206
10973 12366 10975
11986 7204 11990
7206 6846 12370
6846 6781 12370
6504 6781 6846
6504 6451 6781
6135 6451 6133
6133 6451 11985
6451 6504 11985
6135 6133 5799
6135 5799 5848
12369 6135 5848
5848 5799 11989
10973 12368 11988
7204 6846 7206
11977 12634 12632
11981 12634 11977
10678 11980 10587
11971 12260 12256
11973 12260 11971
12256 11972 12187
12256 12187 11971
8480 11698 12084
8478 11698 8480
8478 8480 8146
8478 8146 8144
7816 8144 8146
7816 8146 12083
7988 7816 12083
7468 7466 7816
11972 12256 12557
7468 7816 7988
12081 7466 7468
11697 7466 12081
12080 12084 11696
11696 12084 11698
12083 7818 7988
7818 12082 7988
12081 7134 11697
12081 7136 7134
12079 7134 7136
11695 7134 12079
12078 12080 11694
11694 12080 11696
12082 7468 7988
12256 12630 12557
12256 12260 12630
13010 12935 12630
10587 10199 10201
10587 10201 12364
10678 10587 12364
10201 10199 9829
9829 10199 9827
9829 9827 9485
9485 9827 9550
9827 11976 9550
9226 12363 9149
12363 9485 9149
9485 11975 9149
9485 9550 11975
9226 9149 11979
13386 11978 13305
13010 13014 13386
13010 13386 13305
11974 13010 13305
13010 12630 13014
13014 12630 12632
12632 12630 12260
12632 12260 12188
11977 12632 12188
12188 12260 11973
9550 11976 9483
9550 9483 11975
13010 11974 12935
12630 12935 12557
12369 5848 5801
12374 7208 7206
12374 7206 12370
11990 7206 7467
12007 2163 2159
12391 2163 12007
14176 12006 14055
14055 12390 14176
12386 12390 13793
12390 14055 13793
14055 13683 13793
13793 13307 13413
13793 13683 13307
12937 12939 13307
13307 12939 13413
12939 12385 13413
2423 2486 12003
12937 12559 12939
12559 12667 12384
12667 12559 12002
12001 4373 12383
12001 4371 4373
12005 4373 4371
12389 4373 12005
2975 12388 12004
2977 12388 2975
2977 2975 2717
2717 2975 2713
2717 2713 2421
2717 2421 2486
12939 12559 12384
2159 2423 12003
2163 2423 2159
12387 2486 2423
12397 1313 1409
12394 12396 12008
12008 12396 12010
12393 3434 3421
3421 3434 12392
12007 12009 12391
12391 12009 1881
12009 1955 1881
12395 1881 1955
12394 12008 12006
12394 12006 14176
14057 12394 14176
14057 14176 12390
12005 4093 12389
12005 4091 4093
4093 4091 3841
3841 4091 3839
3841 3839 3627
3627 3839 3625
3627 3625 3419
3627 3419 3434
12393 3627 3434
3419 3209 3211
3419 3211 12392
3434 3419 12392
3209 12388 3211
3209 12004 12388
12387 2717 2486
12079 12077 11693
2486 2421 12003
13793 13311 13685
7898 8147 8228
7898 7819 8147
7548 7552 7898
7898 7552 7819
7552 12379 7819
7548 7208 7552
7552 7208 12378
7208 7137 12378
7137 7208 12374
12373 11993 12377
12377 11993 5516
11993 5457 5516
8479 11994 8228
5516 5457 11997
12376 11992 11886
11799 12376 11886
11799 11886 12372
12375 12371 11991
12375 11991 11995
8228 11994 8145
7898 8145 7817
8228 8145 7898
7548 7817 7467
7898 7817 7548
7206 7208 7548
7206 7548 7467
12376 11996 11992
8147 8479 8228
8481 8479 8147
8481 8813 8479
13413 13311 13793
12385 13311 13413
12561 12384 12667
12189 12191 12561
12189 12561 12667
12002 12189 12667
12189 12382 12191
12189 12000 12382
11999 5093 12381
11999 5091 5093
5093 5091 4715
4715 5091 4713
12001 4715 4713
12383 4715 12001
12380 12382 11998
11998 12382 12000
12379 7552 7469
7469 7552 12378
12377 5516 5459
11997 11999 12381
11997 12381 5459
5516 11997 5459
12376 12380 11996
11996 12380 11998
11995 8815 12375
11995 8813 8815
8815 8813 8481
13685 12386 13793
5242 5088 11683
12079 11693 11695
9484 9321 9653
12046 12048 11658
11658 12048 11660
12047 3420 3470
3210 3208 3420
3420 3208 3470
3208 11659 3470
2974 3208 3210
2974 3210 12045
3038 2974 12045
2974 3038 11657
11656 14224 14054
12046 11658 12044
3418 3470 11659
12044 11658 14224
12045 2976 3038
2716 2712 2976
2976 2712 3038
2712 11657 3038
12043 2712 2716
11655 2712 12043
14635 12042 14464
14464 11654 14635
11656 11654 14224
11654 14464 14224
14464 14056 14224
14056 12044 14224
11658 14054 14224
12043 12041 11653
12047 3470 3418
12049 12047 11661
12055 4090 11667
12055 4092 4090
12053 4090 4092
11665 4090 12053
13465 12052 13308
11666 11664 12054
12054 11664 13308
11664 13465 13308
12053 3838 11665
12053 3840 3838
12051 3838 3840
11663 3838 12051
11661 12047 3418
13853 12050 13684
13684 12052 13302
11662 13684 13302
13853 13684 11662
13302 13465 11664
12051 3624 11663
12051 3626 3624
12049 3624 3626
11661 3624 12049
11660 12048 12050
11660 12050 13853
13682 11660 13853
13682 13853 11662
12052 13465 13302
12043 11653 11655
15057 12040 14878
12042 14635 14462
2777 2714 12031
15252 11642 12030
15250 11642 15252
15252 11644 15250
15252 12032 11644
11643 2777 2710
2422 2505 11641
12031 2422 11641
2710 12031 11641
2777 12031 2710
2505 2422 12029
88 11640 12028
12033 2714 2777
86 11640 88
88 12030 11642
2773 11639 2709
2503 2773 2505
2505 2773 11641
2773 2709 11641
2247 2503 2505
2247 2505 12029
2162 2247 12029
2247 2162 12027
731 12026 636
636 374 372
636 372 11638
88 11642 86
11643 12033 2777
11645 12033 11643
11644 12034 11646
14878 12042 14462
11652 14878 14462
15057 14878 11652
14462 14635 11654
12041 12039 11651
12041 11651 11653
11650 12038 12040
11650 12040 15057
14876 11650 15057
14876 15057 11652
12039 12037 11649
12039 11649 11651
15401 12036 15254
11650 11648 12038
12038 11648 15254
11648 15401 15254
11647 2715 12035
11647 2711 2715
11649 2715 2711
12037 2715 11649
15253 12036 15401
11646 12034 11648
11648 12034 15401
12034 15253 15401
12035 12033 11645
12035 11645 11647
12032 12034 11644
10198 10381 11668
10588 12056 10381
10198 10588 10381
10586 10588 10198
9482 9651 11690
12073 12069 11685
12073 11685 11689
11684 5596 5456
5456 5596 11683
12068 12072 11682
11682 12072 11688
12071 12186 11687
12071 12190 12186
11796 12186 12190
11796 12190 12067
11968 11796 12067
9482 11686 9651
11796 11968 11681
11680 12070 11686
6941 11679 6777
6591 12069 6450
6591 6941 6777
12069 6591 6777
11685 12069 6777
6591 6450 12065
11678 5922 5798
11684 5798 5596
5798 5922 5596
5922 5458 5596
5922 12064 5458
12066 12070 11680
11686 12074 9651
11686 12070 12074
11687 12556 12071
9150 9321 9484
9150 8814 8812
9150 8812 11692
9321 9150 11692
8814 11694 8812
8814 12078 11694
11693 12077 11691
11691 12077 6949
12077 6780 6949
6949 6780 12075
9653 12074 12076
9651 12074 9653
9653 9321 9651
9651 9321 11690
9321 9148 11690
9148 9321 11692
11691 6949 6778
12075 12073 11689
12075 11689 6778
6949 12075 6778
13310 11688 12072
13304 11688 13310
13304 13310 12938
13304 12938 12934
12934 12938 12560
12934 12560 12556
12071 12556 12560
5092 5090 5458
9653 12076 9484
5458 5090 5596
4712 5090 5092
12059 4370 4372
11671 4370 12059
13303 12062 11676
13309 12062 13303
13303 12058 13309
13303 11670 12058
11675 11573 11386
12061 12057 11669
12061 11669 11386
11573 12061 11386
10381 12056 10200
12060 10007 9826
4370 11677 4864
10200 12060 9826
10381 10200 11668
9826 10007 11674
11673 6589 6448
6448 6589 11672
12059 12055 11667
12059 11667 11671
12054 12058 11666
11666 12058 11670
12057 10972 11669
12057 10974 10972
10972 10974 10588
10972 10588 10586
11668 10200 9826
4714 4370 4864
4372 4370 4714
12063 4714 4864
4712 5092 12063
4864 4712 12063
4712 4864 11677
12062 12068 11676
11676 12068 11682
12067 11798 11968
11681 11968 11798
11798 11388 11573
11681 11798 11573
11675 11681 11573
11573 11388 12061
10007 12060 9828
11680 11674 12066
12066 11674 9828
11674 10007 9828
11679 6941 6776
6591 6589 6941
6941 6589 6776
6589 11673 6776
6132 11672 6589
6589 6591 12065
6132 6589 12065
6134 6132 12065
6134 5800 6132
6132 5800 11678
5800 5922 11678
5800 12064 5922
5090 11683 5596
1409 1313 1681
4710 5242 4866
4710 4866 11281
8470 8655 10882
11295 7460 10881
11295 7464 7460
11293 7460 7464
10879 7460 11293
11292 11294 10878
10878 11294 10880
11293 7128 10879
11293 7132 7128
11291 7128 7132
10877 7128 11291
11290 11292 10876
8810 11296 8655
10876 11292 10878
11291 10875 10877
11288 11290 10876
11288 10876 8807
8981 11288 8807
8981 8807 10874
7979 10873 7809
7979 7459 7639
7979 7809 7459
7639 7127 7295
7639 7459 7127
10875 11289 11287
10875 11287 7295
11291 11289 10875
7127 10875 7295
8470 8810 8655
8808 10880 8810
12927 11178 11580
11581 11579 11177
11581 11177 11179
12549 11580 11178
12553 11580 12549
12549 11578 12553
12549 11176 11578
11577 11858 11793
11175 11177 11579
11175 11579 11793
11858 11175 11793
12179 11578 11176
8808 8810 8470
12183 11578 12179
12183 11789 11858
11577 12183 11858
11858 11789 11175
8655 11296 8474
8474 8142 8140
8474 8140 10882
8655 8474 10882
8140 8142 7812
8140 7812 7810
11295 7810 7812
10881 7810 11295
8810 10880 11294
12183 12179 11789
8981 11286 11288
8979 11286 8981
8979 8473 11285
8641 8977 8979
8641 8979 11285
8472 8641 11285
8301 8299 8641
8301 8641 8472
11284 8301 8472
7975 8299 8301
7975 8301 7977
7975 7977 7637
7975 7637 7463
11277 7975 7463
7637 7131 7463
11286 8979 9146
7293 7131 7637
5796 10870 11276
5794 10870 5796
5796 10872 5794
5796 11282 10872
11281 11275 10869
11281 10869 10871
13111 11274 11280
13109 11274 13111
13109 11279 11273
13111 11279 13109
12359 11272 12182
12359 12182 11271
11283 7131 7293
8979 9315 9146
8979 8977 9315
9146 9315 9480
8469 8473 10874
8473 8979 10874
8979 8981 10874
8469 8139 8473
8473 8139 11284
8139 8301 11284
7977 8301 7979
7979 8301 10873
8301 8139 10873
7637 7977 7979
7637 7979 7639
7293 7637 7639
7293 7639 7295
7293 11287 11283
7295 11287 7293
5454 10872 11282
5452 10872 5454
5452 5454 5088
5452 5088 5086
5086 5088 4710
5086 4710 4708
11281 4708 4710
10871 4708 11281
13111 11280 12930
13111 12930 11279
9647 11278 9480
9480 9315 9647
12927 11580 12931
9647 11270 11278
12931 11582 12927
8206 8141 11181
11595 11191 11601
11601 11191 11882
11191 11791 11882
11882 11791 11195
11594 11600 11190
11190 11600 11194
11599 7814 7894
7814 11598 7894
11593 6844 6775
6775 6844 11592
11189 6131 11591
11189 6129 6131
13678 11602 13776
11193 6131 6129
14546 11192 14457
14150 14152 14546
14150 14546 14457
11188 14150 14457
14150 13770 14152
14152 13770 11596
13770 13677 11596
13677 13770 11590
11595 11589 11191
11191 11589 11790
11589 11874 11790
11790 11874 11187
11597 6131 11193
10583 11594 11190
13776 11603 14051
13776 11596 13678
13776 11602 13300
12932 13398 13300
12932 13026 13398
12932 11608 13026
11601 11882 11795
11385 11795 11383
11383 11795 11195
11795 11882 11195
11385 11383 10971
10971 11383 10969
10969 11600 10971
10969 11194 11600
14152 13776 14051
11607 8476 8558
11599 7894 7815
7815 7894 11598
11193 11197 11597
11597 11197 5797
11197 5847 5797
11605 5797 5847
11196 14546 14548
11192 14546 11196
14546 14152 14548
14548 14152 11604
14152 14051 11604
13776 14152 11596
8476 11606 8558
10585 11594 10583
10583 11588 10585
10583 11186 11588
7813 8143 7811
7811 8143 11181
8143 8206 11181
7813 7811 7465
7465 7811 7461
11185 7465 7461
11587 7465 11185
13297 11586 11184
13299 11586 13297
13297 11582 13299
13297 11180 11582
11585 11581 11179
8206 8143 8475
11585 11179 11183
9479 9481 9825
9479 9825 9903
11182 9479 9903
9481 9479 9147
9147 9479 9145
9147 9145 8809
9147 8809 8880
11583 9147 8880
8544 8809 8471
8880 8809 8544
8206 8471 8141
8544 8471 8206
9825 11584 9903
8206 8475 8544
8544 8475 8811
8544 8811 8880
11185 7133 11587
11185 7129 7133
7133 7129 6773
7133 6773 6844
11593 7133 6844
6773 6445 6447
6773 6447 11592
6844 6773 11592
11189 6447 6445
11591 6447 11189
14150 11188 14047
13770 14047 13675
14150 14047 13770
11586 11590 11184
11184 11590 13675
11590 13770 13675
11589 11794 11874
11585 11183 11187
11585 11187 11874
11794 11585 11874
10195 11588 11186
10197 11588 10195
10195 9823 10197
10197 9823 11584
9823 9903 11584
9903 9823 11182
11583 8880 8811
12927 11582 11180
9645 11270 9647
9313 9645 9647
9313 9647 9315
11249 3414 10847
11249 3416 3414
3414 3416 3206
3414 3206 3204
3204 3206 2972
3204 2972 2970
11247 2970 2972
10845 2970 11247
10846 14642 14648
10844 14642 10846
11248 14642 11246
11248 14648 14642
4706 4845 10848
10845 11247 10843
11247 2706 2789
2789 2706 11245
10844 10842 11244
10844 11244 14460
14642 10844 14460
14460 11246 14642
2787 10843 2789
2787 10841 10843
2787 11245 11243
2789 11245 2787
14874 10840 11242
14872 10840 14874
10843 11247 2789
14874 10842 14872
5084 5217 4845
10849 5217 5084
10850 14232 14046
13676 13674 14046
13676 14046 14232
11250 13676 14232
13676 10854 13674
13676 11252 10854
10853 12725 12548
12548 12349 12178
12548 12725 12349
12178 11953 11788
12178 12349 11953
11788 11953 10852
5084 4845 4706
5217 10849 5085
5217 5085 4707
4845 4707 10848
10851 3681 3620
11251 11249 10847
11251 10847 3620
3681 11251 3620
10846 14648 14456
10850 14456 14232
14456 14648 14232
14648 14050 14232
14648 11248 14050
14050 11250 14232
5217 4707 4845
14874 11244 10842
10841 2787 2702
11243 11241 10839
84 11232 10830
3019 10829 3021
3019 10827 10829
3019 11231 11229
3021 11231 3019
370 10826 11228
368 10826 370
370 10828 368
370 11230 10828
10827 3019 2968
11229 11227 10825
11229 10825 2968
84 10830 82
3019 11229 2968
10824 11228 10826
11227 11225 10823
11227 10823 10825
632 10822 11224
630 10822 632
632 10824 630
632 11226 10824
10823 11225 10821
10821 11225 2767
11225 2704 2767
2767 2704 11223
11222 11224 10820
11226 11228 10824
82 10828 84
84 10828 11230
2969 10831 3021
11243 10839 2702
2787 11243 2702
11240 11242 10838
10838 11242 10840
11241 11239 10837
11241 10837 10839
11238 11240 10836
10836 11240 10838
10835 2705 11237
10835 2701 2705
10837 2705 2701
11239 2705 10837
11236 11238 10834
10834 11238 10836
11237 11235 10833
11237 10833 10835
11234 11236 10832
10832 11236 10834
11235 11233 10831
11235 10831 10833
15248 10830 11232
15246 10830 15248
15248 10832 15246
15248 11234 10832
3021 10829 2969
10831 11233 11231
10831 11231 3021
3681 3622 11251
11253 3622 3681
10851 11253 3681
10855 11253 10851
10194 10380 10863
11262 9824 10003
9645 9641 10003
9645 10003 9824
11270 9645 9824
9645 9313 9641
9641 9313 10862
9313 9144 10862
9144 9313 10868
10867 11269 10861
10861 11269 7627
11269 7462 7627
10582 10766 10194
7462 7283 7627
7130 6774 6772
7130 6772 10860
7283 7130 10860
6772 6774 6446
6772 6446 6444
6444 6446 6130
6444 6130 6128
6130 10866 6128
6130 11268 10866
11267 4366 10865
11267 4368 4366
11261 4366 4368
7130 7283 7462
10194 10766 10380
10968 11166 10582
10582 11166 10766
9315 8977 9313
9313 8977 10868
8977 8806 10868
8806 8641 8468
8806 8977 8641
8468 8299 8138
8468 8641 8299
8138 7975 7808
8138 8299 7975
11277 11269 10867
11277 10867 7808
7975 11277 7808
11268 11276 10866
10866 11276 10870
11275 11267 10865
11275 10865 10869
12929 11274 13109
12733 11266 12552
12929 13109 11273
12733 12552 11265
11272 12359 12181
11963 11264 11792
12181 12359 11271
11792 11571 11963
11384 11571 11792
11384 11263 11571
11166 10968 10864
10859 4366 11261
13398 13776 13300
12733 11260 11266
12731 11265 11259
11961 11254 11258
11959 11254 11961
11961 10856 11959
11961 10858 10856
11257 4084 10857
11257 4088 4084
4084 4088 3836
4084 3836 3834
11253 3834 3836
10855 3834 11253
13298 10854 11252
13296 10854 13298
11259 12551 12731
13296 13298 12926
13298 11256 13103
12550 12725 10853
11255 12550 10853
12926 11255 10853
13103 11255 12926
12550 12349 12725
12180 12349 12550
11959 11953 12349
11959 12349 12180
11254 11959 12180
11959 10852 11953
11959 10856 10852
12926 13298 13103
11260 12731 12551
13103 12928 11255
13103 11256 12928
12733 11265 12731
11963 11258 11264
11961 11258 11963
11963 11571 11961
11961 11571 10858
11571 11382 10858
11382 10970 11166
11382 11166 10864
10970 11382 11263
11382 11571 11263
10584 11166 10970
10584 10766 11166
10196 10766 10584
10196 10380 10766
9822 10196 11262
9822 11262 10003
10196 9822 10380
9822 10863 10380
9822 9641 9478
9822 10003 9641
9478 9641 10862
10861 7627 7458
7458 7283 7126
7458 7627 7283
7126 7283 10860
11261 11257 10857
11261 10857 10859
12731 11260 12733
13778 13776 13398
14156 14052 11603
13776 14156 11603
13302 11252 11662
13298 11252 13302
13302 11256 13298
13302 11664 11256
11255 12729 12550
12550 12353 12180
12550 12729 12353
12180 12353 11254
11663 3622 11253
11663 3624 3622
11661 3622 3624
11251 3622 11661
11253 3836 11663
13682 11250 11660
13682 11252 13676
13682 11662 11252
11251 11661 11249
11249 11661 3469
11661 3418 3469
3469 3418 11659
11248 14228 14050
11660 11250 11658
11658 11250 14228
11250 14050 14228
11249 3469 3416
3206 3416 3208
13676 11250 13682
3208 3416 11659
11663 3836 3838
3838 4088 11665
11669 10970 11263
11669 10972 10970
10970 10972 10586
10970 10586 10584
10584 10586 10198
10584 10198 10196
10198 11262 10196
10198 11668 11262
11261 11667 11257
11257 11667 4169
11667 4090 4169
4169 4090 11665
4088 4169 11665
11256 11664 11666
12928 11256 13105
12729 13105 11260
12729 11260 12551
13105 12729 12928
12729 11255 12928
12353 12729 12355
12355 12729 11259
12729 12551 11259
12355 11254 12353
12355 11258 11254
11257 4169 4088
3836 4088 3838
11256 11666 13105
3416 3469 11659
3206 3208 2974
3206 2974 2972
11238 11650 11240
11237 2711 11647
11237 2705 2711
11239 2711 2705
11649 2711 11239
11646 11648 11236
11236 11648 11238
11647 11645 11235
11647 11235 11237
11644 11646 11234
11234 11646 11236
11645 11643 11233
11648 11650 11238
11645 11233 11235
15248 11232 15250
15250 11234 15248
15250 11644 11234
11233 11643 11231
11231 11643 2775
11643 2710 2775
2775 2710 11641
86 11230 11640
84 11230 86
86 11232 84
86 11642 11232
11229 11231 11639
15250 11232 11642
11651 11239 11241
11651 11649 11239
14876 11652 15056
11657 2972 2974
11247 2972 11657
11248 11246 11656
11248 11656 14054
14228 11248 14054
14054 11658 14228
11657 2706 11247
11657 2712 2706
11655 2706 2712
11245 2706 11655
11244 14634 14460
11656 11246 11654
11654 11246 14634
11246 14460 14634
11655 11653 11243
11655 11243 11245
11242 15056 14874
11244 14874 14634
14874 15056 14634
15056 14462 14634
15056 11652 14462
14462 11654 14634
11653 11651 11241
11653 11241 11243
11242 11240 11650
11242 11650 14876
15056 11242 14876
12357 11264 11258
12357 11258 12355
12355 11259 11265
12355 11265 12357
5796 11276 5798
5798 11282 5796
5798 11684 11282
11683 5090 5242
4712 5242 5090
4712 4866 5242
11677 11275 11281
11677 11281 4866
4712 11677 4866
13473 11676 11682
13471 11676 13473
13473 11274 13471
5798 11276 11678
13473 11280 11274
12735 11273 11279
12737 12361 12735
12735 12361 11272
12361 12182 11272
11967 11965 12361
12361 11965 12182
11965 11271 12182
11965 11681 11675
11967 11681 11965
11674 11680 11270
11270 11680 11278
7631 11277 7635
12735 11279 12737
11685 6777 6943
11679 7291 6777
6777 7291 6943
13475 11682 11688
13473 11682 13475
13475 13113 13473
13473 13113 11280
13113 12930 11280
12739 12737 13113
13113 12737 12930
12737 11279 12930
12361 12737 12739
12361 12739 11687
12186 12361 11687
12186 11967 12361
11796 11967 12186
11967 11796 11681
11278 11680 11686
11278 11686 9649
9480 11278 9649
9480 9317 9146
9480 9649 9317
9146 9317 11286
11285 8643 8472
8472 8643 11284
7635 11277 7463
7635 7131 7291
7635 7463 7131
7131 11283 6943
7291 7131 6943
7631 11269 11277
11639 11231 2709
7287 7631 7635
6937 7287 7291
11669 11384 11386
11263 11384 11669
9826 11262 11668
9824 11262 9826
9826 11270 9824
9826 11674 11270
11269 7631 7462
7462 7287 7130
7462 7631 7287
7130 6937 6774
7130 7287 6937
6446 6774 6448
11792 11965 11675
6448 6774 11673
6446 6448 6130
6130 6448 6257
6448 11672 6257
6130 6257 11268
11267 4469 4368
11671 11667 11261
11671 11261 4368
4469 11671 4368
13107 11666 11670
13105 11666 13107
13107 11260 13105
13107 11266 11260
6774 6937 11673
11386 11792 11675
11384 11792 11386
11965 11792 11264
6937 7291 11679
6776 6937 11679
6937 6776 11673
6257 11672 6132
11276 11268 11678
11678 11268 6132
11268 6257 6132
11275 11677 11267
11267 11677 4469
11677 4370 4469
4469 4370 11671
13303 11676 13471
12929 13107 11274
13107 11670 11274
11670 13471 11274
11670 13303 13471
12735 13107 12929
12735 12929 11273
13107 12735 11266
12735 12552 11266
12357 12735 11272
12357 11272 12181
12735 12357 12552
12357 11265 12552
11965 12357 12181
11965 12181 11271
12357 11965 11264
7287 7635 7291
5088 5242 4710
11231 2775 2709
372 11228 11638
2755 2419 2707
2485 2419 2755
11619 2419 2485
11206 13788 13792
11204 13788 11206
13788 13408 13792
13792 13408 11618
13408 13301 11618
13038 13301 13408
13038 12933 13301
12662 12933 13038
12662 12555 12933
2707 11620 2755
12555 12662 11616
11617 11203 4392
11203 4367 4392
4392 4367 11205
11202 14164 14048
14164 13784 13788
14164 13788 11204
14048 14164 11204
13784 13404 13788
13788 13404 13408
13404 13034 13408
13408 13034 13038
13034 12656 13038
11615 11203 11617
13038 12656 12662
4392 11205 4369
11205 11207 11621
3859 3623 3837
3641 3623 3859
3641 3417 3623
3433 3417 3641
3205 3207 3417
3205 3417 3433
11210 3205 3433
3207 3205 2973
2973 3205 2971
2971 2703 2973
2973 2703 11620
2703 2755 11620
11205 11621 4369
2485 2755 2487
2755 2703 11209
2485 11623 11619
2487 11623 2485
14570 11208 14459
14459 14049 14053
14459 14053 11622
14570 14459 11622
14053 14049 13681
13681 14049 13792
14049 11206 13792
13681 13792 11618
11617 4392 4369
2487 2755 11209
12656 12288 12662
12662 12288 11616
12288 12185 11616
14550 14156 14552
14552 14156 14160
14156 13778 14160
14160 13778 11612
13778 13679 11612
13398 13400 13778
13778 13400 13679
13400 11611 13679
13398 13026 13400
13400 13026 13030
13030 13026 12650
12650 13026 12554
11198 14550 11200
13026 11608 12554
11607 8558 8477
8477 8558 11606
5847 11197 5795
11199 11609 11605
11199 11605 5847
5795 11199 5847
11198 14548 14550
11196 14548 11198
14550 14548 14156
14156 14548 14052
14548 11604 14052
13778 14156 13776
12554 11610 12650
11200 14550 14552
11613 5455 11201
11201 5455 5453
12185 12288 11614
11201 5089 11613
11201 5087 5089
5089 5087 4711
4711 5087 4709
11203 4711 4709
11615 4711 11203
11200 14552 14458
14552 14160 14164
14552 14164 11202
14458 14552 11202
14164 14160 13784
13784 14160 13680
14160 11612 13680
13404 13784 13400
13400 13784 11611
13784 13680 11611
13400 13030 13404
13404 13030 13034
13030 12650 13034
13034 12650 12656
12656 12650 12288
12288 12650 12184
12650 11610 12184
12184 11614 12288
11199 5455 11609
11199 5453 5455
3859 3837 11211
3837 4085 11211
3837 4089 4085
11207 4085 4089
2495 11223 2497
2495 11221 11223
2239 2495 2497
2239 2497 2241
2239 2241 1963
2239 1963 1877
11631 2239 1877
11633 1877 1963
11632 11222 11220
11632 11220 716
633 11632 716
454 633 716
11222 11634 11224
454 371 633
2493 11221 2495
2493 11219 11221
2237 2493 2495
2237 2495 2239
2237 11631 11629
2239 11631 2237
716 11220 631
450 454 716
450 716 631
11218 450 631
450 170 454
454 170 11630
371 454 11630
11632 11634 11222
1963 1878 11633
1878 1963 2158
370 11228 372
372 11230 370
372 11640 11230
11229 11639 11227
11227 11639 2771
11639 2708 2771
2771 2708 11637
725 11636 634
11228 11226 11638
11638 11226 634
11226 725 634
2769 11227 2771
2769 11225 11227
2769 11637 11635
2771 11637 2769
11224 11634 11636
11224 11636 725
632 11224 725
632 725 11226
11225 2769 2704
2420 2497 11223
11635 2420 11223
2704 11635 11223
2769 11635 2704
2420 2241 2497
2158 2241 2420
2158 1963 2241
170 85 11630
11641 2709 2775
85 170 11628
2491 11217 11219
14982 14574 11626
14574 14461 11626
14461 14574 11624
11215 4119 4086
3865 3859 4119
4119 3859 4086
3859 11211 4086
3641 3859 3865
3641 3865 3645
3641 3645 3433
3433 3645 3415
3645 11214 3415
14978 14574 14982
3433 3415 11210
2487 11209 11213
2487 2489 2233
2487 2233 2157
11623 2487 2157
11625 2157 2233
14978 11212 14873
14570 14574 14978
14570 14978 14873
11208 14570 14873
11624 14570 11622
11624 14574 14570
11207 4089 11621
2487 11213 2489
11212 14978 15247
14978 15354 15247
14978 14982 15354
2235 2491 2493
2235 2493 2237
2235 11629 11627
2237 11629 2235
450 11218 369
170 369 83
450 369 170
15354 15249 11216
15249 11628 11216
11628 83 11216
11628 170 83
14982 15249 15354
14982 14875 15249
14875 14982 11626
4119 11215 4087
4119 3835 3865
4119 4087 3835
3865 3621 3645
3865 3835 3621
3645 3621 11214
2489 11217 2491
2489 11213 11217
2233 2489 2491
2233 2491 2235
2233 11627 11625
2235 11627 2233
15354 11216 15247
2491 11219 2493
10821 2767 2700
1681 1313 1593
1593 1955 1681
12791 2253 2166
1975 1973 2253
2253 1973 2166
1973 12789 2166
1697 1973 1975
1697 1975 1699
1423 1697 1699
1423 1699 1425
1147 1423 1425
1147 1425 1149
1147 13165 13163
1149 13165 1147
13166 15034 15028
15262 12788 13162
15262 14884 15260
15260 14884 12790
14884 15028 12790
14884 13164 15028
12789 1973 1884
1697 1695 1973
1973 1695 1884
1695 12787 1884
1421 1695 1697
1421 1697 1423
1421 1423 1147
1421 1147 1055
15260 12788 15262
13161 1421 1055
13166 15028 13164
12792 15028 15034
1701 1977 1979
1701 1979 13169
1598 1701 13169
1598 1427 1701
1320 1427 1598
1320 1151 1427
1056 1151 1320
1151 1056 13167
12794 15034 15044
12792 15034 12794
13168 15034 13166
13168 15044 15034
12790 15028 12792
12793 2511 2426
2511 2253 2426
2253 12791 2426
1975 2253 2255
1975 2255 1977
1699 1975 1977
1699 1977 1701
1425 1699 1701
1425 1701 1427
1149 1425 1427
1149 1427 1151
1149 13167 13165
1151 13167 1149
2255 2253 2511
13163 1055 1147
12786 472 378
94 92 378
1318 13153 1420
13152 13156 12780
12780 13156 12782
13151 3654 3633
3444 3446 3654
3654 3446 3633
3446 13155 3633
3444 3236 3446
3446 3236 3238
3236 3014 3238
3238 3014 3016
13154 3014 13150
13153 12783 1420
13154 3016 3014
12779 13153 1145
13153 1054 1145
1145 1054 13149
639 13152 12780
641 13152 639
641 639 379
379 639 377
379 377 93
93 377 91
93 91 15261
15261 91 15259
15259 14881 15261
12781 13153 12779
13153 12781 12783
13157 1318 1420
2983 3016 13154
94 378 472
13160 94 472
94 12788 92
94 13162 12788
12787 1695 1596
1421 1319 13159
13159 12785 1596
1421 13159 1596
1695 1421 1596
13161 1319 1421
642 12784 13158
640 12784 642
642 380 640
640 380 12786
380 472 12786
380 13160 472
13159 13157 12785
12785 13157 1316
13157 1420 1316
1316 1420 12783
13156 13158 12782
12782 13158 12784
13155 3446 3425
3238 3425 3446
3238 3215 3425
3016 3215 3238
3016 2983 3215
1977 2257 1979
15261 14881 13148
1977 2255 2257
2255 2511 2513
12808 12806 13184
13184 12806 14472
12806 14643 14472
13181 5214 13183
13181 5210 5214
4842 5214 5210
4842 5210 12805
4719 4842 12805
4842 4719 12807
3634 12804 13180
3630 12804 3634
3630 3634 3426
14643 13182 14472
3630 3426 3424
3424 3216 3214
2980 3214 3216
2980 3216 13179
3036 2980 13179
2980 3036 12803
15063 13178 14886
14643 14637 15063
14643 15063 14886
13182 14643 14886
14643 12802 14637
14643 12806 12802
13181 5098 5210
3424 3426 3216
13177 12801 12805
12809 4846 12807
4846 13185 5099
12815 4170 12813
13188 13190 12812
12812 13190 12814
13187 4856 13189
13187 4850 4856
4464 4856 4850
4464 4850 12811
4377 4464 12811
4168 4377 4097
4464 4377 4168
4168 4097 12813
14655 13186 14474
12807 4846 4842
12812 12810 13188
12810 14655 14474
13185 4850 13187
13185 4846 4850
12809 4850 4846
12811 4850 12809
14473 13186 14655
12808 13184 12810
12810 13184 14655
13184 14473 14655
13183 5214 5099
4842 4846 5214
5214 4846 5099
13188 12810 14474
13177 12805 5210
5098 13177 5210
12800 4158 4096
2724 2788 3034
13171 12797 12799
13171 12799 2788
2724 13171 2788
12796 15052 14882
14885 13174 15059
12798 13170 14885
12798 14885 15059
13170 12798 15052
12798 14882 15052
13173 4380 4450
4380 13172 4450
2724 3034 2984
12797 13171 12795
13171 2428 2513
2428 2257 2513
2168 2257 2428
2168 1979 2257
1886 1979 2168
1979 1886 13169
12796 15044 15052
12794 15044 12796
13170 15044 13168
13170 15052 15044
2511 12795 2513
2511 12793 12795
12795 13171 2513
13175 2984 3034
3848 13176 3900
3848 3900 4158
3846 4158 3900
4096 4158 3846
13180 12804 13176
13176 12804 3900
12804 3846 3900
13175 3036 13179
13175 3034 3036
3036 3034 2788
3036 2788 2722
12803 3036 2722
2722 2788 12799
15063 13174 13178
15059 13174 15063
15063 14637 15059
15059 14637 12798
14637 14468 12798
14468 14637 12802
13177 4718 12801
13177 4722 4718
4376 4718 4722
4376 4722 13173
4450 4376 13173
12800 4376 4158
4376 4450 4158
4450 4100 4158
4450 13172 4100
3848 4158 4100
2255 2513 2257
14881 14995 13148
14995 14467 14591
14995 14881 14467
14173 14061 12760
13127 6862 6785
6520 6785 6862
6520 6457 6785
6194 6457 6520
6194 6139 6457
6139 6194 13126
13125 5526 13129
13125 5524 5526
5158 5526 5524
5158 5524 12759
5095 5158 12759
14173 13128 14061
5158 5095 12763
2756 2979 2721
3002 2979 2756
2756 2721 12761
14065 13128 14173
13687 13689 14065
13687 14065 14173
12760 13687 14173
13687 13313 13689
13689 13313 13124
13313 13409 13124
13409 12941 13039
13409 13313 12941
3002 12762 2979
13039 12563 12663
13128 12764 14061
2232 2165 12765
12764 13130 12768
12768 13130 14575
13130 14469 14575
13129 5526 5463
5158 5160 5526
5526 5160 5463
5160 13133 5463
4770 5160 5158
4770 5158 12763
4717 4770 12763
4402 4717 4375
4770 4717 4402
13128 13130 12764
4116 4375 4095
3847 13132 3861
4116 4095 12767
13131 3847 3861
12766 3002 3004
12762 3002 12766
3002 2756 3004
3004 2756 2758
2488 2758 2756
2488 2756 12761
2425 2488 12761
2232 2425 2165
2488 2425 2232
4402 4375 4116
13039 12941 12563
12663 12563 12758
12757 7141 13123
12757 7473 7471
13123 7473 12757
12756 6190 6192
12752 6190 12756
5860 6192 6190
5860 6190 12751
5803 5860 12751
5860 5803 12755
11801 13122 12754
11803 13122 11801
11803 11801 11393
11393 11801 11391
7473 7821 7471
11393 11391 10979
11391 12750 11082
10690 10979 11082
10690 10595 10979
10595 10690 13120
8567 12749 8483
8149 8151 8483
8483 8151 8567
8151 13119 8567
12753 8151 8149
13121 8151 12753
12748 6508 6454
6508 6188 6190
10979 11391 11082
7823 7821 7473
12753 7821 7823
12753 7823 13121
12757 7139 7141
7141 7139 6783
7141 6783 6862
13127 7141 6862
6520 6783 6455
6862 6783 6520
6192 6194 6520
6192 6520 6455
12756 6192 6455
6192 5860 6194
6194 5860 13126
5860 5805 13126
5524 13125 5461
13125 5805 5461
5805 12755 5461
5805 5860 12755
5524 5461 12759
13315 13124 13409
13409 12943 13315
13039 12943 13409
13039 12565 12943
12663 12565 13039
12193 12195 12565
12193 12565 12663
12758 12193 12663
12193 13122 12195
12193 12754 13122
14469 13134 14575
1956 1883 12769
1883 1956 12765
1956 2232 12765
12777 13141 1141
1051 12777 1141
13140 13144 12776
13140 12776 14063
14187 13140 14063
14187 14063 12774
13139 3440 13143
13139 3438 3440
3438 3230 3440
3440 3230 3232
13142 3230 13138
13142 3232 3230
12777 13145 13141
13137 2492 2427
2236 2167 2427
1958 2167 2236
1958 1885 2167
1682 1885 1958
1682 1597 1885
1410 1597 1682
1410 1317 1597
12773 1317 1410
12773 12775 1141
1317 12773 1141
1053 1317 1141
13141 1053 1141
2236 2427 2492
1141 12775 1051
2982 13146 3012
3232 13142 2982
14591 14467 12778
13151 3632 3654
3444 3654 3442
3442 3654 13147
3654 3632 13147
3442 3234 3444
3444 3234 3236
3234 3012 3236
3236 3012 3014
13150 3012 13146
13150 3014 3012
12779 1145 1052
13149 13145 12777
13149 12777 1052
1145 13149 1052
14883 13148 14995
14995 14471 14883
14591 14471 14995
12776 13144 12778
12778 13144 14591
13144 14471 14591
13143 3442 13147
13143 3440 3442
3440 3232 3442
3442 3232 3234
3234 3232 3012
3012 3232 2982
14579 13136 14470
12813 4170 4168
14187 14183 14579
13140 14187 14470
14062 14183 12772
13133 5160 5097
4770 5097 5160
4770 4721 5097
4402 4721 4770
4402 4379 4721
4116 4379 4402
4116 4099 4379
3845 4099 4116
3845 4116 12767
4099 3845 13132
3845 3861 13132
14183 14062 12768
3629 3631 3845
3631 13131 3861
12771 3631 3629
13135 3631 12771
12770 3004 3006
12766 3004 12770
3004 2758 3006
3006 2758 2760
2758 2488 2760
2760 2488 2490
2488 2232 2490
2490 2232 2234
1956 2234 2232
3845 3631 3861
14575 14183 12768
14579 14183 14575
14575 13134 14579
14187 12772 14183
14187 12774 12772
13135 12771 13139
13139 12771 3438
12771 3423 3438
3230 3423 3213
3438 3423 3230
3006 2981 12770
2981 13138 12770
13138 3213 12770
13138 3230 3213
2760 2981 3006
2760 2723 2981
2490 2492 2760
2760 2492 2723
2492 13137 2723
2490 2234 2492
2492 2234 2236
2234 1956 2236
2236 1956 1958
1682 1958 1956
1682 1956 12769
1595 1682 12769
1410 1595 1315
1682 1595 1410
1410 1315 12773
14579 13134 13136
14187 14579 14470
4466 4168 4170
4464 4168 4466
4858 4464 4466
13143 3650 13139
13142 3008 3010
13138 3008 13142
3008 2762 3010
3010 2762 2764
2494 2764 2762
2494 2762 13137
2427 2494 13137
2238 2427 2167
2494 2427 2238
1960 2167 1885
2238 2167 1960
13139 3650 3648
1885 1597 1599
1960 1885 13504
1599 1597 1321
1321 1597 1317
1321 1317 1057
1057 1317 1053
13141 1057 1053
13503 1057 13141
14983 13500 14888
13502 14583 14470
14888 13502 14470
13136 14888 14470
14983 14888 13136
1885 1599 13504
14470 14583 13140
13501 3648 3650
14587 13144 13140
14587 14471 13144
13511 3850 3876
3652 3876 3650
3650 3876 13505
3876 3850 13505
13143 3652 3650
13147 3652 13143
13142 3010 2982
3010 2764 2766
3010 2766 13146
2982 3010 13146
2764 2494 2766
13501 3650 13505
2766 2494 13510
2238 2240 2494
2494 2240 2429
2240 13509 2429
2238 1960 2240
2240 1960 13508
1960 1887 13508
1887 1960 13504
13507 13503 13141
13507 13141 13145
14587 13502 13506
14583 13502 14587
14587 13140 14583
2494 2429 13510
13499 3648 13501
13499 3646 3648
13135 3648 3646
13496 14887 14979
14571 14469 13130
13495 6196 6141
5864 6141 6196
5864 5807 6141
5528 13497 5463
13497 5807 5463
5807 13129 5463
5807 5864 13129
5528 5463 13133
3862 13132 3847
3862 3847 13131
13496 14979 13134
14475 13496 14571
13130 13494 14571
13494 14475 14571
13127 6787 13493
13127 6785 6787
6787 6785 6459
6459 6785 6457
6459 6457 6139
6459 6139 6196
13495 6459 6196
5862 5864 6196
5862 6196 6139
13126 5862 6139
13128 13494 13130
14571 13496 13134
14469 14571 13134
14887 13498 14979
13139 3648 13135
3008 13138 2981
2762 2981 2723
3008 2981 2762
2762 2723 13137
14983 13498 13500
14979 13498 14983
14983 13134 14979
14983 13136 13134
13497 5528 5465
5101 5465 5097
5097 5465 13133
5465 5528 13133
5101 5097 4723
4723 5097 4721
4723 4721 4381
4381 4721 4379
4381 4379 4101
4101 4379 4099
4101 4099 3849
3849 4099 3862
4099 13132 3862
3646 13499 3631
13499 3849 3631
3849 13131 3631
3849 3862 13131
3646 3631 13135
14471 14587 13506
14889 14471 13506
14883 14471 14889
14889 13512 14883
13523 3018 2985
2772 2774 3018
3018 2774 2985
2774 13529 2985
2772 2502 2774
2774 2502 13528
2502 2431 13528
2431 2502 13522
13527 13521 13157
13527 13157 13159
13158 726 732
13156 726 13158
13530 3660 3658
13526 726 13520
13525 4102 4138
3882 4138 3880
3880 4138 13519
4138 4102 13519
3880 3656 3882
3882 3656 3658
13155 3425 3656
3658 3656 13524
3656 3425 13524
3425 3427 13524
3427 3425 3217
3217 3425 3215
13526 732 726
13530 3658 13524
3884 3658 3660
3882 3658 3884
15264 13536 15392
13531 4142 13535
13531 4140 4142
4140 3884 4142
4142 3884 3888
3884 3660 3888
3888 3660 3662
13534 3660 13530
13534 3662 3660
13529 2774 2725
2725 2774 13528
13159 1323 13527
13159 1319 1323
13161 1323 1319
13533 1323 13161
13158 732 642
382 380 642
382 642 732
13526 382 732
382 96 380
380 96 13160
96 198 13160
96 13532 198
13525 4140 13531
13525 4138 4140
4138 3882 4140
4140 3882 3884
3217 3215 2983
13125 5864 5862
3217 2983 3018
2770 2772 3018
13149 1054 13513
722 13152 641
460 641 379
722 641 460
184 379 93
460 379 184
93 15261 15263
93 15263 13516
184 93 13516
15261 13512 15263
15261 13148 13512
13511 3878 13515
13513 1054 1058
13511 3876 3878
3878 3652 3632
13151 3878 3632
3632 3652 13147
13150 2766 2768
13146 2766 13150
13514 2766 13510
13514 2768 2766
13509 2240 2169
2169 2240 13508
13513 13507 13145
13513 13145 13149
14883 13512 13148
3878 3876 3652
13517 1058 1054
13517 1054 13153
13518 2770 2768
2770 3018 2983
13154 2770 2983
2772 2770 2502
2502 2770 2430
2770 13518 2430
2430 13522 2502
13521 1318 13157
13521 1322 1318
13517 1318 1322
13153 1318 13517
13156 722 726
13152 722 13156
722 460 726
726 460 13520
460 381 13520
184 381 460
184 95 381
95 184 13516
13515 3880 13519
13515 3878 3880
3656 3880 3878
3656 3878 13151
3633 3656 13151
3656 3633 13155
13154 2768 2770
13150 2768 13154
13518 2768 13514
13523 3217 3018
6508 6190 12752
13129 5864 13125
13492 13128 14065
10011 12824 10009
10011 12828 12824
13199 6456 12827
13199 6458 6456
6456 6458 6140
6456 6140 6259
12823 6456 6259
6140 5923 6259
5806 5923 6140
5806 5593 5923
5464 5593 5806
5593 5464 13197
13200 10011 10206
12822 13472 13314
13472 13112 12826
13314 13472 12826
13110 12736 13112
13112 12736 12738
12738 12736 12362
12362 12736 12196
12736 13196 12196
11804 11802 12196
12196 11802 12362
11802 12825 12362
11802 11804 11394
11802 11394 11392
13472 13110 13112
11392 11394 10980
10011 10387 10206
10206 10387 10596
7140 7472 7474
7140 7474 13201
7296 7140 13201
7140 7296 12831
12830 12740 12564
12564 12740 12829
10011 13200 9834
12832 12828 13202
13202 12828 9834
12828 10011 9834
13201 7142 7296
6786 6784 7142
10011 10009 10387
7142 6784 7296
13199 6784 6786
12827 6784 13199
12826 13112 12942
13112 12738 12740
13112 12740 12830
12942 13112 12830
12740 12738 12362
12740 12362 12194
12829 12740 12194
12194 12362 12825
10773 13198 10596
10596 10387 10773
6784 12831 7296
11392 10980 10978
10978 10771 12821
10978 10980 13198
13193 5236 5238
12817 5238 5236
12819 5238 12817
14066 12816 13192
14064 12816 14066
14064 14066 13690
14064 13690 13688
13690 13316 13688
13688 13316 12818
13316 13470 12818
13316 13194 13470
13193 5100 5236
13193 5238 13195
4858 4720 12817
5236 13191 12817
5100 13191 5236
4378 4858 4466
4720 4858 4378
4098 4466 4170
4378 4466 4098
4098 4170 12815
13190 13192 12814
12814 13192 12816
13189 4858 13191
13189 4856 4858
4856 4464 4858
13191 4858 12817
10204 10385 12820
10592 10771 10385
10592 10385 10204
10771 10978 13198
10773 10771 13198
10385 10771 10773
10385 10773 10387
10387 10009 10385
10385 10009 12820
10009 9832 12820
9832 10009 12824
12823 6259 6138
6138 5923 5804
6138 6259 5923
5804 5593 5462
5804 5923 5593
13197 5462 5593
13197 13195 5238
5462 13197 5238
5096 5462 5238
5096 5238 12819
12822 13470 13472
12818 13470 12822
13472 13470 13110
13110 13470 12944
13470 13194 12944
12566 13110 12944
12566 12736 13110
12566 13196 12736
12821 10771 10592
7822 7474 7472
7822 7824 7474
8150 7824 7822
8150 8152 7824
7475 13487 7905
13123 7475 7473
13491 7475 13123
14165 13486 13490
14161 13486 14165
14161 14165 13785
14161 13785 13691
13485 14161 13691
13785 13317 13691
13405 13317 13785
13405 13035 13031
13405 13031 13484
7823 7475 7905
13317 13405 13484
13031 12657 12567
13483 13031 12567
12657 12197 12567
12289 12197 12657
11803 11805 12197
11803 12197 12289
13122 11803 12289
11805 11803 11393
11805 11393 11500
13489 11805 11500
11088 11393 10979
11500 11393 11088
13031 13035 12657
7473 7475 7823
7905 13121 7823
10981 11088 13488
14169 13492 14065
14169 13689 13789
14169 14065 13689
13789 13689 13124
13123 7143 13491
13123 7141 7143
13127 7143 7141
13493 7143 13127
5862 13126 5805
5862 5805 13125
14169 13490 13492
14165 13490 14169
13785 14165 14169
13785 14169 13789
13785 13789 13405
13405 13789 13315
13789 13124 13315
13405 12943 13035
13405 13315 12943
13035 12565 12657
13035 12943 12565
12657 12195 12289
12657 12565 12195
12289 12195 13122
13489 11500 11395
11088 11395 11500
11088 10981 11395
10979 10595 10597
13492 13494 13128
10979 10597 13488
10595 13482 10597
8892 8821 9157
13115 8821 8892
13115 13117 8559
8821 13115 8559
8487 8821 8559
13479 8487 8559
9833 13478 13116
9835 13478 9833
9835 9833 9489
9835 9489 9568
13477 9835 9568
9232 9489 9155
8892 9157 9232
9568 9489 9232
9232 9155 8892
8892 8819 13115
9490 12832 13202
9488 12832 9490
9488 9490 9156
9488 9156 9154
9154 9156 8820
9154 8820 8818
8818 8820 8486
8818 8486 8484
8484 8486 8152
8484 8152 8150
8892 9155 8819
9232 9157 9491
9232 9491 9568
13477 9568 9491
10595 13120 13482
8229 13119 8151
8151 13121 7905
8229 8151 7905
7825 8229 7905
13481 8229 7825
13487 7825 7905
14067 13486 14161
13485 14067 14161
12945 13484 13031
13483 12945 13031
13118 10686 10594
13482 13120 13480
13480 13120 10686
13120 10594 10686
8559 13117 8485
8485 13119 8229
8559 8485 8229
8153 8559 8229
13479 8559 8153
13481 8153 8229
10686 13118 10593
10593 10205 10207
10593 10207 13480
10686 10593 13480
10205 13478 10207
10205 13116 13478
11088 10979 13488
12395 1955 1593
6454 6508 12752
12751 6190 12747
7986 7646 7648
7986 7648 12082
7818 7986 12082
7648 7646 7304
7648 7304 7136
12081 7648 7136
7136 7304 12079
12080 8652 8654
12078 8652 12080
8654 8652 8312
8312 8652 8148
8652 12462 8148
12083 8314 7818
7820 8312 8148
7646 7986 7644
7644 7986 12461
7986 7820 12461
7644 7302 7646
7646 7302 7304
12077 7304 7302
12079 7304 12077
9486 12076 12460
9484 12076 9486
9484 9486 9152
9484 9152 9150
9150 9152 8816
7820 7986 8312
9150 8816 8814
8314 7986 7818
8656 8312 8314
10292 10296 10680
10292 10680 10589
12364 10292 10589
10292 9914 10296
10296 9914 12742
9914 9831 12742
9554 9831 9914
9554 9487 9831
12363 12365 12741
12363 12741 9487
9554 12363 9487
10292 12364 10201
8314 8312 7986
9914 10201 9829
9554 9829 9485
9914 9829 9554
9554 9485 12363
12084 8656 8480
8146 8656 8314
8480 8656 8146
8146 8314 12083
12082 7648 7468
7468 7648 12081
12084 8654 8656
12080 8654 12084
8654 8312 8656
10292 10201 9914
8816 8482 8814
8814 8482 12078
8482 8652 12078
12450 12454 12066
12066 12454 12070
12453 6450 12069
12453 6452 6450
12449 6450 6452
12065 6450 12449
12064 5592 5458
5094 5092 5458
5094 5458 5592
12448 5094 5592
12447 5092 5094
12063 5092 12447
12067 12190 12451
12446 12452 12062
12451 11798 12067
12451 11800 11798
11798 11800 11390
11798 11390 11388
12445 11388 11390
12061 11388 12445
9830 12060 12444
9828 12060 9830
9830 12066 9828
9830 12450 12066
12449 6134 12065
12449 6136 6134
12062 12452 12068
12451 12190 12192
12455 12192 12190
12455 12190 12071
8482 12462 8652
12461 7470 7644
7138 7644 7470
7138 7302 7644
6782 6780 7138
7138 6780 7302
6780 12077 7302
12459 6780 6782
12075 6780 12459
12458 12460 12074
12074 12460 12076
12459 12457 12073
12459 12073 12075
13312 12072 12456
13310 12072 13312
13310 13312 12940
13310 12940 12938
12938 12940 12562
12938 12562 12560
12455 12560 12562
12071 12560 12455
12454 12458 12070
12070 12458 12074
12457 12453 12069
12457 12069 12073
12452 12456 12068
12068 12456 12072
10680 12366 10589
6134 6136 5802
12743 9153 12367
12365 9151 9153
7469 7214 12757
7214 7220 12757
7214 6854 7220
7220 6854 6858
6854 6512 6858
6858 6512 6516
12756 6512 12752
12756 6516 6512
12751 5856 5803
5520 12755 5459
12755 5803 5459
5803 12377 5459
7471 7469 12757
5803 5856 12377
12754 12380 12376
12754 12376 11890
11801 12754 11890
11494 11801 11890
11494 11391 11801
11391 11494 12750
8903 12375 8815
8481 8483 8815
8815 8483 8903
8483 12749 8903
8483 8481 8149
8149 8481 8147
5520 5459 12381
8149 8147 7819
7214 7469 12378
7469 7821 12379
12561 12941 13043
12384 12561 13043
12561 12191 12563
12563 12191 12758
12191 12295 12758
12295 12191 12382
12757 7220 7139
6858 7139 7220
6858 6783 7139
6516 6783 6858
6516 6455 6783
6455 6516 12756
7821 7904 12379
12755 5520 5461
12759 5461 5093
5461 12381 5093
5461 5520 12381
4756 5093 4715
5154 5093 4756
4756 4715 12383
12193 12758 12295
12380 12754 12382
12382 12754 12295
12754 12193 12295
12753 7904 7821
7471 7821 7469
5154 12759 5093
8149 7819 7904
12753 8149 7904
7904 7819 12379
6137 12369 5801
6137 6186 12369
5850 5801 12373
11488 12372 11389
12744 12746 12368
12368 12746 11389
12746 11488 11389
12367 12371 12743
12743 12371 8817
12371 8897 8817
12745 8817 8897
6848 12370 6781
12747 6137 5801
6506 6781 6451
6186 6451 6135
6506 6451 6186
6186 6135 12369
10975 12744 12368
10977 12744 10975
10977 10975 10591
10591 10975 10680
10975 12366 10680
10296 10591 10680
10296 10203 10591
10203 10296 12742
12365 9153 12741
6848 6781 6506
5850 12747 5801
6186 6137 6453
6186 6453 6506
7214 12378 7137
6850 6854 7214
6850 7214 7137
12374 6850 7137
6854 6850 6512
6512 6850 6454
6850 12748 6454
6454 12752 6512
12747 5856 12751
12747 5850 5856
12373 5856 5850
12377 5856 12373
11890 12376 11799
11488 11494 11890
11488 11890 11799
12372 11488 11799
12750 11488 12746
12750 11494 11488
8897 12375 8903
8897 12371 12375
8897 12749 12745
8903 12749 8897
12374 6848 6850
12370 6848 12374
6848 6506 6850
6850 6506 12748
6506 6453 12748
12367 9153 9151
6134 5802 5800
5802 5460 5800
5800 5460 12064
12029 2249 2162
1971 1969 2249
2249 1969 2162
1969 12027 2162
1969 12413 12411
1971 12413 1969
638 12026 12410
636 12026 638
636 638 374
374 638 471
638 12412 471
374 471 12028
90 12414 12030
2245 12025 2161
1969 2161 12027
2245 1969 12024
1969 1880 12024
1594 1691 12023
12411 1594 12023
1880 12411 12023
1969 12411 1880
1594 1419 1691
1314 1419 1594
1419 1314 12409
12408 12410 12022
12022 12410 12026
1969 2245 2161
12025 2245 2160
90 12030 88
376 88 12028
15253 12418 15257
15253 12034 12418
12035 12419 12033
12033 12419 2779
12419 2718 2779
2779 2718 12417
12416 12418 12032
12032 12418 12034
12033 2779 2714
12417 12415 12031
12417 12031 2714
2779 12417 2714
471 376 12028
15256 12030 12414
15256 12032 15252
15256 12416 12032
12415 2422 12031
12415 2424 2422
2422 2424 2164
2422 2164 2249
12029 2422 2249
2164 1971 2249
1882 1971 2164
1971 1882 12413
471 12412 376
376 90 88
15252 12030 15256
2160 2245 12024
12023 1691 1592
1419 1417 1691
1415 12403 1413
12402 12016 12014
12402 12014 14190
14059 12402 14190
14059 14190 12400
1411 12015 1413
1411 12013 12015
1411 12401 12399
1413 12401 1411
12014 14186 14190
12012 14186 12014
12400 14186 12398
1413 12403 12401
12400 14190 14186
1409 1681 1411
1411 1681 12013
1681 1591 12013
1409 12399 12397
1411 12399 1409
12012 12010 12396
12012 12396 14058
14186 12012 14058
14058 12398 14186
1955 12009 1879
1879 12011 1681
1955 1879 1681
1681 12011 1591
1413 12015 12017
1413 12017 1415
14463 12016 12402
1691 1417 1592
1417 12021 1592
1417 12409 12407
1419 12409 1417
12406 12408 12020
12020 12408 12022
12019 14879 12405
12019 14877 14879
14877 12404 14879
14877 12018 12404
1415 12021 1417
1415 12017 12021
1415 12407 12403
1417 12407 1415
635 12406 12020
637 12406 635
637 635 375
375 635 373
375 373 89
89 373 87
89 87 15255
15255 87 15251
12019 15255 15251
12405 15255 12019
14463 12404 12018
14465 12404 14463
14463 12402 14465
15257 12420 15253
15253 12420 12036
12421 2719 12037
12037 2719 2715
10974 10767 10588
10974 11167 10767
10588 10767 12056
12441 4092 12055
12441 4094 4092
12439 4092 4094
12053 4092 12439
13855 12438 13686
12440 13467 13308
13686 12440 13308
12052 13686 13308
13855 13686 12052
12057 11167 10974
13308 13467 12054
12439 3844 3840
12437 3840 3844
12051 3840 12437
12050 12436 12438
12050 12438 13855
13684 12050 13855
13684 13855 12052
12435 3908 3843
3843 3908 12437
12051 12437 3626
12437 3908 3626
3908 3682 3626
12439 3840 12053
13469 12058 12054
13469 12054 13467
13467 12440 13469
5460 5592 12064
5460 12448 5592
12447 4714 12063
12447 4716 4714
4372 4714 4716
4372 4716 12443
4470 4372 12443
4372 4470 12059
12442 12446 12062
12442 12062 13309
13469 12442 13309
13469 13309 12058
12061 12445 12057
12057 12445 11167
12445 10976 11167
10976 10767 11167
10590 10767 10976
10590 10202 10200
10590 10200 12056
10767 10590 12056
10202 12060 10200
10202 12444 12060
12443 4374 4470
12441 12055 12059
12441 12059 4470
4374 12441 4470
13469 12440 12442
3626 3682 12049
12561 12563 12941
12434 12436 12048
12433 3908 12435
12042 14636 14464
14060 14056 14464
14060 14464 14636
12426 14060 14636
14060 12044 14056
14060 12428 12044
12427 12425 12041
12427 12041 12043
14880 12040 12424
14878 12040 14880
14880 14466 14878
14878 14466 12042
12043 2716 12427
14466 14636 12042
12425 12423 12039
12425 12039 12041
12422 12424 12038
12038 12424 12040
12423 12421 12037
12423 12037 12039
15258 12036 12420
15254 12036 15258
15258 12038 15254
15258 12422 12038
12035 2719 12419
12035 2715 2719
14466 12426 14636
12427 2716 2720
2976 2720 2716
2976 2978 2720
12433 3906 3908
3906 3680 3908
3908 3680 3682
12047 3682 3680
12049 3682 12047
12432 12434 12046
12046 12434 12048
12433 3842 3906
3680 3906 3678
3678 3906 12431
3906 3842 12431
3422 3678 12430
3422 3420 12047
3678 3422 12047
3680 3678 12047
3210 3420 3422
3210 3422 12429
3260 3210 12429
3210 3260 12045
12428 12432 12044
12044 12432 12046
12431 3628 3678
3628 12430 3678
12429 3212 3260
2978 2976 3212
3212 2976 3260
2976 12045 3260
12048 12436 12050
13043 12941 12385
12941 13311 12385
12941 13313 13311
12819 4862 12447
5240 12819 12447
5096 12819 5240
4716 4862 12443
12818 12822 12442
12442 12822 12446
12445 11171 10976
10590 10976 10592
10592 10976 12821
10976 11171 12821
10590 10592 10204
10590 10204 10202
4862 4716 12447
10204 12444 10202
12817 4862 12819
12817 4860 4862
4862 4860 4468
4862 4468 4374
12443 4862 4374
4374 4468 12441
14241 12816 14064
14064 13857 14241
13688 13857 14064
12442 12440 12818
12818 12440 13688
12440 13857 13688
10204 12820 12444
12817 4720 4860
5096 5240 12448
5462 5096 5460
12823 6452 6456
12449 6452 12823
12448 5240 5094
5094 5240 12447
12452 12446 12822
12452 12822 13314
13474 12452 13314
13314 12826 13474
12825 11800 12451
12825 11802 11800
11800 11802 11392
11800 11392 11390
5460 5096 12448
11390 11392 10978
12445 11390 11171
11171 10978 12821
9832 12444 12820
9830 12444 9832
9832 12450 9830
9832 12824 12450
12823 6136 12449
12823 6138 6136
6136 6138 5804
6136 5804 5802
5802 5804 5462
5802 5462 5460
11390 10978 11171
4378 4860 4720
4378 4468 4860
4098 4094 4378
12809 4460 4462
4460 4164 4462
4462 4164 4166
12433 4166 4164
12435 4166 12433
14233 12808 12810
14229 12808 14233
14233 12432 14229
14233 12434 12432
12807 4460 12809
12807 4458 4460
4458 4162 4460
12809 4462 12811
4460 4162 4164
4164 3904 3842
12433 4164 3842
3842 3904 12431
12430 3468 3422
3422 3468 12429
14229 12806 12808
14225 12806 14229
14229 12428 14225
14229 12432 12428
12805 4838 4719
4456 4458 4838
4838 4458 4719
4164 4162 3904
14237 12436 12434
14237 12434 14233
14233 12810 14237
4378 4094 4468
4094 12441 4468
12815 4094 4098
12439 4094 12815
14241 12814 12816
14239 12814 14241
14241 13857 14239
14239 13857 12438
13857 13686 12438
13686 13857 12440
12815 12813 12439
12439 12813 3844
12813 3910 3844
3844 3910 12437
14239 12812 12814
14237 12812 14239
14239 12436 14237
14239 12438 12436
12811 4462 4377
4166 4377 4462
4166 4097 4377
3910 12813 3843
12813 4097 3843
4097 12435 3843
4097 4166 12435
3910 3843 12437
14237 12810 12812
12827 6456 6452
12827 6452 12453
12450 12828 12454
12824 12828 12450
9920 9833 12742
9833 13116 12742
13116 10203 12742
13116 10298 10203
9562 9833 9920
9562 9489 9833
9155 9489 9153
9153 9489 12741
9489 9562 12741
8819 9155 9153
8819 9153 12743
8891 8819 12743
10682 10591 10298
13115 8819 8891
9562 9831 9487
9920 9831 9562
9562 9487 12741
12462 8310 8148
7820 8310 7984
8148 8310 7820
7820 7984 12461
12460 9654 9486
9152 9654 9322
9486 9654 9152
8816 9322 8984
9152 9322 8816
9920 12742 9831
10298 10591 10203
11072 10977 10682
10682 10977 10591
12750 11076 11082
12746 11076 12750
11082 11076 10690
10690 11076 10594
11076 13118 10594
10594 13120 10690
12745 12749 13117
13117 12749 8485
12749 8567 8485
13119 8485 8567
6508 12748 6453
6188 6453 6137
6508 6453 6188
6188 6137 12747
12746 11072 11076
12744 11072 12746
11072 10682 11076
11076 10682 13118
10682 10593 13118
10298 10593 10682
10298 10205 10593
10205 10298 13116
8891 12743 8817
12745 13117 13115
12745 13115 8891
8817 12745 8891
11072 12744 10977
8482 8984 8648
4458 12807 4719
8816 8984 8482
8648 8310 12462
12457 6950 6946
12459 6950 12457
12456 13476 13312
12940 13476 13114
13312 13476 12940
12564 12562 12940
12564 12940 13114
12830 12564 13114
12829 12562 12564
12455 12562 12829
12828 12832 12454
12454 12832 12458
7300 7140 12831
12831 6784 6946
12827 12457 6946
6784 12827 6946
12456 13474 13476
12452 13474 12456
13476 13474 13114
13114 13474 12942
13474 12826 12942
12942 12830 13114
12829 12192 12455
12829 12194 12192
12825 12192 12194
12451 12192 12825
12827 12453 12457
6946 7300 12831
6950 7300 6946
7140 7300 7642
8482 8648 12462
8306 7982 8310
8310 7982 7984
7984 7982 7642
7984 7642 7470
12461 7984 7470
7138 7642 7300
7470 7642 7138
6782 7300 6950
7138 7300 6782
6782 6950 12459
12460 12458 12832
12460 12832 9488
9654 12460 9488
9154 9654 9488
9154 9322 9654
8818 9322 9154
8818 8984 9322
8484 8984 8818
8484 8648 8984
8150 8648 8484
8150 8306 8648
7822 8306 8150
7822 7982 8306
7472 7982 7822
7472 7642 7982
7140 7642 7472
8648 8306 8310
12747 6190 6188
4456 4160 4458
4160 3902 4162
12774 14063 14191
12775 12773 12397
12775 12397 12399
12396 14182 14058
12774 12398 12772
12772 12398 14182
12398 14058 14182
12771 3436 3423
3228 3423 3436
3228 3213 3423
3213 3228 12770
12395 1595 12769
12400 12774 14191
12395 1593 1595
1315 1593 1313
12397 1315 1313
12773 1315 12397
12396 12394 12768
12396 12768 14062
14182 12396 14062
14062 12772 14182
12767 3860 3845
3642 3845 3860
3642 3629 3845
3436 12771 3421
12771 3629 3421
1595 1593 1315
3629 12393 3421
12398 12774 12400
12777 1051 1143
639 12780 637
639 637 377
377 637 375
377 375 91
91 375 89
91 89 15259
15259 89 15255
14881 15259 15255
14881 15255 12405
15001 14881 12405
14465 14467 14881
14465 14881 15001
14063 12776 14191
12404 14465 15001
14465 12402 12778
12403 12779 12401
12401 12779 1143
12779 1052 1143
1143 1052 12777
12776 12778 12402
12776 12402 14059
14191 12776 14059
14191 14059 12400
12399 12401 12775
12775 12401 1051
12401 1143 1051
14465 12778 14467
3629 3642 12393
3226 3228 3436
3226 3436 3421
12391 2165 2163
12765 2165 12391
14061 12764 14177
12386 12760 12390
12390 12760 14177
12760 14061 14177
13043 12385 12939
13043 12939 12384
12759 5154 5095
4756 4766 5154
5154 4766 5095
4766 12763 5095
2165 2423 2163
4398 4766 4756
4373 4398 12383
4398 4373 12389
2977 12762 12388
2979 12762 2977
2979 2977 2721
2721 2977 2717
12387 2721 2717
12761 2721 12387
13685 12760 12386
13687 12760 13685
13687 13685 13313
13313 13685 13311
4398 4756 12383
2425 2423 2165
12387 2423 2425
12387 2425 12761
12392 3226 3421
12770 3226 12766
12770 3228 3226
12391 1883 12765
12391 1881 1883
12395 1883 1881
12769 1883 12395
12764 12768 12394
12764 12394 14057
14177 12764 14057
14177 14057 12390
12763 4766 4717
4398 4717 4766
4398 4375 4717
4095 4375 4093
4093 4375 12389
4375 4398 12389
4095 4093 3841
4095 3841 3860
12767 4095 3860
3642 3841 3627
3860 3841 3642
3642 3627 12393
3226 12392 3211
12762 12766 12388
12388 12766 3211
12766 3226 3211
637 12780 12406
12781 12403 12407
12781 12779 12403
15001 14879 12404
12803 2722 2790
12799 12425 12427
12799 12427 2790
2722 12799 2790
12424 15058 14880
14468 14466 14880
14468 14880 15058
12798 14468 15058
14468 12426 14466
14468 12802 12426
12801 4718 4834
4376 4834 4718
3846 12804 3902
4376 4454 4834
12799 12797 12423
12799 12423 12425
12424 12422 12796
12424 12796 14882
15058 12424 14882
14882 12798 15058
12797 12795 12421
12797 12421 12423
12420 15402 15258
12796 12422 12794
12794 12422 15402
12422 15258 15402
4376 12800 4454
3846 3902 4160
3846 4160 4096
4454 12800 4096
4162 3902 3904
3630 3902 12804
3630 3628 12431
3902 3630 12431
3904 3902 12431
3630 3424 3628
3628 3424 12430
3424 3468 12430
3214 3212 3424
3424 3212 3468
3212 12429 3468
3212 3214 2980
3212 2980 2978
2720 2978 2980
2720 2980 12803
2790 2720 12803
2720 2790 12427
12426 12802 12806
12426 12806 14225
14060 12426 14225
14060 14225 12428
12801 4838 12805
12801 4834 4838
4834 4454 4838
4838 4454 4456
4456 4454 4160
4160 4454 4096
2781 12419 2719
4458 4160 4162
12421 12795 12793
2719 12421 2781
376 12412 378
376 378 92
376 92 90
92 12414 90
92 12788 12414
12413 12787 12411
12411 12787 1693
12787 1596 1693
1693 1596 12785
640 12410 12784
638 12410 640
640 12412 638
378 12412 12786
640 12786 12412
1314 1594 1316
1316 1594 12785
1594 1693 12785
12783 1314 1316
12409 1314 12783
12782 12784 12408
12408 12784 12410
12783 12781 12407
12783 12407 12409
12780 12782 12406
12406 12782 12408
15001 12405 14879
12411 1693 1594
12413 1882 12787
12787 1882 1884
2164 2251 12789
15402 12420 15257
12792 12794 12418
12418 12794 15257
12794 15402 15257
12419 2781 2718
2426 2509 12417
12793 2426 12417
2718 12793 12417
2781 12793 2718
2509 2426 12791
12790 12792 12416
12416 12792 12418
2507 12417 2509
2507 12415 12417
2251 2507 2509
2251 2509 12791
2166 2251 12791
2251 2166 12789
15260 12414 12788
15256 12414 15260
15260 12416 15256
15260 12790 12416
12415 2507 2424
2424 2251 2164
2424 2507 2251
1882 2164 1884
1884 2164 12789
12421 12793 2781
12899 13269 12897
6327 4055 4118
6597 12899 6269
2660 10638 10716
2939 7920 7869
7568 7869 7920
7568 7525 7869
7234 2941 7191
2941 7525 7191
7525 2657 7191
7525 7568 2657
7234 7191 2659
2656 11516 11442
11026 11516 11108
11442 11516 11026
11108 10714 10716
11108 10716 2658
11026 11108 2658
2940 10714 2938
2940 10716 10714
2937 7920 2939
2937 7918 7920
7918 7566 7920
7920 7566 7568
2655 7568 7566
2657 7568 2655
11516 2656 11441
11106 11108 11516
11106 11516 11441
2654 11106 11441
2940 2660 10716
11106 10712 11108
2942 2660 2940
2661 7238 2659
2947 7524 7526
2665 7524 2947
9882 2664 2946
9876 2664 9882
2945 9876 9882
2663 9876 2945
2666 2662 2944
2666 2944 8866
8932 2666 8866
8866 2948 8932
2947 2943 2665
2665 2943 7192
2943 7238 7192
7192 7238 2661
10248 2660 2942
10244 2660 10248
10248 2664 10244
10248 2946 2664
2945 9530 2663
2945 9534 9530
9530 9534 9208
9530 9208 9204
9208 2662 9204
9208 2944 2662
2941 7238 2943
2941 7234 7238
2659 7238 7234
2658 10716 10638
7868 7526 7524
11108 10712 10714
10714 10324 2938
10710 10637 2651
2932 2934 2648
2648 2934 2650
2931 8582 8527
2647 2649 2933
2647 2933 8527
8582 2647 8527
2932 2648 2646
2932 2646 9584
9533 2932 9584
9248 9533 9584
9248 9207 9533
8916 9207 9248
8916 8865 9207
8582 2931 8523
2931 8865 8523
8865 2645 8523
8865 8916 2645
8582 8523 2647
9584 2646 9529
9246 9248 9584
9246 9584 9529
2644 9246 9529
8916 9248 9246
8916 9246 2643
8861 8916 2643
8916 8861 2645
11104 11025 10710
10712 10324 10714
10710 11025 10637
7916 7867 2653
10324 10247 2938
9948 10247 10324
9948 9881 10247
9881 9948 2936
2935 7918 2937
2935 7916 7918
7566 7918 7916
7566 7916 2653
7523 7566 2653
7566 7523 2655
2654 11104 11106
2652 11104 2654
11104 10710 11106
11106 10710 10712
10324 10712 10710
10324 10710 2651
10243 10324 2651
9948 10243 9875
10324 10243 9948
2934 2936 2650
2650 2936 9875
2936 9948 9875
2649 8191 2933
2649 8189 8191
8191 8189 7867
8191 7867 7916
2935 8191 7916
11104 2652 11025
9246 2644 9203
7868 7870 7526
8192 7868 8256
2682 12702 2686
2952 12702 2950
2952 12704 12702
2949 11540 2951
2949 11538 11540
11134 11540 11538
11134 11538 2681
11027 11134 2681
11134 11027 2685
9974 2684 9879
9614 9616 9974
9614 9974 9879
2680 9614 9879
9614 9278 9616
9616 9278 9280
9280 9278 8946
9280 8946 8864
2683 9280 8864
8526 8946 8612
8864 8946 8526
8526 8612 2679
12702 2682 12601
12330 12233 2678
12233 2950 2678
2950 12601 2678
2950 12702 12601
11932 12233 12330
2686 12702 12704
11932 11843 12233
9206 9280 2683
2953 9616 9206
2955 2953 2687
2955 2687 2689
2686 12704 12602
2688 12602 12336
12602 12704 12336
12704 12234 12336
12704 2952 12234
11844 12336 12234
11844 11940 12336
11940 11540 11445
11940 11445 2954
11540 11940 2951
11940 11844 2951
11134 11445 11540
11134 11029 11445
10641 11029 10639
10639 11029 2685
11029 11134 2685
10641 10639 10249
10249 10639 10245
10249 10245 9883
9883 10245 9974
10245 2684 9974
9616 9883 9974
9616 9535 9883
9535 9616 2953
2687 2953 9206
9616 9280 9206
7868 2667 8256
11538 2949 11443
11843 2677 11443
2672 9608 9877
9274 9610 9608
9274 9608 2671
9205 9274 2671
8940 8942 9274
8940 9274 9205
2670 8940 9205
8608 8942 8940
8608 8940 2669
8525 8608 2669
8608 8525 2673
9608 2672 9531
9608 9531 2671
8940 2670 8863
8940 8863 2669
2668 8600 8524
8190 8600 8256
8524 8600 8190
8190 8256 2667
2666 8932 8862
2668 8862 8600
8862 8932 8600
8932 8528 8600
8932 2948 8528
8192 8600 8528
8192 8256 8600
7870 7868 8192
9608 9968 9877
2949 11843 11443
9608 9610 9968
2675 8610 2673
11843 11932 2677
11538 11443 2681
2680 9612 9614
2676 9612 2680
9612 9276 9614
9614 9276 9278
9276 8944 9278
9278 8944 8946
8944 8610 8946
8946 8610 8612
2675 8612 8610
2679 8612 2675
12330 2678 12231
11932 12231 11841
12330 12231 11932
11932 11841 2677
2674 9968 9878
9968 9610 9612
9968 9612 2676
9878 9968 2676
9610 9274 9612
9612 9274 9276
9274 8942 9276
9276 8942 8944
8942 8608 8944
8944 8608 8610
2673 8610 8608
9968 2674 9877
2956 11942 11940
9246 9203 2643
11720 11314 11310
7923 8253 7925
7571 7923 7925
7571 7925 7575
7571 2905 2901
7575 2905 7571
717 2900 2904
713 2900 717
717 455 713
713 455 2624
455 288 2624
288 175 2
288 455 175
2 175 2628
14585 2623 14367
14367 2627 14193
14585 14367 14193
13975 14585 14193
2899 14585 13975
2903 13975 14193
11519 2898 11312
11312 11113 11519
10896 11113 11312
11113 10896 2897
8929 2896 2902
8927 2896 8929
8927 8929 8593
8593 8929 8409
7923 8251 8253
8929 2626 8409
8251 2625 2629
8931 2630 2626
7575 7925 7927
7575 7927 2909
7404 7575 2909
7575 7404 2905
717 2904 544
544 455 717
290 455 544
290 175 455
4 175 290
4 15164 15162
4 15162 2628
175 4 2628
15162 15164 14780
14780 15164 14997
15164 2908 14997
14780 14997 2632
14193 2627 13969
13591 13597 13969
13969 13597 14193
13597 2903 14193
13219 13597 13591
13219 13591 2631
13427 13219 2631
2907 13219 13427
8931 2902 2906
8929 2902 8931
8931 2626 8929
8251 2629 8253
7925 8255 7927
8249 8593 8251
8593 8409 2625
9951 9758 2618
9420 9422 9088
9420 9088 9257
2617 9420 9257
8927 8925 9257
8927 9257 9088
2896 8927 9088
8591 8925 8927
8591 8927 8593
8247 8591 8593
8247 8593 8249
8249 7921 8247
8247 7921 2616
7921 7746 2616
7746 7569 7402
7746 7921 7569
7062 7402 7064
7064 7402 2895
7402 7569 2895
2889 7062 7064
2615 7062 2889
707 2888 2894
705 2888 707
707 2614 705
707 2622 2614
15351 2613 15161
14981 15351 14985
9758 9420 2618
8251 8593 2625
9758 9422 9420
2619 10516 2891
7921 8249 8251
7921 8251 7923
7569 7921 7923
7569 7923 7571
7569 2901 2895
7571 2901 7569
713 2894 2900
707 2894 713
713 2622 707
713 2624 2622
14985 2621 14779
14779 2623 14585
14985 14779 14585
14373 14985 14585
2893 14985 14373
2899 14373 14585
11718 2620 2892
11712 2620 11718
11712 11718 11308
11308 11718 11519
11718 2898 11519
11308 11113 10892
11308 11519 11113
10516 10892 10518
10518 10892 2897
10892 11113 2897
2891 10516 10518
9951 2890 9758
11935 2930 11720
7925 8253 8255
8599 8253 8410
11533 10897 11313
11127 10897 11533
2923 10897 11127
9965 2922 9760
9760 9607 9965
9424 9607 9760
9424 9271 9607
9090 9271 9424
9271 9090 2921
15013 2920 14786
14786 14601 15013
14374 14601 14786
14374 14203 14601
13976 14203 14374
14203 13976 2919
9965 2918 2922
9963 2918 9965
9605 9963 9965
9605 9965 9607
9269 9605 9607
9269 9607 9271
9269 2921 2917
9271 2921 9269
15013 2916 2920
15007 2916 15013
15013 14601 15007
15007 14601 2636
11533 11313 11929
14601 14368 2636
11929 11313 11719
10893 2637 11127
11720 11310 2642
11935 11720 2642
11310 11314 10898
11310 10898 11133
2641 11310 11133
11133 10898 2929
2640 2928 2930
2640 2930 11935
11714 2640 11935
11714 11935 2642
2641 11133 10894
2929 2927 2639
2929 2639 10894
11133 2929 10894
2926 2928 2638
2638 2928 2640
2927 2925 2637
2927 2637 2639
2924 2926 2638
2924 2638 11713
11929 2924 11713
11929 11309 11533
11929 11713 11309
11533 10893 11127
11533 11309 10893
2637 2925 2923
2637 2923 11127
11719 2924 11929
8253 2629 8410
14368 14203 13970
13592 13970 13598
9603 9089 9423
9267 9089 9603
8933 2910 8752
9089 9267 2913
8752 8599 8933
8412 8599 8752
8412 8255 8599
8076 8255 8412
8076 7927 8255
7748 7927 8076
7927 7748 2909
15003 2908 2912
14997 2908 15003
15003 2632 14997
15003 2634 2632
13427 2631 13215
13215 2633 13063
13427 13215 13063
12849 13427 13063
2907 13427 12849
2911 12849 13063
8933 2906 2910
8931 2906 8933
8933 8599 8931
8931 8599 2630
8599 8410 2630
8255 8253 8599
9603 9423 9961
14368 14601 14203
9961 9423 9759
10337 9759 10123
13598 13970 2919
13970 14203 2919
13592 13598 13220
13592 13220 13433
2635 13592 13433
13433 13220 2915
10337 2914 10124
9963 9961 10337
9963 10337 10124
2918 9963 10124
9603 9961 9963
9603 9963 9605
9267 9603 9605
9267 9605 9269
9267 2917 2913
9269 2917 9267
15007 2912 2916
15003 2912 15007
15007 2634 15003
15007 2636 2634
2635 13433 13216
12850 13063 2633
2915 12850 2633
13216 2915 2633
13433 2915 13216
13063 12850 2911
10123 2914 10337
9961 9759 10337
2956 11940 2954
12232 12336 2690
12336 11942 2690
12638 12276 2856
12476 12638 2856
12272 11880 12276
12276 11880 11884
11880 11482 11884
11884 11482 11486
11482 11068 11486
11486 11068 3094
11068 10899 3094
10899 11068 3090
2851 2855 3089
3089 2855 9091
2855 9235 9091
9235 8753 9091
8893 8753 9235
8893 8413 8753
8555 8413 8893
3093 8413 8555
2535 3088 3092
2533 3088 2535
2535 2850 2533
2535 2854 2850
1729 2853 1731
1729 2849 2853
1457 1729 1731
1457 1731 1459
1179 1457 1459
12638 12272 12276
1179 1459 1181
12848 13020 12476
13218 13394 12848
2854 2535 2442
1731 2853 1609
1731 1331 1459
1731 1609 1331
1181 1459 1183
1183 1459 2859
1459 1331 2859
927 1181 1183
927 1183 933
927 933 681
681 933 543
933 2858 543
681 289 421
681 543 289
421 3 139
421 289 3
139 15163 15319
139 3 15163
15319 15163 2852
2857 14155 13974
3095 13974 14155
3095 3091 13774
13974 3095 13774
13596 13974 13774
13218 13774 13394
13596 13774 13218
12848 13394 13020
12476 13020 12638
3096 2854 2442
923 1179 1181
679 923 927
3083 9916 9761
9556 9761 9916
9556 9425 9761
2845 2851 3089
2845 3089 9425
9556 2845 9425
2797 3082 2732
3088 2533 2440
2732 3088 2440
2844 2732 2440
2797 2732 2844
2440 2533 2850
1727 2849 1729
1727 2843 2849
1727 1729 1457
1727 1457 1335
3081 1727 1335
1457 1069 1335
1179 1069 1457
1179 805 1069
923 805 1179
923 679 675
923 675 3080
805 923 3080
675 3087 3079
679 3087 675
15317 3078 3086
3090 11068 11064
923 1181 927
3090 11064 3084
11064 11482 11311
679 927 681
679 681 421
679 421 291
3087 679 291
421 5 291
139 5 421
139 15319 15317
139 15317 3086
5 139 3086
15319 2848 15317
15319 2852 2848
3091 13602 13774
13224 13774 13602
13224 13394 13774
12852 13394 13224
12852 13020 13394
12478 13020 12852
12478 12638 13020
3085 12638 12478
12272 12638 12101
12638 3085 12101
3085 2847 12101
11880 12101 11715
12272 12101 11880
11482 11715 11311
11880 11715 11482
11064 11068 11482
2846 11064 11311
15315 3078 15317
2860 2854 3096
8411 2861 8555
2865 7749 3103
2865 7747 7749
7749 7747 7405
7405 7747 7403
7405 7403 7065
7065 7403 7063
7065 7063 6707
6707 7063 6705
6707 6705 6385
6385 6705 6383
6383 6065 6385
6385 6065 3102
6065 6189 3102
6189 5723 5851
6189 6065 5723
5851 5377 5513
5851 5723 5377
2869 3107 3101
2869 3101 5513
5377 2869 5513
2007 3100 1900
1900 1614 1610
1900 1610 2864
2007 1900 2864
1610 1614 1332
1332 1614 1465
1614 3106 1465
3108 11094 11086
1332 1191 1066
3108 11086 3104
11498 11086 11504
2870 11504 11717
11504 11094 11508
11508 11094 3112
11094 10901 3112
10901 11094 3108
2869 2873 3107
3107 2873 4997
2873 5149 4997
3111 4997 5149
1467 3106 3110
1465 3106 1467
1191 1465 1467
1191 1467 1193
1193 945 1191
1191 945 2868
945 804 2868
804 945 2872
2871 3109 2867
2867 3109 14963
3109 14790 14963
14790 14553 14963
14378 14553 14790
14553 14378 3105
2866 11894 11716
11894 11498 11504
11894 11504 2870
11716 11894 2870
11504 11086 11094
2535 3092 2442
1332 1465 1191
2867 14963 14784
2178 3100 2007
1898 2007 2864
1183 2859 1065
1183 803 933
1183 1065 803
933 803 2858
2863 14551 14372
14157 14155 14551
14551 14155 14372
14155 2857 14372
14155 3099 3095
14157 3099 14155
2862 12276 12280
2856 12276 2862
12276 11884 12280
12280 11884 11888
11884 11486 11888
11888 11486 11492
3098 11486 3094
3098 11492 11486
9235 2855 9087
9235 8751 8893
9235 9087 8751
8893 8411 8555
8893 8751 8411
2861 3097 3093
2861 3093 8555
1898 2178 2007
1066 1191 2868
2176 2178 1898
2178 2860 3096
14553 14551 14963
14963 14551 14784
14551 2863 14784
14157 14551 14553
14157 14553 3105
13980 14157 3105
14157 13980 3099
2862 12280 12102
12280 11888 11894
12280 11894 2866
12102 12280 2866
11888 11492 11894
11894 11492 11498
11498 11492 11086
11086 11492 10900
11492 3098 10900
10900 3104 11086
2861 8077 3097
2861 8075 8077
2865 8077 8075
3103 8077 2865
6067 3102 6189
6189 5725 6067
5851 5725 6189
5851 5379 5725
5513 5379 5851
3101 5379 5513
2176 2860 2178
15315 15317 14947
14947 15317 14783
15317 2848 14783
2261 3052 2263
2261 2263 1983
1983 2263 1895
2263 2820 1895
1983 1607 1715
1983 1895 1607
1607 2819 1445
1715 1607 1445
1333 1715 1445
3051 1715 1333
1445 1067 1333
1167 1067 1445
3055 1067 1167
15299 3050 3054
15297 3050 15299
15299 2816 15297
15299 2818 2816
3053 3049 2815
3053 2815 2817
2177 3052 2261
2261 1899 2177
1983 1899 2261
1983 1611 1899
1715 1611 1983
3051 1611 1715
15165 3050 15297
14781 14787 15165
2263 3052 3056
14781 15165 15297
3057 12105 12247
3053 2821 12105
14370 14376 13978
14370 13978 13972
13978 2826 13972
13978 3062 2826
12247 2825 12253
12247 2821 2825
12247 3061 3057
12253 3061 12247
2441 3060 2517
2175 2263 2824
2263 3056 2824
3056 2517 2824
3056 2441 2517
2263 2175 2820
1445 2823 1447
1445 2819 2823
1167 1445 1447
1167 1447 1169
1167 3059 3055
1169 3059 1167
15299 3054 15166
3058 14939 14782
15166 3058 14782
2818 15166 14782
15299 15166 2818
14782 14939 2822
2817 2821 3053
2821 12247 12105
14939 14788 2822
2816 14781 15297
14787 14369 3048
10640 10250 10246
10250 9884 10246
10246 9884 2696
9884 9988 2696
9536 9532 9884
9884 9532 9988
9532 2695 9988
2959 9532 9536
2693 9532 2959
2692 11550 11444
2694 11444 11148
11444 11550 11148
11550 11030 11148
11550 2958 11030
11030 2960 11148
2959 2957 2691
2959 2691 2693
2690 11942 11842
2692 11842 11550
11842 11942 11550
11942 11446 11550
11942 2956 11446
11446 2958 11550
2957 2955 2689
2957 2689 2691
2688 12336 12232
12336 11940 11942
10640 10642 10250
14781 14369 14787
2960 10642 11148
10642 10640 11028
14369 14517 3048
14517 13971 14119
14517 14369 13971
14119 13593 13737
14119 13971 13593
13737 13217 13357
13737 13593 13217
13357 12847 12989
13357 13217 12847
12475 12477 12847
12847 12477 12989
12477 3047 12989
2815 12477 12475
3049 12477 2815
14375 3048 14517
14517 13977 14375
14119 13977 14517
14119 13599 13977
13737 13599 14119
13737 13221 13599
13357 13221 13737
13357 12851 13221
12989 12851 13357
3047 12851 12989
2696 9988 9880
9880 9988 2695
2694 11148 11028
10642 11028 11148
14788 14370 2822
14788 14376 14370
14939 3058 14788
1997 2837 1897
1725 1997 1727
1727 1997 2843
1997 1897 2843
1725 3081 3071
1727 3081 1725
545 3080 675
3079 545 675
15167 3078 15315
15315 14789 15167
14947 14789 15315
14947 14377 14789
14539 14377 14947
3077 14377 14539
13768 2842 13595
13380 13388 13768
13380 13768 13595
2836 13380 13595
3076 13380 3070
3076 13388 13380
3075 12108 12264
3069 2835 2841
3069 2841 12264
12108 3069 12264
11060 2840 10895
10674 10895 10517
11060 10895 10674
2797 2844 2838
10280 10125 2834
2797 2838 2795
2797 3072 3082
14947 14371 14539
14947 14783 14371
13973 13979 14371
14371 13979 14539
13979 3077 14539
13979 13973 13601
13601 13973 13768
13973 2842 13768
13388 13601 13768
13388 13223 13601
13223 13388 3076
3085 3075 2847
2847 3075 12100
3075 12264 12100
12100 12264 2841
2846 11060 11064
2840 11060 2846
11060 10674 11064
11064 10674 3084
10674 10519 3084
10519 10674 3074
3073 9916 3083
3073 9906 9916
9556 9916 9906
9556 9906 2839
9421 9556 2839
9556 9421 2845
2795 3072 2797
10125 3074 2834
3074 10517 2834
3074 10674 10517
1993 2827 2831
1721 1993 1995
1721 1995 3067
1612 1721 3067
1721 1612 3063
13600 2826 3062
13594 2826 13600
13600 2830 13594
13600 3066 2830
2829 3065 2825
2825 3065 12253
3065 12106 12253
12253 12106 3061
3060 3064 2828
3060 2828 2437
2517 3060 2437
2517 2437 2824
2827 1993 1896
1896 1721 1608
1896 1993 1721
1334 1447 2823
3063 1334 2823
1608 3063 2823
1721 3063 1608
1334 1169 1447
1068 1169 1334
1169 1068 3059
1993 2831 1995
2438 2521 2832
2438 2828 2521
2828 3068 2521
9906 3073 9757
3073 10125 9757
10125 2833 9757
10125 10280 2833
9906 9757 2839
2731 3072 2795
2439 2521 2838
2521 3068 2838
3068 2795 2838
3068 2731 2795
2521 2439 2832
1995 2837 1997
1995 2831 2837
14985 15351 2621
1995 1997 1725
3067 1995 1613
3071 1613 1725
2836 2830 3066
2836 3066 13222
13380 2836 13222
13222 3070 13380
2829 12107 3065
2829 12099 12107
2835 12107 12099
3069 12107 2835
10280 2834 10121
10280 10121 2833
2828 3064 3068
1995 1725 1613
11504 11902 11717
15351 15161 2621
14985 2893 14981
2665 7522 7524
2381 7522 2665
9876 2380 2664
9872 2380 9876
2663 9872 9876
2379 9872 2663
2378 9262 9198
2666 2382 2662
2662 2382 9262
2382 9198 9262
2665 7190 2381
2665 7192 7190
2661 7190 7192
2377 7190 2661
10244 2376 2660
10240 2376 10244
10244 2380 10240
10244 2664 2380
2663 9526 2379
2663 9530 9526
9530 9204 9526
9526 9204 2378
9204 9262 2378
9204 2662 9262
2661 2659 2375
2661 2375 2377
2374 11112 11022
7522 2383 7928
10638 10634 11022
7868 7522 7928
2667 7868 7928
2387 2389 2669
2387 2669 8863
8938 2387 8863
2388 9268 9270
2386 9268 2388
9268 8936 9270
9270 8936 8938
2385 8938 8936
2387 8938 2385
9268 2386 9199
8934 8936 9268
8934 9268 9199
2384 8934 9199
8524 8934 2668
8524 8520 2385
8934 8524 2385
8936 8934 2385
8520 8524 8190
8520 8190 8186
7866 8186 8190
7866 8190 2667
7928 7866 2667
7866 7928 2383
2384 2382 2666
2384 2666 8862
8934 2384 8862
8862 2668 8934
7524 7522 7868
8938 8863 2670
10638 11022 11112
10638 2376 10634
8189 8185 7867
7867 8185 7865
7867 7865 7521
7867 7521 7564
2653 7867 7564
7564 7521 2369
11021 2652 2368
11025 2652 11021
11025 11021 10637
10637 11021 10706
11021 2366 10706
10318 10322 10706
10706 10322 10637
10322 2651 10637
10318 9944 10322
10322 9944 9946
2650 9944 2648
2650 9946 9944
2649 2647 2365
2649 2365 2367
10706 2366 10633
10318 10633 10239
10706 10633 10318
9942 9944 10318
9942 10318 10239
2364 9942 10239
2648 9942 2646
2367 8185 8189
2658 10638 11112
2367 8189 2649
9946 9875 10243
10638 2660 2376
2373 7191 2657
2373 7189 7191
2375 7191 7189
2659 7191 2375
11442 2372 2656
11438 2372 11442
11442 11026 11438
11438 11026 2374
11026 11112 2374
11026 2658 11112
2657 2655 2371
2657 2371 2373
2656 2372 2370
2656 2370 11514
11441 2656 11514
11441 11514 2654
2653 7564 7523
2369 2371 2655
2369 2655 7523
7564 2369 7523
11514 2370 11437
2652 2654 2368
2368 2654 11437
2654 11514 11437
2651 10322 10243
9946 10243 10322
9875 9946 2650
2648 9944 9942
9272 8938 2670
9270 9272 2671
2402 12706 12600
2404 12600 12338
12600 12706 12338
12706 12232 12338
12706 2688 12232
12232 2690 12338
2689 2687 2401
2689 2401 2403
2402 2400 2686
2402 2686 12602
12706 2402 12602
12602 2688 12706
2685 10738 10639
10350 10639 10738
10350 10245 10639
10245 10350 2684
2687 9200 2401
2687 9206 9200
2683 9200 9206
2399 9200 2683
2682 2686 2398
2398 2686 2400
2681 11132 11027
10736 10738 11132
11132 10738 11027
10738 2685 11027
10736 10348 10738
2691 2403 2405
10738 10348 10350
2691 2689 2403
11842 2406 11840
9632 9992 9628
9628 9992 2695
9992 9880 2695
2409 9632 9628
2411 9632 2409
2410 2408 2694
2410 2694 11028
11152 2410 11028
10640 11152 11028
10640 10752 11152
10246 10752 10640
10246 10364 10752
10246 2696 10364
2695 9532 9628
2693 2407 2409
2693 2409 9628
9532 2693 9628
11444 2406 2692
11440 2406 11444
11444 2408 11440
11444 2694 2408
2693 2691 2405
2693 2405 2407
2404 12338 12230
11842 11840 12230
11842 12230 12338
2690 11842 12338
11842 2692 2406
9270 8938 9272
10348 9972 10350
9972 9879 2684
12231 12229 11841
11841 12229 11839
2395 11841 11839
2677 11841 2395
2394 2392 2674
2394 2674 9878
9970 2394 9878
9878 2676 9970
2673 2391 2675
2675 2391 8266
2391 8187 8266
8266 8187 2393
9873 2674 2392
9877 2674 9873
9873 2672 9877
9873 2390 2672
2671 9272 9205
9205 9272 2670
2389 8525 2669
2389 8521 8525
2391 8525 8521
2673 8525 2391
9527 2672 2390
9531 2672 9527
9270 9527 2388
9531 9527 2671
9527 9270 2671
12231 2678 12229
10350 9972 2684
12229 2678 2396
2675 8266 8188
9879 9972 2680
2683 8860 2399
2683 8864 8860
8860 8864 8526
8860 8526 8522
2679 8522 8526
2397 8522 2679
12599 2682 2398
12601 2682 12599
12599 2678 12601
12599 2396 2678
2395 11443 2677
2395 11439 11443
11443 11439 11023
11443 11023 11132
2681 11443 11132
10736 11023 10635
11132 11023 10736
10348 10635 10241
10736 10635 10348
9970 9972 10348
9970 10348 10241
2394 9970 10241
2680 9970 2676
2680 9972 9970
2679 2675 2397
2397 2675 8188
8188 8266 2393
10364 2696 9880
2363 8523 2645
2365 8523 8519
9593 9949 9756
2618 9593 9756
9255 9591 9593
9255 9593 2617
9086 9255 2617
9255 9086 2611
2348 2610 2616
2348 2616 7919
7744 2348 7919
7744 7919 2352
2615 6704 6878
6382 6878 6704
6382 6532 6878
6202 6062 2351
2609 6202 2351
6532 2609 2351
6382 2609 6532
6062 6202 2347
441 2608 2614
439 2608 441
159 439 441
159 441 161
159 2613 2607
161 2613 159
2606 2612 2346
2346 2612 2350
2349 9949 9754
9593 9591 9949
9754 9591 9418
2349 10118 9949
10118 10120 9756
7746 7402 7400
7746 7400 2352
7919 7746 2352
7400 7402 7062
7400 7062 7060
6702 7060 7062
6702 7062 2615
6878 6702 2615
6380 6878 6532
6702 6878 6380
6380 6532 2351
443 2614 2622
441 2614 443
161 441 443
161 443 165
161 165 15357
161 15357 15161
2613 161 15161
2621 15161 15357
2350 2612 2620
2350 2620 11913
11710 2350 11913
11710 11913 2354
2353 10715 10514
10118 10514 10120
10120 10514 2619
10514 10715 2619
10118 9756 9949
7919 2616 7746
9754 9949 9591
2605 2345 9418
2343 2597 6195
6061 2343 6195
699 2596 542
2602 437 286
542 2602 286
2338 542 286
699 542 2338
157 155 437
437 155 286
155 2337 286
15343 155 157
15343 157 2601
15160 15343 2601
15343 15160 2595
2594 2600 2336
2336 2600 2342
9249 2341 9251
9249 2335 2341
8917 9249 9251
8917 9251 2599
8750 8917 2599
8583 8579 8917
8583 8917 8750
2598 8583 8750
8583 2334 8579
8583 2340 2334
2333 2339 2593
2343 2603 2597
9255 9085 2605
6195 2339 6061
8583 8408 2340
9255 2605 9418
9591 9255 9418
2611 9085 9255
8243 2604 8074
2348 2344 2610
2610 2344 8074
2344 8243 8074
2609 6064 6202
2603 2343 2347
2603 2347 6202
6064 2603 6202
439 2602 2608
437 2602 439
157 437 439
157 439 159
157 2607 2601
159 2607 157
2600 2606 2342
2342 2606 2346
2345 2605 2341
2341 2605 9251
2605 9084 9251
9251 9084 2599
8583 2598 8408
2604 8243 8072
8408 2604 8072
2340 8408 8072
8072 8243 2344
2363 8519 8523
9593 9420 2617
10715 10516 2619
11535 11931 11933
11535 11933 11537
11129 11535 11537
11129 11537 11131
11129 2639 2637
11131 2639 11129
11713 2638 11931
11931 11309 11713
11535 11309 11931
11535 10893 11309
11129 10893 11535
2637 10893 11129
14597 2636 14368
14368 13970 13966
14368 13966 2360
14597 14368 2360
13966 13970 13592
13966 13592 13811
2359 13966 13811
13811 13592 2635
2358 2634 2636
2358 2636 14597
14364 2358 14597
14364 14597 2360
2359 13811 13588
13216 13431 2357
2635 13216 2357
11931 2638 11933
13588 2635 2357
11933 2638 2640
10894 11131 2641
2647 8523 2365
9942 2364 9871
9582 9529 2362
9529 2646 2362
2646 9871 2362
2646 9942 9871
9529 9582 2644
2643 8914 8861
2361 2363 2645
2361 2645 8861
8914 2361 8861
9582 2362 9525
9525 9197 9203
9525 9203 2644
9582 9525 2644
9203 9197 8859
9203 8859 8914
2643 9203 8914
8914 8859 2361
11539 2642 11310
11539 11310 2641
11933 2640 11714
11539 11537 11933
11539 11933 11714
2642 11539 11714
11131 11537 11539
11131 11539 2641
11131 10894 2639
9593 2618 9420
13811 2635 13588
2632 2634 2356
14989 15361 15365
14989 15365 14993
14989 14993 14589
14989 14589 14367
2623 14989 14367
2627 14367 14589
8409 2626 8595
2625 8409 8595
451 2622 2624
443 2622 451
165 443 451
165 451 171
15357 165 171
15357 171 15361
15357 15361 14989
15357 14989 14779
2621 15357 14779
2623 14779 14989
11913 2620 11712
11712 11308 11306
11712 11306 2354
11913 11712 2354
11306 11308 10892
11306 10892 10890
10890 10892 10516
10890 10516 10715
2353 10890 10715
2628 15365 2
13431 13216 2633
15365 171 2
2 171 288
2356 2634 2358
2355 2357 2631
2631 2357 13215
2357 13431 13215
2633 13215 13431
8597 2630 8410
8597 8410 2629
15365 2628 15162
15162 14993 15365
14780 14993 15162
14993 14780 2632
2632 2356 14363
14993 2632 14363
14589 14993 14363
13965 13969 14363
14363 13969 14589
13969 2627 14589
13969 13965 13591
13591 13965 13587
2355 13591 13587
2631 13591 2355
8597 2626 2630
8595 2626 8597
8595 2629 2625
8597 2629 8595
451 2624 288
288 171 451
15365 15361 171
9992 10364 9880
10370 10364 9992
10756 10364 10370
1610 1463 1735
1332 1463 1610
1332 1187 1463
1066 1187 1332
941 937 1187
941 1187 1066
2868 941 1066
941 2582 937
941 2588 2582
15325 2587 15331
15325 2581 2587
14961 15325 15331
14961 15331 2867
14784 14961 2867
14961 14784 2863
12102 2580 2862
12098 2580 12102
12102 2586 12098
12102 2866 2586
8561 2585 8569
8561 2579 2585
8561 8569 8231
8561 8231 8075
2861 8561 8075
8075 8231 2865
2584 7745 7900
7550 7745 7401
1735 2864 1610
7900 7745 7550
2869 5377 5517
5857 5377 5723
15331 2871 2867
15337 2871 15331
2590 2586 2866
2590 2866 11716
11898 2590 11716
11716 2870 11898
8569 2585 8407
8569 8073 8231
8569 8407 8073
7747 8073 2584
7747 2584 7900
8073 7747 8231
7747 2865 8231
7550 7747 7900
7550 7403 7747
7063 7403 7061
7061 7403 2583
7403 7550 2583
7063 7061 6705
6705 7061 6703
6705 6703 6383
6383 6703 6381
6065 6383 6381
6065 6381 2589
6191 6065 2589
6191 5723 6065
5857 5723 6191
5517 5377 5857
15331 2587 2591
7550 7401 2583
2176 2005 2281
2580 12474 12642
2577 9087 2855
2577 9083 9087
9087 9083 8751
8751 9083 8749
8411 8751 8749
8411 8749 2579
8561 8411 2579
2861 8411 8561
2281 2854 2860
2279 2854 2281
2003 2279 2281
2003 2281 2005
2003 2005 1733
2003 1733 1609
2853 2003 1609
1733 1331 1609
1461 1331 1733
2859 1331 1461
543 2858 683
683 289 543
423 289 683
423 3 289
141 3 423
141 15163 3
15321 15163 141
15321 14959 14955
2856 2580 12642
2281 2860 2176
2862 2580 2856
14549 14372 2857
1898 2005 2176
1735 1733 2005
1735 2005 1898
2864 1735 1898
1461 1733 1735
1461 1735 1463
1461 1463 1187
1461 1187 1065
2859 1461 1065
1187 803 1065
937 803 1187
541 683 2582
683 2858 2582
2858 937 2582
2858 803 937
683 287 423
683 541 287
423 1 141
423 287 1
15321 141 15325
15325 141 2581
141 1 2581
14959 15321 15325
14959 15325 14961
14549 14959 14961
14549 14961 2863
14372 14549 2863
2578 12642 12474
15321 14955 2852
15331 2591 15337
2872 2588 804
15347 2607 2613
15347 15351 14981
15347 14981 14785
2883 15347 14785
2887 14785 14981
12103 2886 12307
2606 2882 2612
2612 2882 12307
2882 12103 12307
9253 2605 9085
8921 9253 8923
8923 9253 2611
9253 9085 2611
8587 8921 8923
8587 8923 8589
8589 8245 8587
8587 8245 2604
8245 8074 2604
8074 8245 2610
2885 6384 6528
6066 6064 6384
6384 6064 6528
6064 2609 6528
2881 6064 6066
2603 6064 2881
703 2880 2884
701 2880 703
15347 2613 15351
703 2602 701
705 2614 2608
703 2884 705
12307 2886 12104
2620 2612 2892
2892 2612 12104
2612 12307 12104
2891 10120 2619
2891 10122 10120
10120 10122 9756
9756 10122 9951
10122 2890 9951
9756 9951 2618
2617 9257 9086
8925 8923 9257
9257 8923 9086
8923 2611 9086
8589 8923 8925
8589 8925 8591
8245 8589 8591
8245 8591 8247
8247 2610 8245
8247 2616 2610
2889 6704 2615
2889 6706 6704
6382 6704 6706
6382 6706 2885
6528 6382 2885
6382 6528 2609
705 2884 2888
705 2608 703
2588 941 804
703 2608 2602
15345 2601 2607
5861 6193 5863
5863 6193 2597
6193 6063 2597
5521 5861 5863
5521 5863 5525
5521 2877 2873
5525 2877 5521
2872 2876 2592
2592 2876 2596
15337 2591 15159
2595 2875 2871
2595 2871 15337
15159 2595 15337
2874 2594 2590
2874 2590 11898
11717 2874 11898
11717 11898 2870
6191 2593 6193
6191 2589 2593
5857 6191 6193
5857 6193 5861
5517 5857 5861
5517 5861 5521
5517 2873 2869
5521 2873 5517
941 2868 804
2592 2588 2872
6193 2593 6063
15345 2607 15347
8750 8919 2598
2594 2878 2600
15345 2883 2879
15347 2883 15345
2878 2882 2600
2600 2882 2606
2605 9253 9084
8921 8919 9253
9253 8919 9084
8919 2599 9084
8921 8587 8919
8919 8587 2598
8587 8408 2598
8408 8587 2604
2603 2881 2597
2597 2881 5863
2881 5724 5863
5724 5525 5863
5378 5525 5724
5525 5378 2877
2596 2876 2880
2596 2880 701
542 2596 701
542 701 2602
2601 15345 15160
2879 2875 2595
2879 2595 15160
15345 2879 15160
2874 2878 2594
2599 8919 8750
15163 15321 2852
14547 14955 14959
14547 14959 14549
2265 1985 2820
2175 2265 2820
1717 1985 1991
1717 1991 1719
1717 2823 2819
1719 2823 1717
14782 2562 2818
14778 2562 14782
14778 14782 14366
14366 14782 14529
14782 2822 14529
14366 14529 2564
12617 2563 12619
12617 2561 2563
12617 2821 2817
12619 2821 12617
1895 2820 1985
1985 1607 1895
1717 1607 1985
2819 1607 1717
2816 2818 2562
2816 2562 14777
14935 2816 14777
14935 14777 2560
12991 2559 12845
12615 12991 12617
12617 12991 2561
2265 1991 1985
12991 12845 2561
2175 2824 2265
2565 2821 12619
2832 2271 2438
2269 2831 2827
2271 2831 2269
2568 2566 2826
2568 2826 13594
13758 2568 13594
13594 2830 13758
2829 2825 2565
2829 2565 2567
2437 2828 2519
2519 2269 2265
2519 2265 2824
2437 2519 2824
1991 2265 2269
1991 2269 2827
1896 1991 2827
1896 1719 1991
1608 1719 1896
1719 1608 2823
14529 2822 14370
14370 13972 13968
14370 13968 2564
14529 14370 2564
13972 2566 13968
13972 2826 2566
12619 2563 12473
2565 2825 2821
12473 2565 12619
2271 2519 2438
12615 2817 2815
14781 2816 14935
10760 10374 10764
10764 10374 10378
10374 9996 10378
10378 9996 10000
9996 9636 10000
10000 9636 9640
9308 9640 9636
9308 9636 2413
9201 9308 2413
9308 9201 2415
2412 11156 11024
11156 10756 10760
11156 10760 2414
11024 11156 2414
10756 10370 10760
10760 10370 10374
10370 9992 10374
10374 9992 9996
9992 9632 9996
9996 9632 9636
2411 9636 9632
2413 9636 2411
2412 11152 11156
2410 11152 2412
11152 10752 11156
11156 10752 10756
10752 10364 10756
2414 10760 2416
12617 2817 12615
2416 10760 10764
9528 9640 9202
14365 14369 14781
14365 14781 14935
2560 14365 14935
14369 14365 13971
13971 14365 13967
13971 13967 13593
13593 13967 13589
13593 13589 13217
13217 13589 13213
12847 13217 13213
12847 13213 2559
12991 12847 2559
12991 12475 12847
12615 12475 12991
2815 12475 12615
2418 10384 10242
10242 10384 2417
2416 10764 10636
10764 10378 10384
10764 10384 2418
10636 10764 2418
10384 10378 10000
10384 10000 9874
2417 10384 9874
9528 10000 9640
9874 10000 9528
9202 9640 9308
9202 9308 2415
2271 2269 2519
2519 2828 2438
2833 10121 10279
13590 13773 2576
2847 12268 12101
11876 12101 12268
11876 11715 12101
11478 11715 11876
11478 11311 11715
11311 11478 2846
9555 2573 9419
2575 2851 2845
2575 2845 9555
9419 2575 9555
2529 2844 2440
2277 2275 2529
2277 2529 2440
2850 2277 2440
1999 2275 2277
1999 2277 2001
1999 2849 2843
2001 2849 1999
14783 2848 14951
14951 14371 14783
14543 14371 14951
14543 13973 14371
14151 13973 14543
2572 2842 2574
2574 2842 14151
2842 13973 14151
13773 13590 2574
2847 12100 12268
14151 13773 2574
14151 14547 14153
14153 14547 14549
14153 14549 2857
13974 14153 2857
13974 13773 14153
13596 13773 13974
13596 13218 13214
13596 13214 2576
13773 13596 2576
13214 13218 12848
13214 12848 12846
12848 12476 12846
12846 12476 2578
12476 12642 2578
12476 2856 12642
2855 2851 2575
2855 2575 2577
2279 2850 2854
2277 2850 2279
2001 2277 2279
2001 2279 2003
2001 2853 2849
2003 2853 2001
14955 2848 2852
14951 2848 14955
14543 14951 14955
14543 14955 14547
14151 14543 14547
14153 13773 14151
11876 12268 11872
11872 12268 2841
12268 12100 2841
10515 10119 10517
10517 10119 2834
10119 10279 2834
10119 2571 9905
10279 10119 9905
9757 10279 9905
2833 10279 9757
2839 9757 9905
2439 2838 2525
2525 2273 2271
2525 2271 2832
2439 2525 2832
2271 2837 2831
2273 2837 2271
2570 13758 13764
2568 13758 2570
2836 13758 2830
2836 13764 13758
2567 12099 2829
2567 12097 12099
12099 12097 11711
12099 11711 11868
2835 12099 11868
11470 11711 11307
11868 11711 11470
11470 11307 2569
10121 2834 10279
10517 10891 10515
10895 10891 10517
10891 10895 2840
11470 10891 2840
11872 11474 11876
11876 11474 11478
2846 11474 2840
2846 11478 11474
9905 2571 9755
9755 2573 9555
9905 9755 9555
9421 9905 9555
2839 9905 9421
2845 9421 9555
2529 2838 2844
2525 2838 2529
2273 2525 2529
14981 2893 2887
2273 2529 2275
2273 1999 1897
2837 2273 1897
2843 1897 1999
2842 2572 2570
2842 2570 13764
13595 2842 13764
13595 13764 2836
2835 11872 2841
2835 11868 11872
11868 11470 11872
11872 11470 11474
2569 10891 11470
11474 11470 2840
2273 2275 1999
11504 11508 11902
11902 2874 11717
3113 2871 2875
11135 3396 10908
11135 10908 3395
7263 3394 3398
7261 3394 7263
7263 6913 7261
7261 6913 3174
6913 6710 3174
6390 6563 3173
3397 6390 3173
6710 3397 3173
6913 3397 6710
6563 6390 3393
11322 3172 3392
11318 3172 11322
11318 11322 10904
10904 11322 11135
11322 3396 11135
10520 10904 10524
10524 10904 3395
10904 11135 3395
3391 10520 10524
3171 10520 3391
7261 3390 3394
7259 3390 7261
7259 7261 6907
6907 7261 6709
7261 3174 6709
6913 6714 3397
6559 6907 6563
6714 6913 7070
7263 3398 7070
9592 9254 3400
9254 9211 3400
8922 8924 9254
9254 8924 9211
8924 3399 9211
8590 8924 8922
8590 8922 3179
8529 8590 3179
8590 8529 3181
9590 3180 9537
9252 9254 9590
9252 9590 9537
3178 9252 9537
9252 8920 9254
9254 8920 8922
3177 8922 8920
3179 8922 3177
3178 9250 9252
3176 9250 3178
9250 8918 9252
9252 8918 8920
3175 8920 8918
3177 8920 3175
9250 3176 9209
8918 9209 8867
9250 9209 8918
8918 8867 3175
7070 6913 7263
9590 9254 9592
6563 6907 3173
6559 3393 3389
6551 6899 6903
6551 6903 6555
6223 6551 6555
6223 6555 6225
5887 6223 6225
5887 6225 3385
5730 5887 3385
5730 5555 5887
5384 5555 5730
5384 5187 5555
5002 5187 5384
5187 5002 3379
13441 3378 3384
13439 3378 13441
13073 13439 13441
13073 13441 13075
12697 13073 13075
12697 13075 3383
12482 12697 3383
3168 3166 3382
3382 3166 12482
3166 12697 12482
3381 10128 3167
3381 10130 10128
10128 10130 9766
10128 9766 9764
9764 9766 9428
6899 7257 6903
6907 6709 3173
6899 7255 7257
7257 3380 3386
6563 3393 6559
11730 3170 3388
11724 3170 11730
11730 3172 11724
11730 3392 3172
3391 3387 3169
3391 3169 3171
7259 3386 3390
7257 3386 7259
6903 7257 7259
6903 7259 6907
6555 6903 6907
6555 6907 6559
6225 6555 6559
6225 6559 3389
6072 6225 3389
6225 6072 3385
13441 3384 13232
13232 13075 13441
12858 13075 13232
13075 12858 3383
12118 3168 3382
12112 3168 12118
12118 3170 12112
12118 3388 3170
3387 3381 3167
3387 3167 3169
7255 3380 7257
9764 9428 9609
3180 9590 3182
8530 8590 3181
13731 13605 13227
12981 13351 12985
12985 13351 3267
13351 13227 3267
12981 3475 3473
12985 3475 12981
15173 3474 15289
15289 14799 15173
14923 14799 15289
14923 14387 14799
14509 14387 14923
14509 14111 14107
14509 14107 3472
14387 14509 3472
13727 14107 14111
13727 14111 13731
13347 13727 13731
13347 13731 13351
13347 13351 12981
13347 12981 12859
3471 13347 12859
3473 12859 12981
13989 3472 14107
14107 13611 13989
13727 13611 14107
13727 13233 13611
13347 13233 13727
13731 13227 13351
3471 13233 13347
14111 13983 13605
14509 14381 13983
111 15169 15293
111 7 15169
15293 15169 3268
12985 3267 12855
12855 3269 12611
12985 12855 12611
12483 12985 12611
3475 12985 12483
12611 12119 12483
12239 12119 12611
12239 11731 12119
11847 11731 12239
11847 11323 11731
11451 11323 11847
11451 10909 11323
11039 10909 11451
3477 10909 11039
11 3476 111
111 15293 15289
111 15289 3474
11 111 3474
15289 15293 14923
14923 15293 14793
15293 3268 14793
14923 14381 14509
14923 14793 14381
14509 13983 14111
14111 13605 13731
3182 9590 9592
3194 10748 10644
10644 10748 10252
3186 9260 9210
8868 9260 8928
9210 9260 8868
8868 8928 3185
3184 9952 9886
9538 9952 9594
9886 9952 9538
9594 9258 9260
9594 9260 3186
9538 9594 3186
9258 8926 9260
9260 8926 8928
3183 8928 8926
3185 8928 3183
9952 3184 9885
9592 9594 9952
9592 9952 9885
3182 9592 9885
9594 9592 9258
9258 9592 9212
9592 3400 9212
8926 9258 8924
8924 9258 3399
9258 9212 3399
8926 8924 8590
8926 8590 8530
3183 8926 8530
10740 10643 3187
10252 10748 10360
10740 3188 10643
10645 10740 3187
10252 10360 3193
3192 11144 11032
3194 11032 10748
11032 11144 10748
11144 10646 10748
11144 3404 10646
10360 10748 10356
10356 10748 3403
10748 10646 3403
3191 10360 10356
3193 10360 3191
3192 11140 11144
3190 11140 3192
3404 11140 3402
3404 11144 11140
3401 10356 3403
3401 10354 10356
3189 10356 10354
3191 10356 3189
11140 3190 11031
10740 10645 3188
10645 3402 3188
3402 11031 3188
3402 11140 11031
10354 3401 10251
3401 10645 10251
10645 3187 10251
10354 10251 3189
7 111 3476
3165 9764 9609
9094 9273 9428
3357 7408 7576
3353 3137 3143
3353 3143 7576
7408 3353 7576
3136 714 546
3142 546 456
546 714 456
714 296 456
714 3352 296
296 3356 456
14189 3135 13981
3141 3355 3351
3141 3351 14189
13981 3141 14189
11915 3350 11728
3354 11521 11316
11728 3354 11316
3134 11728 11316
11915 11728 3134
11316 11521 3140
10329 3139 10331
10329 3133 3139
9953 10329 10331
9953 10331 9955
9955 3132 9953
9955 3138 3132
3353 7066 3137
9955 9763 3138
3353 7068 7066
10333 3144 9763
10331 10333 9955
13064 12853 3151
3358 3362 3146
3146 3362 3150
10333 3145 10127
10333 10127 3144
3361 3357 3149
3149 3357 7406
3357 7576 7406
7406 7576 3143
3142 456 292
3360 3148 3356
3356 3148 456
3148 292 456
3141 13609 3355
3141 13603 13609
13609 13603 13225
13609 13225 13428
3359 13609 13428
13428 13225 3147
11521 3354 11320
11320 10906 10902
11320 10902 3140
11521 11320 3140
10906 3146 10902
10906 3358 3146
10331 3145 10333
10331 3139 3145
9955 10333 9763
13231 13428 3147
3349 7066 7068
3136 3130 3348
3340 3344 3122
3122 3344 3126
3343 3339 3121
3343 3121 3125
3338 3342 3120
3120 3342 3124
3341 6386 3123
3341 6388 6386
6386 6388 6070
6386 6070 6068
6068 6070 5728
6068 5728 5726
3337 5726 5728
3119 5726 3337
3336 3340 3118
3118 3340 3122
3117 14797 3335
3117 14791 14797
3121 14797 14791
3339 14797 3121
12109 3338 3120
12115 3338 12109
12109 11721 12115
12115 11721 3334
11721 11907 3334
11907 11721 3116
3337 5380 3119
3123 6708 3341
3131 7066 3349
3341 6708 6712
3345 6708 3127
3136 3348 550
714 3136 550
550 3352 714
3129 3135 3347
3347 3135 13987
3135 14189 13987
3351 13987 14189
3128 3346 3350
3128 3350 11915
11722 3128 11915
11722 11915 3134
3133 10329 10126
10126 9953 9762
10126 10329 9953
9762 9953 3132
3349 3345 3127
3349 3127 3131
3344 3348 3126
3126 3348 3130
3125 14385 3343
3125 14379 14385
3129 14385 14379
3347 14385 3129
12116 3124 3342
12110 3124 12116
12116 3128 12110
12116 3346 3128
3345 6712 6708
9428 9273 9609
13231 3147 12853
13064 3363 12853
3165 9609 9426
9426 9273 9092
9426 9609 9273
8756 8939 3161
3377 8756 3161
9092 3377 3161
9273 3377 9092
8939 8756 3373
6389 3376 6549
6549 6071 6389
6221 6071 6549
6221 5729 6071
5885 5729 6221
5885 5383 5729
5551 5383 5885
5551 5001 5383
5183 5001 5551
3375 5001 5183
14798 3160 3372
14792 3160 14798
14798 14386 14792
14792 14386 3164
14386 14606 3164
13982 14386 3374
13982 3374 14205
14386 13982 14606
13982 3163 14606
12697 3166 3162
13982 13815 13604
12697 3162 12695
12695 13071 13073
9273 9094 3377
7069 3380 7255
7255 6713 7069
6899 6713 7255
6899 6551 6549
6899 6549 3376
6713 6899 3376
6221 6549 6551
6221 6551 6223
5885 6221 6223
5885 6223 5887
5551 5885 5887
5551 5887 5555
5183 5551 5555
5183 5555 5187
5183 3379 3375
5187 3379 5183
3164 14606 14380
14380 14606 3163
3374 13988 14205
13988 13815 14205
13610 13815 13988
13439 13437 13815
13439 13815 13610
3378 13439 13610
13071 13437 13439
13071 13439 13073
12695 13073 12697
3363 13231 12853
13982 14205 13815
13604 13815 13437
3369 8414 3157
3369 8416 8414
8414 8416 8080
8414 8080 8078
3365 8078 8080
3153 8078 3365
3152 15376 15168
3368 3156 3364
3364 3156 15376
3156 15168 15376
3363 13064 12857
3151 3155 3367
3151 3367 12857
13064 3151 12857
3362 3366 3150
3150 3366 3154
3365 7750 3153
3365 7752 7750
3361 7750 7752
3149 7750 3361
10 3148 3360
6 3148 10
10 15172 6
6 15172 3152
15172 15376 3152
15172 3364 15376
3359 13428 13231
10903 3154 3366
13604 13437 13226
10903 3366 10907
10903 3370 3158
13071 13069 13437
13437 13069 13226
13069 3159 13226
12693 13069 13071
12693 13071 12695
12693 12117 3371
12111 12117 3162
12117 12693 3162
12693 12695 3162
12117 12111 11729
11729 12111 11723
11729 11723 11321
11321 11723 11317
11317 3370 11321
11317 3158 3370
3161 8939 8754
3373 3369 3157
3373 3157 8754
8939 3373 8754
3368 3372 3156
3156 3372 3160
3159 13069 12854
12693 12481 3367
3367 3155 12854
12693 3367 12854
13069 12693 12854
3371 12481 12693
10907 3370 10903
297 7 3476
293 7 297
297 3478 293
3330 10704 10905
10708 10704 10320
10320 10704 10132
10704 3526 10132
10132 3530 10320
3333 5155 5000
3529 3525 3329
3529 3329 5000
5155 3529 5000
1618 3328 3524
1616 3328 1618
1618 3332 1616
1618 3528 3332
3527 14796 3331
3527 14800 14796
3523 14796 14800
3327 14796 3523
10704 3330 10523
3522 3526 3326
3326 3526 10523
3526 10704 10523
3325 7071 3521
3325 7067 7071
7067 3520 7071
7067 3324 3520
3525 3519 3323
3525 3323 3329
10704 11102 10905
1904 3322 3518
10704 10708 11102
11329 10905 11102
10320 10133 10527
10133 10320 3530
3535 5382 3337
3535 5386 5382
5382 5386 5004
5382 5004 5155
3333 5382 5155
5155 5004 3529
1340 3332 3528
1338 3332 1340
1338 1340 1074
1338 1074 1072
1072 1074 810
810 1074 949
1074 3534 949
810 949 3336
3533 3527 3331
3533 3331 3335
12485 3532 12669
6269 12899 12897
12303 12121 12669
11727 11733 12121
11727 12121 12303
3334 11727 12303
11733 11727 11329
11329 11727 11319
11329 11319 10905
3531 11329 11102
10320 10527 10708
1902 3322 1904
1904 3524 3328
3315 13986 3511
3510 3516 3314
3314 3516 3320
3313 8081 3509
3313 8079 8081
8081 8079 7753
7753 8079 7751
3319 7753 7751
3515 7753 3319
6069 3514 3318
6073 3514 6069
6073 6069 5731
5731 6069 5727
5731 5727 5381
5731 5381 5514
3513 5731 5514
5514 5381 3317
2446 3312 3508
2444 3312 2446
2446 3316 2444
2446 3512 3316
3511 3507 3311
3511 3311 3315
3506 3510 3310
3310 3510 3314
3505 8556 8417
3309 3313 3509
3511 13986 13990
1904 3328 1902
13986 3321 14554
13990 13986 14388
3523 3517 3327
3327 3517 14384
3517 14554 14384
14384 14554 3321
3516 3522 3320
3320 3522 3326
3319 7409 3515
3319 7407 7409
3325 7409 7407
3521 7409 3325
6711 3520 3324
6715 3520 6711
6715 6711 6391
6391 6711 6387
6387 3514 6391
6387 3318 3514
3513 5514 5385
5003 5385 4999
4999 5385 3317
5385 5514 3317
3323 5003 4999
3519 5003 3323
2182 3316 3512
2180 3316 2182
2182 3322 2180
2182 3518 3322
3517 14388 14554
14388 13986 14554
3309 3509 8417
10708 10527 10913
3531 11102 10913
13615 14185 13803
3549 14185 13615
3553 13615 13803
12309 3548 12122
3350 3346 3552
3552 3346 12122
3346 12309 12122
3349 3551 3345
3345 3551 6879
3551 6716 6879
6879 6716 3547
2291 3546 3550
2289 3546 2291
2015 2289 2291
2015 2291 2017
1747 2015 2017
1747 2017 1751
1747 1751 1481
1747 1481 1341
3545 1747 1341
1481 1075 1341
1205 1075 1481
1205 955 953
1205 953 3544
1075 1205 3544
955 3344 953
955 3348 3344
14185 13987 13803
14577 3343 14385
13987 3351 13803
552 3554 3352
13803 3559 3553
13805 3559 13803
3350 3552 3558
3350 3558 11917
11728 3350 11917
11728 11917 3354
3353 7235 7068
3557 3551 3349
3557 3349 7068
7235 3557 7068
2291 3550 2184
2021 2017 2291
2021 2291 2184
3556 2021 2184
1751 2017 2021
1751 2021 1753
1481 1751 1753
1481 1753 1483
1205 1481 1483
1205 1483 3555
1076 1205 3555
1076 955 1205
812 955 1076
812 552 550
812 550 3348
955 812 3348
552 3352 550
14185 3347 13987
10708 10913 11102
14385 3347 14185
13991 14577 14185
12673 3536 12675
12675 3338 12673
12675 3342 3338
3541 6388 3341
3541 6392 6388
6388 6392 6070
6070 6392 6203
6392 3540 6203
6070 5867 5728
6070 6203 5867
3539 3535 3337
3539 3337 5728
5867 3539 5728
951 3534 3538
949 3534 951
951 3336 949
951 3340 3336
3335 14801 3533
3335 14797 14801
3339 14801 14797
3537 14801 3339
12673 3532 3536
12669 3532 12673
12669 12673 12303
12303 12673 12115
12673 3338 12115
12303 12115 3334
12675 3536 3542
14577 14385 14185
3543 14389 14577
3537 3343 14389
3543 14577 13991
3549 13991 14185
12675 3542 12486
3548 12309 12116
12486 3548 12116
3342 12486 12116
12675 12486 3342
12116 12309 3346
3345 6879 6712
3547 3541 3341
3547 3341 6712
6879 3547 6712
6203 3540 6074
6074 5867 6203
5732 5867 6074
5867 5732 3539
2183 3546 2289
2289 1905 2183
2015 1905 2289
2015 1619 1905
1747 1619 2015
3545 1619 1747
953 3538 3544
951 3538 953
953 3340 951
953 3344 3340
3339 3343 3537
3343 14577 14389
8556 3309 8417
3504 3508 3308
3308 3508 3312
14535 14143 14531
14531 14143 3282
14143 13984 3282
13984 13759 13606
13984 14143 13759
13606 13759 3288
11859 3281 11725
3287 3489 3487
3287 3487 11859
11725 3287 11859
3486 3488 3280
3280 3488 3286
3285 403 294
294 123 8
294 403 123
8 15303 15170
8 123 15303
15170 15303 3284
3283 14531 14382
14382 14531 3282
11853 3281 11859
11853 3279 3281
11853 3487 3485
11859 3487 11853
3486 3280 3278
3486 3278 2516
2445 3486 2516
14531 3283 14794
2445 2516 3484
14943 14531 14794
14943 14794 3284
13759 14147 3493
13612 13759 3493
3492 13381 13228
13612 3492 13228
3288 13612 13228
13759 13612 3288
13228 13381 3292
3291 11869 11726
11471 11325 3489
3489 3287 11726
11471 3489 11726
11869 11471 11726
3491 11325 11471
3488 3490 3286
3286 3490 3290
3289 911 808
808 667 548
808 911 667
407 403 667
667 403 548
403 3285 548
123 403 407
123 407 127
15303 123 127
15303 127 15307
15307 14943 15303
15303 14943 3284
14535 14531 14943
13759 14143 14147
11851 3279 11853
11455 11851 11853
3274 3478 653
3478 551 653
12611 3269 12479
12611 12113 12239
12611 12479 12113
11847 12239 11849
11849 12239 3273
12239 12113 3273
11451 11847 11849
11451 11849 11453
11039 11451 11453
11039 11453 11041
11039 3481 3477
11041 3481 11039
2260 3272 2179
2179 1901 1903
2179 1903 3480
2260 2179 3480
1903 1901 1617
1617 1901 1615
1617 1615 1339
1339 1615 1337
1339 1337 1073
1073 1337 1071
3271 1073 1071
3479 1073 3271
293 3478 3270
3270 3478 3274
11851 3277 3279
653 551 901
3275 901 811
11455 11853 3485
11324 11455 3485
11324 11043 11455
10910 11043 11324
11043 10910 3483
2516 3278 2443
3482 3484 3276
3276 3484 2443
3484 2516 2443
901 3275 807
901 547 653
901 807 547
653 547 3274
11849 3277 11851
11849 3273 3277
11453 11849 11851
11453 11851 11455
11041 11453 11455
11041 11455 11043
11041 3483 3481
11043 3483 11041
3482 3276 3272
3482 3272 2260
2181 3482 2260
2181 2260 3480
3271 3275 3479
3479 3275 811
901 551 811
14143 14537 14147
14143 14535 14537
14943 14795 3293
13230 13021 12856
13230 13395 13021
12856 12639 12480
12856 13021 12639
12120 12269 3303
3503 12120 3303
12480 3503 3303
12639 3503 12480
12120 11877 12269
11732 11877 12120
11732 11479 11877
11328 11479 11732
11328 11065 11479
10912 11065 11328
3306 3302 3502
3502 3302 10912
3302 11065 10912
3301 10131 3499
3301 10129 10131
3305 10131 10129
3501 10131 3305
3300 2798 2734
3500 3304 3498
3498 3304 2798
3304 2734 2798
14149 3299 13985
13607 13613 13985
13608 13775 13395
13985 13613 14149
13608 13395 13230
3304 3504 3308
3311 3507 3307
3307 3507 13775
3507 13614 13775
13614 13395 13775
13234 13395 13614
13234 13021 13395
12860 13021 13234
12860 12639 13021
12484 12639 12860
12639 12484 3503
10526 3306 3502
10522 3306 10526
10526 3310 10522
10526 3506 3310
3305 9767 3501
3305 9765 9767
9767 9765 9429
9429 9765 9427
9429 9427 9095
9095 9427 9093
9095 9093 8757
8757 9093 8755
8757 8755 8415
8757 8415 8556
3505 8757 8556
8556 8415 3309
3500 3504 3304
3307 13775 13608
13613 3497 14149
13607 13229 13613
13613 13229 3496
3297 12265 12114
11873 11869 12265
12265 11869 12114
11869 3291 12114
11471 11869 11873
11471 11873 3495
11326 11471 3495
11471 11326 3491
2796 3296 2733
3490 3494 3290
3290 3494 2733
3494 2796 2733
911 3289 809
911 549 667
911 809 549
407 667 411
411 667 3295
667 549 3295
407 411 127
127 411 9
411 3294 9
127 15171 15307
127 9 15171
15307 14795 14943
15307 15171 14795
14535 14943 14537
14537 14943 3293
13389 3298 3292
13389 3292 13381
13381 3492 13389
13389 3492 3496
13229 13389 3496
13389 13229 3298
12265 3303 12269
12265 3297 3303
11873 12265 12269
11873 12269 11877
11873 11877 11479
11873 11479 11327
3495 11873 11327
11479 10911 11327
11065 10911 11479
10521 10525 10911
10521 10911 11065
3337 5382 5380
3302 10521 11065
3499 10525 3301
3300 2796 2798
3296 2796 3300
3498 2796 3494
3498 2798 2796
411 3295 295
411 295 3294
14537 3293 14383
14147 14537 14149
14149 14537 3299
14537 14383 3299
14147 3497 3493
14149 3497 14147
3301 10525 10521
3333 5380 5382
3115 5380 3333
1469 3332 1338
3173 6709 6911
2930 2928 3170
2930 3170 11724
11936 2930 11724
11724 3172 11936
10735 2929 10737
10735 2927 2929
10735 3171 3169
10737 3171 10735
12329 3168 12112
2928 2926 3170
3170 2926 12112
2926 12329 12112
10733 2927 10735
10733 2925 2927
10733 3169 3167
10735 3169 10733
12329 3166 3168
12327 3166 12329
12329 2924 12327
12329 2926 2924
10731 2925 10733
10731 2923 2925
10343 10731 10733
10343 10733 3167
10128 10343 3167
10128 9967 10343
6709 3174 6911
9764 9967 10128
10737 10520 3171
10898 10520 10737
8191 8244 2933
8244 8191 2935
2934 9586 9588
2932 9586 2934
3178 9586 3176
3178 9588 9586
3175 2931 3177
3177 2931 8586
2931 8527 8586
8586 8527 2933
9586 2932 9533
9533 9207 9209
9533 9209 3176
9586 9533 3176
9209 9207 8867
8867 9207 8865
2931 8867 8865
3175 8867 2931
6911 3174 6710
6911 6710 3173
2930 11936 11720
11318 11314 11720
11318 11720 11936
3172 11318 11936
11314 11318 10904
11314 10904 10898
10898 10904 10520
2929 10898 10737
8244 8586 2933
9967 9764 3165
14605 14380 3163
14374 14605 3163
13976 13982 13604
13976 13604 13813
2919 13976 13813
13604 13435 13813
13226 13435 13604
13435 13226 3159
12111 3162 12325
12325 11723 12111
11927 11723 12325
11927 11317 11723
11531 11317 11927
11531 11125 11123
11531 11123 3158
11317 11531 3158
10727 11123 11125
10727 11125 10729
10339 10727 10729
10339 10729 10341
10341 2918 10339
10341 2922 2918
2921 3161 2917
2917 3161 8937
3161 8754 8937
8937 8754 3157
3156 3160 2916
2916 3160 2920
13982 14374 3163
14605 3164 14380
13976 14374 13982
14374 14792 14605
12327 3162 3166
12325 3162 12327
12325 12327 11927
11927 12327 11719
12327 2924 11719
11927 11313 11531
11927 11719 11313
11531 10897 11125
11531 11313 10897
10729 11125 10731
10731 11125 2923
11125 10897 2923
10341 10729 10731
10341 10731 10343
10343 9967 10341
10341 9967 2922
9967 9760 2922
9424 9760 9426
9426 9760 3165
9760 9967 3165
9424 9426 9092
9424 9092 9090
3161 9090 9092
2921 9090 3161
14792 2920 3160
14786 2920 14792
14786 14792 14374
14792 3164 14605
2919 13813 13598
8244 8588 8586
3177 8588 3179
7870 8254 7926
8192 8254 7870
7526 7926 7580
7870 7926 7526
7526 7580 2947
2946 9956 9882
9882 9956 2945
2944 8930 8866
8930 8596 8598
8930 8598 2948
8866 8930 2948
8596 8252 8598
8598 8252 8254
8252 7924 8254
8254 7924 7926
7924 7574 7926
7926 7574 7580
2943 7580 7574
2947 7580 2943
2942 10330 10248
10330 9954 9956
10330 9956 2946
10248 10330 2946
9956 9954 9596
9956 9596 9534
2945 9956 9534
9210 9208 9534
8528 8598 8192
9210 9534 9596
8192 8598 8254
11934 11843 2949
2952 12334 12234
11844 12334 11938
12234 12334 11844
11938 2951 11844
11445 11542 2954
11138 11445 11029
11542 11445 11138
11029 10641 10643
11029 10643 3188
11138 11029 3188
10643 10641 10249
10643 10249 10352
3187 10643 10352
9976 10249 9883
10352 10249 9976
9618 9883 9535
9976 9883 9618
9618 9535 2953
2952 12332 12334
2950 12332 2952
12332 11934 12334
12334 11934 11938
2949 11938 11934
2951 11938 2949
12332 2950 12233
11934 12233 11843
12332 12233 11934
2948 8598 8528
3177 8586 8588
3186 9210 9596
9208 8868 2944
2938 10326 2940
10326 9950 10328
10328 9950 3184
9950 9885 3184
9885 9950 3182
3183 8530 8592
8248 8592 8246
8246 8592 3181
8592 8530 3181
2937 8248 8246
2939 8248 2937
10326 2938 10247
9950 10247 9881
10326 10247 9950
3180 3182 2936
2936 3182 9881
3182 9950 9881
3179 8588 8529
8244 8246 8588
8588 8246 8529
8246 3181 8529
2935 8246 8244
2937 8246 2935
3180 2936 2934
3180 2934 9588
9537 3180 9588
9537 9588 3178
2940 10326 10328
9210 8868 9208
7570 7525 2941
7570 7869 7525
8868 8930 2944
8596 8930 8594
8594 8930 3185
8930 8868 3185
8594 8250 8596
8596 8250 8252
8250 7922 8252
8252 7922 7924
7922 7570 7924
7924 7570 7574
2941 7574 7570
2943 7574 2941
2942 10328 10330
2940 10328 2942
10330 10328 9954
9954 10328 9886
10328 3184 9886
9538 9954 9886
9538 9596 9954
9538 3186 9596
3183 8594 3185
3183 8592 8594
8592 8248 8594
8594 8248 8250
7922 8250 8248
7922 8248 2939
7869 7922 2939
7922 7869 7570
13598 13435 13220
13598 13813 13435
12854 13067 2915
10126 9758 2890
10327 10126 2890
9758 9762 9422
9422 9762 9595
9762 3132 9595
9422 9259 9088
9422 9595 9259
9088 9259 2896
2895 7233 7064
3131 3127 2889
3131 2889 7064
7233 3131 7064
3126 3130 2888
2888 3130 2894
2887 2893 3125
3125 2893 14379
2893 14581 14379
3129 14379 14581
12110 2886 3124
12104 2886 12110
12110 2892 12104
12110 3128 2892
2891 10327 10122
10122 10327 2890
3127 6706 2889
3127 6708 6706
3123 6706 6708
10126 9762 9758
2885 6706 3123
10717 3133 10518
3133 10126 2891
10719 10717 11115
11115 10717 10896
10717 2897 10896
10717 3139 3133
10719 3139 10717
9597 3132 3138
9595 3132 9597
9259 9595 9597
9259 9597 9261
9261 2896 9259
9261 2902 2896
2901 3137 2895
2895 3137 7233
3137 7066 7233
7233 7066 3131
3130 3136 2894
2894 3136 2900
14581 2893 14373
2899 3135 3129
2899 3129 14581
14373 2899 14581
11722 2892 3128
11718 2892 11722
11722 2898 11718
11722 3134 2898
2897 10717 10518
10126 10327 2891
10518 3133 2891
11316 3140 11115
3122 3126 2884
14977 2883 14785
3115 5378 5380
2877 5378 3115
947 3114 806
2880 2876 3118
3118 2876 806
2876 947 806
3117 3113 2875
3117 2875 2879
2878 11902 11906
2874 11902 2878
11902 11508 11906
11906 11508 3116
11508 11315 3116
11315 11508 3112
2877 3115 2873
2873 3115 5149
3115 4998 5149
5149 4998 3111
1467 3110 1336
1336 1193 1467
1070 1193 1336
947 945 1193
947 1193 1070
3114 947 1070
947 2872 945
947 2876 2872
3113 3109 2871
5724 5865 3119
2884 3126 2888
5380 5724 3119
2881 5865 5724
2887 3125 3121
2887 3121 14977
14785 2887 14977
3120 3124 2886
3120 2886 12103
12305 3120 12103
12305 12103 2882
3123 6384 2885
3123 6386 6384
6384 6386 6068
6384 6068 6066
6066 6068 5726
6066 5726 5865
2881 6066 5865
5865 5726 3119
3118 3122 2880
2880 3122 2884
2879 2883 3117
3117 2883 14791
2883 14977 14791
3121 14791 14977
12109 3120 12305
12305 2882 12109
11721 12109 11906
12109 2882 11906
2882 2878 11906
11721 11906 3116
5378 5724 5380
10896 11316 11115
11312 11316 10896
11312 2898 11316
10335 10725 10123
10725 2914 10123
10335 9759 9959
10335 10123 9759
9959 9423 9601
9959 9759 9423
9601 9089 9265
9601 9423 9089
8935 9265 9089
8935 9089 2913
9265 8935 2910
8935 8752 2910
8752 8601 8412
8752 8935 8601
8412 8257 8076
8412 8601 8257
7748 8076 7750
7750 8076 3153
8076 8257 3153
3149 7748 7750
2909 7748 3149
181 3148 6
15375 15371 181
15375 181 6
3152 15375 6
15375 2908 15371
15375 2912 2908
10723 10725 10335
2907 12853 3147
10723 3150 10725
13067 3155 12850
3159 12854 2915
13220 3159 2915
13435 3159 13220
13067 12854 3155
10903 3158 11123
11123 10727 10725
11123 10725 3154
10903 11123 3154
10727 10339 10725
10725 10339 2914
10339 10124 2914
10124 10339 2918
8935 2917 8937
8935 2913 2917
8601 8935 8937
8601 8937 3157
8414 8601 3157
8414 8257 8601
8078 8257 8414
8257 8078 3153
15375 3152 15168
2916 2912 3156
3156 2912 15168
2912 15375 15168
2915 13067 12850
3155 3151 2911
3155 2911 12850
10725 3150 3154
2907 12849 12853
2911 12853 12849
3151 12853 2911
2907 13225 13219
3147 13225 2907
11115 3140 10902
10721 10719 11115
10721 11115 10902
3146 10721 10902
10719 3145 3139
10721 3145 10719
9763 3144 9957
9957 9599 9597
9957 9597 3138
9763 9957 3138
9261 9597 9599
9261 9599 9263
9263 2902 9261
9263 2906 2902
3143 3137 2901
3143 2901 2905
2904 2900 3136
2904 3136 546
718 2904 546
546 3142 718
2899 13981 3135
2899 13975 13981
2903 13981 13975
3141 13981 2903
11316 2898 3134
13225 13597 13219
13603 13597 13225
2903 13597 13603
2903 13603 3141
10723 3146 3150
10721 3146 10723
10721 10723 10335
10721 10335 10127
3145 10721 10127
10335 9959 9957
10335 9957 3144
10127 10335 3144
9599 9957 9959
9599 9959 9601
9263 9599 9601
9263 9601 9265
9265 2906 9263
2955 9620 2953
9265 2910 2906
3149 7406 7404
3143 7404 7406
2905 7404 3143
2904 718 544
292 290 544
292 544 718
3142 292 718
290 292 4
4 292 181
292 3148 181
4 15371 15164
4 181 15371
15164 15371 2908
3149 7404 2909
2593 2339 6063
2953 9620 9618
9976 9618 9978
419 291 5
137 5 3086
3307 13602 3091
3307 13608 13602
13602 13608 13230
13602 13230 13224
13224 13230 12856
13224 12856 12852
12852 12856 12480
12852 12480 12478
3303 12478 12480
3085 12478 3303
3302 3306 3084
3084 3306 3090
3301 10294 10129
9922 3305 9761
3305 10129 9761
10129 3083 9761
10129 10294 3083
9564 9761 9425
9922 9761 9564
9564 9425 3089
2734 3082 3300
2732 3082 2734
2734 3088 2732
2734 3304 3088
1455 3081 1335
419 5 137
1455 1069 1177
419 3087 291
3304 3308 3088
3314 10688 10684
3313 3309 3093
3313 3093 3097
3092 3308 3312
3092 3312 2537
2442 3092 2537
2442 2537 3096
3311 3307 3091
3311 3091 3095
11074 3094 10899
10522 10684 3306
3090 3306 10899
3306 10684 10899
10684 11074 10899
10522 3310 10684
3305 9922 9765
9564 9765 9922
9564 9427 9765
9093 9427 9091
9091 9427 3089
9427 9564 3089
9093 9091 8755
8755 9091 8753
8755 8753 8415
8415 8753 8413
3093 8415 8413
3309 8415 3093
3088 3308 3092
3314 10684 3310
1455 1335 1069
1177 1069 805
915 1175 1177
915 1177 919
915 919 671
671 919 545
919 3080 545
545 3079 415
671 545 415
295 671 415
3295 671 295
415 135 131
415 131 3294
295 415 3294
131 135 15311
15311 135 15167
135 3078 15167
15311 14789 14945
15311 15167 14789
14377 14383 14789
14789 14383 14945
14383 3293 14945
3077 14383 14377
3299 14383 3077
3292 3298 3070
3070 3298 3076
3297 12108 3075
3297 12114 12108
3291 12108 12114
1175 1455 1177
1177 805 919
1175 1453 1455
1453 3081 1455
919 805 3080
415 3087 419
415 3079 3087
135 415 419
135 419 137
137 3078 135
137 3086 3078
3077 13985 3299
3077 13979 13985
13985 13979 13607
13607 13979 13601
13607 13601 13229
13229 13601 13223
13223 3298 13229
13223 3076 3298
3303 3297 3075
3303 3075 3085
10519 3302 3084
10521 3302 10519
10286 10519 3074
10521 10519 3301
10519 10286 3301
10286 10294 3301
3073 10294 10286
3083 10294 3073
3296 3300 3072
3072 3300 3082
1453 3071 3081
3069 12108 3291
11080 10684 10688
3094 11074 3098
3331 14796 14967
14967 14796 3327
11098 3112 10901
10700 10523 3108
10523 3330 3108
3330 10901 3108
3330 11098 10901
10523 10700 3326
3325 7218 7067
7067 7218 3324
5141 3107 4997
3111 3329 3323
3111 3323 5141
4997 3111 5141
2009 3322 1902
1739 1737 2009
1739 2009 1902
3328 1739 1902
1739 3106 1737
1739 3110 3106
3109 14967 14790
14378 14790 14384
14384 14790 3327
14790 14967 3327
3321 14378 14384
3105 14378 3321
3108 10694 10700
3109 3331 14967
3104 10694 3108
3113 3331 3109
1336 1469 1195
1338 1195 1469
1072 1195 1338
1072 810 806
1072 806 3114
1195 1072 3114
810 3118 806
810 3336 3118
3335 3331 3113
3335 3113 3117
11727 3334 11907
11315 11319 11727
11315 11727 11907
3116 11315 11907
11319 11315 10905
10905 11315 11098
11315 3112 11098
10905 11098 3330
3333 4998 3115
3333 5000 4998
3329 4998 5000
3111 4998 3329
1739 3328 1616
3332 1469 1336
1616 3332 1336
3110 1616 1336
1739 1616 3110
1336 1195 1070
1070 1195 3114
11074 10684 11080
3326 10694 3320
7901 3103 7749
11080 10694 3104
10900 11080 3104
3320 10688 3314
3320 10694 10688
3097 8079 3313
3097 8077 8079
7751 8079 8077
7751 8077 3103
7901 7751 3103
3319 7751 7901
6067 3318 3102
6069 3318 6067
6069 6067 5727
5727 6067 5725
5727 5725 5381
5381 5725 5379
3101 5381 5379
3317 5381 3101
2537 3312 2444
3316 2283 2178
2444 3316 2178
3096 2444 2178
2537 2444 3096
2178 2283 3100
3315 3311 3095
3315 3095 3099
3098 11074 11080
11080 10688 10694
3326 10700 10694
3098 11080 10900
3315 13980 13986
7405 7407 7749
7749 7407 7901
7407 3319 7901
7407 7405 7065
7407 7065 7218
3325 7407 7218
7065 6707 6711
7065 6711 3324
7218 7065 3324
6711 6707 6387
6387 6707 6385
6385 3318 6387
6385 3102 3318
3101 3107 3317
3317 3107 4999
3107 5141 4999
3323 4999 5141
2283 3316 2180
3322 2009 1900
2180 3322 1900
3100 2180 1900
2283 2180 3100
1900 1737 1614
1900 2009 1737
1614 1737 3106
3321 13980 3105
3321 13986 13980
3099 13980 3315
10286 3074 10125
10286 10125 3073
2731 3296 3072
14931 14787 3048
3047 12479 3269
3047 12477 12479
12113 12479 12477
12113 12477 3049
12243 12113 3049
3273 12113 12243
2179 3272 2259
2259 1901 2179
1981 1901 2259
1981 1615 1901
1713 1615 1981
1713 1337 1615
1437 1337 1713
1437 1071 1337
1161 1071 1437
3271 1071 1161
293 3270 393
393 7 293
113 7 393
113 15169 7
15295 15169 113
15295 14931 14927
15295 14927 3268
15169 15295 3268
14927 14931 14513
14513 14931 14375
15295 15165 14787
14931 3048 14375
15295 14787 14931
15295 115 15165
115 395 397
115 397 117
117 3050 115
117 3054 3050
12243 3053 12245
12243 3049 3053
12243 3277 3273
12245 3277 12243
3272 3276 3052
3272 3052 2177
2259 3272 2177
2259 1899 1981
2259 2177 1899
1981 1611 1713
1981 1899 1611
1437 1713 1441
1441 1713 3051
1713 1611 3051
1161 1437 1441
1161 1441 1165
1161 3275 3271
1165 3275 1161
395 3270 3274
393 3270 395
113 393 395
113 395 115
113 115 15295
115 3050 15165
547 655 3274
14513 13977 14115
14115 13599 13735
11032 3194 2960
3191 9984 3193
3191 9980 9984
9980 9622 9984
9984 9622 9624
2957 9624 9622
2959 9624 2957
2956 11544 11446
3192 2958 3190
3190 2958 11544
2958 11446 11544
3189 9980 3191
3189 9978 9980
9978 9620 9980
9980 9620 9622
2955 9622 9620
2957 9622 2955
2956 11542 11544
2954 11542 2956
11542 11138 11544
11544 11138 3190
11138 11031 3190
11031 11138 3188
3187 10352 10251
9976 9978 10352
10352 9978 10251
9978 3189 10251
11032 2960 11030
14513 14375 13977
11030 2958 11032
9536 9624 2959
14115 13977 13599
13735 13221 13355
13735 13599 13221
12851 12855 13221
13221 12855 13355
12855 3267 13355
3047 12855 12851
3269 12855 3047
14793 3268 14927
14927 14381 14793
14513 14381 14927
14513 13983 14381
14115 13983 14513
14115 13605 13983
13735 13605 14115
13735 13227 13605
13355 13227 13735
3267 13227 13355
10644 2960 3194
10642 2960 10644
10642 10644 10252
10642 10252 10250
9884 10250 10252
9884 10252 3193
9984 9884 3193
9536 9984 9624
9884 9984 9536
11032 2958 3192
655 395 3274
655 397 395
655 547 905
3286 3290 3064
3064 3290 3068
3067 1723 1612
1451 1449 1723
1723 1449 1612
1449 3063 1612
1171 1449 1451
1171 1451 1173
909 1171 1173
909 1173 3289
808 909 3289
808 663 909
548 663 808
663 548 3285
14941 3284 14794
14941 14794 3283
14139 3282 13984
13984 13606 13600
13984 13600 3062
14139 13984 3062
13606 3066 13600
13606 3288 3066
3065 12259 12106
11865 11725 3281
3281 3061 12106
11865 3281 12106
12259 11865 12106
11865 11726 3287
3287 11725 11865
3069 3291 12107
11865 12259 12107
2733 3296 2731
2731 3290 2733
2731 3068 3290
1723 3067 1613
1451 1723 1453
1453 1723 3071
1723 1613 3071
1173 1451 1453
1173 1453 1175
1173 1175 915
1173 915 809
3289 1173 809
915 549 809
671 549 915
3295 549 671
9 3294 131
131 15171 9
15311 15171 131
15311 14795 15171
14945 14795 15311
3293 14795 14945
13228 3066 3288
13222 3066 13228
13228 3070 13222
13228 3292 3070
12259 3065 12107
11865 3291 11726
3291 11865 12107
3280 3286 3060
3060 3286 3064
3063 1449 1334
905 3055 3059
655 905 907
655 907 659
397 655 659
397 659 399
117 397 399
117 399 119
119 15301 117
117 15301 3054
15301 15166 3054
15166 15301 3058
12245 3053 12105
3057 3279 3277
3057 3277 12245
12105 3057 12245
2443 3278 2515
3052 3276 3056
3056 3276 2515
3276 2443 2515
1441 3051 1333
1441 1067 1165
1441 1333 1067
1067 3055 905
1165 1067 905
807 1165 905
3275 1165 807
905 547 807
905 3059 907
2515 2441 3056
2515 3278 2441
3278 3060 2441
1334 1171 1068
1334 1449 1171
909 907 1171
1171 907 1068
907 3059 1068
659 907 909
659 909 663
399 659 663
399 663 3285
294 399 3285
294 119 399
8 119 294
8 15301 119
9978 9618 9620
15170 15301 8
15170 3284 14788
3058 15170 14788
15301 15170 3058
14376 14788 14382
14382 14788 3283
14788 14941 3283
14376 14382 13978
13978 14382 14139
14382 3282 14139
13978 14139 3062
3281 3279 3057
3281 3057 3061
3278 3280 3060
3284 14941 14788
2339 6195 6063
2597 6063 6195
699 2592 2596
11520 11116 1012
11414 11520 1012
1272 11114 1270
1272 11116 11114
1011 7573 7506
7174 7506 7178
7178 7506 1271
7506 7573 1271
6828 7174 7178
6828 7178 1269
6884 6828 1269
6828 6884 1007
1010 13802 13804
1006 13802 1010
13804 13802 13422
13804 13422 13336
1009 13804 13336
12966 13422 13054
13336 13422 12966
12586 13054 12680
12966 13054 12586
12680 12310 12312
12680 12312 1008
12586 12680 1008
12310 11914 12312
12312 11914 11916
11914 11518 11916
11520 11114 11116
11916 11518 11520
11824 11916 11414
1013 12314 11824
12316 1275 12589
1013 12316 12314
1017 12316 1013
1016 11116 11118
1012 11116 1016
1274 11116 1272
1274 11118 11116
1015 1273 1011
1011 1273 7573
1273 7510 7573
7573 7510 1271
14194 1014 14097
13804 13806 14194
13804 14194 14097
1010 13804 14097
13426 13806 13804
13426 13804 1009
13337 13426 1009
13058 13337 12967
13426 13337 13058
12684 12967 12587
13058 12967 12684
12312 12314 12684
12312 12684 12587
1008 12312 12587
12314 12312 11916
12314 11916 11824
11414 11916 11520
12684 12316 12589
11518 11110 11520
1270 11110 1268
13048 12674 13050
13050 12674 12676
12676 12674 12308
12308 12674 12218
12674 1264 12218
12218 1266 12308
1265 1263 1001
1265 1001 1003
1002 13416 13418
1000 13416 1002
13416 13046 13418
13418 13046 13048
12674 13048 13046
12674 13046 999
12585 12674 999
1262 1264 998
998 1264 12585
1264 12674 12585
1261 8584 8509
8242 8509 8584
8242 8175 8509
8175 8242 1260
6867 997 6827
1001 1263 1259
1001 1259 6867
6827 1001 6867
13416 1000 13335
13420 13048 13050
11520 11110 11114
13418 13048 13420
13418 13800 13717
1270 11114 11110
1269 6832 6884
1267 1005 1007
1267 1007 6884
6832 1267 6884
1006 13800 13802
1004 13800 1006
13800 13420 13802
13802 13420 13422
13420 13050 13422
13422 13050 13054
13050 12676 13054
13054 12676 12680
12676 12308 12680
12680 12308 12310
12310 12308 11914
11914 12308 11828
12308 1266 11828
11418 11914 11828
11418 11518 11914
11002 11518 11418
11002 11110 11518
11002 1268 11110
1267 1265 1003
1267 1003 1005
13800 1004 13717
13418 13420 13800
1002 13418 13717
13046 13335 12965
12314 12316 12684
12684 12969 13058
1293 7512 7606
7258 7176 1033
1291 7258 1033
7606 1291 1033
7512 1291 7606
7176 7258 1031
1030 13442 13338
1032 13338 13078
13338 13442 13078
13442 12970 13078
13442 1290 12970
12970 1292 13078
1291 7182 7258
6902 6830 1031
1289 6902 1031
7258 1289 1031
7182 1289 7258
6830 6902 1029
1030 1028 1288
1030 1288 13340
13442 1030 13340
13340 1290 13442
1287 7254 7181
6902 1289 6829
1289 7181 6829
7181 1027 6829
7181 7254 1027
1034 12968 13078
6902 6829 1029
1292 1034 13078
1032 13078 12968
8508 8620 1039
12709 1298 12590
1040 1038 1300
1300 1038 12590
1038 12709 12590
1299 8848 8954
8510 8954 8848
8510 8620 8954
8176 8174 8510
8510 8174 8620
8174 1039 8620
1297 8174 8176
1037 8174 1297
1036 1296 1298
1036 1298 12709
12588 1036 12709
12588 12709 1038
1297 1295 1035
1297 1035 1037
1294 1296 1034
1034 1296 1036
1295 7852 1035
1295 7854 7852
7508 7852 7854
7508 7854 1293
7606 7508 1293
7508 7606 1033
1294 1034 1292
12684 12589 12969
13720 1026 1286
13720 1028 13718
1020 1018 1276
1020 1276 14102
14198 1020 14102
14102 1280 14198
1275 12316 12219
11922 1279 11825
1279 12219 11825
12219 1017 11825
12219 12316 1017
11526 11825 11415
11922 11825 11526
11118 11003 1016
11003 1278 1016
1278 11415 1016
1278 11526 11415
11003 11118 1274
1277 1273 1015
1277 1015 1019
1276 1018 1014
1276 1014 14194
14101 1276 14194
13806 14101 14194
13806 13719 14101
13426 13719 13806
13426 13339 13719
13058 13339 13426
13058 12969 13339
1281 7511 1021
13718 1026 13720
1021 7511 7507
1019 7511 1277
13720 1288 1028
1287 7180 7254
1285 1025 1027
1285 1027 7254
7180 1285 7254
1024 14204 14100
1286 1026 1284
1284 1026 14204
1026 14100 14204
1285 1283 1023
1285 1023 1025
14204 1024 14099
1282 1284 1022
1022 1284 14099
1284 14204 14099
1021 7179 1281
1021 7175 7179
1023 7179 7175
1283 7179 1023
1020 14198 14098
1282 1022 1280
1280 1022 14198
1022 14098 14198
1279 11922 11829
11526 11829 11922
11526 11419 11829
11419 11526 1278
1019 7507 7511
8846 8954 8508
13416 13335 13046
1262 998 996
1231 13749 13203
1233 13203 13371
13955 1232 14131
14131 13577 13955
13749 13577 14131
1231 13577 13749
9999 1050 9860
9999 9860 1049
9999 1048 1050
9995 1048 9999
9635 9995 9999
9635 9999 1049
9514 9635 1049
9635 9514 1047
798 11956 11822
11412 11956 11560
11822 11956 11412
11412 11560 797
10755 1046 10618
10618 10369 10755
10228 10369 10618
1048 9995 9858
10228 1048 9858
796 10228 9858
10369 10228 796
9858 9635 9512
9858 9995 9635
13749 13371 13203
1047 1045 795
13749 13753 13371
13749 14131 14137
1243 11297 11485
12463 1242 12637
1241 12463 12637
11701 1240 11879
1239 11701 11879
13763 1238 13578
13578 13379 13763
13204 13379 13578
13379 13204 1237
14141 1236 13956
13763 13757 14141
13763 14141 13956
1238 13763 13956
13375 13757 13763
13375 13763 13379
13375 1237 1235
13379 1237 13375
14141 1234 1236
14137 1234 14141
13753 14137 14141
13753 14141 13757
13371 13753 13757
13371 13757 13375
13371 1235 1233
13375 1235 13371
14137 1232 1234
14131 1232 14137
13749 14137 13753
1239 11879 11297
1047 795 9512
794 12346 12214
792 13094 13096
790 13094 792
13094 12716 13096
13096 12716 12720
1042 12716 1040
1042 12720 12716
1041 8846 8956
8508 8506 8846
8846 8506 8956
8506 791 8956
8172 8506 8508
8172 8508 1039
8278 8172 1039
8172 8278 789
13094 790 12963
12708 12716 13094
12708 13094 12963
788 12708 12963
1040 12708 1038
1040 12716 12708
1039 8174 8278
7952 7850 789
1037 7952 789
8278 1037 789
8174 1037 8278
7850 7952 787
788 786 1036
8844 8956 791
9635 1047 9512
8956 8844 1041
8844 9180 9182
798 12214 11956
12214 12346 11956
12346 11826 11956
12346 1044 11826
11416 11956 11826
11416 11560 11956
11000 10998 11416
11416 10998 11560
10998 797 11560
10998 11000 10616
10616 11000 10755
11000 1046 10755
10616 10369 10226
10616 10755 10369
10226 10369 796
1045 1043 793
1045 793 795
792 13096 12964
12584 13096 12720
12964 13096 12584
794 12584 12346
12584 12720 12346
12720 12216 12346
12720 1042 12216
12216 1044 12346
1043 9180 793
1043 9182 9180
8844 9182 1041
13046 12965 999
11297 11879 11485
11699 983 11485
11896 12296 12215
992 11896 12215
1256 11896 1254
1256 11900 11896
1253 9244 9183
8847 9183 8845
8845 9183 991
9183 9244 991
993 8847 8845
1255 8847 993
11896 992 11823
1252 1254 990
990 1254 11823
1254 11896 11823
1251 10304 10229
9936 10229 10304
9936 9861 10229
9580 9861 9936
9580 9515 9861
9244 1253 9181
1253 9515 9181
9515 989 9181
9515 9580 989
9244 9181 991
11413 1252 990
11417 1252 11413
11417 11413 11001
11896 11900 12296
11001 11413 11078
12296 994 12215
993 8507 8580
1262 996 12302
12217 1262 12302
12217 12302 1258
1257 8584 1261
1257 8580 8584
8242 8584 8580
8242 8580 995
8173 8242 995
8173 7851 7853
8173 7853 1260
8242 8173 1260
7853 7851 7509
7509 7851 7505
7509 7505 7177
7177 7505 7173
6831 7177 7173
6831 7173 997
6867 6831 997
1259 6831 6867
996 12296 12302
994 12296 996
12296 11900 12302
12302 11900 1258
11900 11827 1258
11827 11900 1256
1255 993 1257
1257 993 8580
8580 8507 995
11879 11699 11485
11413 988 11078
10617 11001 987
1247 11298 985
11700 1247 985
11893 1247 11700
11491 11298 1245
13023 1244 12834
12647 12641 13023
12647 13023 12834
1246 12647 12834
12275 12641 12647
12275 12647 12279
12279 984 12275
12279 986 984
11485 985 11491
11485 983 985
11485 1245 1243
11491 1245 11485
12833 1244 13023
13023 12641 12637
13023 12637 1242
12833 13023 1242
12637 12641 12275
12637 12275 12085
1241 12637 12085
11699 11879 984
11879 1240 984
1240 12275 984
1240 12085 12275
11298 11491 985
10619 11001 10617
11893 11700 986
12285 11893 12279
11001 11078 987
10619 10617 10227
10619 10227 10304
1251 10619 10304
9936 10227 9859
10304 10227 9936
9580 9859 9513
9936 9859 9580
9580 9513 989
11078 988 10999
11078 10999 987
12659 1250 12464
12464 12291 12659
12086 12291 12464
12291 12086 1249
12659 1248 1250
12653 1248 12659
12285 12653 12659
12285 12659 12291
11893 12285 12291
11893 12291 1249
11702 11893 1249
11893 11702 1247
12653 1246 1248
12647 1246 12653
12279 12647 12653
12279 12653 12285
12279 11893 986
8508 8954 8620
1299 8954 8846
1041 1299 8846
1285 7252 1283
1558 1560 1282
1282 1560 1284
1557 7594 1559
1557 7590 7594
7248 7594 7590
7248 7590 1281
7179 7248 1281
7248 7179 1283
14199 1556 14104
1282 1280 1558
1558 1280 14104
1280 14199 14104
1279 11831 1555
1279 11829 11831
11831 11829 11423
11423 11829 11419
11419 1554 11423
11419 1278 1554
1553 1277 1557
1557 1277 7590
1277 7511 7590
7590 7511 1281
1276 14196 14102
14103 1556 14199
1280 1552 14103
1280 14103 14199
1283 7252 7248
1552 1280 14196
7598 7248 7252
7940 7856 1559
1565 11534 11425
11425 11534 1564
1563 7600 7515
7256 1567 7181
1567 7515 7181
7515 1287 7181
7515 7600 1287
7256 7181 1289
1286 1562 1566
1286 1566 13821
13720 1286 13821
13720 13821 1288
1565 11424 11534
11424 1564 11534
1561 7940 7857
7598 7600 7940
7940 7600 7857
7600 1563 7857
7600 7598 7252
7600 7252 7180
1287 7600 7180
7180 7252 1285
1560 1562 1284
1284 1562 1286
1561 7856 7940
7598 7940 7594
7594 7940 1559
7594 7248 7598
13342 1568 1290
1280 14102 14196
1275 12219 12221
1547 12591 12685
1544 1546 1270
1270 1546 1272
1545 7178 1271
1545 7184 7178
1543 7178 7184
1269 7178 1543
1542 1544 1268
1268 1544 1270
1543 1541 1269
1269 1541 6832
1541 6880 6832
6832 6880 1267
1266 11912 11828
11422 11418 11828
11422 11828 11912
1540 11422 11912
11418 11422 11006
11418 11006 11002
11006 1268 11002
11006 1542 1268
1539 6880 1541
1539 6876 6880
1265 6880 6876
1267 6880 1265
1264 12306 12218
12306 11910 11912
12591 1548 12685
1275 12221 1551
7579 1549 7510
1549 1545 1271
1279 12221 12219
1555 12221 1279
11003 1554 1278
11007 1554 11003
11003 1550 11007
11003 1274 1550
1277 1553 1273
1273 1553 7579
1553 7514 7579
7579 7514 1549
14196 1276 14101
14101 13719 13721
14101 13721 1552
14196 14101 1552
13721 13719 13341
13341 13719 13339
13341 13339 12971
12971 13339 12969
12969 12589 12971
12971 12589 1548
12589 12685 1548
1275 1551 1547
1275 1547 12685
12589 1275 12685
1546 1550 1272
1272 1550 1274
1273 7579 7510
1549 1271 7510
12306 11912 1266
13342 1290 13340
13722 13340 1288
9516 1589 1309
9643 1589 9516
9307 9188 1587
11163 1586 1588
11159 1586 11163
11163 10763 11159
11159 10763 1308
10763 10620 1308
10620 10763 1310
9303 1309 9307
9303 1307 1309
9303 1587 1585
9307 1587 9303
11561 1584 11426
1586 11159 11004
11426 1586 11004
1306 11426 11004
11561 11426 1306
11004 11159 1308
1305 1307 1583
1583 1307 9187
1307 9303 9187
1585 9187 9303
11832 1304 1582
11830 1304 11832
11830 11832 11420
11420 11832 11561
1589 9188 1309
11832 1584 11561
9188 9307 1309
10232 1590 1312
13579 13745 1776
13745 13205 13363
13745 13579 13205
13363 12835 12993
13363 13205 12835
1507 1777 1775
1507 1775 12993
12835 1507 12993
13581 1776 13745
13745 13207 13581
13363 13207 13745
13363 12839 13207
12993 12839 13363
1775 12839 12993
9864 1312 1590
9862 1312 9864
9862 9864 9518
9862 9518 9643
1311 9862 9643
9643 9518 1589
11163 1588 11008
11008 10763 11163
10622 10763 11008
10622 10232 10230
10622 10230 1310
10763 10622 1310
10232 1312 10230
1311 9643 9516
13821 13722 1288
11420 11561 1306
1303 1583 9293
12592 1576 12710
1575 8178 8274
1573 1295 1297
1573 1297 8274
8178 1573 8274
1572 1574 1294
1294 1574 1296
1573 7854 1295
1573 7858 7854
1571 7854 7858
1293 7854 1571
1570 1572 1292
1292 1572 1294
1571 7512 1293
1571 7516 7512
1569 7512 7516
1291 7512 1569
12972 1290 1568
12970 1290 12972
12972 1292 12970
12972 1570 1292
1569 1567 1291
1291 1567 7182
1567 7256 7182
7182 7256 1289
13821 1566 13722
13722 13342 13340
12710 1298 12592
1305 1583 1303
1298 1574 12592
8176 8274 1297
1583 9186 9293
9293 9186 1581
1302 12344 12220
1582 1304 1580
1580 1304 12344
1304 12220 12344
1303 9293 9184
1581 1579 1301
1581 1301 9184
9293 1581 9184
1302 1300 1578
1302 1578 12222
12344 1302 12222
12222 1580 12344
1579 1577 1299
1579 1299 1301
1298 12710 12590
1578 1300 1576
1576 1300 12710
1300 12590 12710
1577 8848 1299
1577 8850 8848
8848 8850 8512
8848 8512 8510
8176 8510 8512
8176 8512 1575
8274 8176 1575
1298 1296 1574
12218 12306 1266
1540 11910 1538
1540 11912 11910
14533 1512 14360
1514 14145 13956
14360 1514 13956
1236 14360 13956
14533 14360 1236
13956 14145 1238
13007 1237 13011
13007 1235 1237
13007 1513 1511
13011 1513 13007
14359 1512 14533
1234 1510 1236
1236 1510 14533
1510 14359 14533
13003 1235 13007
13003 1233 1235
13003 1511 1509
13007 1511 13003
1508 1510 1232
1232 1510 1234
13367 1231 13203
12999 13367 13003
13003 13367 1233
13367 13203 1233
12999 1509 1507
13003 1509 12999
13955 1508 1232
13011 12836 1513
13957 1508 13955
1237 13204 13011
13204 13206 12836
13019 12833 1242
12271 1241 12085
12271 12085 1240
11481 1239 11297
1243 1517 1515
1243 1515 11481
11297 1243 11481
12837 1516 13019
12463 12465 12837
12463 12837 13019
1242 12463 13019
12087 12465 12463
12087 12463 1241
12271 12087 1241
11701 11703 12087
11701 12087 12271
1240 11701 12271
11299 11703 11701
11299 11701 1239
11481 11299 1239
1515 11299 11481
14145 1514 13958
13958 13580 13578
13958 13578 1238
14145 13958 1238
13578 13580 13206
13578 13206 13204
13204 12836 13011
13019 1516 12833
13957 13955 13579
13205 13579 13577
11155 11004 1046
10618 10373 10228
10618 10759 10373
10228 10373 1048
1307 1305 1045
1307 1045 1047
11830 1044 1304
11826 1044 11830
11826 11830 11420
11826 11420 11416
11416 11420 11000
11000 11420 11155
11420 1306 11155
11000 11155 1046
1305 1303 1043
1305 1043 1045
12220 1042 1302
12216 1042 12220
12220 1044 12216
12220 1304 1044
1303 9182 1043
1303 9184 9182
1301 9182 9184
1041 9182 1301
1300 1302 1040
1040 1302 1042
1301 1299 1041
1046 11004 10618
13579 13955 13577
11004 1308 10618
11155 1306 11004
13205 13577 1231
13367 13205 1231
13367 12835 13205
12999 12835 13367
1507 12835 12999
10005 1312 9862
10005 9862 1311
10377 1310 10230
1312 10005 9860
10230 1312 9860
1050 10230 9860
10377 10230 1050
9516 9639 1049
1311 9516 1049
9860 1311 1049
10005 1311 9860
9639 9516 1309
10759 1308 10620
10377 10373 10759
10377 10759 10620
1310 10377 10620
10377 1048 10373
10377 1050 1048
1049 9639 9514
1309 1307 1047
1309 1047 9514
9639 1309 9514
1308 10759 10618
1516 1244 12833
1516 1518 1244
1519 1243 1245
7853 7509 7513
7853 7513 1534
7914 7853 1534
7513 7509 7183
7183 7509 7177
7183 7177 6831
7183 6831 6868
1533 7183 6868
6868 6831 1259
11904 1258 11827
11506 11421 1256
11421 1532 1256
1532 11827 1256
1532 11904 11827
11421 11506 1530
1531 1529 1255
1531 1255 1257
1256 11502 11506
1254 11502 1256
1530 11502 1528
1530 11506 11502
1253 9185 1527
1253 9183 9185
9185 9183 8849
8849 9183 8847
1255 8849 8847
1529 8849 1255
7914 1260 7853
1254 11496 11502
1535 1257 1261
1536 11908 11904
1539 6834 6876
1537 1263 1265
1537 1265 6876
6834 1537 6876
1264 12304 12306
1262 12304 1264
12304 11908 12306
12306 11908 11910
1538 11908 1536
1538 11910 11908
1261 8511 1535
1261 8509 8511
8511 8509 8177
8177 8509 8175
8177 8175 7855
7855 8175 7914
8175 1260 7914
7855 7914 1534
1533 6868 6833
1259 1263 1537
1259 1537 6833
6868 1259 6833
12304 1262 12217
11904 11908 12304
11904 12304 12217
1258 11904 12217
1536 11904 1532
1535 1531 1257
1252 11496 1254
11496 11084 11502
11502 11084 1528
11300 11503 1525
11503 11300 1523
1522 1524 1248
1248 1524 1250
1249 11897 11702
11503 11497 11897
11897 11497 11702
11497 1247 11702
11085 11497 11503
11085 11503 1523
10884 11085 1523
11085 10884 1521
13027 1520 12838
1248 1246 1522
1522 1246 12838
1246 13027 12838
1247 11497 11298
11085 10883 1519
1519 1245 11298
11085 1519 11298
11497 11085 11298
1521 10883 11085
1244 1518 1520
1244 1520 13027
12834 1244 13027
12834 13027 1246
1519 1517 1243
11503 11901 1525
11503 11897 11901
11897 1249 12086
12297 11897 12086
11084 11005 1528
10692 11005 11084
10692 10621 11005
10231 10621 10229
10229 10621 1251
10621 10692 1251
10231 10229 9863
9863 10229 9861
9863 9861 9517
9517 9861 9515
1253 9517 9515
1527 9517 1253
11496 1252 11417
788 1036 12588
11084 11417 11001
10692 11001 10619
11084 11001 10692
10692 10619 1251
12297 1526 12088
12088 11901 12297
11704 11901 12088
11901 11704 1525
12466 1250 1524
12464 1250 12466
12464 12466 12086
12086 12466 12297
12466 1526 12297
11901 11897 12297
11496 11417 11084
12708 788 12588
12588 1038 12708
1035 7952 1037
11955 11820 274
533 11408 11410
273 11408 533
10367 532 10224
10224 9856 9854
10224 9854 272
10367 10224 272
9854 9856 9510
9854 9510 9508
531 9508 9510
271 9508 531
278 6248 6250
270 6248 278
538 6248 530
538 6250 6248
529 5226 5125
269 277 537
269 537 5125
5226 269 5125
276 268 528
276 528 14094
14238 276 14094
14094 536 14238
535 12960 13102
12582 13102 12960
12582 12726 13102
12212 12726 12582
11820 11408 274
12212 12352 12726
11820 11410 11408
12210 12352 275
280 13104 12958
12580 13104 12730
12958 13104 12580
12580 12730 279
282 6250 6252
278 6250 282
540 6250 538
540 6252 6250
539 5126 5234
537 277 281
537 281 5234
5126 537 5234
276 14238 14090
13714 13710 14090
13714 14090 14238
536 13714 14238
13710 13714 13332
13710 13332 13330
13332 535 13102
13102 13104 280
13332 13102 280
13330 13332 280
13102 12726 13104
13104 12726 12730
12730 12726 12352
12730 12352 12210
279 12730 12210
534 11820 11955
5124 5234 281
11818 12212 534
12212 11818 12352
527 8842 8840
525 8840 8842
263 8840 525
5906 266 5829
5578 5829 5487
5906 5829 5578
5578 5487 265
264 262 524
264 524 14502
14652 264 14502
14502 526 14652
525 8502 263
525 8504 8502
523 8502 8504
261 8502 523
260 7268 7164
6818 7268 6918
7164 7268 6818
6818 6918 259
524 262 258
524 258 14640
14501 524 14640
14501 14640 522
523 8168 261
523 8170 8168
8168 8170 7848
8168 7848 7846
527 8840 267
11818 534 11955
268 14498 14652
528 268 526
11818 275 12352
11818 11955 274
533 10994 273
533 10996 10994
10994 10996 10614
10994 10614 10612
10612 10614 10222
10222 10614 10367
10614 532 10367
10222 10367 272
531 9176 271
531 9178 9176
527 9176 9178
267 9176 527
6248 270 6165
5906 5831 266
5831 530 266
530 6165 266
530 6248 6165
5578 5831 5906
5578 5489 5831
5226 529 5123
529 5489 5123
5489 265 5123
5489 5578 265
5226 5123 269
264 14652 14498
526 268 14652
7846 7848 7500
5234 5124 539
5124 5488 5490
13711 490 756
757 755 489
757 489 491
756 490 488
756 488 13414
13333 756 13414
13333 13414 754
8239 487 8169
8239 7847 7911
8239 8169 7847
7497 7501 7847
7847 7501 7911
7501 753 7911
7501 7497 7169
7169 7497 7165
489 7169 7165
755 7169 489
13414 488 13331
13331 12959 12961
13331 12961 754
13414 13331 754
12961 12959 12583
12583 12959 12581
12581 752 12583
12581 486 752
485 8505 751
485 8503 8505
13711 756 13715
8171 8505 8503
13715 758 13711
759 6823 6875
7502 7166 7572
7166 499 7572
763 7166 7170
497 7166 763
14992 498 14913
14588 14913 14499
14992 14913 14588
762 764 496
496 764 14499
764 14588 14499
763 6820 497
763 6824 6820
761 6820 6824
495 6820 761
14091 762 496
14095 762 14091
14091 760 14095
14091 494 760
6875 493 6819
495 761 759
495 759 6875
6819 495 6875
758 760 492
492 760 494
491 493 757
757 493 6823
493 6875 6823
13711 758 492
5124 5490 539
8171 8503 487
8239 7849 8171
9855 9857 10225
9855 10225 10303
480 9855 10303
9855 9509 9857
9857 9509 744
9509 9575 744
9177 9179 9509
9509 9179 9575
9179 743 9575
479 9179 9177
747 9179 479
11411 746 11489
11489 10997 11411
11077 10997 11489
745 10997 11077
9511 744 9575
743 9511 9575
284 5918 5830
5830 5918 283
282 6252 6166
284 6166 5918
6166 6252 5918
6252 5832 5918
6252 540 5832
5490 5488 5832
5832 5488 5918
5488 283 5918
10303 10225 10691
8239 8171 487
10691 10225 10615
10615 11077 10691
7911 7849 8239
753 7849 7911
12211 752 486
12213 752 12211
12211 750 12213
12211 484 750
751 749 483
751 483 485
11819 750 484
11821 750 11819
11819 748 11821
11819 482 748
10691 481 10613
10691 10223 10303
10691 10613 10223
10303 10223 480
479 8843 747
479 8841 8843
483 8843 8841
749 8843 483
746 748 482
746 482 11409
11489 746 11409
11489 10995 11077
11489 11409 10995
10995 481 10691
11077 10995 10691
745 11077 10615
7846 7500 7496
7500 7168 7496
7496 7168 260
487 8238 8169
7847 8169 7843
7843 8169 223
8169 8238 223
7847 7843 7497
7497 7843 7560
7843 222 7560
7224 7497 7560
7224 7165 7497
6864 6866 7224
7224 6866 7165
6866 489 7165
221 6866 6864
225 6866 221
13329 488 224
13331 488 13329
13331 13329 12959
12959 13329 13040
13329 220 13040
12581 12959 12579
12579 12959 219
12959 13040 219
12579 486 12581
12579 218 486
217 8503 485
217 8501 8503
8503 8501 8167
490 13796 13707
8503 8167 8238
224 490 13707
13796 226 13707
14184 14091 230
14091 496 230
496 14495 230
496 14584 14495
14091 14184 494
493 6874 6819
229 231 495
229 495 6819
6874 229 6819
230 14180 14184
228 14180 230
494 14180 492
494 14184 14180
491 227 493
493 227 6874
227 6815 6874
6874 6815 229
14180 228 14087
13796 13711 226
13711 492 226
492 14087 226
492 14180 14087
13711 13796 490
491 489 227
227 489 6814
489 6866 6814
6814 6866 225
488 490 224
14988 14911 14584
487 8503 8238
7560 222 7493
10223 10613 10611
10223 10611 213
10307 10223 213
10307 9939 9935
10307 9935 480
10223 10307 480
9939 208 9935
9939 212 208
479 8906 8841
207 211 483
207 483 8841
8906 207 8841
11407 482 210
11409 482 11407
10995 11409 11407
10995 11407 209
11083 10995 209
481 10995 11083
9855 480 9935
9507 9509 9855
9507 9855 9935
208 9507 9935
9509 9507 9177
9177 9507 9175
9177 9175 8839
9177 8839 8906
479 9177 8906
10613 481 11083
8238 8167 223
10993 10613 11083
11083 209 10993
7222 7224 7560
7222 7560 7493
216 7222 7493
7222 6860 7224
7224 6860 6864
215 6864 6860
221 6864 215
13040 220 12957
13040 12957 219
12209 486 218
12211 486 12209
12209 484 12211
12209 214 484
10307 213 10221
10307 9853 9939
10307 10221 9853
9939 9853 212
485 483 211
485 211 217
7222 216 7161
6860 7161 6813
7222 7161 6860
6860 6813 215
11817 484 214
11819 484 11817
11817 482 11819
11817 210 482
10611 10613 10993
14584 14911 14495
14988 232 14911
6820 495 6882
253 6562 251
514 516 252
514 252 13709
13825 514 13709
13825 13709 250
513 249 515
515 249 6558
249 6489 6558
6558 6489 251
248 512 514
248 514 13825
13708 248 13825
13708 13825 250
513 511 247
513 247 249
510 512 246
246 512 248
7597 245 7495
7597 7163 7251
7597 7495 7163
6817 6821 7163
7163 6821 7251
6821 509 7251
247 6821 6817
511 6821 247
14092 244 508
14088 244 14092
251 6562 6558
14092 246 14088
515 6558 6562
252 518 254
7168 7268 260
6822 7268 7168
6822 6918 7268
521 257 259
521 259 6918
6822 521 6918
14640 258 14497
14497 14089 14093
14497 14093 522
14640 14497 522
14093 14089 13713
13713 14089 13842
14089 256 13842
13713 13842 520
521 519 257
257 519 6490
519 6564 6490
6490 6564 255
256 254 518
256 518 13712
13842 256 13712
13712 520 13842
517 6564 519
517 6562 6564
253 6564 6562
255 6564 253
516 518 252
515 6562 517
14092 510 246
7935 243 7845
7593 7935 7597
502 238 236
502 236 15370
15281 502 15370
15281 15370 500
501 499 235
501 235 237
236 15364 15370
234 15364 236
500 15364 498
500 15370 15364
499 7162 235
499 7166 7162
6816 7162 7166
6816 7166 497
6882 6816 497
6816 6882 233
15364 234 15279
14988 14913 232
14913 498 232
498 15279 232
498 15364 15279
14584 14913 14988
14584 14499 14913
14499 14584 496
497 6820 6882
495 231 233
495 233 6882
503 237 239
503 501 237
15282 504 15380
15380 240 15282
7597 7935 245
7935 7845 245
7593 7597 7251
7593 7251 7167
507 7593 7167
509 7167 7251
14500 242 506
14496 242 14500
14500 244 14496
14500 508 244
243 7935 7844
7593 7499 505
505 241 7844
7170 7166 7502
7593 505 7844
507 7499 7593
240 15380 15280
14914 14912 15280
14914 15280 15380
504 14914 15380
14914 242 14912
14914 506 242
505 7494 241
505 7498 7494
503 7494 7498
239 7494 503
240 238 502
240 502 15282
7935 7593 7844
13959 13579 1776
765 7502 7572
14588 14503 766
1005 1003 759
1005 759 761
1004 760 758
1004 758 13798
13717 1004 13798
13717 13798 1002
6871 757 6823
759 1003 1001
759 1001 6871
6823 759 6871
13798 758 13715
1000 1002 756
756 1002 13715
1002 13798 13715
999 12672 12585
12585 12672 998
755 757 997
997 757 6827
757 6871 6827
1001 6827 6871
13333 1000 756
13335 1000 13333
13335 13333 12965
12965 13333 13044
13333 754 13044
12668 12672 13044
13044 12672 12965
1006 14188 14095
12672 999 12965
760 1006 14095
14188 762 14095
12587 12682 1008
1013 11824 11918
11414 11918 11824
11414 11522 11918
11414 1012 11522
1011 7502 765
1011 7506 7502
7502 7506 7174
7502 7174 7170
7170 7174 6828
7170 6828 6883
763 7170 6883
6883 6828 1007
764 14188 14192
762 14188 764
1010 14188 1006
1010 14192 14188
1009 13336 13424
12966 13424 13336
12966 13056 13424
12586 13056 12966
12586 12682 13056
12586 1008 12682
763 6883 6824
1007 1005 761
1007 761 6824
6883 1007 6824
1004 1006 760
12682 12587 12967
998 12668 996
995 8240 8173
11821 992 750
11823 992 11821
11821 990 11823
11821 748 990
989 9242 9181
8912 991 8843
991 9181 8843
9181 747 8843
9181 9242 747
8912 8843 749
990 748 746
990 746 11490
11413 990 11490
11413 11490 988
745 10617 987
745 10615 10617
10617 10615 10227
10227 10615 10225
10227 10225 9859
9859 10225 9857
9859 9857 9513
9513 9857 9576
9857 744 9576
9242 989 9179
989 9513 9179
9513 743 9179
9513 9576 743
8912 749 8845
998 12672 12668
749 993 8845
991 8912 8845
7912 8173 8240
7912 7851 8173
7505 7851 7501
7501 7851 753
7851 7912 753
7505 7501 7173
7173 7501 7169
755 7173 7169
997 7173 755
13044 754 12961
12668 12961 12583
13044 12961 12668
994 996 752
752 996 12583
996 12668 12583
751 8507 993
751 8505 8507
8507 8505 8171
8507 8171 8240
995 8507 8240
7912 8171 7849
8240 8171 7912
7912 7849 753
12213 994 752
12215 994 12213
12213 992 12215
12213 750 992
749 751 993
9242 9179 747
12682 12967 13056
13056 13337 13424
1031 783 7260
7176 1031 7260
782 13826 13830
780 13826 782
13830 13826 13444
13444 13826 13338
13826 1030 13338
13338 1032 13444
1031 6826 781
1031 6830 6826
1029 6826 6830
779 6826 1029
780 13820 13826
778 13820 780
1030 13820 1028
1030 13826 13820
1027 6898 6829
777 779 1029
777 1029 6829
6898 777 6829
778 776 1026
778 1026 13718
13820 778 13718
13718 1028 13820
1025 775 1027
1027 775 6898
775 6825 6898
1031 781 783
6898 6825 777
1033 7176 7260
13444 1032 12968
1035 7950 7952
7952 7950 7608
7952 7608 7504
787 7952 7504
7172 7608 7262
7504 7608 7172
7172 7262 785
784 13448 13334
12962 13448 13080
13334 13448 12962
1036 786 1034
1034 786 13080
786 12962 13080
1035 7852 7950
7508 7950 7852
7508 7608 7950
7262 7608 7260
7260 7608 1033
7608 7508 1033
783 7262 7260
785 7262 783
782 13830 13716
13830 13444 13448
13830 13448 784
13716 13830 784
13448 13444 13080
13080 13444 12968
12968 1034 13080
13056 12967 13337
14100 774 1024
14100 776 14096
1017 11920 11825
11524 11825 11920
11524 11415 11825
11415 11524 1016
1019 1015 767
1019 767 769
15002 768 14915
14592 14594 15002
14592 15002 14915
766 14592 14915
1018 14592 1014
1018 14594 14592
1013 11920 1017
1013 11918 11920
11918 11522 11920
11920 11522 11524
1016 11522 1012
1016 11524 11522
1015 1011 765
1015 765 767
14592 766 14503
14192 14097 764
14097 1014 764
1014 14503 764
1014 14592 14503
14097 14192 1010
1009 13424 13337
1020 14596 14594
14096 774 14100
1020 14594 1018
15002 14594 15006
14100 1026 776
7247 773 7171
775 1025 1023
775 1023 7247
7171 775 7247
1024 774 772
1024 772 14202
14099 1024 14202
14099 14202 1022
771 773 1021
1021 773 7175
773 7247 7175
1023 7175 7247
770 15006 14916
14504 15006 14596
14916 15006 14504
772 14504 14202
14504 14596 14202
14596 14098 14202
14596 1020 14098
14098 1022 14202
769 7507 1019
769 7503 7507
771 7507 7503
1021 7507 771
770 15002 15006
768 15002 770
15006 14594 14596
11490 746 11411
11411 10997 10999
11411 10999 988
7264 7172 785
519 6916 6912
521 6916 519
518 13838 13712
520 13712 13450
13712 13838 13450
13838 13334 13450
13838 784 13334
12962 13450 13334
12962 13084 13450
12962 786 13084
783 6912 785
783 6910 6912
517 6912 6910
519 6912 517
518 516 782
518 782 13716
13838 518 13716
13716 784 13838
781 6910 783
781 6906 6910
515 6910 6906
517 6910 515
780 782 514
514 782 516
781 6826 6906
779 513 515
6912 7264 785
779 515 6906
6916 7264 6912
7172 7610 7504
13454 13090 13458
13458 13090 790
13090 12963 790
12963 13090 788
523 8277 8170
7848 8170 7850
7850 8170 789
8170 8277 789
7500 7848 7850
7500 7850 787
7610 7500 787
7168 7610 7264
7500 7610 7168
6822 7264 6916
7168 7264 6822
6822 6916 521
14222 522 14093
13844 14093 13713
14222 14093 13844
13450 13454 13844
13450 13844 13713
520 13450 13713
13450 13084 13454
13454 13084 13090
788 13084 786
788 13090 13084
787 7504 7610
7172 7264 7610
13846 13454 13458
6826 779 6906
512 780 514
505 7584 7498
769 505 7503
505 7589 7503
771 7503 7589
7584 503 7498
502 15374 15282
770 504 768
768 504 15374
504 15282 15374
767 7584 769
767 7578 7584
501 7584 7578
503 7584 501
15374 502 15281
14996 14915 500
14915 768 500
768 15281 500
768 15374 15281
14915 14996 766
765 7578 767
765 7572 7578
499 7578 7572
501 7578 499
500 14992 14996
498 14992 500
14992 14588 14996
14996 14588 766
505 769 7584
778 780 512
14504 772 14600
14914 14504 506
779 777 511
779 511 513
776 778 510
510 778 512
509 6825 775
509 6821 6825
511 6825 6821
777 6825 511
14096 508 774
14092 508 14096
14096 510 14092
14096 776 510
507 7171 773
507 7167 7171
509 7171 7167
775 7171 509
506 14600 14500
774 508 772
772 508 14600
508 14500 14600
7589 505 7499
507 773 771
507 771 7589
7499 507 7589
14916 504 770
14914 504 14916
14916 14504 14914
14504 14600 506
13844 13454 13846
14226 13844 13846
14222 13844 14226
11820 11822 11412
11820 11412 11410
797 11410 11412
533 11410 797
532 10368 10224
9858 9856 10224
9858 10224 10368
796 9858 10368
9856 9858 9512
9856 9512 9510
795 9510 9512
531 9510 795
538 5908 5910
530 5908 538
5908 5580 5910
5910 5580 5584
5230 5584 5580
5230 5580 529
5125 5230 529
5230 5125 537
528 14234 14094
14234 13850 13854
14234 13854 536
14094 14234 536
13850 13462 13854
13854 13462 13464
13464 13462 13098
11820 534 11822
13464 13098 12960
11822 534 798
13714 13854 13332
11490 11411 988
745 10999 10997
987 10999 745
9576 744 9511
9576 9511 743
11887 986 11700
11887 11700 985
11887 984 986
11883 984 11887
11883 985 983
11887 985 11883
11699 984 11883
983 11699 11883
540 5912 5832
5490 5912 5586
5832 5912 5490
5490 5586 539
540 5910 5912
538 5910 540
5910 5584 5912
5912 5584 5586
5586 5584 5230
5586 5230 5126
539 5586 5126
5126 5230 537
536 13854 13714
13332 13854 13464
13332 13464 535
535 13464 12960
12582 13098 12722
12960 13098 12582
12584 794 12722
793 9180 9292
8844 8842 9180
9180 8842 9292
8842 527 9292
791 8842 8844
525 8842 791
524 14646 14502
14646 14226 14230
14646 14230 526
14502 14646 526
14226 13846 14230
14230 13846 13848
13846 13458 13848
13848 13458 13460
792 13458 790
792 13460 13458
791 8504 525
791 8506 8504
8504 8506 8172
8504 8172 8277
523 8504 8277
8277 8172 789
14646 524 14501
14222 14226 14646
14222 14646 14501
522 14222 14501
12584 12722 13098
12584 13098 12964
13460 792 12964
13098 13460 12964
12214 12212 12582
12214 12582 12722
794 12214 12722
12214 534 12212
12214 798 534
797 10996 533
797 10998 10996
10996 10998 10616
10996 10616 10614
10616 10226 10614
10614 10226 532
10226 10368 532
10226 796 10368
14503 14588 764
795 793 531
793 9292 9178
9178 9292 527
5908 530 5831
5580 5831 5489
5908 5831 5580
5580 5489 529
528 14230 14234
526 14230 528
14230 13848 14234
14234 13848 13850
13848 13460 13850
13850 13460 13462
13462 13460 13098
531 793 9178
13803 3351 3355
13957 13579 13959
13957 1778 1508
8072 2344 2074
2069 6061 2339
2069 6059 6061
2073 6061 6059
2343 6061 2073
435 2338 286
435 286 2337
2068 12298 12094
2342 2072 2336
2336 2072 12298
2072 12094 12298
9585 2071 9587
9585 2067 2071
9585 2341 2335
9587 2341 9585
2334 2340 2066
2066 2340 2070
2339 2333 2065
2339 2065 2069
435 2332 2338
433 2332 435
433 2337 2331
435 2337 433
2068 2064 2330
2068 2330 12096
12298 2068 12096
12096 2336 12298
8072 2074 8070
9583 2067 9585
8070 2070 8072
9589 2345 9587
2347 6060 6062
2077 6060 2347
2076 2346 2350
2076 2350 11911
11708 2076 11911
11708 11515 11304
11708 11911 11515
11304 11515 2080
2079 10325 10116
9754 9947 2075
2349 9754 2075
10116 2349 2075
10325 2349 10116
9754 9589 9947
9418 9589 9754
9589 9418 2345
2344 2348 2074
2074 2348 2078
2347 2343 2073
2347 2073 2077
2342 2346 2072
2072 2346 2076
2075 9947 9752
9589 9587 9947
9947 9587 9752
9587 2071 9752
9587 2345 2341
8072 2070 2340
6378 6531 2351
9583 2063 2067
9585 2335 9583
2327 6701 2061
2322 2326 2058
2058 2326 2060
9933 2059 9937
9933 2057 2059
9577 9933 9937
9577 9937 9581
9577 2325 2321
9581 2325 9577
7743 2324 7899
7899 7399 7743
7549 7399 7899
7549 7059 7399
7211 7059 7549
2323 7059 7211
12844 2056 2320
12842 2056 12844
12844 2058 12842
12844 2322 2058
9929 2057 9933
9929 2055 2057
9929 9933 9577
9929 9577 9417
2319 9929 9417
2321 9417 9577
13212 2054 2318
13210 2054 13212
2061 6701 6699
9583 2335 2329
6701 2323 7211
6699 6701 7057
8069 2334 2066
8071 2334 8069
8069 2328 8071
8069 2062 2328
2061 6379 2327
2061 6377 6379
2065 6379 6377
2333 6379 2065
285 2332 433
2331 285 433
12472 2060 2326
12470 2060 12472
12472 2064 12470
12472 2330 2064
9937 2059 9751
9581 9937 9583
9583 9937 2063
9937 9751 2063
9581 2329 2325
9583 2329 9581
2324 2328 2062
2324 2062 7741
7899 2324 7741
7899 7397 7549
7899 7741 7397
7549 7057 7211
7549 7397 7057
7057 6701 7211
13212 2056 13210
6062 6378 2351
6700 6877 6531
2366 11015 2086
2366 11100 11015
10314 10633 10702
10314 10239 10633
10239 10314 2364
2363 8578 8519
2085 2087 2365
2085 2365 8519
8578 2085 8519
10702 2086 10627
10314 10627 10235
10702 10627 10314
9940 9871 2084
9871 2364 2084
2364 10235 2084
2364 10314 10235
9871 9940 2362
2361 2083 2363
2363 2083 8578
2083 8517 8578
8578 8517 2085
9940 2084 9867
9867 9521 9525
9867 9525 2362
9940 9867 2362
9525 9521 9197
9197 9521 9193
10633 2366 2086
9197 9193 8859
10702 10633 2086
2367 2087 2089
11438 2096 11434
11438 2374 2096
2371 2093 2373
2373 2093 7232
2093 7187 7232
7232 7187 2095
2370 2372 2092
2092 2372 2094
2371 2369 2091
2371 2091 2093
11433 2370 2092
11437 2370 11433
11433 2368 11437
11433 2090 2368
2089 8185 2367
2089 8181 8185
8185 8181 7865
7865 8181 7863
7865 7863 7521
7521 7863 7519
2091 7521 7519
2369 7521 2091
2368 2090 2088
2368 2088 11100
11021 2368 11100
11021 11100 2366
2367 2365 2087
11100 2088 11015
6060 6378 6062
8859 9193 8855
2361 8859 2083
7398 7060 7058
7058 7060 6702
7058 6702 6877
2081 7058 6877
6702 6531 6877
6380 6531 6702
6531 6380 2351
11911 2350 11710
11517 11515 11911
11517 11911 11710
2354 11517 11710
11517 11109 11515
11515 11109 2080
11109 10888 2080
10512 10888 10514
10514 10888 2353
10888 11109 2353
10512 10514 10118
10512 10118 10325
2079 10512 10325
10325 10118 2349
7744 2078 2348
7742 2078 7744
7744 2082 7742
7744 2352 2082
2081 6877 6700
6700 6531 6378
7398 7400 7060
2083 8859 8855
7398 2082 7400
11109 10890 2353
14201 2360 13966
14201 13966 2359
14595 2358 14364
14201 14197 14595
14201 14595 14364
2360 14201 14364
13809 14197 14201
13809 14201 2359
13588 13809 2359
13809 13588 2357
14595 2356 2358
14593 2356 14595
14195 14593 14595
14195 14595 14197
13807 14195 14197
13807 14197 13809
13807 2357 2355
13809 2357 13807
14363 2356 14593
14593 13965 14363
14195 13965 14593
14195 13587 13965
13807 13587 14195
2355 13587 13807
11517 2354 11306
11306 11109 11517
10890 11109 11306
7400 2082 2352
11434 2094 11438
13212 2320 2056
2319 2317 2053
2143 1861 1863
2140 2142 1860
1860 2142 1862
2141 2139 1861
1861 2139 8852
2139 8950 8852
8852 8950 1859
2138 2140 1858
1858 2140 1860
2137 8950 2139
2137 8948 8950
8950 8948 8614
8950 8614 8516
1859 8950 8516
8516 8614 1857
2136 2138 1856
1856 2138 1858
2137 8856 8948
8518 8948 8856
8518 8614 8948
8268 8180 1857
2135 8268 1857
8614 2135 1857
8518 2135 8614
8180 8268 1855
2136 1856 1854
2136 1854 12700
2143 2141 1861
12597 2136 12700
12598 2144 1864
12594 1862 12598
1870 1868 2148
1870 2148 11436
11562 1870 11436
11436 2150 11562
2147 1867 2149
2149 1867 9300
1867 9191 9300
9300 9191 1869
1866 11948 11836
2148 1868 2146
2146 1868 11948
1868 11836 11948
2147 2145 1867
1867 2145 9190
2145 9288 9190
9190 9288 1865
12228 1864 2144
12224 1864 12228
12228 11838 12224
12224 11838 1866
11838 11948 1866
11838 2146 11948
2145 9194 9288
2143 1863 1865
2143 1865 9288
9194 2143 9288
12598 1862 2142
12598 1864 12594
8968 8853 1871
12597 12700 2134
1853 11431 11435
2132 10346 10344
2127 8264 8183
7944 2131 7861
2131 8183 7861
8183 1847 7861
8183 8264 1847
7944 7861 1851
1846 13816 13726
13344 13816 13438
13726 13816 13344
1850 13344 13074
13344 13438 13074
13438 12976 13074
13438 2126 12976
12976 2130 13074
2125 12326 12227
1845 1849 2129
1845 2129 12227
12326 1845 12227
1844 11126 11012
11126 10730 10732
11126 10732 1848
11012 11126 1848
10730 10342 10732
10732 10342 10344
2128 10342 2124
2128 10344 10342
2132 10344 2128
1853 11435 2133
10734 10344 10346
1848 10732 11013
11435 11431 11019
11019 11431 11130
11431 1852 11130
10734 11019 11130
10734 10631 11019
10346 10631 10734
10346 10237 10631
10237 10346 2132
2135 8184 8268
7944 7862 1855
2131 7944 1855
8268 2131 1855
8184 2131 8268
7862 7944 1851
1850 13074 12974
1854 12974 12700
12974 13074 12700
13074 12596 12700
13074 2130 12596
12596 2134 12700
1849 11837 2129
1849 11835 11837
1853 11837 11835
2133 11837 1853
11130 1852 11013
10732 10734 11130
10732 11130 11013
10732 10344 10734
2055 9929 9750
9195 9300 1869
2151 9195 8853
2048 13962 14146
11469 2045 11303
11303 2047 11059
11469 11303 11059
10889 11469 11059
2311 11469 10889
11059 10513 10889
10673 10513 11059
10673 10117 10513
10285 10117 10673
2313 10117 10285
2046 2044 2310
2046 2310 13964
14146 2046 13964
13964 2312 14146
2043 11709 2309
2043 11707 11709
11305 11709 11707
11305 11707 2045
11469 11305 2045
2311 11305 11469
2310 2044 2042
2310 2042 14138
13963 2310 14138
13963 14138 2308
2041 12095 2307
2041 12093 12095
2312 2048 14146
2043 12095 12093
2314 2048 2312
2315 9753 2049
2319 2053 9750
9929 2319 9750
13771 2316 13586
2054 2052 2318
2318 2052 13586
2052 13771 13586
11063 2051 10887
11063 10511 10679
11063 10887 10511
10679 10511 2050
2317 2315 2049
2317 2049 2053
2048 2314 2316
2048 2316 13771
13584 2048 13771
13584 13771 2052
11059 2051 11063
11059 2047 2051
10673 11059 11063
10673 11063 10679
10673 10679 10285
10285 10679 10115
10679 2050 10115
9749 9753 10115
10115 9753 10285
9753 2313 10285
2049 9753 9749
2046 14146 13962
9195 1869 8853
2309 12095 2043
2306 2308 2040
10632 10626 11014
10632 11014 11164
2154 10632 11164
10626 10632 10234
10234 10632 10383
10632 2156 10383
10234 10383 1876
2155 8854 1875
2155 8858 8854
2153 8854 8858
1873 8854 2153
1872 11566 11432
1874 11432 11164
11432 11566 11164
11566 11020 11164
11566 2152 11020
11020 2154 11164
2151 8968 8857
1871 1873 2153
1871 2153 8857
8968 1871 8857
1872 11562 11566
1870 11562 1872
2152 11562 2150
2152 11566 11562
2149 9300 9195
8968 2151 8853
1874 11164 11014
14138 2042 13961
1875 9192 2155
9520 9196 9192
2040 2308 13961
2308 14138 13961
2039 12471 2305
2039 12469 12471
2041 12471 12469
2307 12471 2041
2304 2306 2038
2038 2306 2040
2303 12994 12843
2037 2039 2305
2037 2305 12843
12994 2037 12843
13583 2304 2038
13585 2304 13583
13585 13583 13211
13211 13583 13209
13211 13209 12841
13211 12841 12994
2303 13211 12994
12994 12841 2037
10383 2156 10238
10238 9870 9866
10238 9866 1876
10383 10238 1876
9866 9870 9524
9866 9524 9520
9520 9524 9196
2155 9192 9196
11438 2094 2372
7232 2095 7189
2095 2375 7189
2311 11307 11305
2569 11307 2311
14142 2310 13963
2566 2568 2308
2308 2568 13963
2568 14142 13963
2565 2307 2567
2567 2307 12258
2307 12095 12258
12258 12095 2309
14133 2564 13968
2308 2306 2566
2566 2306 13968
2306 14133 13968
2305 12473 2563
2305 12471 12473
2307 12473 12471
2565 12473 2307
14937 2562 14778
14778 14525 14937
14366 14525 14778
14133 14127 14525
14133 14525 14366
2564 14133 14366
14133 2304 14127
14133 2306 2304
12995 2303 12843
11307 11709 11305
2305 2563 2561
11711 11709 11307
11709 12097 2309
13590 2576 2318
2315 2317 2573
2573 2317 9419
2317 9563 9419
2575 9419 9563
2572 2574 2314
2314 2574 2316
2313 9755 2571
2313 9753 9755
2315 9755 9753
2573 9755 2315
2570 2572 2312
2312 2572 2314
2311 10891 2569
2311 10889 10891
10891 10889 10515
10515 10889 10513
10515 10513 10119
10119 10513 10117
2313 10119 10117
2571 10119 2313
2310 14142 13964
2570 2312 2568
2568 2312 14142
2312 13964 14142
2567 12258 12097
11711 12097 11709
12097 12258 2309
13590 2318 13586
2305 2561 12995
14777 2562 14937
9524 9644 9196
9196 9312 2155
10636 2154 2416
10632 2154 10636
10636 2156 10632
10636 2418 2156
2417 9874 10006
9528 10006 9874
9528 9644 10006
9202 9644 9528
9202 9312 9644
8972 8858 2155
2415 8972 2155
9312 2415 2155
9202 2415 9312
8858 8972 2153
2152 11160 11020
2416 2154 2414
2414 2154 11160
2154 11020 11160
2413 9304 9201
8972 2415 8857
2415 9201 8857
9201 2151 8857
9201 9304 2151
8972 8857 2153
2152 2150 2412
9196 9644 9312
12843 2305 12995
9870 10006 9524
10006 9870 2417
14937 14525 14521
14937 14521 2560
14777 14937 2560
14123 14521 14525
14123 14525 14127
14123 14127 13741
13741 14127 13585
14127 2304 13585
13741 13211 13359
13741 13585 13211
13211 2303 12995
13359 13211 12995
12845 13359 12995
2559 13359 12845
2561 12845 12995
14365 2560 14521
14521 13967 14365
14123 13967 14521
14123 13589 13967
13741 13589 14123
13741 13213 13589
13359 13213 13741
2559 13213 13359
10242 2156 2418
10238 2156 10242
9870 10238 10242
9870 10242 2417
9524 10006 9644
2152 2412 11024
13586 2316 13590
9571 2577 9563
695 2332 285
147 429 151
151 429 2331
429 285 2331
147 2591 2587
151 2591 147
2326 12654 12472
12654 12286 12292
12654 12292 2330
12472 12654 2330
2590 12286 2586
2590 12292 12286
9243 2329 9247
9243 2325 2329
8907 9243 9247
8907 9247 8915
8907 8915 8575
8907 8575 8407
2585 8907 8407
8575 8073 8407
8235 8073 8575
2324 2584 2328
2328 2584 8235
2584 8073 8235
2583 7212 7061
6703 7061 6701
6701 7061 2323
429 695 285
7061 7212 2323
691 695 429
695 2588 2592
695 2592 699
699 2332 695
699 2338 2332
151 2337 155
151 2331 2337
151 155 15343
151 15343 15159
2591 151 15159
2595 15159 15343
2330 12292 12096
2594 2336 2590
2590 2336 12292
2336 12096 12292
9247 2335 9249
9247 2329 2335
8915 9247 9249
8915 9249 8917
8575 8915 8917
8575 8917 8579
8575 8579 8235
8235 8579 8071
8579 2334 8071
8235 8071 2328
6515 2327 6379
2333 2593 2589
2333 2589 6515
6379 2333 6515
691 2588 695
13590 2316 2574
6381 6703 6701
6515 6381 2327
425 287 687
425 1 287
143 1 425
2581 1 143
2320 13024 12844
2322 12844 12648
12844 13024 12648
13024 12474 12648
13024 2578 12474
12474 2580 12648
9571 2319 9417
9417 2321 9239
9571 9417 9239
9083 9571 9239
2577 9571 9083
9239 8749 9083
8899 8749 9239
2579 8749 8899
13214 2318 2576
13212 2318 13214
13214 12846 13212
13212 12846 2320
12846 13024 2320
12846 2578 13024
9563 2319 9571
9563 2317 2319
9563 2577 2575
687 287 541
6381 6701 2327
541 2582 687
2583 7401 7212
2589 6381 6515
691 2582 2588
687 2582 691
425 687 691
425 691 429
143 425 429
143 429 147
143 2587 2581
147 2587 143
2326 12648 12654
2322 12648 2326
12654 12648 12286
12286 12648 12098
12648 2580 12098
12098 2586 12286
9239 2325 9243
9239 2321 2325
8899 9239 9243
8899 9243 8907
8899 2585 2579
8907 2585 8899
7743 2584 2324
7745 2584 7743
7745 7743 7401
7401 7743 7399
7401 7399 7059
7401 7059 7212
7212 7059 2323
11160 2152 11024
11024 2414 11160
2411 2149 2413
13346 13432 2116
13066 12690 13068
13068 12690 12692
2109 12692 12690
2115 12692 2109
11122 2114 11017
10726 11017 10629
11122 11017 10726
10726 10629 2113
2386 2112 2108
2386 2108 9266
9199 2386 9266
9199 9266 2384
2385 8520 8602
8186 8182 8520
8520 8182 8602
8182 2111 8602
8182 8186 7866
8182 7866 7864
7520 7864 7866
7520 7866 2383
7586 7520 2383
7520 7586 2107
2110 13430 13432
2106 13430 2110
13430 13062 13432
13432 13062 13066
13432 13068 2116
13062 12688 13066
13432 13066 13068
2117 8604 2111
9606 9527 2390
9527 9606 2388
2387 8606 2389
2387 8604 8606
2117 8606 8604
2123 8606 2117
2122 13068 13070
2116 13068 2122
13068 12692 13070
13070 12692 12694
2115 12694 12692
2121 12694 2115
2120 11122 11124
2114 11122 2120
11122 10726 11124
11124 10726 10728
2113 10728 10726
2119 10728 2113
9964 2118 9869
9606 9869 9523
9964 9869 9606
2386 2388 2112
2112 2388 9523
2388 9606 9523
2385 8604 2387
2385 8602 8604
2111 8604 8602
2110 13432 13346
9966 9606 2390
13066 12688 12690
12690 12318 12226
9264 9598 9198
9598 2378 9198
9198 2382 9264
2381 7188 2103
2381 7190 7188
2377 7188 7190
2099 7188 2377
13060 2102 12975
12686 12975 12595
13060 12975 12686
12686 12595 2101
10240 2098 2376
10236 2098 10240
10240 2100 10236
10240 2380 2100
2379 9526 9598
9526 2378 9598
2377 2375 2097
2377 2097 2099
11022 2096 2374
11016 2096 11022
11016 11022 10634
11016 10634 10628
10634 2098 10628
10634 2376 2098
2373 7232 7189
2095 2097 2375
9600 9598 9264
12690 12688 12318
9958 9872 2379
9600 9958 9598
2109 12690 12226
12226 12318 2105
2104 9958 9868
9522 9958 9600
9868 9958 9522
9600 9264 9266
9600 9266 2108
9522 9600 2108
2384 9264 2382
2384 9266 9264
2383 7522 7586
2381 2103 2107
2381 2107 7586
7522 2381 7586
13430 2106 13345
13060 13062 13430
13060 13430 13345
2102 13060 13345
13060 12686 13062
13062 12686 12688
12318 12688 12686
12318 12686 2101
12225 12318 2101
12318 12225 2105
2104 2100 2380
2104 2380 9872
9958 2104 9872
9598 9958 2379
9964 9606 9966
2118 9964 2124
2124 9964 9966
12712 2404 12230
11840 12342 12230
11840 11946 12342
11840 2406 11946
2403 9286 2405
2403 9284 9286
2141 9286 9284
2143 9286 2141
2142 2140 2402
2142 2402 12600
12712 2142 12600
12600 2404 12712
2401 9284 2403
2401 9282 9284
2139 9284 9282
2141 9284 2139
2400 2402 2138
2138 2402 2140
2401 9200 9282
2399 2137 2139
2399 2139 9282
9200 2399 9282
2398 2400 2136
2136 2400 2138
2399 8856 2137
2399 8860 8856
8856 8860 8522
12712 12230 12342
8856 8522 8518
12598 12712 12342
2142 12712 12598
2413 2149 9304
2149 9195 9304
9304 9195 2151
2148 11556 11436
2412 2150 2410
2410 2150 11556
2150 11436 11556
2411 2409 2147
2411 2147 2149
2148 11554 11556
2146 11554 2148
2410 11554 2408
2410 11556 11554
2409 2407 2145
2409 2145 2147
2144 12342 12228
11838 12342 11946
12228 12342 11838
2146 11838 11554
11838 11946 11554
11946 11440 11554
11946 2406 11440
11440 2408 11554
2407 2405 2145
2145 2405 9194
2405 9286 9194
9194 9286 2143
2144 12598 12342
2397 8518 8522
2135 8518 2397
12597 2398 2136
2393 8187 2131
2126 13072 12976
13072 12696 12698
13072 12698 2130
12976 13072 2130
12328 12698 12696
12328 12696 2125
12227 12328 2125
12328 12227 2129
2392 2128 2124
2392 2124 9966
9873 2392 9966
9873 9966 2390
2389 8606 8521
2123 2127 2391
2123 2391 8521
8606 2123 8521
2126 13070 13072
2122 13070 2126
13070 12694 13072
13072 12694 12696
2121 12696 12694
2125 12696 2121
2120 11124 11018
10630 11124 10728
11018 11124 10630
10630 10728 2119
2131 8187 8183
2127 8183 8187
2127 8187 2391
2128 2394 2132
12599 2398 12597
12597 2396 12599
12597 2134 2396
2133 11439 2395
2133 11435 11439
11439 11435 11023
11023 11435 11019
11023 11019 10635
10635 11019 10631
10635 10631 10241
10241 10631 10237
10237 2394 10241
10237 2132 2394
2123 8264 2127
2397 8184 2135
2393 8184 8188
2131 8184 2393
2130 12698 12596
2396 12328 12229
12698 12328 12596
12328 2396 12596
2396 2134 12596
11839 12229 11837
11837 12229 2129
12229 12328 2129
2133 11839 11837
2395 11839 2133
2392 2394 2128
2397 8188 8184
2123 8262 8264
1843 8264 8262
1847 8264 1843
13725 1846 13814
13725 13814 1842
1845 11834 11928
11430 11928 11834
11430 11532 11928
11430 1844 11532
1843 1841 1561
1561 1841 7856
1841 7936 7856
7856 7936 1559
1560 1558 1840
1560 1840 13724
13814 1560 13724
13724 1842 13814
1841 7860 7936
1839 1557 1559
1839 1559 7936
7860 1839 7936
1556 14200 14104
1840 1558 1838
1838 1558 14200
1558 14104 14200
1555 11833 1837
1555 11831 11833
11833 11831 11429
11429 11831 11423
11429 11423 11011
1846 1560 13814
11011 11423 11120
1846 1562 1560
1561 7857 7942
1852 11425 1564
1852 11536 11425
11013 11128 1848
1847 7942 7861
7602 1851 7515
1851 7861 7515
7861 1563 7515
7861 7942 1563
7602 7515 1567
1566 1562 1846
1566 1846 13726
13822 1566 13726
13344 13822 13726
13344 13440 13822
13344 1850 13440
1845 11930 1849
1845 11928 11930
11930 11928 11532
11930 11532 11424
1565 11930 11424
1564 11424 11128
11424 11532 11128
11532 11012 11128
11532 1844 11012
11012 1848 11128
1843 1561 1847
1847 1561 7942
7942 7857 1563
11013 1852 1564
11423 1554 11120
1557 1839 1553
1551 12317 12223
1833 12223 12317
1550 10720 10722
1546 10720 1550
1832 10720 1828
1832 10722 10720
1549 1831 1545
1545 1831 7237
1831 7186 7237
7237 7186 1827
12973 1830 13059
12591 12593 12973
12591 12973 13059
1548 12591 13059
1547 12593 12591
1829 12593 1547
1546 10718 10720
1544 10718 1546
1828 10718 1826
1828 10720 10718
1545 7237 7184
1827 1825 1543
1827 1543 7184
7237 1827 7184
11111 1824 11010
11010 1542 11111
1544 1542 10718
1829 1551 12223
11011 11120 1836
1547 1551 1829
12971 13059 1830
1553 1839 7585
1839 7518 7585
7585 7518 1835
14200 1556 14103
1834 1838 1552
1552 1838 14103
1838 14200 14103
12317 1551 12221
1555 1837 1833
1555 1833 12317
12221 1555 12317
11120 1554 11007
10722 10625 1550
10625 1836 1550
1836 11007 1550
1836 11120 11007
10625 10722 1832
1553 7585 7514
1835 1831 1549
1835 1549 7514
7585 1835 7514
13721 1834 1552
13723 1834 13721
13723 13721 13343
13343 13721 13341
13341 12971 13343
13343 12971 1830
13059 12971 1548
1542 11010 10718
11128 11013 1564
11835 1565 11425
1582 11950 11832
1870 1584 1868
1868 1584 11950
1584 11832 11950
1583 1867 9294
1583 9294 9186
1867 1583 9191
1583 9299 9191
1869 9191 9299
9294 1581 9186
1582 1580 1866
1582 1866 11836
11950 1582 11836
11836 1868 11950
1867 9190 9294
1865 1579 1581
1865 1581 9294
9190 1865 9294
12224 1578 1864
12222 1578 12224
12224 1580 12222
12224 1866 1580
1865 1863 1577
1865 1577 1579
12711 1862 12594
1578 1576 1864
1864 1576 12594
1871 8853 8967
1576 12711 12594
1869 9299 8853
9299 9187 8967
11008 1588 11014
11008 11014 10626
11008 10626 10622
10622 10626 10234
10622 10234 10232
10234 1590 10232
10234 1876 1590
1589 9311 9188
8854 8971 1587
1875 8854 1587
9188 1875 1587
9311 1875 9188
8971 8854 1873
11565 1872 11432
1588 1586 1874
1874 1586 11432
1586 11565 11432
8967 1587 8971
8967 1585 1587
8967 1873 1871
8971 1873 8967
1584 1870 1872
1584 1872 11565
11426 1584 11565
11426 11565 1586
9299 1583 9187
9187 1585 8967
8853 9299 8967
11835 11930 1565
1863 1861 1577
1861 8952 8850
7948 7946 7604
7948 7604 7516
1571 7948 7516
7516 7604 1569
1568 13076 12972
1856 1570 1854
1854 1570 13076
1570 12972 13076
1853 11536 11431
11431 11536 1852
1855 7862 7946
7604 7946 7602
7602 7946 1851
7946 7862 1851
1567 7604 7602
1569 7604 1567
1566 13822 13722
13342 13822 13440
13722 13822 13342
1568 13342 13076
13342 13440 13076
13440 12974 13076
13440 1850 12974
12974 1854 13076
1849 11930 11835
11536 1853 11425
1853 11835 11425
8270 8180 1855
1577 1861 8850
7946 8270 1855
1857 8180 8270
8512 8952 8618
8850 8952 8512
8512 8618 1575
1574 1860 1862
1574 1862 12711
12592 1574 12711
12592 12711 1576
1861 8852 8952
8618 8952 8616
8616 8952 1859
8952 8852 1859
8618 8616 8272
8618 8272 8178
1575 8618 8178
8178 8272 1573
1858 1860 1572
1572 1860 1574
1859 8516 8616
8272 8616 8270
8270 8616 1857
8616 8516 1857
8272 8270 7948
8272 7948 7858
1573 8272 7858
7858 7948 1571
1856 1858 1570
1570 1858 1572
7948 8270 7946
11010 10624 10718
10624 1826 10718
1825 1823 1541
1520 1792 12840
13028 1520 12840
12840 1794 13028
11073 1519 11079
11073 1517 1519
10683 11073 11079
10683 11079 1793
10508 10683 1793
10683 10508 1791
1790 1792 1516
1516 1792 1518
11067 1517 11073
11067 1515 1517
11067 11073 10683
11067 10683 10507
1789 11067 10507
1791 10507 10683
1788 1790 1516
1788 1516 12837
13017 1788 12837
13017 12465 12635
13017 12837 12465
12635 12087 12267
12635 12465 12087
12267 11703 11875
12267 12087 11703
11875 11299 11477
1520 1518 1792
11875 11703 11299
10883 1521 11079
1521 1795 1793
1798 1526 12660
1526 12466 12660
1525 11507 11300
11097 11093 11507
11507 11093 11300
11093 1523 11300
11093 11097 10703
11093 10703 10509
1797 11093 10509
1801 10509 10703
7053 1800 7223
7223 6697 7053
6861 6697 7223
1799 6697 6861
1524 1522 1796
1524 1796 12468
12660 1524 12468
12468 1798 12660
1523 11093 10884
1797 1795 1521
1797 1521 10884
11093 1797 10884
1520 13028 12838
1796 1522 1794
1794 1522 13028
1522 12838 13028
11079 1519 10883
1521 1793 11079
1802 1526 1798
11299 1515 11067
10885 11477 11067
12261 12090 1783
14362 1512 1782
14360 1512 14362
14362 1514 14360
14362 1784 1514
12627 1513 12631
12627 1511 1513
12257 12627 12631
12257 12631 12261
12257 1783 1781
12261 1783 12257
14359 1782 1512
14361 1782 14359
14359 1780 14361
14359 1510 1780
12623 1511 12627
12623 1509 1511
12623 12627 12257
12623 12257 12089
1779 12623 12089
1781 12089 12257
1778 1780 1508
1508 1780 1510
1507 1509 1777
1777 1509 12467
1509 12623 12467
1779 12467 12623
12090 12261 1785
11477 11299 11067
12261 12633 1785
12631 1513 12836
1787 11477 10885
1789 10885 11067
13387 1786 13208
13017 13015 13387
13017 13387 13208
1788 13017 13208
12633 13015 13017
12633 13017 12635
12633 12635 12267
12633 12267 12091
1785 12633 12091
12267 11705 12091
11875 11705 12267
11875 11301 11705
11477 11301 11875
1787 11301 11477
13960 1514 1784
13958 1514 13960
13958 13960 13582
13958 13582 13580
13580 13582 13206
13206 13582 13387
13582 1786 13387
13206 13015 12836
13206 13387 13015
12633 12631 13015
13015 12631 12836
12261 12631 12633
1524 12660 12466
6865 1803 6861
6861 1803 1799
7855 1534 7562
7226 7228 7562
7562 7228 7517
7228 1819 7517
6872 7228 7226
6872 7226 1533
6833 6872 1533
6872 6833 1537
1536 11510 11512
1532 11510 1536
1818 11510 1816
1818 11512 11510
1531 1535 1815
1815 1535 8515
1535 8585 8515
1817 8515 8585
7562 1534 7513
7226 7513 7183
7562 7513 7226
7226 7183 1533
11510 1532 11421
1814 1816 1530
1530 1816 11421
1816 11510 11421
1531 1815 1529
1529 1815 8577
1815 8514 8577
7517 7855 7562
8577 8514 1813
7859 7855 7517
8179 8177 7859
1825 1541 1543
11428 1540 1822
11422 1540 11428
11422 11428 11006
11006 11428 11111
11428 1824 11111
11006 11111 1542
1821 7230 7185
1539 1541 1823
1539 1823 7185
7230 1539 7185
1820 1822 1538
1538 1822 1540
1819 7230 1821
1819 7228 7230
7230 7228 6872
7230 6872 6834
1539 7230 6834
6834 6872 1537
1820 1538 1536
1820 1536 11512
11427 1820 11512
11427 11512 1818
8585 1535 8511
8177 8179 8511
8511 8179 8585
8179 1817 8585
7859 8177 7855
1814 1530 1528
1814 1528 11092
11009 1814 11092
1809 7055 7229
11101 1806 10886
10711 10707 11101
10711 11101 10886
1808 10711 10886
10707 1807 1805
10711 1807 10707
6865 1804 6698
6865 6698 1803
12092 1526 1802
12088 1526 12092
12088 12092 11706
12088 11706 11704
11704 11706 11302
11704 11302 11507
1525 11704 11507
11101 11097 11507
11101 11507 11302
1806 11101 11302
10703 11097 11101
10703 11101 10707
10703 1805 1801
10707 1805 10703
7223 1800 7054
6865 6861 7223
6865 7223 7054
1804 6865 7054
7055 1810 7229
10711 10510 1807
10711 1808 10510
7229 7056 1809
10698 11009 11092
10698 10623 11009
10623 10698 1812
9245 1527 9185
9245 8849 8913
9245 9185 8849
8849 1529 8577
8913 8849 8577
8513 8913 8577
1811 8913 8513
1813 8513 8577
11092 1528 11005
10698 11005 10621
11014 1588 1874
11092 11005 10698
10621 10233 1812
10698 10621 1812
10233 10231 9865
9865 10231 9863
9865 9863 9519
9519 9863 9517
9189 9519 9517
9189 9517 1527
9245 9189 1527
9245 8851 9189
8913 8851 9245
1811 8851 8913
7229 1810 7056
10621 10231 10233
13959 1778 13957
9311 9192 1875
9518 9192 9311
1821 7185 7187
1823 7187 7185
2095 7187 1823
2092 2094 1820
1820 2094 1822
2093 2091 1819
2093 1819 1821
11427 2092 1820
11433 2092 11427
11427 2090 11433
11427 1818 2090
1817 8181 2089
1817 8179 8181
8181 8179 7863
7863 8179 7859
7863 7859 7519
7519 7859 7517
1819 7519 7517
2091 7519 1819
2088 2090 1816
1816 2090 1818
8581 1815 8515
1817 2089 2087
1817 2087 8581
8515 1817 8581
2088 1816 1814
2088 1814 11096
1821 7187 2093
11015 2088 11096
11434 2096 1824
11428 1822 11434
2104 10332 2100
2104 10334 10332
2103 7186 1831
2103 7188 7186
2099 7186 7188
1827 7186 2099
12973 2102 1830
12975 2102 12973
12975 12973 12595
12595 12973 12593
1829 12595 12593
2101 12595 1829
1828 1826 2098
1828 2098 10236
10332 1828 10236
10236 2100 10332
2099 2097 1825
2099 1825 1827
11016 1824 2096
11010 1824 11016
11010 11016 10628
11010 10628 10624
10628 1826 10624
10628 2098 1826
2097 2095 1823
2097 1823 1825
11434 1822 2094
11434 1824 11428
1828 10332 1832
11015 11096 2086
2087 2085 1813
10888 10713 11107
10512 10713 10888
10713 10512 2079
7917 2078 7742
7567 7565 7917
7567 7917 7742
2082 7567 7742
7567 7231 7565
7565 7231 1810
7231 7056 1810
6700 6873 1809
2081 6700 1809
7056 2081 1809
7231 2081 7056
6700 6527 6873
6378 6527 6700
6378 6201 6527
6060 6201 6378
6201 6060 2077
11909 2076 11708
11708 11513 11909
11304 11513 11708
11107 11105 11513
11107 11513 11304
2080 11107 11304
11107 10713 11105
11105 10713 1808
11107 2080 10888
1815 8581 8514
7231 7058 2081
7398 7231 7567
2087 1813 8514
8581 2087 8514
11096 1814 11009
11009 10623 10627
11009 10627 2086
11096 11009 2086
10627 10623 10235
10235 10623 10308
10623 1812 10308
10235 10308 2084
1811 8517 2083
1811 8513 8517
1813 8517 8513
2085 8517 1813
10308 1812 10233
10233 9865 9867
10233 9867 2084
10308 10233 2084
9867 9865 9521
9521 9865 9519
9521 9519 9193
9193 9519 9189
9193 9189 8855
8855 9189 8851
1811 8855 8851
2083 8855 1811
7567 2082 7398
7058 7231 7398
10713 10510 1808
1832 10332 10334
1833 12225 12223
13724 13812 1842
2122 13434 2116
2122 13436 13434
2115 12324 2121
2115 12322 12324
12322 11924 12324
12324 11924 11926
11924 11528 11926
11926 11528 11530
2120 11528 2114
2120 11530 11528
2113 10340 2119
2113 10338 10340
10338 9962 10340
10340 9962 2118
9962 9869 2118
9604 9869 9962
9604 9523 9869
9523 9604 2112
2111 8260 2117
2111 8258 8260
8260 8258 7932
8260 7932 7860
1841 8260 7860
7860 7932 1839
1840 13810 13812
1838 13810 1840
13812 13436 1842
13812 13810 13434
13812 13434 13436
1843 8262 1841
13816 1846 13725
13436 13438 13816
13436 13816 13725
1842 13436 13725
2126 13436 2122
2126 13438 13436
2121 12326 2125
2121 12324 12326
12326 12324 11926
12326 11926 11834
1845 12326 11834
11430 11926 11530
11834 11926 11430
1844 11430 11126
11430 11530 11126
11530 11018 11126
11530 2120 11018
10630 11126 11018
10630 10730 11126
10342 10730 10340
10340 10730 2119
10730 10630 2119
2124 10340 2118
2124 10342 10340
2117 8262 2123
2117 8260 8262
1841 8262 8260
1840 13812 13724
2105 12225 1833
13434 13810 13346
13346 2116 13434
1834 13808 1838
2110 13808 2106
2110 13810 13808
2109 12226 12320
2105 1833 1837
2105 1837 12320
12226 2105 12320
10724 1836 10625
10334 10336 10724
10334 10724 10625
1832 10334 10625
10336 10334 9960
9960 10334 9868
10334 2104 9868
9522 9960 9868
9522 9602 9960
9522 2108 9602
2107 2103 1831
2107 1831 1835
13808 1834 13723
13723 13343 13345
13723 13345 2106
13808 13723 2106
13343 2102 13345
13343 1830 2102
1829 12225 2101
1829 12223 12225
1838 13808 13810
13810 2110 13346
1835 7518 2107
7518 1839 7932
2109 12322 2115
2109 12320 12322
11924 12322 12320
11924 12320 1837
11833 11924 1837
11528 11833 11429
11924 11833 11528
11429 11011 11017
11429 11017 2114
11528 11429 2114
11017 11011 10629
10629 11011 10724
11011 1836 10724
10336 10338 10724
10724 10338 10629
10338 2113 10629
10336 9960 10338
10338 9960 9962
9960 9602 9962
9962 9602 9604
2112 9602 2108
2112 9604 9602
2111 8182 8258
7864 8258 8182
7864 7932 8258
7520 7518 7864
7864 7518 7932
2107 7518 7520
10116 10323 1807
2079 10116 1807
10510 2079 1807
13393 1788 13391
13393 1790 1788
1787 10887 2051
1787 10885 10887
10511 10887 10885
10511 10885 1789
10681 10511 1789
10681 10297 10293
10681 10293 2050
10511 10681 2050
9915 10293 10297
9915 10297 9921
9915 2053 2049
9921 2053 9915
13767 2048 13584
2052 13391 13208
13584 2052 13208
1786 13584 13208
13767 13584 1786
13208 13391 1788
12263 1785 12091
12263 11705 11871
12263 12091 11705
11871 11301 11473
11871 11705 11301
1787 2051 2047
1787 2047 11473
13391 2052 13393
11301 1787 11473
13393 2052 2054
9750 9921 2055
1794 2060 1796
10687 1795 10693
10687 1793 1795
10301 10687 10693
10301 10693 10305
10301 2059 2057
10305 2059 10301
12842 1792 2056
12840 1792 12842
12842 1794 12840
12842 2058 1794
1793 10687 10508
10301 10299 10687
10687 10299 10508
10299 1791 10508
10299 2057 2055
10301 2057 10299
13393 2054 13210
1792 1790 2056
2056 1790 13210
1790 13393 13210
10681 1789 10507
10297 10681 10299
10299 10681 1791
10681 10507 1791
9921 10297 10299
9921 10299 2055
9921 9750 2053
2058 2060 1794
10115 2050 10293
9915 9749 10293
2042 1780 1778
2042 1778 14132
13961 2042 14132
13961 14132 2040
1777 12469 2039
1777 12467 12469
1779 12469 12467
2041 12469 1779
14132 1778 13959
2038 2040 1776
1776 2040 13959
2040 14132 13959
2039 2037 1775
2039 1775 1777
13581 2038 1776
13583 2038 13581
13583 13581 13209
13209 13581 13207
13209 13207 12841
12841 13207 12839
1775 12841 12839
2037 12841 1775
9866 1590 1876
9864 1590 9866
9864 9866 9520
9864 9520 9518
9518 9520 9192
2043 12093 1781
10293 9749 10115
1781 12093 12089
1779 12093 2041
2049 9749 9915
13962 1784 2046
13960 1784 13962
13960 13962 13582
13582 13962 13767
13962 2048 13767
13582 13767 1786
1785 12263 12090
11871 11867 12263
12263 11867 12090
11867 1783 12090
11867 11871 11473
11867 11473 11303
2045 11867 11303
2047 11303 11473
1782 14534 14362
2046 1784 2044
2044 1784 14534
1784 14362 14534
1781 1783 2043
2043 1783 11707
1783 11867 11707
2045 11707 11867
14534 1782 14361
2042 2044 1780
1780 2044 14361
2044 14534 14361
1779 12089 12093
2061 6699 6857
6857 6699 7217
7217 6699 7057
9945 9752 2071
8241 2070 8070
7915 7913 8241
7915 8241 8070
2074 7915 8070
7561 7913 7915
7561 7915 7563
7225 7561 7563
7225 7563 7227
7227 6869 7225
7225 6869 1804
6869 6698 1804
6525 6523 6869
6869 6523 6698
6523 1803 6698
6523 6525 6199
6523 6199 6059
2069 6523 6059
2073 6059 6199
12094 1802 2068
12092 1802 12094
12092 12094 11706
11706 12094 11905
12094 2072 11905
11706 11511 11302
11706 11905 11511
11302 11511 1806
9752 9945 2075
10315 1805 10319
9945 10323 2075
10319 1805 1807
10713 2079 10510
10323 10116 2075
7917 2074 2078
7915 2074 7917
7563 7915 7917
7563 7917 7565
7563 7565 7227
7227 7565 7055
7565 1810 7055
6869 7227 6873
6873 7227 1809
7227 7055 1809
6525 6869 6873
6525 6873 6527
6199 6525 6527
6199 6527 6201
6199 2077 2073
6201 2077 6199
11909 2072 2076
11905 2072 11909
11511 11905 11909
11511 11909 11513
11513 11105 11511
11511 11105 1806
11105 10886 1806
10886 11105 1808
10319 1807 10323
9945 10319 10323
10315 1801 1805
9943 10315 10319
9943 10319 9945
7555 7559 7217
7217 7559 7053
7559 1800 7053
7217 6697 6857
7217 7053 6697
6697 1799 6519
6857 6697 6519
6377 6857 6519
2061 6857 6377
2065 6377 6519
12470 1796 2060
12468 1796 12470
12470 1798 12468
12470 2064 1798
10693 1797 10699
10693 1795 1797
10305 10693 10699
10305 10699 10309
10305 10309 9941
10305 9941 9751
2059 10305 9751
2063 9751 9941
7741 2062 7907
7907 7397 7741
7555 7397 7907
7555 7057 7397
7217 7057 7555
7555 7909 7559
7555 7907 7909
8069 8237 2062
8237 7907 2062
9943 2071 2067
9945 2071 9943
8241 2066 2070
8237 2066 8241
7909 8237 8241
7909 8241 7913
7559 7909 7913
7559 7913 7561
7561 7225 7559
7559 7225 1800
7225 7054 1800
7054 7225 1804
6519 1803 6523
1589 9518 9311
6519 1799 1803
6523 2069 6519
2064 2068 1798
1798 2068 1802
10699 1797 10509
10309 10699 10315
10315 10699 1801
10699 10509 1801
9941 10309 10315
9941 10315 9943
9941 2067 2063
9943 2067 9941
8069 2066 8237
8237 7909 7907
6519 2069 2065
13803 3355 13805
12669 12121 12485
298 3356 296
15190 4966 15186
15190 5342 4966
5341 4320 4965
5341 4322 4320
4320 4322 4050
4320 4050 4048
4048 4050 3814
4048 3814 3871
4961 4048 3871
3871 3814 5337
2804 4964 2741
5336 5340 4960
4960 5340 2741
5340 2804 2741
4963 1209 1090
5339 1090 1209
5339 5335 958
1090 5339 958
826 1090 958
826 958 4959
445 5334 318
318 32 28
318 28 4958
445 318 4958
32 4962 28
15186 4962 15190
15190 4962 5338
1209 1094 5339
5343 1094 1209
2208 2466 2550
5344 2208 2550
2204 2208 1930
2204 1930 1926
1926 1930 1644
1926 1644 1640
1640 1644 1368
1640 1368 1362
5343 1362 1368
4967 1362 5343
14820 4966 5342
14818 4966 14820
32 5338 4962
14820 4970 14818
5345 4622 4969
5345 4624 4622
5341 4622 4624
4965 4622 5341
4964 2804 2742
4968 2742 2550
2742 2804 2550
2804 2470 2550
2804 5340 2470
2470 5344 2550
4967 5343 4963
4963 5343 1209
14820 5346 4970
4961 3871 3812
5337 5333 4957
5337 4957 3812
1643 1361 5328
1361 1475 5328
1475 1361 4952
4951 3609 5327
4951 3607 3609
4953 3609 3607
5329 3609 4953
1367 5328 1475
4950 5326 4952
4952 5326 1475
5326 1367 1475
4949 5023 5325
1639 1361 1643
4949 5021 5023
4623 5021 4621
4623 4621 4321
4321 4621 4319
4321 4319 4049
4049 4319 4047
4049 4047 3813
3813 4047 3811
4951 3813 3811
5327 3813 4951
5326 4950 4948
5326 4948 1194
1093 5326 1194
5023 5021 4623
2208 2204 2466
1643 1925 1639
1929 2203 1925
3871 5337 3812
2465 5336 4960
2469 5336 2465
2465 5332 2469
2465 4956 5332
5335 830 958
572 568 830
830 568 958
568 4959 958
568 572 314
314 572 445
572 5334 445
1929 1925 1643
314 445 4958
4957 5331 3608
5331 3644 3608
3608 3644 4955
5330 5332 4954
4954 5332 4956
5331 3610 3644
5329 4953 4955
5329 4955 3644
3610 5329 3644
2203 5330 4954
2207 5330 2203
2207 2203 1929
5333 5331 4957
1093 1194 5324
4968 2550 2466
5347 5345 4969
14012 13833 14213
13640 13833 14012
13640 5363 13833
13446 13258 4986
4988 13258 13082
13258 13446 13082
13446 12892 13082
13446 5362 12892
12892 5366 13082
5365 6096 6232
5760 6232 6096
5760 5896 6232
5414 5408 5760
5760 5408 5896
5408 4987 5896
5361 5408 5414
4985 5408 5361
15037 5360 14822
14619 14617 15037
14619 15037 14822
5364 14619 14822
14619 14213 14617
14617 14213 4984
14213 14008 4984
14008 13833 13636
14012 14213 5367
14213 14623 5367
14213 14619 14623
14619 5364 14623
11754 11350 4992
11350 11546 4992
10936 11546 11350
10936 11142 11546
10936 5372 11142
5371 7090 4991
5371 7092 7090
5369 7090 7092
4989 7090 5369
14623 5368 14416
14623 14416 5367
4990 13082 13088
14008 14213 13833
4988 13082 4990
5370 13088 13082
5369 6734 4989
5369 6736 6734
6734 6736 6410
6734 6410 6408
6094 6408 6410
6094 6410 5365
6232 6094 5365
5756 6232 5896
6094 6232 5756
5756 5896 4987
14623 5364 5368
5370 13082 5366
13636 13262 13446
13636 13446 4986
13262 13636 5363
5353 5022 5024
4977 5022 5353
14609 5352 5354
14603 5352 14609
14609 4976 14603
14609 4978 4976
4977 5353 4975
4975 5353 4803
5353 4626 4803
4803 4626 5351
4974 5350 5352
4974 5352 14603
5355 5024 5022
14412 4974 14603
4799 4975 4803
4799 4973 4975
4799 5351 5349
4803 5351 4799
5348 5350 4972
4972 5350 4974
4971 4973 5347
5347 4973 4625
4973 4799 4625
5349 4625 4799
5346 5348 4970
4970 5348 4972
14412 14603 4976
5347 4969 4971
5355 5022 4979
14613 4978 14609
13636 13833 5363
13262 5362 13446
5361 5359 4983
5361 4983 4985
15037 5358 5360
15031 5358 15037
14615 15031 15037
14615 15037 14617
14617 4982 14615
14617 4984 4982
5357 5556 5413
4981 4983 5359
14613 4980 4978
4981 5359 5413
14821 5358 15031
15031 14615 14613
15031 14613 5356
14821 15031 5356
14615 4980 14613
14615 4982 4980
5357 5412 5556
5355 4979 4981
5355 4981 5556
5412 5355 5556
14613 5354 5356
14609 5354 14613
5556 4981 5413
11756 11350 11754
5859 4947 5755
5755 5411 5859
5297 1092 1176
5291 4913 4921
5291 4921 1176
1092 5291 1176
15189 5296 15313
4912 5290 4920
4920 5290 15313
5290 15189 15313
13761 4911 13635
13635 4919 13383
13761 13635 13383
13261 13761 13383
5289 13761 13261
13383 12891 13261
13013 12891 13383
12511 12629 4918
12629 5288 4918
5288 13013 4918
5288 12891 13013
12629 12511 4910
4917 10283 10156
9788 9899 4909
5295 9788 4909
10156 5295 4909
10283 5295 10156
5298 2528 2524
5298 2524 5292
2740 2794 4922
2794 2528 4922
1366 5297 1456
1088 1176 4921
317 5302 417
27 31 317
27 317 417
4926 27 417
27 15185 31
31 15185 5296
15185 15313 5296
15313 15185 4920
13383 4919 13257
13383 12887 13013
9899 9788 5287
13383 13257 12887
10283 4925 10289
10283 4917 4925
10283 5301 5295
10289 5301 10283
5294 5300 4916
4916 5300 4924
4915 4923 5293
5293 4923 5409
4923 5497 5409
5299 5409 5497
4914 2794 2740
2794 2524 2528
13013 12887 4918
7089 5294 4916
7091 5294 7089
7089 6733 7091
12629 4910 4904
4903 4909 5279
5279 4909 9787
4909 9899 9787
5287 9787 9899
6735 5286 6835
5285 6735 6835
2792 4908 2739
2739 2463 2467
2739 2467 5284
2792 2739 5284
2463 5278 2467
12629 4904 12625
2463 4902 5278
5283 4901 4907
4906 4900 5276
4906 5276 15188
15304 4906 15188
15188 5282 15304
14135 4899 14007
4905 5281 5275
4905 5275 14135
14007 4905 14135
4898 5274 5280
4898 5280 12625
12510 4898 12625
5283 5277 4901
1456 5297 4927
12625 5280 12629
5289 13639 13761
7091 6733 5286
6733 6835 5286
6407 6409 6733
6733 6409 6835
6409 5285 6835
6409 6407 6095
6095 6407 6093
6095 6093 5757
5757 6093 5753
4915 5757 5753
5293 5757 4915
4914 2792 2794
12629 5280 5288
4908 2792 4914
2524 2792 2468
2792 5284 2468
2468 5292 2524
5291 5283 4907
5291 4907 4913
4906 15304 15184
5290 4912 5282
5282 4912 15304
4912 15184 15304
4905 4911 5281
5281 4911 13639
4911 13761 13639
2794 2792 2524
5407 5411 5755
5297 1176 4927
1366 1456 1728
8097 8226 5316
4945 5319 4941
4941 5319 5849
5319 5758 5849
5849 5758 5315
938 4944 825
5314 5318 4940
4940 5318 825
5318 938 825
4939 9789 5313
4939 9785 9789
9789 9785 9441
9441 9785 9439
9441 9439 9105
9441 9105 9240
5317 9441 9240
9240 9105 4943
4942 4938 5312
4942 5312 8096
8226 4942 8096
8096 5316 8226
4941 5849 5754
5315 5311 4937
5315 4937 5754
5849 5315 5754
5320 8572 8427
5320 8427 4942
8097 5320 4942
8226 8097 4942
5411 5323 5859
4949 5411 5407
5325 5411 4949
1194 4948 1089
5322 5324 4946
4946 5324 1089
5324 1194 1089
5321 8908 8769
8572 8769 8908
8572 8429 8769
8429 8572 5320
4945 4947 5319
5310 5314 4936
5319 4947 5759
5323 5759 5859
5322 4946 4944
5322 4944 938
829 5322 938
829 938 5318
5317 9240 9107
8908 5321 8767
5321 9107 8767
9107 4943 8767
9107 9240 4943
8572 8767 8427
8908 8767 8572
4947 5859 5759
4936 5314 4940
5313 5309 4935
5313 4935 4939
567 313 571
571 313 5302
313 417 5302
417 313 4926
10289 4925 10157
4931 5305 5301
4931 5301 10289
10157 4931 10289
7423 5304 4930
7425 5304 7423
7423 5300 7425
7423 4924 5300
571 5306 567
4929 5303 4923
5303 5410 5497
5497 5410 5299
4928 2528 2532
4922 2528 4928
2532 2528 2276
2276 2528 2206
2528 5298 2206
1928 2276 2206
1928 2000 2276
1642 2000 1928
1642 1728 2000
1366 1728 1642
4923 5303 5497
1176 1088 4927
567 5306 4932
1638 1728 1360
5312 4938 4934
5312 4934 8216
8095 5312 8216
8095 8216 5308
5311 5307 4933
5311 4933 4937
5306 5310 4932
4932 5310 4936
5309 5305 4931
5309 4931 4935
8216 4934 8093
8093 7767 7769
1360 1456 4927
8093 7769 5308
7767 5304 7769
7767 4930 5304
5307 5303 4929
5307 4929 4933
4928 2532 2464
2202 2532 2276
2464 2532 2202
1924 2276 2000
2202 2276 1924
1638 2000 1728
1924 2000 1638
1360 1728 1456
8216 8093 5308
12510 12625 4904
12142 11756 11754
12512 12144 12142
1370 1092 1454
1092 5297 1454
5629 1092 1098
5291 1092 5629
321 5634 413
413 133 129
413 129 5628
321 413 5628
129 133 15309
15309 133 15189
133 5296 15189
15309 15189 5290
13377 5289 13261
13377 12891 13009
13377 13261 12891
13009 12891 5288
5295 9901 9788
5633 5627 5287
5633 5287 9788
9901 5633 9788
7091 5632 5294
7093 5632 7091
7093 7091 6737
6737 7091 6836
7091 5286 6836
1098 1092 1370
5635 1370 1454
2210 5636 2274
2274 5298 2210
1454 1366 5635
1366 1454 5297
575 5640 677
317 413 5302
413 5634 5302
5634 677 5302
5634 575 677
413 31 133
413 317 31
133 31 5296
9901 5301 9909
9901 5295 5301
6411 6737 6409
9901 9909 9551
5633 9901 9443
5639 9443 9551
5632 5638 5294
5294 5638 5300
5493 5293 5409
5409 5299 5127
5493 5409 5127
5025 5493 5127
5631 5493 5025
5637 5025 5127
5298 5292 5630
5298 5630 2210
9901 9551 9443
6409 6737 5285
6737 6836 5285
6411 6409 6097
5287 5627 5623
5287 5623 9895
9787 5287 9895
6836 5286 6735
6836 6735 5285
2520 5284 2467
5622 5626 5278
5278 5626 2467
5626 2520 2467
5621 1172 5625
5621 1170 1172
5277 1172 1170
9895 5279 9787
5283 1172 5277
5624 15305 15188
34 5624 15188
5276 34 15188
121 34 5276
15188 15305 5282
13751 5281 13755
13751 5275 5281
13369 13751 13755
13369 13755 13373
13001 13369 13373
13001 13373 13005
13005 5274 13001
121 5620 34
1366 1646 5635
13009 5288 5280
13005 13377 13009
6097 6409 6095
6097 6095 5761
5761 6095 5757
5415 5761 5757
5415 5757 5293
5493 5415 5293
5631 5415 5493
5284 2520 2468
5630 5292 5626
5626 5292 2520
5292 2468 2520
5625 1172 1097
13009 5280 13005
5283 5291 5629
1172 5283 1097
35 5628 129
129 15309 15305
129 15305 5624
35 129 5624
15309 5282 15305
15309 5290 5282
13755 5281 13639
13373 13755 13377
13377 13755 5289
13755 13639 5289
13005 13373 13377
5283 5629 1097
13005 5280 5274
1366 1642 1646
1928 1932 1646
5660 942 829
5317 9109 5655
5317 9107 9109
5321 9109 9107
5659 9109 5321
8097 5658 5320
8099 5658 8097
8097 5654 8099
8097 5316 5654
5319 5855 5758
5416 5511 5315
5657 5416 5315
5758 5657 5315
5855 5657 5758
5511 5416 5653
5652 5656 5314
5314 5656 5318
9931 5313 9789
9931 9441 9573
9931 9789 9441
5317 5655 5651
5317 5651 9573
9441 5317 9573
5312 8222 8096
5654 5316 5650
5318 5660 829
5656 5660 5318
942 5322 829
5759 5323 5855
4051 4321 4049
4051 4049 3813
4051 3813 3856
5665 4051 3856
3856 3813 5327
1196 5326 1093
5662 5664 5324
5324 5664 1093
5664 1196 1093
5661 5323 5663
5663 5323 5522
5323 5411 5522
5650 5316 8222
5522 5411 5325
5662 5322 942
833 5662 942
833 942 5660
5321 8771 5659
5321 8769 8771
8771 8769 8431
8431 8769 8429
8429 5658 8431
8429 5320 5658
5855 5319 5759
5323 5661 5657
5323 5657 5855
5662 5324 5322
5316 8096 8222
5507 5315 5511
5507 5311 5315
5501 5645 5641
5503 5645 5501
5640 5644 5306
5640 5306 571
677 5640 571
677 571 5302
9909 5305 9919
9909 5301 5305
9551 9909 9919
9551 9919 5643
9444 9551 5643
9551 9444 5639
5501 5303 5307
7425 5642 5304
7425 5638 7427
7425 5300 5638
5303 5501 5410
5026 5127 5299
5641 5026 5299
5410 5641 5299
5501 5641 5410
5127 5026 5637
5298 2274 2206
1932 1928 2206
1932 2206 2274
5636 1932 2274
7427 5642 7425
1928 1646 1642
5501 5307 5503
7769 5642 7771
5507 5653 5649
5511 5653 5507
5648 5652 5310
5310 5652 5314
9925 5313 9931
9925 5309 5313
9925 9931 9573
9925 9573 9445
5647 9925 9445
5651 9445 9573
8222 5312 8095
5646 5650 5308
7769 5304 5642
5308 5650 8095
5503 5311 5507
5503 5307 5311
5503 5649 5645
5507 5649 5503
5644 5648 5306
5306 5648 5310
9919 5309 9925
9919 5305 5309
9919 5647 5643
9925 5647 9919
7769 5646 5308
7771 5646 7769
5650 8222 8095
12142 12144 11756
5619 10270 10163
5273 5279 9895
10650 10549 10256
10256 10159 5249
5602 5604 5248
5602 5248 1091
1153 5602 1091
827 831 1091
1091 831 1153
831 5601 1153
831 827 573
573 827 569
569 5600 573
569 5246 5600
5245 14013 5599
5245 14009 14013
14013 14009 13641
13641 14009 13637
5247 13641 13637
5603 13641 5247
1095 5602 1153
5601 1095 1153
315 5600 5246
319 5600 315
315 5598 319
315 5244 5598
5597 14918 14823
10256 10549 10159
10650 5250 10549
5605 13263 13353
5251 13353 13263
10652 10258 10654
10654 10258 10260
5253 10260 10258
5257 10260 5253
5606 5608 5256
5606 5256 1363
1433 5606 1363
1433 1363 5252
13353 5251 13259
5255 5607 5605
5255 5605 13353
13259 5255 13353
14417 14823 14413
11038 5254 10935
10650 11038 10935
5250 10650 10935
10650 10256 10652
10652 10256 10258
5249 10258 10256
5253 10258 5249
1369 5606 1433
5248 5604 5252
5252 5604 1433
5604 1369 1433
5247 5251 5603
5603 5251 13263
10650 10652 11038
14413 14823 5243
14823 14918 5243
5245 14417 14413
8094 8430 8281
8430 5376 8281
8094 7957 7768
8094 8281 7957
7424 7768 7426
7426 7768 5375
7768 7957 5375
5373 7424 7426
4993 7424 5373
4992 11546 11348
10934 11546 11142
11348 11546 10934
8428 8430 8094
5374 4996 5372
4996 10934 11142
4995 9287 9106
9106 8955 8768
9106 9287 8955
8768 8955 4994
5373 5371 4991
5373 4991 4993
4990 13088 12888
12514 12512 12888
12514 12888 13088
5370 12514 13088
12512 12514 12144
5372 4996 11142
11040 10652 10654
8955 8770 4994
8770 8430 8428
5599 14417 5245
29 5598 5244
33 5598 29
33 29 15191
15191 29 15187
15191 15187 14819
15191 14819 14918
5597 15191 14918
14918 14819 5243
8281 5376 8098
8098 7957 8281
7770 7957 8098
8770 8428 4994
7957 7770 5375
10548 4996 10550
10548 10550 10162
10548 10162 10158
10158 10162 9790
10158 9790 9786
9786 9790 9442
9786 9442 9440
9440 9442 9108
9440 9108 9287
4995 9440 9287
9108 8955 9287
8770 8955 9108
10550 4996 5374
5273 10163 10270
11038 10652 11040
5258 11038 11040
14129 14011 5275
13747 13751 13369
13747 13369 13265
5615 13747 13265
13369 13001 12997
13369 12997 5614
13265 13369 5614
13001 5268 12997
13001 5274 5268
5613 5267 5619
5619 5267 10270
5267 10161 10270
10270 10161 5273
1990 5272 1927
1990 1927 5271
5612 5618 5270
5612 5270 1365
1443 5612 1365
5266 1443 1365
5617 1096 1168
832 1168 1096
832 906 1168
574 906 832
574 656 906
574 5616 656
13751 14129 5275
13747 14129 13751
14129 5269 14011
30 121 5276
10163 5273 9895
9791 10163 9895
5623 9791 9895
2205 5622 5278
2209 5622 2205
2209 2205 1931
1931 2205 1990
2205 5272 1990
1645 1931 1641
1641 1931 5271
1931 1990 5271
1641 5618 1645
14523 5265 14415
1641 5270 5618
5617 1168 1170
1170 1168 906
1170 906 828
5277 1170 828
570 906 656
828 906 570
320 316 570
320 570 656
5616 320 656
316 320 30
30 320 121
320 5620 121
5617 1170 5621
14125 14523 14129
14129 14523 5269
14523 14415 5269
12515 12513 12145
12145 12513 12143
12145 12143 11757
11757 12143 11755
11757 11755 11351
11351 11755 11349
11351 11349 10937
10937 11349 11040
11349 5258 11040
10654 10656 11040
11040 10656 10937
10656 5611 10937
5259 12513 12515
10656 10654 10260
5263 10656 10160
10160 10260 5257
5256 5608 5610
5256 5610 1439
1364 5256 1439
1364 1439 5262
5261 14121 14010
14010 14121 5260
5255 12893 5607
5255 12889 12893
5259 12893 12889
5609 12893 5259
10656 10260 10160
5254 11038 5258
5259 12515 5609
13638 13743 13361
13743 14125 14129
13743 14129 13747
13361 13743 13747
13361 13747 5615
13264 13361 5615
5614 12997 12890
13264 5614 12890
5264 13264 12890
13361 13264 5264
12890 12997 5268
5611 10656 10551
5263 5267 5613
13260 13361 5264
5263 5613 10551
1443 5610 5612
1439 5610 1443
1443 5262 1439
1443 5266 5262
5265 14523 14414
14125 14121 14523
14523 14121 14414
14121 5261 14414
14125 13743 14121
14121 13743 5260
13743 13638 5260
13638 13361 13260
10656 5263 10551
4323 4321 4051
10269 4897 10155
4903 5273 10269
4918 13012 12881
12511 12628 4910
4523 4917 4515
4515 4917 10277
4917 10156 10277
10277 10156 4909
7089 4916 7193
7193 6733 7089
6837 6733 7193
6405 6407 6733
6405 6733 6837
4522 6405 6837
6407 6405 6093
6093 6405 6091
6093 6091 5753
5753 6091 5749
4521 5753 5749
4915 5753 4521
4908 4914 4514
4514 4914 4520
4907 4513 4913
4913 4513 912
4513 821 912
912 821 4519
4518 4512 4906
4918 12881 4516
12511 4918 4516
12628 12511 4516
13382 13251 13012
7193 4916 7087
7193 6731 6837
7193 7087 6731
6837 6731 4522
4915 4521 4923
4923 4521 5496
4521 5403 5496
5496 5403 4527
2740 4520 4914
2738 4520 2740
2740 4526 2738
2740 4922 4526
4518 4906 15184
4913 916 4921
4519 916 912
4525 916 4519
4524 15308 15312
4518 15308 4524
4920 15308 4912
4920 15312 15308
4911 13760 13635
13382 4919 13251
4919 13635 13251
13635 4517 13251
13635 13760 4517
13012 13251 12881
4913 912 916
15308 4518 15184
15184 4912 15308
4905 4511 4911
4510 4898 12510
12624 4510 12510
12510 4904 12624
4503 4509 4897
4897 4509 10155
4509 10273 10155
4903 10155 10273
2197 4902 4508
2201 4902 2197
2201 2197 1923
1923 2197 1988
2197 4502 1988
4510 4504 4898
1718 1923 1988
1637 1718 4896
4901 824 908
566 562 824
824 562 908
562 4507 908
562 566 312
562 312 308
312 26 308
308 26 4506
26 120 4506
26 4900 120
4895 14526 14411
1718 1637 1923
4916 4528 7087
14134 4505 14007
4505 4511 4905
4911 4511 13760
4511 13631 13760
13760 13631 4517
4516 12624 12628
4510 12624 4516
4910 12624 4904
4910 12628 12624
10273 4515 10277
10273 4509 4515
10273 4909 4903
10277 4909 10273
2737 4908 4514
4505 4905 14007
2739 4908 2737
2463 2737 2459
2459 4902 2463
2459 4508 4902
4907 4901 4513
4513 4901 820
4901 908 820
820 908 4507
4506 120 22
4906 4512 4900
4900 4512 120
4512 22 120
4899 14134 14007
2739 2737 2463
14134 4899 14005
4916 4924 4528
4925 4917 4523
9572 9437 4543
8221 4934 4938
8215 4934 8221
8221 4538 8215
8221 4542 4538
4937 4933 4537
4937 4537 4541
4536 1458 1356
1084 1458 1180
1356 1458 1084
1180 924 928
1180 928 4540
1084 1180 4540
4936 924 4932
4936 928 924
4931 4535 4935
4935 4535 9924
4535 9783 9924
9924 9783 4539
8093 4934 8215
7765 7767 8093
7765 8093 8215
4538 7765 8215
7765 4930 7767
7765 4534 4930
9437 9572 4539
9572 9924 4539
9572 9930 9924
4935 9924 9930
825 934 4940
4939 9930 9785
9572 9785 9930
9572 9439 9785
9105 9439 9103
9103 9439 4543
9439 9572 4543
9105 9103 8765
9105 8765 8900
4943 9105 8900
8564 8765 8425
8900 8765 8564
4933 4929 4537
8425 4942 8564
4942 8425 8221
8425 8091 8221
8221 8091 4542
4941 5750 4545
4941 5754 5750
4937 5750 5754
4541 5750 4937
4544 928 934
4540 928 4544
4940 928 4936
4940 934 928
4935 9930 4939
4938 4942 8221
4537 4929 5404
4929 5500 5404
5404 5500 4533
7421 4924 7423
7421 4528 4924
4923 5500 4929
4923 5496 5500
4527 5500 5496
4533 5500 4527
4922 4928 4526
4526 4928 4532
4927 1088 1178
920 1178 916
916 1178 4921
1178 1088 4921
7423 4930 7421
4525 920 916
416 4530 309
309 23 27
309 27 4926
416 309 4926
27 23 15185
15185 23 15312
23 4524 15312
15185 15312 4920
4919 13382 13257
13012 13257 13382
13012 12887 13257
12887 13012 4918
4531 920 4525
4925 4523 4529
7421 4930 4534
4535 10157 10151
2464 4532 4928
2460 4532 2464
2460 2464 2202
2460 2202 2198
2198 2202 1924
2198 1924 1920
1920 1924 1638
1920 1638 1634
1638 1360 1634
1634 1360 4536
1360 1458 4536
1180 1458 1178
4931 10157 4535
1178 1458 4927
1178 920 1180
1180 920 924
4531 563 920
924 920 4932
920 563 4932
563 567 4932
567 563 313
313 563 416
563 4530 416
313 416 4926
4529 10157 4925
4529 10151 10157
1458 1360 4927
825 4944 934
4899 14411 14005
14411 14526 4501
307 4868 4474
311 4868 307
25 311 307
25 307 4473
103 25 4473
15181 15183 25
15181 25 103
4472 15181 103
15183 15181 14815
14815 15181 14811
4471 14815 14811
4867 14815 4471
10546 4308 4606
10544 4308 10546
10544 10546 10152
10544 10152 10148
10148 10152 9784
10148 9784 9780
9780 9784 9438
9780 9438 9436
4605 9436 9438
4307 9436 4605
8426 4306 4604
8424 4306 8426
8424 8426 8092
4869 14409 14505
4475 14505 14409
4867 4475 14409
4471 4475 4867
10933 4874 11034
10648 10933 11034
10648 10547 10933
10153 10547 10149
10149 10547 4477
10547 10648 4477
4481 10153 10149
4873 10153 4481
823 4872 893
4476 4870 4480
4480 4870 893
4870 823 893
8424 8092 8279
14505 4479 14507
14505 4871 4869
14507 4871 14505
11034 4478 10931
10648 10931 10545
11034 10931 10648
10648 10545 4477
561 4870 4476
565 4870 561
561 4868 565
561 4474 4868
103 4473 21
103 21 4472
14505 4475 4479
4305 8424 8279
8092 7766 7764
8092 7764 4304
11344 11752 11545
11752 4602 11545
11344 11141 10930
11344 11545 11141
10930 11141 4302
4601 6730 4301
4601 6732 6730
4599 6730 6732
4299 6730 4599
12884 4298 4598
12878 4298 12884
12884 4300 12878
11750 11752 11344
12884 4600 4300
4599 6406 6404
6404 6406 6092
6404 6092 6231
4297 6404 6231
6092 5895 6231
5752 5895 6092
5895 5752 4597
13254 4296 4596
13248 4296 13254
13254 4298 13248
13254 4598 4298
4297 6231 6090
4599 6404 4299
4874 4478 11034
12138 11752 11750
12506 12140 12138
8279 8092 4304
7764 7766 7422
7764 7422 7420
4603 7420 7422
4303 7420 4603
11545 4602 11346
11346 11141 11545
10932 11141 11346
4308 4302 4606
4606 4302 10932
4302 11141 10932
4605 9102 4307
12138 12140 11752
4605 9104 9102
9102 8766 8764
8766 4306 8764
8766 4604 4306
4305 8279 8090
8090 8279 4304
4603 7086 4303
4603 7088 7086
4601 7086 7088
4301 7086 4601
12508 4300 4600
12506 4300 12508
12506 12508 12140
9102 9104 8766
14411 4501 14005
4874 4482 4478
12604 12507 12236
9782 9892 4495
4888 4892 4494
4494 4892 4498
4493 14817 4887
4493 14813 14817
4497 14817 14813
4891 14817 4497
4492 13738 13630
4496 13630 13360
13630 13738 13360
13738 13256 13360
13738 4886 13256
13256 4890 13360
4885 9892 4889
4885 9890 9892
4491 9892 9890
4495 9892 4491
4884 4888 4490
4490 4888 4494
4493 4887 4489
4489 4887 14929
4887 14816 14929
14929 14816 4883
4492 4488 4882
4492 4882 13634
4889 9892 9782
4499 4889 9782
4893 4889 4499
12886 4894 12996
14134 14005 4505
4500 12996 12880
4898 4504 4894
4894 4504 12996
4504 12880 12996
4897 10150 4503
4897 10154 10150
4893 10150 10154
298 3560 3356
1988 4502 1919
1718 1919 1633
1988 1919 1718
13738 4492 13634
1633 1355 1359
1718 1633 4896
1355 4892 1359
1355 4498 4892
4891 4497 4895
4895 4497 14526
4497 14407 14526
14526 14407 4501
4496 13360 13250
4500 13250 12996
13250 13360 12996
13360 12886 12996
13360 4890 12886
1633 1359 4896
13634 4886 13738
4881 12986 12885
12885 12986 4880
4880 12986 12879
12236 12238 12604
12604 12238 12509
12238 4879 12509
11846 12238 12236
11846 12236 4483
11751 11846 4483
11450 11751 11345
11846 11751 11450
4874 4878 4482
4482 4878 11345
4878 11450 11345
4880 12879 4484
4873 4481 4877
4481 9781 9888
9888 9781 4487
4872 4876 4486
4872 4486 819
893 4872 819
893 819 4480
14507 4479 14405
4485 4875 4871
4485 4871 14507
14405 4485 14507
12604 4484 12507
12236 12507 12139
4877 4481 9888
12236 12139 4483
12509 4880 4484
4881 13255 12986
4879 12238 12141
11846 12141 12238
11846 11753 12141
11450 11753 11846
11450 11347 11753
11347 11450 4878
4877 9890 4885
4877 9888 9890
4487 9890 9888
4491 9890 4487
1083 4884 4490
1087 4884 1083
12604 12509 4484
1083 4876 1087
4489 14929 14812
14406 14812 14410
14410 14812 4883
14812 14929 4883
4875 14406 14410
4485 14406 4875
13629 4882 4488
13633 4882 13629
13633 13629 13255
13255 13629 13249
13255 13249 12879
13255 12879 12986
1083 4486 4876
4903 5279 5273
4944 4544 934
4945 4545 4547
11036 4874 10933
10933 10547 10549
10933 10549 5250
11036 10933 5250
10549 10547 10159
10159 10547 10153
4873 10159 10153
5249 10159 4873
1091 5248 1155
823 827 1091
823 1091 1155
4872 823 1155
827 823 569
569 823 644
823 4870 644
569 644 5246
4869 4871 5245
5245 4871 14009
4871 14109 14009
14109 13637 14009
13729 13637 14109
5247 13637 13729
644 4870 565
384 315 4868
315 5246 4868
13733 5251 13729
13729 5251 5247
13729 14113 13733
13729 14109 14113
4883 14515 14410
14117 14113 14515
14515 14113 14410
14113 4875 14410
14113 14117 13733
13733 14117 13633
14117 4882 13633
13255 13259 13633
13633 13259 13733
13259 5251 13733
4881 13259 13255
5255 13259 4881
5246 565 4868
12608 4880 12509
5254 4878 4874
5254 4874 11036
10935 5254 11036
10935 11036 5250
5253 5249 4873
5253 4873 4877
1157 5248 5252
1155 5248 1157
1157 4872 1155
1157 4876 4872
14109 4875 14113
14109 4871 4875
12608 12509 4879
5246 644 565
315 384 5244
4867 14413 5243
7766 7424 7422
4993 7422 7424
4603 7422 4993
11348 4602 4992
11346 4602 11348
11346 11348 10934
11346 10934 10932
10934 4606 10932
10934 4996 4606
4995 9104 4605
4995 9106 9104
9104 9106 8768
7766 7768 7424
9104 8768 8766
8768 4994 4604
4993 4991 4603
4603 4991 7088
4991 7266 7088
7088 7266 4601
13087 4990 12888
12888 12512 12508
12888 12508 4600
13087 12888 4600
12508 12512 12142
12508 12142 12140
12140 12142 11754
8768 4604 8766
1157 1087 4876
8092 7768 7766
8426 8094 8092
4867 14409 14413
4869 14413 14409
5245 14413 4869
384 4868 311
311 25 29
311 29 5244
384 311 5244
29 25 15187
15187 25 15183
15187 15183 14819
14819 15183 14815
4867 14819 14815
8092 8094 7768
5243 14819 4867
10546 4606 10548
10546 10548 10158
10546 10158 10152
10152 10158 9786
10152 9786 9784
9784 9786 9440
9784 9440 9438
4995 9438 9440
4605 9438 4995
8428 4604 4994
8426 4604 8428
8426 8428 8094
10548 4606 4996
12140 11754 11752
5252 1363 1435
1157 5252 4884
4897 10264 10154
5267 4897 10161
4897 10269 10161
5273 10161 10269
10264 4893 10154
1927 5272 1989
5271 1927 1989
1359 5270 4896
1365 5270 1359
1359 5266 1365
1359 4892 5266
4891 4895 5265
5265 4895 14415
4895 14527 14415
5269 14415 14527
12890 4890 5264
12886 4890 12890
12890 4894 12886
12890 5268 4894
5263 10264 5267
5263 10262 10264
4889 10264 10262
4893 10264 4889
5262 5266 4888
4888 5266 4892
4897 5267 10264
4894 5274 4898
5268 5274 4894
5275 14011 14135
10155 4903 10269
2201 5278 4902
2205 5278 2201
2201 1923 2205
2205 1923 5272
1923 1989 5272
1637 1641 1923
1923 1641 1989
1641 5271 1989
1637 5270 1641
1637 4896 5270
5277 824 4901
14933 4887 14817
5277 828 824
824 570 566
566 570 316
566 316 312
312 316 30
312 30 26
30 4900 26
30 5276 4900
14527 4895 14411
14411 4899 14135
14527 14411 14135
14011 14527 14135
5269 14527 14011
824 828 570
14519 5265 14414
14519 14933 14817
5265 14519 14817
14010 14117 5261
5260 13739 13634
14010 5260 13634
4882 14010 13634
14117 14010 4882
13634 13739 4886
4881 12889 5255
4881 12885 12889
12608 12885 4880
12889 12885 5259
12885 12608 5259
12608 12612 5259
14117 14519 5261
12240 12612 12608
12141 12240 4879
11848 12141 11753
12240 12141 11848
11452 11753 11347
11848 11753 11452
5254 5258 4878
4878 5258 11347
5258 11452 11347
5257 5253 4877
5257 4877 4885
1363 5256 1435
1087 1157 4884
12240 12608 4879
5252 1435 4884
14117 14515 14519
14933 14515 14816
4891 5265 14817
14519 14414 5261
13739 5260 13638
13638 13260 13256
13638 13256 4886
13739 13638 4886
13260 4890 13256
13260 5264 4890
5259 12612 12513
12240 12513 12612
12240 12143 12513
11848 12143 12240
14515 4883 14816
11848 11755 12143
11452 11349 11755
11349 11452 5258
5263 10160 10262
5257 4885 4889
5257 4889 10262
10160 5257 10262
1435 5256 1364
4888 4884 5262
5262 4884 1364
4884 1435 1364
4887 14933 14816
14519 14515 14933
11452 11755 11848
4944 4546 4544
11754 4602 11752
4991 7090 7266
314 4564 310
314 4958 4564
4563 13421 13252
13252 13053 12882
13252 13421 13053
12882 13053 4562
4561 3867 3810
3608 3643 4559
4957 3608 4559
3810 4957 4559
3867 4957 3810
3643 3608 4955
2542 4560 2461
4954 4956 4558
4558 4956 2461
4956 2542 2461
3639 4559 3643
3639 4557 4559
3639 4955 4953
3643 4955 3639
2199 4954 4558
2203 4954 2199
2203 2199 1925
1925 2199 1921
1925 1921 1639
310 4565 710
568 310 710
314 310 568
4959 568 710
4963 1086 4571
4963 1090 1086
1086 1090 826
1086 826 822
564 822 826
564 826 4959
710 564 4959
564 710 4565
28 4564 4958
24 4564 28
28 4570 24
28 4962 4570
1639 1921 1635
13421 4569 13423
13053 13421 13423
13053 13423 13055
13055 4562 13053
13055 4568 4562
4567 4961 4561
4561 4961 3867
4961 3812 3867
3867 3812 4957
4960 4566 4560
4960 4560 2542
2465 4960 2542
2465 2542 4956
13421 4563 4569
1639 1635 1361
1361 1635 1357
1357 4952 1361
5144 5150 4949
4752 5150 5144
4752 5144 4549
4619 4752 4549
4390 4619 4317
4752 4619 4390
4390 4317 4553
4948 4552 4548
4948 4548 1192
1089 4948 1192
1089 1192 4946
4945 4547 4947
5405 5144 4949
4947 4547 5858
5858 5751 4551
5144 4550 5019
5144 5019 4549
1192 4548 1085
4944 4946 4546
4546 4946 1085
4946 1192 1085
4943 8900 8767
8564 8767 8900
8564 8427 8767
8427 8564 4942
4945 4941 4545
4547 5751 5858
4960 2741 2803
5407 5405 4949
5755 5858 4551
1357 4556 4952
3855 4555 3809
3809 4557 3639
3855 3809 3639
3607 3855 3639
4951 3855 3607
4953 3607 3639
4950 4952 4554
4554 4952 4556
4949 5150 5021
4752 5021 5150
4752 4621 5021
5144 5405 4550
4390 4621 4752
4047 4319 4045
4045 4319 4553
4319 4390 4553
3811 4047 4045
3811 4045 4555
3855 3811 4555
4951 3811 3855
4948 4950 4552
4552 4950 4554
4947 5858 5755
5407 5755 5405
5405 5755 4551
4390 4319 4621
11754 4992 4602
4572 4960 2803
2741 4964 2803
14006 13636 13632
13636 4596 13632
13636 4986 4596
4985 4983 4593
4985 4593 4595
4982 4984 4592
4592 4984 4594
4983 4981 4591
4983 4591 4593
4980 4982 4590
4590 4982 4592
4981 4979 4589
4981 4589 4591
4978 4980 4588
4588 4980 4590
4979 5020 4589
4979 5022 5020
4977 5020 5022
4587 5020 4977
4976 4978 4586
4586 4978 4588
4977 4975 4585
4977 4585 4587
14599 4974 14412
4586 4584 4976
14006 14008 13636
14006 4594 14008
14008 4594 4984
4595 5406 4985
6914 6732 4601
4989 6914 4601
7266 4989 4601
7090 4989 7266
6732 6914 4599
4598 4988 4990
4598 4990 13087
12884 4598 13087
12884 13087 4600
4989 6734 6914
6408 6406 6734
6734 6406 6914
4976 4584 14412
6406 4599 6914
6406 6094 6092
6092 6094 5756
6092 5756 5752
4987 5752 5756
4597 5752 4987
13258 4596 4986
13254 4596 13258
13258 4598 13254
13258 4988 4598
4987 5406 4597
4987 5408 5406
4985 5406 5408
6406 6408 6094
4584 14599 14412
4975 4973 4583
4975 4583 4585
4969 4620 4577
4969 4622 4620
4965 4620 4622
4573 4620 4965
2803 4964 2742
4576 4572 4968
4968 4572 2742
4572 2803 2742
4575 1487 1358
4967 4963 4571
4967 4571 1358
1487 4967 1358
14818 4970 4578
15186 4570 4962
15186 4574 15182
15186 4966 4574
13423 4569 13253
13423 12883 13055
13423 13253 12883
13055 12883 4568
4965 4318 4573
4965 4320 4318
4318 4320 4048
4318 4048 4046
4961 4046 4048
4567 4046 4961
15182 4570 15186
4566 4960 4572
14818 4578 14814
14818 4574 4966
4582 4972 4974
4582 4974 14599
14408 4582 14599
14408 14599 4584
4973 4971 4581
4973 4581 4583
4580 2026 1922
1922 2026 4579
4970 4972 4578
4578 4972 4582
4971 4969 4577
4971 4577 4581
14814 4574 14818
2466 4576 4968
2462 2466 2204
2462 2204 2200
2204 1926 2200
2200 1926 4580
1926 2026 4580
1640 1636 1926
1926 1636 2026
1636 4579 2026
1636 1640 1362
1636 1362 1487
4575 1636 1487
1487 1362 4967
2462 4576 2466
4323 4623 4321
4627 4623 4323
5156 5023 5666
6286 9213 5950
6286 9113 9213
8871 8773 5946
8197 5949 8199
8197 5945 5949
7875 8197 8199
7875 8199 6291
7776 7875 6291
7875 7776 6285
6101 6290 6167
6167 5767 6101
5833 5767 6167
6289 5767 5833
657 6284 584
5948 5944 6288
6288 5944 584
5944 657 584
6283 11458 6287
6283 11456 11458
11456 11044 11458
11458 11044 11046
5943 11046 11044
5947 11046 5943
8871 6282 6286
8869 6282 8871
8871 6286 5950
8773 8871 5950
9213 9113 9541
9541 9113 9449
6099 6167 5954
6167 6290 5954
6290 6491 5954
6290 6415 6491
6167 5763 5833
6167 6099 5763
5763 5953 5491
5833 5763 5491
5421 5833 5491
6289 5833 5421
6295 5421 5491
585 6294 665
8871 5942 8869
5948 6288 5952
6288 585 665
6287 11462 6293
6287 11458 11462
11458 11046 11462
11462 11046 11050
10666 11050 11046
10666 11046 5947
10553 10666 5947
10274 10553 10165
10666 10553 10274
10274 10165 5951
9449 6292 9541
5952 6288 665
8871 5946 5942
8195 5945 8197
8195 5941 5945
1374 1380 1110
1374 1110 1104
1104 1110 846
1104 846 838
846 5940 838
846 6280 5940
5937 12149 6275
5937 12147 12149
5939 12149 12147
6279 12149 5939
8437 6278 8531
8531 8105 8437
1374 5938 1380
8193 8105 8531
5936 1712 1650
6276 5938 6274
6274 5938 1712
5938 1650 1712
12609 5935 12517
5937 6275 6273
5937 6273 12609
12517 5937 12609
6272 1656 1709
1712 5936 1649
5934 6274 1712
5934 1712 1649
6277 8105 8193
6415 6296 6491
1380 5938 6276
6277 8193 7775
7873 8195 8197
7873 8197 7875
7873 6285 6281
7875 6285 7873
5940 6280 6284
5940 6284 657
578 5940 657
578 657 5944
5939 11761 6279
5939 11759 11761
11761 11759 11353
11761 11353 11456
6281 7775 7873
6283 11761 11456
11456 11353 11044
11044 10939 5943
8777 6282 8869
8433 8531 5942
8531 6278 5942
6278 8869 5942
6278 8777 8869
8193 8531 8195
8195 8531 5941
8531 8433 5941
8193 8195 7873
8193 7873 7775
11044 11353 10939
6274 5934 1656
6297 7777 7879
7777 8199 7879
8217 8549 8438
6306 8217 8438
8217 5968 8211
8217 5972 5968
6305 6303 5967
6305 5967 5971
925 6302 6304
921 6302 925
925 5966 921
925 5970 5966
5969 8549 8434
8434 8211 8102
8434 8549 8211
8102 8211 5968
6303 6301 5967
5967 6301 5030
6301 5128 5030
5030 5128 5965
5964 6300 6302
5964 6302 921
840 5964 921
840 921 5966
7881 5963 7773
7881 7429 7533
7881 7773 7429
8217 8211 8549
8889 6307 8774
8774 6307 5969
6307 8438 5969
8227 5976 8223
8227 5980 5976
6313 6309 5975
6313 5975 5979
929 6308 848
5978 5974 6312
6312 5974 848
5974 929 848
8889 5977 8895
8889 5973 5977
8889 6311 6307
8895 6311 8889
7533 7429 5962
8223 6306 6310
8223 5972 8217
8223 5976 5972
5971 5035 6305
5971 5031 5035
5975 5035 5031
6309 5035 5975
929 6304 6308
925 6304 929
929 5970 925
929 5974 5970
5973 8889 8774
8438 8549 5969
8217 6306 8223
6299 5961 6301
6301 5961 5128
5961 5029 5128
847 6298 839
839 579 847
847 579 6294
579 665 6294
665 579 5952
6293 11462 11355
11050 11355 11462
11050 10941 11355
10666 10941 11050
10666 10555 10941
10274 10555 10666
10274 10167 10555
839 6298 5958
9795 10167 9793
10167 10274 5951
6292 9795 9541
9545 9541 5957
9541 9795 5957
9795 9793 5957
9213 9541 9545
9213 9545 9217
9217 5950 9213
9217 5956 5950
8199 5949 8101
8101 5955 7879
8199 8101 7879
9793 10167 5951
6291 8199 7777
1996 1935 5959
5419 5961 5491
5128 5029 5965
5960 1996 1936
1936 1996 5959
6298 6300 5958
5958 6300 5964
9545 5957 9447
9545 9111 9217
9545 9447 9111
9217 9111 5956
7879 5963 7881
7879 5955 5963
7879 7881 7533
1996 5960 1935
7879 7533 7431
7095 7097 7431
7095 7431 7533
5962 7095 7533
7097 7095 6741
6741 7095 6739
6739 6413 6741
6741 6413 6296
6413 6491 6296
6491 6413 5954
5491 5953 5419
5961 6299 6295
5961 6295 5491
6297 7879 7431
8439 8565 6310
5934 1709 1656
12605 5933 5935
13089 5714 5710
6045 6412 5713
6045 6414 6412
6412 6233 5709
6412 6414 6044
6233 6412 6044
6237 6233 6044
5897 6233 6237
5897 6237 6043
5766 5897 6043
5897 5766 6039
14826 5708 6038
14824 5708 14826
14826 5712 14824
14826 6042 5712
6041 13642 5711
6041 13644 13642
13642 13644 13268
13642 13268 13447
5707 13642 13447
6040 13083 12894
13268 6040 12894
5706 13268 12894
13447 13268 5706
12894 13083 5710
13089 5710 13083
13083 6040 13089
13089 6040 6046
5711 14014 6041
13089 6046 13091
13091 12713 13089
13089 12713 5714
12713 12516 5714
12516 12339 12146
12516 12713 12339
11758 12146 11760
11760 12146 6049
12146 12339 6049
11758 11760 11354
11758 11354 11352
11352 11354 10938
5709 6233 6098
10938 11354 11143
10938 11143 5716
6047 6738 5715
6047 6740 6738
6045 6738 6740
5713 6738 6045
6237 6044 6100
6237 6100 6043
14420 5712 6042
14418 5712 14420
14418 14420 14016
14418 14016 14014
6041 14014 14016
11354 6048 11143
6037 5762 6098
5762 6037 5892
6037 6098 6233
6035 582 5701
836 6035 5701
981 6035 836
739 582 6031
6030 6034 5700
5700 6034 5704
6033 6029 5699
6033 5699 5703
1653 6032 1771
1771 1503 1501
1771 1501 6028
1653 1771 6028
582 739 5701
1501 1503 1225
1503 5702 1101
1225 835 977
1225 1101 835
737 977 739
739 977 5701
977 835 5701
737 6031 6027
739 6031 737
6026 6030 5698
5698 6030 5700
6029 5418 5699
6029 5420 5418
1225 1503 1101
13091 6046 6050
1102 1229 981
1229 1102 5702
5765 6037 5897
6037 6233 5897
6039 5765 5897
5892 5705 5762
1773 6036 1654
1654 1505 1773
1378 1505 1654
1378 1229 1505
1108 1229 1378
1108 981 1229
844 981 1108
981 844 6035
1102 981 836
6034 6038 5704
5707 13447 13266
13266 13447 5706
6037 5764 5892
6033 5703 5705
6033 5705 5892
5764 6033 5892
1773 6032 6036
1771 6032 1773
1503 1771 1773
1503 1773 1505
1505 1229 1503
1503 1229 5702
5704 6038 5708
12605 5935 12609
5715 7094 6047
6051 7096 7094
13645 13643 13269
13269 13643 13267
12897 13269 13267
12897 13267 5931
12979 12897 5931
6269 12897 12979
1655 6268 1705
1373 1379 1655
1373 1655 1705
5930 1373 1705
1379 1373 1109
1109 1373 1103
1109 1103 845
845 1103 837
5929 845 837
6267 845 5929
39 6266 5928
45 6266 39
45 39 15199
15199 39 15195
15199 15195 14825
15199 14825 14920
6265 15199 14920
14920 14825 5927
14015 6264 5926
5925 13643 13645
5925 13645 6263
14419 5926 6264
14419 6264 14421
12605 6273 6271
12609 6273 12605
1709 6270 6272
1707 6270 1709
1709 5932 1707
1709 5934 5932
12979 5931 12895
12895 5933 12605
12979 12895 12605
12519 12979 12605
6269 12979 12519
6271 12519 12605
14017 6264 14015
1707 6268 6270
1707 5930 1705
1707 5932 5930
5929 583 6267
5929 577 583
583 577 329
329 577 325
325 6266 329
325 5928 6266
6265 14920 14827
14421 14827 14419
14419 14827 5927
14827 14920 5927
1705 6268 1707
5925 14017 14015
6263 14017 5925
8627 6058 8436
10552 5718 10554
10552 10554 10164
10164 10554 10361
10554 6056 10361
10164 10361 5722
5721 9625 9446
9110 9446 9112
9112 9446 6055
9446 9625 6055
9110 9112 8772
8772 9112 8957
9112 6054 8957
10554 5718 6052
8772 8957 5720
6053 5717 5719
13091 6050 12896
12896 12713 13091
12518 12713 12896
12518 12339 12713
12148 12339 12518
12339 12148 6049
11143 6048 10940
5718 5716 6052
6052 5716 10940
5716 11143 10940
6051 7094 5717
6053 6051 5717
6047 7094 7096
7617 6057 7428
6057 6053 5719
8436 8285 8627
8104 8285 8436
8104 7959 8285
7774 7959 8104
7774 7617 7959
7430 7617 7774
7617 7430 6057
10361 6056 10166
10166 9794 9792
10166 9792 5722
10361 10166 5722
9792 9794 9448
6057 5719 7428
9792 9448 9625
9625 9448 6055
8957 6054 8776
6058 8627 8432
8776 6058 8432
5720 8776 8432
8957 8776 5720
8432 8285 8100
8432 8627 8285
8100 7959 7772
8100 8285 7959
7772 7617 7428
7772 7959 7617
5721 9792 9625
6025 5418 5420
8565 8223 6310
6311 8895 8439
1654 1384 1378
1378 1384 1112
1378 1112 1108
1108 1112 850
1108 850 844
6357 844 850
6035 844 6357
6356 6360 6034
6034 6360 6038
6037 5893 5764
6359 6355 6033
6359 6033 5764
5893 6359 5764
6354 6358 6032
6032 6358 6036
6357 582 6035
6357 588 582
582 588 332
582 332 477
6031 582 477
477 332 6353
15395 6352 15202
6034 6030 6356
6356 6030 15202
6030 15395 15202
1654 1660 1384
1654 6036 1660
1660 6036 6358
5765 6039 5893
6046 6040 6364
6364 6040 13270
6040 13449 13270
6045 6567 6414
6414 6567 6044
6043 5899 5766
6363 6361 6039
6363 6039 5766
5899 6363 5766
14830 6038 6360
14826 6038 14830
14830 14422 14826
6355 6351 6029
14826 14422 6042
14018 14624 14422
14018 14218 14624
13644 14018 6362
13644 6362 13839
14018 13644 14218
13644 6041 14218
13644 13449 13268
13644 13839 13449
13268 13449 6040
5893 6037 5765
6039 6361 6359
6039 6359 5893
14422 14624 6042
6355 6029 6033
1653 6354 6032
1659 6354 1653
6025 5552 5034
5034 5180 6023
1383 6348 1499
1107 1221 6024
1221 6346 6024
6346 1499 6024
6346 1383 1499
1221 1107 6022
6347 5422 5548
5180 5548 5176
5176 5548 6345
5548 5422 6345
5552 5180 5034
5180 5176 4804
6023 5180 4632
4632 4804 6021
3045 6344 2992
3045 2992 6343
2301 6342 2216
2216 2033 2301
1940 2033 2216
1940 1763 2033
1658 1763 1940
1658 1495 1763
1382 1495 1658
1221 1217 1495
5180 4804 4632
13270 13449 13646
5552 5548 5180
6347 5552 6349
1653 6350 1659
1653 6028 6350
475 6031 477
475 6027 6031
201 475 477
201 477 6353
48 201 6353
15395 15393 201
15395 201 48
6352 15395 48
15395 6026 15393
15395 6030 6026
6347 5548 5552
6351 6349 6029
6349 5552 5420
5420 5552 6025
6348 6350 6028
6348 6028 1377
1499 6348 1377
1499 1377 6024
6027 475 328
328 201 44
328 475 201
44 15393 15198
44 201 15393
15198 15393 6026
6029 6349 5420
1221 1495 1382
13646 13449 13839
14016 14218 6041
11149 6374 10942
10942 10749 11149
10556 10749 10942
10556 10168 10166
10556 10166 6056
10749 10556 6056
10166 10168 9796
10166 9796 9794
9794 9796 9450
9794 9450 9448
9448 9450 9114
9448 9114 9289
6055 9448 9289
6376 8961 8776
9114 6376 8776
6054 9114 8776
9289 9114 6054
8776 8961 6058
7271 6057 7273
7271 6053 6057
7271 6375 6373
7273 6375 7271
12717 6372 12520
12717 12520 6371
11551 6370 11356
7273 7098 6375
6057 7430 7273
7430 7098 7273
7430 7432 7098
1706 6268 1655
1655 1379 1385
1655 1385 6596
1706 1655 6596
1385 1379 1113
1113 1379 1109
1113 1109 851
851 1109 845
6267 851 845
6595 851 6267
106 6266 45
15286 45 15199
11149 11145 11551
106 45 15286
14106 6264 14017
14106 14017 6263
8961 6376 8778
8778 8440 8436
8778 8436 6058
8961 8778 6058
8436 8440 8106
8436 8106 8104
8104 8106 7778
8104 7778 7774
7774 7778 7432
7774 7432 7430
15286 15199 6265
11149 11551 11356
6374 11149 11356
11149 10749 11145
7269 6369 7096
6239 6366 6102
6239 6102 6365
6364 6368 6046
6046 6368 6050
6049 11943 11760
11760 11547 11354
11760 11943 11547
11354 11547 6048
6367 6740 6047
6367 6742 6740
6740 6742 6416
6369 6047 7096
6740 6416 6567
6366 6239 6100
6416 6366 6100
6044 6416 6100
6567 6416 6044
5768 5899 6043
6365 5768 6043
6100 6365 6043
6239 6365 6100
5899 5768 6363
6042 14624 14420
14016 14624 14218
14420 14624 14016
6045 6740 6567
6362 13646 13839
6369 6367 6047
10940 11145 6052
11145 10749 6052
10749 10554 6052
10554 10749 6056
6055 9289 9112
9112 9289 6054
7269 6053 7271
7269 6051 6053
7269 6373 6369
7271 6373 7269
12898 6050 6368
12896 6050 12898
12896 12898 12518
6051 7269 7096
12518 12898 12717
12148 12518 12150
12150 12518 6371
12518 12717 6371
12148 12150 11762
12148 11762 11943
6049 12148 11943
11551 11547 11943
11551 11943 11762
6370 11551 11762
11551 11145 11547
11547 11145 6048
11145 10940 6048
12898 6372 12717
8565 8227 8223
6346 1221 1382
1221 6022 6020
4112 4053 5993
1939 6326 2011
5990 6324 5992
5992 6324 2011
6324 1939 2011
5151 5989 5033
5033 5991 4759
5151 5033 4759
4633 5151 4759
6323 5151 4633
6325 4633 4759
1651 6324 5990
1657 6324 1651
1657 1651 1381
1381 1651 1375
1381 1375 1111
1111 1375 1105
1111 1105 849
849 1105 841
841 6322 849
841 5988 6322
6321 152 47
15338 47 152
15338 15201 47
15201 15338 6320
6327 4327 4112
4327 4053 4112
4327 4325 4053
4327 6325 4759
2473 2475 2743
2473 2743 2799
6000 2473 2799
2473 6330 2475
2473 5996 6330
5999 711 580
580 447 326
580 711 447
326 447 5998
6331 6329 5995
6331 5995 5997
2213 6330 5996
5987 5989 6319
2215 6330 2213
2213 5994 6328
6327 4112 4055
5993 5995 6329
5993 6329 4055
4112 5993 4055
6326 6328 5994
6326 5994 1937
2011 6326 1937
2011 1937 5992
4759 5991 4629
4325 4327 4629
4629 4327 4759
2213 6328 2215
6319 5989 5037
5989 5151 5037
6323 5037 5151
15196 15326 14964
15326 14828 14964
15326 6314 14828
14828 6318 14964
8901 5981 8775
8901 8435 8565
8901 8775 8435
8565 8103 8227
8565 8435 8103
8227 8103 5980
6317 5032 5983
6317 5036 5032
5984 15196 14964
6313 5032 5036
5982 5978 6312
5982 6312 586
688 5982 586
586 6316 688
6315 46 144
15200 144 46
15200 15326 144
15200 6314 15326
8895 5981 8901
8895 5977 5981
8895 8901 8565
8895 8565 8439
5979 5032 6313
2743 6332 2799
40 144 15196
330 6315 430
6322 5988 5986
6322 5986 692
587 6322 692
430 587 692
430 331 587
152 6321 41
6321 331 41
331 5985 41
331 430 5985
15338 41 15197
152 41 15338
14964 14829 5984
15196 144 15326
14829 6320 5984
6320 15338 15197
14829 14964 6318
6319 6317 5983
6319 5983 5987
5986 688 692
5982 688 5986
692 688 430
430 688 330
688 6316 330
144 40 5985
6315 144 5985
430 6315 5985
6320 15197 5984
1221 6020 1217
4056 6331 4126
6331 5997 6001
723 581 327
461 327 6014
6341 6339 6013
6341 6013 6019
3043 6338 6340
3041 6338 3043
2809 3041 3043
2809 3043 2811
2811 6012 2809
2811 6018 6012
6017 2031 1938
1938 1761 1652
1938 2031 1761
1652 1491 1376
1652 1761 1491
1376 1215 1106
1376 1491 1215
965 1215 6016
965 6016 843
1215 965 1106
965 6011 1106
721 965 723
723 965 6015
965 843 6015
459 721 723
723 327 461
723 6015 581
1217 6020 6016
1217 6016 1215
6345 5038 5176
6341 5176 5038
4804 5176 4631
5176 6341 4631
6341 6019 4631
4804 4631 6021
3045 6340 6344
3043 6340 3045
2811 3043 3045
2811 3045 6343
2744 2811 6343
2744 2476 2474
459 723 461
2744 2474 6018
2474 2476 2214
2214 2476 2301
2476 6342 2301
2033 2031 2301
2301 2031 2214
2031 6017 2214
1761 2031 2033
1761 2033 1763
1491 1761 1763
1491 1763 1495
1215 1491 1495
1215 1495 1217
2811 2744 6018
461 6010 459
461 6014 6010
6013 6339 6009
715 6003 6007
453 715 719
453 719 457
453 457 173
173 457 43
457 6006 43
173 43 6002
6335 4328 4416
4126 4054 6005
6333 4126 6005
4416 6333 6005
4328 6333 4416
715 6007 719
4054 4126 6001
2799 6332 2805
2805 6000 2799
2805 6004 6000
711 6003 715
711 5999 6003
447 711 715
447 715 453
453 173 447
447 173 5998
173 42 5998
42 173 6002
6333 4056 4126
2805 6332 6334
6331 6001 4126
2807 6008 6004
2991 3039 6334
6009 6339 4789
6339 4634 4789
4789 4634 6337
3041 6336 6338
3039 6336 3041
2807 3039 3041
2807 3041 2809
2809 6008 2807
2809 6012 6008
6011 965 842
721 719 965
965 719 842
2807 6004 2805
719 6007 842
457 721 459
459 6006 457
459 6010 6006
6009 4789 4630
6337 4630 4789
6337 6335 4416
4630 6337 4416
4326 4630 4416
4326 4416 6005
2991 6336 3039
3039 2807 2805
3039 2805 6334
457 719 721
5697 5418 6025
1377 6028 1501
1501 1225 1223
386 5600 319
104 39 5598
39 5928 5598
5928 319 5598
5928 386 319
15284 39 104
15284 15195 39
14825 15195 14823
14823 15195 5597
15195 15284 5597
14825 14823 14417
14825 14417 14506
5927 14825 14506
14015 5926 14105
14506 14417 5599
5925 14015 14105
104 5598 33
15284 33 15191
104 33 15284
15284 15191 5597
9985 5722 9792
9985 9792 5721
8623 5720 8432
8432 8100 8098
8432 8098 5376
5929 837 891
891 837 5601
837 1095 5601
837 1103 1095
1431 5602 1429
1431 5604 5602
891 5601 831
573 577 831
831 577 891
577 5929 891
577 573 325
325 573 386
573 5600 386
325 386 5928
5927 14506 14419
14013 14419 14506
8623 8432 5376
14013 14506 5599
14013 14105 5926
13641 13643 14013
14013 13643 14105
13643 5925 14105
13267 13643 13641
13267 13641 5603
13349 13267 5603
5931 13267 13349
1373 5930 1429
1095 1103 1373
1095 1373 1429
5602 1095 1429
14419 14013 5926
8098 8100 7772
8098 7772 7770
7770 7772 7428
7267 7094 5715
12516 5370 5714
12514 5370 12516
12514 12516 12146
12514 12146 12144
12144 12146 11758
12144 11758 11756
11756 11758 11352
11756 11352 11350
11350 11352 10938
11350 10938 10936
10938 5372 10936
5717 7094 7267
10938 5716 5372
6738 6915 5369
5715 6738 5369
7092 5715 5369
7267 5715 7092
6915 6738 5713
14418 5368 5712
14416 5368 14418
14416 14418 14014
14416 14014 14217
5367 14416 14217
14217 14014 5711
5710 5714 5366
5371 7267 7092
1429 5930 1431
5371 5717 7267
5372 5718 5374
7770 7428 7615
5375 7770 7615
7615 7428 5719
10552 5374 5718
10550 5374 10552
10550 10552 10164
10550 10164 10162
10162 10164 9790
9790 10164 9985
10164 5722 9985
9442 9790 9446
9446 9790 5721
5373 5717 5371
9790 9985 5721
9442 9110 9108
9108 9110 8772
9108 8772 8770
8770 8772 8430
8430 8772 8623
8772 5720 8623
8430 8623 5376
5375 7615 7426
5719 5717 5373
5719 5373 7426
7615 5719 7426
5716 5718 5372
9442 9446 9110
5366 5714 5370
1431 5930 5932
5931 13349 12895
5616 5948 401
320 5616 401
320 401 5620
13365 5615 13265
13365 13265 5614
5943 10662 5947
5943 10658 10662
5613 10662 10658
5619 10662 5613
8535 5942 5946
8533 5942 8535
8533 5945 5941
8535 5945 8533
5618 1444 1446
5612 1444 5618
1446 1444 1166
1446 1166 1096
5617 1446 1096
832 1166 902
1096 1166 832
578 574 832
578 832 902
5940 578 902
578 5616 574
578 5944 5616
5616 5944 5948
5621 1448 5617
5617 1448 1446
5618 1446 1645
401 5948 405
405 125 401
401 125 5620
125 34 5620
34 125 5624
5947 10662 10553
10165 10553 10163
10163 10553 5619
10553 10662 5619
10165 10163 9791
10165 9791 9896
5951 10165 9896
5615 13365 13264
9896 9791 5623
8873 8537 8535
8873 8535 5946
8773 8873 5946
8535 5949 5945
8537 5949 8535
2268 5622 2209
1992 2209 1931
2268 2209 1992
1720 1931 1645
1992 1931 1720
1446 1448 1720
1446 1720 1645
8773 5950 8873
13264 13365 5614
5939 11850 11759
11454 11759 11850
1711 5936 1650
5610 5608 5938
5938 5608 1650
5608 1711 1650
12987 5607 12893
12893 5609 12613
12987 12893 12613
12517 12987 12613
5935 12987 12517
5937 12517 12613
1649 5936 1711
5606 5934 5608
11042 10937 5611
5608 5934 1711
12983 5607 12987
12983 5605 5607
12983 5935 5933
12987 5935 12983
5932 5934 5606
5932 5606 1369
1431 5932 1369
1431 1369 5604
13349 5603 13263
13263 5605 12983
13349 13263 12983
12895 13349 12983
5934 1649 1711
5933 12895 12983
11454 11351 11042
11850 11757 11454
11454 11353 11759
11042 11353 11454
11042 10939 11353
10658 5943 10551
5943 10939 10551
10939 5611 10551
10939 11042 5611
10658 10551 5613
8433 5942 8533
5941 8433 8533
5612 5610 5938
5612 5938 1374
11042 11351 10937
1444 5612 1374
1104 1166 1444
838 1166 1104
838 902 1166
838 5940 902
12613 5609 12515
12145 12147 12515
12515 12147 12613
12147 5937 12613
12147 12145 11757
12147 11757 11850
5939 12147 11850
11454 11757 11351
1104 1444 1374
405 5948 5952
5369 6915 6736
6412 6736 5713
15192 5338 5678
15190 5338 15192
15192 5342 15190
15192 5682 5342
5341 4415 4322
4050 4322 4052
4052 4322 5681
4322 4415 5681
4050 4052 3816
4050 3816 3814
5677 3814 3816
5337 3814 5677
5676 5680 5336
5336 5680 5340
5339 5679 5335
5335 5679 959
5679 834 959
959 834 5675
5334 446 318
32 446 166
318 446 32
5678 5338 5674
5674 5338 166
5338 32 166
5677 5673 5333
5339 1094 5679
5679 1094 1100
5683 1100 1094
5683 1094 5343
5344 5684 5688
5344 5688 2297
2208 5344 2297
2208 2027 1930
2208 2297 2027
1644 1930 1648
1648 1930 5687
1930 2027 5687
1644 1648 1372
1644 1372 1368
5683 1368 1372
5343 1368 5683
5677 5333 5337
5342 5682 5686
14820 5342 14999
14820 14999 5346
5345 4787 4624
4324 4415 5341
5685 4324 5341
4624 5685 5341
4787 5685 4624
4415 4324 5681
2472 5340 5680
2470 5340 2472
2472 5344 2470
2472 5684 5344
5342 5686 14999
5672 5676 5336
5672 5336 2469
2543 5672 2469
1933 1643 5668
1643 1743 5668
1743 1643 5328
5667 5156 5027
5027 5156 5666
5665 3858 5669
5665 3856 3858
3640 3858 3856
3640 3856 5327
3609 3640 5327
3640 3609 5329
1647 5668 1743
1929 1643 1933
1367 1371 1647
5328 1367 1743
1371 1367 1099
1099 1367 1196
1367 5326 1196
1099 1196 5664
5663 5522 5417
5156 5667 5023
5667 5417 5023
5417 5325 5023
5417 5522 5325
5023 4623 4627
5023 4627 5666
1367 1647 1743
4795 5689 4787
2286 2207 5670
2207 1929 1933
2543 2469 5332
5335 959 830
572 830 576
576 830 5675
830 959 5675
576 322 572
572 322 5334
322 446 5334
36 446 322
36 166 446
36 5674 166
5673 5671 5331
2207 1933 5670
5673 5331 5333
2543 5332 2471
2211 2471 2286
2471 5332 2286
5332 5330 2286
2211 2286 5670
5669 3858 3815
3815 3858 5671
5331 5671 3610
5671 3858 3610
3858 3640 3610
3610 3640 5329
2286 5330 2207
2471 5672 2543
6410 6736 6412
4787 5689 5685
4787 5347 4795
5707 13266 13262
13266 5362 13262
13266 5706 5362
5703 5564 5705
5703 5560 5564
5359 5564 5560
5361 5564 5359
1227 5702 1102
1102 979 1227
836 979 1102
979 836 5701
5700 5704 5358
5358 5704 5360
5699 5357 5703
5703 5357 5560
5357 5413 5560
5560 5413 5359
1101 5702 1227
1227 835 1101
979 835 1227
5701 835 979
5698 5700 5358
5698 5358 14821
15025 5698 14821
15025 14821 5356
5707 13262 5363
14822 15047 5364
14822 5360 15047
5360 5708 15047
6736 6915 5713
5709 6410 6412
5365 6410 5709
15047 5708 14824
5368 5364 5712
5712 5364 14824
5364 15047 14824
5367 14217 14012
13640 14012 13642
13642 14012 5711
14012 14217 5711
5707 13640 13642
5699 5412 5357
5363 13640 5707
12892 5362 12894
12894 5366 12892
12894 5710 5366
5709 6096 5365
5709 6098 6096
6096 6098 5762
6096 5762 5760
5414 5760 5762
5414 5762 5705
5564 5414 5705
5414 5564 5361
5360 5704 5708
12894 5362 5706
5699 5418 5412
5697 5412 5418
5355 5412 5697
15015 5350 15009
15015 5352 5350
5693 5691 5349
5693 5349 5351
37 5692 191
191 15381 15379
191 15379 5690
37 191 5690
15005 15379 15381
15005 15381 15009
15009 5348 15005
15009 5350 5348
15009 15385 15015
4795 5347 4625
5349 5689 4795
4625 5349 4795
2297 5688 2212
2212 2027 2297
1934 2027 2212
2027 1934 5687
15193 5690 15379
15379 15005 14999
15379 14999 5686
15193 15379 5686
15005 5346 14999
15005 5348 5346
5349 5691 5689
4787 5345 5347
15009 15381 15385
15381 191 195
15025 5696 5698
15021 5696 15025
15025 5354 15021
15025 5356 5354
5697 5024 5355
5697 5028 5024
5695 5024 5028
5353 5024 5695
469 5694 324
324 195 469
38 195 324
38 15385 195
15381 195 15385
15194 15385 38
15021 15385 15194
5696 15021 15194
15021 5352 15015
15021 5354 5352
5695 4626 5353
5695 4628 4626
5693 4626 4628
5351 4626 5693
323 5694 469
469 195 191
469 191 5692
323 469 5692
15021 15015 15385
5625 1450 5621
5621 1450 1448
1722 1448 1450
6003 5999 5675
6003 5675 834
961 6003 834
167 5998 42
5678 5674 6002
6002 5674 42
5674 167 42
5997 3872 6001
5997 3868 3872
5673 3872 3868
5677 3872 5673
6000 5676 5672
6000 5672 2544
2473 6000 2544
2473 2544 5996
5999 576 5675
5999 580 576
576 580 326
576 326 322
322 326 36
36 326 167
326 5998 167
36 167 5674
5995 3868 5997
5995 3864 3868
5679 961 834
5676 6004 5680
6000 6004 5676
3816 3872 5677
4326 4324 4630
4630 4324 4788
4324 5685 4788
6005 4324 4326
5681 4324 6005
5680 6004 6008
5680 6008 2551
2472 5680 2551
2472 2551 5684
5683 1211 1100
963 961 1211
1211 961 1100
5671 3868 3864
961 5679 1100
963 6007 961
43 6006 177
177 6002 43
177 15367 15192
6002 177 15192
5678 6002 15192
15192 15367 5682
6005 4052 5681
6005 4054 4052
3816 4052 4054
3816 4054 6001
3872 3816 6001
961 6007 6003
5673 3868 5671
2544 5672 2471
2471 2211 2213
1471 1371 1099
1197 1099 5664
5523 5663 5417
5417 5667 5157
5523 5417 5157
5033 5523 5157
5989 5523 5033
5033 5157 5991
5666 4627 4758
4394 4627 4323
4758 4627 4394
4110 4323 4051
1471 1099 1197
4394 4323 4110
1651 5990 1741
1741 1375 1651
1471 1375 1741
1471 1105 1375
1197 1105 1471
1197 5664 1105
841 1105 946
1105 5664 946
5664 5662 946
841 946 5988
5519 5663 5523
5519 5661 5663
4110 4051 5665
6009 4630 4788
1741 1647 1371
1741 5990 1647
2471 2213 5996
2544 2471 5996
2211 5994 2213
2211 5670 5994
5993 5669 5995
5995 5669 3864
5669 3815 3864
3864 3815 5671
1933 5994 5670
1937 5994 1933
1933 5992 1937
1933 5668 5992
1741 1371 1471
5157 5667 5027
4629 5666 4758
5027 4629 5157
4629 5991 5157
4394 4629 4758
4394 4325 4629
4110 4325 4394
4110 4053 4325
5665 5669 5993
5665 5993 4053
4110 5665 4053
5990 5992 5668
5990 5668 1647
4629 5027 5666
5519 5989 5987
15373 5686 5682
15367 183 15373
324 473 199
38 15389 15194
38 199 15389
15194 15389 5696
6023 4628 5695
6023 4632 4628
6021 4628 4632
5693 4628 6021
973 6020 6022
969 6020 973
727 969 973
727 973 733
727 733 463
463 733 323
733 5694 323
463 323 5692
6019 4800 4631
5691 5693 6021
5691 6021 4631
4800 5691 4631
2555 6018 2474
2474 2299 2555
2214 2299 2474
2299 2214 6017
969 6016 6020
324 199 38
473 324 5694
733 473 5694
735 473 733
1501 1223 6024
1377 1501 6024
975 1223 1225
975 1225 977
735 975 977
735 977 737
473 735 737
473 737 6027
328 473 6027
328 199 473
44 199 328
44 15389 199
967 6016 969
15198 15389 44
6026 5696 15198
5696 15389 15198
6025 5028 5697
6025 5034 5028
6023 5028 5034
5695 5028 6023
1107 6024 1223
1223 975 973
1223 973 6022
1107 1223 6022
733 973 975
733 975 735
5698 5696 6026
967 969 727
967 727 581
6015 967 581
183 6010 187
183 187 15373
15373 187 15193
187 5690 15193
15373 15193 5686
6009 4796 6013
6009 4788 4796
5685 4796 4788
5689 4796 5685
2553 6008 6012
2551 6008 2553
2553 5684 2551
187 6010 6014
2553 5688 5684
1648 1489 1372
1648 1759 1489
1213 1211 1489
1489 1211 1372
1211 5683 1372
963 1211 1213
963 1213 6011
842 963 6011
963 842 6007
183 6006 6010
177 6006 183
15367 177 183
5687 1759 1648
15373 5682 15367
6015 843 967
1213 1106 6011
727 327 581
463 327 727
37 187 5692
187 6014 5692
6014 463 5692
6014 327 463
187 37 5690
6013 4800 6019
6013 4796 4800
5689 4800 4796
5691 4800 5689
2555 6012 6018
6016 967 843
2553 6012 2555
2553 2299 5688
2299 2212 5688
1934 2212 1938
1938 2212 6017
2212 2299 6017
1934 1938 1652
1934 1652 1759
5687 1934 1759
1652 1489 1759
1376 1489 1652
1376 1213 1489
1106 1213 1376
2555 2299 2553
5523 5989 5519
946 5662 833
5986 5988 5660
917 913 5958
5964 917 5958
669 913 917
669 917 673
669 673 409
409 673 321
673 5634 321
409 321 5628
5627 5633 5957
5957 5633 9447
5633 9547 9447
9547 9111 9447
9219 9111 9547
9219 8877 8875
9219 8875 5956
9111 9219 5956
8539 8875 8877
8539 8877 8541
8201 8539 8541
8201 8541 8203
8201 5963 5955
8203 5963 8201
7093 5962 5632
7095 5962 7093
7095 7093 6739
1098 1174 5629
1370 1452 1098
1098 1452 1174
5635 1726 1370
8541 8877 8881
8541 8881 8545
8203 8541 8545
8203 8545 8207
8203 8207 7885
8203 7885 7773
5963 8203 7773
7885 7429 7773
7537 7429 7885
5632 5962 5638
5638 5962 7537
5962 7429 7537
6739 7093 6737
5631 5029 5961
5637 5029 5025
5965 5029 5637
5630 2272 2210
5636 2210 1998
2210 2272 1998
2272 1936 1998
2272 5960 1936
1726 1998 1724
1724 1998 5959
1998 1936 5959
1726 1724 1452
1726 1452 1370
5631 5025 5029
6739 6737 6413
6413 6737 6411
6411 6097 6413
125 409 35
409 5628 35
125 35 5624
5951 9896 9793
5623 5627 5957
5623 5957 9793
9896 5623 9793
8875 5950 5956
8873 5950 8875
8537 8873 8875
8537 8875 8539
8537 8539 8201
405 409 125
8537 8201 8101
5955 8101 8201
6099 5954 6169
6169 5763 6099
5835 5763 6169
5953 5763 5835
5626 2268 2270
5622 2268 5626
2268 1992 2270
2270 1992 1994
1992 1720 1994
1994 1720 1722
1720 1448 1722
5949 8537 8101
8877 9223 8881
579 669 5952
669 409 405
6413 6097 5954
6097 6169 5954
6169 5761 5835
6169 6097 5761
5415 5419 5761
5761 5419 5835
5419 5953 5835
5631 5419 5415
5961 5419 5631
5630 2270 2272
5626 2270 5630
2270 1994 2272
669 405 5952
2272 1994 5960
1722 1724 1994
1994 1724 1935
1724 5959 1935
1722 1450 1724
1724 1450 1452
1174 1452 1450
1174 1450 5625
1097 1174 5625
839 5958 913
1174 1097 5629
913 579 839
669 579 913
1994 1935 5960
8877 9219 9223
9547 9443 5639
9223 9547 5639
8099 5980 8103
8099 5654 5980
5657 5515 5416
5032 5135 5653
5983 5032 5653
5416 5983 5653
5515 5983 5416
5135 5032 5979
5978 5982 5652
5652 5982 5656
9237 5655 9241
9237 5651 5655
5658 8099 8573
9237 5981 5977
5976 5980 5650
5650 5980 5654
5131 5653 5135
5131 5649 5653
5131 5979 5975
5135 5979 5131
5974 5978 5648
5648 5978 5652
9567 5647 9445
9231 9567 9237
9237 9567 5651
9567 9445 5651
9241 5981 9237
9231 5977 5973
8099 8435 8573
8573 8435 8909
5660 5988 833
5988 946 833
5985 148 41
15332 41 148
15332 15197 41
15197 15332 5984
8909 5659 8771
8909 8431 8573
8909 8771 8431
8573 8431 5658
5515 5661 5519
5515 5657 5661
8099 8103 8435
5515 5987 5983
5982 5986 5656
5656 5986 5660
5985 40 148
15196 148 40
15196 15332 148
15196 5984 15332
9241 5655 9109
9109 5659 8909
9241 9109 8909
8775 9241 8909
5981 9241 8775
8909 8435 8775
5519 5987 5515
6090 5895 5748
9237 5977 9231
5646 5976 5650
8434 8545 5969
8434 8207 8545
8102 8207 8434
7889 7885 8207
7889 8207 8102
5968 7889 8102
7885 7889 7537
7537 7889 7427
7889 5642 7427
7537 7427 5638
5967 5026 5641
5967 5030 5026
8545 8885 5969
5965 5026 5030
5636 1998 1932
1646 1998 1726
1932 1998 1646
1646 1726 5635
917 5964 840
917 840 5966
5966 5640 575
917 5966 575
673 917 575
673 575 5634
9547 5633 9443
9219 9547 9223
5637 5026 5965
5972 5976 5646
8545 8881 8885
8881 9223 9227
5645 5649 5971
5971 5649 5031
5649 5131 5031
5975 5031 5131
5970 5974 5644
5644 5974 5648
9559 5647 9567
9559 5643 5647
9227 9559 9567
9227 9567 9231
8885 9227 9231
8885 9231 5973
8881 9227 8885
8774 8885 5973
5968 5972 5646
5968 5646 7771
7889 5968 7771
7889 7771 5642
5971 5967 5641
5971 5641 5645
5966 5970 5640
5640 5970 5644
5643 9559 9444
9227 9223 9559
9559 9223 9444
9223 5639 9444
8885 8774 5969
6090 6231 5895
4499 10150 4893
5406 5748 4597
3941 9433 9557
6497 3936 3940
6495 3936 6497
6173 6495 6497
6173 6497 6175
6173 3939 3935
6175 3939 6173
3934 3938 3704
3704 3938 3706
10671 3703 10531
10281 10671 10287
10287 10671 3705
10671 10531 3705
3937 9907 9433
10281 10287 9907
3933 10281 9775
3937 9775 9907
6399 3936 6495
6495 6081 6399
6173 6081 6495
3935 6081 6173
2523 3932 2452
3704 3702 3934
3934 3702 2452
3702 2523 2452
11053 3701 10919
10919 3703 10671
11053 10919 10671
10281 9907 9775
9433 9907 9557
9907 9771 9557
9771 3707 9557
6501 6505 6183
6501 6183 6083
3943 6501 6083
3947 6083 6183
3710 2278 2280
3708 2278 3710
2278 2002 2280
2280 2002 2004
3946 2002 3942
3946 2004 2002
9557 3707 9431
3709 3945 3941
3709 3941 9557
9431 3709 9557
6501 3940 3944
6497 3940 6501
6175 6497 6501
6175 6501 3943
6082 6175 3943
6175 6082 3939
3708 3706 3938
3708 3938 2190
2278 3708 2190
1912 2278 2190
1912 2002 2278
1912 3942 2002
10287 3705 10137
10287 9771 9907
10287 10137 9771
10537 11053 10671
6501 3944 6505
3931 11053 10537
10281 10143 10671
11334 11457 11045
10918 10661 10530
10918 11045 10661
10267 10263 10661
10661 10263 10530
10263 3695 10530
10263 3927 3925
10267 3927 10263
2264 3696 2185
1984 1911 3694
1911 3926 3694
3926 2185 3694
3926 2264 2185
11334 11045 10918
1911 1984 3924
9774 9891 3693
3925 9774 3693
10136 3925 3693
10263 3925 10136
9891 9774 3923
1984 3694 1907
1714 1625 3692
1625 3924 3692
3924 1907 3692
3924 1984 1907
1438 1625 1714
1438 1347 1625
1162 1347 1438
3695 10263 10136
3697 11457 11334
2189 2264 3926
3928 2518 2447
3933 10143 10281
3700 3930 3932
3700 3932 2523
2448 3700 2523
2448 2523 3702
11461 3699 11335
11049 11461 11053
11053 11461 3701
11461 11335 3701
11049 3931 3929
11053 3931 11049
3930 3700 3698
3930 3698 2518
2451 3930 2518
2451 2518 3928
11457 3699 11461
11457 3697 3699
11045 11457 11461
11045 11461 11049
10661 11045 11049
10661 11049 3929
10536 10661 3929
10536 10267 10661
10142 10267 10536
10267 10142 3927
2518 3698 2447
2264 2189 3696
2189 3928 3696
3928 2447 3696
10671 10143 10537
6505 3944 3948
8894 8759 3711
3949 9099 8894
4745 4613 5143
3965 4613 4745
3720 2008 1908
1622 2008 1736
1908 2008 1622
3964 3726 3958
3958 3726 1736
3726 1622 1736
3963 14396 14556
3725 14556 14396
14396 13998 14159
3725 14396 14159
3719 3725 14159
5143 4613 5011
13998 13779 14159
13622 13242 13238
13622 13238 3718
13779 13622 3718
13238 13242 12870
13238 12870 12864
3957 12864 12870
3717 12864 3957
11081 3956 10924
10924 10538 10532
10924 10532 3716
11081 10924 3716
10538 3724 10532
10538 3962 3724
13622 13779 13998
5143 5011 3727
5011 5389 3727
5011 5393 5389
4751 3971 4745
3964 3970 3726
3726 3970 3732
3731 14969 14804
3969 14804 14969
3969 3963 14556
14804 3969 14556
14392 14804 14556
14392 14556 3725
3724 3962 3968
3724 3968 10311
10138 3724 10311
10138 10311 3730
3961 8570 8421
8087 8421 8085
8085 8421 3723
8421 8570 3723
8087 8085 7761
7761 8085 7759
3729 7761 7759
3967 7761 3729
6719 3966 3728
6723 3966 6719
6719 3960 6723
6719 3722 3960
5853 3721 5735
5389 5393 5735
5735 5393 5853
5393 3959 5853
3955 3715 3961
3961 3715 8570
3715 8419 8570
8570 8419 3723
8894 3711 8761
6507 3948 3954
6505 3948 6507
6183 6505 6507
6183 6507 6187
6183 3953 3947
6187 3953 6183
3710 2280 2186
2280 2004 2006
2280 2006 3714
2186 2280 3714
3952 2004 3946
3952 2006 2004
3713 12643 12490
12126 12490 12132
12132 12490 3951
12490 12643 3951
12126 12132 11744
12126 11744 11738
11738 11744 11336
11336 11744 11487
11744 3950 11487
11336 11075 10920
11336 11487 11075
10920 11075 3712
3709 9099 3945
3709 9097 9099
9099 9097 8759
9099 8759 8894
3711 3955 8761
1162 1079 1347
3711 3715 3955
11081 3716 3712
3954 3960 3722
3954 3722 6395
6507 3954 6395
6507 6077 6187
6507 6395 6077
6077 3721 5853
6187 6077 5853
5739 6187 5853
3953 6187 5739
3959 5739 5853
3720 2006 2008
3714 2006 3720
2008 2006 1736
1736 2006 1626
2006 3952 1626
1626 3958 1736
3719 14159 13994
13994 13779 13618
13994 14159 13779
13618 13779 3718
3717 3957 3713
3713 3957 12643
3957 12496 12643
12643 12496 3951
11487 3950 11340
11081 11075 11487
11081 11487 11340
3956 11081 11340
11081 3712 11075
3949 8894 8761
1079 1162 3922
3693 9891 9770
3923 3921 3691
3599 10528 10349
10349 10140 3799
8949 3798 3802
8947 3798 8949
8613 8947 8949
8613 8949 8615
8269 8613 8615
8269 8615 8271
8269 8271 7947
7947 8271 7757
8271 3604 7757
7947 7757 3598
3801 5734 3603
10528 10140 10349
3801 5738 5734
5734 5392 5563
3597 5734 5563
5392 5195 5563
5010 5195 5392
5195 5010 3797
13831 3796 3800
13827 3796 13831
13831 3596 13827
13831 3602 3596
12701 3601 12703
12701 3595 3601
12703 3594 12701
12703 3600 3594
5734 5738 5392
10528 10534 10140
10916 10534 10528
10916 10922 10534
3806 8273 8420
8273 7951 8271
8271 7951 3604
7951 7758 3604
7758 7951 3606
3605 6235 6076
3805 3801 3603
3805 3603 6076
6235 3805 6076
13831 3800 13620
13620 13240 13236
13620 13236 3602
13831 13620 3602
13236 13240 12862
12862 13240 13081
13240 3804 13081
12705 12703 13081
13081 12703 12862
12703 3601 12862
12705 12335 12703
12703 12335 3600
12335 12124 3600
12124 11939 11736
12124 12335 11939
11332 11736 11338
11338 11736 3803
11736 11939 3803
11332 11338 10922
11332 10922 10916
10347 3599 10349
10347 3593 3599
10347 3799 3795
10349 3799 10347
9432 9275 9611
9098 9275 9432
8945 8943 9275
8945 9275 9098
3794 8945 9098
8609 8943 8945
8609 8945 8611
8611 8267 8609
8609 8267 3588
8267 8084 3588
8084 7945 7756
8084 8267 7945
7756 7945 3592
3591 4441 4310
3793 3791 3587
3793 3587 4310
4441 3793 4310
13996 3586 3790
13992 3586 13996
13992 13996 13616
13616 13996 13823
13996 3792 13823
13616 13823 3590
3589 9969 9768
9768 9611 9430
9768 9969 9611
9430 9275 9096
9430 9611 9275
9096 8943 8758
9432 9611 9772
8273 8615 8420
9772 9611 9969
10134 3795 3589
8947 3794 3798
8945 3794 8947
8611 8945 8947
8611 8947 8613
8267 8611 8613
8267 8613 8269
7945 8267 8269
7945 8269 7947
7947 3592 7945
7947 3598 3592
3597 5563 5388
5388 5195 5006
5388 5563 5195
4608 5006 4612
4612 5006 3797
5006 5195 3797
4608 4612 4312
4608 4312 4441
3591 4608 4441
4441 4312 3793
13827 3792 3796
13823 3792 13827
13827 3590 13823
13827 3596 3590
3595 12701 12488
12488 12701 3594
3593 10347 10134
9772 9969 3589
3795 9772 3589
10347 3795 10134
4745 3971 3965
8273 8271 8615
8760 8615 8949
15177 13 15290
13 3686 15290
14924 15177 15290
14924 14807 15177
14510 14807 14924
14510 14395 14807
14395 14510 3918
3685 12131 3917
3685 12125 12131
12131 12125 11743
11743 12125 11737
11339 11743 11737
11339 11737 3689
15 13 15177
11449 11339 3689
11449 11035 3916
11339 11449 3916
10649 11035 11037
10649 11037 10651
10649 10651 10255
10255 10651 10135
10651 3688 10135
10135 3687 9887
10255 10135 9887
9773 10255 9887
3915 10255 9773
3919 9773 9887
15290 3686 15175
11449 11037 11035
3690 13 391
13 301 391
13 15 301
3923 3691 9770
9891 3923 9770
1714 3692 1621
1438 1621 1343
1714 1621 1438
1162 1343 1077
1438 1343 1162
1077 813 815
1077 815 3922
1162 1077 3922
813 553 815
815 553 3920
553 649 3920
649 299 391
649 553 299
391 299 3690
11449 3689 11333
11449 10917 11037
11449 11333 10917
11037 10529 10651
11037 10917 10529
10651 10529 3688
9887 3687 9769
3691 3921 3919
3691 3919 9887
9769 3691 9887
555 3920 649
649 301 555
391 301 649
14924 15175 14803
15290 15175 14924
14510 14803 14391
14924 14803 14510
12130 12337 12494
12337 12130 3807
8273 3806 8086
8086 7951 8273
7760 7951 8086
7760 7416 7412
7760 7412 3606
7951 7760 3606
7412 7416 7078
7412 7078 7074
7074 7078 6722
7074 6722 6718
6718 6722 6398
6718 6398 6394
6394 6398 6080
6394 6080 6235
3605 6394 6235
6235 6080 3805
13081 3804 12868
12707 12705 13081
12707 13081 12868
3808 12707 12868
12335 12705 12707
12335 12707 12337
11939 12335 12337
11939 12337 3807
11742 11939 3807
11939 11742 3803
8949 3802 8760
12494 12337 12707
8420 8615 8760
12707 3808 12494
10647 10535 11033
14108 13997 3684
13997 3918 3684
3918 14391 3684
3918 14510 14391
13997 14108 3914
3683 12495 3913
3683 12489 12495
3685 12495 12489
3917 12495 3685
11035 3912 3916
11033 3912 11035
10647 11033 11035
10647 11035 10649
10647 10649 10255
10647 10255 10141
3911 10647 10141
3915 10141 10255
14108 3684 13993
13993 13617 13621
13993 13621 3914
14108 13993 3914
13621 13617 13241
13241 13617 13237
13241 13237 12869
12869 13237 12863
3683 12869 12863
3913 12869 3683
10923 3912 11033
11033 10535 10923
3911 10535 10647
9096 9275 8943
5143 5007 3733
4745 5143 4751
3800 3796 4028
3800 4028 13624
13832 3800 13624
13624 4030 13832
9971 3799 9973
9971 3795 3799
9613 9971 9973
9613 9973 9615
9277 9613 9615
9277 9615 9279
9279 3794 9277
9279 3798 3794
4029 4612 3797
3797 5010 4029
4029 4616 4612
4312 4616 4027
4442 4312 4027
4312 4442 3793
4026 4028 3792
3792 4028 3796
3795 9971 9772
9772 9613 9432
9772 9971 9613
9432 9277 9098
9432 9613 9277
9098 9277 3794
4027 4314 4442
4025 3791 3793
4312 4612 4616
4029 5010 5014
5392 5014 5010
5392 5396 5014
6086 4031 6236
3800 13832 13620
13244 13240 13620
13244 13620 13832
4030 13244 13832
13244 3804 13240
13244 4034 3804
3803 11541 11338
10922 11338 10926
10926 11338 4033
11338 11541 4033
10922 10926 10540
10922 10540 10534
10534 10540 10140
10140 10540 10351
10540 4032 10351
9975 9973 10351
10351 9973 10140
9973 3799 10140
9615 9973 9975
9615 9975 9617
9279 9615 9617
9279 9617 9281
9281 3798 9279
9281 3802 3798
4031 5738 3801
4031 5742 5738
5738 5742 5396
5738 5396 5392
4025 3793 4442
4031 3805 6236
4314 4025 4442
13996 3790 14000
3782 15008 3786
15014 15008 14602
14602 15008 14398
15008 4018 14398
14398 4020 14602
11923 3781 11741
11923 11741 3780
7243 3785 7245
7243 3779 3785
6891 7243 7245
6891 7245 6893
6891 6893 6545
6891 6545 6401
3786 15008 15014
4017 6891 6401
6217 6085 6545
5737 5741 6085
5737 6085 6217
3784 5737 6217
5741 5737 5395
5395 5737 5391
3783 5395 5391
4019 5395 3783
3778 15378 15176
3782 15176 15008
15176 15378 15008
15378 14808 15008
15378 4016 14808
6545 6085 6401
4021 5013 3787
3787 5013 5009
3783 5009 5013
14000 3792 13996
14000 4026 3792
4025 4023 3789
4025 3789 3791
3788 14608 14394
4024 3790 4022
4022 3790 14608
3790 14394 14608
3787 4615 4021
3787 4611 4615
4615 4611 4313
4313 4611 4311
3789 4313 4311
4023 4313 3789
3786 15014 14806
15014 14602 14608
15014 14608 3788
14806 15014 3788
4022 14602 4020
4022 14608 14602
7245 3785 7077
7245 6721 6893
7245 7077 6721
6893 6397 6545
6893 6721 6397
6545 6079 6217
6545 6397 6079
6217 6079 3784
3783 5013 4019
14000 3790 4024
4031 3801 3805
4035 6086 6236
8420 8617 3806
10923 4174 3912
10927 4174 10923
10927 10923 10543
10543 10923 10535
10145 10543 10535
10145 10535 3911
10253 10145 3911
4173 10145 10253
303 4172 385
4171 303 385
10743 4044 10542
10542 10355 10743
10144 10355 10542
12978 12869 3913
10144 9979 10355
9776 9621 9979
9434 9621 9776
9621 9434 4043
8275 4042 8088
8088 7953 8275
7762 7953 8088
7762 7611 7953
7418 7611 7762
7611 7418 4041
13085 4040 12872
12872 12500 12494
12872 12494 3808
13085 12872 3808
9776 9979 10144
13348 13241 12978
12978 13241 12869
13728 13621 13348
13728 13732 4181
13728 13348 13732
13732 13348 4180
13348 13245 4180
12978 13245 13348
12978 12873 13245
12501 12873 12495
12495 12873 3913
12873 12978 3913
12135 12501 12495
12135 12495 3917
12235 12135 3917
4179 12135 12235
11343 4178 11447
3912 4174 3916
3916 4174 11447
4174 11343 11447
10253 3911 10141
3915 4177 4173
3915 4173 10253
10141 3915 10253
557 4176 645
645 387 385
645 385 4172
557 645 4172
385 4175 4171
387 4175 385
13728 3914 13621
13348 13621 13241
12494 12500 12134
12494 12134 12130
12130 12134 11746
12130 11746 11941
6080 6398 6402
6080 6402 4035
6236 6080 4035
6080 6236 3805
3804 4034 4040
3804 4040 13085
12868 3804 13085
12868 13085 3808
3807 11941 11742
11543 11541 11941
11941 11541 11742
11541 3803 11742
11541 4039 4033
11543 4039 11541
10353 4032 4038
10351 4032 10353
9975 10351 10353
9975 10353 9977
9617 9975 9977
9617 9977 9619
9281 9617 9619
9281 9619 9283
8760 3802 9281
9281 9283 4037
8760 9281 4037
8762 8760 4037
8760 8762 8420
8420 8762 8617
8762 4036 8617
6722 6402 6398
14808 4018 15008
6722 6726 6402
7078 7082 6726
3807 12130 11941
11746 11543 11941
11342 11543 11746
11543 11342 4039
10541 4044 10743
10743 10355 10353
10743 10353 4038
10541 10743 4038
9977 10353 10355
9977 10355 9979
9619 9977 9979
9619 9979 9621
5402 5748 5406
9283 9619 9621
9283 9621 4043
9100 9283 4043
9283 9100 4037
8617 4036 8422
4042 8275 8086
8422 4042 8086
3806 8422 8086
8617 8422 3806
8086 7953 7760
8086 8275 7953
7760 7611 7416
7760 7953 7611
7078 7416 7082
7082 7416 4041
7416 7611 4041
7078 6726 6722
13065 3777 12867
13065 12493 12689
13065 12867 12493
3989 13623 13799
3984 3988 3746
3746 3988 3752
3987 5008 3751
3987 5012 5008
5008 5012 4614
5008 4614 4610
3983 4610 4614
3745 4610 3983
2191 3986 2285
1909 1913 2191
1909 2191 2285
3750 1909 2285
3985 14179 13623
1913 1909 1627
1477 3744 3982
3744 1477 1344
1477 3982 1627
3749 1477 1623
1477 1627 1623
1344 1477 3748
14973 3743 14805
14393 14397 14805
14805 14397 14973
14397 3981 14973
13999 14397 14393
13999 14393 3747
14179 13999 3747
1627 1909 1623
13623 14179 13799
14179 13995 13799
13995 3753 13799
556 708 956
556 3994 708
13799 3753 13619
3757 3993 3989
3757 3989 13799
13619 3757 13799
13052 3756 12865
3988 3992 3752
3752 3992 12865
3992 13052 12865
3755 6533 6396
6396 6205 6078
6396 6533 6205
5736 6078 5740
5740 6078 3991
6078 6205 3991
5736 5740 5394
5736 5394 5390
3987 5390 5394
3751 5390 3987
2453 3990 2541
2187 2285 3754
2285 3986 3754
3986 2541 3754
3986 2453 2541
2285 2187 3750
1477 3749 1345
1477 1345 3748
14179 3747 13995
3985 13999 14179
3984 3746 3742
3984 3742 12670
12497 3984 12670
4751 3733 4609
3739 3977 3971
3739 3971 4751
4609 3739 4751
3738 3732 3970
3738 3970 1348
1470 3738 1348
1348 3976 1470
14969 3737 14971
14969 3731 3737
14969 3975 3969
14971 3975 14969
12300 3736 12127
12127 11739 11745
12127 11745 3974
12300 12127 3974
3735 11745 11739
3973 11745 3735
10317 3968 3972
10311 3968 10317
10317 3730 10311
10317 3734 3730
3729 7417 3967
3729 7413 7417
7417 7413 7079
7079 7413 7075
7075 3966 7079
7075 3728 3966
5143 3727 5007
10321 3740 3734
556 956 816
10321 3734 10317
10321 3972 3978
12497 12670 3980
3741 10925 3979
3741 10921 10925
10925 10921 10539
10539 10921 10533
10533 10139 10539
10539 10139 3978
10139 10321 3978
10321 10139 3740
3983 3977 3739
3983 3739 3745
3982 3744 3738
3982 3738 1470
1349 3982 1470
1349 1470 3976
14971 3743 14973
14971 3737 3743
14971 3981 3975
14973 3981 14971
12670 3742 12491
12300 12133 3736
12133 3980 3736
3980 12491 3736
3980 12670 12491
12133 12300 3974
3735 11341 3973
3735 11337 11341
3741 11341 11337
3979 11341 3741
10317 3972 10321
4751 5143 3733
3995 816 956
2541 3990 2449
2192 2295 2454
2192 1914 1910
2192 1910 3770
2295 2192 3770
1910 1914 1624
1624 1914 1757
1914 4014 1757
1346 1624 1350
1350 1624 4013
1624 1757 4013
4007 1346 1350
3769 1346 4007
3768 176 14
2454 2295 2549
176 15366 15372
14 176 3774
4012 15366 4006
4012 15372 15366
3767 13243 4005
3767 13239 13243
3773 13243 13239
4011 13243 3773
12499 4010 12687
12129 12313 3772
12313 4004 3772
4004 12687 3772
4004 12499 12687
12313 12129 3766
176 15372 3774
2549 4008 2454
4015 7081 7241
7581 7241 7414
12689 12493 3776
3781 11923 11740
11740 11923 3780
7581 3775 7415
7241 7581 7243
7243 7581 3779
7581 7415 3779
7241 7243 6891
7241 6891 6725
4015 7241 6725
4017 6725 6891
1757 4014 1628
1757 1628 4013
3778 15372 15378
3774 15372 3778
4016 15372 4012
4016 15378 15372
3773 3777 4011
4011 3777 12871
3777 13065 12871
13065 12689 12687
13065 12687 4010
12871 13065 4010
12689 3772 12687
12689 3776 3772
3775 7581 7414
7241 7081 4009
4009 3771 7414
7241 4009 7414
4009 7076 3771
4009 7080 7076
4003 7076 7080
3765 7076 4003
3758 3996 3764
3764 3996 2801
3996 2735 2801
4001 3995 3763
3763 3995 814
3995 956 814
554 956 708
814 956 554
3762 554 452
554 708 452
708 302 452
708 3994 302
302 4000 452
3999 3993 3757
3999 3757 3761
3756 13052 12866
12498 12492 12866
12498 12866 13052
3992 12498 13052
12498 3760 12492
12498 3998 3760
6533 3759 6535
6533 3755 3759
6205 6533 6535
6205 6535 3997
6084 6205 3997
6205 6084 3991
3990 3996 3758
3990 3758 2449
2735 4002 2801
2541 2449 3754
6535 6400 3997
6720 6400 6535
2801 4002 2736
4008 2549 2450
2736 4008 2450
3764 2736 2450
2801 2736 3764
2450 2295 2188
2450 2549 2295
2188 2295 3770
4007 1078 3769
4007 1080 1078
4001 1078 1080
3763 1078 4001
3762 452 300
3768 300 176
300 452 176
452 16 176
452 4000 16
15178 176 16
15178 15366 176
15178 4006 15366
4005 3999 3761
4005 3761 3767
3760 3998 4004
3760 4004 12313
12128 3760 12313
12128 12313 3766
4003 6720 3765
4003 6724 6720
6720 6724 6400
3759 6720 6535
13997 13728 4181
8758 8609 8418
8418 8609 3588
12237 11737 12125
11845 11737 12237
3689 11737 11845
10135 3688 10257
3687 10135 10257
15173 3686 3474
15175 3686 15173
15175 15173 14803
14803 15173 14799
14803 14799 14391
14391 14799 14387
14387 3684 14391
14387 3472 3684
3685 12603 12125
12977 3471 12859
12977 12859 12603
12489 12977 12603
3683 12977 12489
3685 12489 12603
13989 3684 3472
13993 3684 13989
13993 13989 13617
13617 13989 13611
13617 13611 13237
13237 13611 13233
12863 13237 13233
12863 13233 3471
12977 12863 3471
12859 3473 12603
12603 12237 12125
12603 12607 12237
12603 3473 3475
297 553 651
3478 297 651
297 3690 299
297 3476 3690
12607 3475 12483
12607 12119 12237
12607 12483 12119
12237 11731 11845
12237 12119 11731
11323 11333 11731
11731 11333 11845
11333 3689 11845
11333 11323 10917
10917 11323 10909
10529 10917 10909
10529 10909 3477
10653 10529 3477
10653 10259 10257
10653 10257 3688
10529 10653 3688
10257 10259 9889
10257 9889 9769
3687 10257 9769
3691 9769 9889
11 3690 3476
13 3690 11
11 3686 13
11 3474 3686
12603 3475 12607
3683 12863 12977
297 299 553
3404 10744 10646
3404 10742 10744
13445 3602 13236
13236 13079 13445
12862 13079 13236
13079 12862 3601
12333 3600 12124
12124 11937 12333
11736 11937 12124
11736 11332 11322
11736 11322 3392
11937 11736 3392
11332 10916 11322
11322 10916 3396
10916 11136 3396
6229 6076 3603
10528 10524 10916
10524 3395 11136
3599 10524 10528
3391 10524 3599
7757 3604 7949
7949 7607 7605
7949 7605 3598
7757 7949 3598
7607 3390 7605
7607 3394 3390
6227 3393 6229
6227 3389 3393
5891 6227 6229
5891 6229 3603
10916 10524 11136
6565 3605 6390
6390 3605 3393
3605 6076 3393
3402 10742 3404
3401 10744 10742
3403 10744 3401
10742 3402 10645
10742 10645 3401
3400 9256 9212
9212 9256 3399
9256 3400 9211
9256 9211 3399
7609 3606 7412
7412 7074 7070
7412 7070 3398
7609 7412 3398
7070 7074 6718
7070 6718 6714
6714 6718 6394
6714 6394 6565
3397 6714 6565
6565 6394 3605
3396 11136 10908
10908 11136 3395
7949 3604 7758
7609 7607 7949
7609 7949 7758
3606 7609 7758
7609 3394 7607
7609 3398 3394
3397 6565 6390
6076 6229 3393
10646 10744 3403
651 553 899
899 553 813
899 813 3479
3705 10675 10137
10295 9771 10137
9917 9771 10295
3707 9771 9917
3498 2526 2530
3494 2526 3498
3706 2526 3704
3706 2530 2526
13765 3497 13769
13765 3493 3497
13769 3492 13765
13769 3496 3492
3495 11475 11326
10137 10675 10295
11061 11057 11475
11057 3491 11326
11057 11061 10675
11057 10675 10531
3703 11057 10531
3705 10531 10675
3494 2522 2526
3490 2522 3494
3704 2522 3702
3704 2526 2522
3493 13765 13612
13612 13765 3492
11465 3489 11325
11325 3491 11057
11475 11057 11326
10675 10525 10295
10525 3499 10295
11061 10911 10525
3500 2534 3504
3710 2534 3708
3710 2536 2534
3503 12273 12120
12120 11881 11732
12120 12273 11881
11732 11483 11328
11732 11881 11483
11328 11069 10912
11328 11483 11069
10912 11069 3502
10295 3499 10131
9917 10295 9923
9923 10295 3501
10295 10131 3501
9917 9923 9565
9917 9565 9431
3707 9917 9431
3709 9431 9565
3500 2530 2534
3498 2530 3500
3708 2530 3706
3708 2534 2530
13769 3497 13613
13769 13613 3496
11475 3495 11327
11475 10911 11061
11475 11327 10911
11061 10525 10675
11465 11325 11057
10919 11465 11057
3701 11465 10919
3703 10919 11057
10261 10136 3693
2262 3482 2181
1982 1907 3480
1907 3694 3480
3694 2181 3480
3694 2262 2181
1907 1982 3692
899 3479 811
899 551 651
899 811 551
651 551 3478
10653 3481 10655
10653 3477 3481
10259 10653 10655
10259 10655 10261
9889 10259 10261
9889 10261 3693
9770 9889 3693
9889 9770 3691
1982 3480 1903
1903 1617 1621
1903 1621 3692
1982 1903 3692
1621 1617 1343
1343 1617 1339
1343 1339 1077
1077 1339 1073
813 1077 1073
813 1073 3479
10136 10261 3695
5734 5891 3603
10261 10657 3695
10655 3481 3483
3490 3488 3700
3490 3700 2448
2522 3490 2448
2448 3702 2522
3487 3489 3699
3699 3489 11335
3489 11465 11335
3701 11335 11465
3698 3700 3486
3486 3700 3488
3699 3697 3485
3699 3485 3487
2445 3698 3486
2447 3698 2445
2445 3696 2447
2445 3484 3696
3697 11324 3485
3697 11334 11324
11324 11334 10918
11324 10918 10910
10910 10918 10530
10910 10530 10657
3483 10910 10657
10657 10530 3695
3696 3484 3482
3696 3482 2262
2185 3696 2262
2185 2262 3694
10655 3483 10657
10261 10655 10657
5891 5734 3597
13445 3596 3602
13443 3596 13445
6393 3580 6547
6547 6075 6393
6219 6075 6547
6219 5883 5881
6219 5881 3574
6075 6219 3574
5543 5881 5883
5543 5883 5547
5543 5547 5179
5543 5179 5005
3573 5543 5005
3579 5005 5179
3572 3578 3368
8605 3581 8603
3368 3578 3372
3367 12481 12487
12123 12487 12481
12123 12481 3371
12323 12123 3371
3577 12123 12323
10907 3576 3370
10915 3576 10907
10907 3570 10915
10907 3366 3570
3369 8603 8416
8080 8416 8082
8082 8416 3575
8416 8603 3575
3367 12487 3571
8603 3581 3575
8603 3369 3373
8603 3373 8605
3580 6897 3376
3580 6717 6897
6547 6071 6219
6547 6389 6071
6219 5729 5883
6219 6071 5729
5883 5383 5547
5883 5729 5383
5547 5001 5179
5547 5383 5001
5001 3375 4809
5179 5001 4809
4607 5179 4809
3579 5179 4607
3583 4607 4809
3372 3578 3582
3372 3582 15019
14798 3372 15019
14798 14607 14386
14798 15019 14607
14386 14607 3374
12323 3371 12117
11729 11735 12117
12117 11735 12323
11735 3577 12323
11735 11729 11331
11331 11729 11321
11321 3576 11331
11321 3370 3576
8080 8082 7754
8080 7754 7929
3365 8080 7929
7929 7754 3569
3360 3560 12
182 3360 12
12 3564 182
13805 3355 13609
3359 3563 3559
3359 3559 13805
13609 3359 13805
11917 3558 11734
11734 11330 11320
11734 11320 3354
11917 11734 3354
11320 11330 10914
11320 10914 10906
10914 3358 10906
10914 3562 3358
3561 7408 3357
3561 7410 7408
7408 7410 7072
7408 7072 7235
3353 7408 7235
7235 7072 3557
2021 3556 1906
1906 1753 2021
1620 1753 1906
1620 1483 1753
1342 1483 1620
1483 1342 3555
298 3352 3554
296 3352 298
3360 3356 3560
6547 3580 3376
3565 3357 3361
3358 3566 3362
5733 3574 5881
5881 5387 5733
5543 5387 5881
3573 5387 5543
15377 3568 15174
3368 3364 3572
3572 3364 15174
3364 15377 15174
3363 12861 3567
3363 12857 12861
3367 12861 12857
3571 12861 3367
3566 3570 3362
3362 3570 3366
3365 7929 7752
3569 3565 3361
3569 3361 7752
7929 3569 7752
3360 182 10
182 3564 10
15172 10 15377
10 3564 15377
3564 3568 15377
15172 15377 3364
3359 13235 3563
3359 13231 13235
3363 13235 13231
3567 13235 3363
3562 3566 3358
3565 3561 3357
3504 2534 2536
6389 6547 3376
7253 6717 7073
12488 12699 3383
3595 12488 3383
12858 3595 3383
13077 3595 12858
3594 12331 12118
12488 3594 12118
3382 12488 12118
12699 12488 3382
12118 12331 3388
3387 3593 3381
3381 3593 10345
3593 10134 10345
10345 10134 3589
13232 13443 13077
8265 3588 8084
7756 7943 8084
7603 7601 7943
7603 7943 7756
3592 7603 7756
7603 3380 7601
7603 3386 3380
3385 5889 5730
5730 5559 5384
5730 5889 5559
5384 5191 5002
5384 5559 5191
4821 4815 5191
5191 4815 5002
8084 7943 8265
13232 13077 12858
13232 3384 13443
3384 3596 13443
13077 13443 13445
13077 13445 13079
13077 3601 3595
13079 3601 13077
12333 3594 3600
12331 3594 12333
12333 11937 12331
12331 11937 3388
11937 11730 3388
11730 11937 3392
3599 3593 3387
3599 3387 3391
7605 3592 3598
7603 3592 7605
7605 3386 7603
7605 3390 3386
3389 6227 6072
5891 5889 6227
6227 5889 6072
5889 3385 6072
5559 5889 5891
5559 5891 3597
5388 5559 3597
5388 5191 5559
5006 5191 5388
5006 4821 5191
4608 4821 5006
4821 4608 3591
3384 3590 3596
4815 3379 5002
4435 4815 4821
4435 4821 3591
4310 4435 3591
3584 7411 7601
7253 6713 6897
7253 7069 6713
6897 6713 3376
4809 3379 4815
4809 3375 3379
4809 4815 4435
4809 4435 4309
3583 4809 4309
3587 4309 4435
15019 3582 14802
14802 14607 15019
14390 14607 14802
3586 14207 13988
14390 3586 13988
3374 14390 13988
14607 14390 3374
13988 13817 13610
13988 14207 13817
13610 13817 3378
3377 8941 8756
8607 8605 8941
8941 8605 8756
8605 3373 8756
8605 8607 8263
8605 8263 8083
3581 8605 8083
3585 8083 8263
7073 3584 7253
3584 7601 3380
6897 6717 7253
7253 3584 3380
7601 7411 7943
4435 4310 3587
14207 3586 13992
13992 13817 14207
13616 13817 13992
3384 3378 3590
3590 3378 13616
3378 13817 13616
3383 12699 12482
12482 12699 3382
3381 10345 10130
9766 10130 9768
9768 10130 3589
10130 10345 3589
9766 9768 9430
9766 9430 9428
9428 9430 9096
9428 9096 9094
9094 9096 8758
9094 8758 8941
3377 9094 8941
8758 8607 8941
8418 8607 8758
8265 8263 8607
8265 8607 8418
3588 8265 8418
8263 8265 7943
8263 7943 7755
3585 8263 7755
7943 7411 7755
7069 7253 3380
8758 8943 8609
3711 8759 3505
8759 9095 8757
7076 7410 3771
7410 7577 3771
3765 7072 7076
3557 7072 3765
2547 3764 2450
2450 2293 2547
2188 2293 2450
3770 2023 1906
2188 3770 1906
3556 2188 1906
2293 2188 3556
1906 1755 1620
1906 2023 1755
7072 7410 7076
1620 1485 1342
1078 1207 3555
3769 1078 3555
1342 3769 3555
1485 3769 1342
1207 1078 3763
300 3554 3762
298 3554 300
300 3560 298
300 3768 3560
3767 3761 3553
3767 3553 3559
12311 3760 12128
3558 3552 3766
1620 1755 1485
3561 7577 7410
10914 11117 3562
11330 11523 11117
11117 11525 11119
11119 3562 11117
11119 3566 3562
3565 3775 3561
3561 3775 7577
3775 7414 7577
7577 7414 3771
2023 3770 1910
1910 1755 2023
1624 1755 1910
1624 1485 1755
1346 1485 1624
1485 1346 3769
14 3560 3768
12 3560 14
14 3564 12
14 3774 3564
3559 3563 3767
3767 3563 13239
3563 13429 13239
3773 13239 13429
12129 3772 12315
12315 3766 12129
12315 11919 11734
3766 12315 11734
3558 3766 11734
11734 11523 11330
11734 11919 11523
11330 11117 10914
3766 3552 12128
11117 11523 11525
3552 12311 12128
3551 3765 6881
3546 3754 3550
3550 3754 2545
3754 2449 2545
1479 3545 1341
1479 1075 1203
1479 1341 1075
1203 1075 3544
14181 3543 13991
13991 3549 13801
14181 13991 13801
13619 14181 13801
3753 14181 13619
3757 13619 13801
2449 3758 2545
12865 3756 13051
13051 12677 12486
3752 13051 12486
3542 3752 12486
12486 12677 3548
3547 3755 3541
3541 3755 6529
3755 6396 6529
6396 6078 6074
6396 6074 3540
6529 6396 3540
6074 6078 5736
6074 5736 5732
5732 5736 5390
13051 3752 12865
6881 3759 6716
3759 3547 6716
3759 3755 3547
3765 6720 6881
6881 6720 3759
2547 3758 3764
2545 3758 2547
2547 2293 2545
2545 2293 3550
2293 2184 3550
2184 2293 3556
3555 1207 1076
812 1076 814
814 1076 3763
1076 1207 3763
812 814 554
812 554 552
554 3554 552
554 3762 3554
13801 3549 13615
3553 3761 3757
3553 3757 13801
13615 3553 13801
13051 3756 12866
12866 12677 13051
12492 12677 12866
3760 12311 12122
12492 3760 12122
3548 12492 12122
12677 12492 3548
12122 12311 3552
3551 6881 6716
3557 3765 3551
11523 11921 11525
11523 11919 11921
11919 12319 11921
3582 3786 14806
15020 3582 14806
14806 3788 15020
11925 3577 11735
11925 11331 11529
11925 11735 11331
11529 11331 3576
8259 3581 8261
8259 3575 3581
7933 8259 8261
7933 8261 7937
7591 7933 7937
7591 7937 7595
3582 3578 3786
7591 7595 7249
3785 7591 7077
7249 6721 7077
6895 6721 7249
6393 6397 6721
6393 6721 6895
3580 6393 6895
6397 6393 6079
6079 6393 6075
6075 3784 6079
6075 3574 3784
3573 5009 3783
3573 5005 5009
3579 5009 5005
7591 7249 7077
3789 4311 4429
4429 4311 3583
4311 4607 3583
7941 3585 7755
7941 7411 7599
7941 7755 7411
7599 7411 3584
4429 3583 4309
3587 3791 3789
3587 3789 4429
4309 3587 4429
3582 15020 14802
14394 14390 14802
14394 14802 15020
3788 14394 15020
14394 3586 14390
14394 3790 3586
8261 3581 8083
7937 8261 7941
7941 8261 3585
8261 8083 3585
7595 7937 7941
7595 7941 7599
7595 7599 7249
7249 7599 7073
7599 3584 7073
7249 6717 6895
7249 7073 6717
6895 6717 3580
3579 4611 3787
3579 4607 4611
4311 4611 4607
3787 5009 3579
3782 3786 3572
3572 3786 3578
12691 3571 12487
12493 12867 12861
12493 12861 3571
12691 12493 3571
12691 12321 12319
12691 12319 3776
12493 12691 3776
11921 12319 12321
11921 12321 3781
11740 11921 3781
11527 11525 11921
11527 11921 11740
3780 11527 11740
11119 11525 11527
11119 11527 11121
11121 3566 11119
11121 3570 3566
3565 3569 3775
3775 3569 7415
3569 7587 7415
3779 7415 7587
3774 3778 3564
3564 3778 3568
13429 3563 13235
3567 3777 3773
3567 3773 13429
13235 3567 13429
12319 3772 3776
12315 3772 12319
11919 12315 12319
3567 12861 12867
5732 5390 5529
3567 12867 3777
15176 3572 15174
12691 12123 12321
12691 12487 12123
12123 3577 11925
12321 12123 11925
11741 12321 11925
3781 12321 11741
11925 11529 11527
11925 11527 3780
11741 11925 3780
11527 11529 11121
11121 11529 10915
11529 3576 10915
11121 10915 3570
3575 8259 8082
8082 7933 7754
8082 8259 7933
7591 7587 7933
7933 7587 7754
7587 3569 7754
7587 3785 3779
7591 3785 7587
5733 3784 3574
5737 3784 5733
5737 5733 5391
5391 5733 5387
3573 5391 5387
3783 5391 3573
15176 3568 3778
15174 3568 15176
15176 3782 3572
3539 5732 5529
5529 5390 3751
2183 3754 3546
1622 2010 1908
1622 1738 2010
1622 3726 1738
3517 14555 14388
3725 14388 14555
3725 3719 14158
14388 3725 14158
13990 14388 14158
13990 14158 3511
13399 3718 13238
13238 13029 13399
12864 13029 13238
13029 12864 3717
2284 3720 1908
10689 3716 10532
3724 3510 10532
3510 10689 10532
3715 8562 8419
8232 3723 8081
3723 8419 8081
8419 3509 8081
8419 8562 3509
7902 8081 7753
8232 8081 7902
7902 7753 3515
6395 3722 6511
6073 6077 6395
6073 6395 6511
3516 3510 3724
2284 1908 2010
2182 2284 2010
3518 2182 2010
3517 3523 14555
14555 14392 3725
3522 3516 3724
3522 3724 10138
10310 3522 10138
10138 3730 10310
3723 8232 8085
7902 8085 8232
7902 7759 8085
7556 3729 7409
3729 7759 7409
7759 3515 7409
7759 7902 3515
7556 7409 3521
6715 3728 3520
6719 3728 6715
6715 6391 6719
6719 6391 3722
6391 6511 3722
6511 6391 3514
3721 5852 5735
5389 5735 5385
5385 5735 3513
5735 5852 3513
5389 5385 5003
5389 5003 5142
3727 5389 5142
5142 5003 3519
3512 2284 2182
3514 6073 6511
6077 6073 5731
6077 5731 5852
3721 6077 5852
3507 13777 13614
13614 13397 13234
13614 13777 13397
13234 13025 12860
13234 13397 13025
12484 12860 12490
12490 12860 3713
12860 13025 3713
12484 12490 12126
12484 12126 12273
3503 12484 12273
12126 11881 12273
11738 11881 12126
11738 11483 11881
11336 11483 11738
11336 11069 11483
10920 11069 11336
3712 10685 10526
10920 3712 10526
3502 10920 10526
11069 10920 3502
10526 10685 3506
9923 3501 9767
9923 9429 9565
9923 9767 9429
9095 9097 9429
9429 9097 9565
9097 3709 9565
9097 9095 8759
2186 3714 2282
3523 14804 14555
2536 3710 2186
2538 2536 2282
5852 5731 3513
3508 2538 2446
2538 2282 2284
2538 2284 3512
2446 2538 3512
3720 2282 3714
3720 2284 2282
3719 13994 14158
3511 14158 13994
13994 13618 13777
3511 13994 13777
3507 3511 13777
13399 13397 13777
13399 13777 13618
3718 13399 13618
13025 13397 13399
13025 13399 13029
13025 3717 3713
13029 3717 13025
10689 3712 3716
10685 3712 10689
10689 3506 10685
10689 3510 3506
3711 3505 3715
3715 3505 8562
3505 8417 8562
8562 8417 3509
3508 2536 2538
3504 2536 3508
2282 2536 2186
3505 8759 8757
14804 14392 14555
3731 14804 14968
1909 3750 2013
2013 1623 1909
1745 1623 2013
1473 3744 1344
1623 1745 3749
1201 1199 1473
1201 1473 1344
3748 1201 1344
1201 3534 1199
1201 3538 3534
3533 14805 3743
3533 14801 14805
14393 14805 14801
4767 4610 3745
14393 14801 3537
3747 14393 14573
3742 3746 3532
3532 3746 3536
3531 10921 3741
3531 10913 10921
10921 10913 10533
10533 10913 10527
10533 10527 10139
10139 10527 10133
10133 3740 10139
10133 3530 3740
3535 5527 5386
5386 5159 5004
14573 14393 3537
4610 4767 5008
5008 4767 5159
5008 5159 3751
2187 3754 2183
2183 1905 2187
2187 1905 3750
1905 2013 3750
2013 1619 1745
2013 1905 1619
1619 3545 1479
1745 1619 1479
1345 1745 1479
3749 1745 1345
1479 1203 1201
1479 1201 3748
1345 1479 3748
1203 3538 1201
1203 3544 3538
14573 3537 14389
14389 3543 14181
14573 14389 14181
13995 14573 14181
3747 14573 13995
3753 13995 14181
3746 3752 3536
3536 3752 3542
3541 6529 6392
6392 6529 3540
5527 3539 5529
5527 3535 3539
5159 5527 5529
5159 5529 3751
5386 5527 5159
4767 4757 5159
5159 4757 5004
4757 3529 5004
3528 1618 1740
3737 3731 3527
3527 3731 14800
3731 14968 14800
14800 14968 3523
12127 3736 12299
12299 11739 12127
11903 11739 12299
3735 11739 11903
3526 10310 10316
3522 10310 3526
3734 10310 3730
3734 10316 10310
3729 7556 7413
7075 7413 7071
7071 7413 3521
7413 7556 3521
7071 3728 7075
7071 3520 3728
3727 5142 5007
3519 3525 3733
3519 3733 5007
5142 3519 5007
3518 2010 1904
2010 1738 1740
2010 1740 3524
1904 2010 3524
3732 1738 3726
3732 1740 1738
3732 3528 1740
3523 14968 14804
3738 3528 3732
3739 4609 4757
4757 3745 3739
4767 3745 4757
3528 3738 3744
3528 3744 1473
1340 3528 1473
1340 1199 1074
1340 1473 1199
1074 1199 3534
3743 3737 3527
3743 3527 3533
12485 3742 3532
12491 3742 12485
12485 12121 12491
12491 12121 3736
12121 12299 3736
12299 11733 11903
12299 12121 11733
11329 11337 11733
11733 11337 11903
11337 3735 11903
3531 11337 11329
3741 11337 3531
3526 10316 10132
3740 3530 3734
3734 3530 10316
3530 10132 10316
3525 3529 3733
3733 3529 4609
3529 4757 4609
3524 1740 1618
14001 13997 4181
5917 284 5830
3918 13997 14511
5396 5018 5014
4295 5014 5018
4029 5014 4295
13628 4028 4294
13624 4028 13628
13628 4030 13624
13628 4296 4030
4295 4293 4029
4029 4293 4616
4293 4822 4616
4616 4822 4027
4292 4294 4026
4026 4294 4028
4291 4822 4293
4291 4816 4822
4822 4816 4436
4822 4436 4314
4027 4822 4314
4314 4436 4025
14004 4024 4290
14000 4024 14004
5396 5402 5018
14004 4026 14000
5742 5402 5396
5742 4031 6230
10741 4032 10739
10741 4038 4032
4037 8951 8762
8762 8951 4036
4299 6404 6566
6230 6086 4035
4297 6230 4035
6566 4297 4035
6404 4297 6566
6086 6230 4031
13248 4030 4296
13244 4030 13248
13248 4034 13244
13248 4298 4034
4033 11137 10926
10926 10739 10540
10926 11137 10739
10540 10739 4032
4297 6090 6230
5748 5742 6090
6090 5742 6230
5742 5748 5402
10739 11139 10741
14004 4292 4026
4289 4810 4816
4430 4313 4023
4286 4288 4020
4020 4288 4022
4019 5017 4285
4019 5013 5017
4021 5017 5013
4287 5017 4021
4018 14598 14398
4286 4020 4284
4284 4020 14598
4020 14398 14598
6543 4017 6401
6543 6085 6215
6543 6401 6085
6215 5741 5879
6215 6085 5741
5395 5401 5741
14002 14163 4234
4235 14163 14002
1085 1188 4546
1085 4548 1188
4810 4615 4430
4289 4816 4291
12649 4233 12655
12281 12649 12655
4810 4430 4816
4816 4430 4436
4023 4436 4430
4025 4436 4023
7897 8233 7903
7897 8225 8233
8563 8423 4231
8233 8563 4231
8225 8563 8233
8563 4225 8423
11889 11749 4226
12287 4232 11749
4288 4290 4022
4022 4290 4024
4287 4021 4289
4289 4021 4810
4021 4615 4810
4430 4615 4313
11889 12287 11749
12281 12287 11889
12281 12655 12287
12649 4227 4233
5741 5401 5879
10739 11137 11139
11137 4039 11139
6853 6728 4224
7207 6853 4224
7213 6853 7207
7207 7551 7213
7207 7547 7551
7547 7903 7551
7547 7897 7903
13728 13997 3914
9776 9623 9434
9776 9981 9623
9102 9285 4043
4307 9102 4043
9434 4307 4043
9623 4307 9434
9102 8953 9285
8764 8953 9102
8621 8619 8953
8621 8953 8764
4306 8621 8764
8088 4042 8619
8619 8621 4305
10144 10357 9981
8088 8619 4305
10144 9981 9776
10542 10357 10144
9780 9981 10148
4546 1184 4544
4222 1184 4228
4228 1184 1188
5854 5745 4229
4223 5745 5854
4547 4223 5854
4545 4223 4547
6728 6853 4230
9780 9623 9981
9436 9623 9780
9623 9436 4307
8621 4306 8424
8621 8424 4305
7955 4304 7764
7764 7613 7955
7420 7613 7764
7613 7420 4303
4044 4302 4308
4044 4308 10745
10542 4044 10745
10542 10745 10357
11137 4033 4039
8090 8088 4305
7762 8090 7955
10741 10541 4038
4043 9285 9100
8953 8951 9285
9285 8951 9100
8951 4037 9100
8953 8619 8951
8951 8619 4036
8619 8422 4036
8422 8619 4042
4041 7265 7082
6726 7082 6730
6730 7082 4301
7082 7265 4301
6402 6726 6730
6402 6730 4299
6566 6402 4299
6402 6566 4035
4040 4034 4298
4040 4298 12878
13086 4040 12878
12878 4300 13086
10741 11139 10541
8088 8090 7762
11139 4302 10541
11139 10930 4302
8090 4304 7955
7762 7613 7418
7762 7955 7613
7086 7265 4041
4303 7086 4041
7418 4303 4041
7613 4303 7418
7265 7086 4301
4040 13086 12872
12506 12500 12872
12506 12872 13086
4300 12506 13086
12500 12506 12138
12500 12138 12134
12134 12138 11750
12134 11750 11746
11746 11750 11344
11746 11344 11342
11342 11344 10930
11342 10930 11139
4039 11342 11139
4302 4044 10541
5401 4283 5879
4019 5401 5395
4285 5401 4019
4003 6885 6724
6724 6537 6400
6724 6885 6537
6209 6207 6537
6537 6207 6400
6207 3997 6400
5871 6207 6209
5871 6209 5873
5871 4273 4267
12287 12661 12293
12287 12655 12661
12655 4233 12874
13037 12655 12874
12661 12655 13037
13246 13407 13037
13246 13037 12874
13626 13787 13407
13626 13407 13246
13787 13626 4234
14163 13787 4234
14167 13787 14163
4268 12505 12683
5873 4273 5871
4004 4268 12683
12505 4274 12683
4278 4008 4272
4272 4008 2802
4008 2736 2802
4277 1080 4007
4277 1082 1080
4271 1080 1082
4001 1080 4271
4000 172 16
10928 11095 4238
4239 11095 10928
12293 4240 4232
12293 4232 12287
15180 15178 16
15180 16 172
4270 15180 172
15180 4006 15178
15180 4276 4006
3999 4005 4269
4269 4005 13247
4005 13425 13247
4275 13247 13425
3998 4268 4004
4002 2802 2736
2802 4002 2735
3996 4272 2735
4237 4243 4389
4237 4619 4746
4549 4746 4619
5405 5518 4550
4551 5518 5405
11099 4244 4238
11099 4238 11095
3998 12498 12678
3997 6207 6084
5871 5869 6207
6207 5869 6084
5869 3991 6084
5531 5869 5871
5531 5871 4267
5400 5531 4267
5531 5400 4261
4260 4266 3990
3990 4266 3996
3995 957 816
556 816 560
560 816 4265
4619 4237 4389
4266 4272 3996
4262 3998 12678
3992 12678 12498
4272 2802 2735
4001 4271 3995
3995 4271 957
4271 818 957
957 818 4265
306 3994 4264
14163 4235 14402
14561 14163 14402
14167 14163 14561
4241 14561 14402
4236 4552 4242
4548 4552 4236
4553 4317 4389
4317 4619 4389
302 3994 306
306 20 302
302 20 4000
20 172 4000
20 4270 172
4269 4263 3993
4269 3993 3999
4268 3998 4262
5873 5746 4273
5746 5873 6088
6088 5873 6209
7551 7085 7213
7903 7763 7419
6541 6889 6543
6543 6889 4017
6889 6725 4017
6213 6541 6543
6213 6543 6215
5877 6213 6215
5877 6215 5879
5877 4283 4281
5879 4283 5877
4014 1758 1628
1628 1758 4013
4016 14998 15004
4012 14998 4016
4282 14998 4280
7903 7419 7551
8233 8089 7763
8233 7763 7903
8233 4231 8089
4282 15004 14998
7551 7419 7085
13061 4011 12871
7213 6729 6853
6853 6729 4230
4016 15004 14808
4018 14808 14598
14808 15004 14598
4548 4228 1188
4548 4236 4228
4746 4617 4237
4549 5019 4746
15004 14404 14598
5019 4617 4746
5019 5015 4617
5518 5399 4550
5399 5019 4550
5399 5015 5019
5751 5854 4229
5751 4229 5399
4551 5751 5399
5518 4551 5399
4547 5854 5751
15004 4282 14404
14404 4284 14598
6889 4015 6725
7213 7085 6729
13061 12871 4010
7239 4009 7081
6887 7239 6889
14998 4012 14810
14810 4280 14998
13425 4005 13243
13243 4011 13061
13425 13243 13061
12877 13425 13061
4275 13425 12877
12499 12683 4010
12683 4274 4010
4274 13061 4010
4274 12877 13061
12683 12499 4004
4009 7239 7080
6887 6885 7239
7239 6885 7080
6885 4003 7080
6537 6885 6887
6537 6887 6539
6209 6537 6539
6209 6539 4279
6088 6209 4279
4012 4276 14810
4012 4006 4276
4007 1350 4277
4277 1350 1354
6889 7239 4015
7239 7081 4015
6539 6887 6889
6539 6889 6541
6539 6541 6213
6539 6213 6089
4279 6539 6089
6213 5747 6089
5877 5747 6213
4281 5747 5877
10148 9981 10357
2458 4008 4278
2454 2458 2196
2454 2196 2192
2192 2196 1918
2192 1918 1914
1918 1632 1914
1914 1632 4014
1632 1758 4014
1354 1350 1632
1632 1350 1758
1350 4013 1758
2454 4008 2458
11095 4239 4245
10148 10357 10544
10745 4308 10544
4503 10150 10268
4499 4191 4193
4499 4193 10268
10150 4499 10268
1919 4502 1987
4525 676 4531
2456 2531 4210
2456 4206 2531
4206 4532 2531
4206 4526 4532
4533 4207 4211
4533 4527 4207
7195 7083 4208
4528 7421 7541
4528 7541 4212
7195 4528 4212
7083 7195 4212
1629 1633 1919
1629 1919 1987
4192 1629 1987
1633 1629 1355
12880 4504 13000
1355 1629 1351
13364 4500 12880
13368 13364 13000
308 660 562
308 400 660
308 4506 400
4501 14128 14005
13746 13750 14128
14128 13750 14005
13750 4505 14005
13746 13364 13750
7087 4528 7195
4209 10288 4205
4205 10288 10282
4523 10282 10288
4523 10288 4529
23 132 4524
132 23 309
132 309 412
412 309 4530
676 412 4530
672 412 676
4525 672 676
13750 13364 13368
13000 13364 12880
6727 6731 7087
1351 4498 1355
7421 4534 7541
2460 2198 2194
2531 4532 2460
4211 5398 4533
4533 5398 5404
4537 5404 5398
4537 5398 4215
7084 7203 4216
7203 7084 4212
7541 7203 4212
7543 7203 7541
7765 7893 4534
7893 7541 4534
7893 7543 7541
7765 4538 7893
9918 4213 9783
13250 4500 13364
4499 9778 4191
4499 9782 9778
4495 9778 9782
4189 9778 4495
4494 4498 4190
2460 2194 4210
1351 4190 4498
2531 2460 4210
13742 4496 13250
9918 9779 4213
10151 10288 4209
10151 4209 9779
4535 10151 9779
9918 4535 9779
4497 14522 14407
14124 14128 14522
14522 14128 14407
4529 10288 10151
563 676 4530
4531 676 563
1634 4536 1730
1634 1730 4214
1916 1634 4214
1920 1634 1916
2194 1920 1916
14128 4501 14407
14124 13742 14128
14128 13742 13746
13746 13742 13364
13364 13742 13250
2194 2198 1920
4494 4190 1081
6727 7087 7195
6727 4522 6731
13372 13004 13376
13376 13004 13008
4516 13004 4510
4516 13008 13004
4515 4509 4195
4515 4195 4199
2737 4514 2791
2455 2459 2737
2455 2737 2791
4198 2455 2791
2455 2193 2459
2459 2193 4508
2193 2267 4508
2267 2193 4194
4513 820 910
660 558 4197
4507 660 4197
910 4507 4197
820 4507 910
304 660 400
558 660 304
13376 4517 13631
4196 304 124
13754 13376 13631
4511 13754 13631
10282 10147 4205
6403 4522 4204
6405 4522 6403
6405 6403 6091
6091 6403 6087
5749 6091 6087
5749 6087 4203
5837 5749 4203
4521 5749 5837
2793 4514 4520
2791 4514 2793
2793 4198 2791
2793 4202 4198
4513 910 821
4197 4201 4519
4197 4519 821
910 4197 821
4196 124 18
4518 4200 4512
4512 4200 124
4200 18 124
13372 13376 13754
4208 6727 7195
304 400 124
400 4506 22
4525 4201 672
4519 4201 4525
4202 2793 2738
4526 4202 2738
4206 4202 4526
2793 4520 2738
4527 5403 4207
10146 10268 4193
2197 4508 2267
1915 1987 4194
1987 4502 4194
4502 2267 4194
4502 2197 2267
1987 1915 4192
4507 562 660
4207 5403 5397
5403 4521 5837
5743 5403 5837
5397 5403 5743
5837 4203 5743
6727 4204 4522
4201 559 672
400 22 124
412 559 305
4503 10268 10146
22 4512 124
4505 13754 4511
4515 4199 4523
12881 13008 4516
13008 12881 13251
13008 13251 13376
4517 13376 13251
4524 132 19
4200 4524 19
4518 4524 4200
412 305 132
132 305 19
4505 13750 13754
13750 13368 13754
13754 13368 13372
13368 13000 13372
13372 13000 13004
4510 13000 4504
4510 13004 13000
4509 4503 4195
4195 4503 10146
672 559 412
1163 4494 1081
1163 1081 4188
4493 14932 14813
12873 12501 12507
12873 12507 4484
12982 12873 4484
12507 12501 12139
12139 12501 12135
4179 12139 12135
4483 12139 4179
11448 4178 11343
4478 4482 4174
4174 4482 11343
4482 11448 11343
4477 10254 10149
4173 4177 4481
4173 4481 10149
10254 4173 10149
4476 4480 4176
8563 8425 4225
8425 8763 4225
8425 8765 8763
8765 9101 8763
9103 9101 8765
13352 13245 12982
4221 9101 9103
12982 13245 12873
14112 14001 4181
11747 4178 11448
11345 11448 4482
4177 9781 4481
4177 9777 9781
4183 9781 9777
4487 9781 4183
817 4486 4182
819 4486 817
817 4480 819
817 4176 4480
107 4175 17
107 15179 15287
107 17 15179
15287 14809 14921
15287 15179 14809
14399 14405 14809
14809 14405 14921
14405 4479 14921
14405 14399 14001
14405 14001 14112
4485 14405 14112
13352 4180 13245
11345 11747 11448
4221 9103 4543
4476 4176 557
12502 12649 12281
12502 12281 12136
4227 12649 12502
4546 1188 1184
303 4171 105
383 303 105
21 383 105
4473 383 21
105 15285 15283
105 15283 4472
21 105 4472
14917 15283 15285
14917 15285 14919
14917 4475 4471
14919 4475 14917
307 4474 383
4473 307 383
15181 4472 15283
15283 14811 15181
14917 14811 15283
4471 14811 14917
12136 11889 11748
11748 11889 4226
12136 12281 11889
4474 643 4172
643 4476 557
643 557 4172
105 4175 107
105 4171 4175
15285 105 107
15285 107 15287
14919 15285 15287
14919 15287 14921
14919 4479 4475
14921 4479 14919
10927 4478 4174
10931 4478 10927
10931 10927 10545
10545 10927 10543
10545 10543 10145
10545 10145 10254
4477 10545 10254
10254 10145 4173
561 4476 643
303 383 4172
383 4474 4172
4474 561 643
11751 11747 11345
4179 11747 11751
4179 11751 4483
4495 4491 4185
4495 4185 4189
1163 4490 4494
4219 5845 5744
7205 4220 4216
7205 4216 7203
7203 7545 7205
7203 7543 7545
7543 7895 7545
7543 7893 7895
7893 4538 7895
7895 4538 4542
4543 9437 4221
4221 9437 9435
4217 9435 9437
1159 4490 1163
1163 4184 1159
1163 4188 4184
4489 14932 4493
4489 14928 14932
4217 9437 4539
13630 4496 13742
4544 1184 1182
14120 4492 13630
14124 14120 13742
14522 4497 14401
4497 14813 14401
4213 4539 9783
4213 4217 4539
4535 9918 9783
1084 4540 1182
1084 1182 1460
1084 1460 1356
14813 4187 14401
14813 14932 4187
14120 14124 14522
14120 14522 14401
4186 14120 14401
1730 4536 1356
1730 1356 1460
1630 1730 1460
4218 1630 1460
4214 1730 1630
5845 4541 5744
4541 4215 5744
4541 4537 4215
13742 14120 13630
4544 1182 4540
1352 1460 4222
1460 1184 4222
14514 14406 4485
4181 13625 14112
14116 14112 4488
14112 13625 4488
13625 13629 4488
7207 4220 7205
7205 7547 7207
7205 7545 7547
7545 7897 7547
7545 7895 7897
8091 8225 4542
8225 7895 4542
8225 7897 7895
8225 8091 8563
8563 8091 8425
13629 13625 13249
13249 13625 13352
13625 4180 13352
12982 13249 13352
12982 12879 13249
12879 12982 4484
14112 14514 4485
14116 14514 14112
14406 14514 14928
14406 14928 14812
1460 1182 1184
4218 1460 1352
5845 5750 4541
4545 5750 5845
4219 4545 5845
14932 14928 14514
14932 14514 14400
4187 14932 14400
14514 14116 14120
14514 14120 4186
10544 10357 10745
4223 4545 4219
14400 14514 4186
4492 14116 4488
4492 14120 14116
4491 4487 4183
4491 4183 4185
1083 4490 1159
4182 4486 4184
4184 4486 1159
4486 1083 1159
4489 14812 14928
7207 4224 4220
11095 4245 11099
12293 12137 4240
12665 4246 12137
408 305 559
128 305 408
128 19 305
19 128 4200
10669 3931 10537
10143 10147 10537
10537 10147 10669
10147 4199 10669
3933 10147 10143
4205 10147 3933
6403 4204 6493
6493 6087 6403
6171 6087 6493
4203 6087 6171
4198 4202 3930
3930 4202 3932
4197 668 4201
4197 664 668
664 404 668
668 404 408
408 404 128
408 559 668
128 404 18
4201 668 559
2452 3932 2527
3934 2527 2456
4205 3933 4209
4209 3933 9908
3933 9775 9908
9908 9775 3937
6727 4208 6839
6399 6493 3936
6493 4204 3936
4204 6839 3936
4204 6727 6839
6493 6081 6171
6493 6399 6081
6081 3935 5839
6171 6081 5839
5743 6171 5839
4203 6171 5743
5839 5397 5743
5495 5397 5839
4207 5397 5495
3932 4202 4206
3932 4206 2527
2452 2527 3934
4210 3934 2456
404 4196 18
10665 3931 10669
5533 4273 5535
10142 10536 10146
10146 10536 4195
10536 10665 4195
4193 10142 10146
3927 10142 4193
2266 3928 2189
1986 1915 3926
1915 4194 3926
4194 2189 3926
4194 2266 2189
1915 1986 4192
4193 4191 3925
4193 3925 3927
12681 12505 4268
4568 12883 13057
4568 13057 4274
12681 4568 4274
12505 12681 4274
13057 12883 4275
12883 13247 4275
5533 4267 4273
18 4200 128
5165 5533 5535
4777 5165 5167
10665 3929 3931
10665 4199 4195
10669 4199 10665
2451 4198 3930
2455 4198 2451
2455 2451 2193
2193 2451 2266
2451 3928 2266
2193 2266 4194
4197 558 664
304 664 558
304 404 664
304 4196 404
4125 4046 4567
4046 4125 4318
4318 4125 4411
4318 4411 4573
4411 4783 4573
4411 4777 4783
3929 10665 10536
4777 5167 4783
5165 5535 5167
12883 13253 13247
3938 3934 4210
5499 4211 5495
12132 12277 11885
11744 11885 3950
4217 9566 9435
9236 4221 9099
4221 9435 9099
9435 3945 9099
9435 9566 3945
9236 9099 3949
6847 4216 4220
818 564 709
818 822 564
818 4271 1208
1086 818 1208
822 818 1086
4571 1086 1208
4266 4572 4272
4566 4572 4266
6845 4216 6847
6847 3944 6845
6847 3948 3944
6179 3943 6083
12132 11885 11744
5843 4219 5744
3951 12277 12132
1732 4218 1352
4225 8763 3955
6849 4220 4224
6847 4220 6849
6849 3948 6847
4569 4263 4269
4569 4563 4263
24 4570 4270
24 4270 20
4564 24 444
24 306 444
24 20 306
444 306 4264
564 4565 709
4265 818 709
6849 3954 3948
4223 4219 3947
4223 3947 3953
3952 1732 1734
3946 1732 3952
1734 1732 1462
1462 1732 1352
1352 4222 1462
2527 4206 2456
5843 6179 6083
3947 4219 6083
2190 2194 1916
2190 1916 1912
1916 3942 1912
1916 4214 3942
4209 9908 9779
9558 4213 9433
4213 9779 9433
9779 3937 9433
9779 9908 3937
9558 9433 3941
7083 4212 7201
7201 6841 6839
7201 6839 4208
7083 7201 4208
6841 3936 6839
6841 3940 3936
5839 3939 5841
5839 3935 3939
5495 5839 5841
5495 5841 5499
5495 4211 4207
2190 3938 2194
4219 5843 6083
2194 3938 4210
5398 5499 4215
5843 5744 4215
3946 3942 4214
3946 4214 1630
1732 3946 1630
1630 4218 1732
4213 9566 4217
4213 9558 9566
3941 9566 9558
3945 9566 3941
7201 4212 7084
6845 6841 7201
6845 7201 7084
4216 6845 7084
6845 3940 6841
6845 3944 3940
3943 6179 6082
5843 5841 6179
6179 5841 6082
5841 3939 6082
5499 5841 5843
5499 5843 4215
5499 5398 4211
4269 13247 13253
4269 13253 4569
15182 4574 4276
4587 4287 4289
4589 5020 5184
4288 4590 4290
4588 4590 4288
4291 5188 4289
4289 5188 5184
4589 5184 5188
15291 14807 14925
15291 15177 14807
14925 14395 14511
14925 14807 14395
14511 14395 3918
4181 13732 13625
13625 13732 4180
12235 3917 12131
11743 11747 12131
12131 11747 12235
11747 4179 12235
11743 11339 11747
11747 11339 4178
11339 11447 4178
4587 4289 5184
4589 5188 4591
5020 4587 5184
109 15 15177
5017 4287 5175
897 4184 815
897 815 3920
4187 14400 14518
4287 4585 5175
4287 4587 4585
5175 4285 5017
4286 4588 4288
14400 4186 14518
4185 4183 3919
4185 3919 3921
897 4182 4184
895 4182 897
895 897 647
647 897 555
897 3920 555
647 301 389
647 555 301
389 15 109
389 301 15
109 15177 15291
4586 4588 4286
4584 4586 4284
14004 14209 4292
4290 4592 14209
15291 15179 109
15291 14809 15179
14925 14809 15291
4293 5196 5192
4593 5192 5196
4593 5196 4595
13632 4596 4296
13632 4296 13628
14211 14006 4294
14006 13628 4294
14006 13632 13628
14211 4594 14006
5018 5196 4295
14925 14399 14809
14511 14399 14925
5196 5018 4595
5018 5406 4595
5018 5402 5406
5748 5895 4597
13997 14001 14399
13997 14399 14511
109 15179 17
14004 4290 14209
4175 387 17
387 389 109
4290 4590 4592
4293 5192 4291
11447 11339 3916
3915 9777 4177
3915 9773 9777
3919 9777 9773
4183 9777 3919
817 4182 895
895 647 645
895 645 4176
4291 5192 5188
4591 5188 5192
4591 5192 4593
14211 4294 4292
14211 4292 14209
14209 4592 14211
14211 4592 4594
4295 5196 4293
817 895 4176
387 645 647
387 647 389
387 109 17
4284 4586 4286
5541 4283 5401
5173 5541 5175
1442 1351 1629
1351 1442 4190
4191 9774 3925
4191 9778 9774
4189 9774 9778
3923 9774 4189
5537 5535 5875
6088 6211 5875
6088 5875 5746
4279 6211 6088
13057 12877 4274
13057 4275 12877
14814 4578 4280
14814 4280 14810
14810 4276 14814
14814 4276 4574
1354 1486 4277
1486 1354 4575
1354 1636 4575
1354 1632 1636
1918 2025 4579
5875 5535 5746
1636 1918 4579
5535 4273 5746
5167 5537 5169
15182 4276 15180
15180 4270 15182
15182 4270 4570
1082 1208 4271
1358 4571 1486
1486 4571 4277
4571 1208 4277
1208 1082 4277
4575 1358 1486
4272 4576 4278
4572 4576 4272
4783 4620 4573
4620 4783 4577
1986 3926 1911
1716 1629 3924
1629 4192 3924
4192 1911 3924
4192 1986 1911
1442 1629 1716
4783 5169 4577
4783 5167 5169
5167 5535 5537
1716 3924 1625
1442 1625 1347
1716 1625 1442
5171 4583 4581
5171 5541 5173
5171 5539 5541
5539 4281 4283
5539 4283 5541
14408 4584 4284
1079 4188 1081
1079 3922 4188
4187 14518 14401
14401 14518 4186
4189 4185 3921
4189 3921 3923
4184 4188 3922
4184 3922 815
14408 4284 14404
14404 4282 14408
14408 4282 4582
5175 4585 5173
5173 4585 4583
5541 5401 4285
5175 5541 4285
5173 4583 5171
2025 4580 1922
2025 1922 4579
4578 4582 4280
1347 1079 1081
1347 1081 4190
1442 1347 4190
1632 1918 1636
2200 4580 2025
1918 2200 2025
2196 2200 1918
2458 2200 2196
2458 2462 2200
2458 4278 2462
3955 8763 8761
2462 4278 4576
5169 4581 4577
5169 5539 5171
5169 5537 5539
5875 5747 4281
5539 5875 4281
5537 5875 5539
6211 6089 5747
6211 5747 5875
6211 4279 6089
4280 4582 4282
5171 4581 5169
9101 9236 3949
8761 9101 3949
8763 9101 8761
4111 4257 4117
4771 4399 4614
4399 3983 4614
4399 4257 4253
4403 4257 4399
2457 4256 2539
13047 12875 4254
13419 4258 12875
13047 13419 12875
13417 13419 13047
13797 13627 4259
13419 13797 4259
13417 13797 13419
13797 4255 13627
2461 2540 4558
2461 4560 2540
4560 4256 2540
4560 4260 4256
3863 3810 4559
4111 4253 4257
3810 3863 4561
3857 4111 4117
3857 4559 4557
3985 13623 13627
3989 13627 13623
4259 13627 3989
12875 4258 13049
3984 4254 3988
3988 4254 13049
4254 12875 13049
3987 5161 5012
1921 1917 1635
1921 2195 1917
2199 2195 1921
2540 2457 4558
2457 2199 4558
5012 4771 4614
5012 5161 4771
4403 4399 4771
2457 2195 2199
2540 4256 2457
3863 4559 3857
3857 4117 3863
3863 4121 4561
3863 4117 4121
4117 4257 4316
4250 4254 3984
4250 3984 12497
12671 4250 12497
12671 12497 3980
11103 3979 10925
4199 10147 10282
11103 10925 10539
10709 10539 3978
4393 3983 4399
4393 3977 3983
4393 4253 4249
4399 4253 4393
1349 4252 3982
1353 4252 1349
1349 4248 1353
1349 3976 4248
4251 4247 3975
4251 3975 3981
12503 4250 12671
4255 14003 3985
3985 14003 13999
14003 14397 13999
14403 14397 14003
4407 4117 4316
2191 2195 2457
2191 2457 2539
3986 2191 2539
2195 2191 1917
1917 2191 1913
1917 1913 1631
4121 4117 4407
4618 4773 4407
3985 13627 4255
4618 4407 4316
1631 1913 1627
1627 4252 1631
5016 4773 4618
4261 5163 5016
1627 3982 4252
3981 14403 4251
3981 14397 14403
12504 12679 4262
12882 4562 12679
5016 5163 4773
12133 12301 3980
2539 2453 3986
1635 1631 1357
4552 4554 4242
4555 4045 4109
4553 4389 4045
4045 4389 4109
4389 4315 4109
4315 4249 4109
4389 4243 4315
11099 10929 4244
11099 4245 10929
12665 12503 4246
13045 4250 12503
12665 13045 12503
13041 13045 12665
13041 13415 13045
13041 13411 13415
13411 13795 13415
13411 13791 13795
13791 14175 13795
13791 14171 14175
4242 4554 4248
14171 14569 14175
14561 4247 14565
14167 14561 14565
12293 12665 12137
12661 12665 12293
12661 13041 12665
12661 13037 13041
816 957 4265
560 3994 556
560 4264 3994
13037 13411 13041
13037 13407 13411
13407 13791 13411
13407 13787 13791
13787 14171 13791
13787 14167 14171
4263 4259 3989
4263 3989 3993
13049 4258 12876
12876 3988 13049
3992 3988 12678
14167 14565 14171
14561 4241 4247
14171 14565 14569
3988 12876 12678
12876 12504 12678
4618 4771 5016
4618 4403 4771
4316 4403 4618
4403 4316 4257
4256 4260 3990
4256 3990 2453
13045 13415 13417
13415 13797 13417
13415 13795 13797
14175 14003 4255
13797 14175 4255
13795 14175 13797
14569 14403 14003
2539 4256 2453
14569 14003 14175
14569 4251 14403
1357 1474 4556
1631 4252 1474
1357 1631 1474
5016 4771 5161
13045 13417 13047
13047 4250 13045
13047 4254 4250
12504 4262 12678
3991 5869 5740
5740 5531 5394
14565 4247 4251
14565 4251 14569
4556 1474 1353
4248 4556 1353
5740 5869 5531
5016 5161 3987
1635 1917 1631
4261 5016 3987
5531 4261 5394
4554 4556 4248
1474 4252 1353
4557 3809 3857
4555 4109 3809
4109 3857 3809
4109 4111 3857
4109 4249 4253
4109 4253 4111
5394 4261 3987
12504 12882 12679
11103 10539 10709
13419 13252 4258
13998 14002 13622
13622 14002 13783
14002 4234 13783
13622 13403 13242
13622 13783 13403
13242 13033 12870
13242 13403 13033
4233 4227 3957
4233 3957 12870
14396 14557 4235
13033 4233 12870
11895 11499 11493
11895 11493 4226
11749 11895 4226
11499 11087 11493
11493 11087 3956
11087 10924 3956
10924 10695 10538
10924 11087 10695
10538 10695 3962
11749 4232 11895
3955 3961 4225
14002 14396 4235
3963 14557 14396
7557 7085 7419
12876 12882 12504
7219 7085 7557
6723 6729 7085
6723 7085 7219
3966 6723 7219
6723 4230 6729
6723 3960 4230
3959 5399 4229
13998 14396 14002
3959 5393 5399
5015 5393 5011
5015 5011 4617
4617 5011 4613
3965 4617 4613
4237 4617 3965
3964 1464 1466
3958 1464 3964
4236 1464 4228
4236 1466 1464
5399 5393 5015
4260 4566 4266
4560 4566 4260
4125 4567 4121
4773 5165 4777
4773 5163 5165
5163 4261 5400
5533 5163 5400
5165 5163 5533
4267 5533 5400
12681 4268 4262
12681 4262 12679
12679 4562 12681
12496 12502 12136
12681 4562 4568
3951 12496 12277
12136 11885 12277
11748 11885 12136
4226 11493 11340
11748 4226 11340
3950 11748 11340
11885 11748 3950
11340 11493 3956
4221 9236 9101
12496 12136 12277
4227 12502 12496
4227 12496 3957
4228 1464 1462
4121 4567 4561
4121 4411 4125
4121 4407 4411
4407 4777 4411
4407 4773 4777
4225 3961 8423
3961 8571 8423
4231 8423 8571
6849 4224 6728
3960 3954 4230
4230 3954 6728
3954 6849 6728
3953 5745 4223
3953 5739 5745
3959 5745 5739
4229 5745 3959
3952 1734 1626
1734 1462 1464
1734 1464 3958
1626 1734 3958
4228 1462 4222
7557 7419 3967
7419 7761 3967
4523 4199 10282
7763 8087 7761
4242 3976 1468
3976 1348 1468
4247 4241 3969
4247 3969 3975
12137 4246 12301
11745 11899 3974
11899 4240 3974
4240 12301 3974
4240 12137 12301
11505 11899 11509
11509 11899 3973
4248 3976 4242
11899 11745 3973
11509 4245 11505
10705 4238 4244
10701 4238 10705
560 310 444
4265 709 560
10705 3968 10701
10705 3972 3968
7557 3967 7417
7557 7079 7219
7557 7417 7079
7219 7079 3966
11505 4245 4239
3970 1468 1348
560 444 4264
310 560 4565
13252 12876 4258
13252 12882 12876
4563 13252 13419
12301 4246 3980
4246 12671 3980
4246 12503 12671
12301 12133 3974
11509 3973 11341
11341 3979 11103
11509 11341 11103
10929 11509 11103
4245 11509 10929
11103 10709 10705
11103 10705 4244
10929 11103 4244
10709 3972 10705
10709 3978 3972
3971 3977 4243
4243 3977 4315
3977 4393 4315
4249 4315 4393
4259 4563 13419
4263 4563 4259
310 4564 444
560 709 4565
7419 7763 7761
4243 3965 3971
4243 4237 3965
3964 1466 3970
13626 13403 13783
13246 13403 13626
13246 13033 13403
12874 13033 13246
13033 12874 4233
11899 4232 4240
10701 3968 3962
13783 4234 13626
10701 3962 10695
4238 10701 10928
10701 11087 10928
10701 10695 11087
11895 4232 11899
11499 11895 11899
11499 11899 11505
11087 11499 11505
3970 1466 1468
11087 11505 4239
8571 3961 8421
8421 8089 8571
4242 1466 4236
4242 1468 1466
8087 8089 8421
3963 4241 14557
4241 14402 14557
3969 4241 3963
8089 8087 7763
8089 4231 8571
14557 14402 4235
10928 11087 4239
