0.147293
0.254432
0.188547
0.180473
0.206762
0.110464
0.130040
0.143619
0.171712
0.071814
0.049343
0.100166
0.208676
0.298321
0.307266
0.343190
0.321922
0.295465
0.106437
0.178343
0.298172
0.156700
0.184917
0.155396
0.176105
0.178231
0.164882
0.347367
0.324245
0.300671
0.199672
0.173350
0.245557
0.259061
0.166968
0.126411
0.179378
0.347793
0.355720
0.408482
0.102352
0.255666
0.351235
0.148388
0.056135
0.184748
0.169125
0.269688
0.319606
0.315438
0.315836
0.318265
0.344898
0.367881
0.131992
0.391083
0.396229
0.339502
0.266605
0.195186
0.056452
0.219629
0.143901
0.305997
0.245706
0.295689
0.152129
0.233242
0.305011
0.337926
0.347466
0.309435
0.222820
0.284071
0.367216
0.154801
0.222989
0.246463
0.366906
0.303686
0.097085
0.209045
0.202397
0.269311
0.271931
0.226059
0.348261
0.109484
0.168401
0.226806
0.201213
0.308098
0.200768
0.257226
0.283586
0.214618
0.332687
0.373348
0.078087
0.234396
0.166864
0.159036
0.182223
0.296679
0.202966
0.102408
0.191064
0.134457
0.315373
0.122257
0.307632
0.164045
0.147680
0.174296
0.244904
0.125624
0.242074
0.229724
0.164899
0.216275
0.187241
0.234622
0.207854
0.311593
0.176112
0.113161
0.195291
0.231659
0.208332
0.186874
0.344879
0.153156
0.153146
0.059594
0.280463
0.205996
0.210274
0.240228
0.132088
0.096988
0.254993
0.369625
0.391540
0.301011
0.093343
0.127935
0.264027
0.071657
0.286276
0.266867
0.228614
0.236353
0.263743
0.248801
0.370076
0.372666
0.338295
0.305814
0.126265
0.210617
0.208945
0.298512
0.262923
0.277080
0.244437
0.242085
0.330144
0.331103
0.318470
0.333807
0.221470
0.222801
0.108056
0.136243
0.270580
0.352787
0.125160
0.166342
0.199529
0.242039
0.303077
0.347643
0.345962
0.295008
0.198191
0.160998
0.195168
0.171261
0.240044
0.279029
0.153101
0.222317
0.190317
0.139035
0.254932
0.205280
0.167609
0.303053
0.328235
0.139354
0.243322
0.075998
0.190204
0.214679
0.223153
0.152530
0.281205
0.294548
0.142580
0.119159
0.122860
0.221277
0.255970
0.365992
0.249925
0.221221
0.199018
0.161828
0.227425
0.220978
0.141859
0.153371
0.081096
0.117004
0.171240
0.345218
0.130094
0.160643
0.349694
0.103221
0.142054
0.167651
0.130676
0.326325
0.282842
0.216803
0.319430
0.182466
0.141710
0.269402
0.363811
0.089406
0.259148
0.400383
0.303897
0.309441
0.223547
0.190361
0.111749
0.226350
0.289929
0.154124
0.232012
0.184450
0.331206
0.222797
0.151319
0.089266
0.288485
0.217215
0.244332
0.353301
0.167223
0.164145
0.310632
0.388984
0.183623
0.212794
0.089541
0.136237
0.287904
0.334314
0.286990
0.219933
0.149681
0.252145
0.300589
0.090588
0.313617
0.373504
0.116789
0.174057
0.330136
0.099162
0.225102
0.193352
0.321508
0.309545
0.208780
0.218374
0.141484
0.075922
0.238676
0.330106
0.168983
0.271278
0.361484
0.166219
0.311922
0.116327
0.189505
0.214268
0.332948
0.350891
0.216095
0.203501
0.201686
0.172138
0.378068
0.378442
0.215329
0.248685
0.093517
0.158231
0.192885
0.365701
0.107449
0.212029
0.394249
0.089326
0.087059
0.160070
0.144695
0.366682
0.142177
0.263828
0.353170
0.173902
0.181389
0.119390
0.254272
0.367246
0.196586
0.196058
0.349764
0.284835
0.238415
0.090017
0.260435
0.375291
0.126509
0.270840
0.372180
0.189898
0.182689
0.325878
0.271231
0.334915
0.381000
0.213439
0.350296
0.168777
0.143243
0.145883
0.300989
0.344228
0.275098
0.392109
0.379524
0.324086
0.390308
0.360869
0.384855
0.339800
0.242120
0.239894
0.108018
0.120654
0.174349
0.340412
0.099818
0.239316
0.377509
0.066397
0.116621
0.244849
0.121418
0.280054
0.340735
0.170355
0.173472
0.241757
0.163339
0.251128
0.281135
0.170912
0.069449
0.201981
0.144896
0.302169
0.197362
0.327093
0.191267
0.151210
0.141883
0.327047
0.111731
0.221070
0.364236
0.140979
0.135743
0.256448
0.305222
0.067282
0.073183
0.114279
0.213607
0.314210
0.173225
0.163359
0.257410
0.335679
0.346735
0.323288
0.173904
0.172149
0.262796
0.312001
0.231784
0.186677
0.384144
0.406994
0.177368
0.173529
0.262340
0.309717
0.298535
0.314526
0.171501
0.117510
0.323432
0.382730
0.261688
0.260642
0.370215
0.240453
0.198229
0.147233
0.237690
0.056083
0.153447
0.234188
0.332369
0.065929
0.235294
0.245980
0.354775
0.403386
0.214682
0.199081
0.210897
0.264055
0.129242
0.192883
0.166593
0.219512
0.322539
0.386070
0.138592
0.205356
0.386457
0.146150
0.087604
0.050155
0.228557
0.215829
0.217383
0.214083
0.080723
0.152018
0.136375
0.287753
0.330859
0.386816
0.414114
0.262044
0.130781
0.166640
0.233568
0.207673
0.218277
0.224595
0.117371
0.221192
0.214342
0.168656
0.266200
0.413705
0.110209
0.189746
0.399566
0.075673
0.296147
0.238105
0.205792
0.193109
0.156857
0.167360
0.237318
0.390284
0.111590
0.151148
0.345421
0.123411
0.238338
0.214830
0.326524
0.196795
0.105633
0.130752
0.146091
0.132419
0.195761
0.325087
0.257354
0.366788
0.106935
0.284116
0.279272
0.098009
0.069429
0.188845
0.300263
0.310902
0.064333
0.165293
0.297410
0.309684
0.098512
0.211628
0.350352
0.139466
0.235428
0.123388
0.258757
0.189633
0.108002
0.125114
0.373252
0.272649
0.149777
0.071995
0.196078
0.235212
0.302010
0.194729
0.124969
0.088658
0.211800
0.318434
0.162886
0.228074
0.341774
0.130558
0.099681
0.233057
0.317325
0.153268
0.406172
0.213287
0.109703
0.089759
0.190715
0.171137
0.312347
0.345518
0.215055
0.335501
0.371491
0.265970
0.261964
0.299549
0.316717
0.119234
0.308782
0.330025
0.096242
0.154933
0.292475
0.060052
0.227087
0.194008
0.324057
0.311739
0.347264
0.369723
0.382697
0.327331
0.102589
0.245893
0.373665
0.048865
0.159712
0.227082
0.317450
0.324437
0.313559
0.313126
0.287971
0.394747
0.221910
0.256768
0.114305
0.098653
0.179048
0.274933
0.300168
0.293336
0.133409
0.211468
0.292963
0.151631
0.091865
0.133313
0.175152
0.099781
0.179543
0.241665
0.160991
0.121435
0.158375
0.109872
0.268125
0.312013
0.298153
0.339149
0.095933
0.189259
0.271931
0.093741
0.240304
0.176555
0.385482
0.304580
0.278134
0.278186
0.285562
0.291092
0.161963
0.106777
0.181036
0.156851
0.253100
0.363846
0.305987
0.363814
0.358603
0.284732
0.176119
0.143500
0.286923
0.057084
0.096780
0.143699
0.241897
0.327261
0.320375
0.345277
0.314954
0.315156
0.320512
0.364679
0.172307
0.202851
0.154081
0.121515
0.284682
0.293326
0.315812
0.314248
0.313058
0.313248
0.307145
0.341191
0.227730
0.181122
0.061499
0.092317
0.141981
0.263428
0.306556
0.328511
0.342850
0.291573
0.130073
0.232597
0.309324
0.140371
0.083655
0.135516
0.211810
0.212607
0.232616
0.146666
0.222733
0.126109
0.298041
0.380133
0.315994
0.364343
0.344325
0.323700
0.144756
0.230302
0.291844
0.130409
0.085433
0.166180
0.184612
0.397912
0.107217
0.131094
0.368203
0.055906
0.148184
0.201722
0.235951
0.285172
0.172320
0.254419
0.089473
0.219729
0.184892
0.149885
0.302817
0.345484
0.142633
0.169216
0.137950
0.274749
0.156890
0.264423
0.278969
0.096935
0.152484
0.136358
0.323888
0.278769
0.152375
0.097489
0.174118
0.146636
0.164793
0.315092
0.179466
0.119168
0.208322
0.379596
0.193563
0.155389
0.328461
0.159728
0.345844
0.223046
0.198619
0.182142
0.184706
0.207819
0.242359
0.273833
0.336585
0.324273
0.165672
0.164504
0.177258
0.201907
0.311797
0.262371
0.245102
0.309454
0.197475
0.241239
0.139584
0.092127
0.239780
0.329178
0.173069
0.102884
0.277564
0.362918
0.255368
0.245957
0.389508
0.329568
0.124918
0.199827
0.310489
0.362770
0.134754
0.281031
0.401815
0.205082
0.349437
0.420964
0.102606
0.213361
0.202990
0.132130
0.266668
0.413405
0.136966
0.257631
0.367848
0.178375
0.293920
0.307042
0.169915
0.264992
0.324211
0.350540
0.215345
0.203301
0.332699
0.299558
0.136137
0.122349
0.224345
0.348843
0.246717
0.327878
0.123981
0.168043
0.243782
0.338245
0.122395
0.122454
0.276386
0.423879
0.126210
0.088388
0.083452
0.235949
0.173659
0.235808
0.269174
0.123351
0.302531
0.244108
0.149489
0.239924
0.291952
0.177559
0.279056
0.298483
0.200031
0.278224
0.268365
0.300267
0.081242
0.268221
0.202427
0.304578
0.100807
0.201009
0.088682
0.109711
0.291373
0.327348
0.124973
0.077815
0.255002
0.137835
0.218432
0.254803
0.225744
0.141221
0.345128
0.196714
0.127834
0.093498
0.163560
0.189517
0.211726
0.248074
0.156888
0.161053
0.221743
0.249174
0.204092
0.241287
0.182729
0.232915
0.252530
0.248512
0.254225
0.201977
0.173950
0.299944
0.143169
0.242723
0.309370
0.122893
0.095303
0.190117
0.156901
0.162803
0.197619
0.112638
0.140122
0.204962
0.141023
0.093536
0.113522
0.219107
0.264406
0.082578
0.263081
0.323925
0.397141
0.356798
0.222387
0.278200
0.369634
0.222821
0.087713
0.046055
0.240918
0.150872
0.344126
0.364798
0.168914
0.119866
0.345958
0.202668
0.183296
0.100356
0.203928
0.395064
0.361824
0.270479
0.139466
0.275573
0.100098
0.184378
0.208409
0.341078
0.103367
0.194770
0.356728
0.054599
0.075876
0.201391
0.177349
0.346512
0.263837
0.314592
0.265900
0.160101
0.350552
0.376766
0.171249
0.215561
0.264835
0.312446
0.375265
0.280052
0.142025
0.154809
0.230839
0.331451
0.139741
0.140587
0.341437
0.104526
0.188071
0.107071
0.304341
0.363908
0.102726
0.302310
0.352311
0.114337
0.302638
0.188846
0.084180
0.261501
0.364601
0.078106
0.208177
0.270671
0.351492
0.315011
0.328976
0.335368
0.163749
0.194575
0.371784
0.221690
0.205324
0.166016
0.095997
0.054928
0.303608
0.292138
0.233481
0.293657
0.188292
0.217853
0.373130
0.329403
0.357173
0.361284
0.355210
0.368279
0.368163
0.340378
0.296789
0.229870
0.125747
0.193992
0.234075
0.310344
0.159413
0.253231
0.335027
0.146528
0.093362
0.118432
0.206758
0.345425
0.329810
0.352575
0.357366
0.358208
0.350651
0.353643
0.347540
0.348008
0.334280
0.319301
0.240059
0.239447
0.109480
0.130371
0.247738
0.329364
0.122712
0.281150
0.387292
0.200730
0.248890
0.236437
0.192882
0.210740
0.201963
0.389139
0.347053
0.315139
0.324987
0.308481
0.344829
0.339843
0.332987
0.338412
0.336773
0.322753
0.298774
0.315094
0.231518
0.153297
0.142420
0.193749
0.318234
0.242903
0.200571
0.333070
0.064767
0.304253
0.337878
0.299320
0.274638
0.267507
0.281072
0.314377
0.291806
0.284978
0.220845
0.221269
0.244958
0.242993
0.252432
0.226186
0.188984
0.099796
0.089027
0.092473
0.178315
0.224326
0.243895
0.127055
0.217567
0.098548
0.145855
0.120645
0.210428
0.352538
0.215986
0.144131
0.328461
0.242748
0.238476
0.244238
0.204461
0.235770
0.281679
0.353114
0.160524
0.167834
0.252816
0.084291
0.174648
0.152776
0.226041
0.295441
0.148119
0.125866
0.095824
0.175445
0.209697
0.309362
0.166960
0.207118
0.278745
0.128385
0.064607
0.237567
0.154819
0.169032
0.218073
0.217744
0.236388
0.144969
0.083651
0.164162
0.280510
0.196380
0.229615
0.202914
0.211112
0.118651
0.315553
0.142142
0.177153
0.212603
0.254723
0.174500
0.215958
0.250264
0.228824
0.295697
0.347674
0.324159
0.249964
0.211157
0.167735
0.203103
0.324144
0.312940
0.308740
0.311555
0.205376
0.209879
0.117936
0.181426
0.337978
0.219439
0.305110
0.348362
0.225783
0.228351
0.066979
0.150671
0.277938
0.324600
0.127885
0.069038
0.138036
0.295433
0.126923
0.258045
0.375125
0.148222
0.122558
0.257020
0.174266
0.221697
0.069291
0.110693
0.128857
0.322426
0.116619
0.220001
0.364727
0.068777
0.058877
0.100165
0.243483
0.343445
0.066629
0.197006
0.332564
0.289656
0.165716
0.072130
0.309072
0.333456
0.293777
0.331323
0.109349
0.159880
0.278916
0.345447
0.088933
0.217046
0.316210
0.119770
0.153266
0.163794
0.249780
0.172255
0.149101
0.150520
0.185753
0.350626
0.218930
0.145640
0.273529
0.222775
0.113444
0.244384
0.322186
0.149084
0.186242
0.220382
0.157674
0.237238
0.261602
0.284695
0.218452
0.263964
0.163685
0.120844
0.269250
0.321678
0.133690
0.212260
0.162176
0.142845
0.299383
0.343513
0.117356
0.174601
0.083545
0.178558
0.185395
0.365175
0.226971
0.257429
0.226785
0.162311
0.238104
0.300154
0.153994
0.228771
0.242644
0.266836
0.237750
0.103100
0.251042
0.358678
0.150101
0.159456
0.313096
0.136044
0.189063
0.257772
0.210848
0.304621
0.297273
0.181301
0.295667
0.086109
0.083522
0.158243
0.190888
0.106793
0.124083
0.268778
0.318996
0.103610
0.271926
0.361752
0.103300
0.264160
0.296296
0.232071
0.186904
0.207057
0.174344
0.250895
0.170892
0.111152
0.172100
0.116040
0.235265
0.338591
0.147025
0.156984
0.298538
0.057388
0.119936
0.213829
0.186002
0.140460
0.415837
0.268812
0.110640
0.070576
0.172083
0.148325
0.290036
0.390745
0.210695
0.202008
0.293026
0.347108
0.156477
0.133930
0.347917
0.143691
0.113248
0.090287
0.114198
0.157820
0.269641
0.357640
0.103339
0.215522
0.336328
0.103340
0.196864
0.243924
0.353833
0.359323
0.375016
0.282169
0.193355
0.214203
0.182181
0.143754
0.306753
0.356904
0.209513
0.197370
0.131617
0.178890
0.318286
0.352676
0.357814
0.390315
0.072614
0.231358
0.353311
0.046574
0.212411
0.172977
0.141098
0.251515
0.307547
0.103582
0.083931
0.113292
0.163140
0.293165
0.305972
0.351235
0.392919
0.370693
0.125076
0.097190
0.355979
0.097725
0.274564
0.238210
0.239324
0.250924
0.110060
0.208346
0.200720
0.248504
0.245036
0.152836
0.306890
0.362588
0.242097
0.271146
0.244158
0.245974
0.233516
0.242989
0.192378
0.306449
0.099515
0.292238
0.354021
0.149728
0.169568
0.281378
0.266719
0.217385
0.191215
0.190953
0.349139
0.362627
0.207699
0.208978
0.121367
0.127106
0.198229
0.264763
0.155944
0.121062
0.225171
0.198424
0.397448
0.372429
0.139747
0.209456
0.341596
0.199360
0.165302
0.091716
0.126606
0.213720
0.279216
0.276407
0.117795
0.154160
0.202527
0.106085
0.070863
0.203069
0.137262
0.148247
0.170841
0.169517
0.153511
0.225330
0.185901
0.184222
0.213619
0.171778
0.182365
0.226611
0.185281
0.159891
0.239066
0.332330
0.332134
0.374753
0.389372
0.331197
0.141119
0.221806
0.298670
0.113084
0.156005
0.233980
0.255495
0.110839
0.267719
0.323637
0.159552
0.342860
0.282441
0.103395
0.307589
0.370916
0.359840
0.366282
0.340711
0.336736
0.336761
0.324936
0.326056
0.312491
0.311411
0.316216
0.318358
0.356888
0.365858
0.303727
0.318520
0.322486
0.355546
0.375522
0.265708
0.255047
0.093173
0.103594
0.135132
0.170411
0.233538
0.202047
0.122645
0.348245
0.359019
0.349616
0.358867
0.352052
0.350533
0.350375
0.347865
0.347706
0.348166
0.347598
0.351705
0.351345
0.346566
0.352845
0.266019
0.266653
0.049954
0.084516
0.230637
0.366156
0.389373
0.359286
0.352356
0.351563
0.349224
0.348528
0.348821
0.348815
0.355683
0.354100
0.341313
0.349799
0.262065
0.222204
0.226683
0.262716
0.304641
0.368978
0.364740
0.356708
0.356393
0.350441
0.349502
0.348447
0.353370
0.354932
0.329445
0.336122
0.206212
0.205756
0.085121
0.132744
0.198841
0.299113
0.352499
0.358725
0.357781
0.352389
0.349002
0.348293
0.316745
0.317992
0.310082
0.351844
0.224587
0.169681
0.078371
0.109223
0.201268
0.358275
0.343603
0.363537
0.321865
0.319170
0.353766
0.329146
0.139472
0.264589
0.351411
0.129749
0.126006
0.151045
0.213401
0.288899
0.294472
0.298436
0.119032
0.245107
0.356253
0.186370
0.060260
0.114445
0.148382
0.082470
0.094796
0.301953
0.185581
0.300863
0.314588
0.205255
0.287499
0.185032
0.161670
0.183331
0.181253
0.354112
0.102465
0.257029
0.358878
0.240531
0.272588
0.262851
0.231582
0.176874
0.181941
0.241995
0.193709
0.188718
0.103855
0.177195
0.267990
0.386977
0.163209
0.156042
0.356754
0.092822
0.150591
0.257871
0.188156
0.213649
0.158298
0.172926
0.260193
0.081048
0.107676
0.151805
0.211789
0.336508
0.326438
0.372130
0.174223
0.169014
0.248477
0.268332
0.339692
0.273661
0.148918
0.207408
0.228827
0.218501
0.342820
0.286176
0.279016
0.294123
0.151280
0.155413
0.144095
0.185600
0.291560
0.329197
0.269612
0.320444
0.246270
0.250319
0.343776
0.329759
0.317292
0.312989
0.156138
0.199497
0.072535
0.094684
0.156416
0.254725
0.340745
0.292206
0.145908
0.235855
0.322655
0.346446
0.339309
0.318930
0.218748
0.215823
0.112888
0.172938
0.187167
0.295524
0.196175
0.245010
0.088515
0.122604
0.171441
0.320405
0.343327
0.337750
0.220195
0.208731
0.110689
0.117852
0.261445
0.319744
0.101802
0.122771
0.243783
0.341986
0.195689
0.154046
0.227745
0.147881
0.297596
0.126478
0.098951
0.147904
0.120644
0.271818
0.196414
0.075514
0.245925
0.274583
0.190094
0.203068
0.185323
0.126562
0.251722
0.317679
0.078206
0.226015
0.177992
0.238777
0.202060
0.130677
0.073076
0.112121
0.330780
0.389701
0.101433
0.118578
0.277453
0.166358
0.246340
0.220887
0.205217
0.336086
0.128023
0.173281
0.346661
0.088683
0.077920
0.160459
0.169119
0.217280
0.290380
0.163797
0.301845
0.299978
0.166648
0.143052
0.072089
0.198660
0.150479
0.357796
0.188028
0.188179
0.389795
0.247960
0.216888
0.229417
0.222683
0.127418
0.222230
0.275939
0.264325
0.325893
0.150270
0.163936
0.381950
0.085546
0.167545
0.214766
0.331708
0.402472
0.382773
0.350936
0.299796
0.341224
0.338329
0.338368
0.119606
0.255971
0.322608
0.068822
0.084714
0.134067
0.131228
0.270572
0.276315
0.324764
0.346086
0.311268
0.142243
0.257217
0.352247
0.180097
0.090921
0.177569
0.159665
0.167595
0.221729
0.125352
0.109755
0.203448
0.310047
0.224296
0.198614
0.340966
0.303411
0.311979
0.158971
0.281399
0.338993
0.278190
0.231287
0.107455
0.066620
0.184650
0.290634
0.146318
0.319188
0.360903
0.130821
0.178747
0.258303
0.104564
0.138690
0.216984
0.177960
0.230616
0.317342
0.239814
0.130244
0.249644
0.238984
0.239532
0.241309
0.231590
0.135484
0.108211
0.119136
0.128251
0.208542
0.326247
0.171804
0.189056
0.387859
0.132355
0.231626
0.111857
0.239752
0.302077
0.343109
0.358944
0.386511
0.331811
0.147276
0.241317
0.301245
0.142194
0.305396
0.148599
0.124404
0.202139
0.337290
0.079238
0.157380
0.209392
0.250785
0.127399
0.220407
0.380266
0.394759
0.347239
0.255109
0.251021
0.212242
0.167367
0.300661
0.233775
0.162753
0.124918
0.114525
0.181916
0.332684
0.424435
0.092484
0.259292
0.349596
0.114524
0.269718
0.296168
0.206547
0.297647
0.092178
0.108056
0.237805
0.318866
0.382754
0.364341
0.179179
0.224071
0.194272
0.204160
0.270865
0.276761
0.166647
0.174014
0.245442
0.420894
0.094216
0.240887
0.401852
0.074129
0.285178
0.195443
0.275384
0.248098
0.110756
0.239350
0.339646
0.399601
0.206376
0.153596
0.357781
0.266592
0.183040
0.139350
0.294245
0.324648
0.241569
0.236876
0.049260
0.204468
0.126834
0.336222
0.363794
0.367695
0.389875
0.351913
0.101014
0.195760
0.294211
0.101919
0.171337
0.303357
0.258187
0.203364
0.118070
0.194022
0.290080
0.374834
0.386378
0.360881
0.333802
0.295619
0.169366
0.177420
0.141285
0.250812
0.253796
0.226859
0.170962
0.179190
0.069107
0.153124
0.140173
0.151521
0.169403
0.399277
0.382936
0.332920
0.193013
0.218479
0.155201
0.238172
0.202440
0.241428
0.239178
0.175328
0.067241
0.097395
0.205717
0.272219
0.317728
0.410703
0.248688
0.189418
0.058433
0.112261
0.215234
0.259851
0.235336
0.239557
0.225629
0.273645
0.312557
0.128877
0.195042
0.067802
0.168667
0.164460
0.347670
0.243479
0.168890
0.271848
0.283984
0.150335
0.196275
0.249127
0.327515
0.347615
0.289614
0.270989
0.122332
0.272102
0.326018
0.393850
0.303624
0.228112
0.310867
0.155021
0.203369
0.190485
0.325289
0.345864
0.277909
0.211858
0.188649
0.179608
0.302661
0.315327
0.368535
0.314555
0.154941
0.276515
0.367969
0.249445
0.289905
0.220103
0.154684
0.349123
0.100861
0.214908
0.331951
0.120775
0.257206
0.207672
0.308829
0.322066
0.194416
0.197605
0.132224
0.091390
0.213765
0.269839
0.285338
0.336596
0.222929
0.144658
0.062155
0.109612
0.210917
0.316354
0.177539
0.268831
0.228779
0.230693
0.298048
0.316514
0.209336
0.141948
0.123921
0.139265
0.170609
0.091548
0.157735
0.166285
0.200424
0.255088
0.213827
0.169003
0.264526
0.236820
0.231283
0.204800
0.330418
0.080622
0.166215
0.256038
0.183602
0.187294
0.164837
0.133988
0.074667
0.097819
0.274548
0.374760
0.279345
0.179185
0.227017
0.330184
0.158088
0.186508
0.263351
0.150314
0.111835
0.136037
0.150337
0.381953
0.172498
0.282845
0.354675
0.130653
0.134012
0.186673
0.257064
0.235010
0.150438
0.208719
0.257383
0.287446
0.226040
0.171981
0.248205
0.333330
0.116586
0.294858
0.361061
0.174623
0.159225
0.211610
0.230869
0.250085
0.183856
0.077927
0.104947
0.209637
0.188383
0.158125
0.126211
0.110527
0.230315
0.245529
0.116962
0.219649
0.265620
0.095398
0.074433
0.089739
0.186657
0.234275
0.104359
0.227293
0.273410
0.115856
0.100912
0.099314
0.112129
0.210173
0.156989
0.174176
0.194567
0.092955
0.174078
0.142215
0.222385
0.312237
0.306988
0.339237
0.320203
0.270155
0.151522
0.173243
0.264192
0.095507
0.282761
0.276947
0.364998
0.297698
0.316068
0.317094
0.355529
0.355927
0.351277
0.303848
0.188761
0.203016
0.282589
0.297242
0.353246
0.343277
0.348041
0.347723
0.349350
0.350671
0.384647
0.355175
0.217082
0.271354
0.222515
0.283337
0.343550
0.355292
0.352242
0.348509
0.347750
0.349897
0.350702
0.383727
0.165515
0.220952
0.370799
0.117175
0.220607
0.212140
0.297345
0.306958
0.334598
0.347116
0.368236
0.307447
0.307447
0.335544
0.352999
0.409942
0.120454
0.291644
0.413072
0.191031
0.230151
0.198809
0.335199
0.305001
0.134293
0.230277
0.371209
0.206111
0.162843
0.153639
0.136275
0.142985
0.194123
0.165697
0.196034
0.401361
0.206227
0.181019
0.362550
0.089637
0.286652
0.251491
0.199213
0.251728
0.375305
0.117368
0.157136
0.179373
0.344906
0.330383
0.172279
0.239004
0.181326
0.141808
0.322238
0.400126
0.296820
0.211585
0.130691
0.155544
0.306778
0.326422
0.257960
0.251670
0.167492
0.219871
0.338015
0.374389
0.067200
0.215935
0.340678
0.041935
0.251939
0.148123
0.135333
0.322637
0.333290
0.185759
0.076918
0.154461
0.166632
0.324338
0.371499
0.353751
0.183193
0.097200
0.340736
0.180821
0.193628
0.201615
0.255809
0.265365
0.242268
0.160579
0.292190
0.334181
0.269206
0.193134
0.157203
0.112008
0.223412
0.354639
0.319696
0.333845
0.389896
0.322454
0.162103
0.287317
0.315808
0.293164
0.336193
0.145441
0.261671
0.087764
0.123065
0.218502
0.196866
0.200064
0.261044
0.164624
0.104444
0.156924
0.239234
0.246678
0.242583
0.218406
0.194173
0.085743
0.080734
0.114855
0.178449
0.359477
0.120655
0.277213
0.375698
0.237483
0.250044
0.186195
0.222273
0.270947
0.193428
0.170571
0.272072
0.326085
0.143005
0.222249
0.321093
0.234958
0.301147
0.286012
0.283001
0.305721
0.209912
0.198299
0.113803
0.166554
0.128466
0.315723
0.126793
0.231517
0.337294
0.156978
0.167802
0.227180
0.195086
0.237859
0.236425
0.206686
0.246693
0.197834
0.268128
0.365977
0.166497
0.238799
0.109794
0.061346
0.103611
0.169684
0.197943
0.281633
0.161377
0.194385
0.138452
0.202237
0.227302
0.283286
0.172627
0.317912
0.328995
0.220470
0.191679
0.154555
0.117255
0.238158
0.115130
0.262909
0.348860
0.119404
0.127005
0.323148
0.333581
0.065567
0.060314
0.235144
0.173132
0.338878
0.215231
0.236427
0.326559
0.309077
0.148572
0.314379
0.172660
0.279992
0.397359
0.201997
0.097537
0.060649
0.288432
0.320281
0.099662
0.102926
0.177948
0.326773
0.377177
0.350271
0.155822
0.219328
0.363449
0.153500
0.129828
0.201046
0.195718
0.296114
0.106372
0.179409
0.171270
0.114857
0.193067
0.385167
0.108288
0.290486
0.356895
0.113551
0.137842
0.199811
0.271021
0.233750
0.081833
0.197657
0.184544
0.332919
0.228023
0.333168
0.110840
0.094746
0.219579
0.325750
0.260169
0.261791
0.289625
0.269549
0.214928
0.264602
0.292398
0.128256
0.254465
0.266172
0.270677
0.278905
0.286953
0.278412
0.226598
0.284768
0.241437
0.267259
0.309642
0.259816
0.110272
0.196487
0.269725
0.328095
0.174489
0.302185
0.336737
0.163610
0.229816
0.083155
0.080485
0.109562
0.227690
0.325714
0.238236
0.148657
0.183633
0.144547
0.327772
0.309940
0.323480
0.347437
0.332134
0.263354
0.146523
0.185203
0.247793
0.173925
0.239934
0.140415
0.292837
0.053957
0.105796
0.104203
0.223124
0.340101
0.388529
0.363288
0.374025
0.353894
0.230863
0.218962
0.091935
0.179431
0.132869
0.139071
0.250332
0.289582
0.274762
0.291010
0.183841
0.115244
0.264182
0.389217
0.391794
0.351605
0.190334
0.101391
0.344929
0.042903
0.207076
0.187711
0.344600
0.297451
0.100947
0.235651
0.333098
0.154984
0.245020
0.272113
0.324901
0.297916
0.147473
0.130100
0.232097
0.397632
0.376591
0.346002
0.074397
0.203702
0.357427
0.225916
0.205957
0.146508
0.221327
0.346513
0.387625
0.330330
0.327652
0.393057
0.158640
0.263062
0.424567
0.134808
0.151197
0.112195
0.252171
0.324804
0.290790
0.149103
0.145697
0.146683
0.272497
0.332587
0.326939
0.380773
0.374549
0.378796
0.125182
0.248613
0.341296
0.228871
0.172209
0.165681
0.158621
0.123899
0.227770
0.417745
0.211059
0.192435
0.377708
0.079627
0.245960
0.236028
0.142654
0.154633
0.300224
0.081452
0.112397
0.163851
0.203132
0.209002
0.224928
0.156031
0.162837
0.121051
0.219014
0.316476
0.211813
0.258630
0.119388
0.186499
0.201821
0.275191
0.129977
0.097998
0.148136
0.186041
0.262633
0.345362
0.192806
0.154521
0.225932
0.089971
0.130977
0.143131
0.246855
0.186775
0.127069
0.158307
0.110752
0.191188
0.135143
0.115308
0.128501
0.213539
0.256940
0.144024
0.270437
0.344348
0.315405
0.308320
0.319771
0.292206
0.157101
0.173425
0.298225
0.158785
0.201170
0.128566
0.261942
0.375089
0.311379
0.344657
0.143691
0.262255
0.335992
0.238306
0.118209
0.097671
0.155324
0.141206
0.287222
0.308982
0.285489
0.381084
0.359922
0.314931
0.380924
0.393748
0.416575
0.300969
0.218427
0.294711
0.272348
0.196929
0.393053
0.303297
0.139081
0.238931
0.279697
0.133474
0.180918
0.103358
0.118145
0.338049
0.333780
0.405021
0.065478
0.247215
0.351245
0.097384
0.225156
0.240628
0.361974
0.402508
0.218926
0.290285
0.068455
0.162625
0.147418
0.383361
0.377847
0.320445
0.186840
0.238198
0.180496
0.237985
0.295159
0.345859
0.179365
0.190482
0.370364
0.089223
0.066240
0.089898
0.225792
0.310503
0.318351
0.401917
0.226650
0.191828
0.064698
0.110909
0.272289
0.338530
0.365308
0.375053
0.083485
0.214977
0.388646
0.179155
0.146057
0.308630
0.347457
0.292963
0.166806
0.338059
0.299659
0.146430
0.157558
0.162250
0.244433
0.323778
0.318628
0.419471
0.392939
0.268500
0.135131
0.263466
0.312208
0.187658
0.096256
0.148785
0.191398
0.233199
0.254755
0.144713
0.135115
0.302596
0.189137
0.292294
0.277793
0.211588
0.261205
0.131130
0.093549
0.115690
0.216135
0.303814
0.313645
0.369026
0.346939
0.340455
0.336571
0.272759
0.165045
0.241585
0.111259
0.167489
0.311445
0.283176
0.316865
0.316748
0.347720
0.347739
0.323476
0.346385
0.282072
0.276061
0.095062
0.091189
0.206937
0.266722
0.308325
0.327771
0.325278
0.325203
0.305056
0.293750
0.244041
0.178930
0.144038
0.206269
0.209504
0.214368
0.209229
0.135232
0.201112
0.085731
0.125235
0.119314
0.177492
0.298119
0.330908
0.352786
0.348850
0.332065
0.343111
0.294560
0.131605
0.193380
0.327051
0.190236
0.265289
0.260353
0.341825
0.322036
0.353293
0.340396
0.267853
0.195163
0.103347
0.119056
0.140304
0.337575
0.193693
0.212771
0.388993
0.109874
0.161768
0.256576
0.199625
0.212702
0.245765
0.189548
0.184577
0.197166
0.206570
0.193894
0.163638
0.342810
0.173854
0.258341
0.207005
0.090309
0.269192
0.229582
0.193761
0.241236
0.361104
0.145157
0.100508
0.218563
0.169117
0.204051
0.341792
0.212052
0.114802
0.175503
0.261323
0.152515
0.219899
0.170332
0.179226
0.319550
0.121297
0.240443
0.314204
0.187942
0.077922
0.156655
0.326915
0.349304
0.088841
0.207293
0.194089
0.346499
0.288836
0.287693
0.232894
0.168523
0.260097
0.156383
0.153617
0.241015
0.078756
0.357740
0.318579
0.172361
0.277870
0.265689
0.139508
0.161591
0.125443
0.233908
0.234477
0.189696
0.325330
0.278192
0.145347
0.175378
0.237079
0.299185
0.165185
0.138189
0.162887
0.147063
0.229470
0.322934
0.163702
0.195242
0.110431
0.252723
0.327327
0.085055
0.111340
0.138896
0.312716
0.317570
0.125482
0.100588
0.335849
0.298277
0.267903
0.255716
0.165952
0.258154
0.137458
0.217981
0.294056
0.066584
0.230474
0.230982
0.242104
0.240330
0.291242
0.244676
0.165258
0.232324
0.262528
0.232693
0.216945
0.179629
0.087713
0.237893
0.183066
0.292784
0.234260
0.178859
0.185655
0.211036
0.351932
0.095938
0.276624
0.180463
0.100444
0.242609
0.321263
0.088507
0.308500
0.322198
0.315324
0.313297
0.247685
0.291085
0.138140
0.096200
0.202225
0.325412
0.173232
0.274835
0.206941
0.190463
0.331026
0.077574
0.190757
0.168909
0.226253
0.342289
0.083777
0.120765
0.301573
0.352674
0.121879
0.118894
0.374088
0.052312
0.217927
0.198676
0.330529
0.295785
0.194799
0.159743
0.325789
0.395271
0.091163
0.184643
0.382520
0.110031
0.263692
0.253304
0.281989
0.169439
0.155621
0.169382
0.160956
0.350856
0.132219
0.184628
0.308568
0.118964
0.072262
0.262886
0.143390
0.236892
0.218828
0.087918
0.193499
0.147928
0.315906
0.387092
0.167313
0.127302
0.072350
0.187851
0.291585
0.202970
0.206110
0.269881
0.218180
0.261508
0.231775
0.287188
0.266181
0.245229
0.190383
0.317017
0.311935
0.341652
0.335984
0.273443
0.101260
0.101431
0.295168
0.063333
0.173623
0.166503
0.289406
0.311740
0.284882
0.389262
0.269360
0.181681
0.407974
0.255237
0.175551
0.082147
0.119003
0.164861
0.213200
0.225062
0.273673
0.199436
0.279324
0.328019
0.352554
0.327124
0.357079
0.354313
0.318377
0.296625
0.092661
0.269393
0.268098
0.210793
0.085789
0.158277
0.247526
0.284367
0.290128
0.307849
0.200677
0.240372
0.285826
0.287109
0.305970
0.099594
0.273633
0.344626
0.168754
0.191897
0.309182
0.216981
0.180581
0.118540
0.262157
0.351483
0.347481
0.347862
0.372296
0.318620
0.134530
0.308512
0.306702
0.162980
0.175761
0.258945
0.295681
0.253617
0.271719
0.164598
0.266629
0.151126
0.151547
0.174369
0.133058
0.288841
0.192870
0.282779
0.218477
0.270533
0.288502
0.273805
0.144011
0.154439
0.279551
0.106946
0.062838
0.181340
0.158866
0.114939
0.275121
0.425140
0.143099
0.173615
0.154197
0.190468
0.260966
0.259124
0.267902
0.201930
0.072711
0.137829
0.221316
0.224625
0.244965
0.253152
0.295313
0.303102
0.274671
0.257672
0.327945
0.213830
0.319484
0.285493
0.108764
0.262021
0.307168
0.073466
0.153906
0.252447
0.261565
0.368461
0.319545
0.262643
0.244508
0.256003
0.065129
0.105646
0.259384
0.377977
0.098550
0.150121
0.294099
0.307988
0.226016
0.237450
0.303951
0.286817
0.181451
0.250365
0.143481
0.292548
0.260395
0.221933
0.233143
0.261151
0.213820
0.198004
0.100826
0.189010
0.197943
0.282274
0.160768
0.129180
0.100806
0.207581
0.220845
0.259080
0.203944
0.141606
0.207899
0.161730
0.305761
0.194372
0.147510
0.118305
0.103606
0.150036
0.156366
0.244459
0.250871
0.160938
0.220135
0.179888
0.187261
0.248643
0.166535
0.261895
0.230601
0.210625
0.290698
0.234993
0.252311
0.233840
0.168692
0.266690
0.158506
0.079721
0.108768
0.180818
0.199753
0.235439
0.157242
0.127607
0.100668
0.128734
0.191013
0.113080
0.245994
0.215426
0.306447
0.345995
0.358410
0.357798
0.353770
0.353934
0.324719
0.324714
0.339002
0.366565
0.392301
0.356209
0.086388
0.238939
0.367306
0.269445
0.226965
0.189326
0.198752
0.342563
0.160876
0.225970
0.353033
0.148544
0.224294
0.199087
0.317626
0.342398
0.253946
0.202058
0.108679
0.142643
0.184278
0.306706
0.153386
0.303635
0.346117
0.298159
0.146889
0.060004
0.071936
0.116014
0.281583
0.341252
0.243425
0.177526
0.163556
0.123471
0.189276
0.355641
0.147347
0.128894
0.321777
0.083549
0.264958
0.172472
0.331124
0.132071
0.071316
0.196368
0.153863
0.335879
0.169824
0.277443
0.197346
0.129500
0.264513
0.209896
0.113340
0.202991
0.359456
0.355698
0.289033
0.302824
0.040955
0.130524
0.279758
0.370496
0.087019
0.123096
0.343250
0.320467
0.199486
0.245817
0.256241
0.250098
0.184431
0.183644
0.393698
0.342885
0.109318
0.170491
0.228489
0.285840
0.148245
0.119237
0.333768
0.372820
0.161284
0.147470
0.192421
0.260446
0.282921
0.281314
0.379172
0.301442
0.374017
0.315399
0.361352
0.394140
0.157894
0.171407
0.206056
0.375069
0.308499
0.351417
0.117583
0.210960
0.354125
0.138155
0.082210
0.103939
0.217261
0.347892
0.111170
0.197362
0.205050
0.332167
0.116048
0.115687
0.294160
0.177201
0.113520
0.175959
0.294971
0.246186
0.357689
0.299715
0.076936
0.100302
0.249876
0.320958
0.097036
0.241522
0.387192
0.093475
0.157765
0.197350
0.338459
0.109563
0.173713
0.166029
0.325811
0.083280
0.180837
0.132120
0.302033
0.231372
0.127587
0.093625
0.290009
0.299465
0.187157
0.140292
0.226520
0.259080
0.136844
0.161732
0.113694
0.249613
0.275617
0.093307
0.097039
0.123274
0.149773
0.360451
0.218032
0.184499
0.354574
0.160309
0.223401
0.175007
0.308654
0.332365
0.113114
0.257680
0.356518
0.198513
0.194147
0.233678
0.163825
0.265213
0.339897
0.277127
0.257404
0.203208
0.223625
0.091100
0.109763
0.136681
0.190970
0.319758
0.136182
0.210044
0.096445
0.103455
0.209175
0.369854
0.376637
0.372242
0.332617
0.287545
0.120293
0.111764
0.316135
0.056254
0.069192
0.107150
0.084280
0.158224
0.263500
0.349484
0.131041
0.138325
0.153642
0.129716
0.189517
0.299567
0.298685
0.327368
0.329466
0.362568
0.099694
0.214050
0.378562
0.219347
0.211629
0.224916
0.212709
0.211937
0.146147
0.291903
0.122336
0.271429
0.309930
0.289362
0.295837
0.109649
0.300287
0.317024
0.301197
0.359506
0.339795
0.322517
0.206647
0.175153
0.316163
0.108629
0.180482
0.200424
0.183508
0.331218
0.074045
0.112258
0.139955
0.150791
0.191864
0.204153
0.311253
0.297649
0.321590
0.322233
0.333411
0.295437
0.155107
0.147497
0.200029
0.220069
0.142385
0.057606
0.235628
0.291262
0.154016
0.205436
0.064122
0.158613
0.314136
0.342135
0.160043
0.234446
0.243547
0.228371
0.346221
0.296249
0.118291
0.100818
0.237915
0.361211
0.342228
0.335100
0.125871
0.231734
0.354501
0.143520
0.114031
0.144877
0.233532
0.367680
0.129672
0.129926
0.357457
0.280612
0.150581
0.074703
0.159059
0.151712
0.296632
0.183921
0.210567
0.163844
0.316538
0.237443
0.125253
0.134962
0.122194
0.134370
0.216728
0.331982
0.184078
0.303528
0.164826
0.142768
0.203331
0.370815
0.333384
0.333925
0.343807
0.355124
0.160508
0.283502
0.366510
0.179225
0.141591
0.105720
0.191010
0.271594
0.318028
0.284998
0.128290
0.215566
0.336243
0.143521
0.265515
0.268469
0.345451
0.349997
0.351787
0.351901
0.347621
0.347556
0.354497
0.351549
0.348015
0.347125
0.170117
0.133454
0.351601
0.066578
0.100129
0.119012
0.158984
0.349800
0.140576
0.295735
0.371477
0.243322
0.193223
0.088300
0.243455
0.252179
0.321515
0.317391
0.201374
0.210746
0.109133
0.290669
0.162235
0.190429
0.295958
0.336954
0.263797
0.126602
0.119626
0.175739
0.228336
0.309778
0.177186
0.240855
0.220346
0.133084
0.217317
0.178384
0.095179
0.276159
0.324012
0.064455
0.164374
0.272844
0.340770
0.128363
0.207473
0.208319
0.204104
0.240083
0.198295
0.210821
0.185788
0.298365
0.325169
0.317376
0.114782
0.209302
0.225826
0.288733
0.347956
0.348035
0.250952
0.202470
0.260220
0.241101
0.347262
0.347395
0.227054
0.215827
0.241361
0.228050
0.350277
0.350225
0.243820
0.369327
0.327192
0.350928
0.151212
0.244438
0.283674
0.086572
0.118316
0.132466
0.248591
0.350302
0.252015
0.208756
0.113714
0.127045
0.143874
0.223372
0.356498
0.115317
0.146307
0.223534
0.382869
0.071287
0.201164
0.125008
0.131772
0.376735
0.353967
0.362979
0.123454
0.262064
0.298724
0.086654
0.044662
0.098075
0.329376
0.380848
0.347537
0.246997
0.149873
0.087490
0.268402
0.315120
0.184654
0.189991
0.338218
0.107486
0.082859
0.166382
0.232963
0.295684
0.112229
0.228996
0.205939
0.217962
0.068892
0.102860
0.240016
0.310249
0.054576
0.114486
0.269812
0.346786
0.097493
0.126186
0.205112
0.125275
0.244190
0.258160
0.098712
0.153998
0.321354
0.371670
0.105582
0.175033
0.124353
0.227890
0.251531
0.267571
0.100198
0.131675
0.104328
0.161105
0.182775
0.315102
0.159710
0.168197
0.364112
0.096072
0.156719
0.153111
0.190327
0.388545
0.183788
0.264596
0.364142
0.152699
0.270907
0.231178
0.169345
0.253998
0.088779
0.181782
0.214647
0.284258
0.136324
0.136070
0.252438
0.317620
0.192687
0.201676
0.339358
0.087397
0.127605
0.146919
0.217462
0.333329
0.150340
0.123206
0.328015
0.355267
0.119758
0.148284
0.383636
0.087861
0.195699
0.262088
0.257881
0.152365
0.252978
0.080784
0.135389
0.262543
0.354868
0.092195
0.216521
0.160004
0.320479
0.359304
0.087058
0.267969
0.361088
0.311895
0.254476
0.283595
0.282225
0.249335
0.284515
0.231203
0.246438
0.226894
0.240790
0.130020
0.240834
0.323741
0.297300
0.314653
0.318130
0.354106
0.191420
0.146104
0.325510
0.214692
0.229861
0.211315
0.218408
0.148861
0.183325
0.309546
0.213078
0.256668
0.137292
0.197953
0.153141
0.200563
0.282011
0.277260
0.274924
0.235945
0.195041
0.186160
0.199328
0.232332
0.252343
0.261912
0.158884
0.111936
0.336550
0.351637
0.168719
0.188563
0.217120
0.236929
0.121219
0.227667
0.338669
0.072416
0.218667
0.191130
0.211020
0.177391
0.162934
0.133924
0.149132
0.379318
0.163769
0.206599
0.410727
0.103244
0.087241
0.215331
0.358239
0.159884
0.074755
0.133652
0.243030
0.375650
0.060820
0.130862
0.265299
0.367973
0.113076
0.137094
0.068392
0.117328
0.359231
0.342092
0.100008
0.147912
0.086080
0.184116
0.174366
0.364781
0.145539
0.266017
0.398899
0.204387
0.255113
0.185105
0.199558
0.141079
0.183135
0.347186
0.100733
0.267941
0.362186
0.153238
0.065095
0.136716
0.183242
0.207461
0.151171
0.113187
0.223975
0.219564
0.302031
0.330312
0.313355
0.316847
0.344056
0.337857
0.115216
0.296886
0.378521
0.252010
0.239859
0.133719
0.179795
0.285339
0.372532
0.323408
0.321426
0.321627
0.354159
0.353926
0.357697
0.350861
0.362264
0.338012
0.197866
0.196191
0.069027
0.258994
0.117205
0.193754
0.285832
0.342264
0.266011
0.135705
0.151068
0.256887
0.328780
0.351271
0.207054
0.216692
0.223746
0.169978
0.187438
0.310115
0.325905
0.185452
0.233458
0.352791
0.275782
0.257756
0.078287
0.156251
0.264758
0.315917
0.115732
0.085879
0.317415
0.308328
0.132573
0.180784
0.172488
0.126564
0.203212
0.319894
0.135939
0.196644
0.268720
0.312929
0.365400
0.289344
0.327242
0.276741
0.311894
0.332332
0.333710
0.368629
0.208980
0.157674
0.257517
0.286560
0.327083
0.331500
0.241724
0.237274
0.262079
0.259426
0.331596
0.328858
0.387553
0.361056
0.347765
0.313099
0.243077
0.187386
0.108379
0.139337
0.292092
0.167410
0.210869
0.220945
0.197645
0.196959
0.152590
0.095643
0.247877
0.375948
0.183034
0.194438
0.102197
0.155529
0.135357
0.286013
0.299902
0.061856
0.347308
0.399346
0.351568
0.301571
0.092749
0.321206
0.412243
0.065615
0.064295
0.178976
0.319768
0.296241
0.221660
0.158587
0.412958
0.086842
0.204778
0.110571
0.309149
0.332968
0.335518
0.369512
0.080476
0.183997
0.215592
0.162118
0.246345
0.355703
0.340862
0.289076
0.357162
0.346676
0.182421
0.124563
0.293059
0.331196
0.348871
0.363578
0.147531
0.329545
0.344337
0.248457
0.361078
0.350013
0.174559
0.174098
0.262197
0.313862
0.313549
0.314104
0.327088
0.387916
0.188835
0.313556
0.346245
0.256451
0.300724
0.228178
0.149101
0.175159
0.271475
0.074946
0.085668
0.112649
0.099209
0.233623
0.274271
0.273955
0.111484
0.182771
0.305136
0.203151
0.241487
0.204110
0.198774
0.342366
0.240847
0.161314
0.312256
0.083407
0.121511
0.092688
0.281868
0.363218
0.294200
0.227755
0.037638
0.076111
0.134015
0.060411
0.080677
0.131699
0.202478
0.297481
0.147159
0.239014
0.230545
0.228562
0.214183
0.208552
0.163522
0.237841
0.308478
0.233903
0.347601
0.310568
0.095922
0.143575
0.286516
0.286207
0.140656
0.075818
0.215487
0.130612
0.232075
0.201065
0.213552
0.126514
0.263241
0.183858
0.116358
0.080412
0.102938
0.181787
0.194285
0.185855
0.188391
0.128797
0.193795
0.323023
0.174644
0.254392
0.351104
0.173215
0.270074
0.096686
0.308866
0.341381
0.173121
0.241543
0.246005
0.219484
0.107476
0.277996
0.269461
0.269894
0.260367
0.274940
0.282884
0.314812
0.286192
0.300463
0.362065
0.091461
0.300777
0.360943
0.161076
0.205619
0.333758
0.242797
0.252526
0.280837
0.186860
0.130621
0.081915
0.198799
0.237275
0.162678
0.150722
0.341200
0.324906
0.329578
0.192220
0.227176
0.256144
0.303912
0.325008
0.352783
0.386719
0.294812
0.129305
0.218659
0.309508
0.177873
0.118001
0.054101
0.378589
0.349119
0.257681
0.309575
0.089050
0.102267
0.162831
0.238951
0.095718
0.245209
0.314462
0.240445
0.230474
0.150202
0.101387
0.204856
0.335470
0.102758
0.175531
0.186167
0.142351
0.212168
0.075921
0.089866
0.083019
0.186492
0.229377
0.332859
0.343679
0.348535
0.167622
0.241660
0.299300
0.297654
0.262365
0.265586
0.216062
0.245341
0.165720
0.194535
0.334992
0.356396
0.235829
0.228668
0.185961
0.183944
0.340526
0.332532
0.242453
0.265390
0.103038
0.166686
0.233966
0.284536
0.299738
0.297711
0.204337
0.225651
0.209987
0.238166
0.329479
0.333707
0.350171
0.415765
0.340432
0.378062
0.372590
0.323555
0.337442
0.326616
0.272610
0.180663
0.113846
0.152863
0.210289
0.360512
0.332403
0.400850
0.353715
0.354187
0.354965
0.350309
0.322140
0.331975
0.195856
0.236194
0.221145
0.174712
0.153764
0.270192
0.333763
0.117754
0.077893
0.185956
0.164095
0.313958
0.113777
0.214806
0.313138
0.077833
0.061360
0.096183
0.234012
0.326606
0.277926
0.235439
0.187660
0.109857
0.255826
0.365927
0.115389
0.150339
0.247815
0.258087
0.167898
0.179918
0.177209
0.288388
0.099186
0.195303
0.368214
0.060267
0.293536
0.329579
0.208883
0.151138
0.255733
0.205052
0.283924
0.340808
0.108535
0.210738
0.250915
0.263220
0.148277
0.250040
0.313372
0.070561
0.254620
0.175199
0.296235
0.266883
0.122611
0.107803
0.262429
0.362468
0.259033
0.261195
0.270692
0.270751
0.238699
0.207351
0.167929
0.254591
0.198853
0.244091
0.263787
0.259696
0.390322
0.338650
0.203212
0.218488
0.244327
0.183006
0.137186
0.202758
0.376617
0.093068
0.209891
0.258566
0.311711
0.131526
0.148934
0.182415
0.157055
0.146381
0.256184
0.182858
0.228982
0.192232
0.140768
0.146180
0.271725
0.118732
0.297043
0.398158
0.094617
0.167329
0.309747
0.185234
0.124343
0.198756
0.292348
0.299265
0.127602
0.172497
0.193394
0.325167
0.125419
0.254168
0.264555
0.145525
0.235217
0.281186
0.114452
0.195480
0.050620
0.095784
0.257590
0.317876
0.135635
0.124074
0.255161
0.365724
0.318033
0.379624
0.204286
0.220469
0.205685
0.106423
0.226989
0.204415
0.071462
0.131821
0.167795
0.356289
0.130575
0.219483
0.335557
0.148473
0.202845
0.103034
0.164362
0.191748
0.361708
0.105629
0.217206
0.161015
0.331116
0.358844
0.215809
0.232435
0.359232
0.325261
0.193136
0.232359
0.328283
0.336109
0.232804
0.257334
0.247824
0.197445
0.288209
0.307747
0.136320
0.126423
0.090364
0.106012
0.205002
0.366597
0.173439
0.227907
0.411448
0.159546
0.172277
0.239169
0.211747
0.161559
0.255697
0.314068
0.330878
0.299266
0.166688
0.125906
0.340821
0.380967
0.087181
0.325347
0.394372
0.306907
0.255161
0.151086
0.288711
0.325889
0.309550
0.326711
0.126679
0.208711
0.290326
0.143330
0.222465
0.195794
0.317674
0.224739
0.184393
0.230018
0.317379
0.282123
0.229780
0.375872
0.346811
0.310613
0.319091
0.320362
0.316691
0.303949
0.205711
0.275428
0.212411
0.154782
0.296927
0.167973
0.066449
0.139614
0.226078
0.250511
0.288485
0.299450
0.278402
0.129508
0.207735
0.281648
0.269995
0.155468
0.063155
0.113950
0.265665
0.332091
0.103246
0.199902
0.291080
0.300971
0.121986
0.103288
0.087596
0.119078
0.358198
0.331019
0.200077
0.263655
0.177483
0.195159
0.322605
0.113555
0.164477
0.165352
0.253988
0.382617
0.353507
0.340622
0.333368
0.285927
0.149605
0.217910
0.353224
0.100025
0.198643
0.370882
0.135130
0.185964
0.341518
0.082653
0.349194
0.353320
0.195001
0.200435
0.339027
0.329227
0.197353
0.246582
0.085472
0.251804
0.152362
0.131472
0.235817
0.295698
0.283580
0.193894
0.154948
0.222987
0.145065
0.324683
0.332090
0.321831
0.102067
0.102827
0.231739
0.370505
0.179205
0.201769
0.410161
0.112707
0.060282
0.239176
0.129610
0.199621
0.163049
0.253511
0.322320
0.380133
0.158952
0.343162
0.372561
0.153853
0.314154
0.309329
0.169529
0.180618
0.249885
0.225005
0.196652
0.276930
0.290252
0.387855
0.085759
0.248355
0.397815
0.193626
0.157500
0.332281
0.303884
0.377722
0.383994
0.247339
0.128551
0.303823
0.320973
0.222744
0.166003
0.129024
0.247091
0.302088
0.331751
0.307136
0.088138
0.141283
0.225044
0.285943
0.403827
0.370724
0.298014
0.273761
0.234252
0.257416
0.261805
0.190243
0.263020
0.263109
0.282251
0.272959
0.205496
0.250363
0.273558
0.287143
0.195819
0.207214
0.329903
0.338650
0.209715
0.221991
0.185338
0.184169
0.350650
0.346650
0.245580
0.165471
0.189581
0.182389
0.290525
0.305767
0.303839
0.257923
0.205978
0.141827
0.076020
0.125907
0.141090
0.072221
0.226674
0.217965
0.336215
0.322930
0.090302
0.241896
0.337152
0.277430
0.227921
0.168865
0.237953
0.355790
0.381191
0.281190
0.153041
0.274955
0.267266
0.121830
0.143484
0.091579
0.219894
0.344608
0.432547
0.395833
0.368743
0.376197
0.338384
0.328972
0.308961
0.251266
0.197254
0.156028
0.064754
0.096717
0.249171
0.336633
0.263953
0.163874
0.285275
0.236928
0.197194
0.194986
0.377653
0.074095
0.280244
0.282157
0.211477
0.313799
0.241501
0.316885
0.227285
0.167720
0.312117
0.265820
0.114693
0.170800
0.073533
0.160038
0.239690
0.228392
0.204250
0.300195
0.304523
0.275627
0.170365
0.144388
0.324636
0.303961
0.073078
0.173177
0.231830
0.070349
0.205166
0.332109
0.229749
0.278014
0.326574
0.199642
0.413328
0.384907
0.251192
0.123159
0.337008
0.349637
0.137529
0.239110
0.361665
0.151342
0.287715
0.226835
0.089881
0.141662
0.320367
0.286771
0.321225
0.374151
0.217828
0.162942
0.339865
0.304085
0.314117
0.319533
0.327433
0.319343
0.155671
0.155867
0.111113
0.197638
0.310691
0.115157
0.254906
0.293714
0.312885
0.327853
0.166352
0.235257
0.100073
0.161926
0.213197
0.350473
0.171190
0.120801
0.240623
0.330613
0.255713
0.289968
0.334079
0.346053
0.227780
0.254978
0.242797
0.146977
0.341502
0.370574
0.170290
0.233822
0.319179
0.095775
0.162069
0.154228
0.334733
0.114989
0.369827
0.295031
0.058534
0.103656
0.275456
0.407637
0.140911
0.217449
0.294541
0.228371
0.208894
0.280927
0.215204
0.156104
0.312060
0.397662
0.220939
0.145452
0.281738
0.332748
0.120989
0.213486
0.259992
0.137957
0.381169
0.320099
0.244767
0.131955
0.367693
0.220379
0.127779
0.119689
0.295764
0.421320
0.113669
0.287222
0.276365
0.119586
0.137080
0.157634
0.137506
0.224355
0.151827
0.250133
0.147220
0.290263
0.092342
0.169069
0.263105
0.067784
0.093694
0.184797
0.304065
0.216253
0.135721
0.113860
0.356326
0.310851
0.160964
0.129464
0.053888
0.258617
0.217865
0.289564
0.130347
0.125265
0.290691
0.287529
0.288313
0.293621
0.150543
0.259998
0.159291
0.149538
0.247445
0.079806
0.188955
0.188151
0.320651
0.368011
0.074016
0.155742
0.257695
0.245587
0.319452
0.243511
0.176575
0.154448
0.207574
0.126225
0.245734
0.222046
0.158861
0.229402
0.233764
0.246925
0.238674
0.239204
0.187089
0.307290
0.190080
0.220840
0.231566
0.196146
0.209621
0.202756
0.217380
0.131977
0.301631
0.344392
0.176848
0.224474
0.290478
0.286400
0.300730
0.182010
0.248845
0.334146
0.146986
0.236719
0.328427
0.183938
0.312886
0.313605
0.109324
0.122158
0.226625
0.367156
0.257145
0.351586
0.085666
0.176556
0.156965
0.359826
0.277632
0.304419
0.302256
0.383704
0.113558
0.262675
0.460927
0.125984
0.314488
0.313812
0.145872
0.236586
0.355386
0.249848
0.222673
0.154679
0.259077
0.233063
0.079759
0.159417
0.169916
0.315146
0.293897
0.269574
0.334319
0.292451
0.072736
0.223133
0.236234
0.289867
0.126990
0.103633
0.071935
0.237114
0.247207
0.199007
0.167929
0.176919
0.187158
0.211309
0.348984
0.109927
0.262613
0.181971
0.209258
0.195735
0.157940
0.304959
0.176443
0.205424
0.056455
0.109278
0.141630
0.292872
0.297102
0.210861
0.091875
0.102464
0.255138
0.319586
0.074772
0.160941
0.319839
0.338859
0.121183
0.183330
0.186716
0.266207
0.164513
0.203469
0.221196
0.158845
0.189872
0.161876
0.155240
0.209991
0.173477
0.233378
0.220850
0.214836
0.143214
0.329111
0.129817
0.257482
0.323805
0.161109
0.257202
0.161050
0.193939
0.223848
0.328335
0.104972
0.084041
0.170146
0.168579
0.325582
0.188304
0.228655
0.135436
0.236721
0.303358
0.330662
0.316711
0.319490
0.312932
0.310809
0.283592
0.307898
0.316993
0.296103
0.172111
0.080658
0.118737
0.135924
0.239857
0.363259
0.147410
0.191559
0.346558
0.187560
0.180017
0.186648
0.208131
0.159051
0.200905
0.414548
0.146088
0.330516
0.378931
0.151987
0.098985
0.223422
0.151573
0.182236
0.212458
0.107016
0.059418
0.137407
0.078536
0.039809
0.067485
0.110509
0.147094
0.278723
0.245912
0.245356
0.193188
0.134960
0.235743
0.159920
0.162963
0.121592
0.342940
0.319684
0.364699
0.289301
0.221066
0.285505
0.316124
0.273233
0.200203
0.269982
0.098497
0.163015
0.280573
0.111541
0.069239
0.121777
0.176733
0.182005
0.164322
0.154453
0.160464
0.320296
0.240630
0.220057
0.297605
0.226529
0.320539
0.130769
0.146556
0.143368
0.313018
0.303768
0.286997
0.321800
0.170666
0.164814
0.250294
0.252798
0.353731
0.386243
0.057776
0.259497
0.366301
0.296716
0.243508
0.293409
0.310284
0.179905
0.288016
0.103152
0.304035
0.314083
0.158405
0.254345
0.130608
0.140676
0.287749
0.336750
0.223155
0.109081
0.081505
0.245045
0.317996
0.128982
0.102431
0.160584
0.191098
0.125949
0.112072
0.226475
0.200497
0.239909
0.185882
0.112983
0.067359
0.107875
0.298011
0.386321
0.107455
0.063012
0.127427
0.279021
0.316626
0.102840
0.274029
0.365508
0.099992
0.347915
0.297636
0.240752
0.228976
0.298904
0.144484
0.250701
0.260286
0.111489
0.140094
0.130674
0.152509
0.303182
0.153117
0.127541
0.264681
0.328540
0.118589
0.182188
0.332652
0.094830
0.416444
0.354327
0.339401
0.200543
0.213572
0.225103
0.084721
0.242240
0.339345
0.056115
0.320120
0.305416
0.198313
0.164444
0.109687
0.177412
0.153661
0.276370
0.319987
0.321960
0.160507
0.161699
0.316177
0.322592
0.353104
0.358698
0.175040
0.205819
0.204359
0.168034
0.166520
0.223725
0.198792
0.337657
0.194334
0.154553
0.299021
0.076855
0.350649
0.403031
0.089082
0.134919
0.173683
0.333828
0.162595
0.344371
0.166371
0.270320
0.389846
0.102936
0.163844
0.171476
0.317381
0.335832
0.155821
0.133915
0.169809
0.408865
0.096222
0.190743
0.156223
0.282089
0.276226
0.168688
0.103354
0.243643
0.382398
0.103547
0.196299
0.176874
0.234813
0.358986
0.066156
0.334134
0.379488
0.149530
0.251823
0.073031
0.256751
0.226900
0.152551
0.206407
0.224667
0.165610
0.315441
0.219113
0.122316
0.105625
0.277132
0.251406
0.170265
0.154843
0.181398
0.166209
0.313548
0.207870
0.225316
0.071280
0.166204
0.237322
0.361042
0.077365
0.287304
0.319400
0.208546
0.138839
0.065047
0.126492
0.260166
0.373263
0.111039
0.264728
0.371827
0.052496
0.074569
0.179381
0.130105
0.302724
0.333991
0.412497
0.291925
0.206772
0.201092
0.198278
0.174875
0.175329
0.317412
0.187090
0.310542
0.292297
0.253134
0.313197
0.146138
0.140184
0.258504
0.344629
0.210106
0.220715
0.214321
0.336079
0.180934
0.304542
0.135714
0.191801
0.295817
0.072669
0.086226
0.218300
0.365313
0.129445
0.227444
0.169555
0.271017
0.292063
0.131475
0.164674
0.249013
0.139988
0.051321
0.102786
0.217214
0.290906
0.102241
0.197505
0.201916
0.169653
0.230247
0.357140
0.164080
0.224661
0.209640
0.159909
0.197515
0.075777
0.340407
0.317145
0.119080
0.225265
0.282351
0.290253
0.252690
0.329591
0.099504
0.186783
0.337111
0.125676
0.084235
0.156158
0.154551
0.331369
0.286578
0.286570
0.181547
0.218244
0.316811
0.364306
0.092900
0.130170
0.277688
0.307390
0.191325
0.289007
0.120428
0.189871
0.351187
0.120615
0.129098
0.225732
0.293548
0.297177
0.237957
0.274251
0.084549
0.121470
0.240788
0.318019
0.167771
0.208184
0.232339
0.309337
0.236296
0.179240
0.085808
0.143063
0.265577
0.349313
0.256303
0.220508
0.303928
0.202760
0.209070
0.204256
0.368683
0.119604
0.185599
0.115516
0.225922
0.352541
0.217412
0.160423
0.240648
0.176332
0.231445
0.154059
0.303164
0.149752
0.191670
0.145658
0.292016
0.262092
0.142649
0.218235
0.318871
0.168440
0.143127
0.147085
0.221195
0.314556
0.122405
0.090142
0.069348
0.107685
0.195893
0.355496
0.136343
0.165530
0.379058
0.087318
0.067968
0.121200
0.168371
0.305353
0.295163
0.141132
0.098762
0.175910
0.168097
0.314055
0.191462
0.154886
0.328142
0.184519
0.205021
0.188067
0.175041
0.229406
0.195434
0.245459
0.257208
0.111683
0.278064
0.360805
0.097017
0.141979
0.317814
0.084718
0.163813
0.134378
0.248916
0.365858
0.355007
0.338622
0.334705
0.348926
0.114426
0.249247
0.369472
0.199525
0.157278
0.241053
0.269507
0.288947
0.280502
0.277736
0.247444
0.246309
0.147443
0.084950
0.130987
0.237505
0.326962
0.337333
0.316959
0.325228
0.171849
0.149413
0.145345
0.107534
0.232299
0.344050
0.147039
0.271796
0.353789
0.230169
0.302015
0.084591
0.289963
0.370046
0.123954
0.313263
0.377179
0.177656
0.322963
0.162986
0.106601
0.306150
0.389111
0.175275
0.146026
0.124890
0.170480
0.358578
0.124497
0.315258
0.329562
0.177193
0.107345
0.215460
0.271249
0.201562
0.348340
0.340437
0.260979
0.250545
0.087172
0.293081
0.207508
0.270026
0.231613
0.309336
0.201073
0.137135
0.245387
0.329400
0.114953
0.324147
0.334228
0.181410
0.271782
0.155900
0.238262
0.147475
0.076926
0.273015
0.323935
0.040245
0.131675
0.092415
0.264204
0.354600
0.105635
0.225072
0.400831
0.095312
0.146503
0.115079
0.315046
0.360928
0.098810
0.085871
0.225499
0.186775
0.245165
0.135798
0.296147
0.047469
0.120548
0.166809
0.202504
0.342916
0.096203
0.166107
0.229213
0.185261
0.214088
0.369020
0.353831
0.391636
0.108531
0.235882
0.347575
0.157794
0.187935
0.318486
0.296755
0.259935
0.199683
0.282041
0.181932
0.343252
0.169675
0.155288
0.217959
0.351749
0.150660
0.169421
0.254815
0.088408
0.081760
0.088355
0.124583
0.189329
0.335255
0.109712
0.099422
0.224655
0.216098
0.288659
0.168143
0.150201
0.120546
0.160825
0.179403
0.338272
0.303565
0.209526
0.217806
0.227944
0.324521
0.324946
0.320547
0.280451
0.194487
0.167738
0.192818
0.138320
0.222649
0.248506
0.315694
0.324841
0.156416
0.163126
0.162235
0.249656
0.396382
0.140858
0.210549
0.312467
0.178676
0.195801
0.127523
0.132375
0.197399
0.387621
0.163517
0.114940
0.204914
0.371061
0.112462
0.301806
0.418890
0.052124
0.209493
0.191132
0.355443
0.182465
0.204148
0.097905
0.173661
0.397605
0.230605
0.228742
0.223761
0.290445
0.132989
0.177562
0.387615
0.180883
0.204285
0.213639
0.291074
0.265948
0.111350
0.246390
0.102449
0.158467
0.237737
0.356404
0.137267
0.152643
0.230388
0.356091
0.142185
0.210111
0.384738
0.075552
0.350231
0.315869
0.121989
0.197345
0.196975
0.229388
0.161612
0.117293
0.297292
0.330605
0.185930
0.277212
0.263717
0.115686
0.126568
0.102056
0.182093
0.310163
0.413519
0.259527
0.298041
0.171945
0.195980
0.278944
0.087817
0.151898
0.161323
0.399392
0.228787
0.276739
0.275634
0.305456
0.104256
0.067878
0.194971
0.360363
0.143008
0.234671
0.227477
0.373999
0.365901
0.361073
0.295155
0.227124
0.105621
0.236751
0.085025
0.216657
0.353055
0.085819
0.127989
0.236483
0.363307
0.166043
0.110032
0.083581
0.360730
0.336167
0.105627
0.064283
0.079312
0.133859
0.266725
0.357559
0.163162
0.137042
0.270732
0.329645
0.128078
0.181879
0.174866
0.119722
0.388851
0.169104
0.070333
0.143127
0.118779
0.306722
0.130626
0.320732
0.336896
0.220450
0.174646
0.187970
0.245387
0.260416
0.052213
0.160347
0.118089
0.313748
0.108780
0.277154
0.329037
0.190791
0.141995
0.169447
0.196806
0.108702
0.163785
0.162440
0.301924
0.211987
0.063959
0.127814
0.189394
0.357538
0.110197
0.133597
0.129632
0.137648
0.229423
0.291234
0.279466
0.298452
0.164125
0.334340
0.318376
0.223800
0.289842
0.177275
0.115799
0.172833
0.362071
0.165159
0.127350
0.135884
0.270380
0.233784
0.136288
0.158897
0.186821
0.128954
0.385382
0.256872
0.160658
0.146155
0.149035
0.187442
0.208119
0.200419
0.128881
0.215872
0.128506
0.341962
0.302166
0.352123
0.094615
0.156205
0.274345
0.357644
0.136540
0.114126
0.248521
0.396384
0.153804
0.064968
0.294885
0.360220
0.258376
0.149608
0.168998
0.236839
0.339578
0.157931
0.158411
0.149197
0.230227
0.280240
0.144519
0.161863
0.157163
0.209942
0.151138
0.327433
0.238700
0.280081
0.160784
0.218955
0.144751
0.147153
0.199897
0.354669
0.105268
0.251855
0.360085
0.237436
0.263592
0.249494
0.261944
0.224511
0.169162
0.328157
0.108651
0.231257
0.320960
0.106190
0.196004
0.319588
0.107248
0.229857
0.361563
0.074363
0.141232
0.180789
0.221404
0.330986
0.210723
0.311419
0.131617
0.254229
0.181399
0.211813
0.226656
0.148885
0.127556
0.113593
0.205821
0.301633
0.316719
0.349452
0.348732
0.403749
0.400491
0.355710
0.327438
0.283401
0.138781
0.177439
0.310538
0.112654
0.175612
0.253446
0.331855
0.317583
0.363218
0.344484
0.274364
0.220673
0.225212
0.149637
0.294584
0.308322
0.123925
0.220072
0.245856
0.192611
0.192170
0.188139
0.205182
0.124291
0.193291
0.326987
0.164392
0.235014
0.219032
0.138684
0.380186
0.232306
0.150679
0.101270
0.104156
0.122029
0.206399
0.338391
0.150814
0.237079
0.296566
0.227263
0.161577
0.179327
0.087117
0.143978
0.281030
0.370575
0.126170
0.165375
0.189835
0.193938
0.206204
0.348647
0.140069
0.157469
0.328851
0.094146
0.155285
0.224590
0.200914
0.345207
0.210027
0.162389
0.275396
0.214044
0.132095
0.129412
0.071051
0.194415
0.324059
0.278529
0.220568
0.187574
0.185726
0.239875
0.373352
0.067136
0.152960
0.127086
0.247319
0.349677
0.107645
0.140779
0.211284
0.141901
0.219803
0.243030
0.301042
0.187337
0.085513
0.166482
0.374427
0.163678
0.232600
0.179662
0.304359
0.405341
0.089708
0.223396
0.393107
0.214060
0.218468
0.173248
0.165767
0.359057
0.347612
0.253931
0.211926
0.090404
0.067259
0.121501
0.259570
0.371508
0.127550
0.095385
0.228864
0.218971
0.225544
0.169810
0.133621
0.220851
0.195686
0.283465
0.219302
0.162114
0.214410
0.140738
0.201655
0.149725
0.210156
0.221972
0.331451
0.339383
0.207355
0.284342
0.395334
0.152770
0.329130
0.346170
0.107326
0.208949
0.247781
0.278404
0.168035
0.132494
0.349302
0.359944
0.126048
0.125066
0.212935
0.362462
0.360707
0.382254
0.122595
0.223727
0.402113
0.120413
0.117555
0.251529
0.366924
0.069901
0.167013
0.152442
0.125753
0.352566
0.153369
0.121536
0.130422
0.343071
0.187350
0.204916
0.354865
0.121682
0.299789
0.294152
0.098760
0.130755
0.258039
0.370631
0.084874
0.101152
0.217297
0.294008
0.271710
0.175247
0.301753
0.322692
0.258151
0.215051
0.185261
0.215836
0.338630
0.094211
0.328460
0.303849
0.238050
0.179588
0.228096
0.248113
0.343299
0.391226
0.301163
0.370557
0.356629
0.358344
0.133056
0.112142
0.233831
0.297271
0.105750
0.277988
0.371274
0.073660
0.111301
0.228800
0.289529
0.087627
0.328395
0.234765
0.110041
0.147337
0.099340
0.209233
0.251498
0.053384
0.181756
0.272827
0.356196
0.061851
0.143761
0.171348
0.109041
0.347530
0.095127
0.252688
0.340397
0.049360
0.317676
0.336946
0.162866
0.113004
0.124303
0.353562
0.199641
0.259021
0.245621
0.263815
0.149457
0.171637
0.390134
0.188220
0.239533
0.295481
0.278922
0.276069
0.118003
0.109239
0.225337
0.362322
0.150132
0.188044
0.324798
0.355380
0.293831
0.265140
0.341067
0.335732
0.109670
0.185096
0.327255
0.352156
0.264433
0.280563
0.350749
0.323861
0.149876
0.241519
0.188284
0.335672
0.124632
0.216131
0.233785
0.352128
0.129004
0.222900
0.345133
0.163155
0.070264
0.278465
0.157494
0.297103
0.302185
0.284165
0.323386
0.117655
0.293257
0.370709
0.340268
0.255571
0.188366
0.259218
0.110762
0.145078
0.210117
0.315920
0.121942
0.198677
0.079195
0.203054
0.170520
0.325570
0.218781
0.288005
0.131994
0.179692
0.333071
0.235383
0.216910
0.196537
0.200620
0.190693
0.150412
0.109438
0.136381
0.162603
0.320496
0.370102
0.155188
0.348552
0.393187
0.287048
0.241819
0.220681
0.203209
0.228051
0.259657
0.286301
0.286349
0.111429
0.301381
0.324773
0.129091
0.195860
0.229917
0.258500
0.244849
0.235692
0.203889
0.235063
0.301469
0.314703
0.101797
0.284784
0.165108
0.298589
0.285627
0.280492
0.262336
0.205255
0.307514
0.082533
0.331460
0.322812
0.233359
0.219237
0.229253
0.250226
0.299392
0.296792
0.169557
0.237084
0.332506
0.339683
0.354022
0.381066
0.137752
0.180581
0.390772
0.124752
0.211353
0.352991
0.284877
0.330210
0.293759
0.351691
0.214496
0.209491
0.060678
0.091540
0.122666
0.153317
0.223375
0.161550
0.202327
0.167133
0.260631
0.357869
0.088071
0.223715
0.364981
0.249358
0.224154
0.210921
0.134952
0.334756
0.157542
0.314890
0.351896
0.241395
0.233961
0.152535
0.278087
0.211853
0.133933
0.090732
0.062233
0.141773
0.180705
0.345700
0.116073
0.218391
0.081812
0.308474
0.233270
0.227080
0.193021
0.079898
0.069913
0.166194
0.198791
0.364321
0.137309
0.186995
0.296677
0.189179
0.200599
0.176245
0.086712
0.134124
0.264379
0.364110
0.147896
0.161709
0.262048
0.390599
0.176385
0.139467
0.377771
0.074022
0.089805
0.239834
0.373730
0.152820
0.183969
0.167388
0.272953
0.249220
0.161144
0.112495
0.192308
0.225270
0.179464
0.243061
0.166341
0.143008
0.276644
0.357380
0.151276
0.138147
0.089170
0.159832
0.242118
0.269571
0.119089
0.100923
0.188812
0.269958
0.326514
0.289824
0.109739
0.239932
0.316980
0.251773
0.326729
0.276455
0.391998
0.311269
0.114817
0.141551
0.332276
0.294514
0.124480
0.135983
0.244079
0.361037
0.189501
0.151420
0.398981
0.068500
0.077625
0.135607
0.148730
0.048564
0.193374
0.174938
0.227997
0.310566
0.125866
0.211629
0.209484
0.239852
0.143769
0.111073
0.236519
0.187650
0.201776
0.273429
0.278519
0.166350
0.188051
0.287733
0.344789
0.091233
0.104374
0.141099
0.288672
0.301122
0.130286
0.073587
0.073129
0.136632
0.244279
0.340673
0.210854
0.132012
0.211981
0.291762
0.243899
0.170314
0.236072
0.162782
0.243206
0.209012
0.278956
0.229721
0.189061
0.245047
0.135643
0.130394
0.170563
0.231368
0.340837
0.083765
0.173839
0.147237
0.110476
0.363723
0.121081
0.117606
0.209473
0.332984
0.390720
0.357720
0.345180
0.330756
0.145736
0.208751
0.394244
0.108025
0.254343
0.268867
0.185747
0.203487
0.204359
0.188761
0.199940
0.150132
0.307894
0.347728
0.175377
0.154266
0.249835
0.189824
0.295638
0.086480
0.271215
0.326375
0.251576
0.267994
0.279937
0.281802
0.160257
0.180990
0.324426
0.141966
0.214398
0.221536
0.252078
0.255758
0.273914
0.176234
0.157361
0.149209
0.391673
0.357222
0.222516
0.239138
0.179060
0.220547
0.181000
0.157289
0.203882
0.243243
0.141619
0.182288
0.185303
0.298123
0.283874
0.277389
0.282685
0.291043
0.262649
0.273159
0.122946
0.091260
0.162397
0.303537
0.210271
0.163844
0.193083
0.198846
0.119149
0.201776
0.338321
0.101884
0.359753
0.399748
0.105305
0.203797
0.295431
0.066051
0.253049
0.250334
0.225950
0.219762
0.110145
0.168550
0.143276
0.407148
0.273246
0.300244
0.245926
0.249816
0.176546
0.244894
0.417460
0.087091
0.199317
0.227763
0.335045
0.304662
0.229089
0.270008
0.251731
0.255437
0.161017
0.177394
0.201372
0.205615
0.312645
0.303616
0.212894
0.250643
0.286354
0.253622
0.202475
0.181126
0.109408
0.210559
0.315090
0.115569
0.206557
0.203527
0.297995
0.215918
0.150263
0.103565
0.088607
0.183698
0.211728
0.302914
0.080377
0.113956
0.149170
0.090554
0.068259
0.117389
0.125860
0.089719
0.104717
0.166150
0.271676
0.136412
0.381069
0.309870
0.122874
0.173224
0.174341
0.275849
0.111713
0.239485
0.322706
0.100758
0.145880
0.292653
0.222574
0.295409
0.316003
0.280015
0.286964
0.220611
0.155455
0.289053
0.149588
0.281552
0.269049
0.137130
0.311132
0.391130
0.157204
0.160165
0.368966
0.198067
0.130267
0.141898
0.206159
0.365523
0.326124
0.388541
0.138134
0.258244
0.367692
0.216448
0.291382
0.120161
0.100694
0.179885
0.210084
0.287247
0.221113
0.237145
0.165837
0.182948
0.188838
0.338912
0.303840
0.215073
0.186470
0.197228
0.260994
0.269442
0.283285
0.339737
0.274920
0.204065
0.281441
0.278078
0.257958
0.221064
0.247088
0.231810
0.299624
0.284803
0.240565
0.217852
0.338270
0.343327
0.351943
0.405833
0.167252
0.170342
0.114067
0.153803
0.393021
0.342233
0.337987
0.345821
0.226588
0.216968
0.114878
0.156319
0.153227
0.160257
0.163087
0.104518
0.210698
0.287646
0.340645
0.300340
0.116880
0.273046
0.327302
0.195008
0.095682
0.107990
0.220938
0.362427
0.176376
0.127231
0.389117
0.056000
0.051782
0.097357
0.148410
0.361501
0.221529
0.279557
0.357625
0.134710
0.195878
0.201564
0.299895
0.107202
0.099582
0.188165
0.226635
0.252584
0.153589
0.126178
0.240311
0.144068
0.247493
0.169410
0.121117
0.145024
0.256248
0.353195
0.097424
0.127964
0.338277
0.295251
0.156790
0.110695
0.358927
0.170518
0.140404
0.164133
0.194026
0.358038
0.141159
0.178217
0.402787
0.110953
0.055997
0.107067
0.236635
0.330562
0.151447
0.182328
0.228262
0.239004
0.134988
0.143888
0.369516
0.352149
0.163724
0.269605
0.299806
0.101214
0.246568
0.356589
0.165259
0.210272
0.315064
0.298979
0.278012
0.277789
0.328156
0.367521
0.391706
0.330215
0.300068
0.194837
0.157422
0.265037
0.270012
0.139288
0.152574
0.192855
0.366695
0.380414
0.223459
0.186363
0.136681
0.127257
0.166455
0.237310
0.178409
0.118770
0.189398
0.200368
0.285857
0.277263
0.078411
0.117025
0.262099
0.300967
0.257703
0.248159
0.376669
0.360479
0.284715
0.279746
0.139396
0.149956
0.133342
0.095178
0.205067
0.264286
0.306299
0.287520
0.277332
0.239661
0.214648
0.180947
0.261034
0.311644
0.321787
0.340777
0.309312
0.284241
0.155388
0.168556
0.262339
0.236340
0.109390
0.137603
0.282391
0.312329
0.378326
0.325000
0.344529
0.330182
0.384257
0.365255
0.289960
0.249207
0.122174
0.183846
0.337846
0.352716
0.335269
0.318066
0.187035
0.186557
0.347438
0.295532
0.368233
0.332733
0.240804
0.251943
0.297424
0.284990
0.178904
0.201110
0.204260
0.223898
0.160366
0.202411
0.267499
0.297307
0.310720
0.293367
0.342684
0.325923
0.370268
0.320655
0.095278
0.171250
0.193377
0.380776
0.295135
0.370345
0.219789
0.143278
0.173807
0.150341
0.317131
0.314658
0.240010
0.248805
0.157506
0.175683
0.342102
0.353520
0.145555
0.165023
0.204198
0.280850
0.139150
0.123062
0.141464
0.330166
0.370316
0.303908
0.224041
0.184721
0.129399
0.185412
0.265693
0.147063
0.198624
0.246302
0.141635
0.156747
0.217597
0.368289
0.341228
0.262048
0.215306
0.135001
0.293085
0.051694
0.392303
0.327456
0.165717
0.113154
0.278970
0.322700
0.299980
0.241328
0.319320
0.357610
0.204053
0.174093
0.306094
0.305170
0.210992
0.210155
0.126895
0.188742
0.289554
0.312274
0.311446
0.332527
0.143029
0.222386
0.275129
0.170165
0.125730
0.089181
0.165695
0.146124
0.240264
0.326160
0.075388
0.107617
0.118580
0.068196
0.215071
0.222265
0.235400
0.235896
0.304893
0.083944
0.328232
0.262357
0.237514
0.297262
0.087104
0.226950
0.200364
0.121558
0.226269
0.309446
0.170344
0.193188
0.175069
0.121306
0.192810
0.429813
0.431555
0.361582
0.181909
0.146633
0.176202
0.271967
0.163253
0.245426
0.287769
0.133261
0.154968
0.153014
0.275156
0.312759
0.349450
0.317150
0.216175
0.151601
0.326804
0.236529
0.249502
0.191686
0.258713
0.167356
0.305648
0.221665
0.163625
0.299806
0.128739
0.090946
0.163809
0.211829
0.235063
0.239731
0.167265
0.232580
0.272803
0.294180
0.327540
0.249234
0.148908
0.213698
0.231382
0.263478
0.173041
0.148449
0.209584
0.239441
0.348161
0.378947
0.366862
0.297787
0.154567
0.161648
0.345145
0.143730
0.090294
0.379061
0.370650
0.363265
0.349314
0.318827
0.202978
0.128780
0.130534
0.119742
0.255595
0.240901
0.314040
0.339031
0.313669
0.312903
0.318777
0.366322
0.307745
0.228507
0.207757
0.183433
0.333936
0.340883
0.193098
0.178291
0.149684
0.157119
0.348950
0.329823
0.211904
0.208640
0.290166
0.328326
0.252979
0.276422
0.179693
0.190205
0.318561
0.287619
0.157113
0.137252
0.367892
0.300490
0.078622
0.107125
0.127319
0.277342
0.333292
0.324117
0.168688
0.121176
0.227636
0.278542
0.287802
0.232041
0.174342
0.236165
0.342236
0.142484
0.116929
0.289596
0.372135
0.091660
0.315408
0.202656
0.210251
0.203156
0.277620
0.257036
0.193735
0.285401
0.102541
0.111185
0.229226
0.328678
0.230807
0.283237
0.101835
0.242068
0.320803
0.128933
0.138402
0.119375
0.266486
0.330567
0.315816
0.341708
0.313965
0.328866
0.223296
0.214196
0.335020
0.097579
0.126602
0.193007
0.199775
0.334831
0.217739
0.295337
0.116712
0.162015
0.231260
0.339078
0.109182
0.204858
0.364220
0.075757
0.136619
0.109636
0.264791
0.335597
0.129930
0.067766
0.086324
0.107861
0.270752
0.365650
0.100651
0.092529
0.220429
0.134570
0.301362
0.337921
0.068714
0.235631
0.370707
0.076642
0.277171
0.260429
0.201259
0.161105
0.068698
0.168841
0.231432
0.419898
0.202588
0.250486
0.292282
0.114769
0.098113
0.105569
0.277590
0.145056
0.122934
0.129651
0.279644
0.333374
0.390798
0.309407
0.277916
0.187894
0.234779
0.170170
0.080645
0.219454
0.317952
0.082348
0.306846
0.322653
0.071323
0.124693
0.212877
0.309699
0.394717
0.350218
0.367829
0.372904
0.102579
0.248566
0.328736
0.070936
0.337911
0.338123
0.132059
0.180260
0.172699
0.327516
0.205910
0.194279
0.305540
0.273063
0.332292
0.353123
0.264207
0.238704
0.275014
0.259457
0.212650
0.195316
0.243181
0.210914
0.134965
0.142127
0.286805
0.288767
0.327160
0.330718
0.324050
0.288056
0.350731
0.350560
0.386355
0.359741
0.349186
0.350233
0.352763
0.348310
0.312824
0.312838
0.329128
0.282460
0.354471
0.327410
0.274225
0.375629
0.347619
0.382288
0.167809
0.249333
0.297380
0.173833
0.098647
0.296756
0.377572
0.148089
0.105859
0.191545
0.280728
0.267427
0.144499
0.099107
0.244588
0.291657
0.204740
0.296844
0.169891
0.127361
0.253711
0.318251
0.246593
0.114541
0.227725
0.229609
0.248854
0.262841
0.245792
0.244127
0.311865
0.317708
0.329683
0.246870
0.234205
0.179443
0.175857
0.237348
0.094370
0.315384
0.324050
0.155214
0.084922
0.201758
0.292896
0.273247
0.109155
0.103346
0.050334
0.126054
0.267614
0.361782
0.098528
0.100474
0.299735
0.287895
0.116743
0.120315
0.070831
0.147648
0.395822
0.201518
0.157319
0.091766
0.298644
0.307533
0.161911
0.103719
0.045527
0.109101
0.273396
0.359486
0.130250
0.151069
0.253201
0.312472
0.322704
0.287368
0.359625
0.108364
0.267727
0.340952
0.128994
0.186828
0.372487
0.131923
0.098845
0.133948
0.340493
0.307403
0.139669
0.129327
0.124112
0.244892
0.220546
0.135495
0.248513
0.065370
0.110404
0.132569
0.196468
0.342508
0.190896
0.191917
0.334960
0.173702
0.197860
0.212238
0.162037
0.117319
0.167527
0.185523
0.256555
0.256438
0.158027
0.121044
0.208813
0.079195
0.124845
0.099529
0.262866
0.312490
0.171687
0.277509
0.364099
0.226462
0.197403
0.212422
0.245427
0.110730
0.250483
0.374447
0.352993
0.340588
0.352117
0.363677
0.151077
0.294062
0.375107
0.174729
0.119561
0.224652
0.233439
0.145380
0.278651
0.398976
0.420532
0.412942
0.331399
0.297871
0.322647
0.349210
0.389199
0.364532
0.373225
0.372951
0.164991
0.166266
0.332360
0.074327
0.208589
0.297290
0.362407
0.315805
0.313746
0.314824
0.339070
0.301235
0.234696
0.253946
0.168809
0.203143
0.323844
0.351139
0.166532
0.166508
0.170039
0.201169
0.338746
0.331833
0.160417
0.179813
0.316772
0.302426
0.270931
0.294707
0.256099
0.191257
0.246357
0.268822
0.163488
0.200471
0.272346
0.220376
0.292635
0.161892
0.162392
0.159381
0.268172
0.301646
0.295675
0.293333
0.080230
0.171999
0.273949
0.262494
0.148847
0.198771
0.295950
0.303377
0.263704
0.252632
0.168116
0.116412
0.341379
0.347796
0.131030
0.201748
0.298279
0.337600
0.219802
0.200863
0.145579
0.276622
0.134030
0.276437
0.306860
0.129807
0.173594
0.158009
0.249476
0.223977
0.059497
0.230011
0.151199
0.298390
0.212393
0.274347
0.144552
0.185296
0.205243
0.348224
0.318803
0.381703
0.304654
0.177969
0.240343
0.275679
0.268551
0.218702
0.178876
0.270420
0.381493
0.320826
0.152325
0.159938
0.282703
0.132535
0.166466
0.195167
0.150667
0.369795
0.242056
0.364103
0.207593
0.232555
0.311716
0.387656
0.203693
0.283067
0.167951
0.277037
0.242437
0.220064
0.176045
0.222737
0.397612
0.326229
0.353185
0.289495
0.130877
0.193139
0.049204
0.104745
0.257625
0.392902
0.309782
0.315539
0.085008
0.119818
0.285653
0.168525
0.167765
0.201367
0.244088
0.243703
0.274772
0.282842
0.320265
0.336664
0.176617
0.168527
0.143302
0.205383
0.348772
0.347619
0.372967
0.384462
0.340871
0.358119
0.346586
0.366896
0.230658
0.240453
0.124293
0.215840
0.152157
0.199041
0.260516
0.272647
0.368671
0.332403
0.231673
0.313981
0.295230
0.262078
0.190507
0.215315
0.226049
0.247904
0.074222
0.184266
0.205432
0.317556
0.330095
0.336771
0.093081
0.212111
0.325274
0.090924
0.351599
0.352440
0.358865
0.377703
0.317851
0.316221
0.354046
0.351259
0.324811
0.345507
0.306687
0.379814
0.147184
0.273680
0.366911
0.093392
0.185330
0.231065
0.366662
0.097597
0.199544
0.251408
0.175840
0.351454
0.130536
0.108844
0.216266
0.321262
0.069538
0.112414
0.266850
0.399057
0.106169
0.139571
0.290956
0.165495
0.194695
0.187540
0.274944
0.251703
0.187427
0.260096
0.299448
0.215014
0.254409
0.286718
0.247387
0.239385
0.231663
0.215991
0.261252
0.180090
0.258295
0.296490
0.221633
0.137189
0.300938
0.158378
0.254712
0.248258
0.323003
0.321435
0.177027
0.152012
0.217924
0.283805
0.119656
0.107117
0.308875
0.205744
0.188266
0.192742
0.274532
0.295537
0.160877
0.179726
0.080949
0.123743
0.274832
0.396587
0.169220
0.136884
0.234409
0.380403
0.142437
0.117000
0.111441
0.139219
0.356177
0.232712
0.097119
0.212682
0.201021
0.126689
0.249601
0.355727
0.131777
0.110377
0.073809
0.092297
0.196048
0.376791
0.151873
0.197689
0.095970
0.146960
0.198253
0.350140
0.337553
0.322951
0.336377
0.354955
0.164553
0.228066
0.337022
0.231271
0.130559
0.086845
0.054202
0.123085
0.247370
0.385835
0.117133
0.186185
0.180910
0.189034
0.258459
0.263652
0.274836
0.401701
0.375552
0.327053
0.342380
0.326232
0.157889
0.229231
0.421428
0.216656
0.255050
0.210414
0.212864
0.095918
0.227015
0.377650
0.128263
0.257477
0.406772
0.130547
0.058409
0.162684
0.114827
0.284039
0.328812
0.366126
0.205246
0.138855
0.395349
0.240424
0.269002
0.138426
0.268435
0.332703
0.304173
0.378115
0.352199
0.356796
0.378315
0.387069
0.215184
0.129663
0.074587
0.156107
0.175061
0.222210
0.143083
0.087787
0.111372
0.151847
0.106643
0.070480
0.161402
0.121628
0.237877
0.316700
0.292090
0.316509
0.115270
0.174196
0.271369
0.144343
0.074780
0.169019
0.182481
0.351817
0.116405
0.176347
0.361481
0.087065
0.086134
0.174118
0.161327
0.413487
0.107543
0.211914
0.369829
0.076056
0.123165
0.246544
0.323832
0.161244
0.119487
0.176398
0.245828
0.355429
0.294695
0.277489
0.130554
0.265065
0.243253
0.331970
0.269540
0.160533
0.199396
0.238460
0.240888
0.191631
0.155080
0.180384
0.302778
0.354273
0.309319
0.283898
0.133331
0.153015
0.224918
0.357350
0.151206
0.232337
0.254777
0.320013
0.294963
0.317155
0.075282
0.145099
0.194862
0.341304
0.132938
0.189150
0.117459
0.163520
0.290445
0.345994
0.199415
0.140533
0.112622
0.158327
0.246069
0.358172
0.183928
0.143669
0.220117
0.305072
0.160698
0.167364
0.334573
0.346459
0.227162
0.244025
0.149504
0.305009
0.384998
0.156819
0.356341
0.331723
0.108113
0.144102
0.190321
0.263458
0.225196
0.362451
0.226389
0.111287
0.104466
0.244747
0.324338
0.060547
0.133071
0.156870
0.300998
0.297192
0.141492
0.198848
0.255921
0.218349
0.121922
0.188865
0.058986
0.122611
0.292892
0.374607
0.121380
0.129667
0.195033
0.183292
0.182543
0.349601
0.081915
0.156474
0.324598
0.159827
0.106373
0.283679
0.335402
0.098262
0.380067
0.380163
0.088987
0.189997
0.245525
0.345489
0.073705
0.131742
0.204094
0.377461
0.218079
0.240420
0.143344
0.235066
0.228997
0.135975
0.181633
0.163873
0.340067
0.312417
0.174134
0.169539
0.155516
0.326246
0.349585
0.352089
0.357472
0.339024
0.386233
0.349908
0.361462
0.352429
0.102091
0.250553
0.337916
0.065897
0.104424
0.196797
0.190987
0.325105
0.129494
0.218893
0.171543
0.318083
0.137575
0.108594
0.250446
0.359329
0.105623
0.095824
0.225069
0.267245
0.188817
0.197799
0.072181
0.294021
0.342799
0.055865
0.341926
0.311555
0.148336
0.197466
0.134640
0.301451
0.317760
0.382128
0.357015
0.297349
0.291540
0.332588
0.319392
0.319712
0.122731
0.258183
0.344007
0.068586
0.382732
0.306771
0.180600
0.109655
0.166319
0.358601
0.268711
0.129642
0.249457
0.197404
0.130903
0.168256
0.366169
0.169862
0.200982
0.308423
0.337926
0.090150
0.087489
0.132668
0.254921
0.376297
0.150787
0.205488
0.286986
0.187965
0.178584
0.128850
0.348913
0.364653
0.149076
0.170364
0.231011
0.232650
0.177262
0.100741
0.355451
0.338575
0.123966
0.113147
0.247801
0.322872
0.056919
0.109393
0.255610
0.375525
0.214259
0.116317
0.248908
0.311044
0.261443
0.125708
0.229119
0.148748
0.338468
0.403320
0.161479
0.152395
0.262101
0.371742
0.134944
0.071947
0.119101
0.157838
0.321660
0.126981
0.171061
0.314531
0.105972
0.219111
0.330539
0.087398
0.117166
0.186402
0.205873
0.328222
0.187107
0.330981
0.259476
0.301406
0.207024
0.315790
0.244016
0.294872
0.138341
0.207713
0.236250
0.181417
0.210410
0.119062
0.199829
0.364106
0.341120
0.360946
0.188399
0.239509
0.181074
0.268355
0.302798
0.304988
0.145113
0.157911
0.190468
0.194197
0.164326
0.124161
0.190085
0.319631
0.130953
0.174467
0.277831
0.122117
0.103268
0.114717
0.157394
0.390713
0.161892
0.199034
0.362207
0.201668
0.216525
0.240803
0.180072
0.141183
0.144116
0.190827
0.317264
0.379524
0.089569
0.184101
0.365475
0.055100
0.136171
0.230722
0.343549
0.293545
0.319634
0.330088
0.325991
0.312245
0.206237
0.152214
0.305960
0.234890
0.254408
0.303916
0.214366
0.140240
0.124748
0.098560
0.160741
0.317707
0.283741
0.376656
0.398136
0.318448
0.169590
0.216100
0.288006
0.190266
0.136548
0.094130
0.206912
0.277308
0.272840
0.323525
0.174093
0.218594
0.114478
0.119136
0.182744
0.085014
0.151243
0.122045
0.221293
0.358085
0.194656
0.192154
0.333184
0.279690
0.236003
0.093029
0.258304
0.424964
0.401514
0.382151
0.145010
0.212118
0.154373
0.144916
0.216541
0.348877
0.139770
0.112716
0.152714
0.230060
0.313136
0.291649
0.158752
0.339880
0.326213
0.312505
0.295159
0.184423
0.058911
0.130427
0.348482
0.314441
0.077423
0.117271
0.065746
0.196466
0.118218
0.137967
0.224831
0.335684
0.225003
0.172390
0.173152
0.154215
0.376493
0.338061
0.068223
0.290174
0.335523
0.085372
0.112545
0.190413
0.202775
0.333259
0.171294
0.160021
0.088501
0.113285
0.261212
0.346665
0.290249
0.191270
0.083352
0.126616
0.282037
0.387387
0.197928
0.204478
0.213026
0.363344
0.064431
0.188898
0.308471
0.106303
0.099498
0.134744
0.363389
0.207771
0.238203
0.121092
0.309394
0.231687
0.119018
0.131026
0.135231
0.136495
0.242052
0.329875
0.195459
0.143669
0.280711
0.233141
0.134789
0.089726
0.193246
0.144749
0.286314
0.261439
0.094802
0.258951
0.365774
0.236199
0.181451
0.066300
0.139475
0.218039
0.158705
0.290032
0.151033
0.121623
0.230772
0.348272
0.159937
0.122591
0.369055
0.288909
0.175607
0.293323
0.121549
0.231983
0.320168
0.127460
0.290974
0.359826
0.117067
0.163915
0.189795
0.361905
0.287067
0.288909
0.115009
0.239426
0.384804
0.091174
0.172504
0.215818
0.240542
0.332873
0.396040
0.365119
0.115707
0.237791
0.352432
0.086882
0.369617
0.323810
0.139032
0.135938
0.155613
0.318809
0.313195
0.361020
0.315727
0.312832
0.292134
0.362021
0.346313
0.337692
0.361400
0.329008
0.288941
0.338169
0.323803
0.337832
0.175270
0.111174
0.216719
0.287582
0.290096
0.300129
0.186536
0.245994
0.298343
0.133846
0.235537
0.203779
0.304065
0.288667
0.126117
0.211554
0.152736
0.284176
0.364412
0.113967
0.053791
0.153260
0.273693
0.354089
0.211068
0.235858
0.174580
0.269892
0.085346
0.177365
0.303330
0.126585
0.205250
0.188988
0.252576
0.256410
0.285985
0.401963
0.138657
0.215821
0.158986
0.326870
0.222551
0.143592
0.300470
0.130181
0.186096
0.186676
0.355907
0.135373
0.058990
0.106527
0.295183
0.324509
0.090296
0.133592
0.249531
0.371266
0.294725
0.256670
0.155428
0.162936
0.124878
0.223802
0.349001
0.062413
0.253905
0.291635
0.191612
0.199153
0.215566
0.216523
0.115082
0.184449
0.239964
0.259098
0.282727
0.222326
0.240540
0.216789
0.174524
0.146872
0.163986
0.161191
0.322030
0.086265
0.152343
0.232165
0.421633
0.076208
0.064328
0.096774
0.249811
0.314013
0.276646
0.390931
0.377649
0.331690
0.262532
0.288442
0.134823
0.182904
0.296424
0.340986
0.089680
0.195505
0.177446
0.295707
0.203030
0.298630
0.212180
0.242336
0.197665
0.230259
0.108548
0.115590
0.265533
0.366798
0.095173
0.128056
0.308324
0.310504
0.170100
0.207853
0.087496
0.173030
0.167142
0.354362
0.087509
0.230159
0.335187
0.075812
0.273617
0.307030
0.272560
0.281701
0.075311
0.071907
0.071522
0.217123
0.175272
0.347398
0.326263
0.344789
0.350887
0.305681
0.121445
0.238537
0.305105
0.141937
0.208759
0.208350
0.350043
0.351430
0.220176
0.191160
0.077579
0.217807
0.170526
0.236600
0.250240
0.218635
0.209986
0.292126
0.211357
0.286347
0.299447
0.246798
0.315779
0.141028
0.212970
0.354106
0.151822
0.086938
0.227263
0.332479
0.352020
0.325529
0.208194
0.150276
0.352174
0.098609
0.260546
0.291613
0.266753
0.396381
0.106428
0.246730
0.360312
0.125445
0.171956
0.217949
0.320513
0.322866
0.348496
0.331996
0.174327
0.282198
0.329553
0.287206
0.245977
0.188591
0.214095
0.355924
0.357372
0.328890
0.330251
0.329310
0.332508
0.338001
0.298223
0.225557
0.147433
0.168118
0.066639
0.062110
0.203375
0.185506
0.339921
0.352188
0.349309
0.347946
0.314207
0.314787
0.293005
0.327882
0.170337
0.131910
0.131052
0.097997
0.217007
0.295900
0.335929
0.335288
0.352564
0.288365
0.140174
0.202947
0.292703
0.089330
0.156474
0.194496
0.266227
0.253523
0.262012
0.160645
0.122492
0.263819
0.212365
0.283138
0.316078
0.207708
0.309346
0.117670
0.183935
0.283938
0.116666
0.202264
0.276282
0.221820
0.275118
0.246052
0.252245
0.150429
0.204299
0.286428
0.200149
0.217277
0.320478
0.257552
0.216218
0.207090
0.205905
0.201083
0.174806
0.170411
0.122353
0.139704
0.142112
0.215717
0.155484
0.196202
0.197236
0.367202
0.175938
0.218349
0.319011
0.134483
0.076274
0.092429
0.293490
0.345556
0.230556
0.250182
0.107407
0.152456
0.259340
0.270524
0.134582
0.088147
0.127371
0.191249
0.207767
0.185067
0.192882
0.383173
0.354327
0.344586
0.113762
0.236028
0.310669
0.107045
0.177211
0.141153
0.214340
0.337021
0.110538
0.250159
0.308239
0.112043
0.270036
0.387904
0.096128
0.279641
0.317823
0.159526
0.194297
0.123332
0.355106
0.157347
0.238364
0.117887
0.269894
0.357999
0.120240
0.198789
0.311162
0.064824
0.050770
0.116175
0.277473
0.331673
0.213639
0.257928
0.334262
0.194563
0.114251
0.074326
0.374580
0.322865
0.140786
0.370536
0.387149
0.066580
0.380695
0.345699
0.126077
0.110432
0.141463
0.365880
0.285482
0.373726
0.206745
0.221936
0.405355
0.091920
0.313845
0.313726
0.062413
0.167813
0.134352
0.286691
0.249343
0.292643
0.315396
0.315126
0.136895
0.218219
0.322715
0.207468
0.350470
0.316413
0.149131
0.129846
0.217868
0.325420
0.259029
0.176524
0.221423
0.238204
0.172982
0.221010
0.314010
0.163353
0.322887
0.360461
0.320439
0.328583
0.266125
0.156259
0.176658
0.139840
0.114704
0.282078
0.348282
0.061133
0.334544
0.400691
0.225742
0.272723
0.130234
0.273948
0.171333
0.303069
0.376511
0.094221
0.139625
0.198812
0.274583
0.283856
0.193479
0.269491
0.175014
0.321970
0.159797
0.219200
0.331667
0.216008
0.075123
0.183477
0.210591
0.366613
0.132442
0.216021
0.306897
0.305940
0.284194
0.276930
0.072583
0.182252
0.273313
0.340916
0.127973
0.109244
0.271143
0.269764
0.208856
0.204313
0.162104
0.134888
0.201126
0.315814
0.348112
0.358957
0.365590
0.317841
0.251036
0.203626
0.153773
0.167662
0.387636
0.345570
0.384733
0.343997
0.327921
0.352242
0.260121
0.263107
0.148437
0.173997
0.239216
0.244232
0.201163
0.215194
0.308783
0.331625
0.336185
0.341505
0.265292
0.314815
0.165256
0.170271
0.235021
0.238895
0.161699
0.142586
0.306020
0.310477
0.191939
0.202098
0.288281
0.269171
0.262113
0.268527
0.250422
0.324614
0.242118
0.288286
0.089587
0.211474
0.322957
0.080937
0.202419
0.205383
0.116656
0.183852
0.113106
0.167030
0.193553
0.277784
0.358095
0.359413
0.316505
0.318189
0.212971
0.233474
0.236993
0.265633
0.340500
0.347243
0.235342
0.247148
0.289540
0.279147
0.269495
0.267384
0.195308
0.189398
0.321183
0.311180
0.201688
0.217160
0.314464
0.311755
0.160789
0.161778
0.165678
0.221357
0.369798
0.300912
0.154796
0.161425
0.309264
0.307963
0.271482
0.267707
0.240315
0.258846
0.380155
0.336951
0.320148
0.321708
0.296290
0.404873
0.238565
0.236525
0.207498
0.188920
0.318552
0.317392
0.216141
0.209123
0.206331
0.201424
0.247934
0.133338
0.186661
0.054584
0.088678
0.259338
0.194135
0.211329
0.286423
0.322824
0.205372
0.233582
0.221155
0.214878
0.322654
0.371215
0.340600
0.318288
0.280157
0.192607
0.293573
0.208702
0.301321
0.107057
0.288563
0.268285
0.302330
0.301028
0.306960
0.279610
0.076841
0.221018
0.327046
0.189188
0.166438
0.316376
0.181192
0.140250
0.297270
0.093846
0.185184
0.234912
0.377814
0.300424
0.147678
0.197716
0.247643
0.294702
0.388649
0.335062
0.347559
0.347966
0.348809
0.427022
0.373815
0.367388
0.206808
0.244411
0.202347
0.177176
0.331277
0.343838
0.201844
0.135977
0.361952
0.053227
0.113758
0.106676
0.279799
0.367516
0.333185
0.366533
0.349240
0.348783
0.314497
0.314561
0.315779
0.362845
0.273726
0.200383
0.195552
0.196915
0.313219
0.332500
0.357307
0.357674
0.095296
0.166473
0.360038
0.174420
0.172271
0.170058
0.179321
0.156302
0.171098
0.362512
0.393045
0.302051
0.291657
0.306569
0.341238
0.338853
0.360297
0.302423
0.127913
0.258711
0.325629
0.161413
0.142606
0.165291
0.261562
0.312779
0.317066
0.328886
0.337845
0.414139
0.401767
0.344913
0.323261
0.347351
0.136742
0.235254
0.331735
0.219878
0.187145
0.194845
0.229744
0.232976
0.262367
0.253372
0.262276
0.178687
0.061768
0.091170
0.127018
0.245999
0.308991
0.294494
0.111763
0.255939
0.321509
0.242936
0.235962
0.256869
0.264464
0.157176
0.063235
0.107528
0.185199
0.134682
0.181738
0.103245
0.334772
0.320403
0.389272
0.333505
0.349703
0.287520
0.142628
0.196040
0.294701
0.087876
0.203858
0.181631
0.324386
0.380642
0.371779
0.329200
0.323792
0.316529
0.317042
0.307538
0.278130
0.227338
0.108295
0.097279
0.269817
0.359032
0.283751
0.206896
0.046671
0.088094
0.140211
0.365664
0.361150
0.325621
0.228319
0.132077
0.242993
0.237241
0.206055
0.192822
0.115336
0.210830
0.326852
0.192483
0.250653
0.350545
0.334163
0.362191
0.348559
0.316896
0.097019
0.225571
0.340453
0.153823
0.380595
0.350066
0.128004
0.141700
0.206311
0.309236
0.124145
0.170728
0.259349
0.081674
0.228090
0.229708
0.144341
0.217147
0.209757
0.276704
0.329646
0.139988
0.301325
0.341655
0.339393
0.237060
0.190919
0.162236
0.313275
0.314345
0.135279
0.101792
0.245998
0.375700
0.348612
0.348126
0.127319
0.249988
0.336352
0.083672
0.351511
0.349045
0.367838
0.314033
0.314398
0.314459
0.097799
0.191198
0.244785
0.340420
0.326052
0.352370
0.092210
0.149729
0.233277
0.212004
0.146857
0.195027
0.131634
0.241476
0.354103
0.133748
0.290743
0.134105
0.210911
0.164373
0.125304
0.132398
0.254182
0.362471
0.061477
0.218884
0.260692
0.262703
0.142173
0.109440
0.170709
0.168758
0.333503
0.143162
0.181243
0.095171
0.218139
0.285408
0.093991
0.128275
0.200005
0.329051
0.139391
0.233137
0.158700
0.294276
0.158593
0.294586
0.367851
0.075356
0.140295
0.243671
0.333325
0.153529
0.212392
0.113178
0.151391
0.326326
0.250713
0.245808
0.167612
0.167175
0.129522
0.239561
0.378311
0.123807
0.132472
0.181790
0.230099
0.312502
0.097585
0.119041
0.142115
0.149495
0.278324
0.327742
0.210924
0.320649
0.068732
0.263223
0.328208
0.044894
0.244810
0.207492
0.208407
0.207428
0.236671
0.306540
0.241736
0.238609
0.293602
0.341373
0.335904
0.323771
0.320017
0.320300
0.158307
0.159352
0.094212
0.342402
0.350493
0.351168
0.098527
0.179180
0.272358
0.048618
0.365647
0.358316
0.247496
0.136605
0.203806
0.140271
0.255007
0.220087
0.145708
0.203116
0.344929
0.364007
0.364215
0.349379
0.350555
0.254197
0.189245
0.178988
0.256655
0.237035
0.087383
0.145465
0.345087
0.313052
0.215503
0.198253
0.271497
0.224658
0.261357
0.248228
0.247145
0.249285
0.290782
0.294232
0.290417
0.308845
0.226580
0.198654
0.205799
0.191044
0.190758
0.210599
0.217366
0.227741
0.324252
0.345303
0.337041
0.313061
0.229469
0.215044
0.263390
0.242651
0.369522
0.320452
0.256820
0.239021
0.279887
0.269257
0.290675
0.188290
0.219870
0.211718
0.270884
0.299670
0.236297
0.236152
0.351110
0.310087
0.207929
0.172422
0.092542
0.197686
0.181409
0.309735
0.173351
0.290396
0.297421
0.259767
0.258978
0.263155
0.155322
0.219062
0.311288
0.289035
0.318601
0.374613
0.360751
0.324075
0.140868
0.264379
0.296412
0.190844
0.190189
0.219566
0.314265
0.289853
0.140005
0.184185
0.191107
0.350579
0.271218
0.226746
0.212547
0.309073
0.199688
0.397474
0.379328
0.153949
0.296302
0.069542
0.131449
0.132873
0.264442
0.280590
0.087076
0.124350
0.256451
0.300097
0.145956
0.260645
0.202540
0.177294
0.263992
0.326958
0.330818
0.267297
0.298120
0.305477
0.209720
0.220276
0.344863
0.324067
0.067820
0.281262
0.208651
0.313497
0.274727
0.206755
0.064838
0.100831
0.214795
0.364605
0.332199
0.219402
0.186438
0.114663
0.364350
0.317611
0.210853
0.246314
0.100712
0.251729
0.169984
0.247459
0.256264
0.164742
0.243046
0.216256
0.169301
0.209699
0.159294
0.361523
0.146150
0.284645
0.318680
0.172303
0.179378
0.195050
0.282285
0.346433
0.157601
0.252231
0.382005
0.145963
0.075848
0.225724
0.145657
0.244783
0.241523
0.185046
0.232046
0.245167
0.209100
0.255226
0.262545
0.268888
0.298052
0.218824
0.190031
0.301316
0.108237
0.296804
0.341831
0.349287
0.302020
0.175591
0.069659
0.112597
0.245431
0.293719
0.334158
0.391271
0.103232
0.293993
0.388987
0.244450
0.262205
0.185814
0.162121
0.319175
0.366276
0.305914
0.173893
0.224090
0.250459
0.127118
0.094356
0.090835
0.139725
0.201428
0.283067
0.277863
0.345359
0.183767
0.266712
0.390197
0.116155
0.235434
0.330631
0.269239
0.277682
0.139269
0.137164
0.095663
0.201464
0.200401
0.314310
0.324126
0.348152
0.348188
0.314053
0.315076
0.296129
0.306601
0.173394
0.128972
0.147914
0.111183
0.203528
0.325301
0.387772
0.350788
0.352717
0.353867
0.353144
0.353509
0.341877
0.329456
0.233066
0.243607
0.238916
0.283281
0.318319
0.284789
0.139459
0.193287
0.296086
0.301339
0.306064
0.300864
0.245301
0.206138
0.119512
0.343189
0.359243
0.374298
0.165178
0.138242
0.332345
0.069589
0.241537
0.240234
0.228188
0.226379
0.060514
0.106483
0.164353
0.325611
0.133958
0.230294
0.374781
0.167882
0.208277
0.144564
0.149528
0.186608
0.154016
0.134335
0.366790
0.344972
0.156493
0.144971
0.353694
0.147282
0.070916
0.219416
0.348297
0.120314
0.174381
0.102183
0.172513
0.353364
0.039099
0.093949
0.220671
0.286908
0.166058
0.331446
0.395012
0.060547
0.337578
0.318299
0.247301
0.179160
0.237155
0.198726
0.364526
0.374518
0.306372
0.343459
0.349273
0.389801
0.313283
0.313042
0.303578
0.378203
0.340911
0.313031
0.195198
0.199373
0.367845
0.175451
0.092256
0.151727
0.323215
0.352006
0.110643
0.146519
0.234736
0.357737
0.250232
0.178939
0.323915
0.336343
0.372935
0.331728
0.162195
0.164714
0.267055
0.331084
0.269505
0.214512
0.201302
0.233386
0.195654
0.224360
0.240294
0.243881
0.324323
0.306756
0.197592
0.187836
0.326508
0.336917
0.141135
0.181044
0.284547
0.339714
0.189943
0.170000
0.266727
0.288674
0.242037
0.185814
0.084480
0.178863
0.362867
0.301146
0.080717
0.087136
0.155414
0.232119
0.332676
0.089065
0.257924
0.340284
0.134276
0.113970
0.211452
0.392498
0.246012
0.279875
0.195064
0.248866
0.305785
0.356527
0.167265
0.163061
0.258396
0.295048
0.153608
0.256578
0.186735
0.162636
0.208155
0.236036
0.130266
0.124033
0.225932
0.398222
0.111836
0.079838
0.329516
0.388900
0.087441
0.215314
0.325989
0.077868
0.353447
0.353355
0.360793
0.357715
0.347592
0.347445
0.080346
0.058125
0.229230
0.371059
0.382590
0.348831
0.050999
0.130354
0.222024
0.370100
0.094345
0.225735
0.351454
0.102854
0.112330
0.276392
0.349485
0.052247
0.078938
0.137246
0.220842
0.379389
0.219784
0.105524
0.191850
0.372002
0.132106
0.274247
0.411791
0.053128
0.315168
0.175996
0.251557
0.246710
0.204196
0.261075
0.121553
0.171586
0.271993
0.212787
0.285448
0.248077
0.217271
0.219775
0.198596
0.142574
0.310364
0.317630
0.164328
0.237290
0.287487
0.102259
0.229459
0.215204
0.212568
0.193956
0.357597
0.248077
0.298854
0.331407
0.280900
0.230995
0.218629
0.187332
0.130717
0.229836
0.350663
0.128184
0.294216
0.274345
0.260456
0.226500
0.127933
0.125792
0.244089
0.373742
0.204802
0.243284
0.246784
0.271089
0.300159
0.117160
0.220059
0.239561
0.185125
0.214838
0.307786
0.303592
0.285327
0.193521
0.247407
0.275920
0.094646
0.148571
0.166324
0.151293
0.164707
0.172765
0.153591
0.268127
0.247168
0.378750
0.283085
0.293383
0.247971
0.293732
0.088266
0.251158
0.329625
0.066227
0.089603
0.169831
0.272991
0.314751
0.147133
0.241427
0.219684
0.220305
0.210891
0.195388
0.084218
0.161157
0.234890
0.330334
0.210568
0.287592
0.184983
0.117165
0.212136
0.284731
0.234237
0.157080
0.262088
0.115481
0.191584
0.213949
0.291784
0.311686
0.275329
0.281551
0.148032
0.176353
0.185717
0.171882
0.306599
0.304232
0.144231
0.210820
0.231334
0.250344
0.123650
0.148266
0.207419
0.196456
0.291229
0.234793
0.238792
0.260385
0.210594
0.297382
0.089946
0.178223
0.239315
0.234820
0.129574
0.136167
0.126668
0.204725
0.299303
0.222091
0.158272
0.219119
0.217571
0.144947
0.220491
0.094262
0.099375
0.177929
0.159159
0.133925
0.300640
0.260475
0.147635
0.186673
0.090759
0.194129
0.213199
0.264112
0.163036
0.129936
0.139323
0.215871
0.264221
0.264665
0.155475
0.228195
0.216720
0.234194
0.294687
0.106058
0.292166
0.336480
0.239453
0.201317
0.335704
0.322704
0.155557
0.122411
0.222931
0.253833
0.296204
0.192765
0.154722
0.195042
0.203046
0.146826
0.179076
0.074205
0.106124
0.192078
0.171227
0.154318
0.260672
0.262281
0.162094
0.168075
0.253647
0.246095
0.297311
0.159546
0.204011
0.270515
0.215810
0.308008
0.173272
0.113123
0.226736
0.186827
0.246975
0.338554
0.206695
0.172596
0.120740
0.127395
0.121820
0.188754
0.300755
0.285813
0.318810
0.345778
0.347951
0.336588
0.099382
0.199345
0.294255
0.097696
0.240238
0.231268
0.303861
0.332125
0.348602
0.347985
0.348744
0.356247
0.355129
0.357722
0.338020
0.403598
0.262338
0.272816
0.080424
0.198483
0.186734
0.333765
0.226088
0.327459
0.092218
0.103836
0.189151
0.300414
0.340102
0.363285
0.356654
0.344257
0.370230
0.373621
0.349377
0.350466
0.387688
0.346644
0.184598
0.172019
0.276159
0.258014
0.134401
0.215704
0.267847
0.153780
0.189440
0.216466
0.327433
0.105005
0.350323
0.319584
0.074636
0.100297
0.285253
0.358922
0.332366
0.363223
0.169411
0.197136
0.333505
0.138284
0.174157
0.090492
0.331123
0.163716
0.354805
0.344373
0.175190
0.188902
0.230936
0.252956
0.186893
0.199921
0.184820
0.210113
0.120692
0.139866
0.282699
0.217189
0.323126
0.274881
0.102528
0.142381
0.228127
0.364799
0.313970
0.315239
0.385680
0.354347
0.319828
0.343136
0.208826
0.170881
0.290177
0.279143
0.150432
0.253486
0.384729
0.111461
0.302237
0.369366
0.214616
0.214139
0.181791
0.291560
0.299372
0.300252
0.225483
0.186533
0.256906
0.214945
0.229596
0.253030
0.138896
0.177639
0.205224
0.216486
0.354006
0.147636
0.339923
0.306416
0.258248
0.310822
0.293395
0.202914
0.245565
0.141769
0.299382
0.069530
0.053977
0.063490
0.197982
0.244696
0.185491
0.134369
0.163537
0.358412
0.072100
0.232357
0.378944
0.103647
0.150056
0.210069
0.344455
0.110661
0.243226
0.222995
0.302353
0.336868
0.197854
0.194424
0.153188
0.221986
0.197531
0.278459
0.258022
0.277973
0.115257
0.171088
0.228580
0.327472
0.245869
0.371658
0.209296
0.240174
0.368683
0.327097
0.155700
0.136915
0.214185
0.367929
0.360154
0.354918
0.312958
0.207535
0.200806
0.173853
0.353784
0.354355
0.385640
0.317890
0.155673
0.153212
0.356320
0.355619
0.315806
0.363225
0.169248
0.169996
0.352487
0.355634
0.199508
0.174235
0.117487
0.359984
0.107592
0.136886
0.358313
0.176692
0.137595
0.202713
0.360148
0.154028
0.070406
0.122652
0.260658
0.432800
0.109731
0.153557
0.299049
0.389631
0.354963
0.423076
0.197188
0.109829
0.239044
0.281633
0.393360
0.350007
0.351657
0.352927
0.321352
0.366229
0.226182
0.196962
0.230332
0.241523
0.142509
0.129597
0.212814
0.278054
0.179224
0.207579
0.383332
0.091379
0.156327
0.254624
0.320590
0.077867
0.098671
0.119327
0.209741
0.343511
0.295434
0.288682
0.209732
0.173650
0.199415
0.172398
0.331220
0.272427
0.189132
0.195700
0.272699
0.299464
0.069115
0.114039
0.237714
0.332620
0.135479
0.058203
0.177817
0.174956
0.305312
0.303774
0.147805
0.110825
0.244922
0.363278
0.173436
0.152165
0.360455
0.318963
0.302806
0.298661
0.288346
0.212023
0.238243
0.320436
0.182801
0.226283
0.275945
0.303241
0.298377
0.351204
0.273882
0.241261
0.139692
0.279783
0.167393
0.256221
0.305238
0.130168
0.296117
0.237254
0.215249
0.189858
0.186681
0.220859
0.192574
0.262927
0.273116
0.284810
0.168371
0.171781
0.211417
0.188304
0.281318
0.182209
0.279490
0.260119
0.145738
0.132504
0.141889
0.223829
0.335179
0.117315
0.144855
0.274850
0.339092
0.055328
0.323058
0.344069
0.148044
0.159122
0.172646
0.348637
0.332964
0.348367
0.138960
0.147418
0.267512
0.300582
0.130637
0.112489
0.138521
0.231001
0.364988
0.120712
0.176408
0.126111
0.236094
0.289180
0.186031
0.234205
0.321340
0.202566
0.251435
0.254603
0.213690
0.111971
0.283297
0.384967
0.104720
0.234285
0.367326
0.097651
0.164504
0.130650
0.371258
0.236857
0.147138
0.069869
0.125741
0.179775
0.323367
0.304463
0.145924
0.144851
0.091231
0.171747
0.187408
0.225131
0.153136
0.095522
0.225572
0.183699
0.288301
0.231157
0.124356
0.126723
0.172551
0.056933
0.079272
0.211785
0.114852
0.211041
0.247287
0.119878
0.304475
0.366341
0.115918
0.135864
0.177040
0.265880
0.258188
0.100872
0.286893
0.392782
0.210478
0.277131
0.375092
0.260921
0.268005
0.243860
0.118931
0.069809
0.068677
0.232650
0.157368
0.282988
0.266946
0.196043
0.283991
0.148554
0.234151
0.273877
0.370035
0.369835
0.349885
0.349366
0.350398
0.352019
0.347416
0.352061
0.373967
0.328537
0.151513
0.317959
0.412703
0.275858
0.161963
0.143410
0.161661
0.158800
0.172329
0.116893
0.179160
0.388504
0.105760
0.293754
0.355351
0.114139
0.150670
0.184118
0.318226
0.307709
0.319534
0.317107
0.347540
0.347553
0.350772
0.351001
0.347537
0.347765
0.326602
0.297544
0.156527
0.108316
0.107216
0.135646
0.315531
0.318166
0.124312
0.076625
0.330108
0.311511
0.286493
0.239539
0.161634
0.119857
0.143686
0.285247
0.171506
0.123582
0.247434
0.292067
0.345266
0.294542
0.299299
0.312204
0.338872
0.343345
0.330724
0.318538
0.349167
0.365873
0.096539
0.169689
0.206039
0.361301
0.314781
0.371197
0.112768
0.124814
0.250492
0.132997
0.249879
0.271298
0.129719
0.189228
0.292749
0.302550
0.364844
0.327527
0.116683
0.257048
0.345900
0.090499
0.155659
0.158168
0.299526
0.304556
0.177909
0.135372
0.196366
0.351602
0.346234
0.358278
0.354178
0.320570
0.335329
0.339695
0.260089
0.305137
0.268862
0.254492
0.200249
0.130902
0.205982
0.195919
0.174052
0.205566
0.234433
0.211484
0.310630
0.113836
0.347836
0.350489
0.099820
0.109892
0.238772
0.325637
0.216283
0.165285
0.136514
0.129904
0.249716
0.329090
0.346577
0.297064
0.155670
0.193740
0.258298
0.078636
0.216989
0.133386
0.240948
0.220104
0.282513
0.251841
0.280975
0.170398
0.349791
0.355942
0.137847
0.227084
0.192221
0.348922
0.299094
0.371131
0.083986
0.135249
0.250095
0.369392
0.134146
0.097980
0.314052
0.317262
0.095599
0.132985
0.313770
0.158070
0.358015
0.347900
0.351072
0.323807
0.354871
0.354684
0.306099
0.311901
0.350361
0.354936
0.352589
0.314270
0.349132
0.348999
0.139286
0.200603
0.346908
0.186936
0.347115
0.356259
0.126844
0.174495
0.270880
0.382499
0.083372
0.132980
0.335295
0.169404
0.360462
0.343336
0.043528
0.099954
0.236881
0.339755
0.126442
0.108686
0.324297
0.201087
0.335033
0.321990
0.092402
0.098855
0.248950
0.394797
0.336367
0.311801
0.113102
0.224777
0.404253
0.143251
0.310583
0.171531
0.197894
0.171791
0.132796
0.114772
0.249680
0.258648
0.167965
0.077910
0.089052
0.095131
0.279320
0.354991
0.162520
0.251605
0.194895
0.342159
0.202349
0.219146
0.304808
0.094819
0.188176
0.219513
0.294382
0.319085
0.199810
0.189737
0.302777
0.236630
0.072210
0.212702
0.340977
0.085414
0.216837
0.181795
0.301385
0.282408
0.080773
0.115058
0.215346
0.340865
0.229660
0.182334
0.360551
0.365618
0.299424
0.246422
0.094733
0.185063
0.335405
0.145240
0.166089
0.263405
0.357575
0.330530
0.235652
0.121462
0.089516
0.144913
0.278401
0.349303
0.134117
0.190065
0.366404
0.271902
0.102188
0.163355
0.267229
0.315851
0.323504
0.358197
0.380049
0.348600
0.285985
0.323210
0.147355
0.160970
0.184143
0.346292
0.147153
0.094077
0.183835
0.331800
0.233972
0.228745
0.180910
0.192370
0.156355
0.149467
0.395656
0.160268
0.164693
0.241984
0.194471
0.193230
0.197187
0.173023
0.185178
0.359665
0.115480
0.126446
0.206915
0.403957
0.080792
0.096673
0.131003
0.108626
0.198180
0.401344
0.153252
0.193913
0.356798
0.099802
0.102078
0.252655
0.368906
0.099081
0.192946
0.132972
0.211136
0.353912
0.110023
0.084238
0.187412
0.342143
0.314269
0.313957
0.304711
0.277288
0.163479
0.211360
0.347466
0.162287
0.120271
0.141731
0.284528
0.334085
0.118375
0.117358
0.170177
0.335876
0.103290
0.247085
0.378574
0.056061
0.118649
0.158287
0.184109
0.307183
0.352934
0.361071
0.166804
0.104781
0.396597
0.099987
0.227151
0.394806
0.371971
0.348263
0.300851
0.315172
0.180943
0.259564
0.093290
0.083423
0.138261
0.094661
0.237093
0.336252
0.398610
0.357503
0.353705
0.353481
0.357930
0.358028
0.354748
0.374142
0.154031
0.120895
0.317082
0.270195
0.180812
0.137642
0.303369
0.337611
0.311244
0.322183
0.344622
0.329804
0.130345
0.184903
0.363174
0.161942
0.130703
0.153996
0.265403
0.323976
0.311847
0.382105
0.351705
0.351410
0.354915
0.350421
0.349201
0.349941
0.199250
0.147409
0.302894
0.054262
0.145232
0.226760
0.158760
0.096783
0.101249
0.141902
0.225220
0.342940
0.126987
0.200757
0.197912
0.295283
0.097020
0.230170
0.322787
0.068782
0.097617
0.170102
0.226019
0.300803
0.142538
0.101168
0.104495
0.209670
0.178557
0.331717
0.211004
0.223827
0.197947
0.231406
0.100103
0.220594
0.329943
0.070489
0.202217
0.205389
0.261019
0.269566
0.358896
0.371018
0.204598
0.198805
0.274765
0.271752
0.373777
0.352548
0.126242
0.189800
0.308786
0.218245
0.054325
0.093114
0.253214
0.347213
0.097415
0.110626
0.277069
0.393674
0.145631
0.084629
0.167116
0.097735
0.221851
0.302175
0.110207
0.216712
0.220483
0.351958
0.114175
0.223908
0.226119
0.361255
0.175246
0.212298
0.194750
0.294923
0.291064
0.326769
0.364516
0.343637
0.329011
0.301423
0.378708
0.374628
0.321300
0.351367
0.270422
0.240730
0.128460
0.188403
0.268014
0.224597
0.271397
0.219248
0.293548
0.295510
0.215498
0.157840
0.137548
0.193753
0.255078
0.321518
0.251667
0.280794
0.323240
0.233792
0.152748
0.130343
0.220689
0.259303
0.188912
0.157285
0.201950
0.164317
0.317326
0.095683
0.266735
0.284470
0.213043
0.126570
0.063426
0.098941
0.259760
0.324580
0.162909
0.261284
0.320205
0.066094
0.360727
0.330682
0.324470
0.351949
0.347754
0.347827
0.171432
0.276135
0.181631
0.236710
0.349588
0.351721
0.065313
0.126449
0.318684
0.423403
0.347491
0.347914
0.208620
0.124655
0.290580
0.305775
0.347262
0.348083
0.227142
0.224033
0.255726
0.260229
0.352338
0.352731
0.195697
0.207598
0.256570
0.307494
0.357099
0.354593
0.088118
0.186918
0.333576
0.366722
0.355571
0.356869
0.320129
0.346066
0.326498
0.349576
0.326296
0.315130
0.168986
0.099396
0.328923
0.161502
0.349242
0.360957
0.205506
0.185253
0.227859
0.224371
0.135254
0.226602
0.380226
0.075930
0.220008
0.200307
0.213822
0.134322
0.188915
0.102081
0.134543
0.372935
0.164698
0.270481
0.366505
0.075454
0.144348
0.235763
0.349125
0.154714
0.201304
0.139287
0.280492
0.286660
0.108580
0.193081
0.188065
0.298831
0.198760
0.277276
0.297727
0.371276
0.220247
0.245504
0.279028
0.303926
0.210288
0.205003
0.238442
0.233996
0.356876
0.348011
0.225363
0.239997
0.315493
0.305283
0.106226
0.138421
0.304696
0.128834
0.111492
0.064677
0.236178
0.338409
0.392919
0.334527
0.234304
0.158227
0.086391
0.178577
0.219741
0.338044
0.080900
0.312236
0.380078
0.191531
0.085416
0.046949
0.208056
0.307473
0.248452
0.279973
0.200690
0.149188
0.209996
0.161229
0.197938
0.257253
0.162497
0.256384
0.145682
0.240263
0.335236
0.065559
0.382755
0.275910
0.378979
0.351780
0.276262
0.195352
0.185324
0.139063
0.389924
0.360478
0.317790
0.330603
0.063948
0.115525
0.276596
0.401845
0.285604
0.296514
0.115382
0.165895
0.348955
0.172580
0.101061
0.177182
0.261054
0.130151
0.070053
0.205782
0.163316
0.362031
0.221565
0.336627
0.042360
0.104810
0.254024
0.374281
0.262879
0.260410
0.318949
0.122275
0.268551
0.333841
0.274640
0.352950
0.333520
0.338472
0.139269
0.279307
0.315671
0.205858
0.240487
0.318440
0.260426
0.267417
0.107862
0.103810
0.178323
0.334573
0.274735
0.179338
0.332547
0.297729
0.188075
0.115315
0.196388
0.234021
0.336283
0.379288
0.081737
0.171237
0.350722
0.045227
0.121917
0.179911
0.204989
0.355160
0.311467
0.369829
0.133228
0.273101
0.374064
0.121201
0.143331
0.099503
0.229699
0.255383
0.123374
0.190833
0.272115
0.106296
0.212348
0.202412
0.313201
0.331116
0.351746
0.351711
0.347915
0.347927
0.354457
0.355260
0.348817
0.346732
0.165641
0.139287
0.146511
0.237966
0.229977
0.171501
0.229973
0.088051
0.142020
0.251477
0.348157
0.296117
0.318987
0.382548
0.360353
0.329658
0.339781
0.331191
0.242048
0.238211
0.176443
0.220376
0.308774
0.355221
0.245293
0.235545
0.323187
0.313803
0.284010
0.212586
0.179462
0.301755
0.112747
0.250955
0.276618
0.219839
0.112928
0.167638
0.225540
0.348831
0.191335
0.256793
0.077000
0.145405
0.263806
0.250020
0.221872
0.236662
0.258227
0.204214
0.139544
0.293445
0.351118
0.119756
0.234860
0.240726
0.259667
0.277925
0.172112
0.113515
0.128874
0.372147
0.220523
0.230079
0.287039
0.289262
0.120689
0.223747
0.322716
0.065698
0.234118
0.220813
0.291369
0.282014
0.327986
0.320795
0.176088
0.215649
0.267973
0.228097
0.360620
0.346962
0.124729
0.179011
0.200773
0.347921
0.221861
0.355278
0.111273
0.313109
0.390547
0.072642
0.226608
0.251443
0.177421
0.322800
0.234904
0.277502
0.140313
0.229620
0.126844
0.231171
0.375889
0.143132
0.140050
0.210003
0.242639
0.290079
0.091267
0.108966
0.198828
0.306775
0.187756
0.153458
0.250999
0.193311
0.409654
0.339794
0.133816
0.280393
0.361216
0.099155
0.103529
0.243473
0.374277
0.075389
0.126295
0.175016
0.296726
0.323064
0.232704
0.212216
0.125800
0.191673
0.228881
0.297556
0.179046
0.255554
0.144442
0.174195
0.205418
0.257084
0.123226
0.163324
0.295765
0.273485
0.166873
0.300001
0.168592
0.285512
0.276920
0.118811
0.083966
0.255694
0.376733
0.082141
0.402029
0.250682
0.091005
0.136759
0.209609
0.294058
0.147139
0.194858
0.133892
0.352830
0.318525
0.324900
0.178500
0.205147
0.216965
0.192652
0.349199
0.350397
0.136629
0.165017
0.325445
0.160715
0.351444
0.350300
0.073850
0.207375
0.344770
0.084592
0.348102
0.347451
0.274753
0.242229
0.127996
0.192957
0.315215
0.315768
0.235650
0.239539
0.208900
0.224826
0.375998
0.340417
0.267130
0.236770
0.194957
0.136101
0.325161
0.396877
0.151499
0.293675
0.329742
0.059035
0.304083
0.323493
0.318704
0.366752
0.305367
0.303948
0.357096
0.356216
0.341826
0.317853
0.358373
0.355330
0.337404
0.363077
0.381013
0.364267
0.387754
0.330285
0.105304
0.250531
0.353142
0.050858
0.122205
0.130349
0.186117
0.342241
0.161023
0.213804
0.133190
0.327776
0.181039
0.188810
0.263734
0.147711
0.199626
0.316892
0.108867
0.217827
0.324834
0.087602
0.366700
0.241896
0.117443
0.161585
0.214292
0.313462
0.204233
0.274238
0.206437
0.223787
0.275364
0.262966
0.346910
0.332065
0.061985
0.092678
0.230091
0.363318
0.312178
0.170266
0.280854
0.322729
0.245066
0.192899
0.312471
0.344612
0.116676
0.233646
0.333141
0.119775
0.169606
0.182307
0.238437
0.257261
0.364593
0.386157
0.295342
0.292568
0.203651
0.219302
0.271478
0.328857
0.289523
0.300788
0.144184
0.154264
0.120471
0.088879
0.173602
0.303961
0.281842
0.295709
0.164792
0.152686
0.196775
0.236315
0.266525
0.274486
0.137339
0.133422
0.162110
0.115675
0.360790
0.156954
0.304110
0.289258
0.367729
0.383296
0.319268
0.343348
0.131888
0.177374
0.134595
0.313856
0.160089
0.202814
0.305556
0.100250
0.136092
0.202504
0.129313
0.362871
0.355675
0.065107
0.065267
0.079586
0.261092
0.349031
0.125355
0.191018
0.212869
0.162381
0.204405
0.275071
0.253303
0.387241
0.299859
0.312942
0.271976
0.217270
0.247152
0.237949
0.089498
0.212826
0.167382
0.211004
0.258827
0.186521
0.232773
0.317307
0.148751
0.218401
0.137654
0.111658
0.242015
0.230497
0.351909
0.382981
0.227633
0.179864
0.224225
0.248935
0.377906
0.332003
0.329203
0.351399
0.201034
0.242790
0.395691
0.336903
0.301350
0.308783
0.129351
0.086347
0.163241
0.200162
0.257197
0.263973
0.251853
0.227802
0.147131
0.069784
0.163045
0.239992
0.349852
0.310235
0.317596
0.317388
0.350081
0.350061
0.357604
0.387441
0.093248
0.238139
0.336444
0.114079
0.071790
0.183314
0.156238
0.192357
0.215061
0.126826
0.205823
0.361064
0.314417
0.392163
0.231584
0.216381
0.053030
0.207239
0.135505
0.325191
0.334903
0.346403
0.239675
0.194112
0.315006
0.170095
0.221283
0.104888
0.163394
0.143452
0.290641
0.296194
0.139857
0.281849
0.258815
0.280424
0.185374
0.155149
0.198536
0.243864
0.187609
0.330575
0.102883
0.232473
0.358992
0.170619
0.243958
0.087125
0.169511
0.126913
0.210476
0.330135
0.147274
0.106006
0.099173
0.180059
0.245991
0.396695
0.367877
0.269539
0.151729
0.175551
0.139966
0.289120
0.358393
0.116831
0.136350
0.095810
0.350609
0.363548
0.223595
0.273279
0.103524
0.090090
0.251967
0.367619
0.337724
0.320172
0.259066
0.246446
0.203130
0.140192
0.246177
0.260428
0.161260
0.249477
0.212867
0.209303
0.224528
0.200928
0.243751
0.241838
0.091215
0.174199
0.187085
0.355339
0.115446
0.181061
0.331015
0.067366
0.154044
0.204843
0.175292
0.289283
0.214027
0.151397
0.264277
0.254614
0.132396
0.108829
0.345214
0.287920
0.154450
0.114872
0.165974
0.321424
0.368864
0.347157
0.197033
0.191248
0.327349
0.115000
0.245858
0.351996
0.197963
0.248560
0.201588
0.196031
0.275941
0.285397
0.140945
0.197268
0.163509
0.124659
0.219328
0.412437
0.242871
0.206788
0.289363
0.285044
0.185349
0.120407
0.250170
0.351158
0.087376
0.228501
0.311138
0.059583
0.245058
0.199286
0.218008
0.221807
0.154988
0.137001
0.320489
0.319130
0.119046
0.112751
0.316544
0.348659
0.115066
0.150946
0.225089
0.359674
0.209174
0.115303
0.141004
0.286241
0.106715
0.143427
0.378897
0.163147
0.109729
0.283748
0.352014
0.056242
0.063849
0.099658
0.223531
0.328345
0.391463
0.295207
0.348487
0.336833
0.391477
0.347080
0.313613
0.338036
0.105906
0.094316
0.288253
0.101923
0.360344
0.336789
0.115266
0.160822
0.164482
0.301798
0.306745
0.405333
0.315247
0.321522
0.106363
0.261554
0.340004
0.087699
0.222716
0.276542
0.257958
0.254828
0.133506
0.199012
0.316089
0.239272
0.086026
0.108222
0.163421
0.229419
0.207734
0.259016
0.382320
0.393791
0.127465
0.160622
0.264587
0.290030
0.353610
0.354152
0.169062
0.134092
0.258407
0.212046
0.347740
0.347740
0.146082
0.178729
0.372527
0.130378
0.353888
0.353842
0.387471
0.373065
0.327977
0.339659
0.235990
0.190634
0.182943
0.213022
0.219173
0.231285
0.229879
0.232807
0.319384
0.333422
0.327236
0.310345
0.254749
0.229597
0.109400
0.185845
0.276332
0.300718
0.158363
0.212703
0.304492
0.305003
0.203748
0.192575
0.104631
0.157874
0.198674
0.269395
0.168507
0.163801
0.296692
0.284720
0.102535
0.130278
0.129896
0.383046
0.126297
0.306858
0.355823
0.138835
0.341075
0.308024
0.309260
0.237104
0.133712
0.219479
0.356567
0.164703
0.221974
0.158491
0.233163
0.257803
0.300910
0.338050
0.333359
0.309624
0.210874
0.199984
0.372513
0.302805
0.305857
0.280812
0.205785
0.144667
0.358438
0.359102
0.284957
0.305687
0.302289
0.333316
0.183496
0.137366
0.085670
0.339776
0.130820
0.129682
0.178348
0.239569
0.098618
0.237193
0.275444
0.043865
0.313274
0.366451
0.107510
0.288315
0.350347
0.054969
0.308017
0.315260
0.206956
0.116455
0.161104
0.297556
0.155204
0.124058
0.311672
0.299949
0.153882
0.154141
0.343761
0.320878
0.182082
0.176580
0.360336
0.330215
0.322473
0.320785
0.219795
0.132216
0.222232
0.265761
0.235286
0.179150
0.328480
0.290772
0.215320
0.251697
0.247081
0.224656
0.355538
0.237625
0.172989
0.223663
0.287108
0.204540
0.206479
0.195164
0.265263
0.117006
0.271221
0.371486
0.394737
0.332180
0.172798
0.128818
0.312711
0.258556
0.207734
0.237262
0.270475
0.126422
0.273914
0.373640
0.130547
0.175096
0.327716
0.074286
0.116480
0.209773
0.155075
0.107864
0.172108
0.042617
0.131210
0.201186
0.206406
0.232798
0.148309
0.090335
0.108583
0.137644
0.204071
0.309362
0.291880
0.347055
0.331746
0.340026
0.349649
0.272035
0.160787
0.215638
0.103658
0.118007
0.242772
0.382488
0.133274
0.253455
0.385854
0.137284
0.107710
0.241869
0.329449
0.391266
0.358477
0.295521
0.173205
0.192356
0.182497
0.236148
0.252657
0.163776
0.262350
0.333822
0.102705
0.237768
0.311724
0.063696
0.245252
0.278629
0.213678
0.288972
0.197627
0.243647
0.247105
0.249784
0.193516
0.231611
0.142548
0.091937
0.200634
0.228388
0.171204
0.275835
0.116199
0.192117
0.260818
0.292391
0.179172
0.187402
0.133762
0.234256
0.314694
0.073220
0.307513
0.155732
0.241976
0.233012
0.166196
0.098555
0.105719
0.270465
0.340372
0.308434
0.209808
0.175976
0.330865
0.314423
0.327799
0.300480
0.169045
0.173036
0.202771
0.323682
0.086849
0.261344
0.343340
0.050981
0.216708
0.315640
0.189766
0.220580
0.175172
0.260351
0.313806
0.235880
0.111425
0.147040
0.140959
0.206504
0.243141
0.290295
0.196080
0.313295
0.188610
0.151719
0.290420
0.074813
0.185973
0.153224
0.255133
0.213425
0.096744
0.115995
0.230171
0.323418
0.172314
0.291789
0.149389
0.258346
0.378229
0.117151
0.288651
0.236362
0.306018
0.302849
0.078291
0.091570
0.256565
0.291848
0.226295
0.267057
0.174581
0.240437
0.241183
0.142688
0.233048
0.068000
0.319092
0.296241
0.177714
0.152093
0.318116
0.055485
0.097487
0.145701
0.232956
0.135195
0.444504
0.272742
0.161069
0.117327
0.290706
0.236957
0.219592
0.213220
0.182704
0.129483
0.254053
0.346542
0.155864
0.219012
0.083987
0.079092
0.255159
0.353864
0.075519
0.151502
0.217195
0.360489
0.131480
0.183410
0.136264
0.239814
0.306821
0.073177
0.094773
0.126037
0.245566
0.350932
0.346693
0.326907
0.221035
0.170437
0.372943
0.114996
0.313518
0.313325
0.144041
0.236619
0.180256
0.166924
0.350388
0.348400
0.092679
0.220425
0.220769
0.325764
0.283844
0.331901
0.178472
0.307705
0.344316
0.074224
0.212546
0.232402
0.170431
0.205123
0.208190
0.248043
0.140281
0.240763
0.363255
0.330779
0.106871
0.178885
0.219542
0.326369
0.308307
0.324683
0.364850
0.312875
0.271142
0.286820
0.142600
0.162666
0.348931
0.346218
0.355058
0.334209
0.340058
0.351341
0.357424
0.354349
0.269177
0.325706
0.351050
0.350879
0.171591
0.176750
0.157644
0.223833
0.320244
0.319897
0.345776
0.347158
0.361520
0.318745
0.253752
0.226086
0.206533
0.234838
0.256511
0.154431
0.189156
0.247103
0.161982
0.200527
0.238677
0.336901
0.326129
0.225496
0.209512
0.264022
0.117798
0.205459
0.191185
0.276139
0.144389
0.163366
0.247483
0.247173
0.312535
0.284410
0.205752
0.188273
0.168870
0.199983
0.279626
0.329884
0.142195
0.208229
0.285797
0.321102
0.149001
0.124380
0.203692
0.360604
0.126897
0.310257
0.397974
0.165818
0.136161
0.229695
0.339647
0.101646
0.213420
0.256361
0.279644
0.100063
0.110111
0.104291
0.250863
0.366913
0.370777
0.274766
0.311669
0.153443
0.200046
0.240065
0.093565
0.160050
0.221153
0.354711
0.312139
0.209489
0.263192
0.229066
0.166767
0.193674
0.228492
0.223342
0.318561
0.387511
0.155816
0.188810
0.227855
0.201404
0.320563
0.333589
0.161339
0.153395
0.266571
0.199431
0.125638
0.071254
0.246872
0.362645
0.378280
0.277725
0.117475
0.225258
0.154440
0.376612
0.125898
0.122009
0.258396
0.379978
0.247755
0.337304
0.221468
0.162615
0.275358
0.150231
0.311273
0.068665
0.133802
0.208630
0.268074
0.189476
0.206410
0.186451
0.332058
0.334596
0.322125
0.278670
0.083802
0.160442
0.210818
0.304908
0.142499
0.174013
0.264405
0.304746
0.262315
0.241506
0.088214
0.150564
0.219652
0.253335
0.303310
0.399950
0.409826
0.296099
0.312063
0.340716
0.373749
0.349578
0.093342
0.165224
0.331833
0.062788
0.174115
0.145396
0.276679
0.332771
0.186864
0.236971
0.124419
0.104007
0.206137
0.323631
0.303077
0.325739
0.339563
0.302854
0.113671
0.167403
0.291212
0.062257
0.129879
0.230883
0.229112
0.231143
0.246786
0.111268
0.184455
0.069483
0.155293
0.217481
0.338471
0.313597
0.194405
0.233683
0.345825
0.248159
0.218108
0.212675
0.222371
0.243374
0.243382
0.147411
0.281709
0.379114
0.377488
0.300043
0.076408
0.173236
0.257973
0.041926
0.196355
0.269197
0.357946
0.357653
0.147305
0.173519
0.198184
0.095954
0.268118
0.318967
0.123922
0.153004
0.107305
0.223673
0.221378
0.297036
0.181031
0.231628
0.069364
0.122144
0.259238
0.447181
0.097104
0.127236
0.097192
0.145218
0.288006
0.327469
0.142390
0.170029
0.091956
0.131075
0.226720
0.373293
0.119847
0.200478
0.372141
0.159396
0.155503
0.262461
0.410499
0.066170
0.315976
0.354646
0.143865
0.261463
0.181687
0.172753
0.314366
0.313315
0.122974
0.131757
0.342189
0.250430
0.149694
0.129650
0.332460
0.315931
0.125894
0.170927
0.222871
0.273632
0.126850
0.153300
0.337480
0.334753
0.142078
0.107328
0.195058
0.315375
0.262573
0.359063
0.218441
0.188724
0.289867
0.115008
0.175673
0.222074
0.140728
0.209660
0.283727
0.287770
0.164688
0.215141
0.055325
0.150717
0.168802
0.316886
0.273249
0.338881
0.334867
0.325541
0.222137
0.245241
0.185096
0.334102
0.085139
0.263425
0.380536
0.143274
0.153456
0.283163
0.173362
0.263182
0.286677
0.180358
0.246083
0.097811
0.269444
0.367127
0.246998
0.240958
0.064212
0.126758
0.209698
0.268229
0.289256
0.188910
0.295913
0.236915
0.138200
0.206263
0.051936
0.124928
0.238802
0.375095
0.173580
0.141074
0.211503
0.411230
0.178315
0.222667
0.107652
0.172189
0.283718
0.133684
0.112762
0.213667
0.203667
0.297531
0.178353
0.153479
0.317291
0.296474
0.120535
0.212281
0.250422
0.273700
0.349549
0.350320
0.064471
0.161797
0.332277
0.302695
0.313098
0.314174
0.158457
0.187004
0.299224
0.296340
0.356310
0.314211
0.304514
0.235942
0.193983
0.158839
0.289524
0.214785
0.180580
0.174949
0.353144
0.297435
0.320164
0.373855
0.311236
0.388834
0.337092
0.373106
0.324027
0.322031
0.154981
0.226362
0.168785
0.252622
0.358058
0.362996
0.326114
0.249184
0.315037
0.330379
0.357365
0.348309
0.350934
0.302357
0.340208
0.352948
0.191651
0.175327
0.250117
0.258962
0.300211
0.359244
0.315963
0.372668
0.165073
0.241357
0.322401
0.152497
0.317651
0.274512
0.237556
0.225787
0.120021
0.216093
0.348458
0.257113
0.148743
0.095647
0.192386
0.194250
0.201201
0.246095
0.206947
0.165397
0.207517
0.194692
0.191174
0.130777
0.264682
0.197146
0.243443
0.223655
0.114544
0.161665
0.234071
0.276182
0.304610
0.226578
0.204695
0.134454
0.226885
0.293122
0.269466
0.182382
0.203546
0.223673
0.355224
0.135243
0.363967
0.253518
0.159552
0.139209
0.338900
0.081888
0.126623
0.146114
0.184169
0.349432
0.307198
0.382656
0.186345
0.219264
0.336964
0.196197
0.086107
0.105585
0.280612
0.302978
0.114969
0.112043
0.246730
0.287641
0.157075
0.051725
0.110842
0.195228
0.284481
0.121787
0.154445
0.108336
0.243709
0.327461
0.317748
0.280213
0.320269
0.310372
0.329812
0.284250
0.328910
0.332211
0.339690
0.335938
0.101199
0.338445
0.417125
0.099284
0.067719
0.134605
0.324315
0.355035
0.268073
0.309478
0.136515
0.241794
0.160636
0.150492
0.335776
0.216806
0.203420
0.246566
0.263566
0.315768
0.278088
0.251189
0.317890
0.196617
0.098298
0.117160
0.260551
0.357735
0.140600
0.183323
0.181412
0.215182
0.333604
0.331828
0.269469
0.225099
0.153791
0.214843
0.200329
0.294424
0.170668
0.234112
0.208304
0.114634
0.252855
0.266443
0.233664
0.264414
0.089784
0.241834
0.145573
0.184363
0.248230
0.336383
0.333438
0.455253
0.088478
0.204481
0.375791
0.098759
0.234302
0.299703
0.286440
0.282386
0.100778
0.117979
0.210399
0.286948
0.316684
0.318709
0.348393
0.348417
0.315313
0.315981
0.277213
0.300908
0.151838
0.103715
0.097693
0.198184
0.160181
0.321898
0.237373
0.312899
0.330134
0.304269
0.311399
0.292044
0.340477
0.216148
0.296923
0.091237
0.195148
0.059133
0.147263
0.129027
0.220357
0.370986
0.177258
0.216650
0.383693
0.257658
0.201751
0.184171
0.168917
0.161077
0.164078
0.169480
0.196151
0.199854
0.209519
0.217067
0.235486
0.247100
0.210178
0.167073
0.299343
0.367787
0.138715
0.231637
0.236830
0.237512
0.123988
0.255104
0.318237
0.075888
0.084177
0.165545
0.158472
0.281333
0.174673
0.317929
0.318311
0.272553
0.229343
0.198866
0.172099
0.200676
0.347662
0.160848
0.254164
0.187387
0.201647
0.235575
0.138318
0.110809
0.206697
0.371047
0.360435
0.379256
0.326699
0.333172
0.349528
0.349805
0.249137
0.241474
0.323151
0.141520
0.347564
0.348631
0.234271
0.344119
0.183097
0.268466
0.330012
0.176268
0.347799
0.347687
0.097642
0.129160
0.227050
0.336534
0.206519
0.156677
0.351577
0.065702
0.362566
0.347294
0.118207
0.106355
0.330004
0.356506
0.157248
0.256759
0.083553
0.154783
0.234554
0.360535
0.304106
0.308258
0.267850
0.244176
0.098473
0.123726
0.308650
0.231504
0.123995
0.165050
0.193438
0.242510
0.224969
0.177159
0.134559
0.133026
0.236149
0.372552
0.110299
0.205528
0.402345
0.140434
0.189930
0.159594
0.169030
0.308838
0.132381
0.139558
0.280598
0.339239
0.127116
0.100178
0.144165
0.261185
0.264314
0.351509
0.135926
0.224419
0.366969
0.083704
0.102886
0.294208
0.369030
0.093582
0.134576
0.154118
0.254528
0.347123
0.202888
0.320523
0.090705
0.122047
0.220064
0.407582
0.131806
0.214463
0.336120
0.169109
0.115814
0.122926
0.278987
0.156966
0.095332
0.186250
0.250568
0.274052
0.312158
0.282148
0.151056
0.229716
0.288707
0.305248
0.292832
0.328236
0.184347
0.173458
0.304596
0.308857
0.116587
0.254999
0.316625
0.077669
0.234856
0.238040
0.214079
0.218217
0.177246
0.124167
0.196919
0.353888
0.321830
0.340137
0.352283
0.337363
0.357504
0.358114
0.380230
0.349749
0.348596
0.348594
0.076439
0.154511
0.270193
0.389993
0.351165
0.351201
0.204670
0.122512
0.233691
0.211628
0.338697
0.380911
0.283222
0.255484
0.189201
0.140724
0.079750
0.115990
0.268216
0.330605
0.271412
0.280461
0.145909
0.197360
0.175747
0.179626
0.296255
0.160232
0.247609
0.256721
0.221987
0.266067
0.382184
0.325361
0.145741
0.190134
0.229745
0.284024
0.181319
0.249562
0.222771
0.275884
0.268301
0.136230
0.191559
0.164106
0.248583
0.085941
0.151532
0.205984
0.170101
0.296173
0.188564
0.192755
0.262481
0.215608
0.148032
0.128706
0.162715
0.299290
0.117368
0.221140
0.329463
0.084863
0.126203
0.140177
0.397406
0.354666
0.228722
0.316619
0.329600
0.363445
0.172196
0.189556
0.244095
0.236104
0.171630
0.222072
0.254952
0.363116
0.154372
0.166465
0.338387
0.335572
0.379218
0.280492
0.198623
0.182543
0.280972
0.275791
0.231265
0.126201
0.242312
0.237772
0.080435
0.231565
0.339390
0.066482
0.294820
0.378429
0.130910
0.090319
0.164853
0.280504
0.318513
0.318535
0.310847
0.351564
0.339556
0.364146
0.186627
0.173294
0.373716
0.080871
0.099359
0.151585
0.294261
0.381488
0.074678
0.101881
0.195568
0.295365
0.123095
0.194433
0.280696
0.198352
0.158357
0.247829
0.331341
0.126400
0.331735
0.262343
0.213123
0.258537
0.192549
0.279615
0.289220
0.278871
0.172294
0.164018
0.089059
0.193712
0.172287
0.355632
0.136216
0.155621
0.161204
0.167209
0.327941
0.314864
0.212764
0.231443
0.105586
0.141514
0.243703
0.290699
0.226463
0.148608
0.249722
0.267393
0.309573
0.306230
0.226001
0.248270
0.437299
0.306180
0.181857
0.118399
0.365843
0.048545
0.070181
0.080949
0.261908
0.364457
0.292634
0.183959
0.112083
0.097713
0.268773
0.346040
0.343405
0.322142
0.314318
0.314990
0.353493
0.365597
0.125231
0.210764
0.301093
0.082581
0.073793
0.078634
0.183318
0.302897
0.391888
0.377442
0.368350
0.334008
0.331361
0.327669
0.327050
0.339647
0.227380
0.194404
0.351468
0.270988
0.282988
0.282878
0.279733
0.222133
0.300678
0.215997
0.324627
0.246001
0.170615
0.228989
0.290162
0.098504
0.132810
0.208731
0.224984
0.225464
0.199653
0.217011
0.194359
0.208641
0.186635
0.352468
0.174895
0.163142
0.263763
0.081237
0.308842
0.295099
0.195173
0.177107
0.090650
0.144403
0.157484
0.244479
0.171526
0.243637
0.275015
0.250243
0.213380
0.189060
0.108095
0.176663
0.249409
0.267986
0.203039
0.090961
0.345189
0.347997
0.269586
0.248846
0.168980
0.181464
0.350826
0.350838
0.315955
0.312595
0.206772
0.212532
0.347948
0.349645
0.159292
0.281789
0.232635
0.184678
0.348543
0.349872
0.129317
0.117106
0.193138
0.322038
0.160236
0.142996
0.349049
0.348589
0.112532
0.157116
0.204157
0.282363
0.139662
0.091159
0.322795
0.314372
0.201844
0.167035
0.144706
0.324071
0.107184
0.157054
0.235968
0.292262
0.282995
0.342240
0.161757
0.173604
0.214098
0.376268
0.144613
0.249227
0.357786
0.146110
0.261294
0.280640
0.150438
0.135980
0.227758
0.148291
0.175965
0.314490
0.141270
0.139016
0.331813
0.318091
0.362597
0.314782
0.179530
0.191859
0.159709
0.121639
0.209960
0.339596
0.158486
0.074828
0.163861
0.287727
0.103743
0.276991
0.355410
0.102031
0.130196
0.283503
0.373580
0.127258
0.088122
0.213708
0.226556
0.329545
0.046551
0.095445
0.288269
0.370135
0.187121
0.207799
0.192257
0.263865
0.142979
0.095182
0.253586
0.331847
0.260483
0.269485
0.300206
0.296221
0.193663
0.152476
0.306547
0.276734
0.182847
0.212278
0.303753
0.342450
0.129392
0.217055
0.185534
0.348430
0.256272
0.248121
0.115133
0.200546
0.312451
0.343524
0.343461
0.308619
0.321374
0.319860
0.360706
0.362671
0.314867
0.314572
0.351042
0.351071
0.403739
0.327569
0.353589
0.353589
0.352147
0.393690
0.407874
0.331094
0.299933
0.330614
0.177511
0.132332
0.253271
0.284959
0.117326
0.302267
0.317088
0.055419
0.294085
0.333105
0.340321
0.305657
0.139789
0.247090
0.352288
0.324322
0.132661
0.257794
0.138634
0.296452
0.307251
0.091464
0.077610
0.156643
0.248976
0.349623
0.058938
0.252190
0.140521
0.179882
0.330206
0.290948
0.186048
0.102115
0.109737
0.212710
0.326715
0.133168
0.212493
0.159133
0.220580
0.370493
0.100635
0.193985
0.188594
0.302138
0.185934
0.301753
0.326291
0.339703
0.166277
0.132865
0.234337
0.371588
0.115627
0.184637
0.332558
0.112698
0.238602
0.257036
0.172253
0.154495
0.157579
0.270007
0.173992
0.204814
0.356758
0.166489
0.346031
0.292305
0.149333
0.142661
0.270875
0.259937
0.181858
0.138194
0.257612
0.316883
0.159265
0.228063
0.328028
0.117954
0.371364
0.410196
0.335763
0.286291
0.117454
0.225070
0.366973
0.059705
0.387605
0.304759
0.164423
0.120007
0.118202
0.449857
0.366384
0.372540
0.092733
0.256356
0.365090
0.052435
0.243857
0.157246
0.234546
0.204468
0.167527
0.259267
0.172513
0.351443
0.322214
0.386008
0.208880
0.207232
0.150902
0.206623
0.104055
0.126435
0.260229
0.304330
0.365460
0.309323
0.177649
0.244994
0.335147
0.092674
0.225736
0.236581
0.173690
0.227298
0.182190
0.166407
0.348260
0.326385
0.214250
0.155653
0.273469
0.294611
0.218330
0.253851
0.074549
0.110596
0.259532
0.381859
0.325370
0.198999
0.232507
0.222316
0.327736
0.344463
0.331976
0.303305
0.098089
0.205563
0.357091
0.140160
0.056478
0.101087
0.123447
0.376822
0.140053
0.260451
0.360703
0.140098
0.160917
0.152780
0.197036
0.334366
0.295922
0.314906
0.097517
0.227314
0.327616
0.171779
0.162934
0.148235
0.286035
0.315255
0.352222
0.351926
0.347886
0.347323
0.348342
0.399532
0.101832
0.250282
0.360598
0.081999
0.300573
0.322921
0.271936
0.256942
0.099660
0.114023
0.195461
0.312828
0.236992
0.274342
0.329563
0.292081
0.278146
0.268159
0.332617
0.202228
0.302790
0.308738
0.172894
0.184010
0.159864
0.202675
0.266248
0.186334
0.322954
0.350202
0.152488
0.242673
0.369289
0.173593
0.250949
0.268031
0.193485
0.206952
0.158760
0.136959
0.228755
0.400811
0.151280
0.246383
0.364982
0.122913
0.345853
0.334373
0.252885
0.244347
0.332988
0.333735
0.191715
0.198422
0.350088
0.350513
0.158517
0.113379
0.212876
0.295789
0.229145
0.231837
0.348884
0.348891
0.212042
0.236777
0.259401
0.301777
0.352174
0.353128
0.206157
0.299014
0.291214
0.263170
0.349392
0.350085
0.210364
0.237868
0.264164
0.254878
0.325747
0.351481
0.288897
0.274720
0.209384
0.177579
0.078730
0.125061
0.255597
0.323737
0.378354
0.349454
0.212140
0.214825
0.177646
0.263653
0.334023
0.160128
0.289507
0.242332
0.210210
0.157790
0.219428
0.236900
0.165467
0.308325
0.317434
0.323751
0.097036
0.211354
0.315087
0.082252
0.223461
0.150624
0.178151
0.396902
0.156342
0.077637
0.112146
0.177100
0.240036
0.341811
0.257548
0.285810
0.119437
0.140352
0.217789
0.316063
0.174233
0.104400
0.151075
0.232360
0.229190
0.299000
0.306666
0.151692
0.221758
0.222687
0.122219
0.217487
0.326636
0.157649
0.316891
0.296893
0.191490
0.173363
0.057036
0.232300
0.121922
0.266110
0.175111
0.318711
0.204346
0.197664
0.362515
0.096756
0.259322
0.285608
0.135556
0.289232
0.276522
0.348957
0.112622
0.258587
0.330502
0.057628
0.301759
0.299935
0.181098
0.155197
0.130319
0.321186
0.335021
0.334176
0.370677
0.357446
0.292104
0.351491
0.359577
0.360162
0.135484
0.225388
0.322397
0.091776
0.325712
0.325777
0.181872
0.211211
0.166921
0.259479
0.338033
0.298800
0.209853
0.175172
0.250056
0.296712
0.235029
0.185987
0.232405
0.167988
0.161409
0.264488
0.161220
0.321408
0.294499
0.346226
0.123875
0.216766
0.306904
0.151690
0.378411
0.333365
0.171301
0.150045
0.277736
0.241014
0.122711
0.109655
0.358241
0.397518
0.225190
0.177289
0.191479
0.333553
0.183193
0.212912
0.167961
0.255539
0.283306
0.339871
0.192269
0.295376
0.355882
0.295846
0.290644
0.262409
0.088976
0.228727
0.202090
0.368746
0.211396
0.227428
0.231299
0.114522
0.225554
0.194237
0.098150
0.091547
0.153007
0.331059
0.132690
0.247497
0.349651
0.172370
0.167063
0.276445
0.342805
0.081530
0.211968
0.182446
0.168383
0.299087
0.293842
0.195474
0.099522
0.090025
0.278942
0.353210
0.283524
0.321489
0.384628
0.337519
0.310009
0.285786
0.332221
0.318652
0.113787
0.215286
0.183132
0.358128
0.103123
0.213914
0.305474
0.093489
0.252947
0.202441
0.254465
0.161255
0.051967
0.124644
0.223825
0.382914
0.149062
0.271308
0.357033
0.097984
0.256156
0.286081
0.259193
0.311136
0.049702
0.127075
0.280574
0.357383
0.120010
0.215242
0.336668
0.103166
0.135594
0.118773
0.380320
0.211042
0.133216
0.160716
0.179172
0.373251
0.122387
0.107611
0.258255
0.359221
0.080820
0.235183
0.362985
0.099673
0.079441
0.116761
0.190640
0.384776
0.136537
0.154051
0.359330
0.064989
0.097799
0.108639
0.254980
0.353883
0.120095
0.140076
0.059572
0.129409
0.149377
0.374458
0.116172
0.212743
0.338556
0.150591
0.071972
0.183745
0.152975
0.319023
0.367484
0.363019
0.318799
0.313843
0.338160
0.316184
0.105190
0.279569
0.354772
0.240253
0.315107
0.234907
0.163876
0.372564
0.087277
0.262289
0.348923
0.206373
0.079505
0.178015
0.127162
0.114733
0.159267
0.205758
0.341165
0.306173
0.316904
0.315624
0.347554
0.347550
0.371469
0.378610
0.299736
0.241466
0.305199
0.333363
0.282215
0.252378
0.134106
0.161636
0.326006
0.348308
0.200793
0.229692
0.302079
0.298304
0.191332
0.209293
0.147130
0.194879
0.291052
0.124775
0.197333
0.064940
0.182956
0.220266
0.216517
0.251797
0.095585
0.181245
0.231139
0.220208
0.280005
0.259033
0.121876
0.116471
0.334948
0.290837
0.112091
0.256666
0.179161
0.189012
0.355922
0.358062
0.075232
0.132298
0.249304
0.304699
0.127430
0.066807
0.351979
0.353698
0.203840
0.136456
0.265061
0.281241
0.174236
0.213027
0.353255
0.352605
0.273540
0.272901
0.261400
0.267552
0.312525
0.313990
0.235621
0.258816
0.228071
0.240378
0.381367
0.293386
0.280080
0.273686
0.222342
0.212195
0.218495
0.163042
0.260293
0.232124
0.320310
0.316333
0.225557
0.220111
0.280309
0.160695
0.219368
0.207540
0.250787
0.231805
0.330490
0.353927
0.303522
0.274937
0.303473
0.229596
0.241517
0.298966
0.172450
0.235049
0.152715
0.182405
0.301066
0.301809
0.216186
0.224300
0.165095
0.178976
0.234692
0.404927
0.250977
0.256942
0.277775
0.226375
0.171176
0.238303
0.374808
0.141007
0.200989
0.288493
0.294725
0.072666
0.256035
0.315053
0.124297
0.217282
0.305630
0.138991
0.090496
0.056642
0.086958
0.100552
0.217574
0.283858
0.100118
0.133818
0.313973
0.268092
0.071148
0.060255
0.213710
0.139746
0.230457
0.218092
0.152255
0.206549
0.146670
0.331636
0.198207
0.220671
0.197786
0.240972
0.291740
0.317440
0.170191
0.167237
0.239615
0.205256
0.205902
0.179989
0.365929
0.327723
0.263007
0.230758
0.188673
0.189437
0.348315
0.348509
0.172155
0.185978
0.168951
0.261815
0.336727
0.392706
0.343248
0.320679
0.063735
0.088154
0.217389
0.324846
0.127882
0.287247
0.364329
0.170733
0.126230
0.170961
0.104937
0.133930
0.123087
0.065611
0.162848
0.220946
0.158245
0.310958
0.315702
0.138029
0.170134
0.122650
0.163564
0.267560
0.069295
0.208112
0.160034
0.332192
0.158099
0.224274
0.332192
0.107625
0.214495
0.173091
0.220666
0.198746
0.176093
0.211495
0.261948
0.318598
0.188371
0.214274
0.167600
0.168975
0.398828
0.117565
0.237444
0.309841
0.220277
0.153716
0.103260
0.179493
0.228735
0.363423
0.227337
0.242540
0.159451
0.206174
0.117025
0.123306
0.267330
0.321627
0.124860
0.135995
0.162795
0.254942
0.256329
0.327257
0.147560
0.277976
0.094882
0.237490
0.347669
0.104533
0.068065
0.124492
0.288940
0.355933
0.124050
0.068305
0.048925
0.219117
0.137211
0.364053
0.268028
0.294163
0.234102
0.125996
0.147147
0.346706
0.201449
0.190678
0.310225
0.320320
0.120343
0.289243
0.366357
0.187576
0.314871
0.336859
0.318381
0.348991
0.324065
0.322325
0.149104
0.103718
0.229292
0.347417
0.293385
0.374136
0.092874
0.234673
0.323173
0.069247
0.201504
0.158936
0.282413
0.141077
0.093007
0.188361
0.235056
0.362750
0.053868
0.088602
0.255475
0.319033
0.218309
0.183872
0.290842
0.179890
0.262667
0.189005
0.266908
0.255042
0.092260
0.228348
0.370490
0.154125
0.290728
0.323984
0.084344
0.177816
0.289934
0.361244
0.233764
0.256813
0.152193
0.192758
0.116711
0.131463
0.192388
0.290882
0.133424
0.206516
0.337514
0.334028
0.089273
0.162998
0.232550
0.216194
0.189655
0.366690
0.110341
0.286513
0.355931
0.147539
0.191435
0.244908
0.288685
0.284564
0.055719
0.120771
0.228254
0.173513
0.279537
0.402874
0.098293
0.245503
0.309739
0.133699
0.152297
0.184606
0.310508
0.336587
0.362916
0.359921
0.350110
0.348591
0.314721
0.315409
0.327590
0.408802
0.145794
0.331817
0.438119
0.265086
0.330012
0.156316
0.131198
0.148412
0.265456
0.322582
0.309876
0.379192
0.350846
0.350820
0.342156
0.306006
0.235510
0.259618
0.185598
0.307983
0.093736
0.230238
0.331458
0.063828
0.171564
0.235314
0.099152
0.292005
0.358365
0.122689
0.224016
0.339086
0.252110
0.261152
0.068903
0.166322
0.225892
0.287039
0.096417
0.183986
0.209658
0.332985
0.165133
0.230041
0.131475
0.294603
0.296336
0.145374
0.106578
0.163649
0.281110
0.114586
0.088758
0.216516
0.253274
0.305861
0.341017
0.319652
0.167276
0.239213
0.207599
0.313990
0.340225
0.338063
0.330044
0.343057
0.102331
0.126431
0.282806
0.071682
0.372106
0.342993
0.158869
0.167565
0.252170
0.329818
0.180842
0.293695
0.329476
0.387220
0.305964
0.281731
0.157890
0.249567
0.164043
0.167177
0.224992
0.327677
0.306709
0.272851
0.137806
0.209688
0.118624
0.247599
0.204979
0.206365
0.143582
0.107588
0.315251
0.301392
0.191330
0.282200
0.340966
0.110669
0.206690
0.235070
0.251739
0.257308
0.064675
0.114467
0.240811
0.333485
0.234734
0.222508
0.298328
0.289299
0.192368
0.157417
0.292060
0.172261
0.188962
0.191578
0.301696
0.290923
0.166165
0.191519
0.354756
0.283053
0.254552
0.303830
0.259695
0.263693
0.251446
0.204530
0.189739
0.234315
0.272371
0.182780
0.205679
0.144242
0.377018
0.428027
0.186303
0.249217
0.281179
0.182149
0.071693
0.119265
0.239830
0.387147
0.097852
0.183323
0.267594
0.270139
0.183227
0.100517
0.128383
0.132983
0.239773
0.134829
0.136171
0.112932
0.233482
0.345271
0.126185
0.138493
0.148303
0.329299
0.335238
0.127153
0.272722
0.184564
0.318487
0.318047
0.289958
0.352898
0.344755
0.289467
0.403459
0.357075
0.269011
0.378415
0.430534
0.415222
0.149196
0.251918
0.335487
0.200622
0.035477
0.092096
0.232278
0.424518
0.114325
0.132739
0.260198
0.283202
0.149917
0.060735
0.055039
0.167485
0.227211
0.347997
0.167796
0.121746
0.201079
0.274332
0.347034
0.311648
0.234488
0.170450
0.256049
0.187085
0.291897
0.330036
0.317088
0.291775
0.093745
0.108517
0.168878
0.269380
0.305672
0.369394
0.099085
0.249683
0.364883
0.089451
0.105515
0.307962
0.322579
0.062089
0.231642
0.261288
0.225449
0.313850
0.288097
0.273454
0.133587
0.224817
0.112202
0.147733
0.239075
0.298622
0.218532
0.309960
0.194393
0.208870
0.159135
0.354187
0.186327
0.220424
0.115095
0.309254
0.340118
0.071949
0.303013
0.344620
0.169596
0.193529
0.285086
0.279952
0.309078
0.364883
0.258080
0.238350
0.320398
0.323377
0.365218
0.321541
0.356856
0.354473
0.191890
0.172149
0.217006
0.280901
0.377463
0.331176
0.347678
0.335778
0.247133
0.218029
0.224187
0.208253
0.238382
0.137445
0.194106
0.225145
0.301396
0.333726
0.049743
0.148594
0.320441
0.320637
0.177995
0.180359
0.265968
0.238617
0.218882
0.135860
0.336935
0.247572
0.352719
0.316541
0.152323
0.224786
0.249419
0.304709
0.121338
0.184887
0.319495
0.240632
0.131511
0.137995
0.118185
0.192563
0.268298
0.106179
0.371332
0.315718
0.125981
0.191219
0.337441
0.345132
0.243349
0.161733
0.185332
0.287320
0.295084
0.247152
0.309902
0.111467
0.262653
0.184735
0.209616
0.289153
0.156397
0.120695
0.247341
0.287125
0.276932
0.234095
0.230456
0.255633
0.348440
0.308701
0.322477
0.320768
0.348351
0.348351
0.350962
0.352780
0.389280
0.362904
0.291026
0.250801
0.138467
0.248555
0.343165
0.291004
0.315013
0.313849
0.114855
0.183960
0.282272
0.146830
0.130008
0.155252
0.253592
0.353708
0.187266
0.257674
0.084221
0.199863
0.176275
0.361014
0.274924
0.351145
0.091752
0.138094
0.299522
0.331975
0.133968
0.102148
0.158692
0.218092
0.194793
0.330506
0.107090
0.239212
0.323382
0.146510
0.318458
0.294104
0.231701
0.312955
0.098203
0.118002
0.268484
0.383556
0.169793
0.224472
0.190628
0.327921
0.230692
0.149903
0.242838
0.227565
0.086785
0.218817
0.343974
0.125906
0.235087
0.240223
0.212481
0.210363
0.084525
0.118376
0.347103
0.308171
0.120663
0.078327
0.252031
0.224096
0.180267
0.134923
0.164899
0.129348
0.243914
0.374736
0.091509
0.184315
0.357032
0.043688
0.132839
0.283236
0.411345
0.061815
0.222390
0.094944
0.339476
0.271672
0.122504
0.070471
0.247278
0.195959
0.224980
0.258858
0.154180
0.130657
0.329017
0.311003
0.117479
0.079892
0.202822
0.177635
0.252863
0.289835
0.147364
0.158561
0.188875
0.363013
0.387186
0.382239
0.285905
0.295197
0.171524
0.230144
0.182836
0.118114
0.212349
0.238096
0.223163
0.242211
0.299685
0.295686
0.290742
0.301629
0.197910
0.291322
0.091535
0.213305
0.333135
0.081309
0.311908
0.318218
0.105989
0.191563
0.260555
0.235496
0.236116
0.264412
0.264776
0.124779
0.219591
0.231199
0.247243
0.257902
0.150868
0.188287
0.244742
0.252274
0.156002
0.116001
0.382281
0.334495
0.143277
0.126970
0.233382
0.322137
0.069546
0.170278
0.118158
0.370502
0.283457
0.167046
0.234254
0.199024
0.079648
0.163345
0.190661
0.052451
0.236684
0.147446
0.333287
0.183300
0.178811
0.144100
0.186116
0.169369
0.054419
0.125383
0.284417
0.294593
0.365890
0.399695
0.329480
0.327055
0.333018
0.409265
0.086038
0.226732
0.372437
0.100318
0.151451
0.184886
0.386527
0.064963
0.151722
0.171122
0.398386
0.084653
0.099622
0.087562
0.215985
0.307788
0.442541
0.384035
0.091656
0.240252
0.321902
0.080366
0.322083
0.403526
0.119607
0.188638
0.192570
0.300887
0.313153
0.313182
0.169412
0.252146
0.333361
0.269941
0.314185
0.313138
0.208091
0.159834
0.305708
0.176141
0.327313
0.300063
0.186689
0.142148
0.218011
0.243523
0.261334
0.234194
0.131221
0.205863
0.137597
0.208725
0.152648
0.322551
0.197294
0.203345
0.308467
0.359819
0.369967
0.355543
0.232130
0.301248
0.327070
0.312440
0.311070
0.373725
0.225980
0.192138
0.339289
0.317196
0.141759
0.083862
0.320932
0.327480
0.161893
0.174068
0.323174
0.304601
0.307836
0.292155
0.234059
0.157349
0.348887
0.358115
0.320970
0.289689
0.349679
0.348654
0.170703
0.180234
0.262825
0.247467
0.328960
0.323213
0.322707
0.290915
0.203705
0.214838
0.189294
0.206438
0.310178
0.280370
0.221979
0.231590
0.342258
0.300900
0.155311
0.088361
0.252407
0.334483
0.192343
0.161345
0.317448
0.297225
0.084426
0.153334
0.284926
0.266402
0.161006
0.312880
0.363181
0.075445
0.213765
0.202584
0.268301
0.256784
0.129036
0.187997
0.209375
0.131770
0.129878
0.326892
0.249096
0.222778
0.173297
0.223511
0.301071
0.093275
0.180227
0.296651
0.333910
0.098899
0.261943
0.272621
0.247572
0.169364
0.166873
0.213357
0.229303
0.194976
0.185188
0.099672
0.181409
0.188739
0.355559
0.349910
0.238289
0.254539
0.147037
0.135787
0.262128
0.371646
0.359768
0.331860
0.321794
0.323897
0.363889
0.363949
0.369462
0.340180
0.259905
0.177028
0.068913
0.171813
0.151365
0.139414
0.186899
0.098615
0.179532
0.141585
0.290371
0.310468
0.135235
0.248537
0.245081
0.270271
0.237028
0.100230
0.249578
0.359254
0.136524
0.236282
0.315438
0.124699
0.216876
0.117832
0.206185
0.368364
0.135150
0.086376
0.142236
0.117255
0.233504
0.298428
0.138760
0.114443
0.115600
0.134214
0.261437
0.366797
0.153657
0.081433
0.125284
0.123105
0.316865
0.294071
0.118881
0.122597
0.315017
0.146997
0.193711
0.163096
0.134050
0.158191
0.282567
0.328970
0.135687
0.133816
0.249730
0.168846
0.340747
0.114303
0.131467
0.155229
0.212595
0.302398
0.357971
0.323894
0.209002
0.272138
0.170665
0.287853
0.239102
0.320478
0.274180
0.336965
0.075964
0.204563
0.353964
0.056120
0.267097
0.275148
0.116042
0.206433
0.148776
0.132423
0.270650
0.323496
0.126355
0.139533
0.272964
0.252517
0.228121
0.182528
0.133224
0.120019
0.232649
0.355029
0.135578
0.206115
0.223683
0.201825
0.279091
0.274120
0.079011
0.089560
0.194607
0.367315
0.133442
0.128119
0.341331
0.348907
0.084313
0.108886
0.285758
0.370433
0.115067
0.106783
0.112460
0.199172
0.146915
0.310279
0.102493
0.187571
0.184606
0.288171
0.206018
0.270435
0.095268
0.211472
0.318093
0.060726
0.283877
0.293874
0.154686
0.225191
0.376724
0.127368
0.357073
0.421825
0.079809
0.122622
0.207034
0.267608
0.302511
0.368712
0.251257
0.211679
0.155282
0.186159
0.248647
0.300555
0.238159
0.240329
0.263784
0.216339
0.335547
0.276544
0.174449
0.218549
0.306160
0.099328
0.346984
0.368538
0.121700
0.131908
0.263520
0.322183
0.097173
0.065973
0.200017
0.361848
0.250552
0.216241
0.230588
0.248287
0.075895
0.144441
0.202837
0.361585
0.272725
0.409488
0.357326
0.335092
0.174124
0.145551
0.306179
0.080023
0.446166
0.351742
0.068553
0.085658
0.174708
0.214060
0.119679
0.230032
0.381642
0.067014
0.134497
0.165837
0.164801
0.218265
0.122136
0.204689
0.143392
0.176413
0.349441
0.409901
0.081802
0.180039
0.228842
0.365470
0.317866
0.325146
0.234552
0.275003
0.142844
0.233487
0.374981
0.290099
0.257144
0.291998
0.253300
0.320150
0.321065
0.411108
0.225306
0.266316
0.188235
0.234995
0.047873
0.113708
0.278039
0.328785
0.344502
0.346279
0.217792
0.131115
0.337271
0.155763
0.154389
0.265419
0.320501
0.069498
0.186918
0.210039
0.346943
0.276963
0.229625
0.226894
0.132546
0.208899
0.144354
0.086621
0.286549
0.374190
0.325151
0.180123
0.186091
0.224358
0.221280
0.237918
0.119127
0.120062
0.223937
0.355486
0.140261
0.132273
0.344935
0.044520
0.145540
0.190984
0.357812
0.120583
0.075775
0.285355
0.203953
0.305507
0.204433
0.216464
0.273235
0.104807
0.316510
0.303656
0.112189
0.153474
0.307744
0.158773
0.357815
0.329011
0.178787
0.196089
0.286949
0.327157
0.306216
0.346215
0.121399
0.155975
0.292185
0.269340
0.205728
0.144370
0.251373
0.206223
0.212001
0.218344
0.288723
0.147557
0.157718
0.310972
0.345956
0.063257
0.226257
0.202124
0.302074
0.223559
0.135547
0.102282
0.287392
0.345782
0.167836
0.127102
0.277209
0.334209
0.284571
0.092515
0.202665
0.189655
0.094855
0.129120
0.230450
0.292591
0.302604
0.279626
0.306622
0.375535
0.076466
0.168679
0.150118
0.306004
0.214610
0.124281
0.245454
0.128707
0.205564
0.206783
0.265319
0.213094
0.298171
0.150999
0.319732
0.214091
0.148062
0.158523
0.245681
0.104628
0.094317
0.110639
0.183609
0.380129
0.380425
0.316885
0.221152
0.139631
0.183184
0.168243
0.322341
0.353305
0.313916
0.344989
0.327865
0.291966
0.090130
0.186949
0.297938
0.131664
0.204246
0.263520
0.242497
0.290962
0.305309
0.143589
0.290525
0.097361
0.225237
0.235554
0.205428
0.264555
0.158664
0.230101
0.234389
0.235349
0.239933
0.244285
0.226610
0.279703
0.236027
0.199811
0.154739
0.204393
0.200225
0.162045
0.198624
0.301822
0.178586
0.112977
0.152534
0.242915
0.210892
0.220611
0.232965
0.153762
0.290355
0.236574
0.232922
0.250220
0.069482
0.121241
0.211208
0.157044
0.240518
0.291712
0.210881
0.185323
0.063772
0.097901
0.248379
0.336474
0.239597
0.161291
0.118213
0.216540
0.210620
0.277057
0.138862
0.157849
0.189271
0.148897
0.146418
0.235755
0.292593
0.120212
0.143643
0.229951
0.227502
0.129098
0.231289
0.069207
0.203882
0.274296
0.357199
0.227932
0.078067
0.156475
0.231701
0.140046
0.327660
0.383745
0.175333
0.162936
0.079357
0.097771
0.225807
0.326722
0.269890
0.284014
0.088022
0.175522
0.166541
0.360921
0.219173
0.309065
0.227608
0.186876
0.301038
0.121046
0.263733
0.288798
0.202331
0.266600
0.293133
0.244741
0.249941
0.146983
0.200250
0.273299
0.324608
0.295258
0.352351
0.360353
0.179676
0.208092
0.300663
0.287233
0.305352
0.326923
0.185058
0.254663
0.133564
0.207841
0.316629
0.096583
0.218359
0.211893
0.117917
0.196794
0.164123
0.169305
0.243656
0.325848
0.335173
0.310036
0.222793
0.167959
0.390409
0.364048
0.198194
0.216165
0.396055
0.369364
0.246599
0.242604
0.060476
0.158608
0.287383
0.378464
0.238834
0.233852
0.280633
0.283779
0.098150
0.104033
0.279983
0.182629
0.269071
0.228444
0.234096
0.197748
0.403042
0.322445
0.291961
0.318344
0.432955
0.394604
0.201232
0.223418
0.219053
0.232818
0.328000
0.400433
0.424730
0.343866
0.317431
0.315248
0.111886
0.213294
0.394771
0.099099
0.352636
0.347516
0.125487
0.182292
0.173762
0.166392
0.372536
0.349631
0.167021
0.129131
0.322204
0.174550
0.252501
0.347614
0.322664
0.266953
0.158391
0.211344
0.192611
0.281939
0.349147
0.327453
0.103432
0.283419
0.352847
0.071103
0.113462
0.217014
0.183886
0.339573
0.127368
0.171917
0.235258
0.314922
0.175771
0.233952
0.130194
0.153988
0.318020
0.236442
0.286813
0.302246
0.217029
0.190448
0.096169
0.130458
0.365979
0.208168
0.350802
0.320948
0.078215
0.150689
0.269816
0.349424
0.292752
0.256691
0.166353
0.136190
0.094375
0.191891
0.177499
0.340509
0.172670
0.236231
0.333525
0.271598
0.117559
0.119723
0.180957
0.371068
0.145520
0.329774
0.381455
0.165990
0.330028
0.386119
0.301121
0.244094
0.180517
0.208758
0.353871
0.114591
0.116956
0.123576
0.163385
0.364711
0.270219
0.324667
0.255119
0.212671
0.135604
0.159179
0.270063
0.129680
0.117905
0.162716
0.179484
0.316803
0.092632
0.246079
0.315357
0.062215
0.110099
0.121158
0.314174
0.340853
0.114154
0.098125
0.212573
0.234055
0.127477
0.206222
0.177303
0.189584
0.100953
0.269563
0.278662
0.108302
0.103041
0.138664
0.254445
0.354827
0.226276
0.272165
0.331123
0.157298
0.167251
0.166035
0.223365
0.221104
0.220048
0.148889
0.249463
0.180207
0.358602
0.233736
0.192200
0.192497
0.323376
0.215252
0.054088
0.162037
0.305105
0.332866
0.121306
0.080459
0.227298
0.184095
0.339246
0.348008
0.279985
0.142646
0.204987
0.303557
0.147302
0.291373
0.257243
0.167987
0.252534
0.181408
0.081675
0.194840
0.232249
0.377861
0.123395
0.255904
0.214213
0.114537
0.153189
0.106552
0.215169
0.274035
0.126189
0.243778
0.174893
0.228613
0.211057
0.223202
0.199778
0.246659
0.284835
0.276694
0.286761
0.173129
0.226154
0.354585
0.341221
0.289387
0.086574
0.107272
0.281279
0.056082
0.126160
0.194693
0.175704
0.139322
0.160174
0.069229
0.140792
0.248967
0.225649
0.218878
0.228143
0.150034
0.208560
0.078326
0.163361
0.190827
0.249109
0.317951
0.317944
0.359281
0.339515
0.330638
0.354254
0.256169
0.149405
0.221768
0.270564
0.259250
0.353742
0.297243
0.321779
0.322122
0.319142
0.321633
0.338590
0.416786
0.153157
0.317817
0.441050
0.259254
0.286678
0.142136
0.248996
0.274222
0.400869
0.337372
0.318021
0.317676
0.325700
0.304771
0.084388
0.259516
0.347090
0.226704
0.336712
0.160803
0.296060
0.377590
0.159914
0.212187
0.340141
0.138971
0.085028
0.135307
0.236685
0.300218
0.297670
0.326148
0.305800
0.266609
0.125536
0.116674
0.301784
0.059437
0.187893
0.119250
0.291628
0.321845
0.214965
0.279460
0.173815
0.232843
0.182060
0.244721
0.303155
0.285877
0.209331
0.205957
0.184194
0.176079
0.185394
0.077397
0.208203
0.158936
0.249031
0.299881
0.184109
0.215530
0.301435
0.227204
0.187266
0.182754
0.303825
0.355158
0.260862
0.212583
0.102373
0.166309
0.164411
0.344947
0.107546
0.195087
0.319098
0.069028
0.294340
0.318277
0.183152
0.132929
0.257873
0.291813
0.127058
0.118443
0.303836
0.295364
0.139541
0.138160
0.128847
0.198666
0.215332
0.331270
0.238355
0.343631
0.357002
0.352612
0.236639
0.237740
0.218668
0.331812
0.326018
0.336344
0.300051
0.300578
0.151638
0.199766
0.202911
0.206788
0.212046
0.215036
0.207045
0.285592
0.358771
0.419793
0.103988
0.194491
0.318297
0.119537
0.325991
0.316888
0.078714
0.167978
0.157367
0.305474
0.349636
0.353764
0.281656
0.258734
0.380334
0.349268
0.223262
0.192941
0.309541
0.289326
0.055390
0.119247
0.274274
0.375112
0.216156
0.180374
0.308571
0.258912
0.233620
0.108735
0.215535
0.161296
0.311327
0.320971
0.136377
0.271047
0.382309
0.060994
0.222662
0.162424
0.269307
0.215935
0.349880
0.389153
0.352054
0.336328
0.348305
0.349360
0.379993
0.366324
0.347599
0.347931
0.383386
0.374907
0.347665
0.347587
0.304112
0.315053
0.325918
0.335050
0.324176
0.302579
0.247192
0.237923
0.172418
0.168000
0.158726
0.122626
0.230922
0.399352
0.335755
0.292518
0.115596
0.256524
0.310605
0.082945
0.202630
0.234295
0.321685
0.303877
0.124078
0.157997
0.402655
0.265941
0.300617
0.333321
0.270347
0.208695
0.086675
0.148592
0.338535
0.407769
0.301261
0.280288
0.138122
0.143817
0.247603
0.204931
0.236538
0.114928
0.236605
0.204796
0.077689
0.139051
0.179013
0.284907
0.261772
0.157376
0.115915
0.257308
0.342290
0.131884
0.303536
0.247547
0.120523
0.263458
0.349866
0.183789
0.288981
0.200748
0.181195
0.182082
0.325399
0.334562
0.215416
0.203226
0.188881
0.321156
0.374775
0.096284
0.197696
0.238740
0.223178
0.249355
0.056034
0.083202
0.265218
0.382609
0.307903
0.317630
0.080788
0.191470
0.164509
0.322363
0.272363
0.278499
0.180286
0.219950
0.347560
0.309680
0.123524
0.169947
0.218930
0.292404
0.206023
0.282706
0.126692
0.238746
0.331691
0.124378
0.189330
0.213713
0.358504
0.178517
0.126790
0.088535
0.139349
0.159401
0.343929
0.266692
0.152857
0.087064
0.138682
0.239028
0.257096
0.277375
0.175165
0.107126
0.206362
0.142340
0.277814
0.351072
0.172274
0.210635
0.259281
0.340022
0.143763
0.180406
0.263996
0.136906
0.245048
0.181567
0.060241
0.136587
0.231346
0.353300
0.198965
0.236977
0.342576
0.105110
0.255552
0.206429
0.336174
0.178616
0.171609
0.122892
0.232149
0.335774
0.223047
0.141957
0.109561
0.151550
0.168868
0.337014
0.148541
0.201165
0.339723
0.212210
0.209763
0.210873
0.188254
0.191968
0.222149
0.264722
0.334329
0.204922
0.401388
0.301524
0.107345
0.172014
0.142147
0.247506
0.183991
0.299990
0.262060
0.269835
0.306129
0.190319
0.279747
0.060497
0.114528
0.153248
0.124416
0.052747
0.203072
0.128950
0.280166
0.329176
0.292051
0.275756
0.088579
0.092874
0.279677
0.050607
0.128020
0.115218
0.240177
0.303501
0.335306
0.344509
0.159915
0.258157
0.330827
0.259889
0.268242
0.163924
0.277324
0.354006
0.351920
0.352353
0.331151
0.320970
0.321515
0.296548
0.094041
0.293111
0.338902
0.210907
0.267780
0.105001
0.110311
0.178588
0.211583
0.333643
0.104843
0.201295
0.357926
0.061241
0.062847
0.158188
0.194121
0.242421
0.203534
0.208856
0.258703
0.219147
0.283165
0.313715
0.314786
0.319758
0.108714
0.280850
0.390513
0.219788
0.167870
0.344205
0.116934
0.296680
0.327855
0.132808
0.296009
0.069205
0.100145
0.284245
0.365121
0.090424
0.123105
0.145700
0.170299
0.085521
0.059436
0.121961
0.250519
0.256575
0.252503
0.192596
0.249808
0.243741
0.132183
0.180754
0.253854
0.285851
0.165370
0.227025
0.141681
0.178669
0.198749
0.330459
0.107172
0.256277
0.311807
0.118590
0.352893
0.324072
0.112763
0.105719
0.274500
0.342363
0.132050
0.147005
0.340948
0.381038
0.088006
0.109935
0.261902
0.297362
0.126198
0.075227
0.119943
0.167511
0.208870
0.268829
0.133825
0.177089
0.243037
0.364681
0.382596
0.358831
0.231025
0.201150
0.339104
0.248797
0.136354
0.188732
0.301319
0.333664
0.353672
0.345274
0.279796
0.279416
0.318463
0.325757
0.189057
0.183711
0.312014
0.310108
0.436473
0.348702
0.167464
0.168604
0.311139
0.312673
0.282184
0.449821
0.350090
0.346641
0.181745
0.217650
0.098488
0.185257
0.141265
0.125762
0.196214
0.244768
0.341879
0.278377
0.336266
0.292008
0.332988
0.332383
0.356576
0.348025
0.335024
0.333022
0.347516
0.351338
0.318303
0.335144
0.325089
0.370452
0.312889
0.291059
0.112777
0.139269
0.237959
0.364142
0.222501
0.140879
0.259799
0.189765
0.155974
0.218869
0.319770
0.141037
0.197032
0.266966
0.336248
0.084510
0.346326
0.300795
0.158120
0.125007
0.316638
0.339421
0.208546
0.136474
0.202700
0.235349
0.150022
0.297093
0.301112
0.245503
0.213888
0.189916
0.299751
0.085382
0.098011
0.248461
0.191247
0.304521
0.182332
0.179708
0.152260
0.241125
0.171973
0.286610
0.078888
0.189152
0.165987
0.355255
0.253493
0.168484
0.064698
0.128862
0.266252
0.395511
0.121263
0.159563
0.111731
0.144708
0.193403
0.420218
0.110346
0.173862
0.322317
0.077153
0.121140
0.112590
0.309944
0.288297
0.142803
0.118915
0.300217
0.270889
0.296271
0.180549
0.273183
0.242381
0.172185
0.164375
0.313233
0.325444
0.193351
0.145908
0.145029
0.156123
0.150631
0.318864
0.175549
0.079895
0.196883
0.196581
0.243117
0.244554
0.331488
0.165308
0.199921
0.229147
0.315992
0.317491
0.248767
0.314501
0.217149
0.221072
0.249166
0.248175
0.231919
0.230825
0.209390
0.238940
0.247887
0.268600
0.238886
0.299848
0.297484
0.272991
0.125513
0.135144
0.254950
0.335140
0.123264
0.116201
0.298538
0.202824
0.240848
0.283760
0.153916
0.090459
0.215351
0.175044
0.178678
0.326135
0.244899
0.199906
0.208657
0.201569
0.125788
0.163129
0.321192
0.113550
0.244580
0.212076
0.227005
0.251018
0.087140
0.114145
0.293799
0.378017
0.047725
0.223213
0.137415
0.329793
0.202768
0.266997
0.279811
0.164510
0.170800
0.191718
0.326006
0.092459
0.146428
0.204306
0.088420
0.233055
0.260645
0.184246
0.109836
0.114761
0.260460
0.398977
0.388684
0.286534
0.287893
0.295662
0.331374
0.347209
0.351481
0.366661
0.250577
0.189033
0.177624
0.178239
0.248950
0.145083
0.181659
0.238498
0.343800
0.365604
0.166983
0.127815
0.348614
0.182943
0.198509
0.099418
0.173517
0.349342
0.309436
0.332504
0.321800
0.306325
0.135865
0.231319
0.304180
0.104089
0.104273
0.100740
0.265462
0.352317
0.176100
0.237518
0.146384
0.158833
0.215024
0.284051
0.125614
0.278426
0.222034
0.165607
0.253068
0.312883
0.106366
0.278232
0.326265
0.284743
0.254328
0.231401
0.277422
0.134270
0.171334
0.203664
0.154725
0.358776
0.095237
0.212725
0.291742
0.343037
0.266463
0.264398
0.296559
0.301769
0.313904
0.167151
0.217721
0.288767
0.167552
0.293525
0.317968
0.181174
0.291449
0.132938
0.112002
0.218492
0.312430
0.064208
0.099367
0.139852
0.219565
0.230433
0.215899
0.145612
0.239087
0.360414
0.159480
0.221248
0.419611
0.350132
0.089727
0.187104
0.231603
0.367753
0.140622
0.204580
0.052506
0.138207
0.277431
0.416255
0.145876
0.176763
0.240579
0.307722
0.324277
0.338409
0.346162
0.250834
0.135419
0.184768
0.199102
0.101210
0.232607
0.185010
0.197396
0.259886
0.342258
0.383371
0.346338
0.305596
0.222852
0.254816
0.176926
0.188899
0.287449
0.103900
0.192733
0.223574
0.339492
0.349620
0.092857
0.221658
0.331949
0.100627
0.182940
0.196627
0.212786
0.309533
0.163574
0.183685
0.391635
0.092390
0.378439
0.361540
0.084987
0.151196
0.282704
0.386262
0.138484
0.100284
0.360158
0.188490
0.190202
0.122053
0.248437
0.231447
0.148505
0.123718
0.258170
0.264764
0.231043
0.233067
0.211770
0.213839
0.200461
0.147961
0.275426
0.244290
0.246905
0.233876
0.208680
0.196653
0.208653
0.208616
0.227282
0.230793
0.242361
0.244145
0.200674
0.166261
0.217409
0.219595
0.248928
0.169569
0.168965
0.214521
0.176818
0.263155
0.120600
0.242680
0.363842
0.120042
0.081475
0.164276
0.318526
0.338645
0.336641
0.345154
0.263194
0.111783
0.197454
0.163938
0.114739
0.097461
0.278720
0.315101
0.329098
0.272781
0.195252
0.196035
0.325369
0.101157
0.121738
0.264562
0.307506
0.058626
0.145366
0.124342
0.214840
0.322301
0.321151
0.169346
0.183066
0.151557
0.267532
0.248998
0.216454
0.227947
0.306387
0.200482
0.228827
0.148520
0.231716
0.259966
0.114402
0.226232
0.237153
0.272412
0.141700
0.195433
0.201305
0.172638
0.227978
0.240858
0.113574
0.182224
0.248612
0.275752
0.129347
0.127154
0.298031
0.323627
0.289560
0.262895
0.190156
0.248886
0.231836
0.297494
0.148375
0.181822
0.204544
0.143728
0.258505
0.321894
0.272183
0.164875
0.231338
0.211088
0.207609
0.114733
0.321193
0.260175
0.226598
0.247878
0.305139
0.103342
0.328236
0.335011
0.295088
0.333647
0.283098
0.243498
0.219895
0.251606
0.233937
0.233899
0.222574
0.298564
0.093456
0.240543
0.327724
0.105117
0.143575
0.092534
0.260063
0.324083
0.271111
0.134180
0.133434
0.227183
0.222200
0.300813
0.184500
0.187468
0.337442
0.314685
0.201915
0.140972
0.291240
0.049690
0.237378
0.290001
0.179883
0.224729
0.218154
0.253388
0.204944
0.244420
0.135411
0.202421
0.207647
0.358649
0.215466
0.253399
0.264963
0.294329
0.107947
0.137608
0.313313
0.147639
0.196585
0.232740
0.283495
0.285932
0.069269
0.122322
0.247099
0.355538
0.128279
0.189030
0.393297
0.137479
0.101936
0.187785
0.194646
0.311246
0.253775
0.313400
0.169683
0.180244
0.159990
0.377812
0.343654
0.312497
0.321448
0.313385
0.356329
0.327903
0.123419
0.207469
0.313074
0.110717
0.119896
0.229942
0.211469
0.126763
0.262610
0.324594
0.395020
0.363576
0.197813
0.321143
0.371031
0.245871
0.299924
0.131118
0.241953
0.099948
0.116079
0.165131
0.251975
0.285732
0.137318
0.257135
0.164377
0.081281
0.083236
0.146214
0.191105
0.223539
0.198847
0.168415
0.268622
0.366958
0.153415
0.223678
0.135673
0.241321
0.321666
0.149678
0.090734
0.159712
0.151997
0.291937
0.175690
0.177656
0.305475
0.199780
0.200395
0.169249
0.193829
0.147021
0.150760
0.075230
0.142082
0.104398
0.239926
0.373018
0.131217
0.255240
0.309976
0.262066
0.196352
0.310741
0.303570
0.281195
0.093645
0.245895
0.319268
0.314634
0.263844
0.216536
0.316744
0.191731
0.256008
0.172904
0.217456
0.204366
0.080136
0.192536
0.251535
0.264959
0.280536
0.265274
0.264010
0.247214
0.234011
0.200411
0.217783
0.224245
0.193737
0.208019
0.162944
0.242181
0.427734
0.078686
0.175927
0.210209
0.264988
0.227868
0.185490
0.097620
0.276707
0.315952
0.153025
0.234935
0.304737
0.112394
0.207874
0.065022
0.328655
0.344959
0.102888
0.079367
0.077038
0.178184
0.235168
0.150235
0.287511
0.392645
0.382375
0.326439
0.118687
0.176102
0.292236
0.131102
0.066271
0.077559
0.253246
0.332654
0.107292
0.189671
0.190985
0.327832
0.190425
0.328150
0.059804
0.156477
0.255343
0.348411
0.118256
0.207368
0.370889
0.168588
0.097301
0.126154
0.247459
0.317670
0.068178
0.116922
0.234014
0.332581
0.313991
0.160301
0.229606
0.198622
0.339735
0.335457
0.263144
0.265268
0.346909
0.120884
0.342385
0.361628
0.314094
0.307407
0.319533
0.315726
0.314501
0.313711
0.318887
0.316492
0.311161
0.324806
0.369326
0.319932
0.089475
0.301987
0.336273
0.079945
0.332720
0.356265
0.189951
0.300052
0.175954
0.319273
0.326473
0.297968
0.078111
0.142676
0.208161
0.328943
0.133783
0.174688
0.188505
0.142559
0.251608
0.240171
0.128286
0.152668
0.239479
0.320757
0.285002
0.163882
0.322666
0.375403
0.211364
0.248911
0.299272
0.327894
0.228816
0.209793
0.239035
0.244388
0.208723
0.206492
0.260347
0.268061
0.253807
0.281161
0.307445
0.314266
0.234747
0.255477
0.239145
0.240263
0.252230
0.211447
0.243574
0.158757
0.246229
0.193717
0.187215
0.183816
0.281243
0.102171
0.121759
0.167536
0.266975
0.280181
0.201062
0.214664
0.169894
0.248369
0.184535
0.158106
0.258246
0.198252
0.111652
0.105747
0.211592
0.200803
0.248799
0.218452
0.155814
0.333405
0.360346
0.057499
0.087841
0.195968
0.195701
0.242883
0.179724
0.140504
0.121993
0.176640
0.263331
0.361068
0.126782
0.117595
0.247587
0.325622
0.144674
0.152967
0.204275
0.234615
0.156121
0.130821
0.083855
0.220181
0.244636
0.307549
0.280568
0.236479
0.279253
0.270923
0.345704
0.094895
0.324705
0.310473
0.308082
0.336029
0.221595
0.149248
0.125172
0.305062
0.339940
0.099259
0.198355
0.212990
0.250018
0.289558
0.238114
0.308978
0.167017
0.318663
0.196204
0.205916
0.294757
0.301916
0.097356
0.116939
0.238260
0.337621
0.129811
0.145451
0.182255
0.184249
0.287589
0.292992
0.131046
0.143168
0.286027
0.412569
0.101563
0.244056
0.381533
0.125464
0.226411
0.269789
0.358630
0.327373
0.060437
0.104653
0.230767
0.345485
0.325908
0.345743
0.312575
0.312710
0.282870
0.316268
0.189682
0.127642
0.161240
0.137436
0.219707
0.118874
0.186960
0.221910
0.270490
0.222525
0.183955
0.237828
0.155881
0.262786
0.231405
0.187717
0.146290
0.268959
0.199069
0.279506
0.239881
0.217780
0.308728
0.203645
0.106655
0.243374
0.237381
0.233333
0.164020
0.290801
0.167185
0.118582
0.119884
0.193673
0.234163
0.266957
0.213136
0.218803
0.200374
0.289059
0.185600
0.158068
0.286889
0.099548
0.327543
0.144748
0.223160
0.169837
0.136378
0.221329
0.241515
0.115490
0.246973
0.348512
0.139126
0.247247
0.323690
0.176539
0.178533
0.322733
0.351938
0.072370
0.065760
0.123396
0.117872
0.343033
0.153851
0.294752
0.319848
0.271173
0.286468
0.229275
0.261253
0.168888
0.209141
0.080836
0.157416
0.108331
0.107170
0.341516
0.062213
0.162755
0.276892
0.224482
0.203345
0.315824
0.336645
0.297459
0.147811
0.162583
0.292210
0.093394
0.085728
0.094425
0.118918
0.236481
0.297126
0.064413
0.099807
0.208594
0.316034
0.254142
0.131484
0.308671
0.161379
0.360853
0.207781
0.152101
0.176004
0.192478
0.272543
0.084590
0.224427
0.335167
0.213782
0.333814
0.331365
0.235037
0.329973
0.152455
0.231801
0.100757
0.103010
0.306309
0.364614
0.071969
0.056200
0.083283
0.083300
0.149937
0.197906
0.242926
0.233319
0.118111
0.257749
0.361745
0.126359
0.127539
0.313447
0.081887
0.234796
0.287543
0.139092
0.195908
0.163810
0.126411
0.153898
0.318869
0.224063
0.201518
0.191032
0.253934
0.197861
0.151097
0.331439
0.176442
0.278274
0.251517
0.270316
0.211058
0.178662
0.206327
0.256812
0.293866
0.078161
0.242973
0.200306
0.194081
0.163136
0.163480
0.171190
0.167664
0.310113
0.310224
0.178915
0.114640
0.240057
0.291003
0.210218
0.175696
0.309143
0.271354
0.185498
0.187734
0.296252
0.298979
0.246518
0.246927
0.256650
0.249900
0.202026
0.196592
0.321824
0.298931
0.223897
0.262445
0.246077
0.249993
0.115950
0.101825
0.259210
0.370714
0.105829
0.135158
0.218209
0.221103
0.247232
0.230023
0.241278
0.270202
0.177638
0.274684
0.183571
0.210133
0.214886
0.158793
0.112016
0.173172
0.226523
0.293122
0.136753
0.177467
0.351078
0.125094
0.219295
0.138864
0.282907
0.305573
0.057833
0.133053
0.291261
0.363293
0.268045
0.299085
0.260958
0.265632
0.215576
0.144618
0.333363
0.205565
0.203558
0.153197
0.227291
0.305540
0.150359
0.157473
0.287454
0.357269
0.288113
0.156360
0.302391
0.186266
0.213128
0.269337
0.081630
0.197389
0.196891
0.264987
0.275968
0.102764
0.220201
0.217247
0.297290
0.349009
0.228575
0.184964
0.095755
0.132866
0.233005
0.348861
0.126279
0.225144
0.335552
0.298217
0.202793
0.222936
0.300842
0.169045
0.301686
0.343906
0.137605
0.206552
0.190745
0.340446
0.125602
0.148919
0.194875
0.334042
0.093617
0.144453
0.180747
0.269206
0.128901
0.163487
0.318706
0.191870
0.193313
0.147336
0.199913
0.236638
0.329705
0.166385
0.201481
0.285284
0.164484
0.196948
0.079240
0.100442
0.272322
0.349808
0.295779
0.173265
0.161464
0.176779
0.211351
0.234081
0.229351
0.175892
0.295023
0.097486
0.108179
0.157748
0.186717
0.325965
0.226229
0.203408
0.272553
0.225876
0.169146
0.238901
0.368392
0.141279
0.226925
0.199576
0.299633
0.306176
0.105731
0.167375
0.280520
0.236685
0.132022
0.064047
0.208717
0.198512
0.329816
0.292814
0.173199
0.113031
0.324084
0.388249
0.295463
0.151823
0.068411
0.087255
0.239566
0.370700
0.346450
0.221752
0.202446
0.176566
0.332317
0.303193
0.325337
0.299323
0.104961
0.188760
0.269310
0.099473
0.138205
0.153530
0.213203
0.119534
0.115917
0.195864
0.200467
0.230059
0.257971
0.244581
0.139856
0.285874
0.265215
0.143600
0.267931
0.312229
0.277705
0.187992
0.288433
0.186827
0.267054
0.127884
0.181158
0.201046
0.301689
0.266588
0.167350
0.119556
0.197504
0.257913
0.270094
0.151242
0.264189
0.330391
0.169913
0.258863
0.332502
0.198487
0.331599
0.164597
0.167075
0.315178
0.157228
0.274753
0.058204
0.129277
0.181701
0.105128
0.199820
0.367659
0.363543
0.301105
0.190971
0.247640
0.364420
0.292680
0.115718
0.248769
0.127633
0.268025
0.316064
0.110935
0.099898
0.075517
0.233975
0.382042
0.085916
0.111184
0.171093
0.316786
0.127940
0.264050
0.338567
0.122881
0.142724
0.281864
0.186908
0.164846
0.300334
0.142079
0.096363
0.189066
0.172001
0.319866
0.089309
0.107114
0.172235
0.297516
0.277486
0.234138
0.317538
0.283994
0.265577
0.272022
0.225037
0.201717
0.148030
0.257808
0.192544
0.273621
0.238797
0.303889
0.312375
0.159810
0.287966
0.062000
0.314153
0.306048
0.118754
0.168001
0.212284
0.224292
0.248773
0.191717
0.204278
0.327052
0.110959
0.140053
0.318662
0.081700
0.095262
0.258429
0.321322
0.087477
0.107401
0.128706
0.236738
0.367610
0.182724
0.326307
0.261408
0.256563
0.180689
0.284219
0.205077
0.212938
0.344801
0.348367
0.091396
0.142604
0.222000
0.328104
0.245051
0.142973
0.187014
0.190061
0.309502
0.309967
0.230503
0.183550
0.314174
0.208998
0.289335
0.077421
0.231492
0.196343
0.308650
0.280322
0.188358
0.223428
0.332081
0.300612
0.222482
0.278481
0.291450
0.244884
0.146687
0.167993
0.289447
0.299466
0.172010
0.115159
0.226753
0.323358
0.071650
0.167564
0.261547
0.266856
0.311296
0.283757
0.388223
0.315754
0.355749
0.334970
0.156434
0.206696
0.328630
0.092694
0.076360
0.138751
0.320057
0.371171
0.080777
0.095090
0.268397
0.358799
0.113317
0.144784
0.296541
0.198318
0.288629
0.184878
0.238436
0.178201
0.296455
0.076049
0.162926
0.114912
0.172142
0.327028
0.132640
0.257088
0.265810
0.200650
0.179866
0.160547
0.103530
0.199656
0.224511
0.357733
0.122353
0.121159
0.313268
0.064526
0.139541
0.150882
0.193972
0.249980
0.162711
0.132433
0.078660
0.126675
0.179556
0.319676
0.148938
0.203243
0.108768
0.152733
0.247947
0.294439
0.182514
0.168241
0.258644
0.102209
0.149276
0.112480
0.297402
0.346764
0.183771
0.239023
0.223504
0.221136
0.173269
0.206442
0.303854
0.187609
0.271551
0.203718
0.195742
0.272056
0.345539
0.136927
0.144748
0.192828
0.232022
0.189154
0.142685
0.084427
0.427193
0.345440
0.133929
0.285245
0.384652
0.152610
0.358798
0.387240
0.114831
0.116369
0.257965
0.356837
0.302765
0.285007
0.255382
0.177580
0.168216
0.179870
0.324125
0.078243
0.374559
0.350737
0.098202
0.121035
0.179587
0.257704
0.134266
0.290607
0.395937
0.065120
0.192014
0.184126
0.327689
0.137873
0.173455
0.110748
0.202323
0.337976
0.223651
0.232305
0.299624
0.237081
0.307453
0.161694
0.177004
0.148363
0.062317
0.117146
0.217537
0.381804
0.282596
0.102273
0.333031
0.247423
0.161314
0.318900
0.341301
0.259627
0.201452
0.185498
0.189864
0.182718
0.145176
0.395412
0.124153
0.280335
0.365962
0.181571
0.079797
0.206530
0.134049
0.211478
0.210575
0.135635
0.152751
0.218376
0.235785
0.099809
0.217700
0.052831
0.133968
0.214901
0.215186
0.222056
0.239755
0.290341
0.107178
0.245737
0.267607
0.264471
0.220833
0.232783
0.250804
0.213988
0.117308
0.257126
0.285083
0.172366
0.259425
0.113904
0.052833
0.212973
0.334942
0.212822
0.116733
0.236784
0.126105
0.070109
0.146222
0.177944
0.274738
0.151351
0.243046
0.318289
0.089788
0.270746
0.338568
0.348104
0.306498
0.284722
0.346900
0.138132
0.226480
0.087268
0.202281
0.096853
0.226968
0.235768
0.101150
0.128966
0.201175
0.220135
0.215232
0.177855
0.175257
0.201466
0.263000
0.190034
0.323796
0.360813
0.266816
0.253724
0.351503
0.260325
0.231635
0.210829
0.123360
0.181641
0.354806
0.400491
0.299725
0.259631
0.248017
0.324579
0.208440
0.226181
0.130907
0.216630
0.151473
0.267958
0.321815
0.241060
0.212342
0.208866
0.244345
0.193545
0.209575
0.124836
0.201599
0.236044
0.258011
0.280561
0.093481
0.192783
0.280354
0.231290
0.321932
0.353566
0.336390
0.301547
0.139439
0.211640
0.337098
0.249680
0.221537
0.192807
0.215384
0.111115
0.124885
0.113701
0.266139
0.339785
0.113182
0.100504
0.166936
0.135101
0.217078
0.361167
0.343369
0.404139
0.373398
0.373471
0.335605
0.301501
0.111730
0.183416
0.299044
0.120699
0.284782
0.271350
0.165236
0.256074
0.109147
0.135170
0.097070
0.330066
0.320207
0.354138
0.357442
0.356876
0.358059
0.334978
0.174083
0.267462
0.230472
0.243782
0.248285
0.186916
0.041481
0.081987
0.150404
0.327942
0.354808
0.350927
0.341851
0.352310
0.274514
0.277796
0.133848
0.146484
0.153123
0.306330
0.187910
0.082788
0.119708
0.105123
0.234258
0.350939
0.353988
0.342608
0.273792
0.231600
0.165900
0.183862
0.306898
0.205872
0.150137
0.132088
0.219623
0.306675
0.263673
0.247371
0.348401
0.297897
0.169204
0.161601
0.270410
0.204461
0.213901
0.079528
0.247523
0.371062
0.264472
0.249440
0.166608
0.187215
0.124027
0.268157
0.299281
0.072978
0.247628
0.270793
0.229050
0.236552
0.188942
0.113924
0.153781
0.376810
0.107253
0.196168
0.214338
0.301114
0.176452
0.182584
0.125283
0.196059
0.355845
0.096431
0.051107
0.184602
0.177978
0.364852
0.301684
0.236911
0.101436
0.124451
0.284664
0.268863
0.239963
0.204910
0.088656
0.079044
0.157578
0.376294
0.146238
0.157664
0.320491
0.113166
0.312806
0.196002
0.222410
0.204627
0.236161
0.121295
0.179435
0.131868
0.288615
0.441874
0.139026
0.208259
0.350243
0.076993
0.158225
0.270767
0.260872
0.244769
0.136716
0.254371
0.247815
0.159512
0.184767
0.151818
0.324206
0.330944
0.124814
0.183578
0.116387
0.246519
0.181092
0.126666
0.254532
0.299664
0.186212
0.131682
0.074582
0.175644
0.196363
0.286938
0.168700
0.174874
0.269397
0.243218
0.157999
0.176013
0.287250
0.208770
0.206737
0.184715
0.123496
0.148174
0.186518
0.367491
0.155648
0.083325
0.131696
0.278353
0.381159
0.101291
0.285005
0.140518
0.175438
0.157837
0.092208
0.184514
0.259168
0.358137
0.143049
0.264757
0.333627
0.061719
0.090265
0.137468
0.193618
0.318059
0.137345
0.195919
0.307456
0.336779
0.170953
0.106557
0.269035
0.382457
0.204996
0.207536
0.089545
0.236004
0.371718
0.125301
0.133537
0.285170
0.332384
0.143351
0.183596
0.159205
0.158689
0.391136
0.164074
0.156341
0.147197
0.312743
0.142662
0.226460
0.322673
0.156229
0.225667
0.153842
0.251765
0.234610
0.120437
0.121526
0.136990
0.184001
0.225603
0.256416
0.157340
0.191378
0.139172
0.070303
0.105864
0.155692
0.140138
0.328679
0.158670
0.181816
0.325817
0.055100
0.128737
0.272333
0.164400
0.182966
0.284015
0.341472
0.316765
0.362355
0.108648
0.228529
0.362765
0.197480
0.201000
0.240006
0.249060
0.192999
0.212494
0.101855
0.098541
0.235057
0.183585
0.157119
0.302385
0.338981
0.352136
0.343903
0.341422
0.330468
0.137709
0.219506
0.363606
0.167870
0.215850
0.064602
0.207948
0.172564
0.298143
0.344396
0.140193
0.185870
0.375104
0.165518
0.188141
0.201228
0.246402
0.187562
0.170931
0.374564
0.348986
0.344304
0.095118
0.242555
0.343263
0.312069
0.264689
0.270841
0.313275
0.101445
0.297782
0.309151
0.335084
0.332152
0.131119
0.114315
0.306303
0.117008
0.320318
0.245577
0.119600
0.247394
0.363761
0.128299
0.082736
0.147803
0.289754
0.328145
0.366474
0.331745
0.232467
0.199886
0.131062
0.070154
0.142511
0.152945
0.186745
0.374907
0.348067
0.330582
0.216266
0.260712
0.259811
0.337941
0.071618
0.219539
0.330483
0.110977
0.228401
0.277602
0.341064
0.259720
0.194304
0.246207
0.345121
0.344318
0.182370
0.194893
0.126498
0.185597
0.108296
0.279194
0.280131
0.094126
0.112456
0.185551
0.213404
0.374312
0.112963
0.195327
0.357017
0.111635
0.099424
0.213637
0.275724
0.320351
0.097873
0.109101
0.242856
0.253298
0.306878
0.304209
0.183744
0.144888
0.156866
0.286567
0.141722
0.202292
0.346343
0.161767
0.203879
0.173050
0.297049
0.281749
0.205279
0.109460
0.063138
0.101112
0.239559
0.377054
0.105722
0.275352
0.420195
0.156186
0.227146
0.151135
0.151335
0.289369
0.242058
0.244881
0.309225
0.408575
0.152449
0.140800
0.391840
0.065525
0.051101
0.171700
0.346416
0.338670
0.128538
0.097854
0.150967
0.174519
0.245517
0.157083
0.282968
0.396073
0.103774
0.166457
0.407402
0.095426
0.171638
0.085596
0.213151
0.261619
0.168050
0.125023
0.277277
0.392278
0.131432
0.177410
0.348335
0.077980
0.207262
0.180633
0.257231
0.257484
0.244599
0.240328
0.349368
0.322483
0.155396
0.180955
0.135587
0.203896
0.173458
0.332129
0.192922
0.229260
0.305840
0.323930
0.190350
0.213754
0.106129
0.246349
0.352478
0.122289
0.256591
0.199386
0.136024
0.292651
0.307244
0.137317
0.153787
0.139781
0.353261
0.224489
0.121397
0.107105
0.076167
0.187136
0.255488
0.158153
0.324521
0.355237
0.125694
0.250775
0.225888
0.239324
0.244454
0.260933
0.242998
0.231086
0.161018
0.115249
0.230582
0.122293
0.156291
0.286829
0.327247
0.190889
0.101663
0.219014
0.154715
0.157502
0.295678
0.304974
0.193086
0.108851
0.178348
0.189426
0.274243
0.268311
0.155836
0.163897
0.186435
0.183020
0.298651
0.331310
0.153926
0.168933
0.296596
0.109825
0.222464
0.150978
0.321658
0.250814
0.133759
0.131649
0.101799
0.120351
0.231515
0.254374
0.121768
0.281686
0.303281
0.118508
0.320804
0.283421
0.158188
0.241920
0.213123
0.327122
0.235650
0.148020
0.156482
0.337339
0.232013
0.173491
0.282758
0.220861
0.206517
0.184577
0.312060
0.129668
0.143229
0.174573
0.226698
0.278487
0.136186
0.147347
0.109941
0.099222
0.249614
0.323888
0.065058
0.169992
0.225980
0.154833
0.297507
0.353044
0.126865
0.202973
0.172289
0.139670
0.287903
0.325779
0.208948
0.112656
0.176654
0.371911
0.344933
0.148014
0.069160
0.112375
0.337869
0.388074
0.099282
0.103583
0.081001
0.209060
0.183715
0.366441
0.291783
0.195388
0.235145
0.343023
0.114121
0.156666
0.340855
0.066237
0.064808
0.128384
0.142704
0.385324
0.120895
0.170154
0.353794
0.081123
0.103838
0.179534
0.175198
0.313214
0.203159
0.159418
0.359764
0.225366
0.160403
0.133618
0.135467
0.152476
0.228862
0.113335
0.237062
0.392696
0.155503
0.166169
0.367753
0.103160
0.155130
0.282897
0.263829
0.100437
0.294111
0.362422
0.328071
0.290730
0.251815
0.238508
0.331265
0.187598
0.332954
0.078856
0.144032
0.207006
0.214704
0.106350
